12:54:06.753 [DEBUG]  [Preparing]   [main]              [com.diffblue.cover.commons.configuration.e] Loading properties from resources
12:54:06.754 [DEBUG]  [Preparing]   [main]              [com.diffblue.cover.commons.configuration.e] Loading properties from installation directory
12:54:06.754 [DEBUG]  [Preparing]   [main]              [com.diffblue.cover.commons.configuration.e] /opt/cover/cover.properties doesn't exist
12:54:06.755 [DEBUG]  [Preparing]   [main]              [com.diffblue.cover.commons.configuration.e] Loading properties from user home directory
12:54:06.755 [DEBUG]  [Preparing]   [main]              [com.diffblue.cover.commons.configuration.e] /home/jbergqvist/.diffblue/cover.properties doesn't exist
12:54:06.755 [DEBUG]  [Preparing]   [main]              [com.diffblue.cover.commons.configuration.e] Loaded properties
12:54:06.755 [DEBUG]  [Preparing]   [main]              [com.diffblue.cover.commons.configuration.e] Property cover.disableEnvironmentCache has not been set, using default value false
12:54:06.775 [DEBUG]  [Preparing]   [main]              [com.diffblue.cover.commons.configuration.e] Property cover.licence.environment has not been set, using default value PRODUCTION
12:54:07.146 [DEBUG]  [Preparing]   [main]              [com.diffblue.cover.commons.configuration.e] Loading properties from resources
12:54:07.146 [DEBUG]  [Preparing]   [main]              [com.diffblue.cover.commons.configuration.e] Loading properties from installation directory
12:54:07.146 [DEBUG]  [Preparing]   [main]              [com.diffblue.cover.commons.configuration.e]  - telemetry.collect.username: false
12:54:07.146 [DEBUG]  [Preparing]   [main]              [com.diffblue.cover.commons.configuration.e]  - telemetry.external.environment: production
12:54:07.146 [DEBUG]  [Preparing]   [main]              [com.diffblue.cover.commons.configuration.e]  - telemetry.collect.username: false
12:54:07.147 [DEBUG]  [Preparing]   [main]              [com.diffblue.cover.commons.configuration.e]  - telemetry.external.environment: production
12:54:07.147 [DEBUG]  [Preparing]   [main]              [com.diffblue.cover.commons.configuration.e] Loading properties from user home directory
12:54:07.147 [DEBUG]  [Preparing]   [main]              [com.diffblue.cover.commons.configuration.e]  - telemetry.external.environment: production
12:54:07.147 [DEBUG]  [Preparing]   [main]              [com.diffblue.cover.commons.configuration.e]  - telemetry.id: f11a2ef0-98f3-4977-8276-e71972899881
12:54:07.147 [DEBUG]  [Preparing]   [main]              [com.diffblue.cover.commons.configuration.e] Loaded properties
12:54:07.147 [DEBUG]  [Preparing]   [main]              [com.diffblue.cover.commons.configuration.e]  - telemetry.collect.username: false
12:54:07.147 [DEBUG]  [Preparing]   [main]              [com.diffblue.cover.commons.configuration.e]  - telemetry.external.environment: production
12:54:07.147 [DEBUG]  [Preparing]   [main]              [com.diffblue.cover.commons.configuration.e]  - telemetry.id: f11a2ef0-98f3-4977-8276-e71972899881
12:54:07.147 [DEBUG]  [Preparing]   [main]              [com.diffblue.cover.commons.configuration.e] Property telemetry.collect.username set in properties file to value false
12:54:07.147 [DEBUG]  [Preparing]   [main]              [com.diffblue.cover.commons.configuration.e] Property telemetry.external.environment set in properties file to value production
12:54:07.147 [DEBUG]  [Preparing]   [main]              [com.diffblue.cover.commons.configuration.e] Property telemetry.id set in properties file to value f11a2ef0-98f3-4977-8276-e71972899881
12:54:07.155 [DEBUG]  [Preparing]   [main]              [com.diffblue.cover.commons.configuration.e] Property telemetry.external.enabled has not been set, using default value true
12:54:07.155 [DEBUG]  [Preparing]   [main]              [com.diffblue.cover.commons.configuration.e] Property telemetry.reports.scheme has not been set, using default value http
12:54:07.155 [DEBUG]  [Preparing]   [main]              [com.diffblue.cover.commons.configuration.e] Property telemetry.reports.hostname has not been set, using default value localhost
12:54:07.155 [DEBUG]  [Preparing]   [main]              [com.diffblue.cover.commons.configuration.e] Property telemetry.reports.port has not been set, using default value 8080
12:54:07.156 [DEBUG]  [Preparing]   [main]              [com.diffblue.cover.commons.configuration.e] Property telemetry.reports.enabled has not been set, using default value false
12:54:07.156 [DEBUG]  [Preparing]   [main]              [com.diffblue.cover.d.a] Checking connectivity of telemetry (mixpanel) to uri: https://api-eu.mixpanel.com
12:54:07.210 [DEBUG]  [Preparing]   [main]              [com.diffblue.cover.d.a] Unable to connect to telemetry (mixpanel) with error: 
java.net.ConnectException: Connection refused (Connection refused)
	at java.base/java.net.PlainSocketImpl.socketConnect(Native Method)
	at java.base/java.net.AbstractPlainSocketImpl.doConnect(AbstractPlainSocketImpl.java:412)
	at java.base/java.net.AbstractPlainSocketImpl.connectToAddress(AbstractPlainSocketImpl.java:255)
	at java.base/java.net.AbstractPlainSocketImpl.connect(AbstractPlainSocketImpl.java:237)
	at java.base/java.net.SocksSocketImpl.connect(SocksSocketImpl.java:392)
	at java.base/java.net.Socket.connect(Socket.java:609)
	at java.base/sun.security.ssl.SSLSocketImpl.connect(SSLSocketImpl.java:305)
	at java.base/sun.net.NetworkClient.doConnect(NetworkClient.java:177)
	at java.base/sun.net.www.http.HttpClient.openServer(HttpClient.java:509)
	at java.base/sun.net.www.http.HttpClient.openServer(HttpClient.java:604)
	at java.base/sun.net.www.protocol.https.HttpsClient.<init>(HttpsClient.java:266)
	at java.base/sun.net.www.protocol.https.HttpsClient.New(HttpsClient.java:373)
	at java.base/sun.net.www.protocol.https.AbstractDelegateHttpsURLConnection.getNewHttpClient(AbstractDelegateHttpsURLConnection.java:207)
	at java.base/sun.net.www.protocol.http.HttpURLConnection.plainConnect0(HttpURLConnection.java:1204)
	at java.base/sun.net.www.protocol.http.HttpURLConnection.plainConnect(HttpURLConnection.java:1098)
	at java.base/sun.net.www.protocol.https.AbstractDelegateHttpsURLConnection.connect(AbstractDelegateHttpsURLConnection.java:193)
	at java.base/sun.net.www.protocol.http.HttpURLConnection.getInputStream0(HttpURLConnection.java:1631)
	at java.base/sun.net.www.protocol.http.HttpURLConnection.getInputStream(HttpURLConnection.java:1559)
	at java.base/java.net.HttpURLConnection.getResponseCode(HttpURLConnection.java:527)
	at java.base/sun.net.www.protocol.https.HttpsURLConnectionImpl.getResponseCode(HttpsURLConnectionImpl.java:334)
	at com.diffblue.cover.d.a.a(SourceFile:150)
	at com.diffblue.cover.analytics.c.b.a(SourceFile:54)
	at com.diffblue.cover.analytics.a.c.d(SourceFile:338)
	at com.diffblue.cover.analytics.b.a.d(SourceFile:56)
	at com.diffblue.cover.analytics.a.h.d(SourceFile:57)
	at java.base/java.util.ArrayList.forEach(ArrayList.java:1541)
	at com.diffblue.cover.analytics.a.m.d(SourceFile:72)
	at com.diffblue.cover.ui.controller.ak.a(SourceFile:190)
	at com.diffblue.cover.ui.Main.main(SourceFile:63)
	at java.base/jdk.internal.reflect.NativeMethodAccessorImpl.invoke0(Native Method)
	at java.base/jdk.internal.reflect.NativeMethodAccessorImpl.invoke(NativeMethodAccessorImpl.java:62)
	at java.base/jdk.internal.reflect.DelegatingMethodAccessorImpl.invoke(DelegatingMethodAccessorImpl.java:43)
	at java.base/java.lang.reflect.Method.invoke(Method.java:566)
	at com.diffblue.cover.launcher.Launcher.invokeMainMethod(Launcher.java:118)
	at com.diffblue.cover.launcher.Launcher.main(Launcher.java:74)
12:54:07.495 [DEBUG]  [Preparing]   [main]              [com.diffblue.cover.ui.controller.ak] Client heap size: 16016 MB
12:54:07.506 [INFO]   [Preparing]   [main]              [com.diffblue.cover.ui.controller.s] Diffblue Cover 2025.12.02-74144f0-licensed
12:54:07.507 [INFO]   [Preparing]   [main]              [com.diffblue.cover.ui.controller.s] Running: dcover create --coverage-reports
12:54:07.507 [INFO]   [Preparing]   [main]              [com.diffblue.cover.ui.controller.am] 
12:54:07.507 [INFO]   [Preparing]   [main]              [com.diffblue.cover.ui.controller.am] Command: create
12:54:07.508 [INFO]   [Preparing]   [main]              [com.diffblue.cover.ui.controller.am] Create tests for the specified package/class/method.
12:54:07.508 [INFO]   [Preparing]   [main]              [com.diffblue.cover.ui.controller.am] 
12:54:07.649 [DEBUG]  [Preparing]   [main]              [com.diffblue.cover.commons.configuration.e] Property cover.extraLogging has not been set, and no default value provided
12:54:07.651 [DEBUG]  [Preparing]   [main]              [com.diffblue.cover.commons.configuration.e] Checking Cover Property extraLogging under alias extra.logging
12:54:07.651 [DEBUG]  [Preparing]   [main]              [com.diffblue.cover.commons.configuration.e] Property extra.logging has not been set, and no default value provided
12:54:09.535 [DEBUG]  [Checking]    [main]              [com.diffblue.cover.r.b.h] initializeManager for Offline
12:54:09.647 [DEBUG]  [Checking]    [main]              [com.diffblue.cover.r.b.d] Checking license edition
12:54:09.698 [DEBUG]  [Checking]    [main]              [com.diffblue.cover.r.b.c] Licence label to match: Enterprise Edition
12:54:09.698 [DEBUG]  [Checking]    [main]              [com.diffblue.cover.r.b.h] checkLicense for Offline
12:54:10.028 [DEBUG]  [Checking]    [main]              [com.diffblue.cover.configuration.b] Using JSON detector cache at /home/jbergqvist/diffblue/Palisade-common/.diffblue/cache/env.json
12:54:10.209 [DEBUG]  [Checking]    [main]              [com.diffblue.cover.configuration.a.g] checking if /home/jbergqvist/diffblue/Palisade-common/DiffblueBuild.yaml exists...
12:54:10.209 [DEBUG]  [Checking]    [main]              [com.diffblue.cover.configuration.a.g] checking if /home/jbergqvist/diffblue/Palisade-common/DiffblueBuild.yml exists...
12:54:10.293 [DEBUG]  [Checking]    [main]              [com.diffblue.cover.configuration.a.e] DetectorCache miss DETECTED_BUILD_SYSTEM_GRADLE
12:54:10.293 [DEBUG]  [Checking]    [main]              [com.diffblue.cover.configuration.cache.a] Writing cache to /home/jbergqvist/diffblue/Palisade-common/.diffblue/cache/env.json containing 12 items
12:54:10.333 [DEBUG]  [Checking]    [main]              [com.diffblue.cover.configuration.a.d] Maven home found: /home/jbergqvist/.sdkman/candidates/maven/current
12:54:10.335 [INFO]   [Checking]    [main]              [com.diffblue.cover.configuration.a.d] Maven Using ${maven.home} of: /home/jbergqvist/.sdkman/candidates/maven/current.
12:54:10.338 [INFO]   [Checking]    [main]              [com.diffblue.cover.configuration.a.d] Maven Executing: /bin/sh -c cd /home/jbergqvist/diffblue/Palisade-common && /home/jbergqvist/.sdkman/candidates/maven/3.9.12/bin/mvn -B -version
12:54:10.561 [INFO]   [Checking]    [main]              [com.diffblue.cover.buildsystem.internal.c.a] Standard output of build tool (Maven)
12:54:10.561 [INFO]   [Checking]    [main]              [com.diffblue.cover.buildsystem.internal.c.a] > Apache Maven 3.9.12 (848fbb4bf2d427b72bdb2471c22fced7ebd9a7a1)
12:54:10.561 [INFO]   [Checking]    [main]              [com.diffblue.cover.buildsystem.internal.c.a] > Maven home: /home/jbergqvist/.sdkman/candidates/maven/3.9.12
12:54:10.561 [INFO]   [Checking]    [main]              [com.diffblue.cover.buildsystem.internal.c.a] > Java version: 11.0.29, vendor: Amazon.com Inc., runtime: /home/jbergqvist/.sdkman/candidates/java/11.0.29-amzn
12:54:10.562 [INFO]   [Checking]    [main]              [com.diffblue.cover.buildsystem.internal.c.a] > Default locale: en_GB, platform encoding: UTF-8
12:54:10.562 [INFO]   [Checking]    [main]              [com.diffblue.cover.buildsystem.internal.c.a] > OS name: "linux", version: "6.8.0-90-generic", arch: "amd64", family: "unix"
12:54:10.564 [DEBUG]  [Checking]    [main]              [com.diffblue.cover.buildsystem.config.registry.Registry] checking if /home/jbergqvist/diffblue/Palisade-common/DiffblueBuild.yaml exists...
12:54:10.564 [DEBUG]  [Checking]    [main]              [com.diffblue.cover.buildsystem.config.registry.Registry] checking if /home/jbergqvist/diffblue/Palisade-common/DiffblueBuild.yml exists...
12:54:10.564 [INFO]   [Checking]    [main]              [com.diffblue.cover.buildsystem.config.registry.Registry] Using default build rules as no custom rules found in any of [/home/jbergqvist/diffblue/Palisade-common]
12:54:10.567 [DEBUG]  [Checking]    [main]              [com.diffblue.cover.buildsystem.config.registry.Registry] Build execution request for Classpath Phase
12:54:10.569 [INFO]   [Checking]    [main]              [com.diffblue.cover.buildsystem.config.a.a] Attempting to invoke mvnw in working directory: /home/jbergqvist/diffblue/Palisade-common
12:54:10.569 [INFO]   [Checking]    [main]              [com.diffblue.cover.buildsystem.config.a.a] Attempting to invoke /home/jbergqvist/.sdkman/candidates/maven/current/bin/mvn in working directory: /home/jbergqvist/diffblue/Palisade-common
12:54:10.570 [INFO]   [Checking]    [main]              [com.diffblue.cover.buildsystem.config.a.a] Started "/home/jbergqvist/.sdkman/candidates/maven/current/bin/mvn -Dmaven.ext.class.path=/opt/cover/cover-buildsystem-maven-spy-jar-with-dependencies.jar -Dcom.diffblue.cover.skipTests=true -DskipTestOptimizer --batch-mode --global-settings=/home/jbergqvist/.sdkman/candidates/maven/current/conf/settings.xml dependency:build-classpath"
12:54:11.334 [INFO]   [Checking]    [maven:out]         [com.diffblue.cover.buildsystem.config.a.a] out: [INFO] Scanning for projects...
12:54:11.456 [INFO]   [Checking]    [maven:out]         [com.diffblue.cover.buildsystem.config.a.a] out: [INFO] 
12:54:11.457 [INFO]   [Checking]    [maven:out]         [com.diffblue.cover.buildsystem.config.a.a] out: [INFO] --------------------< uk.gov.gchq.palisade:common >---------------------
12:54:11.457 [INFO]   [Checking]    [maven:out]         [com.diffblue.cover.buildsystem.config.a.a] out: [INFO] Building GCHQ Palisade Common Library 0.5.2-SNAPSHOT
12:54:11.457 [INFO]   [Checking]    [maven:out]         [com.diffblue.cover.buildsystem.config.a.a] out: [INFO]   from pom.xml
12:54:11.457 [INFO]   [Checking]    [maven:out]         [com.diffblue.cover.buildsystem.config.a.a] out: [INFO] --------------------------------[ jar ]---------------------------------
12:54:11.624 [INFO]   [Checking]    [maven:out]         [com.diffblue.cover.buildsystem.internal.f.f] deserializing line [DIFFBLUE]{"__type":"com.diffblue.cover.buildsystem.model.DefaultEventMessage","project":"uk.gov.gchq.palisade:common","goal":"build-classpath","cause":null,"state":"STARTED"}
12:54:11.671 [INFO]   [Checking]    [maven:out]         [com.diffblue.cover.buildsystem.config.a.a] out: [INFO] 
12:54:11.671 [INFO]   [Checking]    [maven:out]         [com.diffblue.cover.buildsystem.config.a.a] out: [INFO] --- dependency:3.1.2:build-classpath (default-cli) @ common ---
12:54:12.110 [INFO]   [Checking]    [maven:out]         [com.diffblue.cover.buildsystem.config.a.a] out: [INFO] Dependencies classpath:
12:54:12.111 [INFO]   [Checking]    [maven:out]         [com.diffblue.cover.buildsystem.config.a.a] out: /home/jbergqvist/.m2/repository/com/typesafe/akka/akka-stream_2.13/2.6.10/akka-stream_2.13-2.6.10.jar:/home/jbergqvist/.m2/repository/org/scala-lang/scala-library/2.13.3/scala-library-2.13.3.jar:/home/jbergqvist/.m2/repository/com/typesafe/akka/akka-actor_2.13/2.6.10/akka-actor_2.13-2.6.10.jar:/home/jbergqvist/.m2/repository/com/typesafe/config/1.4.0/config-1.4.0.jar:/home/jbergqvist/.m2/repository/org/scala-lang/modules/scala-java8-compat_2.13/0.9.0/scala-java8-compat_2.13-0.9.0.jar:/home/jbergqvist/.m2/repository/com/typesafe/akka/akka-protobuf-v3_2.13/2.6.10/akka-protobuf-v3_2.13-2.6.10.jar:/home/jbergqvist/.m2/repository/org/reactivestreams/reactive-streams/1.0.3/reactive-streams-1.0.3.jar:/home/jbergqvist/.m2/repository/com/typesafe/ssl-config-core_2.13/0.4.2/ssl-config-core_2.13-0.4.2.jar:/home/jbergqvist/.m2/repository/org/scala-lang/modules/scala-parser-combinators_2.13/1.1.2/scala-parser-combinators_2.13-1.1.2.jar:/home/jbergqvist/.m2/repository/org/junit/jupiter/junit-jupiter-engine/5.13.4/junit-jupiter-engine-5.13.4.jar:/home/jbergqvist/.m2/repository/org/junit/platform/junit-platform-engine/1.13.4/junit-platform-engine-1.13.4.jar:/home/jbergqvist/.m2/repository/org/opentest4j/opentest4j/1.3.0/opentest4j-1.3.0.jar:/home/jbergqvist/.m2/repository/org/junit/platform/junit-platform-commons/1.13.4/junit-platform-commons-1.13.4.jar:/home/jbergqvist/.m2/repository/org/junit/jupiter/junit-jupiter-api/5.13.4/junit-jupiter-api-5.13.4.jar:/home/jbergqvist/.m2/repository/org/apiguardian/apiguardian-api/1.1.2/apiguardian-api-1.1.2.jar:/home/jbergqvist/.m2/repository/org/mockito/mockito-core/5.20.0/mockito-core-5.20.0.jar:/home/jbergqvist/.m2/repository/net/bytebuddy/byte-buddy/1.17.7/byte-buddy-1.17.7.jar:/home/jbergqvist/.m2/repository/net/bytebuddy/byte-buddy-agent/1.17.7/byte-buddy-agent-1.17.7.jar:/home/jbergqvist/.m2/repository/org/objenesis/objenesis/3.3/objenesis-3.3.jar:/home/jbergqvist/.m2/repository/org/mockito/mockito-junit-jupiter/5.20.0/mockito-junit-jupiter-5.20.0.jar:/home/jbergqvist/.m2/repository/com/fasterxml/jackson/core/jackson-databind/2.11.0/jackson-databind-2.11.0.jar:/home/jbergqvist/.m2/repository/com/fasterxml/jackson/core/jackson-annotations/2.11.0/jackson-annotations-2.11.0.jar:/home/jbergqvist/.m2/repository/com/fasterxml/jackson/core/jackson-core/2.11.0/jackson-core-2.11.0.jar:/home/jbergqvist/.m2/repository/org/slf4j/slf4j-api/1.7.25/slf4j-api-1.7.25.jar:/home/jbergqvist/.m2/repository/com/diffblue/cover/cover-annotations/1.8.0/cover-annotations-1.8.0.jar
12:54:12.112 [INFO]   [Checking]    [maven:out]         [com.diffblue.cover.buildsystem.internal.f.f] deserializing line [DIFFBLUE]{"__type":"com.diffblue.cover.buildsystem.model.DefaultEventMessage","project":"uk.gov.gchq.palisade:common","goal":"build-classpath","cause":null,"state":"SUCCESS"}
12:54:12.143 [INFO]   [Checking]    [maven:out]         [com.diffblue.cover.buildsystem.internal.f.f] deserializing line [DIFFBLUE]{"__type":"com.diffblue.cover.buildsystem.model.DefaultProjectModuleMessage","project":{"__type":"DefaultProjectModule","junitReport":["/home/jbergqvist/diffblue/Palisade-common/target/surefire-reports"],"jacocoReport":["/home/jbergqvist/diffblue/Palisade-common/target/site/jacoco/jacoco.xml"],"jacocoDestFile":["${sonar.jacoco.reportPath}","/home/jbergqvist/diffblue/Palisade-common/target/jacoco.exec"],"jacocoFormats":["xml"],"jacocoSkipped":false,"classpath":["/home/jbergqvist/diffblue/Palisade-common/target/classes","/home/jbergqvist/.m2/repository/com/typesafe/akka/akka-stream_2.13/2.6.10/akka-stream_2.13-2.6.10.jar","/home/jbergqvist/.m2/repository/org/scala-lang/scala-library/2.13.3/scala-library-2.13.3.jar","/home/jbergqvist/.m2/repository/com/typesafe/akka/akka-actor_2.13/2.6.10/akka-actor_2.13-2.6.10.jar","/home/jbergqvist/.m2/repository/com/typesafe/config/1.4.0/config-1.4.0.jar","/home/jbergqvist/.m2/repository/org/scala-lang/modules/scala-java8-compat_2.13/0.9.0/scala-java8-compat_2.13-0.9.0.jar","/home/jbergqvist/.m2/repository/com/typesafe/akka/akka-protobuf-v3_2.13/2.6.10/akka-protobuf-v3_2.13-2.6.10.jar","/home/jbergqvist/.m2/repository/org/reactivestreams/reactive-streams/1.0.3/reactive-streams-1.0.3.jar","/home/jbergqvist/.m2/repository/com/typesafe/ssl-config-core_2.13/0.4.2/ssl-config-core_2.13-0.4.2.jar","/home/jbergqvist/.m2/repository/org/scala-lang/modules/scala-parser-combinators_2.13/1.1.2/scala-parser-combinators_2.13-1.1.2.jar","/home/jbergqvist/.m2/repository/org/junit/jupiter/junit-jupiter-engine/5.13.4/junit-jupiter-engine-5.13.4.jar","/home/jbergqvist/.m2/repository/org/junit/platform/junit-platform-engine/1.13.4/junit-platform-engine-1.13.4.jar","/home/jbergqvist/.m2/repository/org/opentest4j/opentest4j/1.3.0/opentest4j-1.3.0.jar","/home/jbergqvist/.m2/repository/org/junit/platform/junit-platform-commons/1.13.4/junit-platform-commons-1.13.4.jar","/home/jbergqvist/.m2/repository/org/junit/jupiter/junit-jupiter-api/5.13.4/junit-jupiter-api-5.13.4.jar","/home/jbergqvist/.m2/repository/org/apiguardian/apiguardian-api/1.1.2/apiguardian-api-1.1.2.jar","/home/jbergqvist/.m2/repository/org/mockito/mockito-core/5.20.0/mockito-core-5.20.0.jar","/home/jbergqvist/.m2/repository/net/bytebuddy/byte-buddy/1.17.7/byte-buddy-1.17.7.jar","/home/jbergqvist/.m2/repository/net/bytebuddy/byte-buddy-agent/1.17.7/byte-buddy-agent-1.17.7.jar","/home/jbergqvist/.m2/repository/org/objenesis/objenesis/3.3/objenesis-3.3.jar","/home/jbergqvist/.m2/repository/org/mockito/mockito-junit-jupiter/5.20.0/mockito-junit-jupiter-5.20.0.jar","/home/jbergqvist/.m2/repository/com/fasterxml/jackson/core/jackson-databind/2.11.0/jackson-databind-2.11.0.jar","/home/jbergqvist/.m2/repository/com/fasterxml/jackson/core/jackson-annotations/2.11.0/jackson-annotations-2.11.0.jar","/home/jbergqvist/.m2/repository/com/fasterxml/jackson/core/jackson-core/2.11.0/jackson-core-2.11.0.jar","/home/jbergqvist/.m2/repository/org/slf4j/slf4j-api/1.7.25/slf4j-api-1.7.25.jar","/home/jbergqvist/.m2/repository/com/diffblue/cover/cover-annotations/1.8.0/cover-annotations-1.8.0.jar"],"complianceLevel":"11","productionSources":["/home/jbergqvist/diffblue/Palisade-common/src/main/java"],"testSources":["/home/jbergqvist/diffblue/Palisade-common/src/test/java"],"productionClasses":"/home/jbergqvist/diffblue/Palisade-common/target/classes","testClasses":"/home/jbergqvist/diffblue/Palisade-common/target/test-classes","sourceToBuildPathMap":null,"testSourceToBuildPathMap":null,"buildDirectory":"/home/jbergqvist/diffblue/Palisade-common/target","plugins":[{"__type":"DefaultPlugin","groupId":"org.apache.maven.plugins","artefactId":"maven-compiler-plugin","version":"3.8.0","pluginClassName":null},{"__type":"DefaultPlugin","groupId":"org.apache.maven.plugins","artefactId":"maven-javadoc-plugin","version":"3.1.0","pluginClassName":null},{"__type":"DefaultPlugin","groupId":"org.apache.maven.plugins","artefactId":"maven-dependency-plugin","version":"3.1.2","pluginClassName":null},{"__type":"DefaultPlugin","groupId":"org.codehaus.mojo","artefactId":"flatten-maven-plugin","version":"1.1.0","pluginClassName":null},{"__type":"DefaultPlugin","groupId":"org.codehaus.mojo","artefactId":"license-maven-plugin","version":"2.0.0","pluginClassName":null},{"__type":"DefaultPlugin","groupId":"org.jacoco","artefactId":"jacoco-maven-plugin","version":"0.8.5","pluginClassName":null},{"__type":"DefaultPlugin","groupId":"org.apache.maven.plugins","artefactId":"maven-checkstyle-plugin","version":"3.1.0","pluginClassName":null},{"__type":"DefaultPlugin","groupId":"org.apache.maven.plugins","artefactId":"maven-clean-plugin","version":"3.2.0","pluginClassName":null},{"__type":"DefaultPlugin","groupId":"org.apache.maven.plugins","artefactId":"maven-resources-plugin","version":"3.3.1","pluginClassName":null},{"__type":"DefaultPlugin","groupId":"org.apache.maven.plugins","artefactId":"maven-jar-plugin","version":"3.4.1","pluginClassName":null},{"__type":"DefaultPlugin","groupId":"org.apache.maven.plugins","artefactId":"maven-surefire-plugin","version":"3.2.5","pluginClassName":null},{"__type":"DefaultPlugin","groupId":"org.apache.maven.plugins","artefactId":"maven-install-plugin","version":"3.1.2","pluginClassName":null},{"__type":"DefaultPlugin","groupId":"org.apache.maven.plugins","artefactId":"maven-deploy-plugin","version":"3.1.2","pluginClassName":null},{"__type":"DefaultPlugin","groupId":"org.apache.maven.plugins","artefactId":"maven-site-plugin","version":"3.12.1","pluginClassName":null}],"version":"3.9.12","encoding":"UTF-8","name":"maven","subModules":[],"simpleModuleName":null,"parentModuleName":null,"location":"/home/jbergqvist/diffblue/Palisade-common","fullModuleName":"uk.gov.gchq.palisade:common"}}
12:54:12.159 [INFO]   [Checking]    [maven:out]         [com.diffblue.cover.buildsystem.config.a.a] out: [INFO] ------------------------------------------------------------------------
12:54:12.160 [INFO]   [Checking]    [maven:out]         [com.diffblue.cover.buildsystem.config.a.a] out: [INFO] BUILD SUCCESS
12:54:12.160 [INFO]   [Checking]    [maven:out]         [com.diffblue.cover.buildsystem.config.a.a] out: [INFO] ------------------------------------------------------------------------
12:54:12.160 [INFO]   [Checking]    [maven:out]         [com.diffblue.cover.buildsystem.config.a.a] out: [INFO] Total time:  0.824 s
12:54:12.160 [INFO]   [Checking]    [maven:out]         [com.diffblue.cover.buildsystem.config.a.a] out: [INFO] Finished at: 2026-01-12T12:54:12Z
12:54:12.160 [INFO]   [Checking]    [maven:out]         [com.diffblue.cover.buildsystem.config.a.a] out: [INFO] ------------------------------------------------------------------------
12:54:12.160 [INFO]   [Checking]    [maven:out]         [com.diffblue.cover.buildsystem.internal.f.f] deserializing line [DIFFBLUE]{"__type":"com.diffblue.cover.buildsystem.model.ProjectInfoMessage","projectName":"uk.gov.gchq.palisade:common","productionSources":["/home/jbergqvist/diffblue/Palisade-common/src/main/java"],"testSources":["/home/jbergqvist/diffblue/Palisade-common/src/test/java"],"location":"/home/jbergqvist/diffblue/Palisade-common"}
12:54:12.212 [INFO]   [Checking]    [main]              [com.diffblue.cover.buildsystem.internal.f.d] maven:err process not stopped, joining thread
12:54:12.212 [INFO]   [Checking]    [main]              [com.diffblue.cover.buildsystem.internal.f.d] maven:out process not stopped, joining thread
12:54:12.213 [DEBUG]  [Checking]    [main]              [com.diffblue.cover.buildsystem.config.a.a] Executor spent 1s on command "/home/jbergqvist/.sdkman/candidates/maven/current/bin/mvn -Dmaven.ext.class.path=/opt/cover/cover-buildsystem-maven-spy-jar-with-dependencies.jar -Dcom.diffblue.cover.skipTests=true -DskipTestOptimizer --batch-mode --global-settings=/home/jbergqvist/.sdkman/candidates/maven/current/conf/settings.xml dependency:build-classpath"
12:54:12.213 [INFO]   [Checking]    [main]              [com.diffblue.cover.buildsystem.internal.f.f] Deserializing project module message
12:54:12.213 [INFO]   [Checking]    [main]              [com.diffblue.cover.buildsystem.internal.f.f] deserializing line [DIFFBLUE]{"__type":"com.diffblue.cover.buildsystem.model.DefaultEventMessage","project":"uk.gov.gchq.palisade:common","goal":"build-classpath","cause":null,"state":"STARTED"}
12:54:12.216 [INFO]   [Checking]    [main]              [com.diffblue.cover.buildsystem.internal.f.f] deserializing line [DIFFBLUE]{"__type":"com.diffblue.cover.buildsystem.model.DefaultEventMessage","project":"uk.gov.gchq.palisade:common","goal":"build-classpath","cause":null,"state":"SUCCESS"}
12:54:12.219 [INFO]   [Checking]    [main]              [com.diffblue.cover.buildsystem.internal.f.f] deserializing line [DIFFBLUE]{"__type":"com.diffblue.cover.buildsystem.model.DefaultProjectModuleMessage","project":{"__type":"DefaultProjectModule","junitReport":["/home/jbergqvist/diffblue/Palisade-common/target/surefire-reports"],"jacocoReport":["/home/jbergqvist/diffblue/Palisade-common/target/site/jacoco/jacoco.xml"],"jacocoDestFile":["${sonar.jacoco.reportPath}","/home/jbergqvist/diffblue/Palisade-common/target/jacoco.exec"],"jacocoFormats":["xml"],"jacocoSkipped":false,"classpath":["/home/jbergqvist/diffblue/Palisade-common/target/classes","/home/jbergqvist/.m2/repository/com/typesafe/akka/akka-stream_2.13/2.6.10/akka-stream_2.13-2.6.10.jar","/home/jbergqvist/.m2/repository/org/scala-lang/scala-library/2.13.3/scala-library-2.13.3.jar","/home/jbergqvist/.m2/repository/com/typesafe/akka/akka-actor_2.13/2.6.10/akka-actor_2.13-2.6.10.jar","/home/jbergqvist/.m2/repository/com/typesafe/config/1.4.0/config-1.4.0.jar","/home/jbergqvist/.m2/repository/org/scala-lang/modules/scala-java8-compat_2.13/0.9.0/scala-java8-compat_2.13-0.9.0.jar","/home/jbergqvist/.m2/repository/com/typesafe/akka/akka-protobuf-v3_2.13/2.6.10/akka-protobuf-v3_2.13-2.6.10.jar","/home/jbergqvist/.m2/repository/org/reactivestreams/reactive-streams/1.0.3/reactive-streams-1.0.3.jar","/home/jbergqvist/.m2/repository/com/typesafe/ssl-config-core_2.13/0.4.2/ssl-config-core_2.13-0.4.2.jar","/home/jbergqvist/.m2/repository/org/scala-lang/modules/scala-parser-combinators_2.13/1.1.2/scala-parser-combinators_2.13-1.1.2.jar","/home/jbergqvist/.m2/repository/org/junit/jupiter/junit-jupiter-engine/5.13.4/junit-jupiter-engine-5.13.4.jar","/home/jbergqvist/.m2/repository/org/junit/platform/junit-platform-engine/1.13.4/junit-platform-engine-1.13.4.jar","/home/jbergqvist/.m2/repository/org/opentest4j/opentest4j/1.3.0/opentest4j-1.3.0.jar","/home/jbergqvist/.m2/repository/org/junit/platform/junit-platform-commons/1.13.4/junit-platform-commons-1.13.4.jar","/home/jbergqvist/.m2/repository/org/junit/jupiter/junit-jupiter-api/5.13.4/junit-jupiter-api-5.13.4.jar","/home/jbergqvist/.m2/repository/org/apiguardian/apiguardian-api/1.1.2/apiguardian-api-1.1.2.jar","/home/jbergqvist/.m2/repository/org/mockito/mockito-core/5.20.0/mockito-core-5.20.0.jar","/home/jbergqvist/.m2/repository/net/bytebuddy/byte-buddy/1.17.7/byte-buddy-1.17.7.jar","/home/jbergqvist/.m2/repository/net/bytebuddy/byte-buddy-agent/1.17.7/byte-buddy-agent-1.17.7.jar","/home/jbergqvist/.m2/repository/org/objenesis/objenesis/3.3/objenesis-3.3.jar","/home/jbergqvist/.m2/repository/org/mockito/mockito-junit-jupiter/5.20.0/mockito-junit-jupiter-5.20.0.jar","/home/jbergqvist/.m2/repository/com/fasterxml/jackson/core/jackson-databind/2.11.0/jackson-databind-2.11.0.jar","/home/jbergqvist/.m2/repository/com/fasterxml/jackson/core/jackson-annotations/2.11.0/jackson-annotations-2.11.0.jar","/home/jbergqvist/.m2/repository/com/fasterxml/jackson/core/jackson-core/2.11.0/jackson-core-2.11.0.jar","/home/jbergqvist/.m2/repository/org/slf4j/slf4j-api/1.7.25/slf4j-api-1.7.25.jar","/home/jbergqvist/.m2/repository/com/diffblue/cover/cover-annotations/1.8.0/cover-annotations-1.8.0.jar"],"complianceLevel":"11","productionSources":["/home/jbergqvist/diffblue/Palisade-common/src/main/java"],"testSources":["/home/jbergqvist/diffblue/Palisade-common/src/test/java"],"productionClasses":"/home/jbergqvist/diffblue/Palisade-common/target/classes","testClasses":"/home/jbergqvist/diffblue/Palisade-common/target/test-classes","sourceToBuildPathMap":null,"testSourceToBuildPathMap":null,"buildDirectory":"/home/jbergqvist/diffblue/Palisade-common/target","plugins":[{"__type":"DefaultPlugin","groupId":"org.apache.maven.plugins","artefactId":"maven-compiler-plugin","version":"3.8.0","pluginClassName":null},{"__type":"DefaultPlugin","groupId":"org.apache.maven.plugins","artefactId":"maven-javadoc-plugin","version":"3.1.0","pluginClassName":null},{"__type":"DefaultPlugin","groupId":"org.apache.maven.plugins","artefactId":"maven-dependency-plugin","version":"3.1.2","pluginClassName":null},{"__type":"DefaultPlugin","groupId":"org.codehaus.mojo","artefactId":"flatten-maven-plugin","version":"1.1.0","pluginClassName":null},{"__type":"DefaultPlugin","groupId":"org.codehaus.mojo","artefactId":"license-maven-plugin","version":"2.0.0","pluginClassName":null},{"__type":"DefaultPlugin","groupId":"org.jacoco","artefactId":"jacoco-maven-plugin","version":"0.8.5","pluginClassName":null},{"__type":"DefaultPlugin","groupId":"org.apache.maven.plugins","artefactId":"maven-checkstyle-plugin","version":"3.1.0","pluginClassName":null},{"__type":"DefaultPlugin","groupId":"org.apache.maven.plugins","artefactId":"maven-clean-plugin","version":"3.2.0","pluginClassName":null},{"__type":"DefaultPlugin","groupId":"org.apache.maven.plugins","artefactId":"maven-resources-plugin","version":"3.3.1","pluginClassName":null},{"__type":"DefaultPlugin","groupId":"org.apache.maven.plugins","artefactId":"maven-jar-plugin","version":"3.4.1","pluginClassName":null},{"__type":"DefaultPlugin","groupId":"org.apache.maven.plugins","artefactId":"maven-surefire-plugin","version":"3.2.5","pluginClassName":null},{"__type":"DefaultPlugin","groupId":"org.apache.maven.plugins","artefactId":"maven-install-plugin","version":"3.1.2","pluginClassName":null},{"__type":"DefaultPlugin","groupId":"org.apache.maven.plugins","artefactId":"maven-deploy-plugin","version":"3.1.2","pluginClassName":null},{"__type":"DefaultPlugin","groupId":"org.apache.maven.plugins","artefactId":"maven-site-plugin","version":"3.12.1","pluginClassName":null}],"version":"3.9.12","encoding":"UTF-8","name":"maven","subModules":[],"simpleModuleName":null,"parentModuleName":null,"location":"/home/jbergqvist/diffblue/Palisade-common","fullModuleName":"uk.gov.gchq.palisade:common"}}
12:54:12.229 [INFO]   [Checking]    [main]              [com.diffblue.cover.buildsystem.internal.f.f] deserializing line [DIFFBLUE]{"__type":"com.diffblue.cover.buildsystem.model.ProjectInfoMessage","projectName":"uk.gov.gchq.palisade:common","productionSources":["/home/jbergqvist/diffblue/Palisade-common/src/main/java"],"testSources":["/home/jbergqvist/diffblue/Palisade-common/src/test/java"],"location":"/home/jbergqvist/diffblue/Palisade-common"}
12:54:12.232 [INFO]   [Checking]    [main]              [com.diffblue.cover.buildsystem.internal.f.f] Found 1 ProjectModuleMessages (ignoring buildSrc projects)
12:54:12.233 [INFO]   [Checking]    [main]              [com.diffblue.cover.buildsystem.internal.f.f] Found module uk.gov.gchq.palisade:common in the working directory /home/jbergqvist/diffblue/Palisade-common
12:54:12.233 [INFO]   [Checking]    [main]              [com.diffblue.cover.buildsystem.e] deserialized project module is present? true
12:54:12.235 [DEBUG]  [Checking]    [main]              [com.diffblue.cover.configuration.a.e] DetectorCache miss DETECTED_BUILD_SYSTEM_MAVEN
12:54:12.235 [DEBUG]  [Checking]    [main]              [com.diffblue.cover.configuration.cache.a] Writing cache to /home/jbergqvist/diffblue/Palisade-common/.diffblue/cache/env.json containing 12 items
12:54:12.248 [DEBUG]  [Checking]    [main]              [com.diffblue.cover.commons.l.d] Processing rule com.diffblue.cover.configuration.a.d took 1920ms
12:54:12.248 [DEBUG]  [Checking]    [main]              [com.diffblue.cover.configuration.a.e] DetectorCache miss DETECTED_BUILD_SYSTEM_CONFIGURABLE
12:54:12.249 [DEBUG]  [Checking]    [main]              [com.diffblue.cover.configuration.cache.a] Writing cache to /home/jbergqvist/diffblue/Palisade-common/.diffblue/cache/env.json containing 12 items
12:54:12.260 [INFO]   [Checking]    [main]              [com.diffblue.cover.configuration.a.bb] Operating System: Linux amd64 6.8.0-90-generic
12:54:12.260 [INFO]   [Checking]    [main]              [com.diffblue.cover.configuration.a.bb] Default charset: UTF-8
12:54:12.260 [INFO]   [Checking]    [main]              [com.diffblue.cover.configuration.a.bb] Default locale: en_GB
12:54:12.260 [INFO]   [Checking]    [main]              [com.diffblue.cover.configuration.a.bb] Default time zone: Europe/London
12:54:12.265 [DEBUG]  [Checking]    [main]              [com.diffblue.cover.configuration.a.z] Java home guessed from System property: /home/jbergqvist/.sdkman/candidates/java/11.0.29-amzn
12:54:12.268 [DEBUG]  [Checking]    [main]              [com.diffblue.cover.commons.l.d] Inference engine finished in 2066ms
12:54:12.269 [INFO]   [Checking]    [main]              [com.diffblue.cover.ui.controller.ad] Discovered modules:
12:54:12.269 [INFO]   [Checking]    [main]              [com.diffblue.cover.ui.controller.ad] - uk.gov.gchq.palisade:common
12:54:12.269 [INFO]   [Checking]    [main]              [com.diffblue.cover.ui.controller.ad] 
12:54:12.273 [INFO]   [Checking]    [main]              [com.diffblue.cover.ui.controller.ad] 
12:54:12.274 [INFO]   [Checking]    [main]              [com.diffblue.cover.ui.controller.ad] [1/1] Creating tests for module: uk.gov.gchq.palisade:common
12:54:12.274 [INFO]   [Checking]    [main]              [com.diffblue.cover.ui.controller.ad] ============================================================
12:54:12.274 [INFO]   [Checking]    [main]              [com.diffblue.cover.ui.controller.ad] 
12:54:12.274 [INFO]   [Checking]    [main]              [com.diffblue.cover.ui.controller.r] Detecting environment:
12:54:12.274 [INFO]   [Checking]    [main]              [com.diffblue.cover.ui.controller.r] ----------------------
12:54:12.323 [DEBUG]  [Checking]    [main]              [com.diffblue.cover.configuration.b] Using JSON detector cache at /home/jbergqvist/diffblue/Palisade-common/.diffblue/cache/env.json
12:54:12.331 [INFO]   [Checking]    [main]              [com.diffblue.cover.ui.controller.r] Detected Java version 11.0.29
12:54:12.331 [DEBUG]  [Checking]    [main]              [com.diffblue.cover.configuration.a.g] checking if /home/jbergqvist/diffblue/Palisade-common/DiffblueBuild.yaml exists...
12:54:12.331 [DEBUG]  [Checking]    [main]              [com.diffblue.cover.configuration.a.g] checking if /home/jbergqvist/diffblue/Palisade-common/DiffblueBuild.yml exists...
12:54:12.331 [DEBUG]  [Checking]    [main]              [com.diffblue.cover.configuration.a.e] DetectorCache miss DETECTED_BUILD_SYSTEM_CONFIGURABLE
12:54:12.331 [DEBUG]  [Checking]    [main]              [com.diffblue.cover.configuration.cache.a] Writing cache to /home/jbergqvist/diffblue/Palisade-common/.diffblue/cache/env.json containing 12 items
12:54:12.337 [DEBUG]  [Checking]    [main]              [com.diffblue.cover.configuration.a.e] DetectorCache miss DETECTED_BUILD_SYSTEM_GRADLE
12:54:12.338 [DEBUG]  [Checking]    [main]              [com.diffblue.cover.configuration.cache.a] Writing cache to /home/jbergqvist/diffblue/Palisade-common/.diffblue/cache/env.json containing 12 items
12:54:12.343 [DEBUG]  [Checking]    [main]              [com.diffblue.cover.configuration.a.d] Maven home found: /home/jbergqvist/.sdkman/candidates/maven/current
12:54:12.344 [INFO]   [Checking]    [main]              [com.diffblue.cover.configuration.a.d] Maven Using ${maven.home} of: /home/jbergqvist/.sdkman/candidates/maven/current.
12:54:12.344 [INFO]   [Checking]    [main]              [com.diffblue.cover.configuration.a.d] Maven Executing: /bin/sh -c cd /home/jbergqvist/diffblue/Palisade-common && /home/jbergqvist/.sdkman/candidates/maven/3.9.12/bin/mvn -B -version
12:54:12.509 [INFO]   [Checking]    [main]              [com.diffblue.cover.buildsystem.internal.c.a] Standard output of build tool (Maven)
12:54:12.510 [INFO]   [Checking]    [main]              [com.diffblue.cover.buildsystem.internal.c.a] > Apache Maven 3.9.12 (848fbb4bf2d427b72bdb2471c22fced7ebd9a7a1)
12:54:12.510 [INFO]   [Checking]    [main]              [com.diffblue.cover.buildsystem.internal.c.a] > Maven home: /home/jbergqvist/.sdkman/candidates/maven/3.9.12
12:54:12.510 [INFO]   [Checking]    [main]              [com.diffblue.cover.buildsystem.internal.c.a] > Java version: 11.0.29, vendor: Amazon.com Inc., runtime: /home/jbergqvist/.sdkman/candidates/java/11.0.29-amzn
12:54:12.510 [INFO]   [Checking]    [main]              [com.diffblue.cover.buildsystem.internal.c.a] > Default locale: en_GB, platform encoding: UTF-8
12:54:12.510 [INFO]   [Checking]    [main]              [com.diffblue.cover.buildsystem.internal.c.a] > OS name: "linux", version: "6.8.0-90-generic", arch: "amd64", family: "unix"
12:54:12.510 [INFO]   [Checking]    [main]              [com.diffblue.cover.ui.controller.r] Detected build system: Maven 3.9.12
12:54:12.510 [DEBUG]  [Checking]    [main]              [com.diffblue.cover.configuration.a.e] DetectorCache miss DETECTED_BUILD_SYSTEM_MAVEN
12:54:12.510 [DEBUG]  [Checking]    [main]              [com.diffblue.cover.configuration.cache.a] Writing cache to /home/jbergqvist/diffblue/Palisade-common/.diffblue/cache/env.json containing 12 items
12:54:12.516 [INFO]   [Checking]    [main]              [com.diffblue.cover.configuration.a.bb] Operating System: Linux amd64 6.8.0-90-generic
12:54:12.516 [INFO]   [Checking]    [main]              [com.diffblue.cover.configuration.a.bb] Default charset: UTF-8
12:54:12.516 [INFO]   [Checking]    [main]              [com.diffblue.cover.configuration.a.bb] Default locale: en_GB
12:54:12.516 [INFO]   [Checking]    [main]              [com.diffblue.cover.configuration.a.bb] Default time zone: Europe/London
12:54:12.518 [INFO]   [Checking]    [main]              [com.diffblue.cover.ui.controller.r] Selected build system: Maven
12:54:12.525 [INFO]   [Checking]    [main]              [com.diffblue.cover.ui.controller.r] Selected classpath from build system maven
12:54:12.527 [INFO]   [Checking]    [main]              [com.diffblue.cover.configuration.c.b] Expanded classpath: 
/home/jbergqvist/diffblue/Palisade-common/target/test-classes (test build path)
/home/jbergqvist/diffblue/Palisade-common/target/classes (code under test)
/home/jbergqvist/.m2/repository/com/typesafe/akka/akka-stream_2.13/2.6.10/akka-stream_2.13-2.6.10.jar
/home/jbergqvist/.m2/repository/org/scala-lang/scala-library/2.13.3/scala-library-2.13.3.jar
/home/jbergqvist/.m2/repository/com/typesafe/akka/akka-actor_2.13/2.6.10/akka-actor_2.13-2.6.10.jar
/home/jbergqvist/.m2/repository/com/typesafe/config/1.4.0/config-1.4.0.jar
/home/jbergqvist/.m2/repository/org/scala-lang/modules/scala-java8-compat_2.13/0.9.0/scala-java8-compat_2.13-0.9.0.jar
/home/jbergqvist/.m2/repository/com/typesafe/akka/akka-protobuf-v3_2.13/2.6.10/akka-protobuf-v3_2.13-2.6.10.jar
/home/jbergqvist/.m2/repository/org/reactivestreams/reactive-streams/1.0.3/reactive-streams-1.0.3.jar
/home/jbergqvist/.m2/repository/com/typesafe/ssl-config-core_2.13/0.4.2/ssl-config-core_2.13-0.4.2.jar
/home/jbergqvist/.m2/repository/org/scala-lang/modules/scala-parser-combinators_2.13/1.1.2/scala-parser-combinators_2.13-1.1.2.jar
/home/jbergqvist/.m2/repository/org/junit/jupiter/junit-jupiter-engine/5.13.4/junit-jupiter-engine-5.13.4.jar
/home/jbergqvist/.m2/repository/org/junit/platform/junit-platform-engine/1.13.4/junit-platform-engine-1.13.4.jar
/home/jbergqvist/.m2/repository/org/opentest4j/opentest4j/1.3.0/opentest4j-1.3.0.jar
/home/jbergqvist/.m2/repository/org/junit/platform/junit-platform-commons/1.13.4/junit-platform-commons-1.13.4.jar
/home/jbergqvist/.m2/repository/org/junit/jupiter/junit-jupiter-api/5.13.4/junit-jupiter-api-5.13.4.jar
/home/jbergqvist/.m2/repository/org/apiguardian/apiguardian-api/1.1.2/apiguardian-api-1.1.2.jar
/home/jbergqvist/.m2/repository/org/mockito/mockito-core/5.20.0/mockito-core-5.20.0.jar
/home/jbergqvist/.m2/repository/net/bytebuddy/byte-buddy/1.17.7/byte-buddy-1.17.7.jar
/home/jbergqvist/.m2/repository/net/bytebuddy/byte-buddy-agent/1.17.7/byte-buddy-agent-1.17.7.jar
/home/jbergqvist/.m2/repository/org/objenesis/objenesis/3.3/objenesis-3.3.jar
/home/jbergqvist/.m2/repository/org/mockito/mockito-junit-jupiter/5.20.0/mockito-junit-jupiter-5.20.0.jar
/home/jbergqvist/.m2/repository/com/fasterxml/jackson/core/jackson-databind/2.11.0/jackson-databind-2.11.0.jar
/home/jbergqvist/.m2/repository/com/fasterxml/jackson/core/jackson-annotations/2.11.0/jackson-annotations-2.11.0.jar
/home/jbergqvist/.m2/repository/com/fasterxml/jackson/core/jackson-core/2.11.0/jackson-core-2.11.0.jar
/home/jbergqvist/.m2/repository/org/slf4j/slf4j-api/1.7.25/slf4j-api-1.7.25.jar
/home/jbergqvist/.m2/repository/com/diffblue/cover/cover-annotations/1.8.0/cover-annotations-1.8.0.jar
12:54:12.549 [DEBUG]  [Checking]    [main]              [com.diffblue.cover.commons.dependency.a.b] Detected JUnit Jupiter API version 5.13.4 (via jar:file:/home/jbergqvist/.m2/repository/org/junit/jupiter/junit-jupiter-api/5.13.4/junit-jupiter-api-5.13.4.jar!/org/junit/jupiter/api/Assertions.class)
12:54:12.551 [INFO]   [Checking]    [main]              [com.diffblue.cover.ui.controller.r] Detected test framework: JUnit Jupiter API 5.13.4
12:54:12.555 [DEBUG]  [Checking]    [main]              [com.diffblue.cover.commons.dependency.a.b] Detected JUnit Jupiter Engine version 5.13.4 (via jar:file:/home/jbergqvist/.m2/repository/org/junit/jupiter/junit-jupiter-engine/5.13.4/junit-jupiter-engine-5.13.4.jar!/org/junit/jupiter/engine/JupiterTestEngine.class)
12:54:12.556 [INFO]   [Checking]    [main]              [com.diffblue.cover.ui.controller.r] Detected JUnit Jupiter Engine version 5.13.4
12:54:12.574 [DEBUG]  [Checking]    [main]              [com.diffblue.cover.configuration.a.e] DetectorCache miss DETECTED_JUNIT_VINTAGE_ENGINE
12:54:12.574 [DEBUG]  [Checking]    [main]              [com.diffblue.cover.configuration.cache.a] Writing cache to /home/jbergqvist/diffblue/Palisade-common/.diffblue/cache/env.json containing 12 items
12:54:12.584 [DEBUG]  [Checking]    [main]              [com.diffblue.cover.commons.dependency.a.b] Detected Mockito Core version 5.20.0 (via jar:file:/home/jbergqvist/.m2/repository/org/mockito/mockito-core/5.20.0/mockito-core-5.20.0.jar!/org/mockito/Mockito.class)
12:54:12.585 [INFO]   [Checking]    [main]              [com.diffblue.cover.ui.controller.r] Detected Mockito Core version 5.20.0
12:54:12.945 [DEBUG]  [Checking]    [main]              [com.diffblue.cover.commons.l.d] Processing rule com.diffblue.cover.configuration.a.am took 359ms
12:54:12.950 [DEBUG]  [Checking]    [main]              [com.diffblue.cover.commons.dependency.a.b] Detected Mockito Core version 5.20.0 (via jar:file:/home/jbergqvist/.m2/repository/org/mockito/mockito-core/5.20.0/mockito-core-5.20.0.jar!/org/mockito/Mockito.class)
12:54:12.954 [DEBUG]  [Checking]    [main]              [com.diffblue.cover.commons.dependency.a.b] Detected Mockito Core version 5.20.0 (via jar:file:/home/jbergqvist/.m2/repository/org/mockito/mockito-core/5.20.0/mockito-core-5.20.0.jar!/org/mockito/Mockito.class)
12:54:12.956 [INFO]   [Checking]    [main]              [com.diffblue.cover.ui.controller.r] Indexing...
12:54:13.257 [DEBUG]  [Checking]    [main]              [com.diffblue.cover.commons.l.d] Processing rule com.diffblue.cover.configuration.a.bm took 302ms
12:54:13.261 [DEBUG]  [Checking]    [main]              [com.diffblue.cover.configuration.a.bi] the build system has test sources configured
12:54:13.262 [INFO]   [Checking]    [main]              [com.diffblue.cover.ui.controller.r] Selected test output directory: /home/jbergqvist/diffblue/Palisade-common/src/test/java
12:54:13.264 [DEBUG]  [Checking]    [main]              [com.diffblue.cover.configuration.a.e] DetectorCache miss DETECTED_TESTS_EXECUTE_WITH_TESTNG
12:54:13.264 [DEBUG]  [Checking]    [main]              [com.diffblue.cover.configuration.cache.a] Writing cache to /home/jbergqvist/diffblue/Palisade-common/.diffblue/cache/env.json containing 12 items
12:54:13.275 [DEBUG]  [Checking]    [main]              [com.diffblue.cover.buildsystem.config.registry.Registry] checking if /home/jbergqvist/diffblue/Palisade-common/DiffblueBuild.yaml exists...
12:54:13.275 [DEBUG]  [Checking]    [main]              [com.diffblue.cover.buildsystem.config.registry.Registry] checking if /home/jbergqvist/diffblue/Palisade-common/DiffblueBuild.yml exists...
12:54:13.275 [INFO]   [Checking]    [main]              [com.diffblue.cover.buildsystem.config.registry.Registry] Using default build rules as no custom rules found in any of [/home/jbergqvist/diffblue/Palisade-common]
12:54:13.275 [DEBUG]  [Checking]    [main]              [com.diffblue.cover.buildsystem.config.registry.Registry] Build execution request for Test Phase
12:54:13.276 [INFO]   [Checking]    [main]              [com.diffblue.cover.buildsystem.config.a.a] Attempting to invoke mvnw in working directory: /home/jbergqvist/diffblue/Palisade-common
12:54:13.276 [INFO]   [Checking]    [main]              [com.diffblue.cover.buildsystem.config.a.a] Attempting to invoke /home/jbergqvist/.sdkman/candidates/maven/current/bin/mvn in working directory: /home/jbergqvist/diffblue/Palisade-common
12:54:13.277 [INFO]   [Checking]    [main]              [com.diffblue.cover.buildsystem.config.a.a] Started "/home/jbergqvist/.sdkman/candidates/maven/current/bin/mvn -Dmaven.ext.class.path=/opt/cover/cover-buildsystem-maven-spy-jar-with-dependencies.jar -Dcom.diffblue.cover.skipTests=true -DskipTestOptimizer --batch-mode --projects=uk.gov.gchq.palisade:common --global-settings=/home/jbergqvist/.sdkman/candidates/maven/current/conf/settings.xml -Dcheckstyle.skip=true test -DfailIfNoTests=false -Dsurefire.failIfNoSpecifiedTests=false -Dmaven.test.failure.ignore=True -Dtest=DummyJupiterDiffblueTest"
12:54:14.071 [INFO]   [Checking]    [maven:out]         [com.diffblue.cover.buildsystem.config.a.a] out: [INFO] Scanning for projects...
12:54:14.142 [INFO]   [Checking]    [maven:out]         [com.diffblue.cover.buildsystem.config.a.a] out: [INFO] 
12:54:14.142 [INFO]   [Checking]    [maven:out]         [com.diffblue.cover.buildsystem.config.a.a] out: [INFO] --------------------< uk.gov.gchq.palisade:common >---------------------
12:54:14.142 [INFO]   [Checking]    [maven:out]         [com.diffblue.cover.buildsystem.config.a.a] out: [INFO] Building GCHQ Palisade Common Library 0.5.2-SNAPSHOT
12:54:14.143 [INFO]   [Checking]    [maven:out]         [com.diffblue.cover.buildsystem.config.a.a] out: [INFO]   from pom.xml
12:54:14.143 [INFO]   [Checking]    [maven:out]         [com.diffblue.cover.buildsystem.config.a.a] out: [INFO] --------------------------------[ jar ]---------------------------------
12:54:14.393 [INFO]   [Checking]    [maven:out]         [com.diffblue.cover.buildsystem.internal.f.f] deserializing line [DIFFBLUE]{"__type":"com.diffblue.cover.buildsystem.model.DefaultEventMessage","project":"uk.gov.gchq.palisade:common","goal":"prepare-agent","cause":null,"state":"STARTED"}
12:54:14.395 [INFO]   [Checking]    [maven:out]         [com.diffblue.cover.buildsystem.config.a.a] out: [INFO] 
12:54:14.395 [INFO]   [Checking]    [maven:out]         [com.diffblue.cover.buildsystem.config.a.a] out: [INFO] --- jacoco:0.8.5:prepare-agent (agent) @ common ---
12:54:14.633 [INFO]   [Checking]    [maven:out]         [com.diffblue.cover.buildsystem.config.a.a] out: [INFO] argLine set to -javaagent:/home/jbergqvist/.m2/repository/org/jacoco/org.jacoco.agent/0.8.5/org.jacoco.agent-0.8.5-runtime.jar=destfile=/home/jbergqvist/diffblue/Palisade-common/target/jacoco.exec,append=true
12:54:14.634 [INFO]   [Checking]    [maven:out]         [com.diffblue.cover.buildsystem.internal.f.f] deserializing line [DIFFBLUE]{"__type":"com.diffblue.cover.buildsystem.model.DefaultEventMessage","project":"uk.gov.gchq.palisade:common","goal":"prepare-agent","cause":null,"state":"SUCCESS"}
12:54:14.637 [INFO]   [Checking]    [maven:out]         [com.diffblue.cover.buildsystem.internal.f.f] deserializing line [DIFFBLUE]{"__type":"com.diffblue.cover.buildsystem.model.DefaultEventMessage","project":"uk.gov.gchq.palisade:common","goal":"resources","cause":null,"state":"STARTED"}
12:54:14.639 [INFO]   [Checking]    [maven:out]         [com.diffblue.cover.buildsystem.config.a.a] out: [INFO] 
12:54:14.640 [INFO]   [Checking]    [maven:out]         [com.diffblue.cover.buildsystem.config.a.a] out: [INFO] --- resources:3.3.1:resources (default-resources) @ common ---
12:54:14.687 [INFO]   [Checking]    [maven:out]         [com.diffblue.cover.buildsystem.config.a.a] out: [INFO] Copying 1 resource from src/main/resources to target/classes
12:54:14.690 [INFO]   [Checking]    [maven:out]         [com.diffblue.cover.buildsystem.internal.f.f] deserializing line [DIFFBLUE]{"__type":"com.diffblue.cover.buildsystem.model.DefaultEventMessage","project":"uk.gov.gchq.palisade:common","goal":"resources","cause":null,"state":"SUCCESS"}
12:54:14.692 [INFO]   [Checking]    [maven:out]         [com.diffblue.cover.buildsystem.internal.f.f] deserializing line [DIFFBLUE]{"__type":"com.diffblue.cover.buildsystem.model.DefaultEventMessage","project":"uk.gov.gchq.palisade:common","goal":"flatten","cause":null,"state":"STARTED"}
12:54:14.694 [INFO]   [Checking]    [maven:out]         [com.diffblue.cover.buildsystem.config.a.a] out: [INFO] 
12:54:14.694 [INFO]   [Checking]    [maven:out]         [com.diffblue.cover.buildsystem.config.a.a] out: [INFO] --- flatten:1.1.0:flatten (flatten) @ common ---
12:54:14.793 [INFO]   [Checking]    [maven:out]         [com.diffblue.cover.buildsystem.config.a.a] out: [INFO] Generating flattened POM of project uk.gov.gchq.palisade:common:jar:0.5.2-SNAPSHOT...
12:54:14.838 [INFO]   [Checking]    [maven:out]         [com.diffblue.cover.buildsystem.internal.f.f] deserializing line [DIFFBLUE]{"__type":"com.diffblue.cover.buildsystem.model.DefaultEventMessage","project":"uk.gov.gchq.palisade:common","goal":"flatten","cause":null,"state":"SUCCESS"}
12:54:14.840 [INFO]   [Checking]    [maven:out]         [com.diffblue.cover.buildsystem.internal.f.f] deserializing line [DIFFBLUE]{"__type":"com.diffblue.cover.buildsystem.model.DefaultEventMessage","project":"uk.gov.gchq.palisade:common","goal":"compile","cause":null,"state":"STARTED"}
12:54:14.842 [INFO]   [Checking]    [maven:out]         [com.diffblue.cover.buildsystem.config.a.a] out: [INFO] 
12:54:14.842 [INFO]   [Checking]    [maven:out]         [com.diffblue.cover.buildsystem.config.a.a] out: [INFO] --- compiler:3.8.0:compile (default-compile) @ common ---
12:54:14.956 [INFO]   [Checking]    [maven:out]         [com.diffblue.cover.buildsystem.config.a.a] out: [INFO] Nothing to compile - all classes are up to date
12:54:14.957 [INFO]   [Checking]    [maven:out]         [com.diffblue.cover.buildsystem.internal.f.f] deserializing line [DIFFBLUE]{"__type":"com.diffblue.cover.buildsystem.model.DefaultEventMessage","project":"uk.gov.gchq.palisade:common","goal":"compile","cause":null,"state":"SUCCESS"}
12:54:14.959 [INFO]   [Checking]    [maven:out]         [com.diffblue.cover.buildsystem.internal.f.f] deserializing line [DIFFBLUE]{"__type":"com.diffblue.cover.buildsystem.model.DefaultEventMessage","project":"uk.gov.gchq.palisade:common","goal":"javadoc-no-fork","cause":null,"state":"STARTED"}
12:54:14.961 [INFO]   [Checking]    [maven:out]         [com.diffblue.cover.buildsystem.config.a.a] out: [INFO] 
12:54:14.962 [INFO]   [Checking]    [maven:out]         [com.diffblue.cover.buildsystem.config.a.a] out: [INFO] --- javadoc:3.1.0:javadoc-no-fork (javadoc-compile) @ common ---
12:54:16.571 [INFO]   [Checking]    [maven:out]         [com.diffblue.cover.buildsystem.internal.f.f] deserializing line [DIFFBLUE]{"__type":"com.diffblue.cover.buildsystem.model.DefaultEventMessage","project":"uk.gov.gchq.palisade:common","goal":"javadoc-no-fork","cause":null,"state":"SUCCESS"}
12:54:16.573 [INFO]   [Checking]    [maven:out]         [com.diffblue.cover.buildsystem.internal.f.f] deserializing line [DIFFBLUE]{"__type":"com.diffblue.cover.buildsystem.model.DefaultEventMessage","project":"uk.gov.gchq.palisade:common","goal":"aggregate-no-fork","cause":null,"state":"STARTED"}
12:54:16.574 [INFO]   [Checking]    [maven:out]         [com.diffblue.cover.buildsystem.config.a.a] out: [INFO] 
12:54:16.574 [INFO]   [Checking]    [maven:out]         [com.diffblue.cover.buildsystem.config.a.a] out: [INFO] --- javadoc:3.1.0:aggregate-no-fork (javadoc-compile) @ common ---
12:54:18.013 [INFO]   [Checking]    [maven:out]         [com.diffblue.cover.buildsystem.internal.f.f] deserializing line [DIFFBLUE]{"__type":"com.diffblue.cover.buildsystem.model.DefaultEventMessage","project":"uk.gov.gchq.palisade:common","goal":"aggregate-no-fork","cause":null,"state":"SUCCESS"}
12:54:18.015 [INFO]   [Checking]    [maven:out]         [com.diffblue.cover.buildsystem.internal.f.f] deserializing line [DIFFBLUE]{"__type":"com.diffblue.cover.buildsystem.model.DefaultEventMessage","project":"uk.gov.gchq.palisade:common","goal":"testResources","cause":null,"state":"STARTED"}
12:54:18.016 [INFO]   [Checking]    [maven:out]         [com.diffblue.cover.buildsystem.config.a.a] out: [INFO] 
12:54:18.016 [INFO]   [Checking]    [maven:out]         [com.diffblue.cover.buildsystem.config.a.a] out: [INFO] --- resources:3.3.1:testResources (default-testResources) @ common ---
12:54:18.016 [INFO]   [Checking]    [maven:out]         [com.diffblue.cover.buildsystem.config.a.a] out: [INFO] skip non existing resourceDirectory /home/jbergqvist/diffblue/Palisade-common/src/test/resources
12:54:18.017 [INFO]   [Checking]    [maven:out]         [com.diffblue.cover.buildsystem.internal.f.f] deserializing line [DIFFBLUE]{"__type":"com.diffblue.cover.buildsystem.model.DefaultEventMessage","project":"uk.gov.gchq.palisade:common","goal":"testResources","cause":null,"state":"SUCCESS"}
12:54:18.018 [INFO]   [Checking]    [maven:out]         [com.diffblue.cover.buildsystem.internal.f.f] deserializing line [DIFFBLUE]{"__type":"com.diffblue.cover.buildsystem.model.DefaultEventMessage","project":"uk.gov.gchq.palisade:common","goal":"testCompile","cause":null,"state":"STARTED"}
12:54:18.019 [INFO]   [Checking]    [maven:out]         [com.diffblue.cover.buildsystem.config.a.a] out: [INFO] 
12:54:18.019 [INFO]   [Checking]    [maven:out]         [com.diffblue.cover.buildsystem.config.a.a] out: [INFO] --- compiler:3.8.0:testCompile (default-testCompile) @ common ---
12:54:18.021 [INFO]   [Checking]    [maven:out]         [com.diffblue.cover.buildsystem.config.a.a] out: [INFO] Changes detected - recompiling the module!
12:54:18.022 [INFO]   [Checking]    [maven:out]         [com.diffblue.cover.buildsystem.config.a.a] out: [INFO] Compiling 1 source file to /home/jbergqvist/diffblue/Palisade-common/target/test-classes
12:54:18.312 [INFO]   [Checking]    [maven:out]         [com.diffblue.cover.buildsystem.internal.f.f] deserializing line [DIFFBLUE]{"__type":"com.diffblue.cover.buildsystem.model.DefaultEventMessage","project":"uk.gov.gchq.palisade:common","goal":"testCompile","cause":null,"state":"SUCCESS"}
12:54:18.315 [INFO]   [Checking]    [maven:out]         [com.diffblue.cover.buildsystem.internal.f.f] deserializing line [DIFFBLUE]{"__type":"com.diffblue.cover.buildsystem.model.DefaultEventMessage","project":"uk.gov.gchq.palisade:common","goal":"test","cause":null,"state":"STARTED"}
12:54:18.317 [INFO]   [Checking]    [maven:out]         [com.diffblue.cover.buildsystem.config.a.a] out: [INFO] 
12:54:18.318 [INFO]   [Checking]    [maven:out]         [com.diffblue.cover.buildsystem.config.a.a] out: [INFO] --- surefire:3.2.5:test (default-test) @ common ---
12:54:18.401 [INFO]   [Checking]    [maven:out]         [com.diffblue.cover.buildsystem.config.a.a] out: [INFO] Using auto detected provider org.apache.maven.surefire.junitplatform.JUnitPlatformProvider
12:54:18.427 [INFO]   [Checking]    [maven:out]         [com.diffblue.cover.buildsystem.config.a.a] out: [INFO] 
12:54:18.428 [INFO]   [Checking]    [maven:out]         [com.diffblue.cover.buildsystem.config.a.a] out: [INFO] -------------------------------------------------------
12:54:18.428 [INFO]   [Checking]    [maven:out]         [com.diffblue.cover.buildsystem.config.a.a] out: [INFO]  T E S T S
12:54:18.428 [INFO]   [Checking]    [maven:out]         [com.diffblue.cover.buildsystem.config.a.a] out: [INFO] -------------------------------------------------------
12:54:19.038 [INFO]   [Checking]    [maven:out]         [com.diffblue.cover.buildsystem.config.a.a] out: [INFO] Running DummyJupiterDiffblueTest
12:54:19.086 [INFO]   [Checking]    [maven:out]         [com.diffblue.cover.buildsystem.config.a.a] out: [INFO] Tests run: 1, Failures: 0, Errors: 0, Skipped: 0, Time elapsed: 0.040 s -- in DummyJupiterDiffblueTest
12:54:19.123 [INFO]   [Checking]    [maven:out]         [com.diffblue.cover.buildsystem.config.a.a] out: [INFO] 
12:54:19.123 [INFO]   [Checking]    [maven:out]         [com.diffblue.cover.buildsystem.config.a.a] out: [INFO] Results:
12:54:19.123 [INFO]   [Checking]    [maven:out]         [com.diffblue.cover.buildsystem.config.a.a] out: [INFO] 
12:54:19.123 [INFO]   [Checking]    [maven:out]         [com.diffblue.cover.buildsystem.config.a.a] out: [INFO] Tests run: 1, Failures: 0, Errors: 0, Skipped: 0
12:54:19.123 [INFO]   [Checking]    [maven:out]         [com.diffblue.cover.buildsystem.config.a.a] out: [INFO] 
12:54:19.126 [INFO]   [Checking]    [maven:out]         [com.diffblue.cover.buildsystem.internal.f.f] deserializing line [DIFFBLUE]{"__type":"com.diffblue.cover.buildsystem.model.DefaultEventMessage","project":"uk.gov.gchq.palisade:common","goal":"test","cause":null,"state":"SUCCESS"}
12:54:19.150 [INFO]   [Checking]    [maven:out]         [com.diffblue.cover.buildsystem.internal.f.f] deserializing line [DIFFBLUE]{"__type":"com.diffblue.cover.buildsystem.model.DefaultProjectModuleMessage","project":{"__type":"DefaultProjectModule","junitReport":["/home/jbergqvist/diffblue/Palisade-common/target/surefire-reports"],"jacocoReport":["/home/jbergqvist/diffblue/Palisade-common/target/site/jacoco/jacoco.xml"],"jacocoDestFile":["${sonar.jacoco.reportPath}","/home/jbergqvist/diffblue/Palisade-common/target/jacoco.exec"],"jacocoFormats":["xml"],"jacocoSkipped":false,"classpath":["/home/jbergqvist/diffblue/Palisade-common/target/classes","/home/jbergqvist/.m2/repository/com/typesafe/akka/akka-stream_2.13/2.6.10/akka-stream_2.13-2.6.10.jar","/home/jbergqvist/.m2/repository/org/scala-lang/scala-library/2.13.3/scala-library-2.13.3.jar","/home/jbergqvist/.m2/repository/com/typesafe/akka/akka-actor_2.13/2.6.10/akka-actor_2.13-2.6.10.jar","/home/jbergqvist/.m2/repository/com/typesafe/config/1.4.0/config-1.4.0.jar","/home/jbergqvist/.m2/repository/org/scala-lang/modules/scala-java8-compat_2.13/0.9.0/scala-java8-compat_2.13-0.9.0.jar","/home/jbergqvist/.m2/repository/com/typesafe/akka/akka-protobuf-v3_2.13/2.6.10/akka-protobuf-v3_2.13-2.6.10.jar","/home/jbergqvist/.m2/repository/org/reactivestreams/reactive-streams/1.0.3/reactive-streams-1.0.3.jar","/home/jbergqvist/.m2/repository/com/typesafe/ssl-config-core_2.13/0.4.2/ssl-config-core_2.13-0.4.2.jar","/home/jbergqvist/.m2/repository/org/scala-lang/modules/scala-parser-combinators_2.13/1.1.2/scala-parser-combinators_2.13-1.1.2.jar","/home/jbergqvist/.m2/repository/org/junit/jupiter/junit-jupiter-engine/5.13.4/junit-jupiter-engine-5.13.4.jar","/home/jbergqvist/.m2/repository/org/junit/platform/junit-platform-engine/1.13.4/junit-platform-engine-1.13.4.jar","/home/jbergqvist/.m2/repository/org/opentest4j/opentest4j/1.3.0/opentest4j-1.3.0.jar","/home/jbergqvist/.m2/repository/org/junit/platform/junit-platform-commons/1.13.4/junit-platform-commons-1.13.4.jar","/home/jbergqvist/.m2/repository/org/junit/jupiter/junit-jupiter-api/5.13.4/junit-jupiter-api-5.13.4.jar","/home/jbergqvist/.m2/repository/org/apiguardian/apiguardian-api/1.1.2/apiguardian-api-1.1.2.jar","/home/jbergqvist/.m2/repository/org/mockito/mockito-core/5.20.0/mockito-core-5.20.0.jar","/home/jbergqvist/.m2/repository/net/bytebuddy/byte-buddy/1.17.7/byte-buddy-1.17.7.jar","/home/jbergqvist/.m2/repository/net/bytebuddy/byte-buddy-agent/1.17.7/byte-buddy-agent-1.17.7.jar","/home/jbergqvist/.m2/repository/org/objenesis/objenesis/3.3/objenesis-3.3.jar","/home/jbergqvist/.m2/repository/org/mockito/mockito-junit-jupiter/5.20.0/mockito-junit-jupiter-5.20.0.jar","/home/jbergqvist/.m2/repository/com/fasterxml/jackson/core/jackson-databind/2.11.0/jackson-databind-2.11.0.jar","/home/jbergqvist/.m2/repository/com/fasterxml/jackson/core/jackson-annotations/2.11.0/jackson-annotations-2.11.0.jar","/home/jbergqvist/.m2/repository/com/fasterxml/jackson/core/jackson-core/2.11.0/jackson-core-2.11.0.jar","/home/jbergqvist/.m2/repository/org/slf4j/slf4j-api/1.7.25/slf4j-api-1.7.25.jar","/home/jbergqvist/.m2/repository/com/diffblue/cover/cover-annotations/1.8.0/cover-annotations-1.8.0.jar"],"complianceLevel":"11","productionSources":["/home/jbergqvist/diffblue/Palisade-common/src/main/java"],"testSources":["/home/jbergqvist/diffblue/Palisade-common/src/test/java"],"productionClasses":"/home/jbergqvist/diffblue/Palisade-common/target/classes","testClasses":"/home/jbergqvist/diffblue/Palisade-common/target/test-classes","sourceToBuildPathMap":null,"testSourceToBuildPathMap":null,"buildDirectory":"/home/jbergqvist/diffblue/Palisade-common/target","plugins":[{"__type":"DefaultPlugin","groupId":"org.apache.maven.plugins","artefactId":"maven-compiler-plugin","version":"3.8.0","pluginClassName":null},{"__type":"DefaultPlugin","groupId":"org.apache.maven.plugins","artefactId":"maven-javadoc-plugin","version":"3.1.0","pluginClassName":null},{"__type":"DefaultPlugin","groupId":"org.apache.maven.plugins","artefactId":"maven-dependency-plugin","version":"3.1.2","pluginClassName":null},{"__type":"DefaultPlugin","groupId":"org.codehaus.mojo","artefactId":"flatten-maven-plugin","version":"1.1.0","pluginClassName":null},{"__type":"DefaultPlugin","groupId":"org.codehaus.mojo","artefactId":"license-maven-plugin","version":"2.0.0","pluginClassName":null},{"__type":"DefaultPlugin","groupId":"org.jacoco","artefactId":"jacoco-maven-plugin","version":"0.8.5","pluginClassName":null},{"__type":"DefaultPlugin","groupId":"org.apache.maven.plugins","artefactId":"maven-checkstyle-plugin","version":"3.1.0","pluginClassName":null},{"__type":"DefaultPlugin","groupId":"org.apache.maven.plugins","artefactId":"maven-clean-plugin","version":"3.2.0","pluginClassName":null},{"__type":"DefaultPlugin","groupId":"org.apache.maven.plugins","artefactId":"maven-resources-plugin","version":"3.3.1","pluginClassName":null},{"__type":"DefaultPlugin","groupId":"org.apache.maven.plugins","artefactId":"maven-jar-plugin","version":"3.4.1","pluginClassName":null},{"__type":"DefaultPlugin","groupId":"org.apache.maven.plugins","artefactId":"maven-surefire-plugin","version":"3.2.5","pluginClassName":null},{"__type":"DefaultPlugin","groupId":"org.apache.maven.plugins","artefactId":"maven-install-plugin","version":"3.1.2","pluginClassName":null},{"__type":"DefaultPlugin","groupId":"org.apache.maven.plugins","artefactId":"maven-deploy-plugin","version":"3.1.2","pluginClassName":null},{"__type":"DefaultPlugin","groupId":"org.apache.maven.plugins","artefactId":"maven-site-plugin","version":"3.12.1","pluginClassName":null}],"version":"3.9.12","encoding":"UTF-8","name":"maven","subModules":[],"simpleModuleName":null,"parentModuleName":null,"location":"/home/jbergqvist/diffblue/Palisade-common","fullModuleName":"uk.gov.gchq.palisade:common"}}
12:54:19.155 [INFO]   [Checking]    [maven:out]         [com.diffblue.cover.buildsystem.config.a.a] out: [INFO] ------------------------------------------------------------------------
12:54:19.155 [INFO]   [Checking]    [maven:out]         [com.diffblue.cover.buildsystem.config.a.a] out: [INFO] BUILD SUCCESS
12:54:19.156 [INFO]   [Checking]    [maven:out]         [com.diffblue.cover.buildsystem.config.a.a] out: [INFO] ------------------------------------------------------------------------
12:54:19.156 [INFO]   [Checking]    [maven:out]         [com.diffblue.cover.buildsystem.config.a.a] out: [INFO] Total time:  5.094 s
12:54:19.156 [INFO]   [Checking]    [maven:out]         [com.diffblue.cover.buildsystem.config.a.a] out: [INFO] Finished at: 2026-01-12T12:54:19Z
12:54:19.156 [INFO]   [Checking]    [maven:out]         [com.diffblue.cover.buildsystem.config.a.a] out: [INFO] ------------------------------------------------------------------------
12:54:19.156 [INFO]   [Checking]    [maven:out]         [com.diffblue.cover.buildsystem.internal.f.f] deserializing line [DIFFBLUE]{"__type":"com.diffblue.cover.buildsystem.model.ProjectInfoMessage","projectName":"uk.gov.gchq.palisade:common","productionSources":["/home/jbergqvist/diffblue/Palisade-common/src/main/java","/home/jbergqvist/diffblue/Palisade-common/target/generated-sources/annotations"],"testSources":["/home/jbergqvist/diffblue/Palisade-common/src/test/java","/home/jbergqvist/diffblue/Palisade-common/target/generated-test-sources/test-annotations"],"location":"/home/jbergqvist/diffblue/Palisade-common"}
12:54:19.194 [INFO]   [Checking]    [main]              [com.diffblue.cover.buildsystem.internal.f.d] maven:err process not stopped, joining thread
12:54:19.194 [INFO]   [Checking]    [main]              [com.diffblue.cover.buildsystem.internal.f.d] maven:out process not stopped, joining thread
12:54:19.194 [DEBUG]  [Checking]    [main]              [com.diffblue.cover.buildsystem.config.a.a] Executor spent 5s on command "/home/jbergqvist/.sdkman/candidates/maven/current/bin/mvn -Dmaven.ext.class.path=/opt/cover/cover-buildsystem-maven-spy-jar-with-dependencies.jar -Dcom.diffblue.cover.skipTests=true -DskipTestOptimizer --batch-mode --projects=uk.gov.gchq.palisade:common --global-settings=/home/jbergqvist/.sdkman/candidates/maven/current/conf/settings.xml -Dcheckstyle.skip=true test -DfailIfNoTests=false -Dsurefire.failIfNoSpecifiedTests=false -Dmaven.test.failure.ignore=True -Dtest=DummyJupiterDiffblueTest"
12:54:19.194 [DEBUG]  [Checking]    [main]              [com.diffblue.cover.configuration.e] Purging written files... [/home/jbergqvist/diffblue/Palisade-common/src/test/java/DummyJupiterDiffblueTest.java]
12:54:19.195 [DEBUG]  [Checking]    [main]              [com.diffblue.cover.configuration.e] Attempting to find class files '[DummyJupiterDiffblueTest.class]' in '/home/jbergqvist/diffblue/Palisade-common/target/classes'
12:54:19.196 [DEBUG]  [Checking]    [main]              [com.diffblue.cover.configuration.e] Attempting to find class files '[DummyJupiterDiffblueTest.class]' in '/home/jbergqvist/diffblue/Palisade-common/target/test-classes'
12:54:19.197 [DEBUG]  [Checking]    [main]              [com.diffblue.cover.configuration.e] Found /home/jbergqvist/diffblue/Palisade-common/target/test-classes/DummyJupiterDiffblueTest.class, scheduling deletion
12:54:19.197 [DEBUG]  [Checking]    [main]              [com.diffblue.cover.configuration.a.e] DetectorCache miss DETECTED_TESTS_EXECUTE_WITH_JUNIT_JUPITER
12:54:19.197 [DEBUG]  [Checking]    [main]              [com.diffblue.cover.configuration.cache.a] Writing cache to /home/jbergqvist/diffblue/Palisade-common/.diffblue/cache/env.json containing 12 items
12:54:19.201 [DEBUG]  [Checking]    [main]              [com.diffblue.cover.commons.l.d] Processing rule com.diffblue.cover.configuration.a.bf took 5929ms
12:54:19.202 [DEBUG]  [Checking]    [main]              [com.diffblue.cover.configuration.a.e] DetectorCache miss DETECTED_TESTS_EXECUTE_WITH_JUNIT
12:54:19.202 [DEBUG]  [Checking]    [main]              [com.diffblue.cover.configuration.cache.a] Writing cache to /home/jbergqvist/diffblue/Palisade-common/.diffblue/cache/env.json containing 12 items
12:54:19.206 [DEBUG]  [Checking]    [main]              [com.diffblue.cover.configuration.c.q] JUnitJupiter5 is present
12:54:19.206 [DEBUG]  [Checking]    [main]              [com.diffblue.cover.configuration.c.q] JUnitJupiter5 is supported
12:54:19.206 [DEBUG]  [Checking]    [main]              [com.diffblue.cover.configuration.c.q] JUnit 5 is present and either it's not been specified by the user or it is the same as the version the user specified
12:54:19.207 [INFO]   [Checking]    [main]              [com.diffblue.cover.ui.controller.r] Selected test framework: JUnit Jupiter API
12:54:19.213 [DEBUG]  [Checking]    [main]              [com.diffblue.cover.commons.dependency.a.b] Detected Mockito JUnit Jupiter version 5.20.0 (via jar:file:/home/jbergqvist/.m2/repository/org/mockito/mockito-junit-jupiter/5.20.0/mockito-junit-jupiter-5.20.0.jar!/org/mockito/junit/jupiter/MockitoExtension.class)
12:54:19.214 [INFO]   [Checking]    [main]              [com.diffblue.cover.ui.controller.r] Detected Mockito JUnit Jupiter version 5.20.0
12:54:19.253 [DEBUG]  [Checking]    [main]              [com.diffblue.cover.buildsystem.config.registry.Registry] checking if /home/jbergqvist/diffblue/Palisade-common/DiffblueBuild.yaml exists...
12:54:19.253 [DEBUG]  [Checking]    [main]              [com.diffblue.cover.buildsystem.config.registry.Registry] checking if /home/jbergqvist/diffblue/Palisade-common/DiffblueBuild.yml exists...
12:54:19.253 [INFO]   [Checking]    [main]              [com.diffblue.cover.buildsystem.config.registry.Registry] Using default build rules as no custom rules found in any of [/home/jbergqvist/diffblue/Palisade-common]
12:54:19.253 [DEBUG]  [Checking]    [main]              [com.diffblue.cover.buildsystem.config.registry.Registry] Build execution request for Test Phase
12:54:19.254 [INFO]   [Checking]    [main]              [com.diffblue.cover.buildsystem.config.a.a] Attempting to invoke mvnw in working directory: /home/jbergqvist/diffblue/Palisade-common
12:54:19.254 [INFO]   [Checking]    [main]              [com.diffblue.cover.buildsystem.config.a.a] Attempting to invoke /home/jbergqvist/.sdkman/candidates/maven/current/bin/mvn in working directory: /home/jbergqvist/diffblue/Palisade-common
12:54:19.254 [INFO]   [Checking]    [main]              [com.diffblue.cover.buildsystem.config.a.a] Started "/home/jbergqvist/.sdkman/candidates/maven/current/bin/mvn -Dmaven.ext.class.path=/opt/cover/cover-buildsystem-maven-spy-jar-with-dependencies.jar -Dcom.diffblue.cover.skipTests=true -DskipTestOptimizer --batch-mode --projects=uk.gov.gchq.palisade:common --global-settings=/home/jbergqvist/.sdkman/candidates/maven/current/conf/settings.xml -Dcheckstyle.skip=true test -DfailIfNoTests=false -Dsurefire.failIfNoSpecifiedTests=false -Dmaven.test.failure.ignore=True -Dtest=DummyJUnitJupiterLauncherDiffblueTest8741179567179717578"
12:54:20.042 [INFO]   [Checking]    [maven:out]         [com.diffblue.cover.buildsystem.config.a.a] out: [INFO] Scanning for projects...
12:54:20.114 [INFO]   [Checking]    [maven:out]         [com.diffblue.cover.buildsystem.config.a.a] out: [INFO] 
12:54:20.114 [INFO]   [Checking]    [maven:out]         [com.diffblue.cover.buildsystem.config.a.a] out: [INFO] --------------------< uk.gov.gchq.palisade:common >---------------------
12:54:20.114 [INFO]   [Checking]    [maven:out]         [com.diffblue.cover.buildsystem.config.a.a] out: [INFO] Building GCHQ Palisade Common Library 0.5.2-SNAPSHOT
12:54:20.114 [INFO]   [Checking]    [maven:out]         [com.diffblue.cover.buildsystem.config.a.a] out: [INFO]   from pom.xml
12:54:20.115 [INFO]   [Checking]    [maven:out]         [com.diffblue.cover.buildsystem.config.a.a] out: [INFO] --------------------------------[ jar ]---------------------------------
12:54:20.402 [INFO]   [Checking]    [maven:out]         [com.diffblue.cover.buildsystem.internal.f.f] deserializing line [DIFFBLUE]{"__type":"com.diffblue.cover.buildsystem.model.DefaultEventMessage","project":"uk.gov.gchq.palisade:common","goal":"prepare-agent","cause":null,"state":"STARTED"}
12:54:20.403 [INFO]   [Checking]    [maven:out]         [com.diffblue.cover.buildsystem.config.a.a] out: [INFO] 
12:54:20.403 [INFO]   [Checking]    [maven:out]         [com.diffblue.cover.buildsystem.config.a.a] out: [INFO] --- jacoco:0.8.5:prepare-agent (agent) @ common ---
12:54:20.638 [INFO]   [Checking]    [maven:out]         [com.diffblue.cover.buildsystem.config.a.a] out: [INFO] argLine set to -javaagent:/home/jbergqvist/.m2/repository/org/jacoco/org.jacoco.agent/0.8.5/org.jacoco.agent-0.8.5-runtime.jar=destfile=/home/jbergqvist/diffblue/Palisade-common/target/jacoco.exec,append=true
12:54:20.639 [INFO]   [Checking]    [maven:out]         [com.diffblue.cover.buildsystem.internal.f.f] deserializing line [DIFFBLUE]{"__type":"com.diffblue.cover.buildsystem.model.DefaultEventMessage","project":"uk.gov.gchq.palisade:common","goal":"prepare-agent","cause":null,"state":"SUCCESS"}
12:54:20.641 [INFO]   [Checking]    [maven:out]         [com.diffblue.cover.buildsystem.internal.f.f] deserializing line [DIFFBLUE]{"__type":"com.diffblue.cover.buildsystem.model.DefaultEventMessage","project":"uk.gov.gchq.palisade:common","goal":"resources","cause":null,"state":"STARTED"}
12:54:20.643 [INFO]   [Checking]    [maven:out]         [com.diffblue.cover.buildsystem.config.a.a] out: [INFO] 
12:54:20.643 [INFO]   [Checking]    [maven:out]         [com.diffblue.cover.buildsystem.config.a.a] out: [INFO] --- resources:3.3.1:resources (default-resources) @ common ---
12:54:20.693 [INFO]   [Checking]    [maven:out]         [com.diffblue.cover.buildsystem.config.a.a] out: [INFO] Copying 1 resource from src/main/resources to target/classes
12:54:20.696 [INFO]   [Checking]    [maven:out]         [com.diffblue.cover.buildsystem.internal.f.f] deserializing line [DIFFBLUE]{"__type":"com.diffblue.cover.buildsystem.model.DefaultEventMessage","project":"uk.gov.gchq.palisade:common","goal":"resources","cause":null,"state":"SUCCESS"}
12:54:20.698 [INFO]   [Checking]    [maven:out]         [com.diffblue.cover.buildsystem.internal.f.f] deserializing line [DIFFBLUE]{"__type":"com.diffblue.cover.buildsystem.model.DefaultEventMessage","project":"uk.gov.gchq.palisade:common","goal":"flatten","cause":null,"state":"STARTED"}
12:54:20.701 [INFO]   [Checking]    [maven:out]         [com.diffblue.cover.buildsystem.config.a.a] out: [INFO] 
12:54:20.701 [INFO]   [Checking]    [maven:out]         [com.diffblue.cover.buildsystem.config.a.a] out: [INFO] --- flatten:1.1.0:flatten (flatten) @ common ---
12:54:20.802 [INFO]   [Checking]    [maven:out]         [com.diffblue.cover.buildsystem.config.a.a] out: [INFO] Generating flattened POM of project uk.gov.gchq.palisade:common:jar:0.5.2-SNAPSHOT...
12:54:20.844 [INFO]   [Checking]    [maven:out]         [com.diffblue.cover.buildsystem.internal.f.f] deserializing line [DIFFBLUE]{"__type":"com.diffblue.cover.buildsystem.model.DefaultEventMessage","project":"uk.gov.gchq.palisade:common","goal":"flatten","cause":null,"state":"SUCCESS"}
12:54:20.846 [INFO]   [Checking]    [maven:out]         [com.diffblue.cover.buildsystem.internal.f.f] deserializing line [DIFFBLUE]{"__type":"com.diffblue.cover.buildsystem.model.DefaultEventMessage","project":"uk.gov.gchq.palisade:common","goal":"compile","cause":null,"state":"STARTED"}
12:54:20.847 [INFO]   [Checking]    [maven:out]         [com.diffblue.cover.buildsystem.config.a.a] out: [INFO] 
12:54:20.847 [INFO]   [Checking]    [maven:out]         [com.diffblue.cover.buildsystem.config.a.a] out: [INFO] --- compiler:3.8.0:compile (default-compile) @ common ---
12:54:20.963 [INFO]   [Checking]    [maven:out]         [com.diffblue.cover.buildsystem.config.a.a] out: [INFO] Nothing to compile - all classes are up to date
12:54:20.965 [INFO]   [Checking]    [maven:out]         [com.diffblue.cover.buildsystem.internal.f.f] deserializing line [DIFFBLUE]{"__type":"com.diffblue.cover.buildsystem.model.DefaultEventMessage","project":"uk.gov.gchq.palisade:common","goal":"compile","cause":null,"state":"SUCCESS"}
12:54:20.967 [INFO]   [Checking]    [maven:out]         [com.diffblue.cover.buildsystem.internal.f.f] deserializing line [DIFFBLUE]{"__type":"com.diffblue.cover.buildsystem.model.DefaultEventMessage","project":"uk.gov.gchq.palisade:common","goal":"javadoc-no-fork","cause":null,"state":"STARTED"}
12:54:20.969 [INFO]   [Checking]    [maven:out]         [com.diffblue.cover.buildsystem.config.a.a] out: [INFO] 
12:54:20.969 [INFO]   [Checking]    [maven:out]         [com.diffblue.cover.buildsystem.config.a.a] out: [INFO] --- javadoc:3.1.0:javadoc-no-fork (javadoc-compile) @ common ---
12:54:22.683 [INFO]   [Checking]    [maven:out]         [com.diffblue.cover.buildsystem.internal.f.f] deserializing line [DIFFBLUE]{"__type":"com.diffblue.cover.buildsystem.model.DefaultEventMessage","project":"uk.gov.gchq.palisade:common","goal":"javadoc-no-fork","cause":null,"state":"SUCCESS"}
12:54:22.685 [INFO]   [Checking]    [maven:out]         [com.diffblue.cover.buildsystem.internal.f.f] deserializing line [DIFFBLUE]{"__type":"com.diffblue.cover.buildsystem.model.DefaultEventMessage","project":"uk.gov.gchq.palisade:common","goal":"aggregate-no-fork","cause":null,"state":"STARTED"}
12:54:22.687 [INFO]   [Checking]    [maven:out]         [com.diffblue.cover.buildsystem.config.a.a] out: [INFO] 
12:54:22.687 [INFO]   [Checking]    [maven:out]         [com.diffblue.cover.buildsystem.config.a.a] out: [INFO] --- javadoc:3.1.0:aggregate-no-fork (javadoc-compile) @ common ---
12:54:24.017 [INFO]   [Checking]    [maven:out]         [com.diffblue.cover.buildsystem.internal.f.f] deserializing line [DIFFBLUE]{"__type":"com.diffblue.cover.buildsystem.model.DefaultEventMessage","project":"uk.gov.gchq.palisade:common","goal":"aggregate-no-fork","cause":null,"state":"SUCCESS"}
12:54:24.019 [INFO]   [Checking]    [maven:out]         [com.diffblue.cover.buildsystem.internal.f.f] deserializing line [DIFFBLUE]{"__type":"com.diffblue.cover.buildsystem.model.DefaultEventMessage","project":"uk.gov.gchq.palisade:common","goal":"testResources","cause":null,"state":"STARTED"}
12:54:24.020 [INFO]   [Checking]    [maven:out]         [com.diffblue.cover.buildsystem.config.a.a] out: [INFO] 
12:54:24.020 [INFO]   [Checking]    [maven:out]         [com.diffblue.cover.buildsystem.config.a.a] out: [INFO] --- resources:3.3.1:testResources (default-testResources) @ common ---
12:54:24.020 [INFO]   [Checking]    [maven:out]         [com.diffblue.cover.buildsystem.config.a.a] out: [INFO] skip non existing resourceDirectory /home/jbergqvist/diffblue/Palisade-common/src/test/resources
12:54:24.020 [INFO]   [Checking]    [maven:out]         [com.diffblue.cover.buildsystem.internal.f.f] deserializing line [DIFFBLUE]{"__type":"com.diffblue.cover.buildsystem.model.DefaultEventMessage","project":"uk.gov.gchq.palisade:common","goal":"testResources","cause":null,"state":"SUCCESS"}
12:54:24.022 [INFO]   [Checking]    [maven:out]         [com.diffblue.cover.buildsystem.internal.f.f] deserializing line [DIFFBLUE]{"__type":"com.diffblue.cover.buildsystem.model.DefaultEventMessage","project":"uk.gov.gchq.palisade:common","goal":"testCompile","cause":null,"state":"STARTED"}
12:54:24.023 [INFO]   [Checking]    [maven:out]         [com.diffblue.cover.buildsystem.config.a.a] out: [INFO] 
12:54:24.023 [INFO]   [Checking]    [maven:out]         [com.diffblue.cover.buildsystem.config.a.a] out: [INFO] --- compiler:3.8.0:testCompile (default-testCompile) @ common ---
12:54:24.024 [INFO]   [Checking]    [maven:out]         [com.diffblue.cover.buildsystem.config.a.a] out: [INFO] Changes detected - recompiling the module!
12:54:24.025 [INFO]   [Checking]    [maven:out]         [com.diffblue.cover.buildsystem.config.a.a] out: [INFO] Compiling 1 source file to /home/jbergqvist/diffblue/Palisade-common/target/test-classes
12:54:24.348 [INFO]   [Checking]    [maven:out]         [com.diffblue.cover.buildsystem.internal.f.f] deserializing line [DIFFBLUE]{"__type":"com.diffblue.cover.buildsystem.model.DefaultEventMessage","project":"uk.gov.gchq.palisade:common","goal":"testCompile","cause":null,"state":"SUCCESS"}
12:54:24.350 [INFO]   [Checking]    [maven:out]         [com.diffblue.cover.buildsystem.internal.f.f] deserializing line [DIFFBLUE]{"__type":"com.diffblue.cover.buildsystem.model.DefaultEventMessage","project":"uk.gov.gchq.palisade:common","goal":"test","cause":null,"state":"STARTED"}
12:54:24.351 [INFO]   [Checking]    [maven:out]         [com.diffblue.cover.buildsystem.config.a.a] out: [INFO] 
12:54:24.351 [INFO]   [Checking]    [maven:out]         [com.diffblue.cover.buildsystem.config.a.a] out: [INFO] --- surefire:3.2.5:test (default-test) @ common ---
12:54:24.436 [INFO]   [Checking]    [maven:out]         [com.diffblue.cover.buildsystem.config.a.a] out: [INFO] Using auto detected provider org.apache.maven.surefire.junitplatform.JUnitPlatformProvider
12:54:24.466 [INFO]   [Checking]    [maven:out]         [com.diffblue.cover.buildsystem.config.a.a] out: [INFO] 
12:54:24.466 [INFO]   [Checking]    [maven:out]         [com.diffblue.cover.buildsystem.config.a.a] out: [INFO] -------------------------------------------------------
12:54:24.466 [INFO]   [Checking]    [maven:out]         [com.diffblue.cover.buildsystem.config.a.a] out: [INFO]  T E S T S
12:54:24.466 [INFO]   [Checking]    [maven:out]         [com.diffblue.cover.buildsystem.config.a.a] out: [INFO] -------------------------------------------------------
12:54:25.128 [INFO]   [Checking]    [maven:out]         [com.diffblue.cover.buildsystem.config.a.a] out: [INFO] Running DummyJUnitJupiterLauncherDiffblueTest8741179567179717578
12:54:25.173 [INFO]   [Checking]    [maven:out]         [com.diffblue.cover.buildsystem.config.a.a] out: [INFO] Tests run: 1, Failures: 0, Errors: 0, Skipped: 0, Time elapsed: 0.033 s -- in DummyJUnitJupiterLauncherDiffblueTest8741179567179717578
12:54:25.204 [INFO]   [Checking]    [maven:out]         [com.diffblue.cover.buildsystem.config.a.a] out: [INFO] 
12:54:25.204 [INFO]   [Checking]    [maven:out]         [com.diffblue.cover.buildsystem.config.a.a] out: [INFO] Results:
12:54:25.204 [INFO]   [Checking]    [maven:out]         [com.diffblue.cover.buildsystem.config.a.a] out: [INFO] 
12:54:25.205 [INFO]   [Checking]    [maven:out]         [com.diffblue.cover.buildsystem.config.a.a] out: [INFO] Tests run: 1, Failures: 0, Errors: 0, Skipped: 0
12:54:25.205 [INFO]   [Checking]    [maven:out]         [com.diffblue.cover.buildsystem.config.a.a] out: [INFO] 
12:54:25.207 [INFO]   [Checking]    [maven:out]         [com.diffblue.cover.buildsystem.internal.f.f] deserializing line [DIFFBLUE]{"__type":"com.diffblue.cover.buildsystem.model.DefaultEventMessage","project":"uk.gov.gchq.palisade:common","goal":"test","cause":null,"state":"SUCCESS"}
12:54:25.228 [INFO]   [Checking]    [maven:out]         [com.diffblue.cover.buildsystem.internal.f.f] deserializing line [DIFFBLUE]{"__type":"com.diffblue.cover.buildsystem.model.DefaultProjectModuleMessage","project":{"__type":"DefaultProjectModule","junitReport":["/home/jbergqvist/diffblue/Palisade-common/target/surefire-reports"],"jacocoReport":["/home/jbergqvist/diffblue/Palisade-common/target/site/jacoco/jacoco.xml"],"jacocoDestFile":["${sonar.jacoco.reportPath}","/home/jbergqvist/diffblue/Palisade-common/target/jacoco.exec"],"jacocoFormats":["xml"],"jacocoSkipped":false,"classpath":["/home/jbergqvist/diffblue/Palisade-common/target/classes","/home/jbergqvist/.m2/repository/com/typesafe/akka/akka-stream_2.13/2.6.10/akka-stream_2.13-2.6.10.jar","/home/jbergqvist/.m2/repository/org/scala-lang/scala-library/2.13.3/scala-library-2.13.3.jar","/home/jbergqvist/.m2/repository/com/typesafe/akka/akka-actor_2.13/2.6.10/akka-actor_2.13-2.6.10.jar","/home/jbergqvist/.m2/repository/com/typesafe/config/1.4.0/config-1.4.0.jar","/home/jbergqvist/.m2/repository/org/scala-lang/modules/scala-java8-compat_2.13/0.9.0/scala-java8-compat_2.13-0.9.0.jar","/home/jbergqvist/.m2/repository/com/typesafe/akka/akka-protobuf-v3_2.13/2.6.10/akka-protobuf-v3_2.13-2.6.10.jar","/home/jbergqvist/.m2/repository/org/reactivestreams/reactive-streams/1.0.3/reactive-streams-1.0.3.jar","/home/jbergqvist/.m2/repository/com/typesafe/ssl-config-core_2.13/0.4.2/ssl-config-core_2.13-0.4.2.jar","/home/jbergqvist/.m2/repository/org/scala-lang/modules/scala-parser-combinators_2.13/1.1.2/scala-parser-combinators_2.13-1.1.2.jar","/home/jbergqvist/.m2/repository/org/junit/jupiter/junit-jupiter-engine/5.13.4/junit-jupiter-engine-5.13.4.jar","/home/jbergqvist/.m2/repository/org/junit/platform/junit-platform-engine/1.13.4/junit-platform-engine-1.13.4.jar","/home/jbergqvist/.m2/repository/org/opentest4j/opentest4j/1.3.0/opentest4j-1.3.0.jar","/home/jbergqvist/.m2/repository/org/junit/platform/junit-platform-commons/1.13.4/junit-platform-commons-1.13.4.jar","/home/jbergqvist/.m2/repository/org/junit/jupiter/junit-jupiter-api/5.13.4/junit-jupiter-api-5.13.4.jar","/home/jbergqvist/.m2/repository/org/apiguardian/apiguardian-api/1.1.2/apiguardian-api-1.1.2.jar","/home/jbergqvist/.m2/repository/org/mockito/mockito-core/5.20.0/mockito-core-5.20.0.jar","/home/jbergqvist/.m2/repository/net/bytebuddy/byte-buddy/1.17.7/byte-buddy-1.17.7.jar","/home/jbergqvist/.m2/repository/net/bytebuddy/byte-buddy-agent/1.17.7/byte-buddy-agent-1.17.7.jar","/home/jbergqvist/.m2/repository/org/objenesis/objenesis/3.3/objenesis-3.3.jar","/home/jbergqvist/.m2/repository/org/mockito/mockito-junit-jupiter/5.20.0/mockito-junit-jupiter-5.20.0.jar","/home/jbergqvist/.m2/repository/com/fasterxml/jackson/core/jackson-databind/2.11.0/jackson-databind-2.11.0.jar","/home/jbergqvist/.m2/repository/com/fasterxml/jackson/core/jackson-annotations/2.11.0/jackson-annotations-2.11.0.jar","/home/jbergqvist/.m2/repository/com/fasterxml/jackson/core/jackson-core/2.11.0/jackson-core-2.11.0.jar","/home/jbergqvist/.m2/repository/org/slf4j/slf4j-api/1.7.25/slf4j-api-1.7.25.jar","/home/jbergqvist/.m2/repository/com/diffblue/cover/cover-annotations/1.8.0/cover-annotations-1.8.0.jar"],"complianceLevel":"11","productionSources":["/home/jbergqvist/diffblue/Palisade-common/src/main/java"],"testSources":["/home/jbergqvist/diffblue/Palisade-common/src/test/java"],"productionClasses":"/home/jbergqvist/diffblue/Palisade-common/target/classes","testClasses":"/home/jbergqvist/diffblue/Palisade-common/target/test-classes","sourceToBuildPathMap":null,"testSourceToBuildPathMap":null,"buildDirectory":"/home/jbergqvist/diffblue/Palisade-common/target","plugins":[{"__type":"DefaultPlugin","groupId":"org.apache.maven.plugins","artefactId":"maven-compiler-plugin","version":"3.8.0","pluginClassName":null},{"__type":"DefaultPlugin","groupId":"org.apache.maven.plugins","artefactId":"maven-javadoc-plugin","version":"3.1.0","pluginClassName":null},{"__type":"DefaultPlugin","groupId":"org.apache.maven.plugins","artefactId":"maven-dependency-plugin","version":"3.1.2","pluginClassName":null},{"__type":"DefaultPlugin","groupId":"org.codehaus.mojo","artefactId":"flatten-maven-plugin","version":"1.1.0","pluginClassName":null},{"__type":"DefaultPlugin","groupId":"org.codehaus.mojo","artefactId":"license-maven-plugin","version":"2.0.0","pluginClassName":null},{"__type":"DefaultPlugin","groupId":"org.jacoco","artefactId":"jacoco-maven-plugin","version":"0.8.5","pluginClassName":null},{"__type":"DefaultPlugin","groupId":"org.apache.maven.plugins","artefactId":"maven-checkstyle-plugin","version":"3.1.0","pluginClassName":null},{"__type":"DefaultPlugin","groupId":"org.apache.maven.plugins","artefactId":"maven-clean-plugin","version":"3.2.0","pluginClassName":null},{"__type":"DefaultPlugin","groupId":"org.apache.maven.plugins","artefactId":"maven-resources-plugin","version":"3.3.1","pluginClassName":null},{"__type":"DefaultPlugin","groupId":"org.apache.maven.plugins","artefactId":"maven-jar-plugin","version":"3.4.1","pluginClassName":null},{"__type":"DefaultPlugin","groupId":"org.apache.maven.plugins","artefactId":"maven-surefire-plugin","version":"3.2.5","pluginClassName":null},{"__type":"DefaultPlugin","groupId":"org.apache.maven.plugins","artefactId":"maven-install-plugin","version":"3.1.2","pluginClassName":null},{"__type":"DefaultPlugin","groupId":"org.apache.maven.plugins","artefactId":"maven-deploy-plugin","version":"3.1.2","pluginClassName":null},{"__type":"DefaultPlugin","groupId":"org.apache.maven.plugins","artefactId":"maven-site-plugin","version":"3.12.1","pluginClassName":null}],"version":"3.9.12","encoding":"UTF-8","name":"maven","subModules":[],"simpleModuleName":null,"parentModuleName":null,"location":"/home/jbergqvist/diffblue/Palisade-common","fullModuleName":"uk.gov.gchq.palisade:common"}}
12:54:25.232 [INFO]   [Checking]    [maven:out]         [com.diffblue.cover.buildsystem.config.a.a] out: [INFO] ------------------------------------------------------------------------
12:54:25.232 [INFO]   [Checking]    [maven:out]         [com.diffblue.cover.buildsystem.config.a.a] out: [INFO] BUILD SUCCESS
12:54:25.232 [INFO]   [Checking]    [maven:out]         [com.diffblue.cover.buildsystem.config.a.a] out: [INFO] ------------------------------------------------------------------------
12:54:25.233 [INFO]   [Checking]    [maven:out]         [com.diffblue.cover.buildsystem.config.a.a] out: [INFO] Total time:  5.200 s
12:54:25.233 [INFO]   [Checking]    [maven:out]         [com.diffblue.cover.buildsystem.config.a.a] out: [INFO] Finished at: 2026-01-12T12:54:25Z
12:54:25.233 [INFO]   [Checking]    [maven:out]         [com.diffblue.cover.buildsystem.config.a.a] out: [INFO] ------------------------------------------------------------------------
12:54:25.233 [INFO]   [Checking]    [maven:out]         [com.diffblue.cover.buildsystem.internal.f.f] deserializing line [DIFFBLUE]{"__type":"com.diffblue.cover.buildsystem.model.ProjectInfoMessage","projectName":"uk.gov.gchq.palisade:common","productionSources":["/home/jbergqvist/diffblue/Palisade-common/src/main/java","/home/jbergqvist/diffblue/Palisade-common/target/generated-sources/annotations"],"testSources":["/home/jbergqvist/diffblue/Palisade-common/src/test/java","/home/jbergqvist/diffblue/Palisade-common/target/generated-test-sources/test-annotations"],"location":"/home/jbergqvist/diffblue/Palisade-common"}
12:54:25.266 [INFO]   [Checking]    [main]              [com.diffblue.cover.buildsystem.internal.f.d] maven:err process not stopped, joining thread
12:54:25.266 [INFO]   [Checking]    [main]              [com.diffblue.cover.buildsystem.internal.f.d] maven:out process not stopped, joining thread
12:54:25.266 [DEBUG]  [Checking]    [main]              [com.diffblue.cover.buildsystem.config.a.a] Executor spent 6s on command "/home/jbergqvist/.sdkman/candidates/maven/current/bin/mvn -Dmaven.ext.class.path=/opt/cover/cover-buildsystem-maven-spy-jar-with-dependencies.jar -Dcom.diffblue.cover.skipTests=true -DskipTestOptimizer --batch-mode --projects=uk.gov.gchq.palisade:common --global-settings=/home/jbergqvist/.sdkman/candidates/maven/current/conf/settings.xml -Dcheckstyle.skip=true test -DfailIfNoTests=false -Dsurefire.failIfNoSpecifiedTests=false -Dmaven.test.failure.ignore=True -Dtest=DummyJUnitJupiterLauncherDiffblueTest8741179567179717578"
12:54:25.267 [DEBUG]  [Checking]    [main]              [com.diffblue.cover.configuration.e] Purging written files... [/home/jbergqvist/diffblue/Palisade-common/src/test/java/DummyJUnitJupiterLauncherDiffblueTest8741179567179717578.java]
12:54:25.267 [DEBUG]  [Checking]    [main]              [com.diffblue.cover.configuration.e] Attempting to find class files '[DummyJUnitJupiterLauncherDiffblueTest8741179567179717578.class]' in '/home/jbergqvist/diffblue/Palisade-common/target/classes'
12:54:25.267 [DEBUG]  [Checking]    [main]              [com.diffblue.cover.configuration.e] Attempting to find class files '[DummyJUnitJupiterLauncherDiffblueTest8741179567179717578.class]' in '/home/jbergqvist/diffblue/Palisade-common/target/test-classes'
12:54:25.268 [DEBUG]  [Checking]    [main]              [com.diffblue.cover.configuration.e] Found /home/jbergqvist/diffblue/Palisade-common/target/test-classes/DummyJUnitJupiterLauncherDiffblueTest8741179567179717578.class, scheduling deletion
12:54:25.268 [DEBUG]  [Checking]    [main]              [com.diffblue.cover.configuration.a.e] DetectorCache miss DETECTED_JUNIT_JUPITER_LAUNCHER
12:54:25.268 [DEBUG]  [Checking]    [main]              [com.diffblue.cover.configuration.cache.a] Writing cache to /home/jbergqvist/diffblue/Palisade-common/.diffblue/cache/env.json containing 12 items
12:54:25.273 [DEBUG]  [Checking]    [main]              [com.diffblue.cover.commons.l.d] Processing rule com.diffblue.cover.configuration.a.o took 6019ms
12:54:25.273 [DEBUG]  [Checking]    [main]              [com.diffblue.cover.configuration.a.e] DetectorCache miss DETECTED_JUNIT_LAUNCHER
12:54:25.273 [DEBUG]  [Checking]    [main]              [com.diffblue.cover.configuration.cache.a] Writing cache to /home/jbergqvist/diffblue/Palisade-common/.diffblue/cache/env.json containing 12 items
12:54:25.277 [DEBUG]  [Checking]    [main]              [com.diffblue.cover.configuration.a.e] DetectorCache miss DETECTED_TESTNG_LAUNCHER
12:54:25.277 [DEBUG]  [Checking]    [main]              [com.diffblue.cover.configuration.cache.a] Writing cache to /home/jbergqvist/diffblue/Palisade-common/.diffblue/cache/env.json containing 12 items
12:54:25.468 [DEBUG]  [Checking]    [main]              [com.diffblue.cover.commons.dependency.a.b] Detected Jackson Databind version 2.11.0 (via jar:file:/home/jbergqvist/.m2/repository/com/fasterxml/jackson/core/jackson-databind/2.11.0/jackson-databind-2.11.0.jar!/com/fasterxml/jackson/databind/type/MapType.class)
12:54:25.470 [INFO]   [Checking]    [main]              [com.diffblue.cover.ui.controller.r] Detected Jackson Databind version 2.11.0
12:54:25.480 [DEBUG]  [Checking]    [main]              [com.diffblue.cover.configuration.a.z] Java home guessed from System property: /home/jbergqvist/.sdkman/candidates/java/11.0.29-amzn
12:54:25.480 [INFO]   [Checking]    [main]              [com.diffblue.cover.ui.controller.r] Detected JVM architecture: 64-Bit
12:54:25.481 [DEBUG]  [Checking]    [main]              [com.diffblue.cover.configuration.a.e] DetectorCache miss JaCoCo execution
12:54:25.481 [DEBUG]  [Checking]    [main]              [com.diffblue.cover.configuration.cache.a] Writing cache to /home/jbergqvist/diffblue/Palisade-common/.diffblue/cache/env.json containing 12 items
12:54:25.490 [DEBUG]  [Checking]    [main]              [com.diffblue.cover.buildsystem.config.registry.Registry] checking if /home/jbergqvist/diffblue/Palisade-common/DiffblueBuild.yaml exists...
12:54:25.490 [DEBUG]  [Checking]    [main]              [com.diffblue.cover.buildsystem.config.registry.Registry] checking if /home/jbergqvist/diffblue/Palisade-common/DiffblueBuild.yml exists...
12:54:25.490 [INFO]   [Checking]    [main]              [com.diffblue.cover.buildsystem.config.registry.Registry] Using default build rules as no custom rules found in any of [/home/jbergqvist/diffblue/Palisade-common]
12:54:25.490 [DEBUG]  [Checking]    [main]              [com.diffblue.cover.buildsystem.config.registry.Registry] Build execution request for Coverage Phase
12:54:25.490 [INFO]   [Checking]    [main]              [com.diffblue.cover.buildsystem.config.a.a] Attempting to invoke mvnw in working directory: /home/jbergqvist/diffblue/Palisade-common
12:54:25.491 [INFO]   [Checking]    [main]              [com.diffblue.cover.buildsystem.config.a.a] Attempting to invoke /home/jbergqvist/.sdkman/candidates/maven/current/bin/mvn in working directory: /home/jbergqvist/diffblue/Palisade-common
12:54:25.491 [INFO]   [Checking]    [main]              [com.diffblue.cover.buildsystem.config.a.a] Started "/home/jbergqvist/.sdkman/candidates/maven/current/bin/mvn -Dmaven.ext.class.path=/opt/cover/cover-buildsystem-maven-spy-jar-with-dependencies.jar -Dcom.diffblue.cover.skipTests=true -DskipTestOptimizer --batch-mode --projects=uk.gov.gchq.palisade:common --global-settings=/home/jbergqvist/.sdkman/candidates/maven/current/conf/settings.xml -Dcheckstyle.skip=true org.jacoco:jacoco-maven-plugin:0.8.5:prepare-agent -Djacoco.skip=false test -DfailIfNoTests=false -Dsurefire.failIfNoSpecifiedTests=false -Dmaven.test.failure.ignore=True -Dtest=DiffblueDummyCoverageJupiterDiffblueTest org.jacoco:jacoco-maven-plugin:0.8.5:report -Djacoco.skip=false"
12:54:26.234 [INFO]   [Checking]    [maven:out]         [com.diffblue.cover.buildsystem.config.a.a] out: [INFO] Scanning for projects...
12:54:26.324 [INFO]   [Checking]    [maven:out]         [com.diffblue.cover.buildsystem.config.a.a] out: [INFO] 
12:54:26.324 [INFO]   [Checking]    [maven:out]         [com.diffblue.cover.buildsystem.config.a.a] out: [INFO] --------------------< uk.gov.gchq.palisade:common >---------------------
12:54:26.324 [INFO]   [Checking]    [maven:out]         [com.diffblue.cover.buildsystem.config.a.a] out: [INFO] Building GCHQ Palisade Common Library 0.5.2-SNAPSHOT
12:54:26.324 [INFO]   [Checking]    [maven:out]         [com.diffblue.cover.buildsystem.config.a.a] out: [INFO]   from pom.xml
12:54:26.324 [INFO]   [Checking]    [maven:out]         [com.diffblue.cover.buildsystem.config.a.a] out: [INFO] --------------------------------[ jar ]---------------------------------
12:54:26.560 [INFO]   [Checking]    [maven:out]         [com.diffblue.cover.buildsystem.internal.f.f] deserializing line [DIFFBLUE]{"__type":"com.diffblue.cover.buildsystem.model.DefaultEventMessage","project":"uk.gov.gchq.palisade:common","goal":"prepare-agent","cause":null,"state":"STARTED"}
12:54:26.561 [INFO]   [Checking]    [maven:out]         [com.diffblue.cover.buildsystem.config.a.a] out: [INFO] 
12:54:26.562 [INFO]   [Checking]    [maven:out]         [com.diffblue.cover.buildsystem.config.a.a] out: [INFO] --- jacoco:0.8.5:prepare-agent (default-cli) @ common ---
12:54:26.805 [INFO]   [Checking]    [maven:out]         [com.diffblue.cover.buildsystem.config.a.a] out: [INFO] argLine set to -javaagent:/home/jbergqvist/.m2/repository/org/jacoco/org.jacoco.agent/0.8.5/org.jacoco.agent-0.8.5-runtime.jar=destfile=/home/jbergqvist/diffblue/Palisade-common/target/jacoco.exec,append=true
12:54:26.806 [INFO]   [Checking]    [maven:out]         [com.diffblue.cover.buildsystem.internal.f.f] deserializing line [DIFFBLUE]{"__type":"com.diffblue.cover.buildsystem.model.DefaultEventMessage","project":"uk.gov.gchq.palisade:common","goal":"prepare-agent","cause":null,"state":"SUCCESS"}
12:54:26.807 [INFO]   [Checking]    [maven:out]         [com.diffblue.cover.buildsystem.internal.f.f] deserializing line [DIFFBLUE]{"__type":"com.diffblue.cover.buildsystem.model.DefaultEventMessage","project":"uk.gov.gchq.palisade:common","goal":"prepare-agent","cause":null,"state":"STARTED"}
12:54:26.808 [INFO]   [Checking]    [maven:out]         [com.diffblue.cover.buildsystem.config.a.a] out: [INFO] 
12:54:26.808 [INFO]   [Checking]    [maven:out]         [com.diffblue.cover.buildsystem.config.a.a] out: [INFO] --- jacoco:0.8.5:prepare-agent (agent) @ common ---
12:54:26.809 [INFO]   [Checking]    [maven:out]         [com.diffblue.cover.buildsystem.config.a.a] out: [INFO] argLine set to -javaagent:/home/jbergqvist/.m2/repository/org/jacoco/org.jacoco.agent/0.8.5/org.jacoco.agent-0.8.5-runtime.jar=destfile=/home/jbergqvist/diffblue/Palisade-common/target/jacoco.exec,append=true
12:54:26.810 [INFO]   [Checking]    [maven:out]         [com.diffblue.cover.buildsystem.internal.f.f] deserializing line [DIFFBLUE]{"__type":"com.diffblue.cover.buildsystem.model.DefaultEventMessage","project":"uk.gov.gchq.palisade:common","goal":"prepare-agent","cause":null,"state":"SUCCESS"}
12:54:26.811 [INFO]   [Checking]    [maven:out]         [com.diffblue.cover.buildsystem.internal.f.f] deserializing line [DIFFBLUE]{"__type":"com.diffblue.cover.buildsystem.model.DefaultEventMessage","project":"uk.gov.gchq.palisade:common","goal":"resources","cause":null,"state":"STARTED"}
12:54:26.812 [INFO]   [Checking]    [maven:out]         [com.diffblue.cover.buildsystem.config.a.a] out: [INFO] 
12:54:26.812 [INFO]   [Checking]    [maven:out]         [com.diffblue.cover.buildsystem.config.a.a] out: [INFO] --- resources:3.3.1:resources (default-resources) @ common ---
12:54:26.860 [INFO]   [Checking]    [maven:out]         [com.diffblue.cover.buildsystem.config.a.a] out: [INFO] Copying 1 resource from src/main/resources to target/classes
12:54:26.863 [INFO]   [Checking]    [maven:out]         [com.diffblue.cover.buildsystem.internal.f.f] deserializing line [DIFFBLUE]{"__type":"com.diffblue.cover.buildsystem.model.DefaultEventMessage","project":"uk.gov.gchq.palisade:common","goal":"resources","cause":null,"state":"SUCCESS"}
12:54:26.865 [INFO]   [Checking]    [maven:out]         [com.diffblue.cover.buildsystem.internal.f.f] deserializing line [DIFFBLUE]{"__type":"com.diffblue.cover.buildsystem.model.DefaultEventMessage","project":"uk.gov.gchq.palisade:common","goal":"flatten","cause":null,"state":"STARTED"}
12:54:26.866 [INFO]   [Checking]    [maven:out]         [com.diffblue.cover.buildsystem.config.a.a] out: [INFO] 
12:54:26.866 [INFO]   [Checking]    [maven:out]         [com.diffblue.cover.buildsystem.config.a.a] out: [INFO] --- flatten:1.1.0:flatten (flatten) @ common ---
12:54:26.967 [INFO]   [Checking]    [maven:out]         [com.diffblue.cover.buildsystem.config.a.a] out: [INFO] Generating flattened POM of project uk.gov.gchq.palisade:common:jar:0.5.2-SNAPSHOT...
12:54:27.011 [INFO]   [Checking]    [maven:out]         [com.diffblue.cover.buildsystem.internal.f.f] deserializing line [DIFFBLUE]{"__type":"com.diffblue.cover.buildsystem.model.DefaultEventMessage","project":"uk.gov.gchq.palisade:common","goal":"flatten","cause":null,"state":"SUCCESS"}
12:54:27.013 [INFO]   [Checking]    [maven:out]         [com.diffblue.cover.buildsystem.internal.f.f] deserializing line [DIFFBLUE]{"__type":"com.diffblue.cover.buildsystem.model.DefaultEventMessage","project":"uk.gov.gchq.palisade:common","goal":"compile","cause":null,"state":"STARTED"}
12:54:27.014 [INFO]   [Checking]    [maven:out]         [com.diffblue.cover.buildsystem.config.a.a] out: [INFO] 
12:54:27.014 [INFO]   [Checking]    [maven:out]         [com.diffblue.cover.buildsystem.config.a.a] out: [INFO] --- compiler:3.8.0:compile (default-compile) @ common ---
12:54:27.129 [INFO]   [Checking]    [maven:out]         [com.diffblue.cover.buildsystem.config.a.a] out: [INFO] Changes detected - recompiling the module!
12:54:27.133 [INFO]   [Checking]    [maven:out]         [com.diffblue.cover.buildsystem.config.a.a] out: [INFO] Compiling 23 source files to /home/jbergqvist/diffblue/Palisade-common/target/classes
12:54:27.850 [INFO]   [Checking]    [maven:out]         [com.diffblue.cover.buildsystem.internal.f.f] deserializing line [DIFFBLUE]{"__type":"com.diffblue.cover.buildsystem.model.DefaultEventMessage","project":"uk.gov.gchq.palisade:common","goal":"compile","cause":null,"state":"SUCCESS"}
12:54:27.852 [INFO]   [Checking]    [maven:out]         [com.diffblue.cover.buildsystem.internal.f.f] deserializing line [DIFFBLUE]{"__type":"com.diffblue.cover.buildsystem.model.DefaultEventMessage","project":"uk.gov.gchq.palisade:common","goal":"javadoc-no-fork","cause":null,"state":"STARTED"}
12:54:27.854 [INFO]   [Checking]    [maven:out]         [com.diffblue.cover.buildsystem.config.a.a] out: [INFO] 
12:54:27.854 [INFO]   [Checking]    [maven:out]         [com.diffblue.cover.buildsystem.config.a.a] out: [INFO] --- javadoc:3.1.0:javadoc-no-fork (javadoc-compile) @ common ---
12:54:29.428 [INFO]   [Checking]    [maven:out]         [com.diffblue.cover.buildsystem.internal.f.f] deserializing line [DIFFBLUE]{"__type":"com.diffblue.cover.buildsystem.model.DefaultEventMessage","project":"uk.gov.gchq.palisade:common","goal":"javadoc-no-fork","cause":null,"state":"SUCCESS"}
12:54:29.430 [INFO]   [Checking]    [maven:out]         [com.diffblue.cover.buildsystem.internal.f.f] deserializing line [DIFFBLUE]{"__type":"com.diffblue.cover.buildsystem.model.DefaultEventMessage","project":"uk.gov.gchq.palisade:common","goal":"aggregate-no-fork","cause":null,"state":"STARTED"}
12:54:29.431 [INFO]   [Checking]    [maven:out]         [com.diffblue.cover.buildsystem.config.a.a] out: [INFO] 
12:54:29.431 [INFO]   [Checking]    [maven:out]         [com.diffblue.cover.buildsystem.config.a.a] out: [INFO] --- javadoc:3.1.0:aggregate-no-fork (javadoc-compile) @ common ---
12:54:30.820 [INFO]   [Checking]    [maven:out]         [com.diffblue.cover.buildsystem.internal.f.f] deserializing line [DIFFBLUE]{"__type":"com.diffblue.cover.buildsystem.model.DefaultEventMessage","project":"uk.gov.gchq.palisade:common","goal":"aggregate-no-fork","cause":null,"state":"SUCCESS"}
12:54:30.822 [INFO]   [Checking]    [maven:out]         [com.diffblue.cover.buildsystem.internal.f.f] deserializing line [DIFFBLUE]{"__type":"com.diffblue.cover.buildsystem.model.DefaultEventMessage","project":"uk.gov.gchq.palisade:common","goal":"testResources","cause":null,"state":"STARTED"}
12:54:30.823 [INFO]   [Checking]    [maven:out]         [com.diffblue.cover.buildsystem.config.a.a] out: [INFO] 
12:54:30.823 [INFO]   [Checking]    [maven:out]         [com.diffblue.cover.buildsystem.config.a.a] out: [INFO] --- resources:3.3.1:testResources (default-testResources) @ common ---
12:54:30.824 [INFO]   [Checking]    [maven:out]         [com.diffblue.cover.buildsystem.config.a.a] out: [INFO] skip non existing resourceDirectory /home/jbergqvist/diffblue/Palisade-common/src/test/resources
12:54:30.826 [INFO]   [Checking]    [maven:out]         [com.diffblue.cover.buildsystem.internal.f.f] deserializing line [DIFFBLUE]{"__type":"com.diffblue.cover.buildsystem.model.DefaultEventMessage","project":"uk.gov.gchq.palisade:common","goal":"testResources","cause":null,"state":"SUCCESS"}
12:54:30.827 [INFO]   [Checking]    [maven:out]         [com.diffblue.cover.buildsystem.internal.f.f] deserializing line [DIFFBLUE]{"__type":"com.diffblue.cover.buildsystem.model.DefaultEventMessage","project":"uk.gov.gchq.palisade:common","goal":"testCompile","cause":null,"state":"STARTED"}
12:54:30.828 [INFO]   [Checking]    [maven:out]         [com.diffblue.cover.buildsystem.config.a.a] out: [INFO] 
12:54:30.828 [INFO]   [Checking]    [maven:out]         [com.diffblue.cover.buildsystem.config.a.a] out: [INFO] --- compiler:3.8.0:testCompile (default-testCompile) @ common ---
12:54:30.831 [INFO]   [Checking]    [maven:out]         [com.diffblue.cover.buildsystem.config.a.a] out: [INFO] Changes detected - recompiling the module!
12:54:30.831 [INFO]   [Checking]    [maven:out]         [com.diffblue.cover.buildsystem.config.a.a] out: [INFO] Compiling 2 source files to /home/jbergqvist/diffblue/Palisade-common/target/test-classes
12:54:30.907 [INFO]   [Checking]    [maven:out]         [com.diffblue.cover.buildsystem.internal.f.f] deserializing line [DIFFBLUE]{"__type":"com.diffblue.cover.buildsystem.model.DefaultEventMessage","project":"uk.gov.gchq.palisade:common","goal":"testCompile","cause":null,"state":"SUCCESS"}
12:54:30.908 [INFO]   [Checking]    [maven:out]         [com.diffblue.cover.buildsystem.internal.f.f] deserializing line [DIFFBLUE]{"__type":"com.diffblue.cover.buildsystem.model.DefaultEventMessage","project":"uk.gov.gchq.palisade:common","goal":"test","cause":null,"state":"STARTED"}
12:54:30.909 [INFO]   [Checking]    [maven:out]         [com.diffblue.cover.buildsystem.config.a.a] out: [INFO] 
12:54:30.909 [INFO]   [Checking]    [maven:out]         [com.diffblue.cover.buildsystem.config.a.a] out: [INFO] --- surefire:3.2.5:test (default-test) @ common ---
12:54:30.992 [INFO]   [Checking]    [maven:out]         [com.diffblue.cover.buildsystem.config.a.a] out: [INFO] Using auto detected provider org.apache.maven.surefire.junitplatform.JUnitPlatformProvider
12:54:31.015 [INFO]   [Checking]    [maven:out]         [com.diffblue.cover.buildsystem.config.a.a] out: [INFO] 
12:54:31.016 [INFO]   [Checking]    [maven:out]         [com.diffblue.cover.buildsystem.config.a.a] out: [INFO] -------------------------------------------------------
12:54:31.016 [INFO]   [Checking]    [maven:out]         [com.diffblue.cover.buildsystem.config.a.a] out: [INFO]  T E S T S
12:54:31.016 [INFO]   [Checking]    [maven:out]         [com.diffblue.cover.buildsystem.config.a.a] out: [INFO] -------------------------------------------------------
12:54:31.647 [INFO]   [Checking]    [maven:out]         [com.diffblue.cover.buildsystem.config.a.a] out: [INFO] Running DiffblueDummyCoverageJupiterDiffblueTest
12:54:31.701 [INFO]   [Checking]    [maven:out]         [com.diffblue.cover.buildsystem.config.a.a] out: [INFO] Tests run: 1, Failures: 0, Errors: 0, Skipped: 0, Time elapsed: 0.045 s -- in DiffblueDummyCoverageJupiterDiffblueTest
12:54:31.751 [INFO]   [Checking]    [maven:out]         [com.diffblue.cover.buildsystem.config.a.a] out: [INFO] 
12:54:31.751 [INFO]   [Checking]    [maven:out]         [com.diffblue.cover.buildsystem.config.a.a] out: [INFO] Results:
12:54:31.751 [INFO]   [Checking]    [maven:out]         [com.diffblue.cover.buildsystem.config.a.a] out: [INFO] 
12:54:31.751 [INFO]   [Checking]    [maven:out]         [com.diffblue.cover.buildsystem.config.a.a] out: [INFO] Tests run: 1, Failures: 0, Errors: 0, Skipped: 0
12:54:31.751 [INFO]   [Checking]    [maven:out]         [com.diffblue.cover.buildsystem.config.a.a] out: [INFO] 
12:54:31.754 [INFO]   [Checking]    [maven:out]         [com.diffblue.cover.buildsystem.internal.f.f] deserializing line [DIFFBLUE]{"__type":"com.diffblue.cover.buildsystem.model.DefaultEventMessage","project":"uk.gov.gchq.palisade:common","goal":"test","cause":null,"state":"SUCCESS"}
12:54:31.756 [INFO]   [Checking]    [maven:out]         [com.diffblue.cover.buildsystem.internal.f.f] deserializing line [DIFFBLUE]{"__type":"com.diffblue.cover.buildsystem.model.DefaultEventMessage","project":"uk.gov.gchq.palisade:common","goal":"report","cause":null,"state":"STARTED"}
12:54:31.756 [INFO]   [Checking]    [maven:out]         [com.diffblue.cover.buildsystem.config.a.a] out: [INFO] 
12:54:31.756 [INFO]   [Checking]    [maven:out]         [com.diffblue.cover.buildsystem.config.a.a] out: [INFO] --- jacoco:0.8.5:report (default-cli) @ common ---
12:54:31.792 [INFO]   [Checking]    [maven:out]         [com.diffblue.cover.buildsystem.config.a.a] out: [INFO] Loading execution data file /home/jbergqvist/diffblue/Palisade-common/target/jacoco.exec
12:54:31.852 [INFO]   [Checking]    [maven:out]         [com.diffblue.cover.buildsystem.config.a.a] out: [INFO] Analyzed bundle 'GCHQ Palisade Common Library' with 26 classes
12:54:31.898 [INFO]   [Checking]    [maven:out]         [com.diffblue.cover.buildsystem.internal.f.f] deserializing line [DIFFBLUE]{"__type":"com.diffblue.cover.buildsystem.model.DefaultEventMessage","project":"uk.gov.gchq.palisade:common","goal":"report","cause":null,"state":"SUCCESS"}
12:54:31.920 [INFO]   [Checking]    [maven:out]         [com.diffblue.cover.buildsystem.internal.f.f] deserializing line [DIFFBLUE]{"__type":"com.diffblue.cover.buildsystem.model.DefaultProjectModuleMessage","project":{"__type":"DefaultProjectModule","junitReport":["/home/jbergqvist/diffblue/Palisade-common/target/surefire-reports"],"jacocoReport":["/home/jbergqvist/diffblue/Palisade-common/target/site/jacoco/jacoco.xml"],"jacocoDestFile":["${sonar.jacoco.reportPath}","/home/jbergqvist/diffblue/Palisade-common/target/jacoco.exec"],"jacocoFormats":["xml"],"jacocoSkipped":false,"classpath":["/home/jbergqvist/diffblue/Palisade-common/target/classes","/home/jbergqvist/.m2/repository/com/typesafe/akka/akka-stream_2.13/2.6.10/akka-stream_2.13-2.6.10.jar","/home/jbergqvist/.m2/repository/org/scala-lang/scala-library/2.13.3/scala-library-2.13.3.jar","/home/jbergqvist/.m2/repository/com/typesafe/akka/akka-actor_2.13/2.6.10/akka-actor_2.13-2.6.10.jar","/home/jbergqvist/.m2/repository/com/typesafe/config/1.4.0/config-1.4.0.jar","/home/jbergqvist/.m2/repository/org/scala-lang/modules/scala-java8-compat_2.13/0.9.0/scala-java8-compat_2.13-0.9.0.jar","/home/jbergqvist/.m2/repository/com/typesafe/akka/akka-protobuf-v3_2.13/2.6.10/akka-protobuf-v3_2.13-2.6.10.jar","/home/jbergqvist/.m2/repository/org/reactivestreams/reactive-streams/1.0.3/reactive-streams-1.0.3.jar","/home/jbergqvist/.m2/repository/com/typesafe/ssl-config-core_2.13/0.4.2/ssl-config-core_2.13-0.4.2.jar","/home/jbergqvist/.m2/repository/org/scala-lang/modules/scala-parser-combinators_2.13/1.1.2/scala-parser-combinators_2.13-1.1.2.jar","/home/jbergqvist/.m2/repository/org/junit/jupiter/junit-jupiter-engine/5.13.4/junit-jupiter-engine-5.13.4.jar","/home/jbergqvist/.m2/repository/org/junit/platform/junit-platform-engine/1.13.4/junit-platform-engine-1.13.4.jar","/home/jbergqvist/.m2/repository/org/opentest4j/opentest4j/1.3.0/opentest4j-1.3.0.jar","/home/jbergqvist/.m2/repository/org/junit/platform/junit-platform-commons/1.13.4/junit-platform-commons-1.13.4.jar","/home/jbergqvist/.m2/repository/org/junit/jupiter/junit-jupiter-api/5.13.4/junit-jupiter-api-5.13.4.jar","/home/jbergqvist/.m2/repository/org/apiguardian/apiguardian-api/1.1.2/apiguardian-api-1.1.2.jar","/home/jbergqvist/.m2/repository/org/mockito/mockito-core/5.20.0/mockito-core-5.20.0.jar","/home/jbergqvist/.m2/repository/net/bytebuddy/byte-buddy/1.17.7/byte-buddy-1.17.7.jar","/home/jbergqvist/.m2/repository/net/bytebuddy/byte-buddy-agent/1.17.7/byte-buddy-agent-1.17.7.jar","/home/jbergqvist/.m2/repository/org/objenesis/objenesis/3.3/objenesis-3.3.jar","/home/jbergqvist/.m2/repository/org/mockito/mockito-junit-jupiter/5.20.0/mockito-junit-jupiter-5.20.0.jar","/home/jbergqvist/.m2/repository/com/fasterxml/jackson/core/jackson-databind/2.11.0/jackson-databind-2.11.0.jar","/home/jbergqvist/.m2/repository/com/fasterxml/jackson/core/jackson-annotations/2.11.0/jackson-annotations-2.11.0.jar","/home/jbergqvist/.m2/repository/com/fasterxml/jackson/core/jackson-core/2.11.0/jackson-core-2.11.0.jar","/home/jbergqvist/.m2/repository/org/slf4j/slf4j-api/1.7.25/slf4j-api-1.7.25.jar","/home/jbergqvist/.m2/repository/com/diffblue/cover/cover-annotations/1.8.0/cover-annotations-1.8.0.jar"],"complianceLevel":"11","productionSources":["/home/jbergqvist/diffblue/Palisade-common/src/main/java"],"testSources":["/home/jbergqvist/diffblue/Palisade-common/src/test/java"],"productionClasses":"/home/jbergqvist/diffblue/Palisade-common/target/classes","testClasses":"/home/jbergqvist/diffblue/Palisade-common/target/test-classes","sourceToBuildPathMap":null,"testSourceToBuildPathMap":null,"buildDirectory":"/home/jbergqvist/diffblue/Palisade-common/target","plugins":[{"__type":"DefaultPlugin","groupId":"org.apache.maven.plugins","artefactId":"maven-compiler-plugin","version":"3.8.0","pluginClassName":null},{"__type":"DefaultPlugin","groupId":"org.apache.maven.plugins","artefactId":"maven-javadoc-plugin","version":"3.1.0","pluginClassName":null},{"__type":"DefaultPlugin","groupId":"org.apache.maven.plugins","artefactId":"maven-dependency-plugin","version":"3.1.2","pluginClassName":null},{"__type":"DefaultPlugin","groupId":"org.codehaus.mojo","artefactId":"flatten-maven-plugin","version":"1.1.0","pluginClassName":null},{"__type":"DefaultPlugin","groupId":"org.codehaus.mojo","artefactId":"license-maven-plugin","version":"2.0.0","pluginClassName":null},{"__type":"DefaultPlugin","groupId":"org.jacoco","artefactId":"jacoco-maven-plugin","version":"0.8.5","pluginClassName":null},{"__type":"DefaultPlugin","groupId":"org.apache.maven.plugins","artefactId":"maven-checkstyle-plugin","version":"3.1.0","pluginClassName":null},{"__type":"DefaultPlugin","groupId":"org.apache.maven.plugins","artefactId":"maven-clean-plugin","version":"3.2.0","pluginClassName":null},{"__type":"DefaultPlugin","groupId":"org.apache.maven.plugins","artefactId":"maven-resources-plugin","version":"3.3.1","pluginClassName":null},{"__type":"DefaultPlugin","groupId":"org.apache.maven.plugins","artefactId":"maven-jar-plugin","version":"3.4.1","pluginClassName":null},{"__type":"DefaultPlugin","groupId":"org.apache.maven.plugins","artefactId":"maven-surefire-plugin","version":"3.2.5","pluginClassName":null},{"__type":"DefaultPlugin","groupId":"org.apache.maven.plugins","artefactId":"maven-install-plugin","version":"3.1.2","pluginClassName":null},{"__type":"DefaultPlugin","groupId":"org.apache.maven.plugins","artefactId":"maven-deploy-plugin","version":"3.1.2","pluginClassName":null},{"__type":"DefaultPlugin","groupId":"org.apache.maven.plugins","artefactId":"maven-site-plugin","version":"3.12.1","pluginClassName":null}],"version":"3.9.12","encoding":"UTF-8","name":"maven","subModules":[],"simpleModuleName":null,"parentModuleName":null,"location":"/home/jbergqvist/diffblue/Palisade-common","fullModuleName":"uk.gov.gchq.palisade:common"}}
12:54:31.925 [INFO]   [Checking]    [maven:out]         [com.diffblue.cover.buildsystem.config.a.a] out: [INFO] ------------------------------------------------------------------------
12:54:31.925 [INFO]   [Checking]    [maven:out]         [com.diffblue.cover.buildsystem.config.a.a] out: [INFO] BUILD SUCCESS
12:54:31.925 [INFO]   [Checking]    [maven:out]         [com.diffblue.cover.buildsystem.config.a.a] out: [INFO] ------------------------------------------------------------------------
12:54:31.925 [INFO]   [Checking]    [maven:out]         [com.diffblue.cover.buildsystem.config.a.a] out: [INFO] Total time:  5.700 s
12:54:31.926 [INFO]   [Checking]    [maven:out]         [com.diffblue.cover.buildsystem.config.a.a] out: [INFO] Finished at: 2026-01-12T12:54:31Z
12:54:31.926 [INFO]   [Checking]    [maven:out]         [com.diffblue.cover.buildsystem.config.a.a] out: [INFO] ------------------------------------------------------------------------
12:54:31.926 [INFO]   [Checking]    [maven:out]         [com.diffblue.cover.buildsystem.internal.f.f] deserializing line [DIFFBLUE]{"__type":"com.diffblue.cover.buildsystem.model.ProjectInfoMessage","projectName":"uk.gov.gchq.palisade:common","productionSources":["/home/jbergqvist/diffblue/Palisade-common/src/main/java","/home/jbergqvist/diffblue/Palisade-common/target/generated-sources/annotations"],"testSources":["/home/jbergqvist/diffblue/Palisade-common/src/test/java","/home/jbergqvist/diffblue/Palisade-common/target/generated-test-sources/test-annotations"],"location":"/home/jbergqvist/diffblue/Palisade-common"}
12:54:31.968 [INFO]   [Checking]    [main]              [com.diffblue.cover.buildsystem.internal.f.d] maven:err process not stopped, joining thread
12:54:31.968 [INFO]   [Checking]    [main]              [com.diffblue.cover.buildsystem.internal.f.d] maven:out process not stopped, joining thread
12:54:31.968 [DEBUG]  [Checking]    [main]              [com.diffblue.cover.buildsystem.config.a.a] Executor spent 6s on command "/home/jbergqvist/.sdkman/candidates/maven/current/bin/mvn -Dmaven.ext.class.path=/opt/cover/cover-buildsystem-maven-spy-jar-with-dependencies.jar -Dcom.diffblue.cover.skipTests=true -DskipTestOptimizer --batch-mode --projects=uk.gov.gchq.palisade:common --global-settings=/home/jbergqvist/.sdkman/candidates/maven/current/conf/settings.xml -Dcheckstyle.skip=true org.jacoco:jacoco-maven-plugin:0.8.5:prepare-agent -Djacoco.skip=false test -DfailIfNoTests=false -Dsurefire.failIfNoSpecifiedTests=false -Dmaven.test.failure.ignore=True -Dtest=DiffblueDummyCoverageJupiterDiffblueTest org.jacoco:jacoco-maven-plugin:0.8.5:report -Djacoco.skip=false"
12:54:32.066 [DEBUG]  [Checking]    [main]              [com.diffblue.cover.buildsystem.config.registry.Registry] checking if /home/jbergqvist/diffblue/Palisade-common/DiffblueBuild.yaml exists...
12:54:32.066 [DEBUG]  [Checking]    [main]              [com.diffblue.cover.buildsystem.config.registry.Registry] checking if /home/jbergqvist/diffblue/Palisade-common/DiffblueBuild.yml exists...
12:54:32.066 [INFO]   [Checking]    [main]              [com.diffblue.cover.buildsystem.config.registry.Registry] Using default build rules as no custom rules found in any of [/home/jbergqvist/diffblue/Palisade-common]
12:54:32.066 [DEBUG]  [Checking]    [main]              [com.diffblue.cover.buildsystem.config.registry.Registry] Build execution request for Coverage Phase
12:54:32.066 [INFO]   [Checking]    [main]              [com.diffblue.cover.buildsystem.config.a.a] Attempting to invoke mvnw in working directory: /home/jbergqvist/diffblue/Palisade-common
12:54:32.067 [INFO]   [Checking]    [main]              [com.diffblue.cover.buildsystem.config.a.a] Attempting to invoke /home/jbergqvist/.sdkman/candidates/maven/current/bin/mvn in working directory: /home/jbergqvist/diffblue/Palisade-common
12:54:32.067 [INFO]   [Checking]    [main]              [com.diffblue.cover.buildsystem.config.a.a] Started "/home/jbergqvist/.sdkman/candidates/maven/current/bin/mvn -Dmaven.ext.class.path=/opt/cover/cover-buildsystem-maven-spy-jar-with-dependencies.jar -Dcom.diffblue.cover.skipTests=true -DskipTestOptimizer --batch-mode --projects=uk.gov.gchq.palisade:common --global-settings=/home/jbergqvist/.sdkman/candidates/maven/current/conf/settings.xml -Dcheckstyle.skip=true org.jacoco:jacoco-maven-plugin:0.8.5:prepare-agent -Djacoco.skip=false test -DfailIfNoTests=false -Dsurefire.failIfNoSpecifiedTests=false -Dmaven.test.failure.ignore=True -Dtest=!*DiffblueTest,**/DiffblueDummy* org.jacoco:jacoco-maven-plugin:0.8.5:report -Djacoco.skip=false"
12:54:32.863 [INFO]   [Checking]    [maven:out]         [com.diffblue.cover.buildsystem.config.a.a] out: [INFO] Scanning for projects...
12:54:32.960 [INFO]   [Checking]    [maven:out]         [com.diffblue.cover.buildsystem.config.a.a] out: [INFO] 
12:54:32.960 [INFO]   [Checking]    [maven:out]         [com.diffblue.cover.buildsystem.config.a.a] out: [INFO] --------------------< uk.gov.gchq.palisade:common >---------------------
12:54:32.960 [INFO]   [Checking]    [maven:out]         [com.diffblue.cover.buildsystem.config.a.a] out: [INFO] Building GCHQ Palisade Common Library 0.5.2-SNAPSHOT
12:54:32.960 [INFO]   [Checking]    [maven:out]         [com.diffblue.cover.buildsystem.config.a.a] out: [INFO]   from pom.xml
12:54:32.960 [INFO]   [Checking]    [maven:out]         [com.diffblue.cover.buildsystem.config.a.a] out: [INFO] --------------------------------[ jar ]---------------------------------
12:54:33.215 [INFO]   [Checking]    [maven:out]         [com.diffblue.cover.buildsystem.internal.f.f] deserializing line [DIFFBLUE]{"__type":"com.diffblue.cover.buildsystem.model.DefaultEventMessage","project":"uk.gov.gchq.palisade:common","goal":"prepare-agent","cause":null,"state":"STARTED"}
12:54:33.216 [INFO]   [Checking]    [maven:out]         [com.diffblue.cover.buildsystem.config.a.a] out: [INFO] 
12:54:33.216 [INFO]   [Checking]    [maven:out]         [com.diffblue.cover.buildsystem.config.a.a] out: [INFO] --- jacoco:0.8.5:prepare-agent (default-cli) @ common ---
12:54:33.461 [INFO]   [Checking]    [maven:out]         [com.diffblue.cover.buildsystem.config.a.a] out: [INFO] argLine set to -javaagent:/home/jbergqvist/.m2/repository/org/jacoco/org.jacoco.agent/0.8.5/org.jacoco.agent-0.8.5-runtime.jar=destfile=/home/jbergqvist/diffblue/Palisade-common/target/jacoco.exec,append=true
12:54:33.462 [INFO]   [Checking]    [maven:out]         [com.diffblue.cover.buildsystem.internal.f.f] deserializing line [DIFFBLUE]{"__type":"com.diffblue.cover.buildsystem.model.DefaultEventMessage","project":"uk.gov.gchq.palisade:common","goal":"prepare-agent","cause":null,"state":"SUCCESS"}
12:54:33.463 [INFO]   [Checking]    [maven:out]         [com.diffblue.cover.buildsystem.internal.f.f] deserializing line [DIFFBLUE]{"__type":"com.diffblue.cover.buildsystem.model.DefaultEventMessage","project":"uk.gov.gchq.palisade:common","goal":"prepare-agent","cause":null,"state":"STARTED"}
12:54:33.464 [INFO]   [Checking]    [maven:out]         [com.diffblue.cover.buildsystem.config.a.a] out: [INFO] 
12:54:33.464 [INFO]   [Checking]    [maven:out]         [com.diffblue.cover.buildsystem.config.a.a] out: [INFO] --- jacoco:0.8.5:prepare-agent (agent) @ common ---
12:54:33.464 [INFO]   [Checking]    [maven:out]         [com.diffblue.cover.buildsystem.config.a.a] out: [INFO] argLine set to -javaagent:/home/jbergqvist/.m2/repository/org/jacoco/org.jacoco.agent/0.8.5/org.jacoco.agent-0.8.5-runtime.jar=destfile=/home/jbergqvist/diffblue/Palisade-common/target/jacoco.exec,append=true
12:54:33.466 [INFO]   [Checking]    [maven:out]         [com.diffblue.cover.buildsystem.internal.f.f] deserializing line [DIFFBLUE]{"__type":"com.diffblue.cover.buildsystem.model.DefaultEventMessage","project":"uk.gov.gchq.palisade:common","goal":"prepare-agent","cause":null,"state":"SUCCESS"}
12:54:33.467 [INFO]   [Checking]    [maven:out]         [com.diffblue.cover.buildsystem.internal.f.f] deserializing line [DIFFBLUE]{"__type":"com.diffblue.cover.buildsystem.model.DefaultEventMessage","project":"uk.gov.gchq.palisade:common","goal":"resources","cause":null,"state":"STARTED"}
12:54:33.468 [INFO]   [Checking]    [maven:out]         [com.diffblue.cover.buildsystem.config.a.a] out: [INFO] 
12:54:33.468 [INFO]   [Checking]    [maven:out]         [com.diffblue.cover.buildsystem.config.a.a] out: [INFO] --- resources:3.3.1:resources (default-resources) @ common ---
12:54:33.516 [INFO]   [Checking]    [maven:out]         [com.diffblue.cover.buildsystem.config.a.a] out: [INFO] Copying 1 resource from src/main/resources to target/classes
12:54:33.519 [INFO]   [Checking]    [maven:out]         [com.diffblue.cover.buildsystem.internal.f.f] deserializing line [DIFFBLUE]{"__type":"com.diffblue.cover.buildsystem.model.DefaultEventMessage","project":"uk.gov.gchq.palisade:common","goal":"resources","cause":null,"state":"SUCCESS"}
12:54:33.520 [INFO]   [Checking]    [maven:out]         [com.diffblue.cover.buildsystem.internal.f.f] deserializing line [DIFFBLUE]{"__type":"com.diffblue.cover.buildsystem.model.DefaultEventMessage","project":"uk.gov.gchq.palisade:common","goal":"flatten","cause":null,"state":"STARTED"}
12:54:33.521 [INFO]   [Checking]    [maven:out]         [com.diffblue.cover.buildsystem.config.a.a] out: [INFO] 
12:54:33.521 [INFO]   [Checking]    [maven:out]         [com.diffblue.cover.buildsystem.config.a.a] out: [INFO] --- flatten:1.1.0:flatten (flatten) @ common ---
12:54:33.622 [INFO]   [Checking]    [maven:out]         [com.diffblue.cover.buildsystem.config.a.a] out: [INFO] Generating flattened POM of project uk.gov.gchq.palisade:common:jar:0.5.2-SNAPSHOT...
12:54:33.665 [INFO]   [Checking]    [maven:out]         [com.diffblue.cover.buildsystem.internal.f.f] deserializing line [DIFFBLUE]{"__type":"com.diffblue.cover.buildsystem.model.DefaultEventMessage","project":"uk.gov.gchq.palisade:common","goal":"flatten","cause":null,"state":"SUCCESS"}
12:54:33.666 [INFO]   [Checking]    [maven:out]         [com.diffblue.cover.buildsystem.internal.f.f] deserializing line [DIFFBLUE]{"__type":"com.diffblue.cover.buildsystem.model.DefaultEventMessage","project":"uk.gov.gchq.palisade:common","goal":"compile","cause":null,"state":"STARTED"}
12:54:33.667 [INFO]   [Checking]    [maven:out]         [com.diffblue.cover.buildsystem.config.a.a] out: [INFO] 
12:54:33.667 [INFO]   [Checking]    [maven:out]         [com.diffblue.cover.buildsystem.config.a.a] out: [INFO] --- compiler:3.8.0:compile (default-compile) @ common ---
12:54:33.778 [INFO]   [Checking]    [maven:out]         [com.diffblue.cover.buildsystem.config.a.a] out: [INFO] Changes detected - recompiling the module!
12:54:33.779 [INFO]   [Checking]    [maven:out]         [com.diffblue.cover.buildsystem.config.a.a] out: [INFO] Compiling 23 source files to /home/jbergqvist/diffblue/Palisade-common/target/classes
12:54:34.509 [INFO]   [Checking]    [maven:out]         [com.diffblue.cover.buildsystem.internal.f.f] deserializing line [DIFFBLUE]{"__type":"com.diffblue.cover.buildsystem.model.DefaultEventMessage","project":"uk.gov.gchq.palisade:common","goal":"compile","cause":null,"state":"SUCCESS"}
12:54:34.511 [INFO]   [Checking]    [maven:out]         [com.diffblue.cover.buildsystem.internal.f.f] deserializing line [DIFFBLUE]{"__type":"com.diffblue.cover.buildsystem.model.DefaultEventMessage","project":"uk.gov.gchq.palisade:common","goal":"javadoc-no-fork","cause":null,"state":"STARTED"}
12:54:34.512 [INFO]   [Checking]    [maven:out]         [com.diffblue.cover.buildsystem.config.a.a] out: [INFO] 
12:54:34.513 [INFO]   [Checking]    [maven:out]         [com.diffblue.cover.buildsystem.config.a.a] out: [INFO] --- javadoc:3.1.0:javadoc-no-fork (javadoc-compile) @ common ---
12:54:36.086 [INFO]   [Checking]    [maven:out]         [com.diffblue.cover.buildsystem.internal.f.f] deserializing line [DIFFBLUE]{"__type":"com.diffblue.cover.buildsystem.model.DefaultEventMessage","project":"uk.gov.gchq.palisade:common","goal":"javadoc-no-fork","cause":null,"state":"SUCCESS"}
12:54:36.087 [INFO]   [Checking]    [maven:out]         [com.diffblue.cover.buildsystem.internal.f.f] deserializing line [DIFFBLUE]{"__type":"com.diffblue.cover.buildsystem.model.DefaultEventMessage","project":"uk.gov.gchq.palisade:common","goal":"aggregate-no-fork","cause":null,"state":"STARTED"}
12:54:36.088 [INFO]   [Checking]    [maven:out]         [com.diffblue.cover.buildsystem.config.a.a] out: [INFO] 
12:54:36.088 [INFO]   [Checking]    [maven:out]         [com.diffblue.cover.buildsystem.config.a.a] out: [INFO] --- javadoc:3.1.0:aggregate-no-fork (javadoc-compile) @ common ---
12:54:37.546 [INFO]   [Checking]    [maven:out]         [com.diffblue.cover.buildsystem.internal.f.f] deserializing line [DIFFBLUE]{"__type":"com.diffblue.cover.buildsystem.model.DefaultEventMessage","project":"uk.gov.gchq.palisade:common","goal":"aggregate-no-fork","cause":null,"state":"SUCCESS"}
12:54:37.547 [INFO]   [Checking]    [maven:out]         [com.diffblue.cover.buildsystem.internal.f.f] deserializing line [DIFFBLUE]{"__type":"com.diffblue.cover.buildsystem.model.DefaultEventMessage","project":"uk.gov.gchq.palisade:common","goal":"testResources","cause":null,"state":"STARTED"}
12:54:37.548 [INFO]   [Checking]    [maven:out]         [com.diffblue.cover.buildsystem.config.a.a] out: [INFO] 
12:54:37.548 [INFO]   [Checking]    [maven:out]         [com.diffblue.cover.buildsystem.config.a.a] out: [INFO] --- resources:3.3.1:testResources (default-testResources) @ common ---
12:54:37.550 [INFO]   [Checking]    [maven:out]         [com.diffblue.cover.buildsystem.config.a.a] out: [INFO] skip non existing resourceDirectory /home/jbergqvist/diffblue/Palisade-common/src/test/resources
12:54:37.552 [INFO]   [Checking]    [maven:out]         [com.diffblue.cover.buildsystem.internal.f.f] deserializing line [DIFFBLUE]{"__type":"com.diffblue.cover.buildsystem.model.DefaultEventMessage","project":"uk.gov.gchq.palisade:common","goal":"testResources","cause":null,"state":"SUCCESS"}
12:54:37.553 [INFO]   [Checking]    [maven:out]         [com.diffblue.cover.buildsystem.internal.f.f] deserializing line [DIFFBLUE]{"__type":"com.diffblue.cover.buildsystem.model.DefaultEventMessage","project":"uk.gov.gchq.palisade:common","goal":"testCompile","cause":null,"state":"STARTED"}
12:54:37.554 [INFO]   [Checking]    [maven:out]         [com.diffblue.cover.buildsystem.config.a.a] out: [INFO] 
12:54:37.554 [INFO]   [Checking]    [maven:out]         [com.diffblue.cover.buildsystem.config.a.a] out: [INFO] --- compiler:3.8.0:testCompile (default-testCompile) @ common ---
12:54:37.559 [INFO]   [Checking]    [maven:out]         [com.diffblue.cover.buildsystem.config.a.a] out: [INFO] Changes detected - recompiling the module!
12:54:37.559 [INFO]   [Checking]    [maven:out]         [com.diffblue.cover.buildsystem.config.a.a] out: [INFO] Compiling 2 source files to /home/jbergqvist/diffblue/Palisade-common/target/test-classes
12:54:37.641 [INFO]   [Checking]    [maven:out]         [com.diffblue.cover.buildsystem.internal.f.f] deserializing line [DIFFBLUE]{"__type":"com.diffblue.cover.buildsystem.model.DefaultEventMessage","project":"uk.gov.gchq.palisade:common","goal":"testCompile","cause":null,"state":"SUCCESS"}
12:54:37.643 [INFO]   [Checking]    [maven:out]         [com.diffblue.cover.buildsystem.internal.f.f] deserializing line [DIFFBLUE]{"__type":"com.diffblue.cover.buildsystem.model.DefaultEventMessage","project":"uk.gov.gchq.palisade:common","goal":"test","cause":null,"state":"STARTED"}
12:54:37.644 [INFO]   [Checking]    [maven:out]         [com.diffblue.cover.buildsystem.config.a.a] out: [INFO] 
12:54:37.644 [INFO]   [Checking]    [maven:out]         [com.diffblue.cover.buildsystem.config.a.a] out: [INFO] --- surefire:3.2.5:test (default-test) @ common ---
12:54:37.738 [INFO]   [Checking]    [maven:out]         [com.diffblue.cover.buildsystem.config.a.a] out: [INFO] Using auto detected provider org.apache.maven.surefire.junitplatform.JUnitPlatformProvider
12:54:37.764 [INFO]   [Checking]    [maven:out]         [com.diffblue.cover.buildsystem.config.a.a] out: [INFO] 
12:54:37.764 [INFO]   [Checking]    [maven:out]         [com.diffblue.cover.buildsystem.config.a.a] out: [INFO] -------------------------------------------------------
12:54:37.764 [INFO]   [Checking]    [maven:out]         [com.diffblue.cover.buildsystem.config.a.a] out: [INFO]  T E S T S
12:54:37.764 [INFO]   [Checking]    [maven:out]         [com.diffblue.cover.buildsystem.config.a.a] out: [INFO] -------------------------------------------------------
12:54:38.367 [INFO]   [Checking]    [maven:out]         [com.diffblue.cover.buildsystem.config.a.a] out: [INFO] Running DiffblueDummyCoverageJupiterTest
12:54:38.416 [INFO]   [Checking]    [maven:out]         [com.diffblue.cover.buildsystem.config.a.a] out: [INFO] Tests run: 1, Failures: 0, Errors: 0, Skipped: 0, Time elapsed: 0.040 s -- in DiffblueDummyCoverageJupiterTest
12:54:38.476 [INFO]   [Checking]    [maven:out]         [com.diffblue.cover.buildsystem.config.a.a] out: [INFO] 
12:54:38.476 [INFO]   [Checking]    [maven:out]         [com.diffblue.cover.buildsystem.config.a.a] out: [INFO] Results:
12:54:38.476 [INFO]   [Checking]    [maven:out]         [com.diffblue.cover.buildsystem.config.a.a] out: [INFO] 
12:54:38.476 [INFO]   [Checking]    [maven:out]         [com.diffblue.cover.buildsystem.config.a.a] out: [INFO] Tests run: 1, Failures: 0, Errors: 0, Skipped: 0
12:54:38.476 [INFO]   [Checking]    [maven:out]         [com.diffblue.cover.buildsystem.config.a.a] out: [INFO] 
12:54:38.479 [INFO]   [Checking]    [maven:out]         [com.diffblue.cover.buildsystem.internal.f.f] deserializing line [DIFFBLUE]{"__type":"com.diffblue.cover.buildsystem.model.DefaultEventMessage","project":"uk.gov.gchq.palisade:common","goal":"test","cause":null,"state":"SUCCESS"}
12:54:38.480 [INFO]   [Checking]    [maven:out]         [com.diffblue.cover.buildsystem.internal.f.f] deserializing line [DIFFBLUE]{"__type":"com.diffblue.cover.buildsystem.model.DefaultEventMessage","project":"uk.gov.gchq.palisade:common","goal":"report","cause":null,"state":"STARTED"}
12:54:38.481 [INFO]   [Checking]    [maven:out]         [com.diffblue.cover.buildsystem.config.a.a] out: [INFO] 
12:54:38.481 [INFO]   [Checking]    [maven:out]         [com.diffblue.cover.buildsystem.config.a.a] out: [INFO] --- jacoco:0.8.5:report (default-cli) @ common ---
12:54:38.516 [INFO]   [Checking]    [maven:out]         [com.diffblue.cover.buildsystem.config.a.a] out: [INFO] Loading execution data file /home/jbergqvist/diffblue/Palisade-common/target/jacoco.exec
12:54:38.573 [INFO]   [Checking]    [maven:out]         [com.diffblue.cover.buildsystem.config.a.a] out: [INFO] Analyzed bundle 'GCHQ Palisade Common Library' with 26 classes
12:54:38.625 [INFO]   [Checking]    [maven:out]         [com.diffblue.cover.buildsystem.internal.f.f] deserializing line [DIFFBLUE]{"__type":"com.diffblue.cover.buildsystem.model.DefaultEventMessage","project":"uk.gov.gchq.palisade:common","goal":"report","cause":null,"state":"SUCCESS"}
12:54:38.645 [INFO]   [Checking]    [maven:out]         [com.diffblue.cover.buildsystem.internal.f.f] deserializing line [DIFFBLUE]{"__type":"com.diffblue.cover.buildsystem.model.DefaultProjectModuleMessage","project":{"__type":"DefaultProjectModule","junitReport":["/home/jbergqvist/diffblue/Palisade-common/target/surefire-reports"],"jacocoReport":["/home/jbergqvist/diffblue/Palisade-common/target/site/jacoco/jacoco.xml"],"jacocoDestFile":["${sonar.jacoco.reportPath}","/home/jbergqvist/diffblue/Palisade-common/target/jacoco.exec"],"jacocoFormats":["xml"],"jacocoSkipped":false,"classpath":["/home/jbergqvist/diffblue/Palisade-common/target/classes","/home/jbergqvist/.m2/repository/com/typesafe/akka/akka-stream_2.13/2.6.10/akka-stream_2.13-2.6.10.jar","/home/jbergqvist/.m2/repository/org/scala-lang/scala-library/2.13.3/scala-library-2.13.3.jar","/home/jbergqvist/.m2/repository/com/typesafe/akka/akka-actor_2.13/2.6.10/akka-actor_2.13-2.6.10.jar","/home/jbergqvist/.m2/repository/com/typesafe/config/1.4.0/config-1.4.0.jar","/home/jbergqvist/.m2/repository/org/scala-lang/modules/scala-java8-compat_2.13/0.9.0/scala-java8-compat_2.13-0.9.0.jar","/home/jbergqvist/.m2/repository/com/typesafe/akka/akka-protobuf-v3_2.13/2.6.10/akka-protobuf-v3_2.13-2.6.10.jar","/home/jbergqvist/.m2/repository/org/reactivestreams/reactive-streams/1.0.3/reactive-streams-1.0.3.jar","/home/jbergqvist/.m2/repository/com/typesafe/ssl-config-core_2.13/0.4.2/ssl-config-core_2.13-0.4.2.jar","/home/jbergqvist/.m2/repository/org/scala-lang/modules/scala-parser-combinators_2.13/1.1.2/scala-parser-combinators_2.13-1.1.2.jar","/home/jbergqvist/.m2/repository/org/junit/jupiter/junit-jupiter-engine/5.13.4/junit-jupiter-engine-5.13.4.jar","/home/jbergqvist/.m2/repository/org/junit/platform/junit-platform-engine/1.13.4/junit-platform-engine-1.13.4.jar","/home/jbergqvist/.m2/repository/org/opentest4j/opentest4j/1.3.0/opentest4j-1.3.0.jar","/home/jbergqvist/.m2/repository/org/junit/platform/junit-platform-commons/1.13.4/junit-platform-commons-1.13.4.jar","/home/jbergqvist/.m2/repository/org/junit/jupiter/junit-jupiter-api/5.13.4/junit-jupiter-api-5.13.4.jar","/home/jbergqvist/.m2/repository/org/apiguardian/apiguardian-api/1.1.2/apiguardian-api-1.1.2.jar","/home/jbergqvist/.m2/repository/org/mockito/mockito-core/5.20.0/mockito-core-5.20.0.jar","/home/jbergqvist/.m2/repository/net/bytebuddy/byte-buddy/1.17.7/byte-buddy-1.17.7.jar","/home/jbergqvist/.m2/repository/net/bytebuddy/byte-buddy-agent/1.17.7/byte-buddy-agent-1.17.7.jar","/home/jbergqvist/.m2/repository/org/objenesis/objenesis/3.3/objenesis-3.3.jar","/home/jbergqvist/.m2/repository/org/mockito/mockito-junit-jupiter/5.20.0/mockito-junit-jupiter-5.20.0.jar","/home/jbergqvist/.m2/repository/com/fasterxml/jackson/core/jackson-databind/2.11.0/jackson-databind-2.11.0.jar","/home/jbergqvist/.m2/repository/com/fasterxml/jackson/core/jackson-annotations/2.11.0/jackson-annotations-2.11.0.jar","/home/jbergqvist/.m2/repository/com/fasterxml/jackson/core/jackson-core/2.11.0/jackson-core-2.11.0.jar","/home/jbergqvist/.m2/repository/org/slf4j/slf4j-api/1.7.25/slf4j-api-1.7.25.jar","/home/jbergqvist/.m2/repository/com/diffblue/cover/cover-annotations/1.8.0/cover-annotations-1.8.0.jar"],"complianceLevel":"11","productionSources":["/home/jbergqvist/diffblue/Palisade-common/src/main/java"],"testSources":["/home/jbergqvist/diffblue/Palisade-common/src/test/java"],"productionClasses":"/home/jbergqvist/diffblue/Palisade-common/target/classes","testClasses":"/home/jbergqvist/diffblue/Palisade-common/target/test-classes","sourceToBuildPathMap":null,"testSourceToBuildPathMap":null,"buildDirectory":"/home/jbergqvist/diffblue/Palisade-common/target","plugins":[{"__type":"DefaultPlugin","groupId":"org.apache.maven.plugins","artefactId":"maven-compiler-plugin","version":"3.8.0","pluginClassName":null},{"__type":"DefaultPlugin","groupId":"org.apache.maven.plugins","artefactId":"maven-javadoc-plugin","version":"3.1.0","pluginClassName":null},{"__type":"DefaultPlugin","groupId":"org.apache.maven.plugins","artefactId":"maven-dependency-plugin","version":"3.1.2","pluginClassName":null},{"__type":"DefaultPlugin","groupId":"org.codehaus.mojo","artefactId":"flatten-maven-plugin","version":"1.1.0","pluginClassName":null},{"__type":"DefaultPlugin","groupId":"org.codehaus.mojo","artefactId":"license-maven-plugin","version":"2.0.0","pluginClassName":null},{"__type":"DefaultPlugin","groupId":"org.jacoco","artefactId":"jacoco-maven-plugin","version":"0.8.5","pluginClassName":null},{"__type":"DefaultPlugin","groupId":"org.apache.maven.plugins","artefactId":"maven-checkstyle-plugin","version":"3.1.0","pluginClassName":null},{"__type":"DefaultPlugin","groupId":"org.apache.maven.plugins","artefactId":"maven-clean-plugin","version":"3.2.0","pluginClassName":null},{"__type":"DefaultPlugin","groupId":"org.apache.maven.plugins","artefactId":"maven-resources-plugin","version":"3.3.1","pluginClassName":null},{"__type":"DefaultPlugin","groupId":"org.apache.maven.plugins","artefactId":"maven-jar-plugin","version":"3.4.1","pluginClassName":null},{"__type":"DefaultPlugin","groupId":"org.apache.maven.plugins","artefactId":"maven-surefire-plugin","version":"3.2.5","pluginClassName":null},{"__type":"DefaultPlugin","groupId":"org.apache.maven.plugins","artefactId":"maven-install-plugin","version":"3.1.2","pluginClassName":null},{"__type":"DefaultPlugin","groupId":"org.apache.maven.plugins","artefactId":"maven-deploy-plugin","version":"3.1.2","pluginClassName":null},{"__type":"DefaultPlugin","groupId":"org.apache.maven.plugins","artefactId":"maven-site-plugin","version":"3.12.1","pluginClassName":null}],"version":"3.9.12","encoding":"UTF-8","name":"maven","subModules":[],"simpleModuleName":null,"parentModuleName":null,"location":"/home/jbergqvist/diffblue/Palisade-common","fullModuleName":"uk.gov.gchq.palisade:common"}}
12:54:38.649 [INFO]   [Checking]    [maven:out]         [com.diffblue.cover.buildsystem.config.a.a] out: [INFO] ------------------------------------------------------------------------
12:54:38.649 [INFO]   [Checking]    [maven:out]         [com.diffblue.cover.buildsystem.config.a.a] out: [INFO] BUILD SUCCESS
12:54:38.649 [INFO]   [Checking]    [maven:out]         [com.diffblue.cover.buildsystem.config.a.a] out: [INFO] ------------------------------------------------------------------------
12:54:38.650 [INFO]   [Checking]    [maven:out]         [com.diffblue.cover.buildsystem.config.a.a] out: [INFO] Total time:  5.797 s
12:54:38.650 [INFO]   [Checking]    [maven:out]         [com.diffblue.cover.buildsystem.config.a.a] out: [INFO] Finished at: 2026-01-12T12:54:38Z
12:54:38.650 [INFO]   [Checking]    [maven:out]         [com.diffblue.cover.buildsystem.config.a.a] out: [INFO] ------------------------------------------------------------------------
12:54:38.650 [INFO]   [Checking]    [maven:out]         [com.diffblue.cover.buildsystem.internal.f.f] deserializing line [DIFFBLUE]{"__type":"com.diffblue.cover.buildsystem.model.ProjectInfoMessage","projectName":"uk.gov.gchq.palisade:common","productionSources":["/home/jbergqvist/diffblue/Palisade-common/src/main/java","/home/jbergqvist/diffblue/Palisade-common/target/generated-sources/annotations"],"testSources":["/home/jbergqvist/diffblue/Palisade-common/src/test/java","/home/jbergqvist/diffblue/Palisade-common/target/generated-test-sources/test-annotations"],"location":"/home/jbergqvist/diffblue/Palisade-common"}
12:54:38.690 [INFO]   [Checking]    [main]              [com.diffblue.cover.buildsystem.internal.f.d] maven:err process not stopped, joining thread
12:54:38.690 [INFO]   [Checking]    [main]              [com.diffblue.cover.buildsystem.internal.f.d] maven:out process not stopped, joining thread
12:54:38.690 [DEBUG]  [Checking]    [main]              [com.diffblue.cover.buildsystem.config.a.a] Executor spent 6s on command "/home/jbergqvist/.sdkman/candidates/maven/current/bin/mvn -Dmaven.ext.class.path=/opt/cover/cover-buildsystem-maven-spy-jar-with-dependencies.jar -Dcom.diffblue.cover.skipTests=true -DskipTestOptimizer --batch-mode --projects=uk.gov.gchq.palisade:common --global-settings=/home/jbergqvist/.sdkman/candidates/maven/current/conf/settings.xml -Dcheckstyle.skip=true org.jacoco:jacoco-maven-plugin:0.8.5:prepare-agent -Djacoco.skip=false test -DfailIfNoTests=false -Dsurefire.failIfNoSpecifiedTests=false -Dmaven.test.failure.ignore=True -Dtest=!*DiffblueTest,**/DiffblueDummy* org.jacoco:jacoco-maven-plugin:0.8.5:report -Djacoco.skip=false"
12:54:38.723 [DEBUG]  [Checking]    [main]              [com.diffblue.cover.configuration.e] Purging written files... [/home/jbergqvist/diffblue/Palisade-common/src/main/java/DiffblueDummyCoverageClass.java, /home/jbergqvist/diffblue/Palisade-common/src/test/java/DiffblueDummyCoverageJupiterDiffblueTest.java, /home/jbergqvist/diffblue/Palisade-common/src/test/java/DiffblueDummyCoverageJupiterTest.java]
12:54:38.723 [DEBUG]  [Checking]    [main]              [com.diffblue.cover.configuration.e] Attempting to find class files '[DiffblueDummyCoverageClass.class, DiffblueDummyCoverageJupiterDiffblueTest.class, DiffblueDummyCoverageJupiterTest.class]' in '/home/jbergqvist/diffblue/Palisade-common/target/classes'
12:54:38.724 [DEBUG]  [Checking]    [main]              [com.diffblue.cover.configuration.e] Found /home/jbergqvist/diffblue/Palisade-common/target/classes/DiffblueDummyCoverageClass.class, scheduling deletion
12:54:38.724 [DEBUG]  [Checking]    [main]              [com.diffblue.cover.configuration.e] Attempting to find class files '[DiffblueDummyCoverageClass.class, DiffblueDummyCoverageJupiterDiffblueTest.class, DiffblueDummyCoverageJupiterTest.class]' in '/home/jbergqvist/diffblue/Palisade-common/target/test-classes'
12:54:38.724 [DEBUG]  [Checking]    [main]              [com.diffblue.cover.configuration.e] Found /home/jbergqvist/diffblue/Palisade-common/target/test-classes/DiffblueDummyCoverageJupiterTest.class, scheduling deletion
12:54:38.724 [DEBUG]  [Checking]    [main]              [com.diffblue.cover.configuration.e] Found /home/jbergqvist/diffblue/Palisade-common/target/test-classes/DiffblueDummyCoverageJupiterDiffblueTest.class, scheduling deletion
12:54:38.724 [DEBUG]  [Checking]    [main]              [com.diffblue.cover.configuration.a.e] DetectorCache miss JaCoCo execution
12:54:38.724 [DEBUG]  [Checking]    [main]              [com.diffblue.cover.configuration.cache.a] Writing cache to /home/jbergqvist/diffblue/Palisade-common/.diffblue/cache/env.json containing 12 items
12:54:38.728 [DEBUG]  [Checking]    [main]              [com.diffblue.cover.commons.l.d] Processing rule com.diffblue.cover.configuration.a.u took 13242ms
12:54:38.749 [DEBUG]  [Checking]    [main]              [com.diffblue.cover.commons.dependency.a.b] Detected Cover Annotations version 1.8.0 (via jar:file:/home/jbergqvist/.m2/repository/com/diffblue/cover/cover-annotations/1.8.0/cover-annotations-1.8.0.jar!/META-INF/maven/com.diffblue.cover/cover-annotations/pom.properties)
12:54:38.750 [INFO]   [Checking]    [main]              [com.diffblue.cover.ui.controller.r] Detected Cover Annotations version 1.8.0
12:54:38.821 [DEBUG]  [Checking]    [main]              [com.diffblue.cover.commons.configuration.e] Property cover.llm.complete has not been set, and no default value provided
12:54:38.822 [DEBUG]  [Checking]    [main]              [com.diffblue.cover.commons.configuration.e] Property cover.llm.objects has not been set, and no default value provided
12:54:38.822 [DEBUG]  [Checking]    [main]              [com.diffblue.cover.commons.configuration.e] Property cover.llm.strings has not been set, and no default value provided
12:54:38.822 [DEBUG]  [Checking]    [main]              [com.diffblue.cover.commons.configuration.e] Property cover.llm.postprocessing has not been set, and no default value provided
12:54:38.823 [DEBUG]  [Checking]    [main]              [com.diffblue.cover.commons.configuration.e] Property cover.reports.upload.url has not been set, and no default value provided
12:54:38.827 [INFO]   [Checking]    [main]              [com.diffblue.cover.ui.controller.r] Selected Java language compliance level: 11
12:54:38.828 [INFO]   [Checking]    [main]              [com.diffblue.cover.ui.controller.r] Selected test validation: enabled
12:54:38.855 [DEBUG]  [Checking]    [main]              [com.diffblue.cover.commons.configuration.e] Property cover.experimental.sandbox has not been set, using default value false
12:54:39.210 [INFO]   [Checking]    [main]              [com.diffblue.cover.ui.controller.r] Prefixes for filtering classes/methods:
12:54:39.215 [INFO]   [Checking]    [main]              [com.diffblue.cover.ui.controller.r] - uk.gov.gchq.palisade
12:54:39.216 [INFO]   [Checking]    [main]              [com.diffblue.cover.ui.controller.r] - uk.gov.gchq.palisade.data.serialise
12:54:39.217 [INFO]   [Checking]    [main]              [com.diffblue.cover.ui.controller.r] - uk.gov.gchq.palisade.resource
12:54:39.218 [INFO]   [Checking]    [main]              [com.diffblue.cover.ui.controller.r] - uk.gov.gchq.palisade.resource.impl
12:54:39.219 [INFO]   [Checking]    [main]              [com.diffblue.cover.ui.controller.r] - uk.gov.gchq.palisade.rule
12:54:39.220 [INFO]   [Checking]    [main]              [com.diffblue.cover.ui.controller.r] - uk.gov.gchq.palisade.user
12:54:39.220 [INFO]   [Checking]    [main]              [com.diffblue.cover.ui.controller.r] - uk.gov.gchq.palisade.util
12:54:39.221 [INFO]   [Checking]    [main]              [com.diffblue.cover.ui.controller.r] Gathering methods to test...
12:54:39.823 [DEBUG]  [Checking]    [main]              [com.diffblue.cover.commons.l.d] Processing rule com.diffblue.cover.ui.configuration.CliEntryPointsSelector took 994ms
12:54:39.827 [DEBUG]  [Checking]    [main]              [com.diffblue.cover.commons.l.d] Inference engine finished in 27499ms
12:54:39.848 [INFO]   [Reporting]   [main]              [com.diffblue.cover.ui.e] 
12:54:39.848 [INFO]   [Reporting]   [main]              [com.diffblue.cover.ui.e] Environment summary for module: uk.gov.gchq.palisade:common
12:54:39.848 [INFO]   [Reporting]   [main]              [com.diffblue.cover.ui.e] -----------------------------------------------------------
12:54:39.848 [INFO]   [Reporting]   [main]              [com.diffblue.cover.ui.e] Java version                   11.0.29                       SUCCESS        
12:54:39.848 [INFO]   [Reporting]   [main]              [com.diffblue.cover.ui.e] Build system                   Maven                         SUCCESS        
12:54:39.848 [INFO]   [Reporting]   [main]              [com.diffblue.cover.ui.e] Mocking Framework              Mockito Core 5.20.0           SUCCESS        
12:54:39.848 [INFO]   [Reporting]   [main]              [com.diffblue.cover.ui.e] Surefire version               3.2.5                         SUCCESS        
12:54:39.848 [INFO]   [Reporting]   [main]              [com.diffblue.cover.ui.e] Testing framework              JUnit Jupiter                 SUCCESS        
12:54:39.849 [INFO]   [Reporting]   [main]              [com.diffblue.cover.ui.e] Mockito JUnit Jupiter version  5.20.0                        SUCCESS        
12:54:39.849 [INFO]   [Reporting]   [main]              [com.diffblue.cover.ui.e] JavaEE version                 Skipped                       -----          
12:54:39.849 [INFO]   [Reporting]   [main]              [com.diffblue.cover.ui.e] OSGi Annotations               Not Detected                  -----          
12:54:39.849 [INFO]   [Reporting]   [main]              [com.diffblue.cover.ui.e] Javax WS RS API                Not Detected                  -----          
12:54:39.849 [INFO]   [Reporting]   [main]              [com.diffblue.cover.ui.e] Jakarta RESTful WS API         Not Detected                  -----          
12:54:39.849 [INFO]   [Reporting]   [main]              [com.diffblue.cover.ui.e] Jersey Server                  Not Detected                  -----          
12:54:39.849 [INFO]   [Reporting]   [main]              [com.diffblue.cover.ui.e] Jersey Test Framework          Not Detected                  -----          
12:54:39.849 [INFO]   [Reporting]   [main]              [com.diffblue.cover.ui.e] Jersey Test Provider InMemory  Not Detected                  -----          
12:54:39.849 [INFO]   [Reporting]   [main]              [com.diffblue.cover.ui.e] Guice Framework                Not Detected                  -----          
12:54:39.849 [INFO]   [Reporting]   [main]              [com.diffblue.cover.ui.e] JaCoCo plugin version          0.8.5                         SUCCESS        
12:54:39.849 [INFO]   [Reporting]   [main]              [com.diffblue.cover.ui.e] Launcher                       JUnit Jupiter                 SUCCESS        
12:54:39.849 [INFO]   [Reporting]   [main]              [com.diffblue.cover.ui.e] Quarkus                        Not Detected                  -----          
12:54:39.849 [INFO]   [Reporting]   [main]              [com.diffblue.cover.ui.e] Test validation                Enabled                       SUCCESS        
12:54:39.849 [INFO]   [Reporting]   [main]              [com.diffblue.cover.ui.e] Hamcrest                       Not Detected                  -----          
12:54:39.849 [INFO]   [Reporting]   [main]              [com.diffblue.cover.ui.e] Spring Core                    Not Detected                  -----          
12:54:39.849 [INFO]   [Reporting]   [main]              [com.diffblue.cover.ui.e] Spring Boot                    Skipped                       -----          
12:54:39.849 [INFO]   [Reporting]   [main]              [com.diffblue.cover.ui.e] Spring Boot Starter Webflux    Skipped                       -----          
12:54:39.849 [INFO]   [Reporting]   [main]              [com.diffblue.cover.ui.e] Spring Boot Test Autoconfigure Skipped                       -----          
12:54:39.849 [INFO]   [Reporting]   [main]              [com.diffblue.cover.ui.e] Spring Boot Test               Skipped                       -----          
12:54:39.849 [INFO]   [Reporting]   [main]              [com.diffblue.cover.ui.e] Spring Web                     Skipped                       -----          
12:54:39.849 [INFO]   [Reporting]   [main]              [com.diffblue.cover.ui.e] Spring Security Web            Skipped                       -----          
12:54:39.849 [INFO]   [Reporting]   [main]              [com.diffblue.cover.ui.e] Spring Test                    Skipped                       -----          
12:54:39.849 [INFO]   [Reporting]   [main]              [com.diffblue.cover.ui.e] 
12:54:39.849 [INFO]   [Reporting]   [main]              [com.diffblue.cover.ui.e] Environment check status: SUCCESS
12:54:39.977 [DEBUG]  [Creating]    [pool-3-thread-1]   [com.diffblue.cover.m.a.e] Configuration:
Module: 
Configuration: 
 features=[COVERAGE_REPORTS, TESTING_FRAMEWORK_JUNIT_JUPITER5, MOCKING, MOCKITO_SESSION, MOCKITO_DI, INLINE_MOCK_MAKER, INCLUDE_SYSTEM_ENVIRONMENT_VARIABLES, INLINING, INLINE_ACT_INTO_ASSERT, INLINE_ARRANGE_INTO_ACT_ASSERT, INLINE_CHAINED_MEMBER_ACCESSES, INLINE_CONSTRUCTORS, INLINE_IMMEDIATE_VALUES, JOIN_SIMPLE_TESTS, SHOW_SECTION_COMMENTS, NEW_DIFFBLUE_COVERAGE_ONLY, REPORT, SANDBOXING, DESCRIPTIVE_TEST_NAMES, SPRING_TESTS_ENABLED, SPRING_BOOT_TESTS_ENABLED, VALIDATION, ANALYZER_SERVICE, VERIFICATION, HAS_METHOD_GROUP_ANNOTATION, TAG_WITH_CONTRIBUTION_FROM_DIFFBLUE, TAG_WITH_MANAGED_BY_DIFFBLUE]
 analyzerServiceIdleTimeout=PT2M
 coverReportsBaseUrl=Optional.empty
 environmentVariables={}
 complianceLevel=11
 fuzzingIterations=1000
 jacocoCommandDiffblue=Optional.empty
 jacocoCommandManual=Optional.empty
 jacocoXmlTestReport=Optional.empty
 jacocoXmlTestReportDiffblue=/home/jbergqvist/diffblue/Palisade-common/.diffblue/reports/diffblue-tests-jacoco-report.xml
 jacocoXmlTestReportManual=/home/jbergqvist/diffblue/Palisade-common/.diffblue/reports/manual-tests-jacoco-report.xml
 sandboxAllowedJavaNativeInterfacePrefixes=[]
 mockingFramework=MOCKITO_5_0_0
 mockClasses=[]
 mockStaticClasses=[]
 workingDirectory=/home/jbergqvist/diffblue/Palisade-common
 classpath=Classpath(27 full entries, 1 code under test entries, 1 test build entries)
 warningsToSuppress=[]
 perMethodTimeouts=Timeouts{softTimeout=PT20S, initialExecutionTimeout=PT20S, hardTimeout=PT1M, springStartupTimeout=PT4M}
 reportFile=/home/jbergqvist/diffblue/Palisade-common/.diffblue/reports/report.json
 activeProfiles=[]
 classScheme=${CLASS}DiffblueTest
 diffblueClassScheme=${CLASS}DiffblueTest
 methodScheme=test${INNER}${UNIT}${_}${GIVEN}${_}${WHEN}${_}${THEN}
 springConfigurationClasses=[]
 testOutputDirectory=/home/jbergqvist/diffblue/Palisade-common/src/test/java
 validationCommand=Optional.empty
 validationTimeout=PT30M
 jacocoVersion=0.8.5
 observerMethodSpecification=MethodSpecification[excludedPrefixes=[]]
 excludeMethodSpecification=MethodSpecification[excludedPrefixes=[]]
 analyzerServiceRestartFrequency=50
 jerseyFramework=null
 launcher=/home/jbergqvist/.m2/repository/org/junit/platform/junit-platform-launcher/1.13.4/junit-platform-launcher-1.13.4.jar
 maxCountOfAssertionsPerTest=2147483647
 remoteAi=RemoteAiConfig{complete=null, objects=null, strings=null, postprocessing='true'}

12:54:39.980 [INFO]   [Creating]    [pool-3-thread-1]   [com.diffblue.cover.ui.b.b] Found 131 callable methods in 25 classes
12:54:39.981 [INFO]   [Creating]    [pool-3-thread-1]   [com.diffblue.cover.m.a.b] 
12:54:39.981 [INFO]   [Creating]    [pool-3-thread-1]   [com.diffblue.cover.m.a.b] Creating tests:
12:54:39.981 [INFO]   [Creating]    [pool-3-thread-1]   [com.diffblue.cover.m.a.b] ---------------
12:54:39.987 [INFO]   [Creating]    [pool-3-thread-1]   [com.diffblue.cover.m.a.b] 
================================================================================
= Starting analysis for class 'uk.gov.gchq.palisade.Context'
================================================================================
12:54:39.987 [INFO]   [Creating]    [pool-3-thread-1]   [com.diffblue.cover.m.a.b] Filtering out non-testable methods...
12:54:40.475 [INFO]   [Creating]    [pool-3-thread-1]   [com.diffblue.cover.ui.b.b]       [1/131] uk.gov.gchq.palisade.Context.contents
12:54:40.475 [INFO]   [Creating]    [pool-3-thread-1]   [com.diffblue.cover.ui.b.b]       [1/131]   T024: Generated method
12:54:40.475 [DEBUG]  [Creating]    [pool-3-thread-1]   [com.diffblue.cover.ui.b.b]       [1/131]   (at least 2 lines uncovered in this method)
12:54:40.475 [INFO]   [Creating]    [pool-3-thread-1]   [com.diffblue.cover.ui.b.b]       [1/131]     Indicates that the method is generated by some framework or tool and should not
12:54:40.475 [INFO]   [Creating]    [pool-3-thread-1]   [com.diffblue.cover.ui.b.b]       [1/131]     be tested explicitly. The expectation is that the generator itself should be
12:54:40.475 [INFO]   [Creating]    [pool-3-thread-1]   [com.diffblue.cover.ui.b.b]       [1/131]     tested and not each piece of code it produces.
12:54:40.475 [INFO]   [Creating]    [pool-3-thread-1]   [com.diffblue.cover.ui.b.b]       [1/131]     Currently, this includes methods identified generated by Lombok, Protobuf,
12:54:40.475 [INFO]   [Creating]    [pool-3-thread-1]   [com.diffblue.cover.ui.b.b]       [1/131]     Grpc, Hibernate, or annotated with a custom '@Generated' annotation
12:54:40.475 [INFO]   [Creating]    [pool-3-thread-1]   [com.diffblue.cover.ui.b.b]       [1/131]     (as long as the custom annotation has 'RUNTIME' or 'CLASS' retention).
12:54:40.475 [INFO]   [Creating]    [pool-3-thread-1]   [com.diffblue.cover.ui.b.b]       [1/131]     Diffblue Cover considers these methods as not directly callable.
12:54:40.479 [INFO]   [Creating]    [pool-3-thread-1]   [com.diffblue.cover.ui.b.b]       [2/131] uk.gov.gchq.palisade.Context.equals
12:54:40.479 [INFO]   [Creating]    [pool-3-thread-1]   [com.diffblue.cover.ui.b.b]       [2/131]   T024: Generated method
12:54:40.479 [DEBUG]  [Creating]    [pool-3-thread-1]   [com.diffblue.cover.ui.b.b]       [2/131]   (at least 6 lines uncovered in this method)
12:54:40.479 [INFO]   [Creating]    [pool-3-thread-1]   [com.diffblue.cover.ui.b.b]       [2/131]     Indicates that the method is generated by some framework or tool and should not
12:54:40.479 [INFO]   [Creating]    [pool-3-thread-1]   [com.diffblue.cover.ui.b.b]       [2/131]     be tested explicitly. The expectation is that the generator itself should be
12:54:40.479 [INFO]   [Creating]    [pool-3-thread-1]   [com.diffblue.cover.ui.b.b]       [2/131]     tested and not each piece of code it produces.
12:54:40.479 [INFO]   [Creating]    [pool-3-thread-1]   [com.diffblue.cover.ui.b.b]       [2/131]     Currently, this includes methods identified generated by Lombok, Protobuf,
12:54:40.479 [INFO]   [Creating]    [pool-3-thread-1]   [com.diffblue.cover.ui.b.b]       [2/131]     Grpc, Hibernate, or annotated with a custom '@Generated' annotation
12:54:40.479 [INFO]   [Creating]    [pool-3-thread-1]   [com.diffblue.cover.ui.b.b]       [2/131]     (as long as the custom annotation has 'RUNTIME' or 'CLASS' retention).
12:54:40.479 [INFO]   [Creating]    [pool-3-thread-1]   [com.diffblue.cover.ui.b.b]       [2/131]     Diffblue Cover considers these methods as not directly callable.
12:54:40.484 [INFO]   [Creating]    [pool-3-thread-1]   [com.diffblue.cover.ui.b.b]       [3/131] uk.gov.gchq.palisade.Context.get
12:54:40.484 [INFO]   [Creating]    [pool-3-thread-1]   [com.diffblue.cover.ui.b.b]       [3/131]   T024: Generated method
12:54:40.484 [DEBUG]  [Creating]    [pool-3-thread-1]   [com.diffblue.cover.ui.b.b]       [3/131]   (at least 1 line uncovered in this method)
12:54:40.484 [INFO]   [Creating]    [pool-3-thread-1]   [com.diffblue.cover.ui.b.b]       [3/131]     Indicates that the method is generated by some framework or tool and should not
12:54:40.484 [INFO]   [Creating]    [pool-3-thread-1]   [com.diffblue.cover.ui.b.b]       [3/131]     be tested explicitly. The expectation is that the generator itself should be
12:54:40.484 [INFO]   [Creating]    [pool-3-thread-1]   [com.diffblue.cover.ui.b.b]       [3/131]     tested and not each piece of code it produces.
12:54:40.484 [INFO]   [Creating]    [pool-3-thread-1]   [com.diffblue.cover.ui.b.b]       [3/131]     Currently, this includes methods identified generated by Lombok, Protobuf,
12:54:40.484 [INFO]   [Creating]    [pool-3-thread-1]   [com.diffblue.cover.ui.b.b]       [3/131]     Grpc, Hibernate, or annotated with a custom '@Generated' annotation
12:54:40.484 [INFO]   [Creating]    [pool-3-thread-1]   [com.diffblue.cover.ui.b.b]       [3/131]     (as long as the custom annotation has 'RUNTIME' or 'CLASS' retention).
12:54:40.484 [INFO]   [Creating]    [pool-3-thread-1]   [com.diffblue.cover.ui.b.b]       [3/131]     Diffblue Cover considers these methods as not directly callable.
12:54:40.489 [INFO]   [Creating]    [pool-3-thread-1]   [com.diffblue.cover.ui.b.b]       [4/131] uk.gov.gchq.palisade.Context.getContents
12:54:40.489 [INFO]   [Creating]    [pool-3-thread-1]   [com.diffblue.cover.ui.b.b]       [4/131]   T024: Generated method
12:54:40.489 [DEBUG]  [Creating]    [pool-3-thread-1]   [com.diffblue.cover.ui.b.b]       [4/131]   (at least 1 line uncovered in this method)
12:54:40.489 [INFO]   [Creating]    [pool-3-thread-1]   [com.diffblue.cover.ui.b.b]       [4/131]     Indicates that the method is generated by some framework or tool and should not
12:54:40.489 [INFO]   [Creating]    [pool-3-thread-1]   [com.diffblue.cover.ui.b.b]       [4/131]     be tested explicitly. The expectation is that the generator itself should be
12:54:40.489 [INFO]   [Creating]    [pool-3-thread-1]   [com.diffblue.cover.ui.b.b]       [4/131]     tested and not each piece of code it produces.
12:54:40.489 [INFO]   [Creating]    [pool-3-thread-1]   [com.diffblue.cover.ui.b.b]       [4/131]     Currently, this includes methods identified generated by Lombok, Protobuf,
12:54:40.489 [INFO]   [Creating]    [pool-3-thread-1]   [com.diffblue.cover.ui.b.b]       [4/131]     Grpc, Hibernate, or annotated with a custom '@Generated' annotation
12:54:40.489 [INFO]   [Creating]    [pool-3-thread-1]   [com.diffblue.cover.ui.b.b]       [4/131]     (as long as the custom annotation has 'RUNTIME' or 'CLASS' retention).
12:54:40.489 [INFO]   [Creating]    [pool-3-thread-1]   [com.diffblue.cover.ui.b.b]       [4/131]     Diffblue Cover considers these methods as not directly callable.
12:54:40.495 [INFO]   [Creating]    [pool-3-thread-1]   [com.diffblue.cover.ui.b.b]       [5/131] uk.gov.gchq.palisade.Context.getContentsCopy
12:54:40.495 [INFO]   [Creating]    [pool-3-thread-1]   [com.diffblue.cover.ui.b.b]       [5/131]   T024: Generated method
12:54:40.495 [DEBUG]  [Creating]    [pool-3-thread-1]   [com.diffblue.cover.ui.b.b]       [5/131]   (at least 1 line uncovered in this method)
12:54:40.495 [INFO]   [Creating]    [pool-3-thread-1]   [com.diffblue.cover.ui.b.b]       [5/131]     Indicates that the method is generated by some framework or tool and should not
12:54:40.495 [INFO]   [Creating]    [pool-3-thread-1]   [com.diffblue.cover.ui.b.b]       [5/131]     be tested explicitly. The expectation is that the generator itself should be
12:54:40.495 [INFO]   [Creating]    [pool-3-thread-1]   [com.diffblue.cover.ui.b.b]       [5/131]     tested and not each piece of code it produces.
12:54:40.495 [INFO]   [Creating]    [pool-3-thread-1]   [com.diffblue.cover.ui.b.b]       [5/131]     Currently, this includes methods identified generated by Lombok, Protobuf,
12:54:40.495 [INFO]   [Creating]    [pool-3-thread-1]   [com.diffblue.cover.ui.b.b]       [5/131]     Grpc, Hibernate, or annotated with a custom '@Generated' annotation
12:54:40.495 [INFO]   [Creating]    [pool-3-thread-1]   [com.diffblue.cover.ui.b.b]       [5/131]     (as long as the custom annotation has 'RUNTIME' or 'CLASS' retention).
12:54:40.495 [INFO]   [Creating]    [pool-3-thread-1]   [com.diffblue.cover.ui.b.b]       [5/131]     Diffblue Cover considers these methods as not directly callable.
12:54:40.501 [INFO]   [Creating]    [pool-3-thread-1]   [com.diffblue.cover.ui.b.b]       [6/131] uk.gov.gchq.palisade.Context.hashCode
12:54:40.501 [INFO]   [Creating]    [pool-3-thread-1]   [com.diffblue.cover.ui.b.b]       [6/131]   T024: Generated method
12:54:40.501 [DEBUG]  [Creating]    [pool-3-thread-1]   [com.diffblue.cover.ui.b.b]       [6/131]   (at least 1 line uncovered in this method)
12:54:40.501 [INFO]   [Creating]    [pool-3-thread-1]   [com.diffblue.cover.ui.b.b]       [6/131]     Indicates that the method is generated by some framework or tool and should not
12:54:40.501 [INFO]   [Creating]    [pool-3-thread-1]   [com.diffblue.cover.ui.b.b]       [6/131]     be tested explicitly. The expectation is that the generator itself should be
12:54:40.501 [INFO]   [Creating]    [pool-3-thread-1]   [com.diffblue.cover.ui.b.b]       [6/131]     tested and not each piece of code it produces.
12:54:40.501 [INFO]   [Creating]    [pool-3-thread-1]   [com.diffblue.cover.ui.b.b]       [6/131]     Currently, this includes methods identified generated by Lombok, Protobuf,
12:54:40.501 [INFO]   [Creating]    [pool-3-thread-1]   [com.diffblue.cover.ui.b.b]       [6/131]     Grpc, Hibernate, or annotated with a custom '@Generated' annotation
12:54:40.501 [INFO]   [Creating]    [pool-3-thread-1]   [com.diffblue.cover.ui.b.b]       [6/131]     (as long as the custom annotation has 'RUNTIME' or 'CLASS' retention).
12:54:40.501 [INFO]   [Creating]    [pool-3-thread-1]   [com.diffblue.cover.ui.b.b]       [6/131]     Diffblue Cover considers these methods as not directly callable.
12:54:40.504 [INFO]   [Creating]    [pool-3-thread-1]   [com.diffblue.cover.ui.b.b]       [7/131] uk.gov.gchq.palisade.Context.purpose
12:54:40.504 [INFO]   [Creating]    [pool-3-thread-1]   [com.diffblue.cover.ui.b.b]       [7/131]   T024: Generated method
12:54:40.504 [DEBUG]  [Creating]    [pool-3-thread-1]   [com.diffblue.cover.ui.b.b]       [7/131]   (at least 2 lines uncovered in this method)
12:54:40.505 [INFO]   [Creating]    [pool-3-thread-1]   [com.diffblue.cover.ui.b.b]       [7/131]     Indicates that the method is generated by some framework or tool and should not
12:54:40.505 [INFO]   [Creating]    [pool-3-thread-1]   [com.diffblue.cover.ui.b.b]       [7/131]     be tested explicitly. The expectation is that the generator itself should be
12:54:40.505 [INFO]   [Creating]    [pool-3-thread-1]   [com.diffblue.cover.ui.b.b]       [7/131]     tested and not each piece of code it produces.
12:54:40.505 [INFO]   [Creating]    [pool-3-thread-1]   [com.diffblue.cover.ui.b.b]       [7/131]     Currently, this includes methods identified generated by Lombok, Protobuf,
12:54:40.505 [INFO]   [Creating]    [pool-3-thread-1]   [com.diffblue.cover.ui.b.b]       [7/131]     Grpc, Hibernate, or annotated with a custom '@Generated' annotation
12:54:40.505 [INFO]   [Creating]    [pool-3-thread-1]   [com.diffblue.cover.ui.b.b]       [7/131]     (as long as the custom annotation has 'RUNTIME' or 'CLASS' retention).
12:54:40.505 [INFO]   [Creating]    [pool-3-thread-1]   [com.diffblue.cover.ui.b.b]       [7/131]     Diffblue Cover considers these methods as not directly callable.
12:54:40.509 [INFO]   [Creating]    [pool-3-thread-1]   [com.diffblue.cover.ui.b.b]       [8/131] uk.gov.gchq.palisade.Context.put
12:54:40.509 [INFO]   [Creating]    [pool-3-thread-1]   [com.diffblue.cover.ui.b.b]       [8/131]   T024: Generated method
12:54:40.509 [DEBUG]  [Creating]    [pool-3-thread-1]   [com.diffblue.cover.ui.b.b]       [8/131]   (at least 4 lines uncovered in this method)
12:54:40.509 [INFO]   [Creating]    [pool-3-thread-1]   [com.diffblue.cover.ui.b.b]       [8/131]     Indicates that the method is generated by some framework or tool and should not
12:54:40.509 [INFO]   [Creating]    [pool-3-thread-1]   [com.diffblue.cover.ui.b.b]       [8/131]     be tested explicitly. The expectation is that the generator itself should be
12:54:40.509 [INFO]   [Creating]    [pool-3-thread-1]   [com.diffblue.cover.ui.b.b]       [8/131]     tested and not each piece of code it produces.
12:54:40.509 [INFO]   [Creating]    [pool-3-thread-1]   [com.diffblue.cover.ui.b.b]       [8/131]     Currently, this includes methods identified generated by Lombok, Protobuf,
12:54:40.509 [INFO]   [Creating]    [pool-3-thread-1]   [com.diffblue.cover.ui.b.b]       [8/131]     Grpc, Hibernate, or annotated with a custom '@Generated' annotation
12:54:40.509 [INFO]   [Creating]    [pool-3-thread-1]   [com.diffblue.cover.ui.b.b]       [8/131]     (as long as the custom annotation has 'RUNTIME' or 'CLASS' retention).
12:54:40.509 [INFO]   [Creating]    [pool-3-thread-1]   [com.diffblue.cover.ui.b.b]       [8/131]     Diffblue Cover considers these methods as not directly callable.
12:54:40.514 [INFO]   [Creating]    [pool-3-thread-1]   [com.diffblue.cover.ui.b.b]       [9/131] uk.gov.gchq.palisade.Context.putIfAbsent
12:54:40.514 [INFO]   [Creating]    [pool-3-thread-1]   [com.diffblue.cover.ui.b.b]       [9/131]   T024: Generated method
12:54:40.514 [DEBUG]  [Creating]    [pool-3-thread-1]   [com.diffblue.cover.ui.b.b]       [9/131]   (at least 4 lines uncovered in this method)
12:54:40.514 [INFO]   [Creating]    [pool-3-thread-1]   [com.diffblue.cover.ui.b.b]       [9/131]     Indicates that the method is generated by some framework or tool and should not
12:54:40.514 [INFO]   [Creating]    [pool-3-thread-1]   [com.diffblue.cover.ui.b.b]       [9/131]     be tested explicitly. The expectation is that the generator itself should be
12:54:40.514 [INFO]   [Creating]    [pool-3-thread-1]   [com.diffblue.cover.ui.b.b]       [9/131]     tested and not each piece of code it produces.
12:54:40.514 [INFO]   [Creating]    [pool-3-thread-1]   [com.diffblue.cover.ui.b.b]       [9/131]     Currently, this includes methods identified generated by Lombok, Protobuf,
12:54:40.514 [INFO]   [Creating]    [pool-3-thread-1]   [com.diffblue.cover.ui.b.b]       [9/131]     Grpc, Hibernate, or annotated with a custom '@Generated' annotation
12:54:40.514 [INFO]   [Creating]    [pool-3-thread-1]   [com.diffblue.cover.ui.b.b]       [9/131]     (as long as the custom annotation has 'RUNTIME' or 'CLASS' retention).
12:54:40.514 [INFO]   [Creating]    [pool-3-thread-1]   [com.diffblue.cover.ui.b.b]       [9/131]     Diffblue Cover considers these methods as not directly callable.
12:54:40.517 [INFO]   [Creating]    [pool-3-thread-1]   [com.diffblue.cover.ui.b.b]      [10/131] uk.gov.gchq.palisade.Context.setContents
12:54:40.517 [INFO]   [Creating]    [pool-3-thread-1]   [com.diffblue.cover.ui.b.b]      [10/131]   T024: Generated method
12:54:40.517 [DEBUG]  [Creating]    [pool-3-thread-1]   [com.diffblue.cover.ui.b.b]      [10/131]   (at least 3 lines uncovered in this method)
12:54:40.517 [INFO]   [Creating]    [pool-3-thread-1]   [com.diffblue.cover.ui.b.b]      [10/131]     Indicates that the method is generated by some framework or tool and should not
12:54:40.517 [INFO]   [Creating]    [pool-3-thread-1]   [com.diffblue.cover.ui.b.b]      [10/131]     be tested explicitly. The expectation is that the generator itself should be
12:54:40.517 [INFO]   [Creating]    [pool-3-thread-1]   [com.diffblue.cover.ui.b.b]      [10/131]     tested and not each piece of code it produces.
12:54:40.517 [INFO]   [Creating]    [pool-3-thread-1]   [com.diffblue.cover.ui.b.b]      [10/131]     Currently, this includes methods identified generated by Lombok, Protobuf,
12:54:40.517 [INFO]   [Creating]    [pool-3-thread-1]   [com.diffblue.cover.ui.b.b]      [10/131]     Grpc, Hibernate, or annotated with a custom '@Generated' annotation
12:54:40.517 [INFO]   [Creating]    [pool-3-thread-1]   [com.diffblue.cover.ui.b.b]      [10/131]     (as long as the custom annotation has 'RUNTIME' or 'CLASS' retention).
12:54:40.517 [INFO]   [Creating]    [pool-3-thread-1]   [com.diffblue.cover.ui.b.b]      [10/131]     Diffblue Cover considers these methods as not directly callable.
12:54:40.520 [INFO]   [Creating]    [pool-3-thread-1]   [com.diffblue.cover.ui.b.b]      [11/131] uk.gov.gchq.palisade.Context.toString
12:54:40.520 [INFO]   [Creating]    [pool-3-thread-1]   [com.diffblue.cover.ui.b.b]      [11/131]   T024: Generated method
12:54:40.520 [DEBUG]  [Creating]    [pool-3-thread-1]   [com.diffblue.cover.ui.b.b]      [11/131]   (at least 4 lines uncovered in this method)
12:54:40.520 [INFO]   [Creating]    [pool-3-thread-1]   [com.diffblue.cover.ui.b.b]      [11/131]     Indicates that the method is generated by some framework or tool and should not
12:54:40.520 [INFO]   [Creating]    [pool-3-thread-1]   [com.diffblue.cover.ui.b.b]      [11/131]     be tested explicitly. The expectation is that the generator itself should be
12:54:40.520 [INFO]   [Creating]    [pool-3-thread-1]   [com.diffblue.cover.ui.b.b]      [11/131]     tested and not each piece of code it produces.
12:54:40.520 [INFO]   [Creating]    [pool-3-thread-1]   [com.diffblue.cover.ui.b.b]      [11/131]     Currently, this includes methods identified generated by Lombok, Protobuf,
12:54:40.520 [INFO]   [Creating]    [pool-3-thread-1]   [com.diffblue.cover.ui.b.b]      [11/131]     Grpc, Hibernate, or annotated with a custom '@Generated' annotation
12:54:40.520 [INFO]   [Creating]    [pool-3-thread-1]   [com.diffblue.cover.ui.b.b]      [11/131]     (as long as the custom annotation has 'RUNTIME' or 'CLASS' retention).
12:54:40.520 [INFO]   [Creating]    [pool-3-thread-1]   [com.diffblue.cover.ui.b.b]      [11/131]     Diffblue Cover considers these methods as not directly callable.
12:54:40.633 [DEBUG]  [Creating]    [pool-3-thread-1]   [com.diffblue.combiner.d.j] Using Javaparser to combine tests
12:54:40.681 [INFO]   [Creating]    [pool-3-thread-1]   [com.diffblue.cover.m.a.b] Filtering of methods complete. Creating analysis request
12:54:40.682 [INFO]   [Creating]    [pool-3-thread-1]   [com.diffblue.cover.service.c] Attempting to get service client, retry 1.
12:54:40.685 [INFO]   [Creating]    [pool-3-thread-1]   [com.diffblue.cover.service.c] Starting monitoring server.
12:54:40.819 [INFO]   [Creating]    [pool-3-thread-1]   [com.diffblue.cover.service.c] Monitoring server listening on localhost/127.0.0.1:41477
12:54:40.879 [INFO]   [Creating]    [pool-3-thread-1]   [com.diffblue.cover.service.c] Starting analyzer server process...
12:54:40.880 [INFO]   [Creating]    [pool-3-thread-1]   [com.diffblue.cover.service.c] Server command-line: /home/jbergqvist/.sdkman/candidates/java/11.0.29-amzn/bin/java -XX:+IgnoreUnrecognizedVMOptions -Djdk.attach.allowAttachSelf=true -Djdk.jar.maxSignatureFileSize=100000000 -ea -javaagent:/opt/cover/launcher-shared-jar.jar -Dlogback.configurationFile=/tmp/diffblue/config/logback-remote-service.xml -Dcom.diffblue.springIsolationJar=/opt/cover/cover-isolation-layer.jar -Dcover.jar.path=/opt/cover/cover-service-analyzer.jar -Dcom.diffblue.assertionSuggestionJar=/opt/cover/cover-service-analyzer.jar -Dcover.main.class=com.diffblue.cover.service.analyzer.Main -jar /opt/cover/launcher-shared-jar.jar --service-lifespan 120 --monitoring-service-port 41477 --index-service-port 41477 --debug-log
12:54:40.882 [INFO]   [Creating]    [pool-3-thread-1]   [com.diffblue.cover.service.c] Server started. Waiting up to 300 seconds for a connection to be established...
12:54:41.680 [DEBUG]  [Creating]    [nullmain]          [com.diffblue.cover.service.analyzer.Main] Service heap size: 16016 MB
12:54:41.762 [INFO]   [Creating]    [nullmain]          [com.diffblue.cover.service.a.a.b] Starting new remote monitor client
12:54:42.465 [INFO]   [Creating]    [analyzer-service:main][com.diffblue.cover.service.a.a.b] Attempting to start remote server.
12:54:42.470 [DEBUG]  [Creating]    [analyzer-service:main][com.diffblue.cover.service.analyzer.a.c] Watchdog reset
12:54:42.613 [INFO]   [Creating]    [analyzer-service:main][com.diffblue.cover.service.a.a.a] Server started, listening on localhost/127.0.0.1:38105
12:54:42.618 [INFO]   [Creating]    [pool-3-thread-1]   [com.diffblue.cover.service.c] Expect analyzer service to be listening on port 38105.
12:54:42.620 [DEBUG]  [Creating]    [analyzer-service:main][com.diffblue.cover.service.analyzer.a.c] Watchdog reset
12:54:43.282 [DEBUG]  [Creating]    [analyzer-service:grpc-default-executor-0][com.diffblue.cover.service.analyzer.a.c] Watchdog reset
12:54:43.290 [INFO]   [Creating]    [pool-3-thread-1]   [com.diffblue.cover.service.c] Started analyzer service and client retrieved.
12:54:43.507 [DEBUG]  [Creating]    [analyzer-service:grpc-default-executor-1][com.diffblue.cover.service.analyzer.a.c] Watchdog reset
12:54:43.550 [DEBUG]  [Creating]    [analyzer-service:grpc-default-executor-1][com.diffblue.cover.commons.configuration.e] Loading properties from resources
12:54:43.550 [DEBUG]  [Creating]    [analyzer-service:grpc-default-executor-1][com.diffblue.cover.commons.configuration.e] Loading properties from installation directory
12:54:43.551 [DEBUG]  [Creating]    [analyzer-service:grpc-default-executor-1][com.diffblue.cover.commons.configuration.e] /opt/cover/cover.properties doesn't exist
12:54:43.551 [DEBUG]  [Creating]    [analyzer-service:grpc-default-executor-1][com.diffblue.cover.commons.configuration.e] Loading properties from user home directory
12:54:43.551 [DEBUG]  [Creating]    [analyzer-service:grpc-default-executor-1][com.diffblue.cover.commons.configuration.e] /home/jbergqvist/.diffblue/cover.properties doesn't exist
12:54:43.551 [DEBUG]  [Creating]    [analyzer-service:grpc-default-executor-1][com.diffblue.cover.commons.configuration.e] Loaded properties
12:54:43.552 [DEBUG]  [Creating]    [analyzer-service:grpc-default-executor-1][com.diffblue.cover.commons.configuration.e] Property cover.disableEnvironmentCache has not been set, using default value false
12:54:43.553 [DEBUG]  [Creating]    [analyzer-service:grpc-default-executor-1][com.diffblue.cover.commons.configuration.e] Property cover.dfa.disabled has not been set, using default value false
12:54:43.556 [DEBUG]  [Creating]    [analyzer-service:grpc-default-executor-1][com.diffblue.cover.commons.configuration.e] Checking Cover Property dfa.disabled under alias disable.dfa
12:54:43.556 [DEBUG]  [Creating]    [analyzer-service:grpc-default-executor-1][com.diffblue.cover.commons.configuration.e] Property disable.dfa has not been set, using default value false
12:54:43.586 [DEBUG]  [Creating]    [analyzer-service:grpc-default-executor-1][com.diffblue.cover.commons.configuration.e] Property cover.experimental.sandbox has not been set, using default value false
12:54:45.455 [DEBUG]  [Creating]    [analyzer-service:grpc-default-executor-1][com.diffblue.cover.service.analyzer.a.c] Watchdog reset
12:54:45.471 [DEBUG]  [Creating]    [analyzer-service:grpc-default-executor-1][com.diffblue.cover.commons.configuration.e] Property cover.extraLogging has not been set, and no default value provided
12:54:45.472 [DEBUG]  [Creating]    [analyzer-service:grpc-default-executor-1][com.diffblue.cover.commons.configuration.e] Checking Cover Property extraLogging under alias extra.logging
12:54:45.472 [DEBUG]  [Creating]    [analyzer-service:grpc-default-executor-1][com.diffblue.cover.commons.configuration.e] Property extra.logging has not been set, and no default value provided
12:54:45.499 [DEBUG]  [Creating]    [analyzer-service:grpc-default-executor-1][com.diffblue.fuzztest.e.a] Class information:
12:54:45.509 [DEBUG]  [Creating]    [analyzer-service:grpc-default-executor-1][com.diffblue.fuzztest.e.a]   Class annotations: @com.fasterxml.jackson.annotation.JsonTypeInfo(property="", include=PROPERTY, visible=false, defaultImpl=com.fasterxml.jackson.annotation.JsonTypeInfo.class, use=CLASS)
12:54:45.510 [DEBUG]  [Creating]    [analyzer-service:grpc-default-executor-1][com.diffblue.fuzztest.e.a]   Fields: private static final java.lang.String uk.gov.gchq.palisade.Context.PURPOSE, private java.util.Map uk.gov.gchq.palisade.Context.contents
12:54:45.510 [DEBUG]  [Creating]    [analyzer-service:grpc-default-executor-1][com.diffblue.fuzztest.e.a]   Constructors: public uk.gov.gchq.palisade.Context(), public uk.gov.gchq.palisade.Context(java.util.Map)
12:54:45.511 [DEBUG]  [Creating]    [analyzer-service:grpc-default-executor-1][com.diffblue.fuzztest.e.a]   Methods: public uk.gov.gchq.palisade.Context uk.gov.gchq.palisade.Context.contents(java.util.Map), public boolean uk.gov.gchq.palisade.Context.equals(java.lang.Object), public java.lang.Object uk.gov.gchq.palisade.Context.get(java.lang.String), public java.util.Map uk.gov.gchq.palisade.Context.getContents(), public java.util.Map uk.gov.gchq.palisade.Context.getContentsCopy(), public java.lang.String uk.gov.gchq.palisade.Context.getPurpose(), public int uk.gov.gchq.palisade.Context.hashCode(), public uk.gov.gchq.palisade.Context uk.gov.gchq.palisade.Context.purpose(java.lang.String), public uk.gov.gchq.palisade.Context uk.gov.gchq.palisade.Context.put(java.lang.String,java.lang.Object), public uk.gov.gchq.palisade.Context uk.gov.gchq.palisade.Context.putIfAbsent(java.lang.String,java.lang.Object), public void uk.gov.gchq.palisade.Context.setContents(java.util.Map), public java.lang.String uk.gov.gchq.palisade.Context.toString()
12:54:46.410 [DEBUG]  [Creating]    [analyzer-service:grpc-default-executor-1][com.diffblue.cover.service.analyzer.a.c] Watchdog reset
12:54:46.650 [DEBUG]  [Creating]    [analyzer-service:grpc-default-executor-1][com.diffblue.cover.service.analyzer.a.c] Watchdog reset
12:54:46.681 [DEBUG]  [Creating]    [analyzer-service:TimedExecutor-6][com.diffblue.fuzztest.g.e] 
================================================================================
= Creating tests for 'uk.gov.gchq.palisade.Context.<init>:()V' using 'SiM (!sp, fnm, df)'
================================================================================
12:54:46.694 [DEBUG]  [Creating]    [analyzer-service:TimedExecutor-6][com.diffblue.cover.f.e.ad] Looking for xml files in /home/jbergqvist/diffblue/Palisade-common/target/classes
12:54:46.698 [DEBUG]  [Creating]    [analyzer-service:TimedExecutor-6][com.diffblue.cover.f.e.ad] Looking for xml files in /home/jbergqvist/diffblue/Palisade-common/target/test-classes
12:54:46.699 [DEBUG]  [Creating]    [analyzer-service:TimedExecutor-6][com.diffblue.cover.f.e.ad] Processed all XML files: 0 Time: 29μs
12:54:46.702 [DEBUG]  [Creating]    [analyzer-service:TimedExecutor-6][com.diffblue.cover.commons.configuration.e] Property cover.spring.autowiredAlternative has not been set, and no default value provided
12:54:46.702 [DEBUG]  [Creating]    [analyzer-service:TimedExecutor-6][com.diffblue.cover.commons.configuration.e] Checking Cover Property spring.autowiredAlternative under alias autowired.alternative
12:54:46.702 [DEBUG]  [Creating]    [analyzer-service:TimedExecutor-6][com.diffblue.cover.commons.configuration.e] Property autowired.alternative has not been set, and no default value provided
12:54:47.229 [DEBUG]  [Creating]    [analyzer-service:TimedExecutor-6][com.diffblue.cover.service.analyzer.a.c] Watchdog reset
12:54:49.003 [DEBUG]  [Creating]    [analyzer-service:TimedExecutor-6][com.diffblue.fuzztest.g.ap] Test file does not exist: /home/jbergqvist/diffblue/Palisade-common/src/test/java/uk/gov/gchq/palisade/ContextDiffblueTest.java
12:54:49.004 [DEBUG]  [Creating]    [analyzer-service:TimedExecutor-6][com.diffblue.fuzztest.g.e] 
================================================================================
= Trying DI configuration EmptyDependencyInjectionTirConfiguration for uk.gov.gchq.palisade.Context.<init>:()V
================================================================================
12:54:49.010 [DEBUG]  [Creating]    [analyzer-service:TimedExecutor-6][com.diffblue.cover.commons.dependency.a.b] Detected Mockito Core version 5.20.0 (via jar:file:/home/jbergqvist/.m2/repository/org/mockito/mockito-core/5.20.0/mockito-core-5.20.0.jar!/org/mockito/Mockito.class)
12:54:49.931 [DEBUG]  [Creating]    [analyzer-service:TimedExecutor-6][com.diffblue.cover.service.analyzer.a.c] Watchdog reset
12:54:49.951 [DEBUG]  [Creating]    [analyzer-service:TimedExecutor-6][com.diffblue.fuzztest.b.f] Refinement loop done: 1 seeds, 1+0 new+accumulated tests, 1+0 tests+partial tests, 1/1000 its
12:54:50.105 [DEBUG]  [Creating]    [analyzer-service:TimedExecutor-6][com.diffblue.fuzztest.g.e] DI configuration 'com.diffblue.tir.p' generated tests: 1
12:54:50.106 [DEBUG]  [Creating]    [analyzer-service:TimedExecutor-6][com.diffblue.fuzztest.g.e] Enabling descriptive test naming
12:54:50.489 [DEBUG]  [Creating]    [analyzer-service:grpc-default-executor-1][com.diffblue.fuzztest.e.c] Created 1+0 tests and partial tests via 'SiM (!sp, fnm, df)' SiM fallback 1/2, returning all 1
12:54:50.868 [DEBUG]  [Creating]    [analyzer-service:grpc-default-executor-1][com.diffblue.cover.service.analyzer.a.c] Watchdog reset
12:54:50.893 [DEBUG]  [Creating]    [pool-3-thread-1]   [com.diffblue.cover.m.a.b] in processAnalysisResult for uk.gov.gchq.palisade.Context.<init>:()V
12:54:50.894 [DEBUG]  [Creating]    [pool-3-thread-1]   [com.diffblue.combiner.d.j] Using Javaparser to combine tests
12:54:52.241 [DEBUG]  [Creating]    [pool-6-thread-1]   [com.diffblue.cover.l.a.c] EdgeCoverageRuntime contains 11 edges
12:54:52.243 [DEBUG]  [Creating]    [pool-3-thread-1]   [com.diffblue.combiner.a.c] Adding changeSet to account as new: Optional[uk.gov.gchq.palisade.Context.<init>:()V]
12:54:52.332 [DEBUG]  [Creating]    [analyzer-service:grpc-default-executor-1][com.diffblue.cover.service.analyzer.a.c] Watchdog reset
12:54:52.333 [DEBUG]  [Creating]    [analyzer-service:TimedExecutor-7][com.diffblue.fuzztest.g.e] 
================================================================================
= Creating tests for 'uk.gov.gchq.palisade.Context.<init>:(Ljava/util/Map;)V' using 'SiM (!sp, fnm, df)'
================================================================================
12:54:52.418 [DEBUG]  [Creating]    [analyzer-service:TimedExecutor-7][com.diffblue.fuzztest.g.ap] Parsed existing test class at /home/jbergqvist/diffblue/Palisade-common/src/test/java/uk/gov/gchq/palisade/ContextDiffblueTest.java: found 0 annotations
12:54:52.419 [DEBUG]  [Creating]    [analyzer-service:TimedExecutor-7][com.diffblue.fuzztest.g.e] 
================================================================================
= Trying DI configuration EmptyDependencyInjectionTirConfiguration for uk.gov.gchq.palisade.Context.<init>:(Ljava/util/Map;)V
================================================================================
12:54:53.781 [DEBUG]  [Creating]    [analyzer-service:TimedExecutor-7][com.diffblue.cover.service.analyzer.a.c] Watchdog reset
12:54:54.584 [DEBUG]  [Creating]    [analyzer-service:TimedExecutor-7][com.diffblue.cover.service.analyzer.a.c] Watchdog reset
12:54:55.467 [DEBUG]  [Creating]    [analyzer-service:TimedExecutor-7][com.diffblue.cover.service.analyzer.a.c] Watchdog reset
12:54:55.549 [DEBUG]  [Creating]    [analyzer-service:TimedExecutor-7][com.diffblue.fuzztest.b.f] Refinement loop done: 1 seeds, 1+0 new+accumulated tests, 1+0 tests+partial tests, 171/1000 its
12:54:55.609 [DEBUG]  [Creating]    [analyzer-service:TimedExecutor-7][com.diffblue.fuzztest.g.e] DI configuration 'com.diffblue.tir.p' generated tests: 1
12:54:55.609 [DEBUG]  [Creating]    [analyzer-service:TimedExecutor-7][com.diffblue.fuzztest.g.e] Enabling descriptive test naming
12:54:55.611 [DEBUG]  [Creating]    [analyzer-service:grpc-default-executor-1][com.diffblue.fuzztest.e.c] Created 1+0 tests and partial tests via 'SiM (!sp, fnm, df)' SiM fallback 1/2, returning all 1
12:54:55.648 [DEBUG]  [Creating]    [pool-3-thread-1]   [com.diffblue.cover.m.a.b] in processAnalysisResult for uk.gov.gchq.palisade.Context.<init>:(Ljava/util/Map;)V
12:54:55.649 [DEBUG]  [Creating]    [pool-3-thread-1]   [com.diffblue.cover.r.d] Finished with MethodGroup: <init>, countOfTests: 1, countOfMethodsTested: 1 TestGenerationAccount: a[countOfRemoved=0, countOfUnchanged=0, countOfUpdated=0, countOfNew=1]
12:54:55.649 [INFO]   [Creating]    [pool-3-thread-1]   [com.diffblue.cover.ui.b.b]      [12/131] uk.gov.gchq.palisade.Context.<init>
12:54:55.650 [INFO]   [Creating]    [pool-3-thread-1]   [com.diffblue.cover.ui.b.b]      [12/131]   Tests created: 1
12:54:55.650 [DEBUG]  [Creating]    [pool-3-thread-1]   [com.diffblue.combiner.d.j] Using Javaparser to combine tests
12:54:55.749 [DEBUG]  [Creating]    [pool-6-thread-2]   [com.diffblue.cover.l.a.c] EdgeCoverageRuntime contains 12 edges
12:54:55.749 [DEBUG]  [Creating]    [pool-3-thread-1]   [com.diffblue.combiner.a.c] Adding changeSet to account as new: Optional[uk.gov.gchq.palisade.Context.<init>:(Ljava/util/Map;)V]
12:54:55.779 [DEBUG]  [Creating]    [analyzer-service:grpc-default-executor-1][com.diffblue.cover.service.analyzer.a.c] Watchdog reset
12:54:55.779 [DEBUG]  [Creating]    [analyzer-service:TimedExecutor-8][com.diffblue.fuzztest.g.e] 
================================================================================
= Creating tests for 'uk.gov.gchq.palisade.Context.getPurpose:()Ljava/lang/String;' using 'SiM (!sp, fnm, df)'
================================================================================
12:54:55.789 [DEBUG]  [Creating]    [analyzer-service:TimedExecutor-8][com.diffblue.fuzztest.g.ap] Parsed existing test class at /home/jbergqvist/diffblue/Palisade-common/src/test/java/uk/gov/gchq/palisade/ContextDiffblueTest.java: found 0 annotations
12:54:55.789 [DEBUG]  [Creating]    [analyzer-service:TimedExecutor-8][com.diffblue.fuzztest.g.e] 
================================================================================
= Trying DI configuration EmptyDependencyInjectionTirConfiguration for uk.gov.gchq.palisade.Context.getPurpose:()Ljava/lang/String;
================================================================================
12:54:56.304 [DEBUG]  [Creating]    [analyzer-service:TimedExecutor-8][com.diffblue.fuzztest.b.f] Refinement loop done: 2 seeds, 2+0 new+accumulated tests, 2+0 tests+partial tests, 382/1000 its
12:54:56.373 [DEBUG]  [Creating]    [analyzer-service:TimedExecutor-8][com.diffblue.fuzztest.g.e] DI configuration 'com.diffblue.tir.p' generated tests: 2
12:54:56.373 [DEBUG]  [Creating]    [analyzer-service:TimedExecutor-8][com.diffblue.fuzztest.g.e] Enabling descriptive test naming
12:54:56.387 [DEBUG]  [Creating]    [analyzer-service:grpc-default-executor-1][com.diffblue.fuzztest.e.c] Created 2+0 tests and partial tests via 'SiM (!sp, fnm, df)' SiM fallback 1/2, returning all 2
12:54:56.444 [DEBUG]  [Creating]    [analyzer-service:grpc-default-executor-1][com.diffblue.cover.service.analyzer.a.c] Watchdog reset
12:54:56.449 [DEBUG]  [Creating]    [pool-3-thread-1]   [com.diffblue.cover.m.a.b] in processAnalysisResult for uk.gov.gchq.palisade.Context.getPurpose:()Ljava/lang/String;
12:54:56.449 [DEBUG]  [Creating]    [pool-3-thread-1]   [com.diffblue.cover.r.d] Finished with MethodGroup: <init>, countOfTests: 1, countOfMethodsTested: 1 TestGenerationAccount: a[countOfRemoved=0, countOfUnchanged=0, countOfUpdated=0, countOfNew=2]
12:54:56.450 [INFO]   [Creating]    [pool-3-thread-1]   [com.diffblue.cover.ui.b.b]      [13/131] uk.gov.gchq.palisade.Context.<init>
12:54:56.450 [INFO]   [Creating]    [pool-3-thread-1]   [com.diffblue.cover.ui.b.b]      [13/131]   Tests created: 1
12:54:56.450 [DEBUG]  [Creating]    [pool-3-thread-1]   [com.diffblue.combiner.d.j] Using Javaparser to combine tests
12:54:56.511 [DEBUG]  [Creating]    [pool-6-thread-3]   [com.diffblue.cover.l.a.c] EdgeCoverageRuntime contains 5 edges
12:54:56.512 [DEBUG]  [Creating]    [pool-3-thread-1]   [com.diffblue.combiner.a.c] Adding changeSet to account as new: Optional[uk.gov.gchq.palisade.Context.getPurpose:()Ljava/lang/String;]
12:54:56.530 [DEBUG]  [Creating]    [pool-3-thread-1]   [com.diffblue.combiner.d.j] Using Javaparser to combine tests
12:54:56.619 [DEBUG]  [Creating]    [pool-6-thread-4]   [com.diffblue.cover.l.a.c] EdgeCoverageRuntime contains 9 edges
12:54:56.620 [DEBUG]  [Creating]    [pool-3-thread-1]   [com.diffblue.combiner.a.c] Adding changeSet to account as new: Optional[uk.gov.gchq.palisade.Context.getPurpose:()Ljava/lang/String;]
12:54:56.653 [DEBUG]  [Creating]    [pool-3-thread-1]   [com.diffblue.cover.r.d] Finished with MethodGroup: getPurpose, countOfTests: 2, countOfMethodsTested: 1 TestGenerationAccount: a[countOfRemoved=0, countOfUnchanged=0, countOfUpdated=0, countOfNew=4]
12:54:56.651 [DEBUG]  [Creating]    [analyzer-service:grpc-default-executor-1][com.diffblue.cover.service.analyzer.a.c] Watchdog reset
12:54:56.653 [INFO]   [Creating]    [pool-3-thread-1]   [com.diffblue.cover.ui.b.b]      [14/131] uk.gov.gchq.palisade.Context.getPurpose
12:54:56.653 [INFO]   [Creating]    [pool-3-thread-1]   [com.diffblue.cover.ui.b.b]      [14/131]   Tests created: 2
12:54:56.659 [INFO]   [Creating]    [pool-3-thread-1]   [com.diffblue.cover.ui.b.b]  [1/25] uk.gov.gchq.palisade.Context
12:54:56.659 [INFO]   [Creating]    [pool-3-thread-1]   [com.diffblue.cover.ui.b.b]  [1/25]   Tests created: 4
12:54:56.659 [DEBUG]  [Creating]    [pool-3-thread-1]   [com.diffblue.cover.ui.b.b]  [1/25]   (at least 29 lines uncovered in this class)
12:54:56.660 [INFO]   [Creating]    [pool-3-thread-1]   [com.diffblue.cover.m.a.b] 
================================================================================
= Starting analysis for class 'uk.gov.gchq.palisade.data.serialise.Serialiser'
================================================================================
12:54:56.660 [INFO]   [Creating]    [pool-3-thread-1]   [com.diffblue.cover.m.a.b] Filtering out non-testable methods...
12:54:58.410 [INFO]   [Creating]    [pool-3-thread-1]   [com.diffblue.cover.ui.b.b]      [15/131] uk.gov.gchq.palisade.data.serialise.Serialiser.deserialiseFlow
12:54:58.411 [INFO]   [Creating]    [pool-3-thread-1]   [com.diffblue.cover.ui.b.b]      [15/131]   T009: No implementation for abstract class
12:54:58.411 [DEBUG]  [Creating]    [pool-3-thread-1]   [com.diffblue.cover.ui.b.b]      [15/131]   (at least 1 line uncovered in this method)
12:54:58.411 [INFO]   [Creating]    [pool-3-thread-1]   [com.diffblue.cover.ui.b.b]      [15/131]     The method is a non-abstract instance method in an abstract class or
12:54:58.411 [INFO]   [Creating]    [pool-3-thread-1]   [com.diffblue.cover.ui.b.b]      [15/131]     a default method in an interface. Diffblue Cover would test such methods
12:54:58.411 [INFO]   [Creating]    [pool-3-thread-1]   [com.diffblue.cover.ui.b.b]      [15/131]     by using an implementation of that abstract class or interface. However,
12:54:58.411 [INFO]   [Creating]    [pool-3-thread-1]   [com.diffblue.cover.ui.b.b]      [15/131]     no such implementation has been found.
12:54:58.411 [INFO]   [Creating]    [pool-3-thread-1]   [com.diffblue.cover.ui.b.b]      [15/131]     Please provide an implementation for the abstract class or interface.
12:54:58.411 [INFO]   [Creating]    [pool-3-thread-1]   [com.diffblue.cover.ui.b.b]      [15/131]     See https://diff.blue/T009 to resolve this issue.
12:54:58.412 [INFO]   [Creating]    [pool-3-thread-1]   [com.diffblue.cover.ui.b.b]      [16/131] uk.gov.gchq.palisade.data.serialise.Serialiser.serialiseFlow
12:54:58.412 [INFO]   [Creating]    [pool-3-thread-1]   [com.diffblue.cover.ui.b.b]      [16/131]   T009: No implementation for abstract class
12:54:58.412 [DEBUG]  [Creating]    [pool-3-thread-1]   [com.diffblue.cover.ui.b.b]      [16/131]   (at least 1 line uncovered in this method)
12:54:58.412 [INFO]   [Creating]    [pool-3-thread-1]   [com.diffblue.cover.ui.b.b]      [16/131]     The method is a non-abstract instance method in an abstract class or
12:54:58.412 [INFO]   [Creating]    [pool-3-thread-1]   [com.diffblue.cover.ui.b.b]      [16/131]     a default method in an interface. Diffblue Cover would test such methods
12:54:58.412 [INFO]   [Creating]    [pool-3-thread-1]   [com.diffblue.cover.ui.b.b]      [16/131]     by using an implementation of that abstract class or interface. However,
12:54:58.412 [INFO]   [Creating]    [pool-3-thread-1]   [com.diffblue.cover.ui.b.b]      [16/131]     no such implementation has been found.
12:54:58.412 [INFO]   [Creating]    [pool-3-thread-1]   [com.diffblue.cover.ui.b.b]      [16/131]     Please provide an implementation for the abstract class or interface.
12:54:58.412 [INFO]   [Creating]    [pool-3-thread-1]   [com.diffblue.cover.ui.b.b]      [16/131]     See https://diff.blue/T009 to resolve this issue.
12:54:58.413 [DEBUG]  [Creating]    [pool-3-thread-1]   [com.diffblue.combiner.d.j] Using Javaparser to combine tests
12:54:58.414 [INFO]   [Creating]    [pool-3-thread-1]   [com.diffblue.cover.m.a.b] Filtering of methods complete. Creating analysis request
12:54:58.414 [INFO]   [Creating]    [pool-3-thread-1]   [com.diffblue.cover.service.c] Attempting to get service client, retry 1.
12:54:58.415 [DEBUG]  [Creating]    [analyzer-service:grpc-default-executor-1][com.diffblue.cover.service.analyzer.a.c] Watchdog reset
12:54:58.456 [DEBUG]  [Creating]    [analyzer-service:grpc-default-executor-1][com.diffblue.fuzztest.e.a] Class information:
12:54:58.456 [DEBUG]  [Creating]    [analyzer-service:grpc-default-executor-1][com.diffblue.fuzztest.e.a]   Fields: public static final org.slf4j.Logger uk.gov.gchq.palisade.data.serialise.Serialiser.LOGGER
12:54:58.456 [DEBUG]  [Creating]    [analyzer-service:grpc-default-executor-1][com.diffblue.fuzztest.e.a]   Constructors: 
12:54:58.493 [DEBUG]  [Creating]    [analyzer-service:grpc-default-executor-1][com.diffblue.fuzztest.e.a]   Methods: private static java.lang.Object uk.gov.gchq.palisade.data.serialise.Serialiser.$deserializeLambda$(java.lang.invoke.SerializedLambda), public static uk.gov.gchq.palisade.data.serialise.Serialiser uk.gov.gchq.palisade.data.serialise.Serialiser.create(java.lang.Class,java.lang.Class), public abstract java.util.stream.Stream uk.gov.gchq.palisade.data.serialise.Serialiser.deserialise(java.io.InputStream), public default akka.stream.javadsl.Flow uk.gov.gchq.palisade.data.serialise.Serialiser.deserialiseFlow(), private akka.stream.javadsl.Flow uk.gov.gchq.palisade.data.serialise.Serialiser.lambda$deserialiseFlow$1(akka.stream.Materializer,akka.stream.Attributes), private static java.util.stream.BaseStream uk.gov.gchq.palisade.data.serialise.Serialiser.lambda$deserialiseFlow$53520e23$1(java.util.stream.Stream) throws java.lang.Exception, private static akka.stream.Graph uk.gov.gchq.palisade.data.serialise.Serialiser.lambda$deserialiseFlow$a3bf7913$1(java.util.stream.Stream) throws java.lang.Exception, private akka.stream.javadsl.Flow uk.gov.gchq.palisade.data.serialise.Serialiser.lambda$serialiseFlow$0(akka.stream.Materializer,akka.stream.Attributes), private static akka.stream.Graph uk.gov.gchq.palisade.data.serialise.Serialiser.lambda$serialiseFlow$f0cd8ea3$1(java.io.InputStream) throws java.lang.Exception, private static java.io.InputStream uk.gov.gchq.palisade.data.serialise.Serialiser.lambda$serialiseFlow$f3dfe089$1(java.io.InputStream) throws java.lang.Exception, public abstract java.io.InputStream uk.gov.gchq.palisade.data.serialise.Serialiser.serialise(java.util.stream.Stream), public default akka.stream.javadsl.Flow uk.gov.gchq.palisade.data.serialise.Serialiser.serialiseFlow(), public static java.util.Optional uk.gov.gchq.palisade.data.serialise.Serialiser.tryCreate(java.lang.Class,java.lang.String)
12:54:58.507 [DEBUG]  [Creating]    [analyzer-service:TimedExecutor-15][com.diffblue.fuzztest.g.e] 
================================================================================
= Creating tests for 'uk.gov.gchq.palisade.data.serialise.Serialiser.create:(Ljava/lang/Class;Ljava/lang/Class;)Luk/gov/gchq/palisade/data/serialise/Serialiser;' using 'SiM (!sp, fnm, df)'
================================================================================
12:54:58.514 [DEBUG]  [Creating]    [analyzer-service:TimedExecutor-15][com.diffblue.fuzztest.g.ap] Test file does not exist: /home/jbergqvist/diffblue/Palisade-common/src/test/java/uk/gov/gchq/palisade/data/serialise/SerialiserDiffblueTest.java
12:54:58.514 [DEBUG]  [Creating]    [analyzer-service:TimedExecutor-15][com.diffblue.fuzztest.g.e] 
================================================================================
= Trying DI configuration EmptyDependencyInjectionTirConfiguration for uk.gov.gchq.palisade.data.serialise.Serialiser.create:(Ljava/lang/Class;Ljava/lang/Class;)Luk/gov/gchq/palisade/data/serialise/Serialiser;
================================================================================
12:54:58.840 [DEBUG]  [Creating]    [analyzer-service:TimedExecutor-15][com.diffblue.cover.service.analyzer.a.c] Watchdog reset
12:54:59.174 [DEBUG]  [Creating]    [analyzer-service:TimedExecutor-15][com.diffblue.cover.service.analyzer.a.c] Watchdog reset
12:54:59.747 [DEBUG]  [Creating]    [analyzer-service:TimedExecutor-15][com.diffblue.fuzztest.b.f] Refinement loop done: 1 seeds, 3+0 new+accumulated tests, 1+2 tests+partial tests, 521/1000 its
12:54:59.853 [DEBUG]  [Creating]    [analyzer-service:TimedExecutor-15][com.diffblue.fuzztest.g.e] DI configuration 'com.diffblue.tir.p' generated tests: 3
12:54:59.853 [DEBUG]  [Creating]    [analyzer-service:TimedExecutor-15][com.diffblue.fuzztest.g.e] Enabling descriptive test naming
12:54:59.864 [DEBUG]  [Creating]    [analyzer-service:grpc-default-executor-1][com.diffblue.fuzztest.e.c] Created 1+0 tests and partial tests via 'SiM (!sp, fnm, df)' SiM fallback 1/2, returning all 1
12:54:59.901 [DEBUG]  [Creating]    [analyzer-service:grpc-default-executor-1][com.diffblue.cover.service.analyzer.a.c] Watchdog reset
12:54:59.907 [DEBUG]  [Creating]    [pool-3-thread-1]   [com.diffblue.cover.m.a.b] in processAnalysisResult for uk.gov.gchq.palisade.data.serialise.Serialiser.create:(Ljava/lang/Class;Ljava/lang/Class;)Luk/gov/gchq/palisade/data/serialise/Serialiser;
12:54:59.907 [DEBUG]  [Creating]    [pool-3-thread-1]   [com.diffblue.combiner.d.j] Using Javaparser to combine tests
12:55:00.015 [DEBUG]  [Creating]    [pool-6-thread-5]   [com.diffblue.cover.l.a.c] EdgeCoverageRuntime contains 6 edges
12:55:00.016 [DEBUG]  [Creating]    [pool-3-thread-1]   [com.diffblue.combiner.a.c] Adding changeSet to account as new: Optional[uk.gov.gchq.palisade.data.serialise.Serialiser.create:(Ljava/lang/Class;Ljava/lang/Class;)Luk/gov/gchq/palisade/data/serialise/Serialiser;]
12:55:00.042 [DEBUG]  [Creating]    [analyzer-service:grpc-default-executor-1][com.diffblue.cover.service.analyzer.a.c] Watchdog reset
12:55:00.043 [DEBUG]  [Creating]    [analyzer-service:TimedExecutor-16][com.diffblue.fuzztest.g.e] 
================================================================================
= Creating tests for 'uk.gov.gchq.palisade.data.serialise.Serialiser.tryCreate:(Ljava/lang/Class;Ljava/lang/String;)Ljava/util/Optional;' using 'SiM (!sp, fnm, df)'
================================================================================
12:55:00.051 [DEBUG]  [Creating]    [analyzer-service:TimedExecutor-16][com.diffblue.fuzztest.g.ap] Parsed existing test class at /home/jbergqvist/diffblue/Palisade-common/src/test/java/uk/gov/gchq/palisade/data/serialise/SerialiserDiffblueTest.java: found 0 annotations
12:55:00.051 [DEBUG]  [Creating]    [analyzer-service:TimedExecutor-16][com.diffblue.fuzztest.g.e] 
================================================================================
= Trying DI configuration EmptyDependencyInjectionTirConfiguration for uk.gov.gchq.palisade.data.serialise.Serialiser.tryCreate:(Ljava/lang/Class;Ljava/lang/String;)Ljava/util/Optional;
================================================================================
12:55:00.637 [DEBUG]  [Creating]    [analyzer-service:TimedExecutor-16][com.diffblue.fuzztest.b.f] Refinement loop done: 1 seeds, 3+0 new+accumulated tests, 2+1 tests+partial tests, 934/1000 its
12:55:00.700 [DEBUG]  [Creating]    [analyzer-service:TimedExecutor-16][com.diffblue.fuzztest.g.e] DI configuration 'com.diffblue.tir.p' generated tests: 3
12:55:00.701 [DEBUG]  [Creating]    [analyzer-service:TimedExecutor-16][com.diffblue.fuzztest.g.e] Enabling descriptive test naming
12:55:00.707 [DEBUG]  [Creating]    [analyzer-service:grpc-default-executor-1][com.diffblue.fuzztest.e.c] Created 2+0 tests and partial tests via 'SiM (!sp, fnm, df)' SiM fallback 1/2, returning all 2
12:55:00.750 [DEBUG]  [Creating]    [pool-3-thread-1]   [com.diffblue.cover.m.a.b] in processAnalysisResult for uk.gov.gchq.palisade.data.serialise.Serialiser.tryCreate:(Ljava/lang/Class;Ljava/lang/String;)Ljava/util/Optional;
12:55:00.750 [DEBUG]  [Creating]    [pool-3-thread-1]   [com.diffblue.cover.r.d] Finished with MethodGroup: create, countOfTests: 1, countOfMethodsTested: 1 TestGenerationAccount: a[countOfRemoved=0, countOfUnchanged=0, countOfUpdated=0, countOfNew=5]
12:55:00.750 [INFO]   [Creating]    [pool-3-thread-1]   [com.diffblue.cover.ui.b.b]      [17/131] uk.gov.gchq.palisade.data.serialise.Serialiser.create
12:55:00.750 [INFO]   [Creating]    [pool-3-thread-1]   [com.diffblue.cover.ui.b.b]      [17/131]   Tests created: 1
12:55:00.751 [DEBUG]  [Creating]    [pool-3-thread-1]   [com.diffblue.combiner.d.j] Using Javaparser to combine tests
12:55:00.808 [DEBUG]  [Creating]    [pool-6-thread-6]   [com.diffblue.cover.l.a.c] EdgeCoverageRuntime contains 5 edges
12:55:00.808 [DEBUG]  [Creating]    [pool-3-thread-1]   [com.diffblue.combiner.a.c] Adding changeSet to account as new: Optional[uk.gov.gchq.palisade.data.serialise.Serialiser.tryCreate:(Ljava/lang/Class;Ljava/lang/String;)Ljava/util/Optional;]
12:55:00.832 [DEBUG]  [Creating]    [pool-3-thread-1]   [com.diffblue.combiner.d.j] Using Javaparser to combine tests
12:55:00.894 [DEBUG]  [Creating]    [pool-6-thread-7]   [com.diffblue.cover.l.a.c] EdgeCoverageRuntime contains 5 edges
12:55:00.894 [DEBUG]  [Creating]    [pool-3-thread-1]   [com.diffblue.combiner.a.c] Adding changeSet to account as new: Optional[uk.gov.gchq.palisade.data.serialise.Serialiser.tryCreate:(Ljava/lang/Class;Ljava/lang/String;)Ljava/util/Optional;]
12:55:00.924 [DEBUG]  [Creating]    [pool-3-thread-1]   [com.diffblue.cover.r.d] Finished with MethodGroup: tryCreate, countOfTests: 2, countOfMethodsTested: 1 TestGenerationAccount: a[countOfRemoved=0, countOfUnchanged=0, countOfUpdated=0, countOfNew=7]
12:55:00.922 [DEBUG]  [Creating]    [analyzer-service:grpc-default-executor-1][com.diffblue.cover.service.analyzer.a.c] Watchdog reset
12:55:00.924 [INFO]   [Creating]    [pool-3-thread-1]   [com.diffblue.cover.ui.b.b]      [18/131] uk.gov.gchq.palisade.data.serialise.Serialiser.tryCreate
12:55:00.924 [INFO]   [Creating]    [pool-3-thread-1]   [com.diffblue.cover.ui.b.b]      [18/131]   Tests created: 2
12:55:00.927 [INFO]   [Creating]    [pool-3-thread-1]   [com.diffblue.cover.ui.b.b]  [2/25] uk.gov.gchq.palisade.data.serialise.Serialiser
12:55:00.927 [INFO]   [Creating]    [pool-3-thread-1]   [com.diffblue.cover.ui.b.b]  [2/25]   Tests created: 3
12:55:00.927 [DEBUG]  [Creating]    [pool-3-thread-1]   [com.diffblue.cover.ui.b.b]  [2/25]   (at least 2 lines uncovered in this class)
12:55:00.929 [INFO]   [Creating]    [pool-3-thread-1]   [com.diffblue.cover.m.a.b] 
================================================================================
= Starting analysis for class 'uk.gov.gchq.palisade.resource.AbstractLeafResource'
================================================================================
12:55:00.929 [INFO]   [Creating]    [pool-3-thread-1]   [com.diffblue.cover.m.a.b] Filtering out non-testable methods...
12:55:00.934 [INFO]   [Creating]    [pool-3-thread-1]   [com.diffblue.cover.ui.b.b]      [19/131] uk.gov.gchq.palisade.resource.AbstractLeafResource.attribute
12:55:00.934 [INFO]   [Creating]    [pool-3-thread-1]   [com.diffblue.cover.ui.b.b]      [19/131]   T024: Generated method
12:55:00.934 [DEBUG]  [Creating]    [pool-3-thread-1]   [com.diffblue.cover.ui.b.b]      [19/131]   (at least 2 lines uncovered in this method)
12:55:00.934 [INFO]   [Creating]    [pool-3-thread-1]   [com.diffblue.cover.ui.b.b]      [19/131]     Indicates that the method is generated by some framework or tool and should not
12:55:00.934 [INFO]   [Creating]    [pool-3-thread-1]   [com.diffblue.cover.ui.b.b]      [19/131]     be tested explicitly. The expectation is that the generator itself should be
12:55:00.934 [INFO]   [Creating]    [pool-3-thread-1]   [com.diffblue.cover.ui.b.b]      [19/131]     tested and not each piece of code it produces.
12:55:00.934 [INFO]   [Creating]    [pool-3-thread-1]   [com.diffblue.cover.ui.b.b]      [19/131]     Currently, this includes methods identified generated by Lombok, Protobuf,
12:55:00.934 [INFO]   [Creating]    [pool-3-thread-1]   [com.diffblue.cover.ui.b.b]      [19/131]     Grpc, Hibernate, or annotated with a custom '@Generated' annotation
12:55:00.934 [INFO]   [Creating]    [pool-3-thread-1]   [com.diffblue.cover.ui.b.b]      [19/131]     (as long as the custom annotation has 'RUNTIME' or 'CLASS' retention).
12:55:00.934 [INFO]   [Creating]    [pool-3-thread-1]   [com.diffblue.cover.ui.b.b]      [19/131]     Diffblue Cover considers these methods as not directly callable.
12:55:00.937 [INFO]   [Creating]    [pool-3-thread-1]   [com.diffblue.cover.ui.b.b]      [20/131] uk.gov.gchq.palisade.resource.AbstractLeafResource.attributes
12:55:00.937 [INFO]   [Creating]    [pool-3-thread-1]   [com.diffblue.cover.ui.b.b]      [20/131]   T024: Generated method
12:55:00.937 [DEBUG]  [Creating]    [pool-3-thread-1]   [com.diffblue.cover.ui.b.b]      [20/131]   (at least 2 lines uncovered in this method)
12:55:00.937 [INFO]   [Creating]    [pool-3-thread-1]   [com.diffblue.cover.ui.b.b]      [20/131]     Indicates that the method is generated by some framework or tool and should not
12:55:00.937 [INFO]   [Creating]    [pool-3-thread-1]   [com.diffblue.cover.ui.b.b]      [20/131]     be tested explicitly. The expectation is that the generator itself should be
12:55:00.937 [INFO]   [Creating]    [pool-3-thread-1]   [com.diffblue.cover.ui.b.b]      [20/131]     tested and not each piece of code it produces.
12:55:00.937 [INFO]   [Creating]    [pool-3-thread-1]   [com.diffblue.cover.ui.b.b]      [20/131]     Currently, this includes methods identified generated by Lombok, Protobuf,
12:55:00.937 [INFO]   [Creating]    [pool-3-thread-1]   [com.diffblue.cover.ui.b.b]      [20/131]     Grpc, Hibernate, or annotated with a custom '@Generated' annotation
12:55:00.937 [INFO]   [Creating]    [pool-3-thread-1]   [com.diffblue.cover.ui.b.b]      [20/131]     (as long as the custom annotation has 'RUNTIME' or 'CLASS' retention).
12:55:00.937 [INFO]   [Creating]    [pool-3-thread-1]   [com.diffblue.cover.ui.b.b]      [20/131]     Diffblue Cover considers these methods as not directly callable.
12:55:00.941 [INFO]   [Creating]    [pool-3-thread-1]   [com.diffblue.cover.ui.b.b]      [21/131] uk.gov.gchq.palisade.resource.AbstractLeafResource.connectionDetail
12:55:00.941 [INFO]   [Creating]    [pool-3-thread-1]   [com.diffblue.cover.ui.b.b]      [21/131]   T024: Generated method
12:55:00.941 [DEBUG]  [Creating]    [pool-3-thread-1]   [com.diffblue.cover.ui.b.b]      [21/131]   (at least 2 lines uncovered in this method)
12:55:00.941 [INFO]   [Creating]    [pool-3-thread-1]   [com.diffblue.cover.ui.b.b]      [21/131]     Indicates that the method is generated by some framework or tool and should not
12:55:00.941 [INFO]   [Creating]    [pool-3-thread-1]   [com.diffblue.cover.ui.b.b]      [21/131]     be tested explicitly. The expectation is that the generator itself should be
12:55:00.941 [INFO]   [Creating]    [pool-3-thread-1]   [com.diffblue.cover.ui.b.b]      [21/131]     tested and not each piece of code it produces.
12:55:00.941 [INFO]   [Creating]    [pool-3-thread-1]   [com.diffblue.cover.ui.b.b]      [21/131]     Currently, this includes methods identified generated by Lombok, Protobuf,
12:55:00.941 [INFO]   [Creating]    [pool-3-thread-1]   [com.diffblue.cover.ui.b.b]      [21/131]     Grpc, Hibernate, or annotated with a custom '@Generated' annotation
12:55:00.941 [INFO]   [Creating]    [pool-3-thread-1]   [com.diffblue.cover.ui.b.b]      [21/131]     (as long as the custom annotation has 'RUNTIME' or 'CLASS' retention).
12:55:00.941 [INFO]   [Creating]    [pool-3-thread-1]   [com.diffblue.cover.ui.b.b]      [21/131]     Diffblue Cover considers these methods as not directly callable.
12:55:00.945 [INFO]   [Creating]    [pool-3-thread-1]   [com.diffblue.cover.ui.b.b]      [22/131] uk.gov.gchq.palisade.resource.AbstractLeafResource.equals
12:55:00.945 [INFO]   [Creating]    [pool-3-thread-1]   [com.diffblue.cover.ui.b.b]      [22/131]   T024: Generated method
12:55:00.945 [DEBUG]  [Creating]    [pool-3-thread-1]   [com.diffblue.cover.ui.b.b]      [22/131]   (at least 12 lines uncovered in this method)
12:55:00.945 [INFO]   [Creating]    [pool-3-thread-1]   [com.diffblue.cover.ui.b.b]      [22/131]     Indicates that the method is generated by some framework or tool and should not
12:55:00.945 [INFO]   [Creating]    [pool-3-thread-1]   [com.diffblue.cover.ui.b.b]      [22/131]     be tested explicitly. The expectation is that the generator itself should be
12:55:00.945 [INFO]   [Creating]    [pool-3-thread-1]   [com.diffblue.cover.ui.b.b]      [22/131]     tested and not each piece of code it produces.
12:55:00.945 [INFO]   [Creating]    [pool-3-thread-1]   [com.diffblue.cover.ui.b.b]      [22/131]     Currently, this includes methods identified generated by Lombok, Protobuf,
12:55:00.945 [INFO]   [Creating]    [pool-3-thread-1]   [com.diffblue.cover.ui.b.b]      [22/131]     Grpc, Hibernate, or annotated with a custom '@Generated' annotation
12:55:00.945 [INFO]   [Creating]    [pool-3-thread-1]   [com.diffblue.cover.ui.b.b]      [22/131]     (as long as the custom annotation has 'RUNTIME' or 'CLASS' retention).
12:55:00.945 [INFO]   [Creating]    [pool-3-thread-1]   [com.diffblue.cover.ui.b.b]      [22/131]     Diffblue Cover considers these methods as not directly callable.
12:55:00.950 [INFO]   [Creating]    [pool-3-thread-1]   [com.diffblue.cover.ui.b.b]      [23/131] uk.gov.gchq.palisade.resource.AbstractLeafResource.getAttribute
12:55:00.950 [INFO]   [Creating]    [pool-3-thread-1]   [com.diffblue.cover.ui.b.b]      [23/131]   T024: Generated method
12:55:00.950 [DEBUG]  [Creating]    [pool-3-thread-1]   [com.diffblue.cover.ui.b.b]      [23/131]   (at least 1 line uncovered in this method)
12:55:00.950 [INFO]   [Creating]    [pool-3-thread-1]   [com.diffblue.cover.ui.b.b]      [23/131]     Indicates that the method is generated by some framework or tool and should not
12:55:00.950 [INFO]   [Creating]    [pool-3-thread-1]   [com.diffblue.cover.ui.b.b]      [23/131]     be tested explicitly. The expectation is that the generator itself should be
12:55:00.950 [INFO]   [Creating]    [pool-3-thread-1]   [com.diffblue.cover.ui.b.b]      [23/131]     tested and not each piece of code it produces.
12:55:00.950 [INFO]   [Creating]    [pool-3-thread-1]   [com.diffblue.cover.ui.b.b]      [23/131]     Currently, this includes methods identified generated by Lombok, Protobuf,
12:55:00.950 [INFO]   [Creating]    [pool-3-thread-1]   [com.diffblue.cover.ui.b.b]      [23/131]     Grpc, Hibernate, or annotated with a custom '@Generated' annotation
12:55:00.950 [INFO]   [Creating]    [pool-3-thread-1]   [com.diffblue.cover.ui.b.b]      [23/131]     (as long as the custom annotation has 'RUNTIME' or 'CLASS' retention).
12:55:00.950 [INFO]   [Creating]    [pool-3-thread-1]   [com.diffblue.cover.ui.b.b]      [23/131]     Diffblue Cover considers these methods as not directly callable.
12:55:00.953 [INFO]   [Creating]    [pool-3-thread-1]   [com.diffblue.cover.ui.b.b]      [24/131] uk.gov.gchq.palisade.resource.AbstractLeafResource.getAttributes
12:55:00.953 [INFO]   [Creating]    [pool-3-thread-1]   [com.diffblue.cover.ui.b.b]      [24/131]   T024: Generated method
12:55:00.954 [DEBUG]  [Creating]    [pool-3-thread-1]   [com.diffblue.cover.ui.b.b]      [24/131]   (at least 1 line uncovered in this method)
12:55:00.954 [INFO]   [Creating]    [pool-3-thread-1]   [com.diffblue.cover.ui.b.b]      [24/131]     Indicates that the method is generated by some framework or tool and should not
12:55:00.954 [INFO]   [Creating]    [pool-3-thread-1]   [com.diffblue.cover.ui.b.b]      [24/131]     be tested explicitly. The expectation is that the generator itself should be
12:55:00.954 [INFO]   [Creating]    [pool-3-thread-1]   [com.diffblue.cover.ui.b.b]      [24/131]     tested and not each piece of code it produces.
12:55:00.954 [INFO]   [Creating]    [pool-3-thread-1]   [com.diffblue.cover.ui.b.b]      [24/131]     Currently, this includes methods identified generated by Lombok, Protobuf,
12:55:00.954 [INFO]   [Creating]    [pool-3-thread-1]   [com.diffblue.cover.ui.b.b]      [24/131]     Grpc, Hibernate, or annotated with a custom '@Generated' annotation
12:55:00.954 [INFO]   [Creating]    [pool-3-thread-1]   [com.diffblue.cover.ui.b.b]      [24/131]     (as long as the custom annotation has 'RUNTIME' or 'CLASS' retention).
12:55:00.954 [INFO]   [Creating]    [pool-3-thread-1]   [com.diffblue.cover.ui.b.b]      [24/131]     Diffblue Cover considers these methods as not directly callable.
12:55:00.957 [INFO]   [Creating]    [pool-3-thread-1]   [com.diffblue.cover.ui.b.b]      [25/131] uk.gov.gchq.palisade.resource.AbstractLeafResource.getConnectionDetail
12:55:00.957 [INFO]   [Creating]    [pool-3-thread-1]   [com.diffblue.cover.ui.b.b]      [25/131]   T024: Generated method
12:55:00.957 [DEBUG]  [Creating]    [pool-3-thread-1]   [com.diffblue.cover.ui.b.b]      [25/131]   (at least 1 line uncovered in this method)
12:55:00.957 [INFO]   [Creating]    [pool-3-thread-1]   [com.diffblue.cover.ui.b.b]      [25/131]     Indicates that the method is generated by some framework or tool and should not
12:55:00.957 [INFO]   [Creating]    [pool-3-thread-1]   [com.diffblue.cover.ui.b.b]      [25/131]     be tested explicitly. The expectation is that the generator itself should be
12:55:00.957 [INFO]   [Creating]    [pool-3-thread-1]   [com.diffblue.cover.ui.b.b]      [25/131]     tested and not each piece of code it produces.
12:55:00.957 [INFO]   [Creating]    [pool-3-thread-1]   [com.diffblue.cover.ui.b.b]      [25/131]     Currently, this includes methods identified generated by Lombok, Protobuf,
12:55:00.957 [INFO]   [Creating]    [pool-3-thread-1]   [com.diffblue.cover.ui.b.b]      [25/131]     Grpc, Hibernate, or annotated with a custom '@Generated' annotation
12:55:00.957 [INFO]   [Creating]    [pool-3-thread-1]   [com.diffblue.cover.ui.b.b]      [25/131]     (as long as the custom annotation has 'RUNTIME' or 'CLASS' retention).
12:55:00.957 [INFO]   [Creating]    [pool-3-thread-1]   [com.diffblue.cover.ui.b.b]      [25/131]     Diffblue Cover considers these methods as not directly callable.
12:55:00.961 [INFO]   [Creating]    [pool-3-thread-1]   [com.diffblue.cover.ui.b.b]      [26/131] uk.gov.gchq.palisade.resource.AbstractLeafResource.getSerialisedFormat
12:55:00.961 [INFO]   [Creating]    [pool-3-thread-1]   [com.diffblue.cover.ui.b.b]      [26/131]   T024: Generated method
12:55:00.961 [DEBUG]  [Creating]    [pool-3-thread-1]   [com.diffblue.cover.ui.b.b]      [26/131]   (at least 1 line uncovered in this method)
12:55:00.961 [INFO]   [Creating]    [pool-3-thread-1]   [com.diffblue.cover.ui.b.b]      [26/131]     Indicates that the method is generated by some framework or tool and should not
12:55:00.961 [INFO]   [Creating]    [pool-3-thread-1]   [com.diffblue.cover.ui.b.b]      [26/131]     be tested explicitly. The expectation is that the generator itself should be
12:55:00.961 [INFO]   [Creating]    [pool-3-thread-1]   [com.diffblue.cover.ui.b.b]      [26/131]     tested and not each piece of code it produces.
12:55:00.961 [INFO]   [Creating]    [pool-3-thread-1]   [com.diffblue.cover.ui.b.b]      [26/131]     Currently, this includes methods identified generated by Lombok, Protobuf,
12:55:00.961 [INFO]   [Creating]    [pool-3-thread-1]   [com.diffblue.cover.ui.b.b]      [26/131]     Grpc, Hibernate, or annotated with a custom '@Generated' annotation
12:55:00.961 [INFO]   [Creating]    [pool-3-thread-1]   [com.diffblue.cover.ui.b.b]      [26/131]     (as long as the custom annotation has 'RUNTIME' or 'CLASS' retention).
12:55:00.961 [INFO]   [Creating]    [pool-3-thread-1]   [com.diffblue.cover.ui.b.b]      [26/131]     Diffblue Cover considers these methods as not directly callable.
12:55:00.965 [INFO]   [Creating]    [pool-3-thread-1]   [com.diffblue.cover.ui.b.b]      [27/131] uk.gov.gchq.palisade.resource.AbstractLeafResource.getType
12:55:00.965 [INFO]   [Creating]    [pool-3-thread-1]   [com.diffblue.cover.ui.b.b]      [27/131]   T024: Generated method
12:55:00.965 [DEBUG]  [Creating]    [pool-3-thread-1]   [com.diffblue.cover.ui.b.b]      [27/131]   (at least 1 line uncovered in this method)
12:55:00.965 [INFO]   [Creating]    [pool-3-thread-1]   [com.diffblue.cover.ui.b.b]      [27/131]     Indicates that the method is generated by some framework or tool and should not
12:55:00.965 [INFO]   [Creating]    [pool-3-thread-1]   [com.diffblue.cover.ui.b.b]      [27/131]     be tested explicitly. The expectation is that the generator itself should be
12:55:00.965 [INFO]   [Creating]    [pool-3-thread-1]   [com.diffblue.cover.ui.b.b]      [27/131]     tested and not each piece of code it produces.
12:55:00.965 [INFO]   [Creating]    [pool-3-thread-1]   [com.diffblue.cover.ui.b.b]      [27/131]     Currently, this includes methods identified generated by Lombok, Protobuf,
12:55:00.965 [INFO]   [Creating]    [pool-3-thread-1]   [com.diffblue.cover.ui.b.b]      [27/131]     Grpc, Hibernate, or annotated with a custom '@Generated' annotation
12:55:00.965 [INFO]   [Creating]    [pool-3-thread-1]   [com.diffblue.cover.ui.b.b]      [27/131]     (as long as the custom annotation has 'RUNTIME' or 'CLASS' retention).
12:55:00.965 [INFO]   [Creating]    [pool-3-thread-1]   [com.diffblue.cover.ui.b.b]      [27/131]     Diffblue Cover considers these methods as not directly callable.
12:55:00.968 [INFO]   [Creating]    [pool-3-thread-1]   [com.diffblue.cover.ui.b.b]      [28/131] uk.gov.gchq.palisade.resource.AbstractLeafResource.hashCode
12:55:00.969 [INFO]   [Creating]    [pool-3-thread-1]   [com.diffblue.cover.ui.b.b]      [28/131]   T024: Generated method
12:55:00.969 [DEBUG]  [Creating]    [pool-3-thread-1]   [com.diffblue.cover.ui.b.b]      [28/131]   (at least 1 line uncovered in this method)
12:55:00.969 [INFO]   [Creating]    [pool-3-thread-1]   [com.diffblue.cover.ui.b.b]      [28/131]     Indicates that the method is generated by some framework or tool and should not
12:55:00.969 [INFO]   [Creating]    [pool-3-thread-1]   [com.diffblue.cover.ui.b.b]      [28/131]     be tested explicitly. The expectation is that the generator itself should be
12:55:00.969 [INFO]   [Creating]    [pool-3-thread-1]   [com.diffblue.cover.ui.b.b]      [28/131]     tested and not each piece of code it produces.
12:55:00.969 [INFO]   [Creating]    [pool-3-thread-1]   [com.diffblue.cover.ui.b.b]      [28/131]     Currently, this includes methods identified generated by Lombok, Protobuf,
12:55:00.969 [INFO]   [Creating]    [pool-3-thread-1]   [com.diffblue.cover.ui.b.b]      [28/131]     Grpc, Hibernate, or annotated with a custom '@Generated' annotation
12:55:00.969 [INFO]   [Creating]    [pool-3-thread-1]   [com.diffblue.cover.ui.b.b]      [28/131]     (as long as the custom annotation has 'RUNTIME' or 'CLASS' retention).
12:55:00.969 [INFO]   [Creating]    [pool-3-thread-1]   [com.diffblue.cover.ui.b.b]      [28/131]     Diffblue Cover considers these methods as not directly callable.
12:55:00.973 [INFO]   [Creating]    [pool-3-thread-1]   [com.diffblue.cover.ui.b.b]      [29/131] uk.gov.gchq.palisade.resource.AbstractLeafResource.isAttributeSet
12:55:00.973 [INFO]   [Creating]    [pool-3-thread-1]   [com.diffblue.cover.ui.b.b]      [29/131]   T024: Generated method
12:55:00.973 [DEBUG]  [Creating]    [pool-3-thread-1]   [com.diffblue.cover.ui.b.b]      [29/131]   (at least 1 line uncovered in this method)
12:55:00.973 [INFO]   [Creating]    [pool-3-thread-1]   [com.diffblue.cover.ui.b.b]      [29/131]     Indicates that the method is generated by some framework or tool and should not
12:55:00.973 [INFO]   [Creating]    [pool-3-thread-1]   [com.diffblue.cover.ui.b.b]      [29/131]     be tested explicitly. The expectation is that the generator itself should be
12:55:00.973 [INFO]   [Creating]    [pool-3-thread-1]   [com.diffblue.cover.ui.b.b]      [29/131]     tested and not each piece of code it produces.
12:55:00.973 [INFO]   [Creating]    [pool-3-thread-1]   [com.diffblue.cover.ui.b.b]      [29/131]     Currently, this includes methods identified generated by Lombok, Protobuf,
12:55:00.973 [INFO]   [Creating]    [pool-3-thread-1]   [com.diffblue.cover.ui.b.b]      [29/131]     Grpc, Hibernate, or annotated with a custom '@Generated' annotation
12:55:00.973 [INFO]   [Creating]    [pool-3-thread-1]   [com.diffblue.cover.ui.b.b]      [29/131]     (as long as the custom annotation has 'RUNTIME' or 'CLASS' retention).
12:55:00.973 [INFO]   [Creating]    [pool-3-thread-1]   [com.diffblue.cover.ui.b.b]      [29/131]     Diffblue Cover considers these methods as not directly callable.
12:55:00.977 [INFO]   [Creating]    [pool-3-thread-1]   [com.diffblue.cover.ui.b.b]      [30/131] uk.gov.gchq.palisade.resource.AbstractLeafResource.serialisedFormat
12:55:00.977 [INFO]   [Creating]    [pool-3-thread-1]   [com.diffblue.cover.ui.b.b]      [30/131]   T024: Generated method
12:55:00.977 [DEBUG]  [Creating]    [pool-3-thread-1]   [com.diffblue.cover.ui.b.b]      [30/131]   (at least 2 lines uncovered in this method)
12:55:00.977 [INFO]   [Creating]    [pool-3-thread-1]   [com.diffblue.cover.ui.b.b]      [30/131]     Indicates that the method is generated by some framework or tool and should not
12:55:00.977 [INFO]   [Creating]    [pool-3-thread-1]   [com.diffblue.cover.ui.b.b]      [30/131]     be tested explicitly. The expectation is that the generator itself should be
12:55:00.977 [INFO]   [Creating]    [pool-3-thread-1]   [com.diffblue.cover.ui.b.b]      [30/131]     tested and not each piece of code it produces.
12:55:00.977 [INFO]   [Creating]    [pool-3-thread-1]   [com.diffblue.cover.ui.b.b]      [30/131]     Currently, this includes methods identified generated by Lombok, Protobuf,
12:55:00.977 [INFO]   [Creating]    [pool-3-thread-1]   [com.diffblue.cover.ui.b.b]      [30/131]     Grpc, Hibernate, or annotated with a custom '@Generated' annotation
12:55:00.977 [INFO]   [Creating]    [pool-3-thread-1]   [com.diffblue.cover.ui.b.b]      [30/131]     (as long as the custom annotation has 'RUNTIME' or 'CLASS' retention).
12:55:00.977 [INFO]   [Creating]    [pool-3-thread-1]   [com.diffblue.cover.ui.b.b]      [30/131]     Diffblue Cover considers these methods as not directly callable.
12:55:00.980 [INFO]   [Creating]    [pool-3-thread-1]   [com.diffblue.cover.ui.b.b]      [31/131] uk.gov.gchq.palisade.resource.AbstractLeafResource.setAttribute
12:55:00.980 [INFO]   [Creating]    [pool-3-thread-1]   [com.diffblue.cover.ui.b.b]      [31/131]   T024: Generated method
12:55:00.980 [DEBUG]  [Creating]    [pool-3-thread-1]   [com.diffblue.cover.ui.b.b]      [31/131]   (at least 4 lines uncovered in this method)
12:55:00.980 [INFO]   [Creating]    [pool-3-thread-1]   [com.diffblue.cover.ui.b.b]      [31/131]     Indicates that the method is generated by some framework or tool and should not
12:55:00.980 [INFO]   [Creating]    [pool-3-thread-1]   [com.diffblue.cover.ui.b.b]      [31/131]     be tested explicitly. The expectation is that the generator itself should be
12:55:00.980 [INFO]   [Creating]    [pool-3-thread-1]   [com.diffblue.cover.ui.b.b]      [31/131]     tested and not each piece of code it produces.
12:55:00.980 [INFO]   [Creating]    [pool-3-thread-1]   [com.diffblue.cover.ui.b.b]      [31/131]     Currently, this includes methods identified generated by Lombok, Protobuf,
12:55:00.980 [INFO]   [Creating]    [pool-3-thread-1]   [com.diffblue.cover.ui.b.b]      [31/131]     Grpc, Hibernate, or annotated with a custom '@Generated' annotation
12:55:00.980 [INFO]   [Creating]    [pool-3-thread-1]   [com.diffblue.cover.ui.b.b]      [31/131]     (as long as the custom annotation has 'RUNTIME' or 'CLASS' retention).
12:55:00.980 [INFO]   [Creating]    [pool-3-thread-1]   [com.diffblue.cover.ui.b.b]      [31/131]     Diffblue Cover considers these methods as not directly callable.
12:55:00.984 [INFO]   [Creating]    [pool-3-thread-1]   [com.diffblue.cover.ui.b.b]      [32/131] uk.gov.gchq.palisade.resource.AbstractLeafResource.setAttributes
12:55:00.984 [INFO]   [Creating]    [pool-3-thread-1]   [com.diffblue.cover.ui.b.b]      [32/131]   T024: Generated method
12:55:00.984 [DEBUG]  [Creating]    [pool-3-thread-1]   [com.diffblue.cover.ui.b.b]      [32/131]   (at least 3 lines uncovered in this method)
12:55:00.984 [INFO]   [Creating]    [pool-3-thread-1]   [com.diffblue.cover.ui.b.b]      [32/131]     Indicates that the method is generated by some framework or tool and should not
12:55:00.984 [INFO]   [Creating]    [pool-3-thread-1]   [com.diffblue.cover.ui.b.b]      [32/131]     be tested explicitly. The expectation is that the generator itself should be
12:55:00.984 [INFO]   [Creating]    [pool-3-thread-1]   [com.diffblue.cover.ui.b.b]      [32/131]     tested and not each piece of code it produces.
12:55:00.984 [INFO]   [Creating]    [pool-3-thread-1]   [com.diffblue.cover.ui.b.b]      [32/131]     Currently, this includes methods identified generated by Lombok, Protobuf,
12:55:00.984 [INFO]   [Creating]    [pool-3-thread-1]   [com.diffblue.cover.ui.b.b]      [32/131]     Grpc, Hibernate, or annotated with a custom '@Generated' annotation
12:55:00.984 [INFO]   [Creating]    [pool-3-thread-1]   [com.diffblue.cover.ui.b.b]      [32/131]     (as long as the custom annotation has 'RUNTIME' or 'CLASS' retention).
12:55:00.984 [INFO]   [Creating]    [pool-3-thread-1]   [com.diffblue.cover.ui.b.b]      [32/131]     Diffblue Cover considers these methods as not directly callable.
12:55:00.987 [INFO]   [Creating]    [pool-3-thread-1]   [com.diffblue.cover.ui.b.b]      [33/131] uk.gov.gchq.palisade.resource.AbstractLeafResource.setConnectionDetail
12:55:00.987 [INFO]   [Creating]    [pool-3-thread-1]   [com.diffblue.cover.ui.b.b]      [33/131]   T024: Generated method
12:55:00.987 [DEBUG]  [Creating]    [pool-3-thread-1]   [com.diffblue.cover.ui.b.b]      [33/131]   (at least 3 lines uncovered in this method)
12:55:00.987 [INFO]   [Creating]    [pool-3-thread-1]   [com.diffblue.cover.ui.b.b]      [33/131]     Indicates that the method is generated by some framework or tool and should not
12:55:00.988 [INFO]   [Creating]    [pool-3-thread-1]   [com.diffblue.cover.ui.b.b]      [33/131]     be tested explicitly. The expectation is that the generator itself should be
12:55:00.988 [INFO]   [Creating]    [pool-3-thread-1]   [com.diffblue.cover.ui.b.b]      [33/131]     tested and not each piece of code it produces.
12:55:00.988 [INFO]   [Creating]    [pool-3-thread-1]   [com.diffblue.cover.ui.b.b]      [33/131]     Currently, this includes methods identified generated by Lombok, Protobuf,
12:55:00.988 [INFO]   [Creating]    [pool-3-thread-1]   [com.diffblue.cover.ui.b.b]      [33/131]     Grpc, Hibernate, or annotated with a custom '@Generated' annotation
12:55:00.988 [INFO]   [Creating]    [pool-3-thread-1]   [com.diffblue.cover.ui.b.b]      [33/131]     (as long as the custom annotation has 'RUNTIME' or 'CLASS' retention).
12:55:00.988 [INFO]   [Creating]    [pool-3-thread-1]   [com.diffblue.cover.ui.b.b]      [33/131]     Diffblue Cover considers these methods as not directly callable.
12:55:00.991 [INFO]   [Creating]    [pool-3-thread-1]   [com.diffblue.cover.ui.b.b]      [34/131] uk.gov.gchq.palisade.resource.AbstractLeafResource.setSerialisedFormat
12:55:00.991 [INFO]   [Creating]    [pool-3-thread-1]   [com.diffblue.cover.ui.b.b]      [34/131]   T024: Generated method
12:55:00.991 [DEBUG]  [Creating]    [pool-3-thread-1]   [com.diffblue.cover.ui.b.b]      [34/131]   (at least 3 lines uncovered in this method)
12:55:00.991 [INFO]   [Creating]    [pool-3-thread-1]   [com.diffblue.cover.ui.b.b]      [34/131]     Indicates that the method is generated by some framework or tool and should not
12:55:00.991 [INFO]   [Creating]    [pool-3-thread-1]   [com.diffblue.cover.ui.b.b]      [34/131]     be tested explicitly. The expectation is that the generator itself should be
12:55:00.991 [INFO]   [Creating]    [pool-3-thread-1]   [com.diffblue.cover.ui.b.b]      [34/131]     tested and not each piece of code it produces.
12:55:00.991 [INFO]   [Creating]    [pool-3-thread-1]   [com.diffblue.cover.ui.b.b]      [34/131]     Currently, this includes methods identified generated by Lombok, Protobuf,
12:55:00.991 [INFO]   [Creating]    [pool-3-thread-1]   [com.diffblue.cover.ui.b.b]      [34/131]     Grpc, Hibernate, or annotated with a custom '@Generated' annotation
12:55:00.991 [INFO]   [Creating]    [pool-3-thread-1]   [com.diffblue.cover.ui.b.b]      [34/131]     (as long as the custom annotation has 'RUNTIME' or 'CLASS' retention).
12:55:00.991 [INFO]   [Creating]    [pool-3-thread-1]   [com.diffblue.cover.ui.b.b]      [34/131]     Diffblue Cover considers these methods as not directly callable.
12:55:00.994 [INFO]   [Creating]    [pool-3-thread-1]   [com.diffblue.cover.ui.b.b]      [35/131] uk.gov.gchq.palisade.resource.AbstractLeafResource.setType
12:55:00.995 [INFO]   [Creating]    [pool-3-thread-1]   [com.diffblue.cover.ui.b.b]      [35/131]   T024: Generated method
12:55:00.995 [DEBUG]  [Creating]    [pool-3-thread-1]   [com.diffblue.cover.ui.b.b]      [35/131]   (at least 3 lines uncovered in this method)
12:55:00.995 [INFO]   [Creating]    [pool-3-thread-1]   [com.diffblue.cover.ui.b.b]      [35/131]     Indicates that the method is generated by some framework or tool and should not
12:55:00.995 [INFO]   [Creating]    [pool-3-thread-1]   [com.diffblue.cover.ui.b.b]      [35/131]     be tested explicitly. The expectation is that the generator itself should be
12:55:00.995 [INFO]   [Creating]    [pool-3-thread-1]   [com.diffblue.cover.ui.b.b]      [35/131]     tested and not each piece of code it produces.
12:55:00.995 [INFO]   [Creating]    [pool-3-thread-1]   [com.diffblue.cover.ui.b.b]      [35/131]     Currently, this includes methods identified generated by Lombok, Protobuf,
12:55:00.995 [INFO]   [Creating]    [pool-3-thread-1]   [com.diffblue.cover.ui.b.b]      [35/131]     Grpc, Hibernate, or annotated with a custom '@Generated' annotation
12:55:00.995 [INFO]   [Creating]    [pool-3-thread-1]   [com.diffblue.cover.ui.b.b]      [35/131]     (as long as the custom annotation has 'RUNTIME' or 'CLASS' retention).
12:55:00.995 [INFO]   [Creating]    [pool-3-thread-1]   [com.diffblue.cover.ui.b.b]      [35/131]     Diffblue Cover considers these methods as not directly callable.
12:55:00.998 [INFO]   [Creating]    [pool-3-thread-1]   [com.diffblue.cover.ui.b.b]      [36/131] uk.gov.gchq.palisade.resource.AbstractLeafResource.toString
12:55:00.998 [INFO]   [Creating]    [pool-3-thread-1]   [com.diffblue.cover.ui.b.b]      [36/131]   T024: Generated method
12:55:00.998 [DEBUG]  [Creating]    [pool-3-thread-1]   [com.diffblue.cover.ui.b.b]      [36/131]   (at least 8 lines uncovered in this method)
12:55:00.998 [INFO]   [Creating]    [pool-3-thread-1]   [com.diffblue.cover.ui.b.b]      [36/131]     Indicates that the method is generated by some framework or tool and should not
12:55:00.998 [INFO]   [Creating]    [pool-3-thread-1]   [com.diffblue.cover.ui.b.b]      [36/131]     be tested explicitly. The expectation is that the generator itself should be
12:55:00.998 [INFO]   [Creating]    [pool-3-thread-1]   [com.diffblue.cover.ui.b.b]      [36/131]     tested and not each piece of code it produces.
12:55:00.998 [INFO]   [Creating]    [pool-3-thread-1]   [com.diffblue.cover.ui.b.b]      [36/131]     Currently, this includes methods identified generated by Lombok, Protobuf,
12:55:00.998 [INFO]   [Creating]    [pool-3-thread-1]   [com.diffblue.cover.ui.b.b]      [36/131]     Grpc, Hibernate, or annotated with a custom '@Generated' annotation
12:55:00.998 [INFO]   [Creating]    [pool-3-thread-1]   [com.diffblue.cover.ui.b.b]      [36/131]     (as long as the custom annotation has 'RUNTIME' or 'CLASS' retention).
12:55:00.998 [INFO]   [Creating]    [pool-3-thread-1]   [com.diffblue.cover.ui.b.b]      [36/131]     Diffblue Cover considers these methods as not directly callable.
12:55:01.001 [INFO]   [Creating]    [pool-3-thread-1]   [com.diffblue.cover.ui.b.b]      [37/131] uk.gov.gchq.palisade.resource.AbstractLeafResource.type
12:55:01.001 [INFO]   [Creating]    [pool-3-thread-1]   [com.diffblue.cover.ui.b.b]      [37/131]   T024: Generated method
12:55:01.001 [DEBUG]  [Creating]    [pool-3-thread-1]   [com.diffblue.cover.ui.b.b]      [37/131]   (at least 2 lines uncovered in this method)
12:55:01.001 [INFO]   [Creating]    [pool-3-thread-1]   [com.diffblue.cover.ui.b.b]      [37/131]     Indicates that the method is generated by some framework or tool and should not
12:55:01.001 [INFO]   [Creating]    [pool-3-thread-1]   [com.diffblue.cover.ui.b.b]      [37/131]     be tested explicitly. The expectation is that the generator itself should be
12:55:01.001 [INFO]   [Creating]    [pool-3-thread-1]   [com.diffblue.cover.ui.b.b]      [37/131]     tested and not each piece of code it produces.
12:55:01.001 [INFO]   [Creating]    [pool-3-thread-1]   [com.diffblue.cover.ui.b.b]      [37/131]     Currently, this includes methods identified generated by Lombok, Protobuf,
12:55:01.001 [INFO]   [Creating]    [pool-3-thread-1]   [com.diffblue.cover.ui.b.b]      [37/131]     Grpc, Hibernate, or annotated with a custom '@Generated' annotation
12:55:01.001 [INFO]   [Creating]    [pool-3-thread-1]   [com.diffblue.cover.ui.b.b]      [37/131]     (as long as the custom annotation has 'RUNTIME' or 'CLASS' retention).
12:55:01.001 [INFO]   [Creating]    [pool-3-thread-1]   [com.diffblue.cover.ui.b.b]      [37/131]     Diffblue Cover considers these methods as not directly callable.
12:55:01.001 [INFO]   [Creating]    [pool-3-thread-1]   [com.diffblue.cover.ui.b.b]  [3/25] uk.gov.gchq.palisade.resource.AbstractLeafResource
12:55:01.002 [INFO]   [Creating]    [pool-3-thread-1]   [com.diffblue.cover.ui.b.b]  [3/25]   Tests created: 0
12:55:01.002 [DEBUG]  [Creating]    [pool-3-thread-1]   [com.diffblue.cover.ui.b.b]  [3/25]   (at least 53 lines uncovered in this class)
12:55:01.002 [INFO]   [Creating]    [pool-3-thread-1]   [com.diffblue.cover.m.a.b] No testable methods
12:55:01.002 [INFO]   [Creating]    [pool-3-thread-1]   [com.diffblue.cover.m.a.b] 
================================================================================
= Starting analysis for class 'uk.gov.gchq.palisade.resource.AbstractResource'
================================================================================
12:55:01.002 [INFO]   [Creating]    [pool-3-thread-1]   [com.diffblue.cover.m.a.b] Filtering out non-testable methods...
12:55:01.019 [INFO]   [Creating]    [pool-3-thread-1]   [com.diffblue.cover.ui.b.b]      [38/131] uk.gov.gchq.palisade.resource.AbstractResource.equals
12:55:01.019 [INFO]   [Creating]    [pool-3-thread-1]   [com.diffblue.cover.ui.b.b]      [38/131]   T024: Generated method
12:55:01.019 [DEBUG]  [Creating]    [pool-3-thread-1]   [com.diffblue.cover.ui.b.b]      [38/131]   (at least 6 lines uncovered in this method)
12:55:01.019 [INFO]   [Creating]    [pool-3-thread-1]   [com.diffblue.cover.ui.b.b]      [38/131]     Indicates that the method is generated by some framework or tool and should not
12:55:01.019 [INFO]   [Creating]    [pool-3-thread-1]   [com.diffblue.cover.ui.b.b]      [38/131]     be tested explicitly. The expectation is that the generator itself should be
12:55:01.019 [INFO]   [Creating]    [pool-3-thread-1]   [com.diffblue.cover.ui.b.b]      [38/131]     tested and not each piece of code it produces.
12:55:01.019 [INFO]   [Creating]    [pool-3-thread-1]   [com.diffblue.cover.ui.b.b]      [38/131]     Currently, this includes methods identified generated by Lombok, Protobuf,
12:55:01.019 [INFO]   [Creating]    [pool-3-thread-1]   [com.diffblue.cover.ui.b.b]      [38/131]     Grpc, Hibernate, or annotated with a custom '@Generated' annotation
12:55:01.019 [INFO]   [Creating]    [pool-3-thread-1]   [com.diffblue.cover.ui.b.b]      [38/131]     (as long as the custom annotation has 'RUNTIME' or 'CLASS' retention).
12:55:01.019 [INFO]   [Creating]    [pool-3-thread-1]   [com.diffblue.cover.ui.b.b]      [38/131]     Diffblue Cover considers these methods as not directly callable.
12:55:01.022 [INFO]   [Creating]    [pool-3-thread-1]   [com.diffblue.cover.ui.b.b]      [39/131] uk.gov.gchq.palisade.resource.AbstractResource.getId
12:55:01.022 [INFO]   [Creating]    [pool-3-thread-1]   [com.diffblue.cover.ui.b.b]      [39/131]   T024: Generated method
12:55:01.022 [DEBUG]  [Creating]    [pool-3-thread-1]   [com.diffblue.cover.ui.b.b]      [39/131]   (at least 1 line uncovered in this method)
12:55:01.022 [INFO]   [Creating]    [pool-3-thread-1]   [com.diffblue.cover.ui.b.b]      [39/131]     Indicates that the method is generated by some framework or tool and should not
12:55:01.022 [INFO]   [Creating]    [pool-3-thread-1]   [com.diffblue.cover.ui.b.b]      [39/131]     be tested explicitly. The expectation is that the generator itself should be
12:55:01.022 [INFO]   [Creating]    [pool-3-thread-1]   [com.diffblue.cover.ui.b.b]      [39/131]     tested and not each piece of code it produces.
12:55:01.022 [INFO]   [Creating]    [pool-3-thread-1]   [com.diffblue.cover.ui.b.b]      [39/131]     Currently, this includes methods identified generated by Lombok, Protobuf,
12:55:01.022 [INFO]   [Creating]    [pool-3-thread-1]   [com.diffblue.cover.ui.b.b]      [39/131]     Grpc, Hibernate, or annotated with a custom '@Generated' annotation
12:55:01.022 [INFO]   [Creating]    [pool-3-thread-1]   [com.diffblue.cover.ui.b.b]      [39/131]     (as long as the custom annotation has 'RUNTIME' or 'CLASS' retention).
12:55:01.022 [INFO]   [Creating]    [pool-3-thread-1]   [com.diffblue.cover.ui.b.b]      [39/131]     Diffblue Cover considers these methods as not directly callable.
12:55:01.024 [INFO]   [Creating]    [pool-3-thread-1]   [com.diffblue.cover.ui.b.b]      [40/131] uk.gov.gchq.palisade.resource.AbstractResource.hashCode
12:55:01.024 [INFO]   [Creating]    [pool-3-thread-1]   [com.diffblue.cover.ui.b.b]      [40/131]   T024: Generated method
12:55:01.024 [DEBUG]  [Creating]    [pool-3-thread-1]   [com.diffblue.cover.ui.b.b]      [40/131]   (at least 1 line uncovered in this method)
12:55:01.024 [INFO]   [Creating]    [pool-3-thread-1]   [com.diffblue.cover.ui.b.b]      [40/131]     Indicates that the method is generated by some framework or tool and should not
12:55:01.024 [INFO]   [Creating]    [pool-3-thread-1]   [com.diffblue.cover.ui.b.b]      [40/131]     be tested explicitly. The expectation is that the generator itself should be
12:55:01.024 [INFO]   [Creating]    [pool-3-thread-1]   [com.diffblue.cover.ui.b.b]      [40/131]     tested and not each piece of code it produces.
12:55:01.024 [INFO]   [Creating]    [pool-3-thread-1]   [com.diffblue.cover.ui.b.b]      [40/131]     Currently, this includes methods identified generated by Lombok, Protobuf,
12:55:01.024 [INFO]   [Creating]    [pool-3-thread-1]   [com.diffblue.cover.ui.b.b]      [40/131]     Grpc, Hibernate, or annotated with a custom '@Generated' annotation
12:55:01.025 [INFO]   [Creating]    [pool-3-thread-1]   [com.diffblue.cover.ui.b.b]      [40/131]     (as long as the custom annotation has 'RUNTIME' or 'CLASS' retention).
12:55:01.025 [INFO]   [Creating]    [pool-3-thread-1]   [com.diffblue.cover.ui.b.b]      [40/131]     Diffblue Cover considers these methods as not directly callable.
12:55:01.027 [INFO]   [Creating]    [pool-3-thread-1]   [com.diffblue.cover.ui.b.b]      [41/131] uk.gov.gchq.palisade.resource.AbstractResource.id
12:55:01.027 [INFO]   [Creating]    [pool-3-thread-1]   [com.diffblue.cover.ui.b.b]      [41/131]   T024: Generated method
12:55:01.027 [DEBUG]  [Creating]    [pool-3-thread-1]   [com.diffblue.cover.ui.b.b]      [41/131]   (at least 2 lines uncovered in this method)
12:55:01.027 [INFO]   [Creating]    [pool-3-thread-1]   [com.diffblue.cover.ui.b.b]      [41/131]     Indicates that the method is generated by some framework or tool and should not
12:55:01.027 [INFO]   [Creating]    [pool-3-thread-1]   [com.diffblue.cover.ui.b.b]      [41/131]     be tested explicitly. The expectation is that the generator itself should be
12:55:01.027 [INFO]   [Creating]    [pool-3-thread-1]   [com.diffblue.cover.ui.b.b]      [41/131]     tested and not each piece of code it produces.
12:55:01.027 [INFO]   [Creating]    [pool-3-thread-1]   [com.diffblue.cover.ui.b.b]      [41/131]     Currently, this includes methods identified generated by Lombok, Protobuf,
12:55:01.027 [INFO]   [Creating]    [pool-3-thread-1]   [com.diffblue.cover.ui.b.b]      [41/131]     Grpc, Hibernate, or annotated with a custom '@Generated' annotation
12:55:01.027 [INFO]   [Creating]    [pool-3-thread-1]   [com.diffblue.cover.ui.b.b]      [41/131]     (as long as the custom annotation has 'RUNTIME' or 'CLASS' retention).
12:55:01.027 [INFO]   [Creating]    [pool-3-thread-1]   [com.diffblue.cover.ui.b.b]      [41/131]     Diffblue Cover considers these methods as not directly callable.
12:55:01.030 [INFO]   [Creating]    [pool-3-thread-1]   [com.diffblue.cover.ui.b.b]      [42/131] uk.gov.gchq.palisade.resource.AbstractResource.setId
12:55:01.030 [INFO]   [Creating]    [pool-3-thread-1]   [com.diffblue.cover.ui.b.b]      [42/131]   T024: Generated method
12:55:01.030 [DEBUG]  [Creating]    [pool-3-thread-1]   [com.diffblue.cover.ui.b.b]      [42/131]   (at least 3 lines uncovered in this method)
12:55:01.030 [INFO]   [Creating]    [pool-3-thread-1]   [com.diffblue.cover.ui.b.b]      [42/131]     Indicates that the method is generated by some framework or tool and should not
12:55:01.030 [INFO]   [Creating]    [pool-3-thread-1]   [com.diffblue.cover.ui.b.b]      [42/131]     be tested explicitly. The expectation is that the generator itself should be
12:55:01.030 [INFO]   [Creating]    [pool-3-thread-1]   [com.diffblue.cover.ui.b.b]      [42/131]     tested and not each piece of code it produces.
12:55:01.030 [INFO]   [Creating]    [pool-3-thread-1]   [com.diffblue.cover.ui.b.b]      [42/131]     Currently, this includes methods identified generated by Lombok, Protobuf,
12:55:01.030 [INFO]   [Creating]    [pool-3-thread-1]   [com.diffblue.cover.ui.b.b]      [42/131]     Grpc, Hibernate, or annotated with a custom '@Generated' annotation
12:55:01.030 [INFO]   [Creating]    [pool-3-thread-1]   [com.diffblue.cover.ui.b.b]      [42/131]     (as long as the custom annotation has 'RUNTIME' or 'CLASS' retention).
12:55:01.030 [INFO]   [Creating]    [pool-3-thread-1]   [com.diffblue.cover.ui.b.b]      [42/131]     Diffblue Cover considers these methods as not directly callable.
12:55:01.033 [INFO]   [Creating]    [pool-3-thread-1]   [com.diffblue.cover.ui.b.b]      [43/131] uk.gov.gchq.palisade.resource.AbstractResource.toString
12:55:01.033 [INFO]   [Creating]    [pool-3-thread-1]   [com.diffblue.cover.ui.b.b]      [43/131]   T024: Generated method
12:55:01.033 [DEBUG]  [Creating]    [pool-3-thread-1]   [com.diffblue.cover.ui.b.b]      [43/131]   (at least 5 lines uncovered in this method)
12:55:01.033 [INFO]   [Creating]    [pool-3-thread-1]   [com.diffblue.cover.ui.b.b]      [43/131]     Indicates that the method is generated by some framework or tool and should not
12:55:01.033 [INFO]   [Creating]    [pool-3-thread-1]   [com.diffblue.cover.ui.b.b]      [43/131]     be tested explicitly. The expectation is that the generator itself should be
12:55:01.033 [INFO]   [Creating]    [pool-3-thread-1]   [com.diffblue.cover.ui.b.b]      [43/131]     tested and not each piece of code it produces.
12:55:01.033 [INFO]   [Creating]    [pool-3-thread-1]   [com.diffblue.cover.ui.b.b]      [43/131]     Currently, this includes methods identified generated by Lombok, Protobuf,
12:55:01.033 [INFO]   [Creating]    [pool-3-thread-1]   [com.diffblue.cover.ui.b.b]      [43/131]     Grpc, Hibernate, or annotated with a custom '@Generated' annotation
12:55:01.033 [INFO]   [Creating]    [pool-3-thread-1]   [com.diffblue.cover.ui.b.b]      [43/131]     (as long as the custom annotation has 'RUNTIME' or 'CLASS' retention).
12:55:01.033 [INFO]   [Creating]    [pool-3-thread-1]   [com.diffblue.cover.ui.b.b]      [43/131]     Diffblue Cover considers these methods as not directly callable.
12:55:01.034 [DEBUG]  [Creating]    [pool-3-thread-1]   [com.diffblue.combiner.d.j] Using Javaparser to combine tests
12:55:01.034 [INFO]   [Creating]    [pool-3-thread-1]   [com.diffblue.cover.m.a.b] Filtering of methods complete. Creating analysis request
12:55:01.034 [INFO]   [Creating]    [pool-3-thread-1]   [com.diffblue.cover.service.c] Attempting to get service client, retry 1.
12:55:01.036 [DEBUG]  [Creating]    [analyzer-service:grpc-default-executor-1][com.diffblue.cover.service.analyzer.a.c] Watchdog reset
12:55:01.063 [DEBUG]  [Creating]    [analyzer-service:grpc-default-executor-1][com.diffblue.fuzztest.e.a] Class information:
12:55:01.064 [DEBUG]  [Creating]    [analyzer-service:grpc-default-executor-1][com.diffblue.fuzztest.e.a]   Implements: interface uk.gov.gchq.palisade.resource.Resource
12:55:01.064 [DEBUG]  [Creating]    [analyzer-service:grpc-default-executor-1][com.diffblue.fuzztest.e.a]   Fields: private static final java.util.Comparator uk.gov.gchq.palisade.resource.AbstractResource.COMP, protected java.lang.String uk.gov.gchq.palisade.resource.AbstractResource.id
12:55:01.064 [DEBUG]  [Creating]    [analyzer-service:grpc-default-executor-1][com.diffblue.fuzztest.e.a]   Constructors: protected uk.gov.gchq.palisade.resource.AbstractResource()
12:55:01.064 [DEBUG]  [Creating]    [analyzer-service:grpc-default-executor-1][com.diffblue.fuzztest.e.a]   Methods: public int uk.gov.gchq.palisade.resource.AbstractResource.compareTo(java.lang.Object), public int uk.gov.gchq.palisade.resource.AbstractResource.compareTo(uk.gov.gchq.palisade.resource.Resource), public boolean uk.gov.gchq.palisade.resource.AbstractResource.equals(java.lang.Object), public java.lang.String uk.gov.gchq.palisade.resource.AbstractResource.getId(), public int uk.gov.gchq.palisade.resource.AbstractResource.hashCode(), public uk.gov.gchq.palisade.resource.AbstractResource uk.gov.gchq.palisade.resource.AbstractResource.id(java.lang.String), public uk.gov.gchq.palisade.resource.Resource uk.gov.gchq.palisade.resource.AbstractResource.id(java.lang.String), public void uk.gov.gchq.palisade.resource.AbstractResource.setId(java.lang.String), public java.lang.String uk.gov.gchq.palisade.resource.AbstractResource.toString()
12:55:01.088 [DEBUG]  [Creating]    [analyzer-service:TimedExecutor-23][com.diffblue.fuzztest.g.e] 
================================================================================
= Creating tests for 'uk.gov.gchq.palisade.resource.AbstractResource.compareTo:(Luk/gov/gchq/palisade/resource/Resource;)I' using 'SiM (!sp, fnm, df)'
================================================================================
12:55:01.093 [DEBUG]  [Creating]    [analyzer-service:TimedExecutor-23][com.diffblue.fuzztest.g.ap] Test file does not exist: /home/jbergqvist/diffblue/Palisade-common/src/test/java/uk/gov/gchq/palisade/resource/AbstractResourceDiffblueTest.java
12:55:01.093 [DEBUG]  [Creating]    [analyzer-service:TimedExecutor-23][com.diffblue.fuzztest.g.e] 
================================================================================
= Trying DI configuration EmptyDependencyInjectionTirConfiguration for uk.gov.gchq.palisade.resource.AbstractResource.compareTo:(Luk/gov/gchq/palisade/resource/Resource;)I
================================================================================
12:55:01.342 [DEBUG]  [Creating]    [analyzer-service:TimedExecutor-23][com.diffblue.cover.service.analyzer.a.c] Watchdog reset
12:55:01.727 [DEBUG]  [Creating]    [analyzer-service:TimedExecutor-23][com.diffblue.fuzztest.b.f] Refinement loop done: 1 seeds, 2+0 new+accumulated tests, 1+1 tests+partial tests, 560/1000 its
12:55:01.788 [DEBUG]  [Creating]    [analyzer-service:TimedExecutor-23][com.diffblue.fuzztest.g.e] DI configuration 'com.diffblue.tir.p' generated tests: 2
12:55:01.788 [DEBUG]  [Creating]    [analyzer-service:TimedExecutor-23][com.diffblue.fuzztest.g.e] Enabling descriptive test naming
12:55:01.798 [DEBUG]  [Creating]    [analyzer-service:grpc-default-executor-1][com.diffblue.fuzztest.e.c] Created 1+0 tests and partial tests via 'SiM (!sp, fnm, df)' SiM fallback 1/2, returning all 1
12:55:01.835 [DEBUG]  [Creating]    [pool-3-thread-1]   [com.diffblue.cover.m.a.b] in processAnalysisResult for uk.gov.gchq.palisade.resource.AbstractResource.compareTo:(Luk/gov/gchq/palisade/resource/Resource;)I
12:55:01.835 [DEBUG]  [Creating]    [pool-3-thread-1]   [com.diffblue.combiner.d.j] Using Javaparser to combine tests
12:55:01.905 [DEBUG]  [Creating]    [pool-6-thread-8]   [com.diffblue.cover.l.a.c] EdgeCoverageRuntime contains 8 edges
12:55:01.905 [DEBUG]  [Creating]    [pool-3-thread-1]   [com.diffblue.combiner.a.c] Adding changeSet to account as new: Optional[uk.gov.gchq.palisade.resource.AbstractResource.compareTo:(Luk/gov/gchq/palisade/resource/Resource;)I]
12:55:01.939 [DEBUG]  [Creating]    [pool-3-thread-1]   [com.diffblue.cover.r.d] Finished with MethodGroup: compareTo, countOfTests: 1, countOfMethodsTested: 1 TestGenerationAccount: a[countOfRemoved=0, countOfUnchanged=0, countOfUpdated=0, countOfNew=8]
12:55:01.938 [DEBUG]  [Creating]    [analyzer-service:grpc-default-executor-1][com.diffblue.cover.service.analyzer.a.c] Watchdog reset
12:55:01.939 [INFO]   [Creating]    [pool-3-thread-1]   [com.diffblue.cover.ui.b.b]      [44/131] uk.gov.gchq.palisade.resource.AbstractResource.compareTo
12:55:01.939 [INFO]   [Creating]    [pool-3-thread-1]   [com.diffblue.cover.ui.b.b]      [44/131]   Tests created: 1
12:55:01.941 [INFO]   [Creating]    [pool-3-thread-1]   [com.diffblue.cover.ui.b.b]  [4/25] uk.gov.gchq.palisade.resource.AbstractResource
12:55:01.941 [INFO]   [Creating]    [pool-3-thread-1]   [com.diffblue.cover.ui.b.b]  [4/25]   Tests created: 1
12:55:01.941 [DEBUG]  [Creating]    [pool-3-thread-1]   [com.diffblue.cover.ui.b.b]  [4/25]   (at least 18 lines uncovered in this class)
12:55:01.942 [INFO]   [Creating]    [pool-3-thread-1]   [com.diffblue.cover.m.a.b] 
================================================================================
= Starting analysis for class 'uk.gov.gchq.palisade.resource.impl.DirectoryResource'
================================================================================
12:55:01.942 [INFO]   [Creating]    [pool-3-thread-1]   [com.diffblue.cover.m.a.b] Filtering out non-testable methods...
12:55:01.944 [DEBUG]  [Creating]    [pool-3-thread-1]   [com.diffblue.combiner.d.j] Using Javaparser to combine tests
12:55:01.945 [INFO]   [Creating]    [pool-3-thread-1]   [com.diffblue.cover.m.a.b] Filtering of methods complete. Creating analysis request
12:55:01.945 [INFO]   [Creating]    [pool-3-thread-1]   [com.diffblue.cover.service.c] Attempting to get service client, retry 1.
12:55:01.967 [DEBUG]  [Creating]    [analyzer-service:grpc-default-executor-1][com.diffblue.fuzztest.e.a] Class information:
12:55:01.968 [DEBUG]  [Creating]    [analyzer-service:grpc-default-executor-1][com.diffblue.fuzztest.e.a]   Implements: interface uk.gov.gchq.palisade.resource.ChildResource, interface uk.gov.gchq.palisade.resource.ParentResource
12:55:01.968 [DEBUG]  [Creating]    [analyzer-service:grpc-default-executor-1][com.diffblue.fuzztest.e.a]   Extends: class uk.gov.gchq.palisade.resource.AbstractResource
12:55:01.968 [DEBUG]  [Creating]    [analyzer-service:grpc-default-executor-1][com.diffblue.fuzztest.e.a]   Fields: private static final long uk.gov.gchq.palisade.resource.impl.DirectoryResource.serialVersionUID
12:55:01.968 [DEBUG]  [Creating]    [analyzer-service:grpc-default-executor-1][com.diffblue.fuzztest.e.a]   Constructors: public uk.gov.gchq.palisade.resource.impl.DirectoryResource()
12:55:01.968 [DEBUG]  [Creating]    [analyzer-service:grpc-default-executor-1][com.diffblue.fuzztest.e.a]   Methods: public uk.gov.gchq.palisade.resource.ParentResource uk.gov.gchq.palisade.resource.impl.DirectoryResource.getParent(), public uk.gov.gchq.palisade.resource.AbstractResource uk.gov.gchq.palisade.resource.impl.DirectoryResource.id(java.lang.String), public uk.gov.gchq.palisade.resource.Resource uk.gov.gchq.palisade.resource.impl.DirectoryResource.id(java.lang.String), public uk.gov.gchq.palisade.resource.impl.DirectoryResource uk.gov.gchq.palisade.resource.impl.DirectoryResource.id(java.lang.String)
12:55:01.985 [DEBUG]  [Creating]    [analyzer-service:TimedExecutor-30][com.diffblue.fuzztest.g.e] 
================================================================================
= Creating tests for 'uk.gov.gchq.palisade.resource.impl.DirectoryResource.<init>:()V' using 'TrM (!sp, !fnm, df)'
================================================================================
12:55:01.985 [DEBUG]  [Creating]    [analyzer-service:TimedExecutor-30][com.diffblue.fuzztest.g.e] 
================================================================================
= Trying DI configuration EmptyDependencyInjectionTirConfiguration for uk.gov.gchq.palisade.resource.impl.DirectoryResource.<init>:()V
================================================================================
12:55:02.062 [DEBUG]  [Creating]    [analyzer-service:TimedExecutor-30][com.diffblue.fuzztest.g.e] DI configuration 'com.diffblue.tir.p' generated tests: 1
12:55:02.063 [DEBUG]  [Creating]    [analyzer-service:TimedExecutor-30][com.diffblue.fuzztest.g.e] Enabling descriptive test naming
12:55:02.065 [DEBUG]  [Creating]    [analyzer-service:grpc-default-executor-1][com.diffblue.fuzztest.e.c] Created 1+0 tests and partial tests via 'TrM (!sp, !fnm, df)' , returning all 1
12:55:02.087 [DEBUG]  [Creating]    [pool-3-thread-1]   [com.diffblue.cover.m.a.b] in processAnalysisResult for uk.gov.gchq.palisade.resource.impl.DirectoryResource.<init>:()V
12:55:02.088 [DEBUG]  [Creating]    [pool-3-thread-1]   [com.diffblue.combiner.d.j] Using Javaparser to combine tests
12:55:02.163 [DEBUG]  [Creating]    [pool-6-thread-9]   [com.diffblue.cover.l.a.c] EdgeCoverageRuntime contains 5 edges
12:55:02.163 [DEBUG]  [Creating]    [pool-3-thread-1]   [com.diffblue.combiner.a.c] Adding changeSet to account as new: Optional[uk.gov.gchq.palisade.resource.impl.DirectoryResource.<init>:()V]
12:55:02.181 [DEBUG]  [Creating]    [analyzer-service:TimedExecutor-31][com.diffblue.fuzztest.g.e] 
================================================================================
= Creating tests for 'uk.gov.gchq.palisade.resource.impl.DirectoryResource.getParent:()Luk/gov/gchq/palisade/resource/ParentResource;' using 'SiM (!sp, fnm, df)'
================================================================================
12:55:02.185 [DEBUG]  [Creating]    [analyzer-service:TimedExecutor-31][com.diffblue.fuzztest.g.ap] Parsed existing test class at /home/jbergqvist/diffblue/Palisade-common/src/test/java/uk/gov/gchq/palisade/resource/impl/DirectoryResourceDiffblueTest.java: found 0 annotations
12:55:02.185 [DEBUG]  [Creating]    [analyzer-service:TimedExecutor-31][com.diffblue.fuzztest.g.e] 
================================================================================
= Trying DI configuration EmptyDependencyInjectionTirConfiguration for uk.gov.gchq.palisade.resource.impl.DirectoryResource.getParent:()Luk/gov/gchq/palisade/resource/ParentResource;
================================================================================
12:55:02.513 [DEBUG]  [Creating]    [analyzer-service:TimedExecutor-31][com.diffblue.fuzztest.b.f] Refinement loop done: 1 seeds, 2+0 new+accumulated tests, 0+2 tests+partial tests, 474/1000 its
12:55:02.564 [DEBUG]  [Creating]    [analyzer-service:TimedExecutor-31][com.diffblue.fuzztest.g.e] DI configuration 'com.diffblue.tir.p' generated no complete tests, trying another
12:55:02.564 [DEBUG]  [Creating]    [analyzer-service:TimedExecutor-31][com.diffblue.fuzztest.g.e] Incompleteness reason 'com.diffblue.cover.message.limitation.NoNonThrowingInputsMessage' (cause: 'java.lang.NullPointerException')
12:55:02.564 [DEBUG]  [Creating]    [analyzer-service:TimedExecutor-31][com.diffblue.fuzztest.g.e] Incompleteness reason 'com.diffblue.cover.message.limitation.NoNonThrowingInputsMessage' (cause: 'java.lang.NullPointerException')
12:55:02.565 [DEBUG]  [Creating]    [analyzer-service:TimedExecutor-31][com.diffblue.fuzztest.g.e] Enabling descriptive test naming
12:55:02.570 [DEBUG]  [Creating]    [analyzer-service:TimedExecutor-32][com.diffblue.fuzztest.g.e] 
================================================================================
= Creating tests for 'uk.gov.gchq.palisade.resource.impl.DirectoryResource.getParent:()Luk/gov/gchq/palisade/resource/ParentResource;' using 'SiM (!sp, !fnm, df)'
================================================================================
12:55:02.573 [DEBUG]  [Creating]    [analyzer-service:TimedExecutor-32][com.diffblue.fuzztest.g.ap] Parsed existing test class at /home/jbergqvist/diffblue/Palisade-common/src/test/java/uk/gov/gchq/palisade/resource/impl/DirectoryResourceDiffblueTest.java: found 0 annotations
12:55:02.574 [DEBUG]  [Creating]    [analyzer-service:TimedExecutor-32][com.diffblue.fuzztest.g.e] 
================================================================================
= Trying DI configuration EmptyDependencyInjectionTirConfiguration for uk.gov.gchq.palisade.resource.impl.DirectoryResource.getParent:()Luk/gov/gchq/palisade/resource/ParentResource;
================================================================================
12:55:02.765 [DEBUG]  [Creating]    [analyzer-service:TimedExecutor-32][com.diffblue.fuzztest.b.f] Refinement loop done: 1 seeds, 2+0 new+accumulated tests, 0+2 tests+partial tests, 474/1000 its
12:55:02.814 [DEBUG]  [Creating]    [analyzer-service:TimedExecutor-32][com.diffblue.fuzztest.g.e] DI configuration 'com.diffblue.tir.p' generated no complete tests, trying another
12:55:02.814 [DEBUG]  [Creating]    [analyzer-service:TimedExecutor-32][com.diffblue.fuzztest.g.e] Incompleteness reason 'com.diffblue.cover.message.limitation.NoNonThrowingInputsMessage' (cause: 'java.lang.NullPointerException')
12:55:02.814 [DEBUG]  [Creating]    [analyzer-service:TimedExecutor-32][com.diffblue.fuzztest.g.e] Incompleteness reason 'com.diffblue.cover.message.limitation.NoNonThrowingInputsMessage' (cause: 'java.lang.NullPointerException')
12:55:02.815 [DEBUG]  [Creating]    [analyzer-service:TimedExecutor-32][com.diffblue.fuzztest.g.e] Enabling descriptive test naming
12:55:02.819 [DEBUG]  [Creating]    [analyzer-service:grpc-default-executor-1][com.diffblue.fuzztest.g.o] All 2 subs either threw or created only partial tests; returning the 1 partial tests created by 'SiM (!sp, fnm, df)'
12:55:02.819 [DEBUG]  [Creating]    [analyzer-service:grpc-default-executor-1][com.diffblue.fuzztest.e.c] Created 1 partial tests via 'SiM (!sp, fnm, df)' , here is the last one:
12:55:02.862 [DEBUG]  [Creating]    [analyzer-service:grpc-default-executor-1][com.diffblue.combiner.d.j] Using Javaparser to combine tests
12:55:03.257 [DEBUG]  [Creating]    [analyzer-service:grpc-default-executor-1][com.diffblue.fuzztest.e.c] == begin partial test ==
12:55:03.257 [DEBUG]  [Creating]    [analyzer-service:grpc-default-executor-1][com.diffblue.fuzztest.e.c] Test:
package uk.gov.gchq.palisade.resource.impl;

import com.diffblue.cover.annotations.ManagedByDiffblue;
import com.diffblue.cover.annotations.MethodsUnderTest;
import org.junit.jupiter.api.Disabled;
import org.junit.jupiter.api.DisplayName;
import org.junit.jupiter.api.Tag;
import org.junit.jupiter.api.Test;

class DirectoryResourceDiffblueTest {
  /**
   * Test {@link DirectoryResource#getParent()}.
   *
   * <ul>
   *   <li>Given {@link DirectoryResource} (default constructor) Id is {@code 42}.
   * </ul>
   *
   * <p>Method under test: {@link DirectoryResource#getParent()}
   */
  @Test
  @DisplayName("Test getParent(); given DirectoryResource (default constructor) Id is '42'")
  @Disabled("TODO: Complete this test")
  @Tag("ContributionFromDiffblue")
  @ManagedByDiffblue
  @MethodsUnderTest({"uk.gov.gchq.palisade.resource.ParentResource DirectoryResource.getParent()"})
  void testGetParent_givenDirectoryResourceIdIs42() {
    // TODO: Diffblue Cover was only able to create a partial test for this method:
    //   Reason: No inputs found that don't throw a trivial exception.
    //   Diffblue Cover tried to run the arrange/act section, but the method under
    //   test threw
    //   java.lang.NullPointerException
    //       at
    // java.base/java.util.ImmutableCollections$Set12.contains(ImmutableCollections.java:524)
    //       at uk.gov.gchq.palisade.util.FileResourceBuilder.accepts(FileResourceBuilder.java:109)
    //       at
    // uk.gov.gchq.palisade.util.AbstractResourceBuilder.lambda$create$0(AbstractResourceBuilder.java:58)
    //       at java.base/java.util.stream.ReferencePipeline$2$1.accept(ReferencePipeline.java:176)
    //       at java.base/java.util.stream.ReferencePipeline$3$1.accept(ReferencePipeline.java:195)
    //       at
    // java.base/java.util.ServiceLoader$ProviderSpliterator.tryAdvance(ServiceLoader.java:1492)
    //       at
    // java.base/java.util.stream.ReferencePipeline.forEachWithCancel(ReferencePipeline.java:127)
    //       at
    // java.base/java.util.stream.AbstractPipeline.copyIntoWithCancel(AbstractPipeline.java:502)
    //       at java.base/java.util.stream.AbstractPipeline.copyInto(AbstractPipeline.java:488)
    //       at
    // java.base/java.util.stream.AbstractPipeline.wrapAndCopyInto(AbstractPipeline.java:474)
    //       at java.base/java.util.stream.FindOps$FindOp.evaluateSequential(FindOps.java:150)
    //       at java.base/java.util.stream.AbstractPipeline.evaluate(AbstractPipeline.java:234)
    //       at java.base/java.util.stream.ReferencePipeline.findAny(ReferencePipeline.java:548)
    //       at
    // uk.gov.gchq.palisade.util.AbstractResourceBuilder.create(AbstractResourceBuilder.java:59)
    //       at
    // uk.gov.gchq.palisade.resource.impl.DirectoryResource.getParent(DirectoryResource.java:39)
    //   See https://diff.blue/R013 to resolve this issue.

    // Arrange
    DirectoryResource directoryResource = new DirectoryResource();
    directoryResource.setId("42");

    // Act
    directoryResource.getParent();
  }
}

12:55:03.257 [DEBUG]  [Creating]    [analyzer-service:grpc-default-executor-1][com.diffblue.fuzztest.e.c] == end partial test ==
12:55:03.268 [DEBUG]  [Creating]    [analyzer-service:grpc-default-executor-1][com.diffblue.cover.service.analyzer.a.c] Watchdog reset
12:55:03.273 [DEBUG]  [Creating]    [pool-3-thread-1]   [com.diffblue.cover.m.a.b] in processAnalysisResult for uk.gov.gchq.palisade.resource.impl.DirectoryResource.getParent:()Luk/gov/gchq/palisade/resource/ParentResource;
12:55:03.273 [DEBUG]  [Creating]    [pool-3-thread-1]   [com.diffblue.cover.r.d] Finished with MethodGroup: <init>, countOfTests: 1, countOfMethodsTested: 1 TestGenerationAccount: a[countOfRemoved=0, countOfUnchanged=0, countOfUpdated=0, countOfNew=9]
12:55:03.273 [INFO]   [Creating]    [pool-3-thread-1]   [com.diffblue.cover.ui.b.b]      [45/131] uk.gov.gchq.palisade.resource.impl.DirectoryResource.<init>
12:55:03.274 [INFO]   [Creating]    [pool-3-thread-1]   [com.diffblue.cover.ui.b.b]      [45/131]   Tests created: 1
12:55:03.275 [DEBUG]  [Creating]    [analyzer-service:TimedExecutor-33][com.diffblue.fuzztest.g.e] 
================================================================================
= Creating tests for 'uk.gov.gchq.palisade.resource.impl.DirectoryResource.id:(Ljava/lang/String;)Luk/gov/gchq/palisade/resource/impl/DirectoryResource;' using 'SiM (!sp, fnm, df)'
================================================================================
12:55:03.278 [DEBUG]  [Creating]    [analyzer-service:TimedExecutor-33][com.diffblue.fuzztest.g.ap] Parsed existing test class at /home/jbergqvist/diffblue/Palisade-common/src/test/java/uk/gov/gchq/palisade/resource/impl/DirectoryResourceDiffblueTest.java: found 0 annotations
12:55:03.279 [DEBUG]  [Creating]    [analyzer-service:TimedExecutor-33][com.diffblue.fuzztest.g.e] 
================================================================================
= Trying DI configuration EmptyDependencyInjectionTirConfiguration for uk.gov.gchq.palisade.resource.impl.DirectoryResource.id:(Ljava/lang/String;)Luk/gov/gchq/palisade/resource/impl/DirectoryResource;
================================================================================
12:55:03.483 [DEBUG]  [Creating]    [analyzer-service:TimedExecutor-33][com.diffblue.fuzztest.b.f] Refinement loop done: 2 seeds, 2+0 new+accumulated tests, 2+0 tests+partial tests, 371/1000 its
12:55:03.536 [DEBUG]  [Creating]    [analyzer-service:TimedExecutor-33][com.diffblue.fuzztest.g.e] DI configuration 'com.diffblue.tir.p' generated tests: 2
12:55:03.536 [DEBUG]  [Creating]    [analyzer-service:TimedExecutor-33][com.diffblue.fuzztest.g.e] Enabling descriptive test naming
12:55:03.543 [DEBUG]  [Creating]    [analyzer-service:grpc-default-executor-1][com.diffblue.fuzztest.e.c] Created 2+0 tests and partial tests via 'SiM (!sp, fnm, df)' SiM fallback 1/2, returning all 2
12:55:03.591 [DEBUG]  [Creating]    [pool-3-thread-1]   [com.diffblue.cover.m.a.b] in processAnalysisResult for uk.gov.gchq.palisade.resource.impl.DirectoryResource.id:(Ljava/lang/String;)Luk/gov/gchq/palisade/resource/impl/DirectoryResource;
12:55:03.592 [DEBUG]  [Creating]    [pool-3-thread-1]   [com.diffblue.cover.r.d] Finished with MethodGroup: getParent, countOfTests: 0, countOfMethodsTested: 0 TestGenerationAccount: a[countOfRemoved=0, countOfUnchanged=0, countOfUpdated=0, countOfNew=9]
12:55:03.595 [INFO]   [Creating]    [pool-3-thread-1]   [com.diffblue.cover.ui.b.b]      [46/131] uk.gov.gchq.palisade.resource.impl.DirectoryResource.getParent
12:55:03.595 [INFO]   [Creating]    [pool-3-thread-1]   [com.diffblue.cover.ui.b.b]      [46/131]   R013: No inputs found that don't throw a trivial exception
12:55:03.595 [DEBUG]  [Creating]    [pool-3-thread-1]   [com.diffblue.cover.ui.b.b]      [46/131]   (at least 1 line uncovered in this method)
12:55:03.595 [INFO]   [Creating]    [pool-3-thread-1]   [com.diffblue.cover.ui.b.b]      [46/131]     Diffblue Cover tried to run the arrange/act section, but the test threw
12:55:03.595 [INFO]   [Creating]    [pool-3-thread-1]   [com.diffblue.cover.ui.b.b]      [46/131]     java.lang.NullPointerException
12:55:03.595 [INFO]   [Creating]    [pool-3-thread-1]   [com.diffblue.cover.ui.b.b]      [46/131]         at java.util.ImmutableCollections$Set12.contains(ImmutableCollections.java:524)
12:55:03.595 [INFO]   [Creating]    [pool-3-thread-1]   [com.diffblue.cover.ui.b.b]      [46/131]         at uk.gov.gchq.palisade.util.FileResourceBuilder.accepts(FileResourceBuilder.java:109)
12:55:03.595 [INFO]   [Creating]    [pool-3-thread-1]   [com.diffblue.cover.ui.b.b]      [46/131]         at uk.gov.gchq.palisade.util.AbstractResourceBuilder.lambda$create$0(AbstractResourceBuilder.java:58)
12:55:03.595 [INFO]   [Creating]    [pool-3-thread-1]   [com.diffblue.cover.ui.b.b]      [46/131]         at java.util.stream.ReferencePipeline$2$1.accept(ReferencePipeline.java:176)
12:55:03.595 [INFO]   [Creating]    [pool-3-thread-1]   [com.diffblue.cover.ui.b.b]      [46/131]         at java.util.stream.ReferencePipeline$3$1.accept(ReferencePipeline.java:195)
12:55:03.595 [INFO]   [Creating]    [pool-3-thread-1]   [com.diffblue.cover.ui.b.b]      [46/131]         at java.util.ServiceLoader$ProviderSpliterator.tryAdvance(ServiceLoader.java:1492)
12:55:03.595 [INFO]   [Creating]    [pool-3-thread-1]   [com.diffblue.cover.ui.b.b]      [46/131]         at java.util.stream.ReferencePipeline.forEachWithCancel(ReferencePipeline.java:127)
12:55:03.595 [INFO]   [Creating]    [pool-3-thread-1]   [com.diffblue.cover.ui.b.b]      [46/131]         at java.util.stream.AbstractPipeline.copyIntoWithCancel(AbstractPipeline.java:502)
12:55:03.595 [INFO]   [Creating]    [pool-3-thread-1]   [com.diffblue.cover.ui.b.b]      [46/131]         at java.util.stream.AbstractPipeline.copyInto(AbstractPipeline.java:488)
12:55:03.595 [INFO]   [Creating]    [pool-3-thread-1]   [com.diffblue.cover.ui.b.b]      [46/131]         at java.util.stream.AbstractPipeline.wrapAndCopyInto(AbstractPipeline.java:474)
12:55:03.595 [INFO]   [Creating]    [pool-3-thread-1]   [com.diffblue.cover.ui.b.b]      [46/131]         at java.util.stream.FindOps$FindOp.evaluateSequential(FindOps.java:150)
12:55:03.595 [INFO]   [Creating]    [pool-3-thread-1]   [com.diffblue.cover.ui.b.b]      [46/131]         at java.util.stream.AbstractPipeline.evaluate(AbstractPipeline.java:234)
12:55:03.595 [INFO]   [Creating]    [pool-3-thread-1]   [com.diffblue.cover.ui.b.b]      [46/131]         at java.util.stream.ReferencePipeline.findAny(ReferencePipeline.java:548)
12:55:03.595 [INFO]   [Creating]    [pool-3-thread-1]   [com.diffblue.cover.ui.b.b]      [46/131]         at uk.gov.gchq.palisade.util.AbstractResourceBuilder.create(AbstractResourceBuilder.java:59)
12:55:03.595 [INFO]   [Creating]    [pool-3-thread-1]   [com.diffblue.cover.ui.b.b]      [46/131]         at uk.gov.gchq.palisade.resource.impl.DirectoryResource.getParent(DirectoryResource.java:39)
12:55:03.595 [INFO]   [Creating]    [pool-3-thread-1]   [com.diffblue.cover.ui.b.b]      [46/131]     In order to prevent getParent()
12:55:03.595 [INFO]   [Creating]    [pool-3-thread-1]   [com.diffblue.cover.ui.b.b]      [46/131]     from throwing NullPointerException, add constructors or factory
12:55:03.595 [INFO]   [Creating]    [pool-3-thread-1]   [com.diffblue.cover.ui.b.b]      [46/131]     methods that make it easier to construct fully initialized objects used in
12:55:03.595 [INFO]   [Creating]    [pool-3-thread-1]   [com.diffblue.cover.ui.b.b]      [46/131]     getParent().
12:55:03.595 [INFO]   [Creating]    [pool-3-thread-1]   [com.diffblue.cover.ui.b.b]      [46/131]     See https://diff.blue/R013 to resolve this issue.
12:55:03.595 [DEBUG]  [Creating]    [pool-3-thread-1]   [com.diffblue.combiner.d.j] Using Javaparser to combine tests
12:55:03.650 [DEBUG]  [Creating]    [pool-6-thread-10]  [com.diffblue.cover.l.a.c] EdgeCoverageRuntime contains 7 edges
12:55:03.651 [DEBUG]  [Creating]    [pool-3-thread-1]   [com.diffblue.combiner.a.c] Adding changeSet to account as new: Optional[uk.gov.gchq.palisade.resource.impl.DirectoryResource.id:(Ljava/lang/String;)Luk/gov/gchq/palisade/resource/impl/DirectoryResource;]
12:55:03.672 [DEBUG]  [Creating]    [pool-3-thread-1]   [com.diffblue.combiner.d.j] Using Javaparser to combine tests
12:55:03.721 [DEBUG]  [Creating]    [pool-6-thread-11]  [com.diffblue.cover.l.a.c] EdgeCoverageRuntime contains 7 edges
12:55:03.721 [DEBUG]  [Creating]    [pool-3-thread-1]   [com.diffblue.combiner.a.c] Adding changeSet to account as new: Optional[uk.gov.gchq.palisade.resource.impl.DirectoryResource.id:(Ljava/lang/String;)Luk/gov/gchq/palisade/resource/impl/DirectoryResource;]
12:55:03.745 [DEBUG]  [Creating]    [pool-3-thread-1]   [com.diffblue.cover.r.d] Finished with MethodGroup: id, countOfTests: 2, countOfMethodsTested: 1 TestGenerationAccount: a[countOfRemoved=0, countOfUnchanged=0, countOfUpdated=0, countOfNew=11]
12:55:03.744 [DEBUG]  [Creating]    [analyzer-service:grpc-default-executor-1][com.diffblue.cover.service.analyzer.a.c] Watchdog reset
12:55:03.745 [INFO]   [Creating]    [pool-3-thread-1]   [com.diffblue.cover.ui.b.b]      [47/131] uk.gov.gchq.palisade.resource.impl.DirectoryResource.id
12:55:03.745 [INFO]   [Creating]    [pool-3-thread-1]   [com.diffblue.cover.ui.b.b]      [47/131]   Tests created: 2
12:55:03.747 [INFO]   [Creating]    [pool-3-thread-1]   [com.diffblue.cover.ui.b.b]  [5/25] uk.gov.gchq.palisade.resource.impl.DirectoryResource
12:55:03.747 [INFO]   [Creating]    [pool-3-thread-1]   [com.diffblue.cover.ui.b.b]  [5/25]   Tests created: 3
12:55:03.747 [DEBUG]  [Creating]    [pool-3-thread-1]   [com.diffblue.cover.ui.b.b]  [5/25]   (at least 1 line uncovered in this class)
12:55:03.748 [INFO]   [Creating]    [pool-3-thread-1]   [com.diffblue.cover.m.a.b] 
================================================================================
= Starting analysis for class 'uk.gov.gchq.palisade.resource.impl.FileResource'
================================================================================
12:55:03.748 [INFO]   [Creating]    [pool-3-thread-1]   [com.diffblue.cover.m.a.b] Filtering out non-testable methods...
12:55:03.752 [DEBUG]  [Creating]    [pool-3-thread-1]   [com.diffblue.combiner.d.j] Using Javaparser to combine tests
12:55:03.753 [INFO]   [Creating]    [pool-3-thread-1]   [com.diffblue.cover.m.a.b] Filtering of methods complete. Creating analysis request
12:55:03.753 [INFO]   [Creating]    [pool-3-thread-1]   [com.diffblue.cover.service.c] Attempting to get service client, retry 1.
12:55:03.772 [DEBUG]  [Creating]    [analyzer-service:grpc-default-executor-1][com.diffblue.fuzztest.e.a] Class information:
12:55:03.772 [DEBUG]  [Creating]    [analyzer-service:grpc-default-executor-1][com.diffblue.fuzztest.e.a]   Extends: class uk.gov.gchq.palisade.resource.AbstractLeafResource
12:55:03.772 [DEBUG]  [Creating]    [analyzer-service:grpc-default-executor-1][com.diffblue.fuzztest.e.a]   Fields: private static final long uk.gov.gchq.palisade.resource.impl.FileResource.serialVersionUID
12:55:03.773 [DEBUG]  [Creating]    [analyzer-service:grpc-default-executor-1][com.diffblue.fuzztest.e.a]   Constructors: public uk.gov.gchq.palisade.resource.impl.FileResource()
12:55:03.773 [DEBUG]  [Creating]    [analyzer-service:grpc-default-executor-1][com.diffblue.fuzztest.e.a]   Methods: public uk.gov.gchq.palisade.resource.AbstractLeafResource uk.gov.gchq.palisade.resource.impl.FileResource.attribute(java.lang.String,java.lang.String), public uk.gov.gchq.palisade.resource.impl.FileResource uk.gov.gchq.palisade.resource.impl.FileResource.attribute(java.lang.String,java.lang.String), public uk.gov.gchq.palisade.resource.AbstractLeafResource uk.gov.gchq.palisade.resource.impl.FileResource.attributes(java.util.Map), public uk.gov.gchq.palisade.resource.LeafResource uk.gov.gchq.palisade.resource.impl.FileResource.attributes(java.util.Map), public uk.gov.gchq.palisade.resource.impl.FileResource uk.gov.gchq.palisade.resource.impl.FileResource.attributes(java.util.Map), public uk.gov.gchq.palisade.resource.AbstractLeafResource uk.gov.gchq.palisade.resource.impl.FileResource.connectionDetail(uk.gov.gchq.palisade.resource.ConnectionDetail), public uk.gov.gchq.palisade.resource.LeafResource uk.gov.gchq.palisade.resource.impl.FileResource.connectionDetail(uk.gov.gchq.palisade.resource.ConnectionDetail), public uk.gov.gchq.palisade.resource.impl.FileResource uk.gov.gchq.palisade.resource.impl.FileResource.connectionDetail(uk.gov.gchq.palisade.resource.ConnectionDetail), public uk.gov.gchq.palisade.resource.ParentResource uk.gov.gchq.palisade.resource.impl.FileResource.getParent(), public uk.gov.gchq.palisade.resource.AbstractResource uk.gov.gchq.palisade.resource.impl.FileResource.id(java.lang.String), public uk.gov.gchq.palisade.resource.Resource uk.gov.gchq.palisade.resource.impl.FileResource.id(java.lang.String), public uk.gov.gchq.palisade.resource.impl.FileResource uk.gov.gchq.palisade.resource.impl.FileResource.id(java.lang.String), public uk.gov.gchq.palisade.resource.AbstractLeafResource uk.gov.gchq.palisade.resource.impl.FileResource.serialisedFormat(java.lang.String), public uk.gov.gchq.palisade.resource.LeafResource uk.gov.gchq.palisade.resource.impl.FileResource.serialisedFormat(java.lang.String), public uk.gov.gchq.palisade.resource.impl.FileResource uk.gov.gchq.palisade.resource.impl.FileResource.serialisedFormat(java.lang.String), public uk.gov.gchq.palisade.resource.AbstractLeafResource uk.gov.gchq.palisade.resource.impl.FileResource.type(java.lang.String), public uk.gov.gchq.palisade.resource.LeafResource uk.gov.gchq.palisade.resource.impl.FileResource.type(java.lang.String), public uk.gov.gchq.palisade.resource.impl.FileResource uk.gov.gchq.palisade.resource.impl.FileResource.type(java.lang.String)
12:55:03.791 [DEBUG]  [Creating]    [analyzer-service:TimedExecutor-40][com.diffblue.fuzztest.g.e] 
================================================================================
= Creating tests for 'uk.gov.gchq.palisade.resource.impl.FileResource.<init>:()V' using 'TrM (!sp, !fnm, df)'
================================================================================
12:55:03.792 [DEBUG]  [Creating]    [analyzer-service:TimedExecutor-40][com.diffblue.fuzztest.g.e] 
================================================================================
= Trying DI configuration EmptyDependencyInjectionTirConfiguration for uk.gov.gchq.palisade.resource.impl.FileResource.<init>:()V
================================================================================
12:55:03.824 [DEBUG]  [Creating]    [analyzer-service:TimedExecutor-40][com.diffblue.fuzztest.g.e] DI configuration 'com.diffblue.tir.p' generated tests: 1
12:55:03.824 [DEBUG]  [Creating]    [analyzer-service:TimedExecutor-40][com.diffblue.fuzztest.g.e] Enabling descriptive test naming
12:55:03.826 [DEBUG]  [Creating]    [analyzer-service:grpc-default-executor-1][com.diffblue.fuzztest.e.c] Created 1+0 tests and partial tests via 'TrM (!sp, !fnm, df)' , returning all 1
12:55:03.847 [DEBUG]  [Creating]    [pool-3-thread-1]   [com.diffblue.cover.m.a.b] in processAnalysisResult for uk.gov.gchq.palisade.resource.impl.FileResource.<init>:()V
12:55:03.848 [DEBUG]  [Creating]    [pool-3-thread-1]   [com.diffblue.combiner.d.j] Using Javaparser to combine tests
12:55:03.931 [DEBUG]  [Creating]    [pool-6-thread-12]  [com.diffblue.cover.l.a.c] EdgeCoverageRuntime contains 14 edges
12:55:03.932 [DEBUG]  [Creating]    [pool-3-thread-1]   [com.diffblue.combiner.a.c] Adding changeSet to account as new: Optional[uk.gov.gchq.palisade.resource.impl.FileResource.<init>:()V]
12:55:03.960 [DEBUG]  [Creating]    [analyzer-service:grpc-default-executor-1][com.diffblue.cover.service.analyzer.a.c] Watchdog reset
12:55:03.960 [DEBUG]  [Creating]    [analyzer-service:TimedExecutor-41][com.diffblue.fuzztest.g.e] 
================================================================================
= Creating tests for 'uk.gov.gchq.palisade.resource.impl.FileResource.attribute:(Ljava/lang/String;Ljava/lang/String;)Luk/gov/gchq/palisade/resource/impl/FileResource;' using 'SiM (!sp, fnm, df)'
================================================================================
12:55:03.966 [DEBUG]  [Creating]    [analyzer-service:TimedExecutor-41][com.diffblue.fuzztest.g.ap] Parsed existing test class at /home/jbergqvist/diffblue/Palisade-common/src/test/java/uk/gov/gchq/palisade/resource/impl/FileResourceDiffblueTest.java: found 0 annotations
12:55:03.967 [DEBUG]  [Creating]    [analyzer-service:TimedExecutor-41][com.diffblue.fuzztest.g.e] 
================================================================================
= Trying DI configuration EmptyDependencyInjectionTirConfiguration for uk.gov.gchq.palisade.resource.impl.FileResource.attribute:(Ljava/lang/String;Ljava/lang/String;)Luk/gov/gchq/palisade/resource/impl/FileResource;
================================================================================
12:55:04.286 [DEBUG]  [Creating]    [analyzer-service:TimedExecutor-41][com.diffblue.fuzztest.b.f] Refinement loop done: 2 seeds, 1+0 new+accumulated tests, 1+0 tests+partial tests, 406/1000 its
12:55:04.340 [DEBUG]  [Creating]    [analyzer-service:TimedExecutor-41][com.diffblue.fuzztest.g.e] DI configuration 'com.diffblue.tir.p' generated tests: 1
12:55:04.340 [DEBUG]  [Creating]    [analyzer-service:TimedExecutor-41][com.diffblue.fuzztest.g.e] Enabling descriptive test naming
12:55:04.343 [DEBUG]  [Creating]    [analyzer-service:grpc-default-executor-1][com.diffblue.fuzztest.e.c] Created 1+0 tests and partial tests via 'SiM (!sp, fnm, df)' SiM fallback 1/2, returning all 1
12:55:04.361 [DEBUG]  [Creating]    [pool-3-thread-1]   [com.diffblue.cover.m.a.b] in processAnalysisResult for uk.gov.gchq.palisade.resource.impl.FileResource.attribute:(Ljava/lang/String;Ljava/lang/String;)Luk/gov/gchq/palisade/resource/impl/FileResource;
12:55:04.361 [DEBUG]  [Creating]    [pool-3-thread-1]   [com.diffblue.cover.r.d] Finished with MethodGroup: <init>, countOfTests: 1, countOfMethodsTested: 1 TestGenerationAccount: a[countOfRemoved=0, countOfUnchanged=0, countOfUpdated=0, countOfNew=12]
12:55:04.361 [INFO]   [Creating]    [pool-3-thread-1]   [com.diffblue.cover.ui.b.b]      [48/131] uk.gov.gchq.palisade.resource.impl.FileResource.<init>
12:55:04.361 [INFO]   [Creating]    [pool-3-thread-1]   [com.diffblue.cover.ui.b.b]      [48/131]   Tests created: 1
12:55:04.361 [DEBUG]  [Creating]    [pool-3-thread-1]   [com.diffblue.combiner.d.j] Using Javaparser to combine tests
12:55:04.459 [DEBUG]  [Creating]    [pool-6-thread-13]  [com.diffblue.cover.l.a.c] EdgeCoverageRuntime contains 5 edges
12:55:04.460 [DEBUG]  [Creating]    [pool-3-thread-1]   [com.diffblue.combiner.a.c] Adding changeSet to account as new: Optional[uk.gov.gchq.palisade.resource.impl.FileResource.attribute:(Ljava/lang/String;Ljava/lang/String;)Luk/gov/gchq/palisade/resource/impl/FileResource;]
12:55:04.483 [DEBUG]  [Creating]    [analyzer-service:grpc-default-executor-1][com.diffblue.cover.service.analyzer.a.c] Watchdog reset
12:55:04.483 [DEBUG]  [Creating]    [analyzer-service:TimedExecutor-42][com.diffblue.fuzztest.g.e] 
================================================================================
= Creating tests for 'uk.gov.gchq.palisade.resource.impl.FileResource.attributes:(Ljava/util/Map;)Luk/gov/gchq/palisade/resource/impl/FileResource;' using 'SiM (!sp, fnm, df)'
================================================================================
12:55:04.489 [DEBUG]  [Creating]    [analyzer-service:TimedExecutor-42][com.diffblue.fuzztest.g.ap] Parsed existing test class at /home/jbergqvist/diffblue/Palisade-common/src/test/java/uk/gov/gchq/palisade/resource/impl/FileResourceDiffblueTest.java: found 0 annotations
12:55:04.489 [DEBUG]  [Creating]    [analyzer-service:TimedExecutor-42][com.diffblue.fuzztest.g.e] 
================================================================================
= Trying DI configuration EmptyDependencyInjectionTirConfiguration for uk.gov.gchq.palisade.resource.impl.FileResource.attributes:(Ljava/util/Map;)Luk/gov/gchq/palisade/resource/impl/FileResource;
================================================================================
12:55:04.944 [DEBUG]  [Creating]    [analyzer-service:TimedExecutor-42][com.diffblue.fuzztest.b.f] Refinement loop done: 1 seeds, 1+0 new+accumulated tests, 1+0 tests+partial tests, 501/1000 its
12:55:04.989 [DEBUG]  [Creating]    [analyzer-service:TimedExecutor-42][com.diffblue.fuzztest.g.e] DI configuration 'com.diffblue.tir.p' generated tests: 1
12:55:04.989 [DEBUG]  [Creating]    [analyzer-service:TimedExecutor-42][com.diffblue.fuzztest.g.e] Enabling descriptive test naming
12:55:04.991 [DEBUG]  [Creating]    [analyzer-service:grpc-default-executor-1][com.diffblue.fuzztest.e.c] Created 1+0 tests and partial tests via 'SiM (!sp, fnm, df)' SiM fallback 1/2, returning all 1
12:55:05.009 [DEBUG]  [Creating]    [pool-3-thread-1]   [com.diffblue.cover.m.a.b] in processAnalysisResult for uk.gov.gchq.palisade.resource.impl.FileResource.attributes:(Ljava/util/Map;)Luk/gov/gchq/palisade/resource/impl/FileResource;
12:55:05.009 [DEBUG]  [Creating]    [pool-3-thread-1]   [com.diffblue.cover.r.d] Finished with MethodGroup: attribute, countOfTests: 1, countOfMethodsTested: 1 TestGenerationAccount: a[countOfRemoved=0, countOfUnchanged=0, countOfUpdated=0, countOfNew=13]
12:55:05.009 [INFO]   [Creating]    [pool-3-thread-1]   [com.diffblue.cover.ui.b.b]      [49/131] uk.gov.gchq.palisade.resource.impl.FileResource.attribute
12:55:05.009 [INFO]   [Creating]    [pool-3-thread-1]   [com.diffblue.cover.ui.b.b]      [49/131]   Tests created: 1
12:55:05.010 [DEBUG]  [Creating]    [pool-3-thread-1]   [com.diffblue.combiner.d.j] Using Javaparser to combine tests
12:55:05.062 [DEBUG]  [Creating]    [pool-6-thread-14]  [com.diffblue.cover.l.a.c] EdgeCoverageRuntime contains 6 edges
12:55:05.062 [DEBUG]  [Creating]    [pool-3-thread-1]   [com.diffblue.combiner.a.c] Adding changeSet to account as new: Optional[uk.gov.gchq.palisade.resource.impl.FileResource.attributes:(Ljava/util/Map;)Luk/gov/gchq/palisade/resource/impl/FileResource;]
12:55:05.082 [DEBUG]  [Creating]    [analyzer-service:TimedExecutor-43][com.diffblue.fuzztest.g.e] 
================================================================================
= Creating tests for 'uk.gov.gchq.palisade.resource.impl.FileResource.connectionDetail:(Luk/gov/gchq/palisade/resource/ConnectionDetail;)Luk/gov/gchq/palisade/resource/impl/FileResource;' using 'SiM (!sp, fnm, df)'
================================================================================
12:55:05.090 [DEBUG]  [Creating]    [analyzer-service:TimedExecutor-43][com.diffblue.fuzztest.g.ap] Parsed existing test class at /home/jbergqvist/diffblue/Palisade-common/src/test/java/uk/gov/gchq/palisade/resource/impl/FileResourceDiffblueTest.java: found 0 annotations
12:55:05.090 [DEBUG]  [Creating]    [analyzer-service:TimedExecutor-43][com.diffblue.fuzztest.g.e] 
================================================================================
= Trying DI configuration EmptyDependencyInjectionTirConfiguration for uk.gov.gchq.palisade.resource.impl.FileResource.connectionDetail:(Luk/gov/gchq/palisade/resource/ConnectionDetail;)Luk/gov/gchq/palisade/resource/impl/FileResource;
================================================================================
12:55:05.527 [DEBUG]  [Creating]    [analyzer-service:TimedExecutor-43][com.diffblue.fuzztest.b.f] Refinement loop done: 1 seeds, 2+0 new+accumulated tests, 1+1 tests+partial tests, 518/1000 its
12:55:05.583 [DEBUG]  [Creating]    [analyzer-service:TimedExecutor-43][com.diffblue.fuzztest.g.e] DI configuration 'com.diffblue.tir.p' generated tests: 2
12:55:05.584 [DEBUG]  [Creating]    [analyzer-service:TimedExecutor-43][com.diffblue.fuzztest.g.e] Enabling descriptive test naming
12:55:05.589 [DEBUG]  [Creating]    [analyzer-service:grpc-default-executor-1][com.diffblue.fuzztest.e.c] Justification for mocking SiM fallback 1/2: 
  * uk.gov.gchq.palisade.resource.ConnectionDetail: SIMPLIFY_SETUP(Simplified setup: mocking can simplify the arrange section)
12:55:05.589 [DEBUG]  [Creating]    [analyzer-service:grpc-default-executor-1][com.diffblue.fuzztest.e.c] Created 1+0 tests and partial tests via 'SiM (!sp, fnm, df)' SiM fallback 1/2, returning all 1
12:55:05.609 [DEBUG]  [Creating]    [pool-3-thread-1]   [com.diffblue.cover.m.a.b] in processAnalysisResult for uk.gov.gchq.palisade.resource.impl.FileResource.connectionDetail:(Luk/gov/gchq/palisade/resource/ConnectionDetail;)Luk/gov/gchq/palisade/resource/impl/FileResource;
12:55:05.610 [DEBUG]  [Creating]    [pool-3-thread-1]   [com.diffblue.cover.r.d] Finished with MethodGroup: attributes, countOfTests: 1, countOfMethodsTested: 1 TestGenerationAccount: a[countOfRemoved=0, countOfUnchanged=0, countOfUpdated=0, countOfNew=14]
12:55:05.610 [INFO]   [Creating]    [pool-3-thread-1]   [com.diffblue.cover.ui.b.b]      [50/131] uk.gov.gchq.palisade.resource.impl.FileResource.attributes
12:55:05.610 [INFO]   [Creating]    [pool-3-thread-1]   [com.diffblue.cover.ui.b.b]      [50/131]   Tests created: 1
12:55:05.610 [DEBUG]  [Creating]    [pool-3-thread-1]   [com.diffblue.combiner.d.j] Using Javaparser to combine tests
12:55:06.086 [DEBUG]  [Creating]    [pool-6-thread-15]  [com.diffblue.cover.l.a.c] EdgeCoverageRuntime contains 8 edges
12:55:06.087 [DEBUG]  [Creating]    [pool-3-thread-1]   [com.diffblue.combiner.a.c] Adding changeSet to account as new: Optional[uk.gov.gchq.palisade.resource.impl.FileResource.connectionDetail:(Luk/gov/gchq/palisade/resource/ConnectionDetail;)Luk/gov/gchq/palisade/resource/impl/FileResource;]
12:55:06.124 [DEBUG]  [Creating]    [analyzer-service:grpc-default-executor-2][com.diffblue.cover.service.analyzer.a.c] Watchdog reset
12:55:06.125 [DEBUG]  [Creating]    [analyzer-service:TimedExecutor-44][com.diffblue.fuzztest.g.e] 
================================================================================
= Creating tests for 'uk.gov.gchq.palisade.resource.impl.FileResource.getParent:()Luk/gov/gchq/palisade/resource/ParentResource;' using 'SiM (!sp, fnm, df)'
================================================================================
12:55:06.132 [DEBUG]  [Creating]    [analyzer-service:TimedExecutor-44][com.diffblue.fuzztest.g.ap] Parsed existing test class at /home/jbergqvist/diffblue/Palisade-common/src/test/java/uk/gov/gchq/palisade/resource/impl/FileResourceDiffblueTest.java: found 0 annotations
12:55:06.132 [DEBUG]  [Creating]    [analyzer-service:TimedExecutor-44][com.diffblue.fuzztest.g.e] 
================================================================================
= Trying DI configuration EmptyDependencyInjectionTirConfiguration for uk.gov.gchq.palisade.resource.impl.FileResource.getParent:()Luk/gov/gchq/palisade/resource/ParentResource;
================================================================================
12:55:06.674 [DEBUG]  [Creating]    [analyzer-service:TimedExecutor-44][com.diffblue.fuzztest.b.f] Refinement loop done: 1 seeds, 2+0 new+accumulated tests, 0+2 tests+partial tests, 507/1000 its
12:55:06.716 [DEBUG]  [Creating]    [analyzer-service:TimedExecutor-44][com.diffblue.fuzztest.g.e] DI configuration 'com.diffblue.tir.p' generated no complete tests, trying another
12:55:06.716 [DEBUG]  [Creating]    [analyzer-service:TimedExecutor-44][com.diffblue.fuzztest.g.e] Incompleteness reason 'com.diffblue.cover.message.limitation.NoNonThrowingInputsMessage' (cause: 'java.lang.NullPointerException')
12:55:06.716 [DEBUG]  [Creating]    [analyzer-service:TimedExecutor-44][com.diffblue.fuzztest.g.e] Incompleteness reason 'com.diffblue.cover.message.limitation.NoNonThrowingInputsMessage' (cause: 'java.lang.NullPointerException')
12:55:06.716 [DEBUG]  [Creating]    [analyzer-service:TimedExecutor-44][com.diffblue.fuzztest.g.e] Enabling descriptive test naming
12:55:06.721 [DEBUG]  [Creating]    [analyzer-service:TimedExecutor-45][com.diffblue.fuzztest.g.e] 
================================================================================
= Creating tests for 'uk.gov.gchq.palisade.resource.impl.FileResource.getParent:()Luk/gov/gchq/palisade/resource/ParentResource;' using 'SiM (!sp, !fnm, df)'
================================================================================
12:55:06.727 [DEBUG]  [Creating]    [analyzer-service:TimedExecutor-45][com.diffblue.fuzztest.g.ap] Parsed existing test class at /home/jbergqvist/diffblue/Palisade-common/src/test/java/uk/gov/gchq/palisade/resource/impl/FileResourceDiffblueTest.java: found 0 annotations
12:55:06.727 [DEBUG]  [Creating]    [analyzer-service:TimedExecutor-45][com.diffblue.fuzztest.g.e] 
================================================================================
= Trying DI configuration EmptyDependencyInjectionTirConfiguration for uk.gov.gchq.palisade.resource.impl.FileResource.getParent:()Luk/gov/gchq/palisade/resource/ParentResource;
================================================================================
12:55:07.807 [DEBUG]  [Creating]    [analyzer-service:TimedExecutor-45][com.diffblue.fuzztest.b.f] Refinement loop done: 1 seeds, 2+0 new+accumulated tests, 0+2 tests+partial tests, 508/1000 its
12:55:07.942 [DEBUG]  [Creating]    [analyzer-service:TimedExecutor-45][com.diffblue.fuzztest.g.e] DI configuration 'com.diffblue.tir.p' generated no complete tests, trying another
12:55:07.942 [DEBUG]  [Creating]    [analyzer-service:TimedExecutor-45][com.diffblue.fuzztest.g.e] Incompleteness reason 'com.diffblue.cover.message.limitation.NoNonThrowingInputsMessage' (cause: 'java.lang.NullPointerException')
12:55:07.942 [DEBUG]  [Creating]    [analyzer-service:TimedExecutor-45][com.diffblue.fuzztest.g.e] Incompleteness reason 'com.diffblue.cover.message.limitation.NoNonThrowingInputsMessage' (cause: 'java.lang.NullPointerException')
12:55:07.942 [DEBUG]  [Creating]    [analyzer-service:TimedExecutor-45][com.diffblue.fuzztest.g.e] Enabling descriptive test naming
12:55:07.963 [DEBUG]  [Creating]    [analyzer-service:grpc-default-executor-2][com.diffblue.fuzztest.g.o] All 2 subs either threw or created only partial tests; returning the 1 partial tests created by 'SiM (!sp, fnm, df)'
12:55:07.963 [DEBUG]  [Creating]    [analyzer-service:grpc-default-executor-2][com.diffblue.fuzztest.e.c] Created 1 partial tests via 'SiM (!sp, fnm, df)' , here is the last one:
12:55:08.000 [DEBUG]  [Creating]    [analyzer-service:grpc-default-executor-2][com.diffblue.combiner.d.j] Using Javaparser to combine tests
12:55:08.042 [DEBUG]  [Creating]    [analyzer-service:grpc-default-executor-2][com.diffblue.fuzztest.e.c] == begin partial test ==
12:55:08.043 [DEBUG]  [Creating]    [analyzer-service:grpc-default-executor-2][com.diffblue.fuzztest.e.c] Test:
package uk.gov.gchq.palisade.resource.impl;

import com.diffblue.cover.annotations.ManagedByDiffblue;
import com.diffblue.cover.annotations.MethodsUnderTest;
import org.junit.jupiter.api.Disabled;
import org.junit.jupiter.api.DisplayName;
import org.junit.jupiter.api.Tag;
import org.junit.jupiter.api.Test;

class FileResourceDiffblueTest {
  /**
   * Test {@link FileResource#getParent()}.
   *
   * <ul>
   *   <li>Given {@link FileResource} (default constructor) Id is {@code 42}.
   * </ul>
   *
   * <p>Method under test: {@link FileResource#getParent()}
   */
  @Test
  @DisplayName("Test getParent(); given FileResource (default constructor) Id is '42'")
  @Disabled("TODO: Complete this test")
  @Tag("ContributionFromDiffblue")
  @ManagedByDiffblue
  @MethodsUnderTest({"uk.gov.gchq.palisade.resource.ParentResource FileResource.getParent()"})
  void testGetParent_givenFileResourceIdIs42() {
    // TODO: Diffblue Cover was only able to create a partial test for this method:
    //   Reason: No inputs found that don't throw a trivial exception.
    //   Diffblue Cover tried to run the arrange/act section, but the method under
    //   test threw
    //   java.lang.NullPointerException
    //   See https://diff.blue/R013 to resolve this issue.

    // Arrange
    FileResource fileResource = new FileResource();
    fileResource.setId("42");

    // Act
    fileResource.getParent();
  }
}

12:55:08.043 [DEBUG]  [Creating]    [analyzer-service:grpc-default-executor-2][com.diffblue.fuzztest.e.c] == end partial test ==
12:55:08.057 [DEBUG]  [Creating]    [analyzer-service:grpc-default-executor-2][com.diffblue.cover.service.analyzer.a.c] Watchdog reset
12:55:08.069 [DEBUG]  [Creating]    [pool-3-thread-1]   [com.diffblue.cover.m.a.b] in processAnalysisResult for uk.gov.gchq.palisade.resource.impl.FileResource.getParent:()Luk/gov/gchq/palisade/resource/ParentResource;
12:55:08.069 [DEBUG]  [Creating]    [pool-3-thread-1]   [com.diffblue.cover.r.d] Finished with MethodGroup: connectionDetail, countOfTests: 1, countOfMethodsTested: 1 TestGenerationAccount: a[countOfRemoved=0, countOfUnchanged=0, countOfUpdated=0, countOfNew=15]
12:55:08.069 [INFO]   [Creating]    [pool-3-thread-1]   [com.diffblue.cover.ui.b.b]      [51/131] uk.gov.gchq.palisade.resource.impl.FileResource.connectionDetail
12:55:08.069 [INFO]   [Creating]    [pool-3-thread-1]   [com.diffblue.cover.ui.b.b]      [51/131]   Tests created: 1
12:55:08.072 [DEBUG]  [Creating]    [analyzer-service:TimedExecutor-46][com.diffblue.fuzztest.g.e] 
================================================================================
= Creating tests for 'uk.gov.gchq.palisade.resource.impl.FileResource.id:(Ljava/lang/String;)Luk/gov/gchq/palisade/resource/impl/FileResource;' using 'SiM (!sp, fnm, df)'
================================================================================
12:55:08.086 [DEBUG]  [Creating]    [analyzer-service:TimedExecutor-46][com.diffblue.fuzztest.g.ap] Parsed existing test class at /home/jbergqvist/diffblue/Palisade-common/src/test/java/uk/gov/gchq/palisade/resource/impl/FileResourceDiffblueTest.java: found 0 annotations
12:55:08.086 [DEBUG]  [Creating]    [analyzer-service:TimedExecutor-46][com.diffblue.fuzztest.g.e] 
================================================================================
= Trying DI configuration EmptyDependencyInjectionTirConfiguration for uk.gov.gchq.palisade.resource.impl.FileResource.id:(Ljava/lang/String;)Luk/gov/gchq/palisade/resource/impl/FileResource;
================================================================================
12:55:08.553 [DEBUG]  [Creating]    [analyzer-service:TimedExecutor-46][com.diffblue.fuzztest.b.f] Refinement loop done: 1 seeds, 1+0 new+accumulated tests, 1+0 tests+partial tests, 481/1000 its
12:55:08.641 [DEBUG]  [Creating]    [analyzer-service:TimedExecutor-46][com.diffblue.fuzztest.g.e] DI configuration 'com.diffblue.tir.p' generated tests: 1
12:55:08.641 [DEBUG]  [Creating]    [analyzer-service:TimedExecutor-46][com.diffblue.fuzztest.g.e] Enabling descriptive test naming
12:55:08.644 [DEBUG]  [Creating]    [analyzer-service:grpc-default-executor-2][com.diffblue.fuzztest.e.c] Created 1+0 tests and partial tests via 'SiM (!sp, fnm, df)' SiM fallback 1/2, returning all 1
12:55:08.675 [DEBUG]  [Creating]    [pool-3-thread-1]   [com.diffblue.cover.m.a.b] in processAnalysisResult for uk.gov.gchq.palisade.resource.impl.FileResource.id:(Ljava/lang/String;)Luk/gov/gchq/palisade/resource/impl/FileResource;
12:55:08.675 [DEBUG]  [Creating]    [pool-3-thread-1]   [com.diffblue.cover.r.d] Finished with MethodGroup: getParent, countOfTests: 0, countOfMethodsTested: 0 TestGenerationAccount: a[countOfRemoved=0, countOfUnchanged=0, countOfUpdated=0, countOfNew=15]
12:55:08.677 [INFO]   [Creating]    [pool-3-thread-1]   [com.diffblue.cover.ui.b.b]      [52/131] uk.gov.gchq.palisade.resource.impl.FileResource.getParent
12:55:08.678 [INFO]   [Creating]    [pool-3-thread-1]   [com.diffblue.cover.ui.b.b]      [52/131]   R013: No inputs found that don't throw a trivial exception
12:55:08.678 [DEBUG]  [Creating]    [pool-3-thread-1]   [com.diffblue.cover.ui.b.b]      [52/131]   (at least 1 line uncovered in this method)
12:55:08.678 [INFO]   [Creating]    [pool-3-thread-1]   [com.diffblue.cover.ui.b.b]      [52/131]     Diffblue Cover tried to run the arrange/act section, but the test threw
12:55:08.678 [INFO]   [Creating]    [pool-3-thread-1]   [com.diffblue.cover.ui.b.b]      [52/131]     java.lang.NullPointerException
12:55:08.678 [INFO]   [Creating]    [pool-3-thread-1]   [com.diffblue.cover.ui.b.b]      [52/131]     In order to prevent getParent()
12:55:08.678 [INFO]   [Creating]    [pool-3-thread-1]   [com.diffblue.cover.ui.b.b]      [52/131]     from throwing NullPointerException, add constructors or factory
12:55:08.678 [INFO]   [Creating]    [pool-3-thread-1]   [com.diffblue.cover.ui.b.b]      [52/131]     methods that make it easier to construct fully initialized objects used in
12:55:08.678 [INFO]   [Creating]    [pool-3-thread-1]   [com.diffblue.cover.ui.b.b]      [52/131]     getParent().
12:55:08.678 [INFO]   [Creating]    [pool-3-thread-1]   [com.diffblue.cover.ui.b.b]      [52/131]     See https://diff.blue/R013 to resolve this issue.
12:55:08.678 [DEBUG]  [Creating]    [pool-3-thread-1]   [com.diffblue.combiner.d.j] Using Javaparser to combine tests
12:55:08.755 [DEBUG]  [Creating]    [pool-6-thread-16]  [com.diffblue.cover.l.a.c] EdgeCoverageRuntime contains 7 edges
12:55:08.756 [DEBUG]  [Creating]    [pool-3-thread-1]   [com.diffblue.combiner.a.c] Adding changeSet to account as new: Optional[uk.gov.gchq.palisade.resource.impl.FileResource.id:(Ljava/lang/String;)Luk/gov/gchq/palisade/resource/impl/FileResource;]
12:55:08.792 [DEBUG]  [Creating]    [analyzer-service:grpc-default-executor-2][com.diffblue.cover.service.analyzer.a.c] Watchdog reset
12:55:08.793 [DEBUG]  [Creating]    [analyzer-service:TimedExecutor-47][com.diffblue.fuzztest.g.e] 
================================================================================
= Creating tests for 'uk.gov.gchq.palisade.resource.impl.FileResource.serialisedFormat:(Ljava/lang/String;)Luk/gov/gchq/palisade/resource/impl/FileResource;' using 'SiM (!sp, fnm, df)'
================================================================================
12:55:08.805 [DEBUG]  [Creating]    [analyzer-service:TimedExecutor-47][com.diffblue.fuzztest.g.ap] Parsed existing test class at /home/jbergqvist/diffblue/Palisade-common/src/test/java/uk/gov/gchq/palisade/resource/impl/FileResourceDiffblueTest.java: found 0 annotations
12:55:08.806 [DEBUG]  [Creating]    [analyzer-service:TimedExecutor-47][com.diffblue.fuzztest.g.e] 
================================================================================
= Trying DI configuration EmptyDependencyInjectionTirConfiguration for uk.gov.gchq.palisade.resource.impl.FileResource.serialisedFormat:(Ljava/lang/String;)Luk/gov/gchq/palisade/resource/impl/FileResource;
================================================================================
12:55:09.242 [DEBUG]  [Creating]    [analyzer-service:TimedExecutor-47][com.diffblue.fuzztest.b.f] Refinement loop done: 1 seeds, 1+0 new+accumulated tests, 1+0 tests+partial tests, 481/1000 its
12:55:09.300 [DEBUG]  [Creating]    [analyzer-service:TimedExecutor-47][com.diffblue.fuzztest.g.e] DI configuration 'com.diffblue.tir.p' generated tests: 1
12:55:09.300 [DEBUG]  [Creating]    [analyzer-service:TimedExecutor-47][com.diffblue.fuzztest.g.e] Enabling descriptive test naming
12:55:09.303 [DEBUG]  [Creating]    [analyzer-service:grpc-default-executor-2][com.diffblue.fuzztest.e.c] Created 1+0 tests and partial tests via 'SiM (!sp, fnm, df)' SiM fallback 1/2, returning all 1
12:55:09.323 [DEBUG]  [Creating]    [pool-3-thread-1]   [com.diffblue.cover.m.a.b] in processAnalysisResult for uk.gov.gchq.palisade.resource.impl.FileResource.serialisedFormat:(Ljava/lang/String;)Luk/gov/gchq/palisade/resource/impl/FileResource;
12:55:09.323 [DEBUG]  [Creating]    [pool-3-thread-1]   [com.diffblue.cover.r.d] Finished with MethodGroup: id, countOfTests: 1, countOfMethodsTested: 1 TestGenerationAccount: a[countOfRemoved=0, countOfUnchanged=0, countOfUpdated=0, countOfNew=16]
12:55:09.324 [INFO]   [Creating]    [pool-3-thread-1]   [com.diffblue.cover.ui.b.b]      [53/131] uk.gov.gchq.palisade.resource.impl.FileResource.id
12:55:09.324 [INFO]   [Creating]    [pool-3-thread-1]   [com.diffblue.cover.ui.b.b]      [53/131]   Tests created: 1
12:55:09.324 [DEBUG]  [Creating]    [pool-3-thread-1]   [com.diffblue.combiner.d.j] Using Javaparser to combine tests
12:55:09.371 [DEBUG]  [Creating]    [pool-6-thread-17]  [com.diffblue.cover.l.a.c] EdgeCoverageRuntime contains 7 edges
12:55:09.371 [DEBUG]  [Creating]    [pool-3-thread-1]   [com.diffblue.combiner.a.c] Adding changeSet to account as new: Optional[uk.gov.gchq.palisade.resource.impl.FileResource.serialisedFormat:(Ljava/lang/String;)Luk/gov/gchq/palisade/resource/impl/FileResource;]
12:55:09.398 [DEBUG]  [Creating]    [analyzer-service:TimedExecutor-48][com.diffblue.fuzztest.g.e] 
================================================================================
= Creating tests for 'uk.gov.gchq.palisade.resource.impl.FileResource.type:(Ljava/lang/String;)Luk/gov/gchq/palisade/resource/impl/FileResource;' using 'SiM (!sp, fnm, df)'
================================================================================
12:55:09.411 [DEBUG]  [Creating]    [analyzer-service:TimedExecutor-48][com.diffblue.fuzztest.g.ap] Parsed existing test class at /home/jbergqvist/diffblue/Palisade-common/src/test/java/uk/gov/gchq/palisade/resource/impl/FileResourceDiffblueTest.java: found 0 annotations
12:55:09.411 [DEBUG]  [Creating]    [analyzer-service:TimedExecutor-48][com.diffblue.fuzztest.g.e] 
================================================================================
= Trying DI configuration EmptyDependencyInjectionTirConfiguration for uk.gov.gchq.palisade.resource.impl.FileResource.type:(Ljava/lang/String;)Luk/gov/gchq/palisade/resource/impl/FileResource;
================================================================================
12:55:09.736 [DEBUG]  [Creating]    [analyzer-service:TimedExecutor-48][com.diffblue.fuzztest.b.f] Refinement loop done: 1 seeds, 1+0 new+accumulated tests, 1+0 tests+partial tests, 481/1000 its
12:55:09.796 [DEBUG]  [Creating]    [analyzer-service:TimedExecutor-48][com.diffblue.fuzztest.g.e] DI configuration 'com.diffblue.tir.p' generated tests: 1
12:55:09.796 [DEBUG]  [Creating]    [analyzer-service:TimedExecutor-48][com.diffblue.fuzztest.g.e] Enabling descriptive test naming
12:55:09.799 [DEBUG]  [Creating]    [analyzer-service:grpc-default-executor-2][com.diffblue.fuzztest.e.c] Created 1+0 tests and partial tests via 'SiM (!sp, fnm, df)' SiM fallback 1/2, returning all 1
12:55:09.820 [DEBUG]  [Creating]    [pool-3-thread-1]   [com.diffblue.cover.m.a.b] in processAnalysisResult for uk.gov.gchq.palisade.resource.impl.FileResource.type:(Ljava/lang/String;)Luk/gov/gchq/palisade/resource/impl/FileResource;
12:55:09.820 [DEBUG]  [Creating]    [pool-3-thread-1]   [com.diffblue.cover.r.d] Finished with MethodGroup: serialisedFormat, countOfTests: 1, countOfMethodsTested: 1 TestGenerationAccount: a[countOfRemoved=0, countOfUnchanged=0, countOfUpdated=0, countOfNew=17]
12:55:09.820 [INFO]   [Creating]    [pool-3-thread-1]   [com.diffblue.cover.ui.b.b]      [54/131] uk.gov.gchq.palisade.resource.impl.FileResource.serialisedFormat
12:55:09.820 [INFO]   [Creating]    [pool-3-thread-1]   [com.diffblue.cover.ui.b.b]      [54/131]   Tests created: 1
12:55:09.820 [DEBUG]  [Creating]    [pool-3-thread-1]   [com.diffblue.combiner.d.j] Using Javaparser to combine tests
12:55:09.867 [DEBUG]  [Creating]    [pool-6-thread-18]  [com.diffblue.cover.l.a.c] EdgeCoverageRuntime contains 7 edges
12:55:09.868 [DEBUG]  [Creating]    [pool-3-thread-1]   [com.diffblue.combiner.a.c] Adding changeSet to account as new: Optional[uk.gov.gchq.palisade.resource.impl.FileResource.type:(Ljava/lang/String;)Luk/gov/gchq/palisade/resource/impl/FileResource;]
12:55:09.896 [DEBUG]  [Creating]    [pool-3-thread-1]   [com.diffblue.cover.r.d] Finished with MethodGroup: type, countOfTests: 1, countOfMethodsTested: 1 TestGenerationAccount: a[countOfRemoved=0, countOfUnchanged=0, countOfUpdated=0, countOfNew=18]
12:55:09.896 [INFO]   [Creating]    [pool-3-thread-1]   [com.diffblue.cover.ui.b.b]      [55/131] uk.gov.gchq.palisade.resource.impl.FileResource.type
12:55:09.896 [INFO]   [Creating]    [pool-3-thread-1]   [com.diffblue.cover.ui.b.b]      [55/131]   Tests created: 1
12:55:09.899 [INFO]   [Creating]    [pool-3-thread-1]   [com.diffblue.cover.ui.b.b]  [6/25] uk.gov.gchq.palisade.resource.impl.FileResource
12:55:09.899 [INFO]   [Creating]    [pool-3-thread-1]   [com.diffblue.cover.ui.b.b]  [6/25]   Tests created: 7
12:55:09.899 [DEBUG]  [Creating]    [pool-3-thread-1]   [com.diffblue.cover.ui.b.b]  [6/25]   (at least 1 line uncovered in this class)
12:55:09.902 [INFO]   [Creating]    [pool-3-thread-1]   [com.diffblue.cover.m.a.b] 
================================================================================
= Starting analysis for class 'uk.gov.gchq.palisade.resource.impl.SimpleConnectionDetail'
================================================================================
12:55:09.902 [INFO]   [Creating]    [pool-3-thread-1]   [com.diffblue.cover.m.a.b] Filtering out non-testable methods...
12:55:09.905 [INFO]   [Creating]    [pool-3-thread-1]   [com.diffblue.cover.ui.b.b]      [56/131] uk.gov.gchq.palisade.resource.impl.SimpleConnectionDetail.createConnection
12:55:09.905 [INFO]   [Creating]    [pool-3-thread-1]   [com.diffblue.cover.ui.b.b]      [56/131]   T024: Generated method
12:55:09.905 [DEBUG]  [Creating]    [pool-3-thread-1]   [com.diffblue.cover.ui.b.b]      [56/131]   (at least 1 line uncovered in this method)
12:55:09.905 [INFO]   [Creating]    [pool-3-thread-1]   [com.diffblue.cover.ui.b.b]      [56/131]     Indicates that the method is generated by some framework or tool and should not
12:55:09.905 [INFO]   [Creating]    [pool-3-thread-1]   [com.diffblue.cover.ui.b.b]      [56/131]     be tested explicitly. The expectation is that the generator itself should be
12:55:09.905 [INFO]   [Creating]    [pool-3-thread-1]   [com.diffblue.cover.ui.b.b]      [56/131]     tested and not each piece of code it produces.
12:55:09.905 [INFO]   [Creating]    [pool-3-thread-1]   [com.diffblue.cover.ui.b.b]      [56/131]     Currently, this includes methods identified generated by Lombok, Protobuf,
12:55:09.905 [INFO]   [Creating]    [pool-3-thread-1]   [com.diffblue.cover.ui.b.b]      [56/131]     Grpc, Hibernate, or annotated with a custom '@Generated' annotation
12:55:09.905 [INFO]   [Creating]    [pool-3-thread-1]   [com.diffblue.cover.ui.b.b]      [56/131]     (as long as the custom annotation has 'RUNTIME' or 'CLASS' retention).
12:55:09.905 [INFO]   [Creating]    [pool-3-thread-1]   [com.diffblue.cover.ui.b.b]      [56/131]     Diffblue Cover considers these methods as not directly callable.
12:55:09.907 [INFO]   [Creating]    [pool-3-thread-1]   [com.diffblue.cover.ui.b.b]      [57/131] uk.gov.gchq.palisade.resource.impl.SimpleConnectionDetail.equals
12:55:09.907 [INFO]   [Creating]    [pool-3-thread-1]   [com.diffblue.cover.ui.b.b]      [57/131]   T024: Generated method
12:55:09.907 [DEBUG]  [Creating]    [pool-3-thread-1]   [com.diffblue.cover.ui.b.b]      [57/131]   (at least 6 lines uncovered in this method)
12:55:09.907 [INFO]   [Creating]    [pool-3-thread-1]   [com.diffblue.cover.ui.b.b]      [57/131]     Indicates that the method is generated by some framework or tool and should not
12:55:09.907 [INFO]   [Creating]    [pool-3-thread-1]   [com.diffblue.cover.ui.b.b]      [57/131]     be tested explicitly. The expectation is that the generator itself should be
12:55:09.907 [INFO]   [Creating]    [pool-3-thread-1]   [com.diffblue.cover.ui.b.b]      [57/131]     tested and not each piece of code it produces.
12:55:09.907 [INFO]   [Creating]    [pool-3-thread-1]   [com.diffblue.cover.ui.b.b]      [57/131]     Currently, this includes methods identified generated by Lombok, Protobuf,
12:55:09.907 [INFO]   [Creating]    [pool-3-thread-1]   [com.diffblue.cover.ui.b.b]      [57/131]     Grpc, Hibernate, or annotated with a custom '@Generated' annotation
12:55:09.907 [INFO]   [Creating]    [pool-3-thread-1]   [com.diffblue.cover.ui.b.b]      [57/131]     (as long as the custom annotation has 'RUNTIME' or 'CLASS' retention).
12:55:09.907 [INFO]   [Creating]    [pool-3-thread-1]   [com.diffblue.cover.ui.b.b]      [57/131]     Diffblue Cover considers these methods as not directly callable.
12:55:09.909 [INFO]   [Creating]    [pool-3-thread-1]   [com.diffblue.cover.ui.b.b]      [58/131] uk.gov.gchq.palisade.resource.impl.SimpleConnectionDetail.getServiceName
12:55:09.909 [INFO]   [Creating]    [pool-3-thread-1]   [com.diffblue.cover.ui.b.b]      [58/131]   T024: Generated method
12:55:09.909 [DEBUG]  [Creating]    [pool-3-thread-1]   [com.diffblue.cover.ui.b.b]      [58/131]   (at least 1 line uncovered in this method)
12:55:09.909 [INFO]   [Creating]    [pool-3-thread-1]   [com.diffblue.cover.ui.b.b]      [58/131]     Indicates that the method is generated by some framework or tool and should not
12:55:09.909 [INFO]   [Creating]    [pool-3-thread-1]   [com.diffblue.cover.ui.b.b]      [58/131]     be tested explicitly. The expectation is that the generator itself should be
12:55:09.909 [INFO]   [Creating]    [pool-3-thread-1]   [com.diffblue.cover.ui.b.b]      [58/131]     tested and not each piece of code it produces.
12:55:09.909 [INFO]   [Creating]    [pool-3-thread-1]   [com.diffblue.cover.ui.b.b]      [58/131]     Currently, this includes methods identified generated by Lombok, Protobuf,
12:55:09.909 [INFO]   [Creating]    [pool-3-thread-1]   [com.diffblue.cover.ui.b.b]      [58/131]     Grpc, Hibernate, or annotated with a custom '@Generated' annotation
12:55:09.909 [INFO]   [Creating]    [pool-3-thread-1]   [com.diffblue.cover.ui.b.b]      [58/131]     (as long as the custom annotation has 'RUNTIME' or 'CLASS' retention).
12:55:09.909 [INFO]   [Creating]    [pool-3-thread-1]   [com.diffblue.cover.ui.b.b]      [58/131]     Diffblue Cover considers these methods as not directly callable.
12:55:09.911 [INFO]   [Creating]    [pool-3-thread-1]   [com.diffblue.cover.ui.b.b]      [59/131] uk.gov.gchq.palisade.resource.impl.SimpleConnectionDetail.hashCode
12:55:09.911 [INFO]   [Creating]    [pool-3-thread-1]   [com.diffblue.cover.ui.b.b]      [59/131]   T024: Generated method
12:55:09.911 [DEBUG]  [Creating]    [pool-3-thread-1]   [com.diffblue.cover.ui.b.b]      [59/131]   (at least 1 line uncovered in this method)
12:55:09.911 [INFO]   [Creating]    [pool-3-thread-1]   [com.diffblue.cover.ui.b.b]      [59/131]     Indicates that the method is generated by some framework or tool and should not
12:55:09.911 [INFO]   [Creating]    [pool-3-thread-1]   [com.diffblue.cover.ui.b.b]      [59/131]     be tested explicitly. The expectation is that the generator itself should be
12:55:09.911 [INFO]   [Creating]    [pool-3-thread-1]   [com.diffblue.cover.ui.b.b]      [59/131]     tested and not each piece of code it produces.
12:55:09.911 [INFO]   [Creating]    [pool-3-thread-1]   [com.diffblue.cover.ui.b.b]      [59/131]     Currently, this includes methods identified generated by Lombok, Protobuf,
12:55:09.911 [INFO]   [Creating]    [pool-3-thread-1]   [com.diffblue.cover.ui.b.b]      [59/131]     Grpc, Hibernate, or annotated with a custom '@Generated' annotation
12:55:09.911 [INFO]   [Creating]    [pool-3-thread-1]   [com.diffblue.cover.ui.b.b]      [59/131]     (as long as the custom annotation has 'RUNTIME' or 'CLASS' retention).
12:55:09.911 [INFO]   [Creating]    [pool-3-thread-1]   [com.diffblue.cover.ui.b.b]      [59/131]     Diffblue Cover considers these methods as not directly callable.
12:55:09.913 [INFO]   [Creating]    [pool-3-thread-1]   [com.diffblue.cover.ui.b.b]      [60/131] uk.gov.gchq.palisade.resource.impl.SimpleConnectionDetail.serviceName
12:55:09.913 [INFO]   [Creating]    [pool-3-thread-1]   [com.diffblue.cover.ui.b.b]      [60/131]   T024: Generated method
12:55:09.913 [DEBUG]  [Creating]    [pool-3-thread-1]   [com.diffblue.cover.ui.b.b]      [60/131]   (at least 2 lines uncovered in this method)
12:55:09.913 [INFO]   [Creating]    [pool-3-thread-1]   [com.diffblue.cover.ui.b.b]      [60/131]     Indicates that the method is generated by some framework or tool and should not
12:55:09.913 [INFO]   [Creating]    [pool-3-thread-1]   [com.diffblue.cover.ui.b.b]      [60/131]     be tested explicitly. The expectation is that the generator itself should be
12:55:09.913 [INFO]   [Creating]    [pool-3-thread-1]   [com.diffblue.cover.ui.b.b]      [60/131]     tested and not each piece of code it produces.
12:55:09.913 [INFO]   [Creating]    [pool-3-thread-1]   [com.diffblue.cover.ui.b.b]      [60/131]     Currently, this includes methods identified generated by Lombok, Protobuf,
12:55:09.913 [INFO]   [Creating]    [pool-3-thread-1]   [com.diffblue.cover.ui.b.b]      [60/131]     Grpc, Hibernate, or annotated with a custom '@Generated' annotation
12:55:09.913 [INFO]   [Creating]    [pool-3-thread-1]   [com.diffblue.cover.ui.b.b]      [60/131]     (as long as the custom annotation has 'RUNTIME' or 'CLASS' retention).
12:55:09.913 [INFO]   [Creating]    [pool-3-thread-1]   [com.diffblue.cover.ui.b.b]      [60/131]     Diffblue Cover considers these methods as not directly callable.
12:55:09.915 [INFO]   [Creating]    [pool-3-thread-1]   [com.diffblue.cover.ui.b.b]      [61/131] uk.gov.gchq.palisade.resource.impl.SimpleConnectionDetail.setServiceName
12:55:09.915 [INFO]   [Creating]    [pool-3-thread-1]   [com.diffblue.cover.ui.b.b]      [61/131]   T024: Generated method
12:55:09.915 [DEBUG]  [Creating]    [pool-3-thread-1]   [com.diffblue.cover.ui.b.b]      [61/131]   (at least 3 lines uncovered in this method)
12:55:09.915 [INFO]   [Creating]    [pool-3-thread-1]   [com.diffblue.cover.ui.b.b]      [61/131]     Indicates that the method is generated by some framework or tool and should not
12:55:09.915 [INFO]   [Creating]    [pool-3-thread-1]   [com.diffblue.cover.ui.b.b]      [61/131]     be tested explicitly. The expectation is that the generator itself should be
12:55:09.915 [INFO]   [Creating]    [pool-3-thread-1]   [com.diffblue.cover.ui.b.b]      [61/131]     tested and not each piece of code it produces.
12:55:09.915 [INFO]   [Creating]    [pool-3-thread-1]   [com.diffblue.cover.ui.b.b]      [61/131]     Currently, this includes methods identified generated by Lombok, Protobuf,
12:55:09.915 [INFO]   [Creating]    [pool-3-thread-1]   [com.diffblue.cover.ui.b.b]      [61/131]     Grpc, Hibernate, or annotated with a custom '@Generated' annotation
12:55:09.915 [INFO]   [Creating]    [pool-3-thread-1]   [com.diffblue.cover.ui.b.b]      [61/131]     (as long as the custom annotation has 'RUNTIME' or 'CLASS' retention).
12:55:09.915 [INFO]   [Creating]    [pool-3-thread-1]   [com.diffblue.cover.ui.b.b]      [61/131]     Diffblue Cover considers these methods as not directly callable.
12:55:09.917 [INFO]   [Creating]    [pool-3-thread-1]   [com.diffblue.cover.ui.b.b]      [62/131] uk.gov.gchq.palisade.resource.impl.SimpleConnectionDetail.toString
12:55:09.917 [INFO]   [Creating]    [pool-3-thread-1]   [com.diffblue.cover.ui.b.b]      [62/131]   T024: Generated method
12:55:09.917 [DEBUG]  [Creating]    [pool-3-thread-1]   [com.diffblue.cover.ui.b.b]      [62/131]   (at least 5 lines uncovered in this method)
12:55:09.917 [INFO]   [Creating]    [pool-3-thread-1]   [com.diffblue.cover.ui.b.b]      [62/131]     Indicates that the method is generated by some framework or tool and should not
12:55:09.917 [INFO]   [Creating]    [pool-3-thread-1]   [com.diffblue.cover.ui.b.b]      [62/131]     be tested explicitly. The expectation is that the generator itself should be
12:55:09.917 [INFO]   [Creating]    [pool-3-thread-1]   [com.diffblue.cover.ui.b.b]      [62/131]     tested and not each piece of code it produces.
12:55:09.917 [INFO]   [Creating]    [pool-3-thread-1]   [com.diffblue.cover.ui.b.b]      [62/131]     Currently, this includes methods identified generated by Lombok, Protobuf,
12:55:09.917 [INFO]   [Creating]    [pool-3-thread-1]   [com.diffblue.cover.ui.b.b]      [62/131]     Grpc, Hibernate, or annotated with a custom '@Generated' annotation
12:55:09.917 [INFO]   [Creating]    [pool-3-thread-1]   [com.diffblue.cover.ui.b.b]      [62/131]     (as long as the custom annotation has 'RUNTIME' or 'CLASS' retention).
12:55:09.917 [INFO]   [Creating]    [pool-3-thread-1]   [com.diffblue.cover.ui.b.b]      [62/131]     Diffblue Cover considers these methods as not directly callable.
12:55:09.918 [DEBUG]  [Creating]    [pool-3-thread-1]   [com.diffblue.combiner.d.j] Using Javaparser to combine tests
12:55:09.919 [INFO]   [Creating]    [pool-3-thread-1]   [com.diffblue.cover.m.a.b] Filtering of methods complete. Creating analysis request
12:55:09.919 [INFO]   [Creating]    [pool-3-thread-1]   [com.diffblue.cover.service.c] Attempting to get service client, retry 1.
12:55:09.944 [DEBUG]  [Creating]    [analyzer-service:grpc-default-executor-2][com.diffblue.fuzztest.e.a] Class information:
12:55:09.945 [DEBUG]  [Creating]    [analyzer-service:grpc-default-executor-2][com.diffblue.fuzztest.e.a]   Implements: interface uk.gov.gchq.palisade.resource.ConnectionDetail
12:55:09.945 [DEBUG]  [Creating]    [analyzer-service:grpc-default-executor-2][com.diffblue.fuzztest.e.a]   Fields: private static final long uk.gov.gchq.palisade.resource.impl.SimpleConnectionDetail.serialVersionUID, private java.lang.String uk.gov.gchq.palisade.resource.impl.SimpleConnectionDetail.serviceName
12:55:09.945 [DEBUG]  [Creating]    [analyzer-service:grpc-default-executor-2][com.diffblue.fuzztest.e.a]   Constructors: public uk.gov.gchq.palisade.resource.impl.SimpleConnectionDetail()
12:55:09.945 [DEBUG]  [Creating]    [analyzer-service:grpc-default-executor-2][com.diffblue.fuzztest.e.a]   Methods: public java.lang.String uk.gov.gchq.palisade.resource.impl.SimpleConnectionDetail.createConnection(), public boolean uk.gov.gchq.palisade.resource.impl.SimpleConnectionDetail.equals(java.lang.Object), public java.lang.String uk.gov.gchq.palisade.resource.impl.SimpleConnectionDetail.getServiceName(), public int uk.gov.gchq.palisade.resource.impl.SimpleConnectionDetail.hashCode(), public uk.gov.gchq.palisade.resource.impl.SimpleConnectionDetail uk.gov.gchq.palisade.resource.impl.SimpleConnectionDetail.serviceName(java.lang.String), public void uk.gov.gchq.palisade.resource.impl.SimpleConnectionDetail.setServiceName(java.lang.String), public java.lang.String uk.gov.gchq.palisade.resource.impl.SimpleConnectionDetail.toString()
12:55:09.951 [DEBUG]  [Creating]    [analyzer-service:TimedExecutor-55][com.diffblue.fuzztest.g.e] 
================================================================================
= Creating tests for 'uk.gov.gchq.palisade.resource.impl.SimpleConnectionDetail.<init>:()V' using 'TrM (!sp, !fnm, df)'
================================================================================
12:55:09.951 [DEBUG]  [Creating]    [analyzer-service:TimedExecutor-55][com.diffblue.fuzztest.g.e] 
================================================================================
= Trying DI configuration EmptyDependencyInjectionTirConfiguration for uk.gov.gchq.palisade.resource.impl.SimpleConnectionDetail.<init>:()V
================================================================================
12:55:09.984 [DEBUG]  [Creating]    [analyzer-service:TimedExecutor-55][com.diffblue.fuzztest.g.e] DI configuration 'com.diffblue.tir.p' generated tests: 1
12:55:09.984 [DEBUG]  [Creating]    [analyzer-service:TimedExecutor-55][com.diffblue.fuzztest.g.e] Enabling descriptive test naming
12:55:09.987 [DEBUG]  [Creating]    [analyzer-service:grpc-default-executor-2][com.diffblue.fuzztest.e.c] Created 1+0 tests and partial tests via 'TrM (!sp, !fnm, df)' , returning all 1
12:55:10.006 [DEBUG]  [Creating]    [pool-3-thread-1]   [com.diffblue.cover.m.a.b] in processAnalysisResult for uk.gov.gchq.palisade.resource.impl.SimpleConnectionDetail.<init>:()V
12:55:10.006 [DEBUG]  [Creating]    [pool-3-thread-1]   [com.diffblue.combiner.d.j] Using Javaparser to combine tests
12:55:10.058 [DEBUG]  [Creating]    [pool-6-thread-19]  [com.diffblue.cover.l.a.c] EdgeCoverageRuntime contains 5 edges
12:55:10.058 [DEBUG]  [Creating]    [pool-3-thread-1]   [com.diffblue.combiner.a.c] Adding changeSet to account as new: Optional[uk.gov.gchq.palisade.resource.impl.SimpleConnectionDetail.<init>:()V]
12:55:10.068 [DEBUG]  [Creating]    [pool-3-thread-1]   [com.diffblue.cover.r.d] Finished with MethodGroup: <init>, countOfTests: 1, countOfMethodsTested: 1 TestGenerationAccount: a[countOfRemoved=0, countOfUnchanged=0, countOfUpdated=0, countOfNew=19]
12:55:10.069 [INFO]   [Creating]    [pool-3-thread-1]   [com.diffblue.cover.ui.b.b]      [63/131] uk.gov.gchq.palisade.resource.impl.SimpleConnectionDetail.<init>
12:55:10.069 [INFO]   [Creating]    [pool-3-thread-1]   [com.diffblue.cover.ui.b.b]      [63/131]   Tests created: 1
12:55:10.071 [INFO]   [Creating]    [pool-3-thread-1]   [com.diffblue.cover.ui.b.b]  [7/25] uk.gov.gchq.palisade.resource.impl.SimpleConnectionDetail
12:55:10.071 [INFO]   [Creating]    [pool-3-thread-1]   [com.diffblue.cover.ui.b.b]  [7/25]   Tests created: 1
12:55:10.071 [DEBUG]  [Creating]    [pool-3-thread-1]   [com.diffblue.cover.ui.b.b]  [7/25]   (at least 19 lines uncovered in this class)
12:55:10.072 [INFO]   [Creating]    [pool-3-thread-1]   [com.diffblue.cover.m.a.b] 
================================================================================
= Starting analysis for class 'uk.gov.gchq.palisade.resource.impl.SystemResource'
================================================================================
12:55:10.072 [INFO]   [Creating]    [pool-3-thread-1]   [com.diffblue.cover.m.a.b] Filtering out non-testable methods...
12:55:10.074 [DEBUG]  [Creating]    [pool-3-thread-1]   [com.diffblue.combiner.d.j] Using Javaparser to combine tests
12:55:10.074 [INFO]   [Creating]    [pool-3-thread-1]   [com.diffblue.cover.m.a.b] Filtering of methods complete. Creating analysis request
12:55:10.075 [INFO]   [Creating]    [pool-3-thread-1]   [com.diffblue.cover.service.c] Attempting to get service client, retry 1.
12:55:10.094 [DEBUG]  [Creating]    [analyzer-service:grpc-default-executor-2][com.diffblue.fuzztest.e.a] Class information:
12:55:10.094 [DEBUG]  [Creating]    [analyzer-service:grpc-default-executor-2][com.diffblue.fuzztest.e.a]   Implements: interface uk.gov.gchq.palisade.resource.ParentResource
12:55:10.094 [DEBUG]  [Creating]    [analyzer-service:grpc-default-executor-2][com.diffblue.fuzztest.e.a]   Extends: class uk.gov.gchq.palisade.resource.AbstractResource
12:55:10.094 [DEBUG]  [Creating]    [analyzer-service:grpc-default-executor-2][com.diffblue.fuzztest.e.a]   Fields: private static final long uk.gov.gchq.palisade.resource.impl.SystemResource.serialVersionUID
12:55:10.094 [DEBUG]  [Creating]    [analyzer-service:grpc-default-executor-2][com.diffblue.fuzztest.e.a]   Constructors: public uk.gov.gchq.palisade.resource.impl.SystemResource()
12:55:10.094 [DEBUG]  [Creating]    [analyzer-service:grpc-default-executor-2][com.diffblue.fuzztest.e.a]   Methods: public uk.gov.gchq.palisade.resource.AbstractResource uk.gov.gchq.palisade.resource.impl.SystemResource.id(java.lang.String), public uk.gov.gchq.palisade.resource.Resource uk.gov.gchq.palisade.resource.impl.SystemResource.id(java.lang.String), public uk.gov.gchq.palisade.resource.impl.SystemResource uk.gov.gchq.palisade.resource.impl.SystemResource.id(java.lang.String)
12:55:10.126 [DEBUG]  [Creating]    [analyzer-service:TimedExecutor-62][com.diffblue.fuzztest.g.e] 
================================================================================
= Creating tests for 'uk.gov.gchq.palisade.resource.impl.SystemResource.<init>:()V' using 'TrM (!sp, !fnm, df)'
================================================================================
12:55:10.127 [DEBUG]  [Creating]    [analyzer-service:TimedExecutor-62][com.diffblue.fuzztest.g.e] 
================================================================================
= Trying DI configuration EmptyDependencyInjectionTirConfiguration for uk.gov.gchq.palisade.resource.impl.SystemResource.<init>:()V
================================================================================
12:55:10.150 [DEBUG]  [Creating]    [analyzer-service:TimedExecutor-62][com.diffblue.fuzztest.g.e] DI configuration 'com.diffblue.tir.p' generated tests: 1
12:55:10.151 [DEBUG]  [Creating]    [analyzer-service:TimedExecutor-62][com.diffblue.fuzztest.g.e] Enabling descriptive test naming
12:55:10.153 [DEBUG]  [Creating]    [analyzer-service:grpc-default-executor-2][com.diffblue.fuzztest.e.c] Created 1+0 tests and partial tests via 'TrM (!sp, !fnm, df)' , returning all 1
12:55:10.170 [DEBUG]  [Creating]    [pool-3-thread-1]   [com.diffblue.cover.m.a.b] in processAnalysisResult for uk.gov.gchq.palisade.resource.impl.SystemResource.<init>:()V
12:55:10.170 [DEBUG]  [Creating]    [pool-3-thread-1]   [com.diffblue.combiner.d.j] Using Javaparser to combine tests
12:55:10.216 [DEBUG]  [Creating]    [pool-6-thread-20]  [com.diffblue.cover.l.a.c] EdgeCoverageRuntime contains 5 edges
12:55:10.217 [DEBUG]  [Creating]    [pool-3-thread-1]   [com.diffblue.combiner.a.c] Adding changeSet to account as new: Optional[uk.gov.gchq.palisade.resource.impl.SystemResource.<init>:()V]
12:55:10.226 [DEBUG]  [Creating]    [analyzer-service:TimedExecutor-63][com.diffblue.fuzztest.g.e] 
================================================================================
= Creating tests for 'uk.gov.gchq.palisade.resource.impl.SystemResource.id:(Ljava/lang/String;)Luk/gov/gchq/palisade/resource/impl/SystemResource;' using 'SiM (!sp, fnm, df)'
================================================================================
12:55:10.229 [DEBUG]  [Creating]    [analyzer-service:TimedExecutor-63][com.diffblue.fuzztest.g.ap] Parsed existing test class at /home/jbergqvist/diffblue/Palisade-common/src/test/java/uk/gov/gchq/palisade/resource/impl/SystemResourceDiffblueTest.java: found 0 annotations
12:55:10.229 [DEBUG]  [Creating]    [analyzer-service:TimedExecutor-63][com.diffblue.fuzztest.g.e] 
================================================================================
= Trying DI configuration EmptyDependencyInjectionTirConfiguration for uk.gov.gchq.palisade.resource.impl.SystemResource.id:(Ljava/lang/String;)Luk/gov/gchq/palisade/resource/impl/SystemResource;
================================================================================
12:55:10.519 [DEBUG]  [Creating]    [analyzer-service:TimedExecutor-63][com.diffblue.fuzztest.b.f] Refinement loop done: 2 seeds, 2+0 new+accumulated tests, 2+0 tests+partial tests, 371/1000 its
12:55:10.569 [DEBUG]  [Creating]    [analyzer-service:TimedExecutor-63][com.diffblue.fuzztest.g.e] DI configuration 'com.diffblue.tir.p' generated tests: 2
12:55:10.569 [DEBUG]  [Creating]    [analyzer-service:TimedExecutor-63][com.diffblue.fuzztest.g.e] Enabling descriptive test naming
12:55:10.575 [DEBUG]  [Creating]    [analyzer-service:grpc-default-executor-2][com.diffblue.fuzztest.e.c] Created 2+0 tests and partial tests via 'SiM (!sp, fnm, df)' SiM fallback 1/2, returning all 2
12:55:10.613 [DEBUG]  [Creating]    [pool-3-thread-1]   [com.diffblue.cover.m.a.b] in processAnalysisResult for uk.gov.gchq.palisade.resource.impl.SystemResource.id:(Ljava/lang/String;)Luk/gov/gchq/palisade/resource/impl/SystemResource;
12:55:10.613 [DEBUG]  [Creating]    [pool-3-thread-1]   [com.diffblue.cover.r.d] Finished with MethodGroup: <init>, countOfTests: 1, countOfMethodsTested: 1 TestGenerationAccount: a[countOfRemoved=0, countOfUnchanged=0, countOfUpdated=0, countOfNew=20]
12:55:10.613 [INFO]   [Creating]    [pool-3-thread-1]   [com.diffblue.cover.ui.b.b]      [64/131] uk.gov.gchq.palisade.resource.impl.SystemResource.<init>
12:55:10.613 [INFO]   [Creating]    [pool-3-thread-1]   [com.diffblue.cover.ui.b.b]      [64/131]   Tests created: 1
12:55:10.613 [DEBUG]  [Creating]    [pool-3-thread-1]   [com.diffblue.combiner.d.j] Using Javaparser to combine tests
12:55:10.660 [DEBUG]  [Creating]    [pool-6-thread-21]  [com.diffblue.cover.l.a.c] EdgeCoverageRuntime contains 7 edges
12:55:10.660 [DEBUG]  [Creating]    [pool-3-thread-1]   [com.diffblue.combiner.a.c] Adding changeSet to account as new: Optional[uk.gov.gchq.palisade.resource.impl.SystemResource.id:(Ljava/lang/String;)Luk/gov/gchq/palisade/resource/impl/SystemResource;]
12:55:10.676 [DEBUG]  [Creating]    [pool-3-thread-1]   [com.diffblue.combiner.d.j] Using Javaparser to combine tests
12:55:10.718 [DEBUG]  [Creating]    [pool-6-thread-22]  [com.diffblue.cover.l.a.c] EdgeCoverageRuntime contains 7 edges
12:55:10.719 [DEBUG]  [Creating]    [pool-3-thread-1]   [com.diffblue.combiner.a.c] Adding changeSet to account as new: Optional[uk.gov.gchq.palisade.resource.impl.SystemResource.id:(Ljava/lang/String;)Luk/gov/gchq/palisade/resource/impl/SystemResource;]
12:55:10.737 [DEBUG]  [Creating]    [pool-3-thread-1]   [com.diffblue.cover.r.d] Finished with MethodGroup: id, countOfTests: 2, countOfMethodsTested: 1 TestGenerationAccount: a[countOfRemoved=0, countOfUnchanged=0, countOfUpdated=0, countOfNew=22]
12:55:10.737 [INFO]   [Creating]    [pool-3-thread-1]   [com.diffblue.cover.ui.b.b]      [65/131] uk.gov.gchq.palisade.resource.impl.SystemResource.id
12:55:10.736 [DEBUG]  [Creating]    [analyzer-service:grpc-default-executor-2][com.diffblue.cover.service.analyzer.a.c] Watchdog reset
12:55:10.737 [INFO]   [Creating]    [pool-3-thread-1]   [com.diffblue.cover.ui.b.b]      [65/131]   Tests created: 2
12:55:10.740 [INFO]   [Creating]    [pool-3-thread-1]   [com.diffblue.cover.ui.b.b]  [8/25] uk.gov.gchq.palisade.resource.impl.SystemResource
12:55:10.740 [INFO]   [Creating]    [pool-3-thread-1]   [com.diffblue.cover.ui.b.b]  [8/25]   Tests created: 3
12:55:10.741 [INFO]   [Creating]    [pool-3-thread-1]   [com.diffblue.cover.m.a.b] 
================================================================================
= Starting analysis for class 'uk.gov.gchq.palisade.rule.Rule'
================================================================================
12:55:10.741 [INFO]   [Creating]    [pool-3-thread-1]   [com.diffblue.cover.m.a.b] Filtering out non-testable methods...
12:55:10.744 [INFO]   [Creating]    [pool-3-thread-1]   [com.diffblue.cover.ui.b.b]      [66/131] uk.gov.gchq.palisade.rule.Rule.isApplicable
12:55:10.744 [INFO]   [Creating]    [pool-3-thread-1]   [com.diffblue.cover.ui.b.b]      [66/131]   T009: No implementation for abstract class
12:55:10.744 [DEBUG]  [Creating]    [pool-3-thread-1]   [com.diffblue.cover.ui.b.b]      [66/131]   (at least 1 line uncovered in this method)
12:55:10.744 [INFO]   [Creating]    [pool-3-thread-1]   [com.diffblue.cover.ui.b.b]      [66/131]     The method is a non-abstract instance method in an abstract class or
12:55:10.745 [INFO]   [Creating]    [pool-3-thread-1]   [com.diffblue.cover.ui.b.b]      [66/131]     a default method in an interface. Diffblue Cover would test such methods
12:55:10.745 [INFO]   [Creating]    [pool-3-thread-1]   [com.diffblue.cover.ui.b.b]      [66/131]     by using an implementation of that abstract class or interface. However,
12:55:10.745 [INFO]   [Creating]    [pool-3-thread-1]   [com.diffblue.cover.ui.b.b]      [66/131]     no such implementation has been found.
12:55:10.745 [INFO]   [Creating]    [pool-3-thread-1]   [com.diffblue.cover.ui.b.b]      [66/131]     Please provide an implementation for the abstract class or interface.
12:55:10.745 [INFO]   [Creating]    [pool-3-thread-1]   [com.diffblue.cover.ui.b.b]      [66/131]     See https://diff.blue/T009 to resolve this issue.
12:55:10.745 [INFO]   [Creating]    [pool-3-thread-1]   [com.diffblue.cover.ui.b.b]  [9/25] uk.gov.gchq.palisade.rule.Rule
12:55:10.745 [INFO]   [Creating]    [pool-3-thread-1]   [com.diffblue.cover.ui.b.b]  [9/25]   Tests created: 0
12:55:10.745 [DEBUG]  [Creating]    [pool-3-thread-1]   [com.diffblue.cover.ui.b.b]  [9/25]   (at least 1 line uncovered in this class)
12:55:10.745 [INFO]   [Creating]    [pool-3-thread-1]   [com.diffblue.cover.m.a.b] No testable methods
12:55:10.745 [INFO]   [Creating]    [pool-3-thread-1]   [com.diffblue.cover.m.a.b] 
================================================================================
= Starting analysis for class 'uk.gov.gchq.palisade.rule.Rules'
================================================================================
12:55:10.745 [INFO]   [Creating]    [pool-3-thread-1]   [com.diffblue.cover.m.a.b] Filtering out non-testable methods...
12:55:10.748 [INFO]   [Creating]    [pool-3-thread-1]   [com.diffblue.cover.ui.b.b]      [67/131] uk.gov.gchq.palisade.rule.Rules.addRule
12:55:10.748 [INFO]   [Creating]    [pool-3-thread-1]   [com.diffblue.cover.ui.b.b]      [67/131]   T024: Generated method
12:55:10.748 [DEBUG]  [Creating]    [pool-3-thread-1]   [com.diffblue.cover.ui.b.b]      [67/131]   (at least 4 lines uncovered in this method)
12:55:10.748 [INFO]   [Creating]    [pool-3-thread-1]   [com.diffblue.cover.ui.b.b]      [67/131]     Indicates that the method is generated by some framework or tool and should not
12:55:10.748 [INFO]   [Creating]    [pool-3-thread-1]   [com.diffblue.cover.ui.b.b]      [67/131]     be tested explicitly. The expectation is that the generator itself should be
12:55:10.748 [INFO]   [Creating]    [pool-3-thread-1]   [com.diffblue.cover.ui.b.b]      [67/131]     tested and not each piece of code it produces.
12:55:10.748 [INFO]   [Creating]    [pool-3-thread-1]   [com.diffblue.cover.ui.b.b]      [67/131]     Currently, this includes methods identified generated by Lombok, Protobuf,
12:55:10.748 [INFO]   [Creating]    [pool-3-thread-1]   [com.diffblue.cover.ui.b.b]      [67/131]     Grpc, Hibernate, or annotated with a custom '@Generated' annotation
12:55:10.748 [INFO]   [Creating]    [pool-3-thread-1]   [com.diffblue.cover.ui.b.b]      [67/131]     (as long as the custom annotation has 'RUNTIME' or 'CLASS' retention).
12:55:10.748 [INFO]   [Creating]    [pool-3-thread-1]   [com.diffblue.cover.ui.b.b]      [67/131]     Diffblue Cover considers these methods as not directly callable.
12:55:10.750 [INFO]   [Creating]    [pool-3-thread-1]   [com.diffblue.cover.ui.b.b]      [68/131] uk.gov.gchq.palisade.rule.Rules.addRules
12:55:10.750 [INFO]   [Creating]    [pool-3-thread-1]   [com.diffblue.cover.ui.b.b]      [68/131]   T024: Generated method
12:55:10.750 [DEBUG]  [Creating]    [pool-3-thread-1]   [com.diffblue.cover.ui.b.b]      [68/131]   (at least 3 lines uncovered in this method)
12:55:10.750 [INFO]   [Creating]    [pool-3-thread-1]   [com.diffblue.cover.ui.b.b]      [68/131]     Indicates that the method is generated by some framework or tool and should not
12:55:10.750 [INFO]   [Creating]    [pool-3-thread-1]   [com.diffblue.cover.ui.b.b]      [68/131]     be tested explicitly. The expectation is that the generator itself should be
12:55:10.750 [INFO]   [Creating]    [pool-3-thread-1]   [com.diffblue.cover.ui.b.b]      [68/131]     tested and not each piece of code it produces.
12:55:10.750 [INFO]   [Creating]    [pool-3-thread-1]   [com.diffblue.cover.ui.b.b]      [68/131]     Currently, this includes methods identified generated by Lombok, Protobuf,
12:55:10.750 [INFO]   [Creating]    [pool-3-thread-1]   [com.diffblue.cover.ui.b.b]      [68/131]     Grpc, Hibernate, or annotated with a custom '@Generated' annotation
12:55:10.750 [INFO]   [Creating]    [pool-3-thread-1]   [com.diffblue.cover.ui.b.b]      [68/131]     (as long as the custom annotation has 'RUNTIME' or 'CLASS' retention).
12:55:10.750 [INFO]   [Creating]    [pool-3-thread-1]   [com.diffblue.cover.ui.b.b]      [68/131]     Diffblue Cover considers these methods as not directly callable.
12:55:10.752 [INFO]   [Creating]    [pool-3-thread-1]   [com.diffblue.cover.ui.b.b]      [69/131] uk.gov.gchq.palisade.rule.Rules.getMessage
12:55:10.752 [INFO]   [Creating]    [pool-3-thread-1]   [com.diffblue.cover.ui.b.b]      [69/131]   T024: Generated method
12:55:10.752 [DEBUG]  [Creating]    [pool-3-thread-1]   [com.diffblue.cover.ui.b.b]      [69/131]   (at least 1 line uncovered in this method)
12:55:10.752 [INFO]   [Creating]    [pool-3-thread-1]   [com.diffblue.cover.ui.b.b]      [69/131]     Indicates that the method is generated by some framework or tool and should not
12:55:10.752 [INFO]   [Creating]    [pool-3-thread-1]   [com.diffblue.cover.ui.b.b]      [69/131]     be tested explicitly. The expectation is that the generator itself should be
12:55:10.752 [INFO]   [Creating]    [pool-3-thread-1]   [com.diffblue.cover.ui.b.b]      [69/131]     tested and not each piece of code it produces.
12:55:10.752 [INFO]   [Creating]    [pool-3-thread-1]   [com.diffblue.cover.ui.b.b]      [69/131]     Currently, this includes methods identified generated by Lombok, Protobuf,
12:55:10.752 [INFO]   [Creating]    [pool-3-thread-1]   [com.diffblue.cover.ui.b.b]      [69/131]     Grpc, Hibernate, or annotated with a custom '@Generated' annotation
12:55:10.752 [INFO]   [Creating]    [pool-3-thread-1]   [com.diffblue.cover.ui.b.b]      [69/131]     (as long as the custom annotation has 'RUNTIME' or 'CLASS' retention).
12:55:10.752 [INFO]   [Creating]    [pool-3-thread-1]   [com.diffblue.cover.ui.b.b]      [69/131]     Diffblue Cover considers these methods as not directly callable.
12:55:10.753 [INFO]   [Creating]    [pool-3-thread-1]   [com.diffblue.cover.ui.b.b]      [70/131] uk.gov.gchq.palisade.rule.Rules.getRules
12:55:10.753 [INFO]   [Creating]    [pool-3-thread-1]   [com.diffblue.cover.ui.b.b]      [70/131]   T024: Generated method
12:55:10.753 [DEBUG]  [Creating]    [pool-3-thread-1]   [com.diffblue.cover.ui.b.b]      [70/131]   (at least 1 line uncovered in this method)
12:55:10.753 [INFO]   [Creating]    [pool-3-thread-1]   [com.diffblue.cover.ui.b.b]      [70/131]     Indicates that the method is generated by some framework or tool and should not
12:55:10.753 [INFO]   [Creating]    [pool-3-thread-1]   [com.diffblue.cover.ui.b.b]      [70/131]     be tested explicitly. The expectation is that the generator itself should be
12:55:10.753 [INFO]   [Creating]    [pool-3-thread-1]   [com.diffblue.cover.ui.b.b]      [70/131]     tested and not each piece of code it produces.
12:55:10.753 [INFO]   [Creating]    [pool-3-thread-1]   [com.diffblue.cover.ui.b.b]      [70/131]     Currently, this includes methods identified generated by Lombok, Protobuf,
12:55:10.753 [INFO]   [Creating]    [pool-3-thread-1]   [com.diffblue.cover.ui.b.b]      [70/131]     Grpc, Hibernate, or annotated with a custom '@Generated' annotation
12:55:10.753 [INFO]   [Creating]    [pool-3-thread-1]   [com.diffblue.cover.ui.b.b]      [70/131]     (as long as the custom annotation has 'RUNTIME' or 'CLASS' retention).
12:55:10.753 [INFO]   [Creating]    [pool-3-thread-1]   [com.diffblue.cover.ui.b.b]      [70/131]     Diffblue Cover considers these methods as not directly callable.
12:55:10.754 [INFO]   [Creating]    [pool-3-thread-1]   [com.diffblue.cover.ui.b.b]      [71/131] uk.gov.gchq.palisade.rule.Rules.hashCode
12:55:10.754 [INFO]   [Creating]    [pool-3-thread-1]   [com.diffblue.cover.ui.b.b]      [71/131]   T024: Generated method
12:55:10.755 [DEBUG]  [Creating]    [pool-3-thread-1]   [com.diffblue.cover.ui.b.b]      [71/131]   (at least 1 line uncovered in this method)
12:55:10.755 [INFO]   [Creating]    [pool-3-thread-1]   [com.diffblue.cover.ui.b.b]      [71/131]     Indicates that the method is generated by some framework or tool and should not
12:55:10.755 [INFO]   [Creating]    [pool-3-thread-1]   [com.diffblue.cover.ui.b.b]      [71/131]     be tested explicitly. The expectation is that the generator itself should be
12:55:10.755 [INFO]   [Creating]    [pool-3-thread-1]   [com.diffblue.cover.ui.b.b]      [71/131]     tested and not each piece of code it produces.
12:55:10.755 [INFO]   [Creating]    [pool-3-thread-1]   [com.diffblue.cover.ui.b.b]      [71/131]     Currently, this includes methods identified generated by Lombok, Protobuf,
12:55:10.755 [INFO]   [Creating]    [pool-3-thread-1]   [com.diffblue.cover.ui.b.b]      [71/131]     Grpc, Hibernate, or annotated with a custom '@Generated' annotation
12:55:10.755 [INFO]   [Creating]    [pool-3-thread-1]   [com.diffblue.cover.ui.b.b]      [71/131]     (as long as the custom annotation has 'RUNTIME' or 'CLASS' retention).
12:55:10.755 [INFO]   [Creating]    [pool-3-thread-1]   [com.diffblue.cover.ui.b.b]      [71/131]     Diffblue Cover considers these methods as not directly callable.
12:55:10.756 [INFO]   [Creating]    [pool-3-thread-1]   [com.diffblue.cover.ui.b.b]      [72/131] uk.gov.gchq.palisade.rule.Rules.message
12:55:10.756 [INFO]   [Creating]    [pool-3-thread-1]   [com.diffblue.cover.ui.b.b]      [72/131]   T024: Generated method
12:55:10.756 [DEBUG]  [Creating]    [pool-3-thread-1]   [com.diffblue.cover.ui.b.b]      [72/131]   (at least 2 lines uncovered in this method)
12:55:10.756 [INFO]   [Creating]    [pool-3-thread-1]   [com.diffblue.cover.ui.b.b]      [72/131]     Indicates that the method is generated by some framework or tool and should not
12:55:10.756 [INFO]   [Creating]    [pool-3-thread-1]   [com.diffblue.cover.ui.b.b]      [72/131]     be tested explicitly. The expectation is that the generator itself should be
12:55:10.756 [INFO]   [Creating]    [pool-3-thread-1]   [com.diffblue.cover.ui.b.b]      [72/131]     tested and not each piece of code it produces.
12:55:10.756 [INFO]   [Creating]    [pool-3-thread-1]   [com.diffblue.cover.ui.b.b]      [72/131]     Currently, this includes methods identified generated by Lombok, Protobuf,
12:55:10.756 [INFO]   [Creating]    [pool-3-thread-1]   [com.diffblue.cover.ui.b.b]      [72/131]     Grpc, Hibernate, or annotated with a custom '@Generated' annotation
12:55:10.756 [INFO]   [Creating]    [pool-3-thread-1]   [com.diffblue.cover.ui.b.b]      [72/131]     (as long as the custom annotation has 'RUNTIME' or 'CLASS' retention).
12:55:10.756 [INFO]   [Creating]    [pool-3-thread-1]   [com.diffblue.cover.ui.b.b]      [72/131]     Diffblue Cover considers these methods as not directly callable.
12:55:10.757 [INFO]   [Creating]    [pool-3-thread-1]   [com.diffblue.cover.ui.b.b]      [73/131] uk.gov.gchq.palisade.rule.Rules.rules
12:55:10.757 [INFO]   [Creating]    [pool-3-thread-1]   [com.diffblue.cover.ui.b.b]      [73/131]   T024: Generated method
12:55:10.757 [DEBUG]  [Creating]    [pool-3-thread-1]   [com.diffblue.cover.ui.b.b]      [73/131]   (at least 2 lines uncovered in this method)
12:55:10.757 [INFO]   [Creating]    [pool-3-thread-1]   [com.diffblue.cover.ui.b.b]      [73/131]     Indicates that the method is generated by some framework or tool and should not
12:55:10.757 [INFO]   [Creating]    [pool-3-thread-1]   [com.diffblue.cover.ui.b.b]      [73/131]     be tested explicitly. The expectation is that the generator itself should be
12:55:10.757 [INFO]   [Creating]    [pool-3-thread-1]   [com.diffblue.cover.ui.b.b]      [73/131]     tested and not each piece of code it produces.
12:55:10.757 [INFO]   [Creating]    [pool-3-thread-1]   [com.diffblue.cover.ui.b.b]      [73/131]     Currently, this includes methods identified generated by Lombok, Protobuf,
12:55:10.757 [INFO]   [Creating]    [pool-3-thread-1]   [com.diffblue.cover.ui.b.b]      [73/131]     Grpc, Hibernate, or annotated with a custom '@Generated' annotation
12:55:10.757 [INFO]   [Creating]    [pool-3-thread-1]   [com.diffblue.cover.ui.b.b]      [73/131]     (as long as the custom annotation has 'RUNTIME' or 'CLASS' retention).
12:55:10.757 [INFO]   [Creating]    [pool-3-thread-1]   [com.diffblue.cover.ui.b.b]      [73/131]     Diffblue Cover considers these methods as not directly callable.
12:55:10.758 [INFO]   [Creating]    [pool-3-thread-1]   [com.diffblue.cover.ui.b.b]      [74/131] uk.gov.gchq.palisade.rule.Rules.setMessage
12:55:10.759 [INFO]   [Creating]    [pool-3-thread-1]   [com.diffblue.cover.ui.b.b]      [74/131]   T024: Generated method
12:55:10.759 [DEBUG]  [Creating]    [pool-3-thread-1]   [com.diffblue.cover.ui.b.b]      [74/131]   (at least 3 lines uncovered in this method)
12:55:10.759 [INFO]   [Creating]    [pool-3-thread-1]   [com.diffblue.cover.ui.b.b]      [74/131]     Indicates that the method is generated by some framework or tool and should not
12:55:10.759 [INFO]   [Creating]    [pool-3-thread-1]   [com.diffblue.cover.ui.b.b]      [74/131]     be tested explicitly. The expectation is that the generator itself should be
12:55:10.759 [INFO]   [Creating]    [pool-3-thread-1]   [com.diffblue.cover.ui.b.b]      [74/131]     tested and not each piece of code it produces.
12:55:10.759 [INFO]   [Creating]    [pool-3-thread-1]   [com.diffblue.cover.ui.b.b]      [74/131]     Currently, this includes methods identified generated by Lombok, Protobuf,
12:55:10.759 [INFO]   [Creating]    [pool-3-thread-1]   [com.diffblue.cover.ui.b.b]      [74/131]     Grpc, Hibernate, or annotated with a custom '@Generated' annotation
12:55:10.759 [INFO]   [Creating]    [pool-3-thread-1]   [com.diffblue.cover.ui.b.b]      [74/131]     (as long as the custom annotation has 'RUNTIME' or 'CLASS' retention).
12:55:10.759 [INFO]   [Creating]    [pool-3-thread-1]   [com.diffblue.cover.ui.b.b]      [74/131]     Diffblue Cover considers these methods as not directly callable.
12:55:10.760 [INFO]   [Creating]    [pool-3-thread-1]   [com.diffblue.cover.ui.b.b]      [75/131] uk.gov.gchq.palisade.rule.Rules.setRules
12:55:10.760 [INFO]   [Creating]    [pool-3-thread-1]   [com.diffblue.cover.ui.b.b]      [75/131]   T024: Generated method
12:55:10.760 [DEBUG]  [Creating]    [pool-3-thread-1]   [com.diffblue.cover.ui.b.b]      [75/131]   (at least 3 lines uncovered in this method)
12:55:10.760 [INFO]   [Creating]    [pool-3-thread-1]   [com.diffblue.cover.ui.b.b]      [75/131]     Indicates that the method is generated by some framework or tool and should not
12:55:10.760 [INFO]   [Creating]    [pool-3-thread-1]   [com.diffblue.cover.ui.b.b]      [75/131]     be tested explicitly. The expectation is that the generator itself should be
12:55:10.760 [INFO]   [Creating]    [pool-3-thread-1]   [com.diffblue.cover.ui.b.b]      [75/131]     tested and not each piece of code it produces.
12:55:10.760 [INFO]   [Creating]    [pool-3-thread-1]   [com.diffblue.cover.ui.b.b]      [75/131]     Currently, this includes methods identified generated by Lombok, Protobuf,
12:55:10.760 [INFO]   [Creating]    [pool-3-thread-1]   [com.diffblue.cover.ui.b.b]      [75/131]     Grpc, Hibernate, or annotated with a custom '@Generated' annotation
12:55:10.760 [INFO]   [Creating]    [pool-3-thread-1]   [com.diffblue.cover.ui.b.b]      [75/131]     (as long as the custom annotation has 'RUNTIME' or 'CLASS' retention).
12:55:10.760 [INFO]   [Creating]    [pool-3-thread-1]   [com.diffblue.cover.ui.b.b]      [75/131]     Diffblue Cover considers these methods as not directly callable.
12:55:10.762 [INFO]   [Creating]    [pool-3-thread-1]   [com.diffblue.cover.ui.b.b]      [76/131] uk.gov.gchq.palisade.rule.Rules.toString
12:55:10.762 [INFO]   [Creating]    [pool-3-thread-1]   [com.diffblue.cover.ui.b.b]      [76/131]   T024: Generated method
12:55:10.762 [DEBUG]  [Creating]    [pool-3-thread-1]   [com.diffblue.cover.ui.b.b]      [76/131]   (at least 5 lines uncovered in this method)
12:55:10.762 [INFO]   [Creating]    [pool-3-thread-1]   [com.diffblue.cover.ui.b.b]      [76/131]     Indicates that the method is generated by some framework or tool and should not
12:55:10.762 [INFO]   [Creating]    [pool-3-thread-1]   [com.diffblue.cover.ui.b.b]      [76/131]     be tested explicitly. The expectation is that the generator itself should be
12:55:10.762 [INFO]   [Creating]    [pool-3-thread-1]   [com.diffblue.cover.ui.b.b]      [76/131]     tested and not each piece of code it produces.
12:55:10.762 [INFO]   [Creating]    [pool-3-thread-1]   [com.diffblue.cover.ui.b.b]      [76/131]     Currently, this includes methods identified generated by Lombok, Protobuf,
12:55:10.762 [INFO]   [Creating]    [pool-3-thread-1]   [com.diffblue.cover.ui.b.b]      [76/131]     Grpc, Hibernate, or annotated with a custom '@Generated' annotation
12:55:10.762 [INFO]   [Creating]    [pool-3-thread-1]   [com.diffblue.cover.ui.b.b]      [76/131]     (as long as the custom annotation has 'RUNTIME' or 'CLASS' retention).
12:55:10.762 [INFO]   [Creating]    [pool-3-thread-1]   [com.diffblue.cover.ui.b.b]      [76/131]     Diffblue Cover considers these methods as not directly callable.
12:55:10.763 [DEBUG]  [Creating]    [pool-3-thread-1]   [com.diffblue.combiner.d.j] Using Javaparser to combine tests
12:55:10.763 [INFO]   [Creating]    [pool-3-thread-1]   [com.diffblue.cover.m.a.b] Filtering of methods complete. Creating analysis request
12:55:10.763 [INFO]   [Creating]    [pool-3-thread-1]   [com.diffblue.cover.service.c] Attempting to get service client, retry 1.
12:55:10.783 [DEBUG]  [Creating]    [analyzer-service:grpc-default-executor-2][com.diffblue.fuzztest.e.a] Class information:
12:55:10.783 [DEBUG]  [Creating]    [analyzer-service:grpc-default-executor-2][com.diffblue.fuzztest.e.a]   Implements: interface java.io.Serializable
12:55:10.783 [DEBUG]  [Creating]    [analyzer-service:grpc-default-executor-2][com.diffblue.fuzztest.e.a]   Fields: private static final java.lang.String uk.gov.gchq.palisade.rule.Rules.ID_CANNOT_BE_NULL, public static final java.lang.String uk.gov.gchq.palisade.rule.Rules.NO_RULES_SET, private static final java.lang.String uk.gov.gchq.palisade.rule.Rules.RULE_CANNOT_BE_NULL, private java.lang.String uk.gov.gchq.palisade.rule.Rules.message, private java.util.LinkedHashMap uk.gov.gchq.palisade.rule.Rules.rulesMap, private static final long uk.gov.gchq.palisade.rule.Rules.serialVersionUID
12:55:10.783 [DEBUG]  [Creating]    [analyzer-service:grpc-default-executor-2][com.diffblue.fuzztest.e.a]   Constructors: public uk.gov.gchq.palisade.rule.Rules()
12:55:10.784 [DEBUG]  [Creating]    [analyzer-service:grpc-default-executor-2][com.diffblue.fuzztest.e.a]   Methods: public uk.gov.gchq.palisade.rule.Rules uk.gov.gchq.palisade.rule.Rules.addRule(java.lang.String,uk.gov.gchq.palisade.rule.Rule), public uk.gov.gchq.palisade.rule.Rules uk.gov.gchq.palisade.rule.Rules.addRules(java.util.Map), public boolean uk.gov.gchq.palisade.rule.Rules.containsRules(), public boolean uk.gov.gchq.palisade.rule.Rules.equals(java.lang.Object), public java.lang.String uk.gov.gchq.palisade.rule.Rules.getMessage(), public java.util.Map uk.gov.gchq.palisade.rule.Rules.getRules(), public int uk.gov.gchq.palisade.rule.Rules.hashCode(), private static java.util.Optional uk.gov.gchq.palisade.rule.Rules.lambda$equals$0(java.util.Optional), private static java.util.Optional uk.gov.gchq.palisade.rule.Rules.lambda$equals$1(java.util.Optional), public uk.gov.gchq.palisade.rule.Rules uk.gov.gchq.palisade.rule.Rules.message(java.lang.String), public uk.gov.gchq.palisade.rule.Rules uk.gov.gchq.palisade.rule.Rules.rules(java.util.Map), public void uk.gov.gchq.palisade.rule.Rules.setMessage(java.lang.String), public void uk.gov.gchq.palisade.rule.Rules.setRules(java.util.Map), public java.lang.String uk.gov.gchq.palisade.rule.Rules.toString()
12:55:15.132 [DEBUG]  [Creating]    [analyzer-service:grpc-default-executor-2][com.diffblue.cover.service.analyzer.a.c] Watchdog reset
12:55:15.301 [DEBUG]  [Creating]    [analyzer-service:grpc-default-executor-2][com.diffblue.cover.service.analyzer.a.c] Watchdog reset
12:55:15.525 [DEBUG]  [Creating]    [analyzer-service:grpc-default-executor-2][com.diffblue.cover.service.analyzer.a.c] Watchdog reset
12:55:15.527 [DEBUG]  [Creating]    [analyzer-service:TimedExecutor-70][com.diffblue.fuzztest.g.e] 
================================================================================
= Creating tests for 'uk.gov.gchq.palisade.rule.Rules.<init>:()V' using 'TrM (!sp, !fnm, df)'
================================================================================
12:55:15.527 [DEBUG]  [Creating]    [analyzer-service:TimedExecutor-70][com.diffblue.fuzztest.g.e] 
================================================================================
= Trying DI configuration EmptyDependencyInjectionTirConfiguration for uk.gov.gchq.palisade.rule.Rules.<init>:()V
================================================================================
12:55:15.678 [DEBUG]  [Creating]    [analyzer-service:TimedExecutor-70][com.diffblue.cover.service.analyzer.a.c] Watchdog reset
12:55:15.696 [DEBUG]  [Creating]    [analyzer-service:TimedExecutor-70][com.diffblue.fuzztest.g.e] DI configuration 'com.diffblue.tir.p' generated tests: 1
12:55:15.696 [DEBUG]  [Creating]    [analyzer-service:TimedExecutor-70][com.diffblue.fuzztest.g.e] Enabling descriptive test naming
12:55:15.698 [DEBUG]  [Creating]    [analyzer-service:grpc-default-executor-0][com.diffblue.fuzztest.e.c] Created 1+0 tests and partial tests via 'TrM (!sp, !fnm, df)' , returning all 1
12:55:15.724 [DEBUG]  [Creating]    [pool-3-thread-1]   [com.diffblue.cover.m.a.b] in processAnalysisResult for uk.gov.gchq.palisade.rule.Rules.<init>:()V
12:55:15.724 [DEBUG]  [Creating]    [pool-3-thread-1]   [com.diffblue.combiner.d.j] Using Javaparser to combine tests
12:55:15.784 [DEBUG]  [Creating]    [pool-6-thread-23]  [com.diffblue.cover.l.a.c] EdgeCoverageRuntime contains 8 edges
12:55:15.784 [DEBUG]  [Creating]    [pool-3-thread-1]   [com.diffblue.combiner.a.c] Adding changeSet to account as new: Optional[uk.gov.gchq.palisade.rule.Rules.<init>:()V]
12:55:15.804 [DEBUG]  [Creating]    [analyzer-service:TimedExecutor-71][com.diffblue.fuzztest.g.e] 
================================================================================
= Creating tests for 'uk.gov.gchq.palisade.rule.Rules.equals:(Ljava/lang/Object;)Z' using 'EqH (!sp, !fnm, df)'
================================================================================
12:55:15.811 [DEBUG]  [Creating]    [analyzer-service:TimedExecutor-71][com.diffblue.fuzztest.g.ap] Parsed existing test class at /home/jbergqvist/diffblue/Palisade-common/src/test/java/uk/gov/gchq/palisade/rule/RulesDiffblueTest.java: found 0 annotations
12:55:15.811 [DEBUG]  [Creating]    [analyzer-service:TimedExecutor-71][com.diffblue.fuzztest.g.e] 
================================================================================
= Trying DI configuration com.diffblue.cover.f.e.aa@20 for uk.gov.gchq.palisade.rule.Rules.equals:(Ljava/lang/Object;)Z
================================================================================
12:55:16.906 [DEBUG]  [Creating]    [analyzer-service:TimedExecutor-71][com.diffblue.fuzztest.b.f] Refinement loop done: 1 seeds, 5+0 new+accumulated tests, 5+0 tests+partial tests, 538/1000 its
12:55:16.966 [DEBUG]  [Creating]    [analyzer-service:TimedExecutor-71][com.diffblue.fuzztest.g.e] DI configuration 'com.diffblue.cover.f.e.aa' generated tests: 8
12:55:16.966 [DEBUG]  [Creating]    [analyzer-service:TimedExecutor-71][com.diffblue.fuzztest.g.e] 
================================================================================
= Trying DI configuration EmptyDependencyInjectionTirConfiguration for uk.gov.gchq.palisade.rule.Rules.equals:(Ljava/lang/Object;)Z
================================================================================
12:55:17.622 [DEBUG]  [Creating]    [analyzer-service:TimedExecutor-71][com.diffblue.fuzztest.b.f] Refinement loop done: 1 seeds, 5+0 new+accumulated tests, 5+0 tests+partial tests, 538/1000 its
12:55:17.759 [DEBUG]  [Creating]    [analyzer-service:grpc-default-executor-0][com.diffblue.fuzztest.e.c] Justification for mocking : 
  * uk.gov.gchq.palisade.rule.Rule<java.io.Serializable>: SIMPLIFY_SETUP(Simplified setup: mocking can simplify the arrange section)
12:55:17.759 [DEBUG]  [Creating]    [analyzer-service:grpc-default-executor-0][com.diffblue.fuzztest.e.c] Created 8+0 tests and partial tests via 'EqH (!sp, !fnm, df)' , returning all 8
12:55:17.858 [DEBUG]  [Creating]    [analyzer-service:grpc-default-executor-0][com.diffblue.cover.service.analyzer.a.c] Watchdog reset
12:55:17.865 [DEBUG]  [Creating]    [pool-3-thread-1]   [com.diffblue.cover.m.a.b] in processAnalysisResult for uk.gov.gchq.palisade.rule.Rules.equals:(Ljava/lang/Object;)Z
12:55:17.865 [DEBUG]  [Creating]    [pool-3-thread-1]   [com.diffblue.cover.r.d] Finished with MethodGroup: <init>, countOfTests: 1, countOfMethodsTested: 1 TestGenerationAccount: a[countOfRemoved=0, countOfUnchanged=0, countOfUpdated=0, countOfNew=23]
12:55:17.865 [INFO]   [Creating]    [pool-3-thread-1]   [com.diffblue.cover.ui.b.b]      [77/131] uk.gov.gchq.palisade.rule.Rules.<init>
12:55:17.865 [INFO]   [Creating]    [pool-3-thread-1]   [com.diffblue.cover.ui.b.b]      [77/131]   Tests created: 1
12:55:17.865 [DEBUG]  [Creating]    [pool-3-thread-1]   [com.diffblue.combiner.d.j] Using Javaparser to combine tests
12:55:17.916 [DEBUG]  [Creating]    [pool-6-thread-24]  [com.diffblue.cover.l.a.c] EdgeCoverageRuntime contains 4 edges
12:55:17.916 [DEBUG]  [Creating]    [pool-3-thread-1]   [com.diffblue.combiner.a.c] Adding changeSet to account as new: Optional[uk.gov.gchq.palisade.rule.Rules.equals:(Ljava/lang/Object;)Z]
12:55:17.928 [DEBUG]  [Creating]    [pool-3-thread-1]   [com.diffblue.combiner.d.j] Using Javaparser to combine tests
12:55:17.967 [DEBUG]  [Creating]    [pool-6-thread-25]  [com.diffblue.cover.l.a.c] EdgeCoverageRuntime contains 4 edges
12:55:17.968 [DEBUG]  [Creating]    [pool-3-thread-1]   [com.diffblue.combiner.a.c] Adding changeSet to account as new: Optional[uk.gov.gchq.palisade.rule.Rules.equals:(Ljava/lang/Object;)Z]
12:55:17.980 [DEBUG]  [Creating]    [pool-3-thread-1]   [com.diffblue.combiner.d.j] Using Javaparser to combine tests
12:55:18.022 [DEBUG]  [Creating]    [pool-6-thread-26]  [com.diffblue.cover.l.a.c] EdgeCoverageRuntime contains 7 edges
12:55:18.022 [DEBUG]  [Creating]    [pool-3-thread-1]   [com.diffblue.combiner.a.c] Adding changeSet to account as new: Optional[uk.gov.gchq.palisade.rule.Rules.equals:(Ljava/lang/Object;)Z]
12:55:18.038 [DEBUG]  [Creating]    [pool-3-thread-1]   [com.diffblue.combiner.d.j] Using Javaparser to combine tests
12:55:18.084 [DEBUG]  [Creating]    [pool-6-thread-27]  [com.diffblue.cover.l.a.c] EdgeCoverageRuntime contains 8 edges
12:55:18.084 [DEBUG]  [Creating]    [pool-3-thread-1]   [com.diffblue.combiner.a.c] Adding changeSet to account as new: Optional[uk.gov.gchq.palisade.rule.Rules.equals:(Ljava/lang/Object;)Z]
12:55:18.102 [DEBUG]  [Creating]    [pool-3-thread-1]   [com.diffblue.combiner.d.j] Using Javaparser to combine tests
12:55:18.275 [DEBUG]  [Creating]    [pool-6-thread-28]  [com.diffblue.cover.l.a.c] EdgeCoverageRuntime contains 7 edges
12:55:18.275 [DEBUG]  [Creating]    [pool-3-thread-1]   [com.diffblue.combiner.a.c] Adding changeSet to account as new: Optional[uk.gov.gchq.palisade.rule.Rules.equals:(Ljava/lang/Object;)Z]
12:55:18.310 [DEBUG]  [Creating]    [pool-3-thread-1]   [com.diffblue.combiner.d.j] Using Javaparser to combine tests
12:55:18.367 [DEBUG]  [Creating]    [pool-6-thread-29]  [com.diffblue.cover.l.a.c] EdgeCoverageRuntime contains 9 edges
12:55:18.368 [DEBUG]  [Creating]    [pool-3-thread-1]   [com.diffblue.combiner.a.c] Adding changeSet to account as new: Optional[uk.gov.gchq.palisade.rule.Rules.equals:(Ljava/lang/Object;)Z]
12:55:18.392 [DEBUG]  [Creating]    [pool-3-thread-1]   [com.diffblue.combiner.d.j] Using Javaparser to combine tests
12:55:18.437 [DEBUG]  [Creating]    [pool-6-thread-30]  [com.diffblue.cover.l.a.c] EdgeCoverageRuntime contains 7 edges
12:55:18.437 [DEBUG]  [Creating]    [pool-3-thread-1]   [com.diffblue.combiner.a.c] Adding changeSet to account as new: Optional[uk.gov.gchq.palisade.rule.Rules.equals:(Ljava/lang/Object;)Z]
12:55:18.462 [DEBUG]  [Creating]    [pool-3-thread-1]   [com.diffblue.combiner.d.j] Using Javaparser to combine tests
12:55:18.508 [DEBUG]  [Creating]    [pool-6-thread-31]  [com.diffblue.cover.l.a.c] EdgeCoverageRuntime contains 9 edges
12:55:18.509 [DEBUG]  [Creating]    [pool-3-thread-1]   [com.diffblue.combiner.a.c] Adding changeSet to account as new: Optional[uk.gov.gchq.palisade.rule.Rules.equals:(Ljava/lang/Object;)Z]
12:55:18.539 [DEBUG]  [Creating]    [analyzer-service:grpc-default-executor-0][com.diffblue.cover.service.analyzer.a.c] Watchdog reset
12:55:18.540 [DEBUG]  [Creating]    [analyzer-service:TimedExecutor-72][com.diffblue.fuzztest.g.e] 
================================================================================
= Creating tests for 'uk.gov.gchq.palisade.rule.Rules.containsRules:()Z' using 'SiM (!sp, fnm, df)'
================================================================================
12:55:18.553 [DEBUG]  [Creating]    [analyzer-service:TimedExecutor-72][com.diffblue.fuzztest.g.ap] Parsed existing test class at /home/jbergqvist/diffblue/Palisade-common/src/test/java/uk/gov/gchq/palisade/rule/RulesDiffblueTest.java: found 0 annotations
12:55:18.553 [DEBUG]  [Creating]    [analyzer-service:TimedExecutor-72][com.diffblue.fuzztest.g.e] 
================================================================================
= Trying DI configuration EmptyDependencyInjectionTirConfiguration for uk.gov.gchq.palisade.rule.Rules.containsRules:()Z
================================================================================
12:55:18.856 [DEBUG]  [Creating]    [analyzer-service:TimedExecutor-72][com.diffblue.fuzztest.b.f] Refinement loop done: 1 seeds, 2+0 new+accumulated tests, 2+0 tests+partial tests, 504/1000 its
12:55:18.911 [DEBUG]  [Creating]    [analyzer-service:TimedExecutor-72][com.diffblue.fuzztest.g.e] DI configuration 'com.diffblue.tir.p' generated tests: 2
12:55:18.911 [DEBUG]  [Creating]    [analyzer-service:TimedExecutor-72][com.diffblue.fuzztest.g.e] Enabling descriptive test naming
12:55:18.915 [DEBUG]  [Creating]    [analyzer-service:grpc-default-executor-0][com.diffblue.fuzztest.e.c] Justification for mocking SiM fallback 1/2: 
  * uk.gov.gchq.palisade.rule.Rule<java.io.Serializable>: SIMPLIFY_SETUP(Simplified setup: mocking can simplify the arrange section)
12:55:18.915 [DEBUG]  [Creating]    [analyzer-service:grpc-default-executor-0][com.diffblue.fuzztest.e.c] Created 2+0 tests and partial tests via 'SiM (!sp, fnm, df)' SiM fallback 1/2, returning all 2
12:55:18.945 [DEBUG]  [Creating]    [pool-3-thread-1]   [com.diffblue.cover.m.a.b] in processAnalysisResult for uk.gov.gchq.palisade.rule.Rules.containsRules:()Z
12:55:18.945 [DEBUG]  [Creating]    [pool-3-thread-1]   [com.diffblue.cover.r.d] Finished with MethodGroup: equals, countOfTests: 8, countOfMethodsTested: 1 TestGenerationAccount: a[countOfRemoved=0, countOfUnchanged=0, countOfUpdated=0, countOfNew=31]
12:55:18.945 [INFO]   [Creating]    [pool-3-thread-1]   [com.diffblue.cover.ui.b.b]      [78/131] uk.gov.gchq.palisade.rule.Rules.equals
12:55:18.946 [INFO]   [Creating]    [pool-3-thread-1]   [com.diffblue.cover.ui.b.b]      [78/131]   Tests created: 8
12:55:18.946 [DEBUG]  [Creating]    [pool-3-thread-1]   [com.diffblue.combiner.d.j] Using Javaparser to combine tests
12:55:18.987 [DEBUG]  [Creating]    [pool-6-thread-32]  [com.diffblue.cover.l.a.c] EdgeCoverageRuntime contains 5 edges
12:55:18.987 [DEBUG]  [Creating]    [pool-3-thread-1]   [com.diffblue.combiner.a.c] Adding changeSet to account as new: Optional[uk.gov.gchq.palisade.rule.Rules.containsRules:()Z]
12:55:19.011 [DEBUG]  [Creating]    [pool-3-thread-1]   [com.diffblue.combiner.d.j] Using Javaparser to combine tests
12:55:19.054 [DEBUG]  [Creating]    [pool-6-thread-33]  [com.diffblue.cover.l.a.c] EdgeCoverageRuntime contains 7 edges
12:55:19.054 [DEBUG]  [Creating]    [pool-3-thread-1]   [com.diffblue.combiner.a.c] Adding changeSet to account as new: Optional[uk.gov.gchq.palisade.rule.Rules.containsRules:()Z]
12:55:19.078 [DEBUG]  [Creating]    [analyzer-service:grpc-default-executor-0][com.diffblue.cover.service.analyzer.a.c] Watchdog reset
12:55:19.079 [DEBUG]  [Creating]    [pool-3-thread-1]   [com.diffblue.cover.r.d] Finished with MethodGroup: containsRules, countOfTests: 2, countOfMethodsTested: 1 TestGenerationAccount: a[countOfRemoved=0, countOfUnchanged=0, countOfUpdated=0, countOfNew=33]
12:55:19.079 [INFO]   [Creating]    [pool-3-thread-1]   [com.diffblue.cover.ui.b.b]      [79/131] uk.gov.gchq.palisade.rule.Rules.containsRules
12:55:19.079 [INFO]   [Creating]    [pool-3-thread-1]   [com.diffblue.cover.ui.b.b]      [79/131]   Tests created: 2
12:55:19.081 [INFO]   [Creating]    [pool-3-thread-1]   [com.diffblue.cover.ui.b.b] [10/25] uk.gov.gchq.palisade.rule.Rules
12:55:19.081 [INFO]   [Creating]    [pool-3-thread-1]   [com.diffblue.cover.ui.b.b] [10/25]   Tests created: 11
12:55:19.081 [DEBUG]  [Creating]    [pool-3-thread-1]   [com.diffblue.cover.ui.b.b] [10/25]   (at least 25 lines uncovered in this class)
12:55:19.083 [INFO]   [Creating]    [pool-3-thread-1]   [com.diffblue.cover.m.a.b] 
================================================================================
= Starting analysis for class 'uk.gov.gchq.palisade.user.User'
================================================================================
12:55:19.083 [INFO]   [Creating]    [pool-3-thread-1]   [com.diffblue.cover.m.a.b] Filtering out non-testable methods...
12:55:19.088 [INFO]   [Creating]    [pool-3-thread-1]   [com.diffblue.cover.ui.b.b]      [80/131] uk.gov.gchq.palisade.user.User.addAuths
12:55:19.088 [INFO]   [Creating]    [pool-3-thread-1]   [com.diffblue.cover.ui.b.b]      [80/131]   T024: Generated method
12:55:19.088 [DEBUG]  [Creating]    [pool-3-thread-1]   [com.diffblue.cover.ui.b.b]      [80/131]   (at least 3 lines uncovered in this method)
12:55:19.088 [INFO]   [Creating]    [pool-3-thread-1]   [com.diffblue.cover.ui.b.b]      [80/131]     Indicates that the method is generated by some framework or tool and should not
12:55:19.088 [INFO]   [Creating]    [pool-3-thread-1]   [com.diffblue.cover.ui.b.b]      [80/131]     be tested explicitly. The expectation is that the generator itself should be
12:55:19.088 [INFO]   [Creating]    [pool-3-thread-1]   [com.diffblue.cover.ui.b.b]      [80/131]     tested and not each piece of code it produces.
12:55:19.088 [INFO]   [Creating]    [pool-3-thread-1]   [com.diffblue.cover.ui.b.b]      [80/131]     Currently, this includes methods identified generated by Lombok, Protobuf,
12:55:19.088 [INFO]   [Creating]    [pool-3-thread-1]   [com.diffblue.cover.ui.b.b]      [80/131]     Grpc, Hibernate, or annotated with a custom '@Generated' annotation
12:55:19.088 [INFO]   [Creating]    [pool-3-thread-1]   [com.diffblue.cover.ui.b.b]      [80/131]     (as long as the custom annotation has 'RUNTIME' or 'CLASS' retention).
12:55:19.088 [INFO]   [Creating]    [pool-3-thread-1]   [com.diffblue.cover.ui.b.b]      [80/131]     Diffblue Cover considers these methods as not directly callable.
12:55:19.089 [INFO]   [Creating]    [pool-3-thread-1]   [com.diffblue.cover.ui.b.b]      [81/131] uk.gov.gchq.palisade.user.User.addRoles
12:55:19.089 [INFO]   [Creating]    [pool-3-thread-1]   [com.diffblue.cover.ui.b.b]      [81/131]   T024: Generated method
12:55:19.089 [DEBUG]  [Creating]    [pool-3-thread-1]   [com.diffblue.cover.ui.b.b]      [81/131]   (at least 3 lines uncovered in this method)
12:55:19.089 [INFO]   [Creating]    [pool-3-thread-1]   [com.diffblue.cover.ui.b.b]      [81/131]     Indicates that the method is generated by some framework or tool and should not
12:55:19.089 [INFO]   [Creating]    [pool-3-thread-1]   [com.diffblue.cover.ui.b.b]      [81/131]     be tested explicitly. The expectation is that the generator itself should be
12:55:19.089 [INFO]   [Creating]    [pool-3-thread-1]   [com.diffblue.cover.ui.b.b]      [81/131]     tested and not each piece of code it produces.
12:55:19.089 [INFO]   [Creating]    [pool-3-thread-1]   [com.diffblue.cover.ui.b.b]      [81/131]     Currently, this includes methods identified generated by Lombok, Protobuf,
12:55:19.089 [INFO]   [Creating]    [pool-3-thread-1]   [com.diffblue.cover.ui.b.b]      [81/131]     Grpc, Hibernate, or annotated with a custom '@Generated' annotation
12:55:19.089 [INFO]   [Creating]    [pool-3-thread-1]   [com.diffblue.cover.ui.b.b]      [81/131]     (as long as the custom annotation has 'RUNTIME' or 'CLASS' retention).
12:55:19.090 [INFO]   [Creating]    [pool-3-thread-1]   [com.diffblue.cover.ui.b.b]      [81/131]     Diffblue Cover considers these methods as not directly callable.
12:55:19.091 [INFO]   [Creating]    [pool-3-thread-1]   [com.diffblue.cover.ui.b.b]      [82/131] uk.gov.gchq.palisade.user.User.auths
12:55:19.091 [INFO]   [Creating]    [pool-3-thread-1]   [com.diffblue.cover.ui.b.b]      [82/131]   T024: Generated method
12:55:19.091 [DEBUG]  [Creating]    [pool-3-thread-1]   [com.diffblue.cover.ui.b.b]      [82/131]   (at least 2 lines uncovered in this method)
12:55:19.091 [INFO]   [Creating]    [pool-3-thread-1]   [com.diffblue.cover.ui.b.b]      [82/131]     Indicates that the method is generated by some framework or tool and should not
12:55:19.091 [INFO]   [Creating]    [pool-3-thread-1]   [com.diffblue.cover.ui.b.b]      [82/131]     be tested explicitly. The expectation is that the generator itself should be
12:55:19.091 [INFO]   [Creating]    [pool-3-thread-1]   [com.diffblue.cover.ui.b.b]      [82/131]     tested and not each piece of code it produces.
12:55:19.091 [INFO]   [Creating]    [pool-3-thread-1]   [com.diffblue.cover.ui.b.b]      [82/131]     Currently, this includes methods identified generated by Lombok, Protobuf,
12:55:19.091 [INFO]   [Creating]    [pool-3-thread-1]   [com.diffblue.cover.ui.b.b]      [82/131]     Grpc, Hibernate, or annotated with a custom '@Generated' annotation
12:55:19.091 [INFO]   [Creating]    [pool-3-thread-1]   [com.diffblue.cover.ui.b.b]      [82/131]     (as long as the custom annotation has 'RUNTIME' or 'CLASS' retention).
12:55:19.091 [INFO]   [Creating]    [pool-3-thread-1]   [com.diffblue.cover.ui.b.b]      [82/131]     Diffblue Cover considers these methods as not directly callable.
12:55:19.092 [INFO]   [Creating]    [pool-3-thread-1]   [com.diffblue.cover.ui.b.b]      [83/131] uk.gov.gchq.palisade.user.User.auths
12:55:19.092 [INFO]   [Creating]    [pool-3-thread-1]   [com.diffblue.cover.ui.b.b]      [83/131]   T024: Generated method
12:55:19.092 [DEBUG]  [Creating]    [pool-3-thread-1]   [com.diffblue.cover.ui.b.b]      [83/131]   (at least 2 lines uncovered in this method)
12:55:19.092 [INFO]   [Creating]    [pool-3-thread-1]   [com.diffblue.cover.ui.b.b]      [83/131]     Indicates that the method is generated by some framework or tool and should not
12:55:19.092 [INFO]   [Creating]    [pool-3-thread-1]   [com.diffblue.cover.ui.b.b]      [83/131]     be tested explicitly. The expectation is that the generator itself should be
12:55:19.092 [INFO]   [Creating]    [pool-3-thread-1]   [com.diffblue.cover.ui.b.b]      [83/131]     tested and not each piece of code it produces.
12:55:19.092 [INFO]   [Creating]    [pool-3-thread-1]   [com.diffblue.cover.ui.b.b]      [83/131]     Currently, this includes methods identified generated by Lombok, Protobuf,
12:55:19.092 [INFO]   [Creating]    [pool-3-thread-1]   [com.diffblue.cover.ui.b.b]      [83/131]     Grpc, Hibernate, or annotated with a custom '@Generated' annotation
12:55:19.092 [INFO]   [Creating]    [pool-3-thread-1]   [com.diffblue.cover.ui.b.b]      [83/131]     (as long as the custom annotation has 'RUNTIME' or 'CLASS' retention).
12:55:19.092 [INFO]   [Creating]    [pool-3-thread-1]   [com.diffblue.cover.ui.b.b]      [83/131]     Diffblue Cover considers these methods as not directly callable.
12:55:19.093 [INFO]   [Creating]    [pool-3-thread-1]   [com.diffblue.cover.ui.b.b]      [84/131] uk.gov.gchq.palisade.user.User.equals
12:55:19.093 [INFO]   [Creating]    [pool-3-thread-1]   [com.diffblue.cover.ui.b.b]      [84/131]   T024: Generated method
12:55:19.094 [DEBUG]  [Creating]    [pool-3-thread-1]   [com.diffblue.cover.ui.b.b]      [84/131]   (at least 9 lines uncovered in this method)
12:55:19.094 [INFO]   [Creating]    [pool-3-thread-1]   [com.diffblue.cover.ui.b.b]      [84/131]     Indicates that the method is generated by some framework or tool and should not
12:55:19.094 [INFO]   [Creating]    [pool-3-thread-1]   [com.diffblue.cover.ui.b.b]      [84/131]     be tested explicitly. The expectation is that the generator itself should be
12:55:19.094 [INFO]   [Creating]    [pool-3-thread-1]   [com.diffblue.cover.ui.b.b]      [84/131]     tested and not each piece of code it produces.
12:55:19.094 [INFO]   [Creating]    [pool-3-thread-1]   [com.diffblue.cover.ui.b.b]      [84/131]     Currently, this includes methods identified generated by Lombok, Protobuf,
12:55:19.094 [INFO]   [Creating]    [pool-3-thread-1]   [com.diffblue.cover.ui.b.b]      [84/131]     Grpc, Hibernate, or annotated with a custom '@Generated' annotation
12:55:19.094 [INFO]   [Creating]    [pool-3-thread-1]   [com.diffblue.cover.ui.b.b]      [84/131]     (as long as the custom annotation has 'RUNTIME' or 'CLASS' retention).
12:55:19.094 [INFO]   [Creating]    [pool-3-thread-1]   [com.diffblue.cover.ui.b.b]      [84/131]     Diffblue Cover considers these methods as not directly callable.
12:55:19.095 [INFO]   [Creating]    [pool-3-thread-1]   [com.diffblue.cover.ui.b.b]      [85/131] uk.gov.gchq.palisade.user.User.getAuths
12:55:19.095 [INFO]   [Creating]    [pool-3-thread-1]   [com.diffblue.cover.ui.b.b]      [85/131]   T024: Generated method
12:55:19.095 [DEBUG]  [Creating]    [pool-3-thread-1]   [com.diffblue.cover.ui.b.b]      [85/131]   (at least 1 line uncovered in this method)
12:55:19.095 [INFO]   [Creating]    [pool-3-thread-1]   [com.diffblue.cover.ui.b.b]      [85/131]     Indicates that the method is generated by some framework or tool and should not
12:55:19.095 [INFO]   [Creating]    [pool-3-thread-1]   [com.diffblue.cover.ui.b.b]      [85/131]     be tested explicitly. The expectation is that the generator itself should be
12:55:19.095 [INFO]   [Creating]    [pool-3-thread-1]   [com.diffblue.cover.ui.b.b]      [85/131]     tested and not each piece of code it produces.
12:55:19.095 [INFO]   [Creating]    [pool-3-thread-1]   [com.diffblue.cover.ui.b.b]      [85/131]     Currently, this includes methods identified generated by Lombok, Protobuf,
12:55:19.095 [INFO]   [Creating]    [pool-3-thread-1]   [com.diffblue.cover.ui.b.b]      [85/131]     Grpc, Hibernate, or annotated with a custom '@Generated' annotation
12:55:19.095 [INFO]   [Creating]    [pool-3-thread-1]   [com.diffblue.cover.ui.b.b]      [85/131]     (as long as the custom annotation has 'RUNTIME' or 'CLASS' retention).
12:55:19.095 [INFO]   [Creating]    [pool-3-thread-1]   [com.diffblue.cover.ui.b.b]      [85/131]     Diffblue Cover considers these methods as not directly callable.
12:55:19.096 [INFO]   [Creating]    [pool-3-thread-1]   [com.diffblue.cover.ui.b.b]      [86/131] uk.gov.gchq.palisade.user.User.getRoles
12:55:19.096 [INFO]   [Creating]    [pool-3-thread-1]   [com.diffblue.cover.ui.b.b]      [86/131]   T024: Generated method
12:55:19.096 [DEBUG]  [Creating]    [pool-3-thread-1]   [com.diffblue.cover.ui.b.b]      [86/131]   (at least 1 line uncovered in this method)
12:55:19.096 [INFO]   [Creating]    [pool-3-thread-1]   [com.diffblue.cover.ui.b.b]      [86/131]     Indicates that the method is generated by some framework or tool and should not
12:55:19.096 [INFO]   [Creating]    [pool-3-thread-1]   [com.diffblue.cover.ui.b.b]      [86/131]     be tested explicitly. The expectation is that the generator itself should be
12:55:19.096 [INFO]   [Creating]    [pool-3-thread-1]   [com.diffblue.cover.ui.b.b]      [86/131]     tested and not each piece of code it produces.
12:55:19.096 [INFO]   [Creating]    [pool-3-thread-1]   [com.diffblue.cover.ui.b.b]      [86/131]     Currently, this includes methods identified generated by Lombok, Protobuf,
12:55:19.096 [INFO]   [Creating]    [pool-3-thread-1]   [com.diffblue.cover.ui.b.b]      [86/131]     Grpc, Hibernate, or annotated with a custom '@Generated' annotation
12:55:19.096 [INFO]   [Creating]    [pool-3-thread-1]   [com.diffblue.cover.ui.b.b]      [86/131]     (as long as the custom annotation has 'RUNTIME' or 'CLASS' retention).
12:55:19.096 [INFO]   [Creating]    [pool-3-thread-1]   [com.diffblue.cover.ui.b.b]      [86/131]     Diffblue Cover considers these methods as not directly callable.
12:55:19.097 [INFO]   [Creating]    [pool-3-thread-1]   [com.diffblue.cover.ui.b.b]      [87/131] uk.gov.gchq.palisade.user.User.getUserId
12:55:19.097 [INFO]   [Creating]    [pool-3-thread-1]   [com.diffblue.cover.ui.b.b]      [87/131]   T024: Generated method
12:55:19.097 [DEBUG]  [Creating]    [pool-3-thread-1]   [com.diffblue.cover.ui.b.b]      [87/131]   (at least 1 line uncovered in this method)
12:55:19.097 [INFO]   [Creating]    [pool-3-thread-1]   [com.diffblue.cover.ui.b.b]      [87/131]     Indicates that the method is generated by some framework or tool and should not
12:55:19.097 [INFO]   [Creating]    [pool-3-thread-1]   [com.diffblue.cover.ui.b.b]      [87/131]     be tested explicitly. The expectation is that the generator itself should be
12:55:19.097 [INFO]   [Creating]    [pool-3-thread-1]   [com.diffblue.cover.ui.b.b]      [87/131]     tested and not each piece of code it produces.
12:55:19.097 [INFO]   [Creating]    [pool-3-thread-1]   [com.diffblue.cover.ui.b.b]      [87/131]     Currently, this includes methods identified generated by Lombok, Protobuf,
12:55:19.097 [INFO]   [Creating]    [pool-3-thread-1]   [com.diffblue.cover.ui.b.b]      [87/131]     Grpc, Hibernate, or annotated with a custom '@Generated' annotation
12:55:19.097 [INFO]   [Creating]    [pool-3-thread-1]   [com.diffblue.cover.ui.b.b]      [87/131]     (as long as the custom annotation has 'RUNTIME' or 'CLASS' retention).
12:55:19.097 [INFO]   [Creating]    [pool-3-thread-1]   [com.diffblue.cover.ui.b.b]      [87/131]     Diffblue Cover considers these methods as not directly callable.
12:55:19.098 [INFO]   [Creating]    [pool-3-thread-1]   [com.diffblue.cover.ui.b.b]      [88/131] uk.gov.gchq.palisade.user.User.hashCode
12:55:19.098 [INFO]   [Creating]    [pool-3-thread-1]   [com.diffblue.cover.ui.b.b]      [88/131]   T024: Generated method
12:55:19.098 [DEBUG]  [Creating]    [pool-3-thread-1]   [com.diffblue.cover.ui.b.b]      [88/131]   (at least 1 line uncovered in this method)
12:55:19.098 [INFO]   [Creating]    [pool-3-thread-1]   [com.diffblue.cover.ui.b.b]      [88/131]     Indicates that the method is generated by some framework or tool and should not
12:55:19.098 [INFO]   [Creating]    [pool-3-thread-1]   [com.diffblue.cover.ui.b.b]      [88/131]     be tested explicitly. The expectation is that the generator itself should be
12:55:19.098 [INFO]   [Creating]    [pool-3-thread-1]   [com.diffblue.cover.ui.b.b]      [88/131]     tested and not each piece of code it produces.
12:55:19.098 [INFO]   [Creating]    [pool-3-thread-1]   [com.diffblue.cover.ui.b.b]      [88/131]     Currently, this includes methods identified generated by Lombok, Protobuf,
12:55:19.098 [INFO]   [Creating]    [pool-3-thread-1]   [com.diffblue.cover.ui.b.b]      [88/131]     Grpc, Hibernate, or annotated with a custom '@Generated' annotation
12:55:19.098 [INFO]   [Creating]    [pool-3-thread-1]   [com.diffblue.cover.ui.b.b]      [88/131]     (as long as the custom annotation has 'RUNTIME' or 'CLASS' retention).
12:55:19.098 [INFO]   [Creating]    [pool-3-thread-1]   [com.diffblue.cover.ui.b.b]      [88/131]     Diffblue Cover considers these methods as not directly callable.
12:55:19.099 [INFO]   [Creating]    [pool-3-thread-1]   [com.diffblue.cover.ui.b.b]      [89/131] uk.gov.gchq.palisade.user.User.roles
12:55:19.099 [INFO]   [Creating]    [pool-3-thread-1]   [com.diffblue.cover.ui.b.b]      [89/131]   T024: Generated method
12:55:19.099 [DEBUG]  [Creating]    [pool-3-thread-1]   [com.diffblue.cover.ui.b.b]      [89/131]   (at least 2 lines uncovered in this method)
12:55:19.099 [INFO]   [Creating]    [pool-3-thread-1]   [com.diffblue.cover.ui.b.b]      [89/131]     Indicates that the method is generated by some framework or tool and should not
12:55:19.099 [INFO]   [Creating]    [pool-3-thread-1]   [com.diffblue.cover.ui.b.b]      [89/131]     be tested explicitly. The expectation is that the generator itself should be
12:55:19.099 [INFO]   [Creating]    [pool-3-thread-1]   [com.diffblue.cover.ui.b.b]      [89/131]     tested and not each piece of code it produces.
12:55:19.099 [INFO]   [Creating]    [pool-3-thread-1]   [com.diffblue.cover.ui.b.b]      [89/131]     Currently, this includes methods identified generated by Lombok, Protobuf,
12:55:19.099 [INFO]   [Creating]    [pool-3-thread-1]   [com.diffblue.cover.ui.b.b]      [89/131]     Grpc, Hibernate, or annotated with a custom '@Generated' annotation
12:55:19.099 [INFO]   [Creating]    [pool-3-thread-1]   [com.diffblue.cover.ui.b.b]      [89/131]     (as long as the custom annotation has 'RUNTIME' or 'CLASS' retention).
12:55:19.099 [INFO]   [Creating]    [pool-3-thread-1]   [com.diffblue.cover.ui.b.b]      [89/131]     Diffblue Cover considers these methods as not directly callable.
12:55:19.100 [INFO]   [Creating]    [pool-3-thread-1]   [com.diffblue.cover.ui.b.b]      [90/131] uk.gov.gchq.palisade.user.User.roles
12:55:19.100 [INFO]   [Creating]    [pool-3-thread-1]   [com.diffblue.cover.ui.b.b]      [90/131]   T024: Generated method
12:55:19.101 [DEBUG]  [Creating]    [pool-3-thread-1]   [com.diffblue.cover.ui.b.b]      [90/131]   (at least 2 lines uncovered in this method)
12:55:19.101 [INFO]   [Creating]    [pool-3-thread-1]   [com.diffblue.cover.ui.b.b]      [90/131]     Indicates that the method is generated by some framework or tool and should not
12:55:19.101 [INFO]   [Creating]    [pool-3-thread-1]   [com.diffblue.cover.ui.b.b]      [90/131]     be tested explicitly. The expectation is that the generator itself should be
12:55:19.101 [INFO]   [Creating]    [pool-3-thread-1]   [com.diffblue.cover.ui.b.b]      [90/131]     tested and not each piece of code it produces.
12:55:19.101 [INFO]   [Creating]    [pool-3-thread-1]   [com.diffblue.cover.ui.b.b]      [90/131]     Currently, this includes methods identified generated by Lombok, Protobuf,
12:55:19.101 [INFO]   [Creating]    [pool-3-thread-1]   [com.diffblue.cover.ui.b.b]      [90/131]     Grpc, Hibernate, or annotated with a custom '@Generated' annotation
12:55:19.101 [INFO]   [Creating]    [pool-3-thread-1]   [com.diffblue.cover.ui.b.b]      [90/131]     (as long as the custom annotation has 'RUNTIME' or 'CLASS' retention).
12:55:19.101 [INFO]   [Creating]    [pool-3-thread-1]   [com.diffblue.cover.ui.b.b]      [90/131]     Diffblue Cover considers these methods as not directly callable.
12:55:19.102 [INFO]   [Creating]    [pool-3-thread-1]   [com.diffblue.cover.ui.b.b]      [91/131] uk.gov.gchq.palisade.user.User.setAuths
12:55:19.102 [INFO]   [Creating]    [pool-3-thread-1]   [com.diffblue.cover.ui.b.b]      [91/131]   T024: Generated method
12:55:19.102 [DEBUG]  [Creating]    [pool-3-thread-1]   [com.diffblue.cover.ui.b.b]      [91/131]   (at least 3 lines uncovered in this method)
12:55:19.102 [INFO]   [Creating]    [pool-3-thread-1]   [com.diffblue.cover.ui.b.b]      [91/131]     Indicates that the method is generated by some framework or tool and should not
12:55:19.102 [INFO]   [Creating]    [pool-3-thread-1]   [com.diffblue.cover.ui.b.b]      [91/131]     be tested explicitly. The expectation is that the generator itself should be
12:55:19.102 [INFO]   [Creating]    [pool-3-thread-1]   [com.diffblue.cover.ui.b.b]      [91/131]     tested and not each piece of code it produces.
12:55:19.102 [INFO]   [Creating]    [pool-3-thread-1]   [com.diffblue.cover.ui.b.b]      [91/131]     Currently, this includes methods identified generated by Lombok, Protobuf,
12:55:19.102 [INFO]   [Creating]    [pool-3-thread-1]   [com.diffblue.cover.ui.b.b]      [91/131]     Grpc, Hibernate, or annotated with a custom '@Generated' annotation
12:55:19.102 [INFO]   [Creating]    [pool-3-thread-1]   [com.diffblue.cover.ui.b.b]      [91/131]     (as long as the custom annotation has 'RUNTIME' or 'CLASS' retention).
12:55:19.102 [INFO]   [Creating]    [pool-3-thread-1]   [com.diffblue.cover.ui.b.b]      [91/131]     Diffblue Cover considers these methods as not directly callable.
12:55:19.103 [INFO]   [Creating]    [pool-3-thread-1]   [com.diffblue.cover.ui.b.b]      [92/131] uk.gov.gchq.palisade.user.User.setRoles
12:55:19.103 [INFO]   [Creating]    [pool-3-thread-1]   [com.diffblue.cover.ui.b.b]      [92/131]   T024: Generated method
12:55:19.103 [DEBUG]  [Creating]    [pool-3-thread-1]   [com.diffblue.cover.ui.b.b]      [92/131]   (at least 3 lines uncovered in this method)
12:55:19.103 [INFO]   [Creating]    [pool-3-thread-1]   [com.diffblue.cover.ui.b.b]      [92/131]     Indicates that the method is generated by some framework or tool and should not
12:55:19.103 [INFO]   [Creating]    [pool-3-thread-1]   [com.diffblue.cover.ui.b.b]      [92/131]     be tested explicitly. The expectation is that the generator itself should be
12:55:19.103 [INFO]   [Creating]    [pool-3-thread-1]   [com.diffblue.cover.ui.b.b]      [92/131]     tested and not each piece of code it produces.
12:55:19.103 [INFO]   [Creating]    [pool-3-thread-1]   [com.diffblue.cover.ui.b.b]      [92/131]     Currently, this includes methods identified generated by Lombok, Protobuf,
12:55:19.103 [INFO]   [Creating]    [pool-3-thread-1]   [com.diffblue.cover.ui.b.b]      [92/131]     Grpc, Hibernate, or annotated with a custom '@Generated' annotation
12:55:19.103 [INFO]   [Creating]    [pool-3-thread-1]   [com.diffblue.cover.ui.b.b]      [92/131]     (as long as the custom annotation has 'RUNTIME' or 'CLASS' retention).
12:55:19.103 [INFO]   [Creating]    [pool-3-thread-1]   [com.diffblue.cover.ui.b.b]      [92/131]     Diffblue Cover considers these methods as not directly callable.
12:55:19.104 [INFO]   [Creating]    [pool-3-thread-1]   [com.diffblue.cover.ui.b.b]      [93/131] uk.gov.gchq.palisade.user.User.setUserId
12:55:19.104 [INFO]   [Creating]    [pool-3-thread-1]   [com.diffblue.cover.ui.b.b]      [93/131]   T024: Generated method
12:55:19.104 [DEBUG]  [Creating]    [pool-3-thread-1]   [com.diffblue.cover.ui.b.b]      [93/131]   (at least 3 lines uncovered in this method)
12:55:19.104 [INFO]   [Creating]    [pool-3-thread-1]   [com.diffblue.cover.ui.b.b]      [93/131]     Indicates that the method is generated by some framework or tool and should not
12:55:19.104 [INFO]   [Creating]    [pool-3-thread-1]   [com.diffblue.cover.ui.b.b]      [93/131]     be tested explicitly. The expectation is that the generator itself should be
12:55:19.104 [INFO]   [Creating]    [pool-3-thread-1]   [com.diffblue.cover.ui.b.b]      [93/131]     tested and not each piece of code it produces.
12:55:19.104 [INFO]   [Creating]    [pool-3-thread-1]   [com.diffblue.cover.ui.b.b]      [93/131]     Currently, this includes methods identified generated by Lombok, Protobuf,
12:55:19.104 [INFO]   [Creating]    [pool-3-thread-1]   [com.diffblue.cover.ui.b.b]      [93/131]     Grpc, Hibernate, or annotated with a custom '@Generated' annotation
12:55:19.104 [INFO]   [Creating]    [pool-3-thread-1]   [com.diffblue.cover.ui.b.b]      [93/131]     (as long as the custom annotation has 'RUNTIME' or 'CLASS' retention).
12:55:19.104 [INFO]   [Creating]    [pool-3-thread-1]   [com.diffblue.cover.ui.b.b]      [93/131]     Diffblue Cover considers these methods as not directly callable.
12:55:19.105 [INFO]   [Creating]    [pool-3-thread-1]   [com.diffblue.cover.ui.b.b]      [94/131] uk.gov.gchq.palisade.user.User.toString
12:55:19.105 [INFO]   [Creating]    [pool-3-thread-1]   [com.diffblue.cover.ui.b.b]      [94/131]   T024: Generated method
12:55:19.105 [DEBUG]  [Creating]    [pool-3-thread-1]   [com.diffblue.cover.ui.b.b]      [94/131]   (at least 7 lines uncovered in this method)
12:55:19.105 [INFO]   [Creating]    [pool-3-thread-1]   [com.diffblue.cover.ui.b.b]      [94/131]     Indicates that the method is generated by some framework or tool and should not
12:55:19.105 [INFO]   [Creating]    [pool-3-thread-1]   [com.diffblue.cover.ui.b.b]      [94/131]     be tested explicitly. The expectation is that the generator itself should be
12:55:19.105 [INFO]   [Creating]    [pool-3-thread-1]   [com.diffblue.cover.ui.b.b]      [94/131]     tested and not each piece of code it produces.
12:55:19.105 [INFO]   [Creating]    [pool-3-thread-1]   [com.diffblue.cover.ui.b.b]      [94/131]     Currently, this includes methods identified generated by Lombok, Protobuf,
12:55:19.105 [INFO]   [Creating]    [pool-3-thread-1]   [com.diffblue.cover.ui.b.b]      [94/131]     Grpc, Hibernate, or annotated with a custom '@Generated' annotation
12:55:19.105 [INFO]   [Creating]    [pool-3-thread-1]   [com.diffblue.cover.ui.b.b]      [94/131]     (as long as the custom annotation has 'RUNTIME' or 'CLASS' retention).
12:55:19.105 [INFO]   [Creating]    [pool-3-thread-1]   [com.diffblue.cover.ui.b.b]      [94/131]     Diffblue Cover considers these methods as not directly callable.
12:55:19.106 [INFO]   [Creating]    [pool-3-thread-1]   [com.diffblue.cover.ui.b.b]      [95/131] uk.gov.gchq.palisade.user.User.userId
12:55:19.106 [INFO]   [Creating]    [pool-3-thread-1]   [com.diffblue.cover.ui.b.b]      [95/131]   T024: Generated method
12:55:19.106 [DEBUG]  [Creating]    [pool-3-thread-1]   [com.diffblue.cover.ui.b.b]      [95/131]   (at least 2 lines uncovered in this method)
12:55:19.106 [INFO]   [Creating]    [pool-3-thread-1]   [com.diffblue.cover.ui.b.b]      [95/131]     Indicates that the method is generated by some framework or tool and should not
12:55:19.106 [INFO]   [Creating]    [pool-3-thread-1]   [com.diffblue.cover.ui.b.b]      [95/131]     be tested explicitly. The expectation is that the generator itself should be
12:55:19.106 [INFO]   [Creating]    [pool-3-thread-1]   [com.diffblue.cover.ui.b.b]      [95/131]     tested and not each piece of code it produces.
12:55:19.106 [INFO]   [Creating]    [pool-3-thread-1]   [com.diffblue.cover.ui.b.b]      [95/131]     Currently, this includes methods identified generated by Lombok, Protobuf,
12:55:19.106 [INFO]   [Creating]    [pool-3-thread-1]   [com.diffblue.cover.ui.b.b]      [95/131]     Grpc, Hibernate, or annotated with a custom '@Generated' annotation
12:55:19.106 [INFO]   [Creating]    [pool-3-thread-1]   [com.diffblue.cover.ui.b.b]      [95/131]     (as long as the custom annotation has 'RUNTIME' or 'CLASS' retention).
12:55:19.106 [INFO]   [Creating]    [pool-3-thread-1]   [com.diffblue.cover.ui.b.b]      [95/131]     Diffblue Cover considers these methods as not directly callable.
12:55:19.107 [INFO]   [Creating]    [pool-3-thread-1]   [com.diffblue.cover.ui.b.b]      [96/131] uk.gov.gchq.palisade.user.User.userId
12:55:19.107 [INFO]   [Creating]    [pool-3-thread-1]   [com.diffblue.cover.ui.b.b]      [96/131]   T024: Generated method
12:55:19.107 [DEBUG]  [Creating]    [pool-3-thread-1]   [com.diffblue.cover.ui.b.b]      [96/131]   (at least 2 lines uncovered in this method)
12:55:19.107 [INFO]   [Creating]    [pool-3-thread-1]   [com.diffblue.cover.ui.b.b]      [96/131]     Indicates that the method is generated by some framework or tool and should not
12:55:19.107 [INFO]   [Creating]    [pool-3-thread-1]   [com.diffblue.cover.ui.b.b]      [96/131]     be tested explicitly. The expectation is that the generator itself should be
12:55:19.107 [INFO]   [Creating]    [pool-3-thread-1]   [com.diffblue.cover.ui.b.b]      [96/131]     tested and not each piece of code it produces.
12:55:19.107 [INFO]   [Creating]    [pool-3-thread-1]   [com.diffblue.cover.ui.b.b]      [96/131]     Currently, this includes methods identified generated by Lombok, Protobuf,
12:55:19.107 [INFO]   [Creating]    [pool-3-thread-1]   [com.diffblue.cover.ui.b.b]      [96/131]     Grpc, Hibernate, or annotated with a custom '@Generated' annotation
12:55:19.107 [INFO]   [Creating]    [pool-3-thread-1]   [com.diffblue.cover.ui.b.b]      [96/131]     (as long as the custom annotation has 'RUNTIME' or 'CLASS' retention).
12:55:19.107 [INFO]   [Creating]    [pool-3-thread-1]   [com.diffblue.cover.ui.b.b]      [96/131]     Diffblue Cover considers these methods as not directly callable.
12:55:19.107 [DEBUG]  [Creating]    [pool-3-thread-1]   [com.diffblue.combiner.d.j] Using Javaparser to combine tests
12:55:19.108 [INFO]   [Creating]    [pool-3-thread-1]   [com.diffblue.cover.m.a.b] Filtering of methods complete. Creating analysis request
12:55:19.108 [INFO]   [Creating]    [pool-3-thread-1]   [com.diffblue.cover.service.c] Attempting to get service client, retry 1.
12:55:19.122 [DEBUG]  [Creating]    [analyzer-service:grpc-default-executor-0][com.diffblue.fuzztest.e.a] Class information:
12:55:19.122 [DEBUG]  [Creating]    [analyzer-service:grpc-default-executor-0][com.diffblue.fuzztest.e.a]   Implements: interface java.io.Serializable
12:55:19.122 [DEBUG]  [Creating]    [analyzer-service:grpc-default-executor-0][com.diffblue.fuzztest.e.a]   Class annotations: @com.fasterxml.jackson.annotation.JsonTypeInfo(property="", include=PROPERTY, visible=false, defaultImpl=com.fasterxml.jackson.annotation.JsonTypeInfo.class, use=CLASS)
12:55:19.122 [DEBUG]  [Creating]    [analyzer-service:grpc-default-executor-0][com.diffblue.fuzztest.e.a]   Fields: private java.util.Set uk.gov.gchq.palisade.user.User.auths, private java.util.Set uk.gov.gchq.palisade.user.User.roles, private static final long uk.gov.gchq.palisade.user.User.serialVersionUID, private uk.gov.gchq.palisade.user.UserId uk.gov.gchq.palisade.user.User.userId
12:55:19.123 [DEBUG]  [Creating]    [analyzer-service:grpc-default-executor-0][com.diffblue.fuzztest.e.a]   Constructors: public uk.gov.gchq.palisade.user.User(), uk.gov.gchq.palisade.user.User(uk.gov.gchq.palisade.user.User)
12:55:19.123 [DEBUG]  [Creating]    [analyzer-service:grpc-default-executor-0][com.diffblue.fuzztest.e.a]   Methods: public uk.gov.gchq.palisade.user.User uk.gov.gchq.palisade.user.User.addAuths(java.util.Set), public uk.gov.gchq.palisade.user.User uk.gov.gchq.palisade.user.User.addRoles(java.util.Set), public uk.gov.gchq.palisade.user.User uk.gov.gchq.palisade.user.User.auths(java.util.Set), public uk.gov.gchq.palisade.user.User uk.gov.gchq.palisade.user.User.auths(java.lang.String[]), public boolean uk.gov.gchq.palisade.user.User.equals(java.lang.Object), public java.util.Set uk.gov.gchq.palisade.user.User.getAuths(), public java.util.Set uk.gov.gchq.palisade.user.User.getRoles(), public uk.gov.gchq.palisade.user.UserId uk.gov.gchq.palisade.user.User.getUserId(), public int uk.gov.gchq.palisade.user.User.hashCode(), public uk.gov.gchq.palisade.user.User uk.gov.gchq.palisade.user.User.roles(java.util.Set), public uk.gov.gchq.palisade.user.User uk.gov.gchq.palisade.user.User.roles(java.lang.String[]), public void uk.gov.gchq.palisade.user.User.setAuths(java.util.Set), public void uk.gov.gchq.palisade.user.User.setRoles(java.util.Set), public void uk.gov.gchq.palisade.user.User.setUserId(uk.gov.gchq.palisade.user.UserId), public java.lang.String uk.gov.gchq.palisade.user.User.toString(), public uk.gov.gchq.palisade.user.User uk.gov.gchq.palisade.user.User.userId(java.lang.String), public uk.gov.gchq.palisade.user.User uk.gov.gchq.palisade.user.User.userId(uk.gov.gchq.palisade.user.UserId)
12:55:19.130 [DEBUG]  [Creating]    [analyzer-service:TimedExecutor-79][com.diffblue.fuzztest.g.e] 
================================================================================
= Creating tests for 'uk.gov.gchq.palisade.user.User.<init>:()V' using 'TrM (!sp, !fnm, df)'
================================================================================
12:55:19.131 [DEBUG]  [Creating]    [analyzer-service:TimedExecutor-79][com.diffblue.fuzztest.g.e] 
================================================================================
= Trying DI configuration EmptyDependencyInjectionTirConfiguration for uk.gov.gchq.palisade.user.User.<init>:()V
================================================================================
12:55:19.174 [DEBUG]  [Creating]    [analyzer-service:TimedExecutor-79][com.diffblue.fuzztest.g.e] DI configuration 'com.diffblue.tir.p' generated tests: 1
12:55:19.174 [DEBUG]  [Creating]    [analyzer-service:TimedExecutor-79][com.diffblue.fuzztest.g.e] Enabling descriptive test naming
12:55:19.175 [DEBUG]  [Creating]    [analyzer-service:grpc-default-executor-0][com.diffblue.fuzztest.e.c] Created 1+0 tests and partial tests via 'TrM (!sp, !fnm, df)' , returning all 1
12:55:19.188 [DEBUG]  [Creating]    [pool-3-thread-1]   [com.diffblue.cover.m.a.b] in processAnalysisResult for uk.gov.gchq.palisade.user.User.<init>:()V
12:55:19.188 [DEBUG]  [Creating]    [pool-3-thread-1]   [com.diffblue.combiner.d.j] Using Javaparser to combine tests
12:55:19.231 [DEBUG]  [Creating]    [pool-6-thread-34]  [com.diffblue.cover.l.a.c] EdgeCoverageRuntime contains 5 edges
12:55:19.231 [DEBUG]  [Creating]    [pool-3-thread-1]   [com.diffblue.combiner.a.c] Adding changeSet to account as new: Optional[uk.gov.gchq.palisade.user.User.<init>:()V]
12:55:19.239 [DEBUG]  [Creating]    [analyzer-service:TimedExecutor-80][com.diffblue.fuzztest.g.e] 
================================================================================
= Creating tests for 'uk.gov.gchq.palisade.user.User.<init>:(Luk/gov/gchq/palisade/user/User;)V' using 'SiM (!sp, fnm, df)'
================================================================================
12:55:19.242 [DEBUG]  [Creating]    [analyzer-service:TimedExecutor-80][com.diffblue.fuzztest.g.ap] Parsed existing test class at /home/jbergqvist/diffblue/Palisade-common/src/test/java/uk/gov/gchq/palisade/user/UserDiffblueTest.java: found 0 annotations
12:55:19.242 [DEBUG]  [Creating]    [analyzer-service:TimedExecutor-80][com.diffblue.fuzztest.g.e] 
================================================================================
= Trying DI configuration EmptyDependencyInjectionTirConfiguration for uk.gov.gchq.palisade.user.User.<init>:(Luk/gov/gchq/palisade/user/User;)V
================================================================================
12:55:19.359 [DEBUG]  [Creating]    [analyzer-service:TimedExecutor-80][com.diffblue.fuzztest.b.f] Refinement loop done: 1 seeds, 2+0 new+accumulated tests, 1+1 tests+partial tests, 75/1000 its
12:55:19.395 [DEBUG]  [Creating]    [analyzer-service:TimedExecutor-80][com.diffblue.fuzztest.g.e] DI configuration 'com.diffblue.tir.p' generated tests: 2
12:55:19.395 [DEBUG]  [Creating]    [analyzer-service:TimedExecutor-80][com.diffblue.fuzztest.g.e] Enabling descriptive test naming
12:55:19.398 [DEBUG]  [Creating]    [analyzer-service:grpc-default-executor-0][com.diffblue.fuzztest.e.c] Created 1+0 tests and partial tests via 'SiM (!sp, fnm, df)' SiM fallback 1/2, returning all 1
12:55:19.416 [DEBUG]  [Creating]    [pool-3-thread-1]   [com.diffblue.cover.m.a.b] in processAnalysisResult for uk.gov.gchq.palisade.user.User.<init>:(Luk/gov/gchq/palisade/user/User;)V
12:55:19.416 [DEBUG]  [Creating]    [pool-3-thread-1]   [com.diffblue.cover.r.d] Finished with MethodGroup: <init>, countOfTests: 1, countOfMethodsTested: 1 TestGenerationAccount: a[countOfRemoved=0, countOfUnchanged=0, countOfUpdated=0, countOfNew=34]
12:55:19.416 [INFO]   [Creating]    [pool-3-thread-1]   [com.diffblue.cover.ui.b.b]      [97/131] uk.gov.gchq.palisade.user.User.<init>
12:55:19.416 [INFO]   [Creating]    [pool-3-thread-1]   [com.diffblue.cover.ui.b.b]      [97/131]   Tests created: 1
12:55:19.416 [DEBUG]  [Creating]    [pool-3-thread-1]   [com.diffblue.combiner.d.j] Using Javaparser to combine tests
12:55:19.458 [DEBUG]  [Creating]    [pool-6-thread-35]  [com.diffblue.cover.l.a.c] EdgeCoverageRuntime contains 12 edges
12:55:19.458 [DEBUG]  [Creating]    [pool-3-thread-1]   [com.diffblue.combiner.a.c] Adding changeSet to account as new: Optional[uk.gov.gchq.palisade.user.User.<init>:(Luk/gov/gchq/palisade/user/User;)V]
12:55:19.471 [DEBUG]  [Creating]    [pool-3-thread-1]   [com.diffblue.cover.r.d] Finished with MethodGroup: <init>, countOfTests: 1, countOfMethodsTested: 1 TestGenerationAccount: a[countOfRemoved=0, countOfUnchanged=0, countOfUpdated=0, countOfNew=35]
12:55:19.471 [INFO]   [Creating]    [pool-3-thread-1]   [com.diffblue.cover.ui.b.b]      [98/131] uk.gov.gchq.palisade.user.User.<init>
12:55:19.471 [INFO]   [Creating]    [pool-3-thread-1]   [com.diffblue.cover.ui.b.b]      [98/131]   Tests created: 1
12:55:19.472 [INFO]   [Creating]    [pool-3-thread-1]   [com.diffblue.cover.ui.b.b] [11/25] uk.gov.gchq.palisade.user.User
12:55:19.472 [INFO]   [Creating]    [pool-3-thread-1]   [com.diffblue.cover.ui.b.b] [11/25]   Tests created: 2
12:55:19.472 [DEBUG]  [Creating]    [pool-3-thread-1]   [com.diffblue.cover.ui.b.b] [11/25]   (at least 47 lines uncovered in this class)
12:55:19.473 [INFO]   [Creating]    [pool-3-thread-1]   [com.diffblue.cover.m.a.b] 
================================================================================
= Starting analysis for class 'uk.gov.gchq.palisade.user.UserId'
================================================================================
12:55:19.473 [INFO]   [Creating]    [pool-3-thread-1]   [com.diffblue.cover.m.a.b] Filtering out non-testable methods...
12:55:19.475 [INFO]   [Creating]    [pool-3-thread-1]   [com.diffblue.cover.ui.b.b]      [99/131] uk.gov.gchq.palisade.user.UserId.equals
12:55:19.475 [INFO]   [Creating]    [pool-3-thread-1]   [com.diffblue.cover.ui.b.b]      [99/131]   T024: Generated method
12:55:19.475 [DEBUG]  [Creating]    [pool-3-thread-1]   [com.diffblue.cover.ui.b.b]      [99/131]   (at least 6 lines uncovered in this method)
12:55:19.475 [INFO]   [Creating]    [pool-3-thread-1]   [com.diffblue.cover.ui.b.b]      [99/131]     Indicates that the method is generated by some framework or tool and should not
12:55:19.475 [INFO]   [Creating]    [pool-3-thread-1]   [com.diffblue.cover.ui.b.b]      [99/131]     be tested explicitly. The expectation is that the generator itself should be
12:55:19.475 [INFO]   [Creating]    [pool-3-thread-1]   [com.diffblue.cover.ui.b.b]      [99/131]     tested and not each piece of code it produces.
12:55:19.475 [INFO]   [Creating]    [pool-3-thread-1]   [com.diffblue.cover.ui.b.b]      [99/131]     Currently, this includes methods identified generated by Lombok, Protobuf,
12:55:19.475 [INFO]   [Creating]    [pool-3-thread-1]   [com.diffblue.cover.ui.b.b]      [99/131]     Grpc, Hibernate, or annotated with a custom '@Generated' annotation
12:55:19.475 [INFO]   [Creating]    [pool-3-thread-1]   [com.diffblue.cover.ui.b.b]      [99/131]     (as long as the custom annotation has 'RUNTIME' or 'CLASS' retention).
12:55:19.475 [INFO]   [Creating]    [pool-3-thread-1]   [com.diffblue.cover.ui.b.b]      [99/131]     Diffblue Cover considers these methods as not directly callable.
12:55:19.476 [INFO]   [Creating]    [pool-3-thread-1]   [com.diffblue.cover.ui.b.b]     [100/131] uk.gov.gchq.palisade.user.UserId.getId
12:55:19.476 [INFO]   [Creating]    [pool-3-thread-1]   [com.diffblue.cover.ui.b.b]     [100/131]   T024: Generated method
12:55:19.476 [DEBUG]  [Creating]    [pool-3-thread-1]   [com.diffblue.cover.ui.b.b]     [100/131]   (at least 1 line uncovered in this method)
12:55:19.476 [INFO]   [Creating]    [pool-3-thread-1]   [com.diffblue.cover.ui.b.b]     [100/131]     Indicates that the method is generated by some framework or tool and should not
12:55:19.476 [INFO]   [Creating]    [pool-3-thread-1]   [com.diffblue.cover.ui.b.b]     [100/131]     be tested explicitly. The expectation is that the generator itself should be
12:55:19.476 [INFO]   [Creating]    [pool-3-thread-1]   [com.diffblue.cover.ui.b.b]     [100/131]     tested and not each piece of code it produces.
12:55:19.476 [INFO]   [Creating]    [pool-3-thread-1]   [com.diffblue.cover.ui.b.b]     [100/131]     Currently, this includes methods identified generated by Lombok, Protobuf,
12:55:19.476 [INFO]   [Creating]    [pool-3-thread-1]   [com.diffblue.cover.ui.b.b]     [100/131]     Grpc, Hibernate, or annotated with a custom '@Generated' annotation
12:55:19.476 [INFO]   [Creating]    [pool-3-thread-1]   [com.diffblue.cover.ui.b.b]     [100/131]     (as long as the custom annotation has 'RUNTIME' or 'CLASS' retention).
12:55:19.476 [INFO]   [Creating]    [pool-3-thread-1]   [com.diffblue.cover.ui.b.b]     [100/131]     Diffblue Cover considers these methods as not directly callable.
12:55:19.477 [INFO]   [Creating]    [pool-3-thread-1]   [com.diffblue.cover.ui.b.b]     [101/131] uk.gov.gchq.palisade.user.UserId.hashCode
12:55:19.477 [INFO]   [Creating]    [pool-3-thread-1]   [com.diffblue.cover.ui.b.b]     [101/131]   T024: Generated method
12:55:19.477 [DEBUG]  [Creating]    [pool-3-thread-1]   [com.diffblue.cover.ui.b.b]     [101/131]   (at least 1 line uncovered in this method)
12:55:19.477 [INFO]   [Creating]    [pool-3-thread-1]   [com.diffblue.cover.ui.b.b]     [101/131]     Indicates that the method is generated by some framework or tool and should not
12:55:19.477 [INFO]   [Creating]    [pool-3-thread-1]   [com.diffblue.cover.ui.b.b]     [101/131]     be tested explicitly. The expectation is that the generator itself should be
12:55:19.477 [INFO]   [Creating]    [pool-3-thread-1]   [com.diffblue.cover.ui.b.b]     [101/131]     tested and not each piece of code it produces.
12:55:19.477 [INFO]   [Creating]    [pool-3-thread-1]   [com.diffblue.cover.ui.b.b]     [101/131]     Currently, this includes methods identified generated by Lombok, Protobuf,
12:55:19.477 [INFO]   [Creating]    [pool-3-thread-1]   [com.diffblue.cover.ui.b.b]     [101/131]     Grpc, Hibernate, or annotated with a custom '@Generated' annotation
12:55:19.477 [INFO]   [Creating]    [pool-3-thread-1]   [com.diffblue.cover.ui.b.b]     [101/131]     (as long as the custom annotation has 'RUNTIME' or 'CLASS' retention).
12:55:19.477 [INFO]   [Creating]    [pool-3-thread-1]   [com.diffblue.cover.ui.b.b]     [101/131]     Diffblue Cover considers these methods as not directly callable.
12:55:19.478 [INFO]   [Creating]    [pool-3-thread-1]   [com.diffblue.cover.ui.b.b]     [102/131] uk.gov.gchq.palisade.user.UserId.id
12:55:19.478 [INFO]   [Creating]    [pool-3-thread-1]   [com.diffblue.cover.ui.b.b]     [102/131]   T024: Generated method
12:55:19.478 [DEBUG]  [Creating]    [pool-3-thread-1]   [com.diffblue.cover.ui.b.b]     [102/131]   (at least 2 lines uncovered in this method)
12:55:19.478 [INFO]   [Creating]    [pool-3-thread-1]   [com.diffblue.cover.ui.b.b]     [102/131]     Indicates that the method is generated by some framework or tool and should not
12:55:19.478 [INFO]   [Creating]    [pool-3-thread-1]   [com.diffblue.cover.ui.b.b]     [102/131]     be tested explicitly. The expectation is that the generator itself should be
12:55:19.478 [INFO]   [Creating]    [pool-3-thread-1]   [com.diffblue.cover.ui.b.b]     [102/131]     tested and not each piece of code it produces.
12:55:19.478 [INFO]   [Creating]    [pool-3-thread-1]   [com.diffblue.cover.ui.b.b]     [102/131]     Currently, this includes methods identified generated by Lombok, Protobuf,
12:55:19.478 [INFO]   [Creating]    [pool-3-thread-1]   [com.diffblue.cover.ui.b.b]     [102/131]     Grpc, Hibernate, or annotated with a custom '@Generated' annotation
12:55:19.478 [INFO]   [Creating]    [pool-3-thread-1]   [com.diffblue.cover.ui.b.b]     [102/131]     (as long as the custom annotation has 'RUNTIME' or 'CLASS' retention).
12:55:19.478 [INFO]   [Creating]    [pool-3-thread-1]   [com.diffblue.cover.ui.b.b]     [102/131]     Diffblue Cover considers these methods as not directly callable.
12:55:19.479 [INFO]   [Creating]    [pool-3-thread-1]   [com.diffblue.cover.ui.b.b]     [103/131] uk.gov.gchq.palisade.user.UserId.setId
12:55:19.479 [INFO]   [Creating]    [pool-3-thread-1]   [com.diffblue.cover.ui.b.b]     [103/131]   T024: Generated method
12:55:19.479 [DEBUG]  [Creating]    [pool-3-thread-1]   [com.diffblue.cover.ui.b.b]     [103/131]   (at least 3 lines uncovered in this method)
12:55:19.479 [INFO]   [Creating]    [pool-3-thread-1]   [com.diffblue.cover.ui.b.b]     [103/131]     Indicates that the method is generated by some framework or tool and should not
12:55:19.479 [INFO]   [Creating]    [pool-3-thread-1]   [com.diffblue.cover.ui.b.b]     [103/131]     be tested explicitly. The expectation is that the generator itself should be
12:55:19.479 [INFO]   [Creating]    [pool-3-thread-1]   [com.diffblue.cover.ui.b.b]     [103/131]     tested and not each piece of code it produces.
12:55:19.479 [INFO]   [Creating]    [pool-3-thread-1]   [com.diffblue.cover.ui.b.b]     [103/131]     Currently, this includes methods identified generated by Lombok, Protobuf,
12:55:19.479 [INFO]   [Creating]    [pool-3-thread-1]   [com.diffblue.cover.ui.b.b]     [103/131]     Grpc, Hibernate, or annotated with a custom '@Generated' annotation
12:55:19.479 [INFO]   [Creating]    [pool-3-thread-1]   [com.diffblue.cover.ui.b.b]     [103/131]     (as long as the custom annotation has 'RUNTIME' or 'CLASS' retention).
12:55:19.479 [INFO]   [Creating]    [pool-3-thread-1]   [com.diffblue.cover.ui.b.b]     [103/131]     Diffblue Cover considers these methods as not directly callable.
12:55:19.480 [INFO]   [Creating]    [pool-3-thread-1]   [com.diffblue.cover.ui.b.b]     [104/131] uk.gov.gchq.palisade.user.UserId.toString
12:55:19.480 [INFO]   [Creating]    [pool-3-thread-1]   [com.diffblue.cover.ui.b.b]     [104/131]   T024: Generated method
12:55:19.480 [DEBUG]  [Creating]    [pool-3-thread-1]   [com.diffblue.cover.ui.b.b]     [104/131]   (at least 4 lines uncovered in this method)
12:55:19.480 [INFO]   [Creating]    [pool-3-thread-1]   [com.diffblue.cover.ui.b.b]     [104/131]     Indicates that the method is generated by some framework or tool and should not
12:55:19.480 [INFO]   [Creating]    [pool-3-thread-1]   [com.diffblue.cover.ui.b.b]     [104/131]     be tested explicitly. The expectation is that the generator itself should be
12:55:19.480 [INFO]   [Creating]    [pool-3-thread-1]   [com.diffblue.cover.ui.b.b]     [104/131]     tested and not each piece of code it produces.
12:55:19.480 [INFO]   [Creating]    [pool-3-thread-1]   [com.diffblue.cover.ui.b.b]     [104/131]     Currently, this includes methods identified generated by Lombok, Protobuf,
12:55:19.480 [INFO]   [Creating]    [pool-3-thread-1]   [com.diffblue.cover.ui.b.b]     [104/131]     Grpc, Hibernate, or annotated with a custom '@Generated' annotation
12:55:19.480 [INFO]   [Creating]    [pool-3-thread-1]   [com.diffblue.cover.ui.b.b]     [104/131]     (as long as the custom annotation has 'RUNTIME' or 'CLASS' retention).
12:55:19.480 [INFO]   [Creating]    [pool-3-thread-1]   [com.diffblue.cover.ui.b.b]     [104/131]     Diffblue Cover considers these methods as not directly callable.
12:55:19.481 [DEBUG]  [Creating]    [pool-3-thread-1]   [com.diffblue.combiner.d.j] Using Javaparser to combine tests
12:55:19.481 [INFO]   [Creating]    [pool-3-thread-1]   [com.diffblue.cover.m.a.b] Filtering of methods complete. Creating analysis request
12:55:19.481 [INFO]   [Creating]    [pool-3-thread-1]   [com.diffblue.cover.service.c] Attempting to get service client, retry 1.
12:55:19.496 [DEBUG]  [Creating]    [analyzer-service:grpc-default-executor-0][com.diffblue.fuzztest.e.a] Class information:
12:55:19.496 [DEBUG]  [Creating]    [analyzer-service:grpc-default-executor-0][com.diffblue.fuzztest.e.a]   Implements: interface java.io.Serializable
12:55:19.496 [DEBUG]  [Creating]    [analyzer-service:grpc-default-executor-0][com.diffblue.fuzztest.e.a]   Fields: private java.lang.String uk.gov.gchq.palisade.user.UserId.id, private static final long uk.gov.gchq.palisade.user.UserId.serialVersionUID
12:55:19.496 [DEBUG]  [Creating]    [analyzer-service:grpc-default-executor-0][com.diffblue.fuzztest.e.a]   Constructors: public uk.gov.gchq.palisade.user.UserId(), uk.gov.gchq.palisade.user.UserId(uk.gov.gchq.palisade.user.UserId)
12:55:19.496 [DEBUG]  [Creating]    [analyzer-service:grpc-default-executor-0][com.diffblue.fuzztest.e.a]   Methods: public boolean uk.gov.gchq.palisade.user.UserId.equals(java.lang.Object), public java.lang.String uk.gov.gchq.palisade.user.UserId.getId(), public int uk.gov.gchq.palisade.user.UserId.hashCode(), public uk.gov.gchq.palisade.user.UserId uk.gov.gchq.palisade.user.UserId.id(java.lang.String), public void uk.gov.gchq.palisade.user.UserId.setId(java.lang.String), public java.lang.String uk.gov.gchq.palisade.user.UserId.toString()
12:55:19.502 [DEBUG]  [Creating]    [analyzer-service:TimedExecutor-87][com.diffblue.fuzztest.g.e] 
================================================================================
= Creating tests for 'uk.gov.gchq.palisade.user.UserId.<init>:()V' using 'TrM (!sp, !fnm, df)'
================================================================================
12:55:19.502 [DEBUG]  [Creating]    [analyzer-service:TimedExecutor-87][com.diffblue.fuzztest.g.e] 
================================================================================
= Trying DI configuration EmptyDependencyInjectionTirConfiguration for uk.gov.gchq.palisade.user.UserId.<init>:()V
================================================================================
12:55:19.521 [DEBUG]  [Creating]    [analyzer-service:TimedExecutor-87][com.diffblue.fuzztest.g.e] DI configuration 'com.diffblue.tir.p' generated tests: 1
12:55:19.521 [DEBUG]  [Creating]    [analyzer-service:TimedExecutor-87][com.diffblue.fuzztest.g.e] Enabling descriptive test naming
12:55:19.522 [DEBUG]  [Creating]    [analyzer-service:grpc-default-executor-0][com.diffblue.fuzztest.e.c] Created 1+0 tests and partial tests via 'TrM (!sp, !fnm, df)' , returning all 1
12:55:19.535 [DEBUG]  [Creating]    [pool-3-thread-1]   [com.diffblue.cover.m.a.b] in processAnalysisResult for uk.gov.gchq.palisade.user.UserId.<init>:()V
12:55:19.535 [DEBUG]  [Creating]    [pool-3-thread-1]   [com.diffblue.combiner.d.j] Using Javaparser to combine tests
12:55:19.574 [DEBUG]  [Creating]    [pool-6-thread-36]  [com.diffblue.cover.l.a.c] EdgeCoverageRuntime contains 5 edges
12:55:19.574 [DEBUG]  [Creating]    [pool-3-thread-1]   [com.diffblue.combiner.a.c] Adding changeSet to account as new: Optional[uk.gov.gchq.palisade.user.UserId.<init>:()V]
12:55:19.581 [DEBUG]  [Creating]    [analyzer-service:TimedExecutor-88][com.diffblue.fuzztest.g.e] 
================================================================================
= Creating tests for 'uk.gov.gchq.palisade.user.UserId.<init>:(Luk/gov/gchq/palisade/user/UserId;)V' using 'SiM (!sp, fnm, df)'
================================================================================
12:55:19.584 [DEBUG]  [Creating]    [analyzer-service:TimedExecutor-88][com.diffblue.fuzztest.g.ap] Parsed existing test class at /home/jbergqvist/diffblue/Palisade-common/src/test/java/uk/gov/gchq/palisade/user/UserIdDiffblueTest.java: found 0 annotations
12:55:19.584 [DEBUG]  [Creating]    [analyzer-service:TimedExecutor-88][com.diffblue.fuzztest.g.e] 
================================================================================
= Trying DI configuration EmptyDependencyInjectionTirConfiguration for uk.gov.gchq.palisade.user.UserId.<init>:(Luk/gov/gchq/palisade/user/UserId;)V
================================================================================
12:55:19.637 [DEBUG]  [Creating]    [analyzer-service:TimedExecutor-88][com.diffblue.fuzztest.b.f] Refinement loop done: 1 seeds, 2+0 new+accumulated tests, 1+1 tests+partial tests, 99/1000 its
12:55:19.657 [DEBUG]  [Creating]    [analyzer-service:TimedExecutor-88][com.diffblue.fuzztest.g.e] DI configuration 'com.diffblue.tir.p' generated tests: 2
12:55:19.657 [DEBUG]  [Creating]    [analyzer-service:TimedExecutor-88][com.diffblue.fuzztest.g.e] Enabling descriptive test naming
12:55:19.659 [DEBUG]  [Creating]    [analyzer-service:grpc-default-executor-0][com.diffblue.fuzztest.e.c] Created 1+0 tests and partial tests via 'SiM (!sp, fnm, df)' SiM fallback 1/2, returning all 1
12:55:19.681 [DEBUG]  [Creating]    [pool-3-thread-1]   [com.diffblue.cover.m.a.b] in processAnalysisResult for uk.gov.gchq.palisade.user.UserId.<init>:(Luk/gov/gchq/palisade/user/UserId;)V
12:55:19.681 [DEBUG]  [Creating]    [pool-3-thread-1]   [com.diffblue.cover.r.d] Finished with MethodGroup: <init>, countOfTests: 1, countOfMethodsTested: 1 TestGenerationAccount: a[countOfRemoved=0, countOfUnchanged=0, countOfUpdated=0, countOfNew=36]
12:55:19.681 [INFO]   [Creating]    [pool-3-thread-1]   [com.diffblue.cover.ui.b.b]     [105/131] uk.gov.gchq.palisade.user.UserId.<init>
12:55:19.681 [INFO]   [Creating]    [pool-3-thread-1]   [com.diffblue.cover.ui.b.b]     [105/131]   Tests created: 1
12:55:19.681 [DEBUG]  [Creating]    [pool-3-thread-1]   [com.diffblue.combiner.d.j] Using Javaparser to combine tests
12:55:19.719 [DEBUG]  [Creating]    [pool-6-thread-37]  [com.diffblue.cover.l.a.c] EdgeCoverageRuntime contains 6 edges
12:55:19.719 [DEBUG]  [Creating]    [pool-3-thread-1]   [com.diffblue.combiner.a.c] Adding changeSet to account as new: Optional[uk.gov.gchq.palisade.user.UserId.<init>:(Luk/gov/gchq/palisade/user/UserId;)V]
12:55:19.728 [DEBUG]  [Creating]    [pool-3-thread-1]   [com.diffblue.cover.r.d] Finished with MethodGroup: <init>, countOfTests: 1, countOfMethodsTested: 1 TestGenerationAccount: a[countOfRemoved=0, countOfUnchanged=0, countOfUpdated=0, countOfNew=37]
12:55:19.729 [INFO]   [Creating]    [pool-3-thread-1]   [com.diffblue.cover.ui.b.b]     [106/131] uk.gov.gchq.palisade.user.UserId.<init>
12:55:19.729 [INFO]   [Creating]    [pool-3-thread-1]   [com.diffblue.cover.ui.b.b]     [106/131]   Tests created: 1
12:55:19.730 [INFO]   [Creating]    [pool-3-thread-1]   [com.diffblue.cover.ui.b.b] [12/25] uk.gov.gchq.palisade.user.UserId
12:55:19.730 [INFO]   [Creating]    [pool-3-thread-1]   [com.diffblue.cover.ui.b.b] [12/25]   Tests created: 2
12:55:19.730 [DEBUG]  [Creating]    [pool-3-thread-1]   [com.diffblue.cover.ui.b.b] [12/25]   (at least 17 lines uncovered in this class)
12:55:19.731 [INFO]   [Creating]    [pool-3-thread-1]   [com.diffblue.cover.m.a.b] 
================================================================================
= Starting analysis for class 'uk.gov.gchq.palisade.util.AbstractResourceBuilder'
================================================================================
12:55:19.731 [INFO]   [Creating]    [pool-3-thread-1]   [com.diffblue.cover.m.a.b] Filtering out non-testable methods...
12:55:19.737 [DEBUG]  [Creating]    [pool-3-thread-1]   [com.diffblue.combiner.d.j] Using Javaparser to combine tests
12:55:19.737 [INFO]   [Creating]    [pool-3-thread-1]   [com.diffblue.cover.m.a.b] Filtering of methods complete. Creating analysis request
12:55:19.737 [INFO]   [Creating]    [pool-3-thread-1]   [com.diffblue.cover.service.c] Attempting to get service client, retry 1.
12:55:19.754 [DEBUG]  [Creating]    [analyzer-service:grpc-default-executor-2][com.diffblue.fuzztest.e.a] Class information:
12:55:19.754 [DEBUG]  [Creating]    [analyzer-service:grpc-default-executor-2][com.diffblue.fuzztest.e.a]   Fields: private static final java.util.ServiceLoader uk.gov.gchq.palisade.util.AbstractResourceBuilder.LOADER, private static final org.slf4j.Logger uk.gov.gchq.palisade.util.AbstractResourceBuilder.LOGGER, private static final java.lang.String uk.gov.gchq.palisade.util.AbstractResourceBuilder.URI_PATH_SEPARATOR
12:55:19.754 [DEBUG]  [Creating]    [analyzer-service:grpc-default-executor-2][com.diffblue.fuzztest.e.a]   Constructors: public uk.gov.gchq.palisade.util.AbstractResourceBuilder()
12:55:19.754 [DEBUG]  [Creating]    [analyzer-service:grpc-default-executor-2][com.diffblue.fuzztest.e.a]   Methods: public abstract boolean uk.gov.gchq.palisade.util.AbstractResourceBuilder.accepts(java.net.URI), protected abstract uk.gov.gchq.palisade.resource.Resource uk.gov.gchq.palisade.util.AbstractResourceBuilder.build(java.net.URI), public uk.gov.gchq.palisade.resource.Resource uk.gov.gchq.palisade.util.AbstractResourceBuilder.buildNormal(java.net.URI), public static uk.gov.gchq.palisade.resource.Resource uk.gov.gchq.palisade.util.AbstractResourceBuilder.create(java.lang.String), public static uk.gov.gchq.palisade.resource.Resource uk.gov.gchq.palisade.util.AbstractResourceBuilder.create(java.net.URI), private static boolean uk.gov.gchq.palisade.util.AbstractResourceBuilder.lambda$create$0(java.net.URI,uk.gov.gchq.palisade.util.AbstractResourceBuilder), private static java.lang.IllegalArgumentException uk.gov.gchq.palisade.util.AbstractResourceBuilder.lambda$create$1(java.net.URI), public static void uk.gov.gchq.palisade.util.AbstractResourceBuilder.refreshProviders()
12:55:19.764 [DEBUG]  [Creating]    [analyzer-service:TimedExecutor-95][com.diffblue.fuzztest.g.e] 
================================================================================
= Creating tests for 'uk.gov.gchq.palisade.util.AbstractResourceBuilder.create:(Ljava/lang/String;)Luk/gov/gchq/palisade/resource/Resource;' using 'SiM (!sp, fnm, df)'
================================================================================
12:55:19.766 [DEBUG]  [Creating]    [analyzer-service:TimedExecutor-95][com.diffblue.fuzztest.g.ap] Test file does not exist: /home/jbergqvist/diffblue/Palisade-common/src/test/java/uk/gov/gchq/palisade/util/AbstractResourceBuilderDiffblueTest.java
12:55:19.766 [DEBUG]  [Creating]    [analyzer-service:TimedExecutor-95][com.diffblue.fuzztest.g.e] 
================================================================================
= Trying DI configuration EmptyDependencyInjectionTirConfiguration for uk.gov.gchq.palisade.util.AbstractResourceBuilder.create:(Ljava/lang/String;)Luk/gov/gchq/palisade/resource/Resource;
================================================================================
12:55:19.868 [DEBUG]  [Creating]    [analyzer-service:TimedExecutor-95][com.diffblue.fuzztest.b.f] Refinement loop done: 1 seeds, 2+0 new+accumulated tests, 1+1 tests+partial tests, 86/1000 its
12:55:19.918 [DEBUG]  [Creating]    [analyzer-service:TimedExecutor-95][com.diffblue.fuzztest.g.e] DI configuration 'com.diffblue.tir.p' generated tests: 2
12:55:19.918 [DEBUG]  [Creating]    [analyzer-service:TimedExecutor-95][com.diffblue.fuzztest.g.e] Enabling descriptive test naming
12:55:19.920 [DEBUG]  [Creating]    [analyzer-service:grpc-default-executor-2][com.diffblue.fuzztest.e.c] Created 1+0 tests and partial tests via 'SiM (!sp, fnm, df)' SiM fallback 1/2, returning all 1
12:55:19.936 [DEBUG]  [Creating]    [pool-3-thread-1]   [com.diffblue.cover.m.a.b] in processAnalysisResult for uk.gov.gchq.palisade.util.AbstractResourceBuilder.create:(Ljava/lang/String;)Luk/gov/gchq/palisade/resource/Resource;
12:55:19.936 [DEBUG]  [Creating]    [pool-3-thread-1]   [com.diffblue.combiner.d.j] Using Javaparser to combine tests
12:55:19.984 [DEBUG]  [Creating]    [pool-6-thread-38]  [com.diffblue.cover.l.a.c] EdgeCoverageRuntime contains 6 edges
12:55:19.984 [DEBUG]  [Creating]    [pool-3-thread-1]   [com.diffblue.combiner.a.c] Adding changeSet to account as new: Optional[uk.gov.gchq.palisade.util.AbstractResourceBuilder.create:(Ljava/lang/String;)Luk/gov/gchq/palisade/resource/Resource;]
12:55:19.993 [DEBUG]  [Creating]    [analyzer-service:TimedExecutor-96][com.diffblue.fuzztest.g.e] 
================================================================================
= Creating tests for 'uk.gov.gchq.palisade.util.AbstractResourceBuilder.create:(Ljava/net/URI;)Luk/gov/gchq/palisade/resource/Resource;' using 'SiM (!sp, fnm, df)'
================================================================================
12:55:19.996 [DEBUG]  [Creating]    [analyzer-service:TimedExecutor-96][com.diffblue.fuzztest.g.ap] Parsed existing test class at /home/jbergqvist/diffblue/Palisade-common/src/test/java/uk/gov/gchq/palisade/util/AbstractResourceBuilderDiffblueTest.java: found 0 annotations
12:55:19.996 [DEBUG]  [Creating]    [analyzer-service:TimedExecutor-96][com.diffblue.fuzztest.g.e] 
================================================================================
= Trying DI configuration EmptyDependencyInjectionTirConfiguration for uk.gov.gchq.palisade.util.AbstractResourceBuilder.create:(Ljava/net/URI;)Luk/gov/gchq/palisade/resource/Resource;
================================================================================
12:55:20.103 [DEBUG]  [Creating]    [analyzer-service:TimedExecutor-96][com.diffblue.fuzztest.b.f] Refinement loop done: 1 seeds, 1+0 new+accumulated tests, 1+0 tests+partial tests, 61/1000 its
12:55:20.191 [DEBUG]  [Creating]    [analyzer-service:TimedExecutor-96][com.diffblue.fuzztest.g.e] DI configuration 'com.diffblue.tir.p' generated no complete tests, trying another
12:55:20.191 [DEBUG]  [Creating]    [analyzer-service:TimedExecutor-96][com.diffblue.fuzztest.g.e] Incompleteness reason 'com.diffblue.cover.message.limitation.NonDeterministicMethodMessage' (cause: 'com.diffblue.cover.e.a'): Execution failed for an unknown reason
12:55:20.191 [DEBUG]  [Creating]    [analyzer-service:TimedExecutor-96][com.diffblue.fuzztest.g.e] Enabling descriptive test naming
12:55:20.193 [DEBUG]  [Creating]    [analyzer-service:TimedExecutor-97][com.diffblue.fuzztest.g.e] 
================================================================================
= Creating tests for 'uk.gov.gchq.palisade.util.AbstractResourceBuilder.create:(Ljava/net/URI;)Luk/gov/gchq/palisade/resource/Resource;' using 'SiM (!sp, !fnm, df)'
================================================================================
12:55:20.196 [DEBUG]  [Creating]    [analyzer-service:TimedExecutor-97][com.diffblue.fuzztest.g.ap] Parsed existing test class at /home/jbergqvist/diffblue/Palisade-common/src/test/java/uk/gov/gchq/palisade/util/AbstractResourceBuilderDiffblueTest.java: found 0 annotations
12:55:20.196 [DEBUG]  [Creating]    [analyzer-service:TimedExecutor-97][com.diffblue.fuzztest.g.e] 
================================================================================
= Trying DI configuration EmptyDependencyInjectionTirConfiguration for uk.gov.gchq.palisade.util.AbstractResourceBuilder.create:(Ljava/net/URI;)Luk/gov/gchq/palisade/resource/Resource;
================================================================================
12:55:20.243 [DEBUG]  [Creating]    [analyzer-service:TimedExecutor-97][com.diffblue.fuzztest.b.f] Refinement loop done: 1 seeds, 1+0 new+accumulated tests, 1+0 tests+partial tests, 61/1000 its
12:55:20.321 [DEBUG]  [Creating]    [analyzer-service:TimedExecutor-97][com.diffblue.fuzztest.g.e] DI configuration 'com.diffblue.tir.p' generated no complete tests, trying another
12:55:20.321 [DEBUG]  [Creating]    [analyzer-service:TimedExecutor-97][com.diffblue.fuzztest.g.e] Incompleteness reason 'com.diffblue.cover.message.limitation.NonDeterministicMethodMessage' (cause: 'com.diffblue.cover.e.a'): Execution failed for an unknown reason
12:55:20.321 [DEBUG]  [Creating]    [analyzer-service:TimedExecutor-97][com.diffblue.fuzztest.g.e] Enabling descriptive test naming
12:55:20.322 [DEBUG]  [Creating]    [analyzer-service:grpc-default-executor-2][com.diffblue.fuzztest.g.o] All 2 subs either threw or created only partial tests; returning the 1 partial tests created by 'SiM (!sp, fnm, df)'
12:55:20.322 [DEBUG]  [Creating]    [analyzer-service:grpc-default-executor-2][com.diffblue.fuzztest.e.c] Created 1 partial tests via 'SiM (!sp, fnm, df)' , here is the last one:
12:55:20.349 [DEBUG]  [Creating]    [analyzer-service:grpc-default-executor-2][com.diffblue.combiner.d.j] Using Javaparser to combine tests
12:55:20.412 [DEBUG]  [Creating]    [analyzer-service:grpc-default-executor-2][com.diffblue.fuzztest.e.c] == begin partial test ==
12:55:20.412 [DEBUG]  [Creating]    [analyzer-service:grpc-default-executor-2][com.diffblue.fuzztest.e.c] Test:
package uk.gov.gchq.palisade.util;

import static org.junit.jupiter.api.Assertions.assertEquals;
import static org.junit.jupiter.api.Assertions.assertNull;
import static org.junit.jupiter.api.Assertions.assertTrue;
import com.diffblue.cover.annotations.ManagedByDiffblue;
import com.diffblue.cover.annotations.MethodsUnderTest;
import java.net.URI;
import java.nio.file.Paths;
import org.junit.jupiter.api.Disabled;
import org.junit.jupiter.api.DisplayName;
import org.junit.jupiter.api.Tag;
import org.junit.jupiter.api.Test;
import uk.gov.gchq.palisade.resource.ParentResource;
import uk.gov.gchq.palisade.resource.Resource;
import uk.gov.gchq.palisade.resource.impl.DirectoryResource;
import uk.gov.gchq.palisade.resource.impl.FileResource;
import uk.gov.gchq.palisade.resource.impl.SystemResource;

class AbstractResourceBuilderDiffblueTest {
  /**
   * Test {@link AbstractResourceBuilder#create(URI)} with {@code resourceUri}.
   *
   * <p>Method under test: {@link AbstractResourceBuilder#create(URI)}
   */
  @Test
  @DisplayName("Test create(URI) with 'resourceUri'")
  @Disabled("TODO: Complete this test")
  @Tag("ContributionFromDiffblue")
  @ManagedByDiffblue
  @MethodsUnderTest({"Resource AbstractResourceBuilder.create(URI)"})
  void testCreateWithResourceUri() {
    // TODO: Diffblue Cover was only able to create a partial test for this method:
    //   Diffblue AI was unable to find a test

    // Arrange and Act
    Resource actualCreateResult =
        AbstractResourceBuilder.create(
            Paths.get(System.getProperty("java.io.tmpdir"), "test.txt").toUri());

    // Assert
    assertTrue(actualCreateResult instanceof FileResource);
    assertTrue(((FileResource) actualCreateResult).getAttributes().isEmpty());
    assertNull(((FileResource) actualCreateResult).getConnectionDetail());
    String actualId = actualCreateResult.getId();
    String expectedId =
        String.join(
            "", "file:", Paths.get(System.getProperty("java.io.tmpdir"), "test.txt").toString());
    assertEquals(expectedId, actualId);
    ParentResource parent = ((FileResource) actualCreateResult).getParent();
    assertTrue(parent instanceof DirectoryResource);
    String actualId2 = parent.getId();
    String expectedId2 = String.join("", "file:", System.getProperty("java.io.tmpdir"));
    assertEquals(expectedId2, actualId2);
    ParentResource parent2 = ((DirectoryResource) parent).getParent();
    assertTrue(parent2 instanceof SystemResource);
    assertEquals("file:/", parent2.getId());
    assertNull(((FileResource) actualCreateResult).getSerialisedFormat());
    assertNull(((FileResource) actualCreateResult).getType());
  }
}

12:55:20.412 [DEBUG]  [Creating]    [analyzer-service:grpc-default-executor-2][com.diffblue.fuzztest.e.c] == end partial test ==
12:55:20.416 [DEBUG]  [Creating]    [analyzer-service:grpc-default-executor-2][com.diffblue.cover.service.analyzer.a.c] Watchdog reset
12:55:20.420 [DEBUG]  [Creating]    [pool-3-thread-1]   [com.diffblue.cover.m.a.b] in processAnalysisResult for uk.gov.gchq.palisade.util.AbstractResourceBuilder.create:(Ljava/net/URI;)Luk/gov/gchq/palisade/resource/Resource;
12:55:20.420 [DEBUG]  [Creating]    [pool-3-thread-1]   [com.diffblue.cover.r.d] Finished with MethodGroup: create, countOfTests: 1, countOfMethodsTested: 1 TestGenerationAccount: a[countOfRemoved=0, countOfUnchanged=0, countOfUpdated=0, countOfNew=38]
12:55:20.421 [INFO]   [Creating]    [pool-3-thread-1]   [com.diffblue.cover.ui.b.b]     [107/131] uk.gov.gchq.palisade.util.AbstractResourceBuilder.create
12:55:20.421 [INFO]   [Creating]    [pool-3-thread-1]   [com.diffblue.cover.ui.b.b]     [107/131]   Tests created: 1
12:55:20.422 [DEBUG]  [Creating]    [analyzer-service:TimedExecutor-98][com.diffblue.fuzztest.g.e] 
================================================================================
= Creating tests for 'uk.gov.gchq.palisade.util.AbstractResourceBuilder.refreshProviders:()V' using 'SiM (!sp, fnm, df)'
================================================================================
12:55:20.424 [DEBUG]  [Creating]    [analyzer-service:TimedExecutor-98][com.diffblue.fuzztest.g.ap] Parsed existing test class at /home/jbergqvist/diffblue/Palisade-common/src/test/java/uk/gov/gchq/palisade/util/AbstractResourceBuilderDiffblueTest.java: found 0 annotations
12:55:20.425 [DEBUG]  [Creating]    [analyzer-service:TimedExecutor-98][com.diffblue.fuzztest.g.e] 
================================================================================
= Trying DI configuration EmptyDependencyInjectionTirConfiguration for uk.gov.gchq.palisade.util.AbstractResourceBuilder.refreshProviders:()V
================================================================================
12:55:20.439 [DEBUG]  [Creating]    [analyzer-service:TimedExecutor-98][com.diffblue.fuzztest.b.f] Refinement loop done: 1 seeds, 1+0 new+accumulated tests, 1+0 tests+partial tests, 1/1000 its
12:55:20.458 [DEBUG]  [Creating]    [analyzer-service:TimedExecutor-98][com.diffblue.fuzztest.g.e] DI configuration 'com.diffblue.tir.p' generated no complete tests, trying another
12:55:20.458 [DEBUG]  [Creating]    [analyzer-service:TimedExecutor-98][com.diffblue.fuzztest.g.e] Incompleteness reason 'com.diffblue.cover.message.limitation.NoMeaningfulAssertionMessage' (cause: 'none')
12:55:20.458 [DEBUG]  [Creating]    [analyzer-service:TimedExecutor-98][com.diffblue.fuzztest.g.e] Enabling descriptive test naming
12:55:20.459 [DEBUG]  [Creating]    [analyzer-service:TimedExecutor-99][com.diffblue.fuzztest.g.e] 
================================================================================
= Creating tests for 'uk.gov.gchq.palisade.util.AbstractResourceBuilder.refreshProviders:()V' using 'SiM (!sp, !fnm, df)'
================================================================================
12:55:20.461 [DEBUG]  [Creating]    [analyzer-service:TimedExecutor-99][com.diffblue.fuzztest.g.ap] Parsed existing test class at /home/jbergqvist/diffblue/Palisade-common/src/test/java/uk/gov/gchq/palisade/util/AbstractResourceBuilderDiffblueTest.java: found 0 annotations
12:55:20.461 [DEBUG]  [Creating]    [analyzer-service:TimedExecutor-99][com.diffblue.fuzztest.g.e] 
================================================================================
= Trying DI configuration EmptyDependencyInjectionTirConfiguration for uk.gov.gchq.palisade.util.AbstractResourceBuilder.refreshProviders:()V
================================================================================
12:55:20.474 [DEBUG]  [Creating]    [analyzer-service:TimedExecutor-99][com.diffblue.fuzztest.b.f] Refinement loop done: 1 seeds, 1+0 new+accumulated tests, 1+0 tests+partial tests, 1/1000 its
12:55:20.492 [DEBUG]  [Creating]    [analyzer-service:TimedExecutor-99][com.diffblue.fuzztest.g.e] DI configuration 'com.diffblue.tir.p' generated no complete tests, trying another
12:55:20.492 [DEBUG]  [Creating]    [analyzer-service:TimedExecutor-99][com.diffblue.fuzztest.g.e] Incompleteness reason 'com.diffblue.cover.message.limitation.NoMeaningfulAssertionMessage' (cause: 'none')
12:55:20.492 [DEBUG]  [Creating]    [analyzer-service:TimedExecutor-99][com.diffblue.fuzztest.g.e] Enabling descriptive test naming
12:55:20.493 [DEBUG]  [Creating]    [analyzer-service:grpc-default-executor-2][com.diffblue.fuzztest.g.o] All 2 subs either threw or created only partial tests; returning the 1 partial tests created by 'SiM (!sp, fnm, df)'
12:55:20.493 [DEBUG]  [Creating]    [analyzer-service:grpc-default-executor-2][com.diffblue.fuzztest.e.c] Created 1 partial tests via 'SiM (!sp, fnm, df)' , here is the last one:
12:55:20.499 [DEBUG]  [Creating]    [analyzer-service:grpc-default-executor-2][com.diffblue.combiner.d.j] Using Javaparser to combine tests
12:55:20.509 [DEBUG]  [Creating]    [analyzer-service:grpc-default-executor-2][com.diffblue.fuzztest.e.c] == begin partial test ==
12:55:20.509 [DEBUG]  [Creating]    [analyzer-service:grpc-default-executor-2][com.diffblue.fuzztest.e.c] Test:
package uk.gov.gchq.palisade.util;

import com.diffblue.cover.annotations.ManagedByDiffblue;
import com.diffblue.cover.annotations.MethodsUnderTest;
import org.junit.jupiter.api.DisplayName;
import org.junit.jupiter.api.Tag;
import org.junit.jupiter.api.Test;

class AbstractResourceBuilderDiffblueTest {
  /**
   * Test {@link AbstractResourceBuilder#refreshProviders()}.
   *
   * <p>Method under test: {@link AbstractResourceBuilder#refreshProviders()}
   */
  @Test
  @DisplayName("Test refreshProviders()")
  @Tag("ContributionFromDiffblue")
  @ManagedByDiffblue
  @MethodsUnderTest({"void AbstractResourceBuilder.refreshProviders()"})
  void testRefreshProviders() {
    // TODO: Diffblue Cover was only able to create a partial test for this method:
    //   Diffblue AI was unable to find a test

    // Arrange, Act and Assert
    AbstractResourceBuilder.refreshProviders();
  }
}

12:55:20.509 [DEBUG]  [Creating]    [analyzer-service:grpc-default-executor-2][com.diffblue.fuzztest.e.c] == end partial test ==
12:55:20.515 [DEBUG]  [Creating]    [pool-3-thread-1]   [com.diffblue.cover.m.a.b] in processAnalysisResult for uk.gov.gchq.palisade.util.AbstractResourceBuilder.refreshProviders:()V
12:55:20.516 [DEBUG]  [Creating]    [pool-3-thread-1]   [com.diffblue.cover.r.d] Finished with MethodGroup: create, countOfTests: 0, countOfMethodsTested: 0 TestGenerationAccount: a[countOfRemoved=0, countOfUnchanged=0, countOfUpdated=0, countOfNew=38]
12:55:20.516 [INFO]   [Creating]    [pool-3-thread-1]   [com.diffblue.cover.ui.b.b]     [108/131] uk.gov.gchq.palisade.util.AbstractResourceBuilder.create
12:55:20.517 [INFO]   [Creating]    [pool-3-thread-1]   [com.diffblue.cover.ui.b.b]     [108/131]   Diffblue AI was unable to find a test
12:55:20.517 [DEBUG]  [Creating]    [pool-3-thread-1]   [com.diffblue.cover.ui.b.b]     [108/131]   R015: Method may be nondeterministic
12:55:20.517 [DEBUG]  [Creating]    [pool-3-thread-1]   [com.diffblue.cover.ui.b.b]     [108/131]   (at least 6 lines uncovered in this method)
12:55:20.517 [DEBUG]  [Creating]    [pool-3-thread-1]   [com.diffblue.cover.ui.b.b]     [108/131]     The execution of the created test may depend on the runtime environment.
12:55:20.518 [DEBUG]  [Creating]    [analyzer-service:TimedExecutor-100][com.diffblue.fuzztest.g.e] 
================================================================================
= Creating tests for 'uk.gov.gchq.palisade.util.AbstractResourceBuilder.buildNormal:(Ljava/net/URI;)Luk/gov/gchq/palisade/resource/Resource;' using 'SiM (!sp, fnm, df)'
================================================================================
12:55:20.521 [DEBUG]  [Creating]    [analyzer-service:TimedExecutor-100][com.diffblue.fuzztest.g.ap] Parsed existing test class at /home/jbergqvist/diffblue/Palisade-common/src/test/java/uk/gov/gchq/palisade/util/AbstractResourceBuilderDiffblueTest.java: found 0 annotations
12:55:20.521 [DEBUG]  [Creating]    [analyzer-service:TimedExecutor-100][com.diffblue.fuzztest.g.e] 
================================================================================
= Trying DI configuration EmptyDependencyInjectionTirConfiguration for uk.gov.gchq.palisade.util.AbstractResourceBuilder.buildNormal:(Ljava/net/URI;)Luk/gov/gchq/palisade/resource/Resource;
================================================================================
12:55:20.614 [DEBUG]  [Creating]    [analyzer-service:TimedExecutor-100][com.diffblue.fuzztest.b.f] Refinement loop done: 1 seeds, 1+0 new+accumulated tests, 1+0 tests+partial tests, 71/1000 its
12:55:20.692 [DEBUG]  [Creating]    [analyzer-service:TimedExecutor-100][com.diffblue.fuzztest.g.e] DI configuration 'com.diffblue.tir.p' generated no complete tests, trying another
12:55:20.693 [DEBUG]  [Creating]    [analyzer-service:TimedExecutor-100][com.diffblue.fuzztest.g.e] Incompleteness reason 'com.diffblue.cover.message.limitation.NonDeterministicMethodMessage' (cause: 'com.diffblue.cover.e.a'): Execution failed for an unknown reason
12:55:20.693 [DEBUG]  [Creating]    [analyzer-service:TimedExecutor-100][com.diffblue.fuzztest.g.e] Enabling descriptive test naming
12:55:20.694 [DEBUG]  [Creating]    [analyzer-service:TimedExecutor-101][com.diffblue.fuzztest.g.e] 
================================================================================
= Creating tests for 'uk.gov.gchq.palisade.util.AbstractResourceBuilder.buildNormal:(Ljava/net/URI;)Luk/gov/gchq/palisade/resource/Resource;' using 'SiM (!sp, !fnm, df)'
================================================================================
12:55:20.696 [DEBUG]  [Creating]    [analyzer-service:TimedExecutor-101][com.diffblue.fuzztest.g.ap] Parsed existing test class at /home/jbergqvist/diffblue/Palisade-common/src/test/java/uk/gov/gchq/palisade/util/AbstractResourceBuilderDiffblueTest.java: found 0 annotations
12:55:20.697 [DEBUG]  [Creating]    [analyzer-service:TimedExecutor-101][com.diffblue.fuzztest.g.e] 
================================================================================
= Trying DI configuration EmptyDependencyInjectionTirConfiguration for uk.gov.gchq.palisade.util.AbstractResourceBuilder.buildNormal:(Ljava/net/URI;)Luk/gov/gchq/palisade/resource/Resource;
================================================================================
12:55:20.750 [DEBUG]  [Creating]    [analyzer-service:TimedExecutor-101][com.diffblue.fuzztest.b.f] Refinement loop done: 1 seeds, 1+0 new+accumulated tests, 1+0 tests+partial tests, 71/1000 its
12:55:20.832 [DEBUG]  [Creating]    [analyzer-service:TimedExecutor-101][com.diffblue.fuzztest.g.e] DI configuration 'com.diffblue.tir.p' generated no complete tests, trying another
12:55:20.832 [DEBUG]  [Creating]    [analyzer-service:TimedExecutor-101][com.diffblue.fuzztest.g.e] Incompleteness reason 'com.diffblue.cover.message.limitation.NonDeterministicMethodMessage' (cause: 'com.diffblue.cover.e.a'): Execution failed for an unknown reason
12:55:20.832 [DEBUG]  [Creating]    [analyzer-service:TimedExecutor-101][com.diffblue.fuzztest.g.e] Enabling descriptive test naming
12:55:20.833 [DEBUG]  [Creating]    [analyzer-service:grpc-default-executor-2][com.diffblue.fuzztest.g.o] All 2 subs either threw or created only partial tests; returning the 1 partial tests created by 'SiM (!sp, fnm, df)'
12:55:20.833 [DEBUG]  [Creating]    [analyzer-service:grpc-default-executor-2][com.diffblue.fuzztest.e.c] Created 1 partial tests via 'SiM (!sp, fnm, df)' , here is the last one:
12:55:20.851 [DEBUG]  [Creating]    [analyzer-service:grpc-default-executor-2][com.diffblue.combiner.d.j] Using Javaparser to combine tests
12:55:20.883 [DEBUG]  [Creating]    [analyzer-service:grpc-default-executor-2][com.diffblue.fuzztest.e.c] == begin partial test ==
12:55:20.883 [DEBUG]  [Creating]    [analyzer-service:grpc-default-executor-2][com.diffblue.fuzztest.e.c] Test:
package uk.gov.gchq.palisade.util;

import static org.junit.jupiter.api.Assertions.assertEquals;
import static org.junit.jupiter.api.Assertions.assertNull;
import static org.junit.jupiter.api.Assertions.assertTrue;
import com.diffblue.cover.annotations.ManagedByDiffblue;
import com.diffblue.cover.annotations.MethodsUnderTest;
import java.net.URI;
import java.nio.file.Paths;
import org.junit.jupiter.api.Disabled;
import org.junit.jupiter.api.DisplayName;
import org.junit.jupiter.api.Tag;
import org.junit.jupiter.api.Test;
import uk.gov.gchq.palisade.resource.ParentResource;
import uk.gov.gchq.palisade.resource.Resource;
import uk.gov.gchq.palisade.resource.impl.DirectoryResource;
import uk.gov.gchq.palisade.resource.impl.FileResource;
import uk.gov.gchq.palisade.resource.impl.SystemResource;

class AbstractResourceBuilderDiffblueTest {
  /**
   * Test {@link AbstractResourceBuilder#buildNormal(URI)}.
   *
   * <p>Method under test: {@link AbstractResourceBuilder#buildNormal(URI)}
   */
  @Test
  @DisplayName("Test buildNormal(URI)")
  @Disabled("TODO: Complete this test")
  @Tag("ContributionFromDiffblue")
  @ManagedByDiffblue
  @MethodsUnderTest({"Resource AbstractResourceBuilder.buildNormal(URI)"})
  void testBuildNormal() {
    // TODO: Diffblue Cover was only able to create a partial test for this method:
    //   Diffblue AI was unable to find a test

    // Arrange and Act
    Resource actualBuildNormalResult =
        new FileResourceBuilder()
            .buildNormal(Paths.get(System.getProperty("java.io.tmpdir"), "test.txt").toUri());

    // Assert
    assertTrue(actualBuildNormalResult instanceof FileResource);
    assertTrue(((FileResource) actualBuildNormalResult).getAttributes().isEmpty());
    assertNull(((FileResource) actualBuildNormalResult).getConnectionDetail());
    String actualId = actualBuildNormalResult.getId();
    String expectedId =
        String.join(
            "", "file:", Paths.get(System.getProperty("java.io.tmpdir"), "test.txt").toString());
    assertEquals(expectedId, actualId);
    ParentResource parent = ((FileResource) actualBuildNormalResult).getParent();
    assertTrue(parent instanceof DirectoryResource);
    String actualId2 = parent.getId();
    String expectedId2 = String.join("", "file:", System.getProperty("java.io.tmpdir"));
    assertEquals(expectedId2, actualId2);
    ParentResource parent2 = ((DirectoryResource) parent).getParent();
    assertTrue(parent2 instanceof SystemResource);
    assertEquals("file:/", parent2.getId());
    assertNull(((FileResource) actualBuildNormalResult).getSerialisedFormat());
    assertNull(((FileResource) actualBuildNormalResult).getType());
  }
}

12:55:20.883 [DEBUG]  [Creating]    [analyzer-service:grpc-default-executor-2][com.diffblue.fuzztest.e.c] == end partial test ==
12:55:20.888 [DEBUG]  [Creating]    [analyzer-service:grpc-default-executor-2][com.diffblue.cover.service.analyzer.a.c] Watchdog reset
12:55:20.892 [DEBUG]  [Creating]    [pool-3-thread-1]   [com.diffblue.cover.m.a.b] in processAnalysisResult for uk.gov.gchq.palisade.util.AbstractResourceBuilder.buildNormal:(Ljava/net/URI;)Luk/gov/gchq/palisade/resource/Resource;
12:55:20.892 [DEBUG]  [Creating]    [pool-3-thread-1]   [com.diffblue.cover.r.d] Finished with MethodGroup: refreshProviders, countOfTests: 0, countOfMethodsTested: 0 TestGenerationAccount: a[countOfRemoved=0, countOfUnchanged=0, countOfUpdated=0, countOfNew=38]
12:55:20.893 [INFO]   [Creating]    [pool-3-thread-1]   [com.diffblue.cover.ui.b.b]     [109/131] uk.gov.gchq.palisade.util.AbstractResourceBuilder.refreshProviders
12:55:20.893 [INFO]   [Creating]    [pool-3-thread-1]   [com.diffblue.cover.ui.b.b]     [109/131]   Diffblue AI was unable to find a test
12:55:20.893 [DEBUG]  [Creating]    [pool-3-thread-1]   [com.diffblue.cover.ui.b.b]     [109/131]   R004: No meaningful assertions found
12:55:20.893 [DEBUG]  [Creating]    [pool-3-thread-1]   [com.diffblue.cover.ui.b.b]     [109/131]   (at least 2 lines uncovered in this method)
12:55:20.893 [DEBUG]  [Creating]    [pool-3-thread-1]   [com.diffblue.cover.ui.b.b]     [109/131]     Diffblue Cover was unable to create an assertion.
12:55:20.893 [DEBUG]  [Creating]    [pool-3-thread-1]   [com.diffblue.cover.ui.b.b]     [109/131]     Fields modified by refreshProviders() might not
12:55:20.893 [DEBUG]  [Creating]    [pool-3-thread-1]   [com.diffblue.cover.ui.b.b]     [109/131]     have package-private, protected, or public getters.
12:55:20.895 [DEBUG]  [Creating]    [pool-3-thread-1]   [com.diffblue.cover.r.d] Finished with MethodGroup: buildNormal, countOfTests: 0, countOfMethodsTested: 0 TestGenerationAccount: a[countOfRemoved=0, countOfUnchanged=0, countOfUpdated=0, countOfNew=38]
12:55:20.896 [INFO]   [Creating]    [pool-3-thread-1]   [com.diffblue.cover.ui.b.b]     [110/131] uk.gov.gchq.palisade.util.AbstractResourceBuilder.buildNormal
12:55:20.896 [INFO]   [Creating]    [pool-3-thread-1]   [com.diffblue.cover.ui.b.b]     [110/131]   Diffblue AI was unable to find a test
12:55:20.896 [DEBUG]  [Creating]    [pool-3-thread-1]   [com.diffblue.cover.ui.b.b]     [110/131]   R015: Method may be nondeterministic
12:55:20.896 [DEBUG]  [Creating]    [pool-3-thread-1]   [com.diffblue.cover.ui.b.b]     [110/131]   (at least 28 lines uncovered in this method)
12:55:20.896 [DEBUG]  [Creating]    [pool-3-thread-1]   [com.diffblue.cover.ui.b.b]     [110/131]     The execution of the created test may depend on the runtime environment.
12:55:20.897 [INFO]   [Creating]    [pool-3-thread-1]   [com.diffblue.cover.ui.b.b] [13/25] uk.gov.gchq.palisade.util.AbstractResourceBuilder
12:55:20.898 [INFO]   [Creating]    [pool-3-thread-1]   [com.diffblue.cover.ui.b.b] [13/25]   Tests created: 1
12:55:20.898 [DEBUG]  [Creating]    [pool-3-thread-1]   [com.diffblue.cover.ui.b.b] [13/25]   (at least 36 lines uncovered in this class)
12:55:20.898 [INFO]   [Creating]    [pool-3-thread-1]   [com.diffblue.cover.m.a.b] 
================================================================================
= Starting analysis for class 'uk.gov.gchq.palisade.util.FileResourceBuilder'
================================================================================
12:55:20.898 [INFO]   [Creating]    [pool-3-thread-1]   [com.diffblue.cover.m.a.b] Filtering out non-testable methods...
12:55:20.900 [DEBUG]  [Creating]    [pool-3-thread-1]   [com.diffblue.combiner.d.j] Using Javaparser to combine tests
12:55:20.900 [INFO]   [Creating]    [pool-3-thread-1]   [com.diffblue.cover.m.a.b] Filtering of methods complete. Creating analysis request
12:55:20.900 [INFO]   [Creating]    [pool-3-thread-1]   [com.diffblue.cover.service.c] Attempting to get service client, retry 1.
12:55:20.915 [DEBUG]  [Creating]    [analyzer-service:grpc-default-executor-2][com.diffblue.fuzztest.e.a] Class information:
12:55:20.915 [DEBUG]  [Creating]    [analyzer-service:grpc-default-executor-2][com.diffblue.fuzztest.e.a]   Extends: class uk.gov.gchq.palisade.util.AbstractResourceBuilder
12:55:20.915 [DEBUG]  [Creating]    [analyzer-service:grpc-default-executor-2][com.diffblue.fuzztest.e.a]   Fields: private static final java.util.Set uk.gov.gchq.palisade.util.FileResourceBuilder.ACCEPTED_SCHEMES, private static final org.slf4j.Logger uk.gov.gchq.palisade.util.FileResourceBuilder.LOGGER, private static final java.net.URI uk.gov.gchq.palisade.util.FileResourceBuilder.ROOT
12:55:20.915 [DEBUG]  [Creating]    [analyzer-service:grpc-default-executor-2][com.diffblue.fuzztest.e.a]   Constructors: public uk.gov.gchq.palisade.util.FileResourceBuilder()
12:55:20.915 [DEBUG]  [Creating]    [analyzer-service:grpc-default-executor-2][com.diffblue.fuzztest.e.a]   Methods: public boolean uk.gov.gchq.palisade.util.FileResourceBuilder.accepts(java.net.URI), public uk.gov.gchq.palisade.resource.Resource uk.gov.gchq.palisade.util.FileResourceBuilder.build(java.net.URI), private static uk.gov.gchq.palisade.resource.impl.DirectoryResource uk.gov.gchq.palisade.util.FileResourceBuilder.directoryResource(java.net.URI), private static uk.gov.gchq.palisade.resource.impl.FileResource uk.gov.gchq.palisade.util.FileResourceBuilder.fileResource(java.net.URI), private static uk.gov.gchq.palisade.resource.Resource uk.gov.gchq.palisade.util.FileResourceBuilder.filesystemScheme(java.net.URI), private static uk.gov.gchq.palisade.resource.impl.SystemResource uk.gov.gchq.palisade.util.FileResourceBuilder.systemResource(java.net.URI)
12:55:20.924 [DEBUG]  [Creating]    [analyzer-service:TimedExecutor-108][com.diffblue.fuzztest.g.e] 
================================================================================
= Creating tests for 'uk.gov.gchq.palisade.util.FileResourceBuilder.<init>:()V, uk.gov.gchq.palisade.util.FileResourceBuilder.build:(Ljava/net/URI;)Luk/gov/gchq/palisade/resource/Resource;' using 'B (!sp, !fnm, df)'
================================================================================
12:55:20.926 [DEBUG]  [Creating]    [analyzer-service:TimedExecutor-108][com.diffblue.fuzztest.g.ap] Test file does not exist: /home/jbergqvist/diffblue/Palisade-common/src/test/java/uk/gov/gchq/palisade/util/FileResourceBuilderDiffblueTest.java
12:55:20.926 [DEBUG]  [Creating]    [analyzer-service:TimedExecutor-108][com.diffblue.fuzztest.g.e] 
================================================================================
= Trying DI configuration com.diffblue.cover.f.e.aa@20 for uk.gov.gchq.palisade.util.FileResourceBuilder.<init>:()V
================================================================================
12:55:21.011 [DEBUG]  [Creating]    [analyzer-service:TimedExecutor-108][com.diffblue.fuzztest.g.e] DI configuration 'com.diffblue.cover.f.e.aa' generated tests: 1
12:55:21.012 [DEBUG]  [Creating]    [analyzer-service:TimedExecutor-108][com.diffblue.fuzztest.g.e] 
================================================================================
= Trying DI configuration EmptyDependencyInjectionTirConfiguration for uk.gov.gchq.palisade.util.FileResourceBuilder.<init>:()V
================================================================================
12:55:21.096 [DEBUG]  [Creating]    [analyzer-service:TimedExecutor-108][com.diffblue.fuzztest.g.e] Enabling descriptive test naming
12:55:21.097 [DEBUG]  [Creating]    [analyzer-service:grpc-default-executor-2][com.diffblue.fuzztest.e.c] Created 1+0 tests and partial tests via 'B (!sp, !fnm, df)' , returning all 1
12:55:21.114 [DEBUG]  [Creating]    [pool-3-thread-1]   [com.diffblue.cover.m.a.b] in processAnalysisResult for uk.gov.gchq.palisade.util.FileResourceBuilder.<init>:()V, uk.gov.gchq.palisade.util.FileResourceBuilder.build:(Ljava/net/URI;)Luk/gov/gchq/palisade/resource/Resource;
12:55:21.114 [DEBUG]  [Creating]    [pool-3-thread-1]   [com.diffblue.combiner.d.j] Using Javaparser to combine tests
12:55:21.165 [DEBUG]  [Creating]    [pool-6-thread-39]  [com.diffblue.cover.l.a.c] EdgeCoverageRuntime contains 8 edges
12:55:21.165 [DEBUG]  [Creating]    [pool-3-thread-1]   [com.diffblue.combiner.a.c] Adding changeSet to account as new: Optional[uk.gov.gchq.palisade.util.FileResourceBuilder.<init>:()V, uk.gov.gchq.palisade.util.FileResourceBuilder.build:(Ljava/net/URI;)Luk/gov/gchq/palisade/resource/Resource;]
12:55:21.179 [DEBUG]  [Creating]    [analyzer-service:TimedExecutor-109][com.diffblue.fuzztest.g.e] 
================================================================================
= Creating tests for 'uk.gov.gchq.palisade.util.FileResourceBuilder.accepts:(Ljava/net/URI;)Z' using 'SiM (!sp, fnm, df)'
================================================================================
12:55:21.182 [DEBUG]  [Creating]    [analyzer-service:TimedExecutor-109][com.diffblue.fuzztest.g.ap] Parsed existing test class at /home/jbergqvist/diffblue/Palisade-common/src/test/java/uk/gov/gchq/palisade/util/FileResourceBuilderDiffblueTest.java: found 0 annotations
12:55:21.182 [DEBUG]  [Creating]    [analyzer-service:TimedExecutor-109][com.diffblue.fuzztest.g.e] 
================================================================================
= Trying DI configuration EmptyDependencyInjectionTirConfiguration for uk.gov.gchq.palisade.util.FileResourceBuilder.accepts:(Ljava/net/URI;)Z
================================================================================
12:55:21.223 [DEBUG]  [Creating]    [analyzer-service:TimedExecutor-109][com.diffblue.fuzztest.b.f] Refinement loop done: 1 seeds, 1+0 new+accumulated tests, 1+0 tests+partial tests, 54/1000 its
12:55:21.264 [DEBUG]  [Creating]    [analyzer-service:TimedExecutor-109][com.diffblue.fuzztest.g.e] DI configuration 'com.diffblue.tir.p' generated tests: 1
12:55:21.264 [DEBUG]  [Creating]    [analyzer-service:TimedExecutor-109][com.diffblue.fuzztest.g.e] Enabling descriptive test naming
12:55:21.265 [DEBUG]  [Creating]    [analyzer-service:grpc-default-executor-2][com.diffblue.fuzztest.e.c] Created 1+0 tests and partial tests via 'SiM (!sp, fnm, df)' SiM fallback 1/2, returning all 1
12:55:21.281 [DEBUG]  [Creating]    [pool-3-thread-1]   [com.diffblue.cover.m.a.b] in processAnalysisResult for uk.gov.gchq.palisade.util.FileResourceBuilder.accepts:(Ljava/net/URI;)Z
12:55:21.281 [DEBUG]  [Creating]    [pool-3-thread-1]   [com.diffblue.cover.r.d] Finished with MethodGroup: <init>, countOfTests: 1, countOfMethodsTested: 2 TestGenerationAccount: a[countOfRemoved=0, countOfUnchanged=0, countOfUpdated=0, countOfNew=39]
12:55:21.281 [INFO]   [Creating]    [pool-3-thread-1]   [com.diffblue.cover.ui.b.b]     [111/131] uk.gov.gchq.palisade.util.FileResourceBuilder.<init>
12:55:21.281 [INFO]   [Creating]    [pool-3-thread-1]   [com.diffblue.cover.ui.b.b]     [112/131] uk.gov.gchq.palisade.util.FileResourceBuilder.build
12:55:21.281 [INFO]   [Creating]    [pool-3-thread-1]   [com.diffblue.cover.ui.b.b]     [112/131]   Tests created: 1
12:55:21.281 [DEBUG]  [Creating]    [pool-3-thread-1]   [com.diffblue.combiner.d.j] Using Javaparser to combine tests
12:55:21.325 [DEBUG]  [Creating]    [pool-6-thread-40]  [com.diffblue.cover.l.a.c] EdgeCoverageRuntime contains 8 edges
12:55:21.326 [DEBUG]  [Creating]    [pool-3-thread-1]   [com.diffblue.combiner.a.c] Adding changeSet to account as new: Optional[uk.gov.gchq.palisade.util.FileResourceBuilder.accepts:(Ljava/net/URI;)Z]
12:55:21.337 [DEBUG]  [Creating]    [pool-3-thread-1]   [com.diffblue.cover.r.d] Finished with MethodGroup: accepts, countOfTests: 1, countOfMethodsTested: 1 TestGenerationAccount: a[countOfRemoved=0, countOfUnchanged=0, countOfUpdated=0, countOfNew=40]
12:55:21.338 [INFO]   [Creating]    [pool-3-thread-1]   [com.diffblue.cover.ui.b.b]     [113/131] uk.gov.gchq.palisade.util.FileResourceBuilder.accepts
12:55:21.338 [INFO]   [Creating]    [pool-3-thread-1]   [com.diffblue.cover.ui.b.b]     [113/131]   Tests created: 1
12:55:21.339 [INFO]   [Creating]    [pool-3-thread-1]   [com.diffblue.cover.ui.b.b] [14/25] uk.gov.gchq.palisade.util.FileResourceBuilder
12:55:21.339 [INFO]   [Creating]    [pool-3-thread-1]   [com.diffblue.cover.ui.b.b] [14/25]   Tests created: 2
12:55:21.339 [INFO]   [Creating]    [pool-3-thread-1]   [com.diffblue.cover.m.a.b] 
================================================================================
= Starting analysis for class 'uk.gov.gchq.palisade.util.RulesUtil'
================================================================================
12:55:21.339 [INFO]   [Creating]    [pool-3-thread-1]   [com.diffblue.cover.m.a.b] Filtering out non-testable methods...
12:55:21.341 [DEBUG]  [Creating]    [pool-3-thread-1]   [com.diffblue.combiner.d.j] Using Javaparser to combine tests
12:55:21.341 [INFO]   [Creating]    [pool-3-thread-1]   [com.diffblue.cover.m.a.b] Filtering of methods complete. Creating analysis request
12:55:21.341 [INFO]   [Creating]    [pool-3-thread-1]   [com.diffblue.cover.service.c] Attempting to get service client, retry 1.
12:55:21.353 [DEBUG]  [Creating]    [analyzer-service:grpc-default-executor-2][com.diffblue.fuzztest.e.a] Class information:
12:55:21.353 [DEBUG]  [Creating]    [analyzer-service:grpc-default-executor-2][com.diffblue.fuzztest.e.a]   Fields: 
12:55:21.353 [DEBUG]  [Creating]    [analyzer-service:grpc-default-executor-2][com.diffblue.fuzztest.e.a]   Constructors: private uk.gov.gchq.palisade.util.RulesUtil()
12:55:21.353 [DEBUG]  [Creating]    [analyzer-service:grpc-default-executor-2][com.diffblue.fuzztest.e.a]   Methods: public static java.io.Serializable uk.gov.gchq.palisade.util.RulesUtil.applyRulesToItem(java.io.Serializable,uk.gov.gchq.palisade.user.User,uk.gov.gchq.palisade.Context,uk.gov.gchq.palisade.rule.Rules), public static java.util.stream.Stream uk.gov.gchq.palisade.util.RulesUtil.applyRulesToStream(java.util.stream.Stream,uk.gov.gchq.palisade.user.User,uk.gov.gchq.palisade.Context,uk.gov.gchq.palisade.rule.Rules,java.util.concurrent.atomic.AtomicLong,java.util.concurrent.atomic.AtomicLong), private static java.io.Serializable uk.gov.gchq.palisade.util.RulesUtil.lambda$applyRulesToStream$0(java.util.concurrent.atomic.AtomicLong,uk.gov.gchq.palisade.user.User,uk.gov.gchq.palisade.Context,uk.gov.gchq.palisade.rule.Rules,java.util.concurrent.atomic.AtomicLong,java.io.Serializable)
12:55:21.361 [DEBUG]  [Creating]    [analyzer-service:TimedExecutor-116][com.diffblue.fuzztest.g.e] 
================================================================================
= Creating tests for 'uk.gov.gchq.palisade.util.RulesUtil.applyRulesToItem:(Ljava/io/Serializable;Luk/gov/gchq/palisade/user/User;Luk/gov/gchq/palisade/Context;Luk/gov/gchq/palisade/rule/Rules;)Ljava/io/Serializable;' using 'SiM (!sp, fnm, df)'
================================================================================
12:55:21.363 [DEBUG]  [Creating]    [analyzer-service:TimedExecutor-116][com.diffblue.fuzztest.g.ap] Test file does not exist: /home/jbergqvist/diffblue/Palisade-common/src/test/java/uk/gov/gchq/palisade/util/RulesUtilDiffblueTest.java
12:55:21.363 [DEBUG]  [Creating]    [analyzer-service:TimedExecutor-116][com.diffblue.fuzztest.g.e] 
================================================================================
= Trying DI configuration EmptyDependencyInjectionTirConfiguration for uk.gov.gchq.palisade.util.RulesUtil.applyRulesToItem:(Ljava/io/Serializable;Luk/gov/gchq/palisade/user/User;Luk/gov/gchq/palisade/Context;Luk/gov/gchq/palisade/rule/Rules;)Ljava/io/Serializable;
================================================================================
12:55:25.645 [DEBUG]  [Creating]    [analyzer-service:grpc-default-executor-2][com.diffblue.cover.commons.system.e] Unable to create any test via 'SiM (!sp, fnm, df)', 1/2:
12:55:25.652 [DEBUG]  [Creating]    [analyzer-service:grpc-default-executor-2][com.diffblue.cover.commons.system.e] R005: Unable to load class
Class: akka.actor.CoordinatedShutdown$ActorSystemTerminateReason
Please check that the class is available on your test runtime classpath.
See https://diff.blue/R005 to resolve this issue.
	at com.diffblue.cover.commons.reflect.ClassName.a(SourceFile:598)
	at com.diffblue.cover.commons.reflect.h.getClass(SourceFile:421)
	at com.diffblue.cover.commons.reflect.h.a(SourceFile:433)
	at com.diffblue.fuzztest.d.b.b.a(SourceFile:318)
	at com.diffblue.fuzztest.d.b.b.a(SourceFile:236)
	at java.base/java.util.stream.ReferencePipeline$7$1.accept(ReferencePipeline.java:271)
	at java.base/java.util.stream.DistinctOps$1$2.accept(DistinctOps.java:175)
	at java.base/java.util.stream.StreamSpliterators$WrappingSpliterator.tryAdvance(StreamSpliterators.java:302)
	at java.base/java.util.stream.Streams$ConcatSpliterator.tryAdvance(Streams.java:727)
	at java.base/java.util.stream.ReferencePipeline.forEachWithCancel(ReferencePipeline.java:127)
	at java.base/java.util.stream.AbstractPipeline.copyIntoWithCancel(AbstractPipeline.java:502)
	at java.base/java.util.stream.AbstractPipeline.copyInto(AbstractPipeline.java:488)
	at java.base/java.util.stream.AbstractPipeline.wrapAndCopyInto(AbstractPipeline.java:474)
	at java.base/java.util.stream.ReduceOps$ReduceOp.evaluateSequential(ReduceOps.java:913)
	at java.base/java.util.stream.AbstractPipeline.evaluate(AbstractPipeline.java:234)
	at java.base/java.util.stream.ReferencePipeline.collect(ReferencePipeline.java:578)
	at com.diffblue.cover.h.z.a(SourceFile:96)
	at com.diffblue.fuzztest.d.b.b.b(SourceFile:230)
	at com.diffblue.fuzztest.d.b.b.b(SourceFile:64)
	at com.diffblue.cover.h.b.a(SourceFile:172)
	at com.google.common.cache.CacheLoader$FunctionToCacheLoader.load(SourceFile:169)
	at com.google.common.cache.LocalCache$LoadingValueReference.loadFuture(SourceFile:3574)
	at com.google.common.cache.LocalCache$Segment.loadSync(SourceFile:2316)
	at com.google.common.cache.LocalCache$Segment.lockedGetOrLoad(SourceFile:2189)
	at com.google.common.cache.LocalCache$Segment.get(SourceFile:2079)
	at com.google.common.cache.LocalCache.get(SourceFile:4017)
	at com.google.common.cache.LocalCache.getOrLoad(SourceFile:4040)
	at com.google.common.cache.LocalCache$LocalLoadingCache.get(SourceFile:4989)
	at com.diffblue.cover.h.b.c(SourceFile:191)
	at com.diffblue.cover.h.t.a(SourceFile:46)
	at com.diffblue.cover.h.t.a(SourceFile:39)
	at com.diffblue.fuzztest.d.h.a(SourceFile:114)
	at com.diffblue.fuzztest.d.h.c(SourceFile:2073)
	at com.diffblue.cover.h.t.a(SourceFile:46)
	at com.diffblue.cover.h.t.a(SourceFile:39)
	at com.diffblue.cover.h.k.a.d(SourceFile:302)
	at com.diffblue.cover.h.k.a.a(SourceFile:2097)
	at com.diffblue.fuzztest.d.h.a.c(SourceFile:132)
	at com.diffblue.fuzztest.d.a.a(SourceFile:55)
	at com.diffblue.fuzztest.d.e.a(SourceFile:46)
	at com.diffblue.fuzztest.g.y.a(SourceFile:52)
	at com.diffblue.fuzztest.g.i.a(SourceFile:104)
	at com.diffblue.fuzztest.g.a.a(SourceFile:46)
	at com.diffblue.fuzztest.g.p.a(SourceFile:128)
	at com.diffblue.fuzztest.g.a.a(SourceFile:46)
	at com.diffblue.fuzztest.g.ae.a(SourceFile:94)
	at com.diffblue.fuzztest.g.af.a(SourceFile:162)
	at com.diffblue.fuzztest.g.ae.a(SourceFile:193)
	at com.diffblue.fuzztest.g.e.r(SourceFile:499)
	at com.diffblue.cover.sandbox.execution.WorkerThread.lambda$callWorkerThread$3(SourceFile:164)
	at com.diffblue.cover.sandbox.execution.WorkerThread.run(SourceFile:265)
12:55:25.652 [DEBUG]  [Creating]    [analyzer-service:grpc-default-executor-2][com.diffblue.cover.commons.system.e] Caused by: com.diffblue.cover.exception.SerializableException:java.lang.ClassNotFoundException: akka.actor.CoordinatedShutdown$ActorSystemTerminateReason
	at java.base/java.net.URLClassLoader.findClass(URLClassLoader.java:476)
	at java.base/java.lang.ClassLoader.loadClass(ClassLoader.java:594)
	at com.diffblue.cover.launcher.FilteringClassLoader.loadClassBasedOnPolicy(FilteringClassLoader.java:72)
	at com.diffblue.cover.launcher.FilteringClassLoader.loadClass(FilteringClassLoader.java:60)
	at com.diffblue.cover.i.e.loadClass(SourceFile:67)
	at java.base/java.lang.Class.forName0(Native Method)
	at java.base/java.lang.Class.forName(Class.java:398)
	at com.diffblue.cover.commons.reflect.ClassName.a(SourceFile:595)
	at com.diffblue.cover.commons.reflect.h.getClass(SourceFile:421)
	at com.diffblue.cover.commons.reflect.h.a(SourceFile:433)
	at com.diffblue.fuzztest.d.b.b.a(SourceFile:318)
	at com.diffblue.fuzztest.d.b.b.a(SourceFile:236)
	at java.base/java.util.stream.ReferencePipeline$7$1.accept(ReferencePipeline.java:271)
	at java.base/java.util.stream.DistinctOps$1$2.accept(DistinctOps.java:175)
	at java.base/java.util.stream.StreamSpliterators$WrappingSpliterator.tryAdvance(StreamSpliterators.java:302)
	at java.base/java.util.stream.Streams$ConcatSpliterator.tryAdvance(Streams.java:727)
	at java.base/java.util.stream.ReferencePipeline.forEachWithCancel(ReferencePipeline.java:127)
	at java.base/java.util.stream.AbstractPipeline.copyIntoWithCancel(AbstractPipeline.java:502)
	at java.base/java.util.stream.AbstractPipeline.copyInto(AbstractPipeline.java:488)
	at java.base/java.util.stream.AbstractPipeline.wrapAndCopyInto(AbstractPipeline.java:474)
	at java.base/java.util.stream.ReduceOps$ReduceOp.evaluateSequential(ReduceOps.java:913)
	at java.base/java.util.stream.AbstractPipeline.evaluate(AbstractPipeline.java:234)
	at java.base/java.util.stream.ReferencePipeline.collect(ReferencePipeline.java:578)
	at com.diffblue.cover.h.z.a(SourceFile:96)
	at com.diffblue.fuzztest.d.b.b.b(SourceFile:230)
	at com.diffblue.fuzztest.d.b.b.b(SourceFile:64)
	at com.diffblue.cover.h.b.a(SourceFile:172)
	at com.google.common.cache.CacheLoader$FunctionToCacheLoader.load(SourceFile:169)
	at com.google.common.cache.LocalCache$LoadingValueReference.loadFuture(SourceFile:3574)
	at com.google.common.cache.LocalCache$Segment.loadSync(SourceFile:2316)
	at com.google.common.cache.LocalCache$Segment.lockedGetOrLoad(SourceFile:2189)
	at com.google.common.cache.LocalCache$Segment.get(SourceFile:2079)
	at com.google.common.cache.LocalCache.get(SourceFile:4017)
	at com.google.common.cache.LocalCache.getOrLoad(SourceFile:4040)
	at com.google.common.cache.LocalCache$LocalLoadingCache.get(SourceFile:4989)
	at com.diffblue.cover.h.b.c(SourceFile:191)
	at com.diffblue.cover.h.t.a(SourceFile:46)
	at com.diffblue.cover.h.t.a(SourceFile:39)
	at com.diffblue.fuzztest.d.h.a(SourceFile:114)
	at com.diffblue.fuzztest.d.h.c(SourceFile:2073)
	at com.diffblue.cover.h.t.a(SourceFile:46)
	at com.diffblue.cover.h.t.a(SourceFile:39)
	at com.diffblue.cover.h.k.a.d(SourceFile:302)
	at com.diffblue.cover.h.k.a.a(SourceFile:2097)
	at com.diffblue.fuzztest.d.h.a.c(SourceFile:132)
	at com.diffblue.fuzztest.d.a.a(SourceFile:55)
	at com.diffblue.fuzztest.d.e.a(SourceFile:46)
	at com.diffblue.fuzztest.g.y.a(SourceFile:52)
	at com.diffblue.fuzztest.g.i.a(SourceFile:104)
	at com.diffblue.fuzztest.g.a.a(SourceFile:46)
	at com.diffblue.fuzztest.g.p.a(SourceFile:128)
	at com.diffblue.fuzztest.g.a.a(SourceFile:46)
	at com.diffblue.fuzztest.g.ae.a(SourceFile:94)
	at com.diffblue.fuzztest.g.af.a(SourceFile:162)
	at com.diffblue.fuzztest.g.ae.a(SourceFile:193)
	at com.diffblue.fuzztest.g.e.r(SourceFile:499)
	at com.diffblue.cover.sandbox.execution.WorkerThread.lambda$callWorkerThread$3(SourceFile:164)
	at com.diffblue.cover.sandbox.execution.WorkerThread.run(SourceFile:265)
12:55:25.653 [DEBUG]  [Creating]    [analyzer-service:TimedExecutor-117][com.diffblue.fuzztest.g.e] 
================================================================================
= Creating tests for 'uk.gov.gchq.palisade.util.RulesUtil.applyRulesToItem:(Ljava/io/Serializable;Luk/gov/gchq/palisade/user/User;Luk/gov/gchq/palisade/Context;Luk/gov/gchq/palisade/rule/Rules;)Ljava/io/Serializable;' using 'SiM (!sp, !fnm, df)'
================================================================================
12:55:25.654 [DEBUG]  [Creating]    [analyzer-service:TimedExecutor-117][com.diffblue.fuzztest.g.ap] Test file does not exist: /home/jbergqvist/diffblue/Palisade-common/src/test/java/uk/gov/gchq/palisade/util/RulesUtilDiffblueTest.java
12:55:25.654 [DEBUG]  [Creating]    [analyzer-service:TimedExecutor-117][com.diffblue.fuzztest.g.e] 
================================================================================
= Trying DI configuration EmptyDependencyInjectionTirConfiguration for uk.gov.gchq.palisade.util.RulesUtil.applyRulesToItem:(Ljava/io/Serializable;Luk/gov/gchq/palisade/user/User;Luk/gov/gchq/palisade/Context;Luk/gov/gchq/palisade/rule/Rules;)Ljava/io/Serializable;
================================================================================
12:55:25.913 [DEBUG]  [Creating]    [analyzer-service:grpc-default-executor-2][com.diffblue.cover.commons.system.e] Unable to create any test via 'SiM (!sp, !fnm, df)', 2/2:
12:55:25.915 [DEBUG]  [Creating]    [analyzer-service:grpc-default-executor-2][com.diffblue.cover.commons.system.e] R005: Unable to load class
Class: akka.actor.CoordinatedShutdown$ActorSystemTerminateReason
Please check that the class is available on your test runtime classpath.
See https://diff.blue/R005 to resolve this issue.
	at com.diffblue.cover.commons.reflect.ClassName.a(SourceFile:598)
	at com.diffblue.cover.commons.reflect.h.getClass(SourceFile:421)
	at com.diffblue.cover.commons.reflect.h.a(SourceFile:433)
	at com.diffblue.fuzztest.d.b.b.a(SourceFile:318)
	at com.diffblue.fuzztest.d.b.b.a(SourceFile:236)
	at java.base/java.util.stream.ReferencePipeline$7$1.accept(ReferencePipeline.java:271)
	at java.base/java.util.stream.DistinctOps$1$2.accept(DistinctOps.java:175)
	at java.base/java.util.stream.StreamSpliterators$WrappingSpliterator.tryAdvance(StreamSpliterators.java:302)
	at java.base/java.util.stream.Streams$ConcatSpliterator.tryAdvance(Streams.java:727)
	at java.base/java.util.stream.ReferencePipeline.forEachWithCancel(ReferencePipeline.java:127)
	at java.base/java.util.stream.AbstractPipeline.copyIntoWithCancel(AbstractPipeline.java:502)
	at java.base/java.util.stream.AbstractPipeline.copyInto(AbstractPipeline.java:488)
	at java.base/java.util.stream.AbstractPipeline.wrapAndCopyInto(AbstractPipeline.java:474)
	at java.base/java.util.stream.ReduceOps$ReduceOp.evaluateSequential(ReduceOps.java:913)
	at java.base/java.util.stream.AbstractPipeline.evaluate(AbstractPipeline.java:234)
	at java.base/java.util.stream.ReferencePipeline.collect(ReferencePipeline.java:578)
	at com.diffblue.cover.h.z.a(SourceFile:96)
	at com.diffblue.fuzztest.d.b.b.b(SourceFile:230)
	at com.diffblue.fuzztest.d.b.b.b(SourceFile:64)
	at com.diffblue.cover.h.b.a(SourceFile:172)
	at com.google.common.cache.CacheLoader$FunctionToCacheLoader.load(SourceFile:169)
	at com.google.common.cache.LocalCache$LoadingValueReference.loadFuture(SourceFile:3574)
	at com.google.common.cache.LocalCache$Segment.loadSync(SourceFile:2316)
	at com.google.common.cache.LocalCache$Segment.lockedGetOrLoad(SourceFile:2189)
	at com.google.common.cache.LocalCache$Segment.get(SourceFile:2079)
	at com.google.common.cache.LocalCache.get(SourceFile:4017)
	at com.google.common.cache.LocalCache.getOrLoad(SourceFile:4040)
	at com.google.common.cache.LocalCache$LocalLoadingCache.get(SourceFile:4989)
	at com.diffblue.cover.h.b.c(SourceFile:191)
	at com.diffblue.cover.h.t.a(SourceFile:46)
	at com.diffblue.cover.h.t.a(SourceFile:39)
	at com.diffblue.fuzztest.d.h.a(SourceFile:114)
	at com.diffblue.fuzztest.d.h.c(SourceFile:2073)
	at com.diffblue.cover.h.t.a(SourceFile:46)
	at com.diffblue.cover.h.t.a(SourceFile:39)
	at com.diffblue.cover.h.k.a.d(SourceFile:302)
	at com.diffblue.cover.h.k.a.a(SourceFile:2097)
	at com.diffblue.fuzztest.d.h.a.c(SourceFile:132)
	at com.diffblue.fuzztest.d.a.a(SourceFile:55)
	at com.diffblue.fuzztest.d.e.a(SourceFile:46)
	at com.diffblue.fuzztest.g.y.a(SourceFile:52)
	at com.diffblue.fuzztest.g.i.a(SourceFile:104)
	at com.diffblue.fuzztest.g.a.a(SourceFile:46)
	at com.diffblue.fuzztest.g.p.a(SourceFile:128)
	at com.diffblue.fuzztest.g.a.a(SourceFile:46)
	at com.diffblue.fuzztest.g.ae.a(SourceFile:94)
	at com.diffblue.fuzztest.g.af.a(SourceFile:162)
	at com.diffblue.fuzztest.g.ae.a(SourceFile:193)
	at com.diffblue.fuzztest.g.e.r(SourceFile:499)
	at com.diffblue.cover.sandbox.execution.WorkerThread.lambda$callWorkerThread$3(SourceFile:164)
	at com.diffblue.cover.sandbox.execution.WorkerThread.run(SourceFile:265)
12:55:25.915 [DEBUG]  [Creating]    [analyzer-service:grpc-default-executor-2][com.diffblue.cover.commons.system.e] Caused by: com.diffblue.cover.exception.SerializableException:java.lang.ClassNotFoundException: akka.actor.CoordinatedShutdown$ActorSystemTerminateReason
	at java.base/java.net.URLClassLoader.findClass(URLClassLoader.java:476)
	at java.base/java.lang.ClassLoader.loadClass(ClassLoader.java:594)
	at com.diffblue.cover.launcher.FilteringClassLoader.loadClassBasedOnPolicy(FilteringClassLoader.java:72)
	at com.diffblue.cover.launcher.FilteringClassLoader.loadClass(FilteringClassLoader.java:60)
	at com.diffblue.cover.i.e.loadClass(SourceFile:67)
	at java.base/java.lang.Class.forName0(Native Method)
	at java.base/java.lang.Class.forName(Class.java:398)
	at com.diffblue.cover.commons.reflect.ClassName.a(SourceFile:595)
	at com.diffblue.cover.commons.reflect.h.getClass(SourceFile:421)
	at com.diffblue.cover.commons.reflect.h.a(SourceFile:433)
	at com.diffblue.fuzztest.d.b.b.a(SourceFile:318)
	at com.diffblue.fuzztest.d.b.b.a(SourceFile:236)
	at java.base/java.util.stream.ReferencePipeline$7$1.accept(ReferencePipeline.java:271)
	at java.base/java.util.stream.DistinctOps$1$2.accept(DistinctOps.java:175)
	at java.base/java.util.stream.StreamSpliterators$WrappingSpliterator.tryAdvance(StreamSpliterators.java:302)
	at java.base/java.util.stream.Streams$ConcatSpliterator.tryAdvance(Streams.java:727)
	at java.base/java.util.stream.ReferencePipeline.forEachWithCancel(ReferencePipeline.java:127)
	at java.base/java.util.stream.AbstractPipeline.copyIntoWithCancel(AbstractPipeline.java:502)
	at java.base/java.util.stream.AbstractPipeline.copyInto(AbstractPipeline.java:488)
	at java.base/java.util.stream.AbstractPipeline.wrapAndCopyInto(AbstractPipeline.java:474)
	at java.base/java.util.stream.ReduceOps$ReduceOp.evaluateSequential(ReduceOps.java:913)
	at java.base/java.util.stream.AbstractPipeline.evaluate(AbstractPipeline.java:234)
	at java.base/java.util.stream.ReferencePipeline.collect(ReferencePipeline.java:578)
	at com.diffblue.cover.h.z.a(SourceFile:96)
	at com.diffblue.fuzztest.d.b.b.b(SourceFile:230)
	at com.diffblue.fuzztest.d.b.b.b(SourceFile:64)
	at com.diffblue.cover.h.b.a(SourceFile:172)
	at com.google.common.cache.CacheLoader$FunctionToCacheLoader.load(SourceFile:169)
	at com.google.common.cache.LocalCache$LoadingValueReference.loadFuture(SourceFile:3574)
	at com.google.common.cache.LocalCache$Segment.loadSync(SourceFile:2316)
	at com.google.common.cache.LocalCache$Segment.lockedGetOrLoad(SourceFile:2189)
	at com.google.common.cache.LocalCache$Segment.get(SourceFile:2079)
	at com.google.common.cache.LocalCache.get(SourceFile:4017)
	at com.google.common.cache.LocalCache.getOrLoad(SourceFile:4040)
	at com.google.common.cache.LocalCache$LocalLoadingCache.get(SourceFile:4989)
	at com.diffblue.cover.h.b.c(SourceFile:191)
	at com.diffblue.cover.h.t.a(SourceFile:46)
	at com.diffblue.cover.h.t.a(SourceFile:39)
	at com.diffblue.fuzztest.d.h.a(SourceFile:114)
	at com.diffblue.fuzztest.d.h.c(SourceFile:2073)
	at com.diffblue.cover.h.t.a(SourceFile:46)
	at com.diffblue.cover.h.t.a(SourceFile:39)
	at com.diffblue.cover.h.k.a.d(SourceFile:302)
	at com.diffblue.cover.h.k.a.a(SourceFile:2097)
	at com.diffblue.fuzztest.d.h.a.c(SourceFile:132)
	at com.diffblue.fuzztest.d.a.a(SourceFile:55)
	at com.diffblue.fuzztest.d.e.a(SourceFile:46)
	at com.diffblue.fuzztest.g.y.a(SourceFile:52)
	at com.diffblue.fuzztest.g.i.a(SourceFile:104)
	at com.diffblue.fuzztest.g.a.a(SourceFile:46)
	at com.diffblue.fuzztest.g.p.a(SourceFile:128)
	at com.diffblue.fuzztest.g.a.a(SourceFile:46)
	at com.diffblue.fuzztest.g.ae.a(SourceFile:94)
	at com.diffblue.fuzztest.g.af.a(SourceFile:162)
	at com.diffblue.fuzztest.g.ae.a(SourceFile:193)
	at com.diffblue.fuzztest.g.e.r(SourceFile:499)
	at com.diffblue.cover.sandbox.execution.WorkerThread.lambda$callWorkerThread$3(SourceFile:164)
	at com.diffblue.cover.sandbox.execution.WorkerThread.run(SourceFile:265)
12:55:25.916 [DEBUG]  [Creating]    [analyzer-service:grpc-default-executor-2][com.diffblue.fuzztest.g.o] All 2 subs failed to create any test, failing with first error seen
12:55:25.928 [DEBUG]  [Creating]    [analyzer-service:grpc-default-executor-2][com.diffblue.cover.service.analyzer.a.c] Watchdog reset
12:55:25.937 [DEBUG]  [Creating]    [pool-3-thread-1]   [com.diffblue.cover.m.a.b] in processAnalysisResult for uk.gov.gchq.palisade.util.RulesUtil.applyRulesToItem:(Ljava/io/Serializable;Luk/gov/gchq/palisade/user/User;Luk/gov/gchq/palisade/Context;Luk/gov/gchq/palisade/rule/Rules;)Ljava/io/Serializable;
12:55:25.939 [INFO]   [Creating]    [pool-3-thread-1]   [com.diffblue.cover.ui.b.b]     [114/131] uk.gov.gchq.palisade.util.RulesUtil.applyRulesToItem
12:55:25.939 [INFO]   [Creating]    [pool-3-thread-1]   [com.diffblue.cover.ui.b.b]     [114/131]   R005: Unable to load class
12:55:25.939 [DEBUG]  [Creating]    [pool-3-thread-1]   [com.diffblue.cover.ui.b.b]     [114/131]   (at least 9 lines uncovered in this method)
12:55:25.939 [INFO]   [Creating]    [pool-3-thread-1]   [com.diffblue.cover.ui.b.b]     [114/131]     Class: akka.actor.CoordinatedShutdown$ActorSystemTerminateReason
12:55:25.939 [INFO]   [Creating]    [pool-3-thread-1]   [com.diffblue.cover.ui.b.b]     [114/131]     Please check that the class is available on your test runtime classpath.
12:55:25.939 [INFO]   [Creating]    [pool-3-thread-1]   [com.diffblue.cover.ui.b.b]     [114/131]     See https://diff.blue/R005 to resolve this issue.
12:55:25.941 [DEBUG]  [Creating]    [analyzer-service:TimedExecutor-118][com.diffblue.fuzztest.g.e] 
================================================================================
= Creating tests for 'uk.gov.gchq.palisade.util.RulesUtil.applyRulesToStream:(Ljava/util/stream/Stream;Luk/gov/gchq/palisade/user/User;Luk/gov/gchq/palisade/Context;Luk/gov/gchq/palisade/rule/Rules;Ljava/util/concurrent/atomic/AtomicLong;Ljava/util/concurrent/atomic/AtomicLong;)Ljava/util/stream/Stream;' using 'SiM (!sp, fnm, df)'
================================================================================
12:55:25.942 [DEBUG]  [Creating]    [analyzer-service:TimedExecutor-118][com.diffblue.fuzztest.g.ap] Test file does not exist: /home/jbergqvist/diffblue/Palisade-common/src/test/java/uk/gov/gchq/palisade/util/RulesUtilDiffblueTest.java
12:55:25.942 [DEBUG]  [Creating]    [analyzer-service:TimedExecutor-118][com.diffblue.fuzztest.g.e] 
================================================================================
= Trying DI configuration EmptyDependencyInjectionTirConfiguration for uk.gov.gchq.palisade.util.RulesUtil.applyRulesToStream:(Ljava/util/stream/Stream;Luk/gov/gchq/palisade/user/User;Luk/gov/gchq/palisade/Context;Luk/gov/gchq/palisade/rule/Rules;Ljava/util/concurrent/atomic/AtomicLong;Ljava/util/concurrent/atomic/AtomicLong;)Ljava/util/stream/Stream;
================================================================================
12:55:25.976 [DEBUG]  [Creating]    [analyzer-service:TimedExecutor-118][com.diffblue.a.a.c.d.a.a.h] Stream provenance not unhandled by stream interpreter arg#0
12:55:25.976 [DEBUG]  [Creating]    [analyzer-service:TimedExecutor-118][com.diffblue.a.a.c.d.a.a.h] Stream provenance not unhandled by stream interpreter (pruned)
12:55:25.976 [DEBUG]  [Creating]    [analyzer-service:TimedExecutor-118][com.diffblue.a.a.c.d.a.a.h] Stream provenance not unhandled by stream interpreter arg#0
12:55:25.976 [DEBUG]  [Creating]    [analyzer-service:TimedExecutor-118][com.diffblue.a.a.c.d.a.a.h] Stream provenance not unhandled by stream interpreter (pruned)
12:55:26.504 [DEBUG]  [Creating]    [analyzer-service:TimedExecutor-118][com.diffblue.cover.service.analyzer.a.c] Watchdog reset
12:55:27.618 [DEBUG]  [Creating]    [analyzer-service:TimedExecutor-118][com.diffblue.cover.service.analyzer.a.c] Watchdog reset
12:55:27.654 [DEBUG]  [Creating]    [analyzer-service:TimedExecutor-118][com.diffblue.fuzztest.d.s.c] Could not construct class type 'akka.pattern.CircuitBreaker$Open$'
com.diffblue.cover.exception.BaseException: Unable to load class
	at com.diffblue.tir.h.a.f.a(SourceFile:70)
	at com.diffblue.tir.h.a.f.c(SourceFile:92)
	at com.diffblue.fuzztest.d.s.c.a(SourceFile:290)
	at com.diffblue.fuzztest.d.s.c.a(SourceFile:157)
	at com.diffblue.fuzztest.d.s.c.c(SourceFile:103)
	at java.base/java.util.stream.ReferencePipeline$7$1.accept(ReferencePipeline.java:271)
	at java.base/java.util.ArrayList$ArrayListSpliterator.forEachRemaining(ArrayList.java:1655)
	at java.base/java.util.stream.AbstractPipeline.copyInto(AbstractPipeline.java:484)
	at java.base/java.util.stream.AbstractPipeline.wrapAndCopyInto(AbstractPipeline.java:474)
	at java.base/java.util.stream.ReduceOps$ReduceOp.evaluateSequential(ReduceOps.java:913)
	at java.base/java.util.stream.AbstractPipeline.evaluate(AbstractPipeline.java:234)
	at java.base/java.util.stream.ReferencePipeline.collect(ReferencePipeline.java:578)
	at com.diffblue.cover.h.z.a(SourceFile:96)
	at com.diffblue.cover.h.z.a(SourceFile:83)
	at com.diffblue.fuzztest.d.s.c.a(SourceFile:99)
	at com.diffblue.fuzztest.d.f.a(SourceFile:34)
	at java.base/java.util.stream.ReferencePipeline$7$1.accept(ReferencePipeline.java:271)
	at java.base/java.util.ArrayList$ArrayListSpliterator.tryAdvance(ArrayList.java:1632)
	at java.base/java.util.stream.ReferencePipeline.forEachWithCancel(ReferencePipeline.java:127)
	at java.base/java.util.stream.AbstractPipeline.copyIntoWithCancel(AbstractPipeline.java:502)
	at java.base/java.util.stream.AbstractPipeline.copyInto(AbstractPipeline.java:488)
	at java.base/java.util.stream.AbstractPipeline.wrapAndCopyInto(AbstractPipeline.java:474)
	at java.base/java.util.stream.ReduceOps$ReduceOp.evaluateSequential(ReduceOps.java:913)
	at java.base/java.util.stream.AbstractPipeline.evaluate(AbstractPipeline.java:234)
	at java.base/java.util.stream.ReferencePipeline.collect(ReferencePipeline.java:578)
	at com.diffblue.cover.h.z.a(SourceFile:96)
	at com.diffblue.fuzztest.d.f.a(SourceFile:33)
	at com.diffblue.fuzztest.b.a.d.a(SourceFile:493)
	at com.diffblue.fuzztest.b.a.d.a(SourceFile:470)
	at com.diffblue.fuzztest.b.a.d.a(SourceFile:402)
	at com.diffblue.fuzztest.b.a.d.d(SourceFile:856)
	at com.diffblue.fuzztest.b.a.d.a(SourceFile:160)
	at com.diffblue.fuzztest.b.a.d.a(SourceFile:123)
	at com.diffblue.fuzztest.b.f.a(SourceFile:564)
	at com.diffblue.fuzztest.b.f.a(SourceFile:292)
	at com.diffblue.fuzztest.b.f.b(SourceFile:377)
	at com.diffblue.fuzztest.g.ae.a(SourceFile:100)
	at com.diffblue.fuzztest.g.af.a(SourceFile:162)
	at com.diffblue.fuzztest.g.ae.a(SourceFile:193)
	at com.diffblue.fuzztest.g.e.r(SourceFile:499)
	at com.diffblue.cover.sandbox.execution.WorkerThread.lambda$callWorkerThread$3(SourceFile:164)
	at com.diffblue.cover.sandbox.execution.WorkerThread.run(SourceFile:265)
Caused by: java.lang.ClassNotFoundException: akka.pattern.CircuitBreaker$Open
	at java.base/java.net.URLClassLoader.findClass(URLClassLoader.java:476)
	at java.base/java.lang.ClassLoader.loadClass(ClassLoader.java:594)
	at com.diffblue.cover.launcher.FilteringClassLoader.loadClassBasedOnPolicy(FilteringClassLoader.java:72)
	at com.diffblue.cover.launcher.FilteringClassLoader.loadClass(FilteringClassLoader.java:60)
	at com.diffblue.cover.i.e.loadClass(SourceFile:67)
	at java.base/java.lang.Class.forName0(Native Method)
	at java.base/java.lang.Class.forName(Class.java:398)
	at com.diffblue.cover.commons.reflect.q.a(SourceFile:525)
	at com.diffblue.tir.h.a.f.a(SourceFile:67)
	... 41 common frames omitted
12:55:27.658 [DEBUG]  [Creating]    [analyzer-service:TimedExecutor-118][com.diffblue.fuzztest.d.s.c] Could not construct class type 'akka.pattern.CircuitBreaker$Open$'
com.diffblue.cover.exception.BaseException: Unable to load class
	at com.diffblue.tir.h.a.f.a(SourceFile:70)
	at com.diffblue.tir.h.a.f.c(SourceFile:92)
	at com.diffblue.fuzztest.d.s.c.b(SourceFile:274)
	at com.diffblue.fuzztest.d.s.c.a(SourceFile:160)
	at com.diffblue.fuzztest.d.s.c.c(SourceFile:103)
	at java.base/java.util.stream.ReferencePipeline$7$1.accept(ReferencePipeline.java:271)
	at java.base/java.util.ArrayList$ArrayListSpliterator.forEachRemaining(ArrayList.java:1655)
	at java.base/java.util.stream.AbstractPipeline.copyInto(AbstractPipeline.java:484)
	at java.base/java.util.stream.AbstractPipeline.wrapAndCopyInto(AbstractPipeline.java:474)
	at java.base/java.util.stream.ReduceOps$ReduceOp.evaluateSequential(ReduceOps.java:913)
	at java.base/java.util.stream.AbstractPipeline.evaluate(AbstractPipeline.java:234)
	at java.base/java.util.stream.ReferencePipeline.collect(ReferencePipeline.java:578)
	at com.diffblue.cover.h.z.a(SourceFile:96)
	at com.diffblue.cover.h.z.a(SourceFile:83)
	at com.diffblue.fuzztest.d.s.c.a(SourceFile:99)
	at com.diffblue.fuzztest.d.f.a(SourceFile:34)
	at java.base/java.util.stream.ReferencePipeline$7$1.accept(ReferencePipeline.java:271)
	at java.base/java.util.ArrayList$ArrayListSpliterator.tryAdvance(ArrayList.java:1632)
	at java.base/java.util.stream.ReferencePipeline.forEachWithCancel(ReferencePipeline.java:127)
	at java.base/java.util.stream.AbstractPipeline.copyIntoWithCancel(AbstractPipeline.java:502)
	at java.base/java.util.stream.AbstractPipeline.copyInto(AbstractPipeline.java:488)
	at java.base/java.util.stream.AbstractPipeline.wrapAndCopyInto(AbstractPipeline.java:474)
	at java.base/java.util.stream.ReduceOps$ReduceOp.evaluateSequential(ReduceOps.java:913)
	at java.base/java.util.stream.AbstractPipeline.evaluate(AbstractPipeline.java:234)
	at java.base/java.util.stream.ReferencePipeline.collect(ReferencePipeline.java:578)
	at com.diffblue.cover.h.z.a(SourceFile:96)
	at com.diffblue.fuzztest.d.f.a(SourceFile:33)
	at com.diffblue.fuzztest.b.a.d.a(SourceFile:493)
	at com.diffblue.fuzztest.b.a.d.a(SourceFile:470)
	at com.diffblue.fuzztest.b.a.d.a(SourceFile:402)
	at com.diffblue.fuzztest.b.a.d.d(SourceFile:856)
	at com.diffblue.fuzztest.b.a.d.a(SourceFile:160)
	at com.diffblue.fuzztest.b.a.d.a(SourceFile:123)
	at com.diffblue.fuzztest.b.f.a(SourceFile:564)
	at com.diffblue.fuzztest.b.f.a(SourceFile:292)
	at com.diffblue.fuzztest.b.f.b(SourceFile:377)
	at com.diffblue.fuzztest.g.ae.a(SourceFile:100)
	at com.diffblue.fuzztest.g.af.a(SourceFile:162)
	at com.diffblue.fuzztest.g.ae.a(SourceFile:193)
	at com.diffblue.fuzztest.g.e.r(SourceFile:499)
	at com.diffblue.cover.sandbox.execution.WorkerThread.lambda$callWorkerThread$3(SourceFile:164)
	at com.diffblue.cover.sandbox.execution.WorkerThread.run(SourceFile:265)
Caused by: java.lang.ClassNotFoundException: akka.pattern.CircuitBreaker$Open
	at java.base/java.net.URLClassLoader.findClass(URLClassLoader.java:476)
	at java.base/java.lang.ClassLoader.loadClass(ClassLoader.java:594)
	at com.diffblue.cover.launcher.FilteringClassLoader.loadClassBasedOnPolicy(FilteringClassLoader.java:72)
	at com.diffblue.cover.launcher.FilteringClassLoader.loadClass(FilteringClassLoader.java:60)
	at com.diffblue.cover.i.e.loadClass(SourceFile:67)
	at java.base/java.lang.Class.forName0(Native Method)
	at java.base/java.lang.Class.forName(Class.java:398)
	at com.diffblue.cover.commons.reflect.q.a(SourceFile:525)
	at com.diffblue.tir.h.a.f.a(SourceFile:67)
	... 41 common frames omitted
12:55:27.674 [DEBUG]  [Creating]    [analyzer-service:TimedExecutor-118][com.diffblue.fuzztest.d.s.c] Could not construct class type 'akka.pattern.CircuitBreaker$Open$'
com.diffblue.cover.exception.BaseException: Unable to load class
	at com.diffblue.tir.h.a.f.a(SourceFile:70)
	at com.diffblue.tir.h.a.f.c(SourceFile:92)
	at com.diffblue.fuzztest.d.s.c.a(SourceFile:290)
	at com.diffblue.fuzztest.d.s.c.a(SourceFile:157)
	at com.diffblue.fuzztest.d.s.c.c(SourceFile:103)
	at java.base/java.util.stream.ReferencePipeline$7$1.accept(ReferencePipeline.java:271)
	at java.base/java.util.ArrayList$ArrayListSpliterator.forEachRemaining(ArrayList.java:1655)
	at java.base/java.util.stream.AbstractPipeline.copyInto(AbstractPipeline.java:484)
	at java.base/java.util.stream.AbstractPipeline.wrapAndCopyInto(AbstractPipeline.java:474)
	at java.base/java.util.stream.ReduceOps$ReduceOp.evaluateSequential(ReduceOps.java:913)
	at java.base/java.util.stream.AbstractPipeline.evaluate(AbstractPipeline.java:234)
	at java.base/java.util.stream.ReferencePipeline.collect(ReferencePipeline.java:578)
	at com.diffblue.cover.h.z.a(SourceFile:96)
	at com.diffblue.cover.h.z.a(SourceFile:83)
	at com.diffblue.fuzztest.d.s.c.a(SourceFile:99)
	at com.diffblue.fuzztest.d.f.a(SourceFile:34)
	at java.base/java.util.stream.ReferencePipeline$7$1.accept(ReferencePipeline.java:271)
	at java.base/java.util.ArrayList$ArrayListSpliterator.tryAdvance(ArrayList.java:1632)
	at java.base/java.util.stream.ReferencePipeline.forEachWithCancel(ReferencePipeline.java:127)
	at java.base/java.util.stream.AbstractPipeline.copyIntoWithCancel(AbstractPipeline.java:502)
	at java.base/java.util.stream.AbstractPipeline.copyInto(AbstractPipeline.java:488)
	at java.base/java.util.stream.AbstractPipeline.wrapAndCopyInto(AbstractPipeline.java:474)
	at java.base/java.util.stream.ReduceOps$ReduceOp.evaluateSequential(ReduceOps.java:913)
	at java.base/java.util.stream.AbstractPipeline.evaluate(AbstractPipeline.java:234)
	at java.base/java.util.stream.ReferencePipeline.collect(ReferencePipeline.java:578)
	at com.diffblue.cover.h.z.a(SourceFile:96)
	at com.diffblue.fuzztest.d.f.a(SourceFile:33)
	at com.diffblue.fuzztest.b.a.d.a(SourceFile:493)
	at com.diffblue.fuzztest.b.a.d.a(SourceFile:470)
	at com.diffblue.fuzztest.b.a.d.a(SourceFile:402)
	at com.diffblue.fuzztest.b.a.d.d(SourceFile:856)
	at com.diffblue.fuzztest.b.a.d.a(SourceFile:160)
	at com.diffblue.fuzztest.b.a.d.a(SourceFile:123)
	at com.diffblue.fuzztest.b.f.a(SourceFile:564)
	at com.diffblue.fuzztest.b.f.a(SourceFile:292)
	at com.diffblue.fuzztest.b.f.b(SourceFile:377)
	at com.diffblue.fuzztest.g.ae.a(SourceFile:100)
	at com.diffblue.fuzztest.g.af.a(SourceFile:162)
	at com.diffblue.fuzztest.g.ae.a(SourceFile:193)
	at com.diffblue.fuzztest.g.e.r(SourceFile:499)
	at com.diffblue.cover.sandbox.execution.WorkerThread.lambda$callWorkerThread$3(SourceFile:164)
	at com.diffblue.cover.sandbox.execution.WorkerThread.run(SourceFile:265)
Caused by: java.lang.ClassNotFoundException: akka.pattern.CircuitBreaker$Open
	at java.base/java.net.URLClassLoader.findClass(URLClassLoader.java:476)
	at java.base/java.lang.ClassLoader.loadClass(ClassLoader.java:594)
	at com.diffblue.cover.launcher.FilteringClassLoader.loadClassBasedOnPolicy(FilteringClassLoader.java:72)
	at com.diffblue.cover.launcher.FilteringClassLoader.loadClass(FilteringClassLoader.java:60)
	at com.diffblue.cover.i.e.loadClass(SourceFile:67)
	at java.base/java.lang.Class.forName0(Native Method)
	at java.base/java.lang.Class.forName(Class.java:398)
	at com.diffblue.cover.commons.reflect.q.a(SourceFile:525)
	at com.diffblue.tir.h.a.f.a(SourceFile:67)
	... 41 common frames omitted
12:55:27.674 [DEBUG]  [Creating]    [analyzer-service:TimedExecutor-118][com.diffblue.fuzztest.d.s.c] Could not construct class type 'akka.pattern.CircuitBreaker$Open$'
com.diffblue.cover.exception.BaseException: Unable to load class
	at com.diffblue.tir.h.a.f.a(SourceFile:70)
	at com.diffblue.tir.h.a.f.c(SourceFile:92)
	at com.diffblue.fuzztest.d.s.c.b(SourceFile:274)
	at com.diffblue.fuzztest.d.s.c.a(SourceFile:160)
	at com.diffblue.fuzztest.d.s.c.c(SourceFile:103)
	at java.base/java.util.stream.ReferencePipeline$7$1.accept(ReferencePipeline.java:271)
	at java.base/java.util.ArrayList$ArrayListSpliterator.forEachRemaining(ArrayList.java:1655)
	at java.base/java.util.stream.AbstractPipeline.copyInto(AbstractPipeline.java:484)
	at java.base/java.util.stream.AbstractPipeline.wrapAndCopyInto(AbstractPipeline.java:474)
	at java.base/java.util.stream.ReduceOps$ReduceOp.evaluateSequential(ReduceOps.java:913)
	at java.base/java.util.stream.AbstractPipeline.evaluate(AbstractPipeline.java:234)
	at java.base/java.util.stream.ReferencePipeline.collect(ReferencePipeline.java:578)
	at com.diffblue.cover.h.z.a(SourceFile:96)
	at com.diffblue.cover.h.z.a(SourceFile:83)
	at com.diffblue.fuzztest.d.s.c.a(SourceFile:99)
	at com.diffblue.fuzztest.d.f.a(SourceFile:34)
	at java.base/java.util.stream.ReferencePipeline$7$1.accept(ReferencePipeline.java:271)
	at java.base/java.util.ArrayList$ArrayListSpliterator.tryAdvance(ArrayList.java:1632)
	at java.base/java.util.stream.ReferencePipeline.forEachWithCancel(ReferencePipeline.java:127)
	at java.base/java.util.stream.AbstractPipeline.copyIntoWithCancel(AbstractPipeline.java:502)
	at java.base/java.util.stream.AbstractPipeline.copyInto(AbstractPipeline.java:488)
	at java.base/java.util.stream.AbstractPipeline.wrapAndCopyInto(AbstractPipeline.java:474)
	at java.base/java.util.stream.ReduceOps$ReduceOp.evaluateSequential(ReduceOps.java:913)
	at java.base/java.util.stream.AbstractPipeline.evaluate(AbstractPipeline.java:234)
	at java.base/java.util.stream.ReferencePipeline.collect(ReferencePipeline.java:578)
	at com.diffblue.cover.h.z.a(SourceFile:96)
	at com.diffblue.fuzztest.d.f.a(SourceFile:33)
	at com.diffblue.fuzztest.b.a.d.a(SourceFile:493)
	at com.diffblue.fuzztest.b.a.d.a(SourceFile:470)
	at com.diffblue.fuzztest.b.a.d.a(SourceFile:402)
	at com.diffblue.fuzztest.b.a.d.d(SourceFile:856)
	at com.diffblue.fuzztest.b.a.d.a(SourceFile:160)
	at com.diffblue.fuzztest.b.a.d.a(SourceFile:123)
	at com.diffblue.fuzztest.b.f.a(SourceFile:564)
	at com.diffblue.fuzztest.b.f.a(SourceFile:292)
	at com.diffblue.fuzztest.b.f.b(SourceFile:377)
	at com.diffblue.fuzztest.g.ae.a(SourceFile:100)
	at com.diffblue.fuzztest.g.af.a(SourceFile:162)
	at com.diffblue.fuzztest.g.ae.a(SourceFile:193)
	at com.diffblue.fuzztest.g.e.r(SourceFile:499)
	at com.diffblue.cover.sandbox.execution.WorkerThread.lambda$callWorkerThread$3(SourceFile:164)
	at com.diffblue.cover.sandbox.execution.WorkerThread.run(SourceFile:265)
Caused by: java.lang.ClassNotFoundException: akka.pattern.CircuitBreaker$Open
	at java.base/java.net.URLClassLoader.findClass(URLClassLoader.java:476)
	at java.base/java.lang.ClassLoader.loadClass(ClassLoader.java:594)
	at com.diffblue.cover.launcher.FilteringClassLoader.loadClassBasedOnPolicy(FilteringClassLoader.java:72)
	at com.diffblue.cover.launcher.FilteringClassLoader.loadClass(FilteringClassLoader.java:60)
	at com.diffblue.cover.i.e.loadClass(SourceFile:67)
	at java.base/java.lang.Class.forName0(Native Method)
	at java.base/java.lang.Class.forName(Class.java:398)
	at com.diffblue.cover.commons.reflect.q.a(SourceFile:525)
	at com.diffblue.tir.h.a.f.a(SourceFile:67)
	... 41 common frames omitted
12:55:28.816 [DEBUG]  [Creating]    [analyzer-service:TimedExecutor-118][com.diffblue.cover.service.analyzer.a.c] Watchdog reset
12:55:28.842 [DEBUG]  [Creating]    [analyzer-service:TimedExecutor-118][com.diffblue.fuzztest.d.s.c] Could not construct class type 'akka.pattern.CircuitBreaker$Open$'
com.diffblue.cover.exception.BaseException: Unable to load class
	at com.diffblue.tir.h.a.f.a(SourceFile:70)
	at com.diffblue.tir.h.a.f.c(SourceFile:92)
	at com.diffblue.fuzztest.d.s.c.a(SourceFile:290)
	at com.diffblue.fuzztest.d.s.c.a(SourceFile:157)
	at com.diffblue.fuzztest.d.s.c.c(SourceFile:103)
	at java.base/java.util.stream.ReferencePipeline$7$1.accept(ReferencePipeline.java:271)
	at java.base/java.util.ArrayList$ArrayListSpliterator.forEachRemaining(ArrayList.java:1655)
	at java.base/java.util.stream.AbstractPipeline.copyInto(AbstractPipeline.java:484)
	at java.base/java.util.stream.AbstractPipeline.wrapAndCopyInto(AbstractPipeline.java:474)
	at java.base/java.util.stream.ReduceOps$ReduceOp.evaluateSequential(ReduceOps.java:913)
	at java.base/java.util.stream.AbstractPipeline.evaluate(AbstractPipeline.java:234)
	at java.base/java.util.stream.ReferencePipeline.collect(ReferencePipeline.java:578)
	at com.diffblue.cover.h.z.a(SourceFile:96)
	at com.diffblue.cover.h.z.a(SourceFile:83)
	at com.diffblue.fuzztest.d.s.c.a(SourceFile:99)
	at com.diffblue.fuzztest.d.f.a(SourceFile:34)
	at java.base/java.util.stream.ReferencePipeline$7$1.accept(ReferencePipeline.java:271)
	at java.base/java.util.ArrayList$ArrayListSpliterator.tryAdvance(ArrayList.java:1632)
	at java.base/java.util.stream.ReferencePipeline.forEachWithCancel(ReferencePipeline.java:127)
	at java.base/java.util.stream.AbstractPipeline.copyIntoWithCancel(AbstractPipeline.java:502)
	at java.base/java.util.stream.AbstractPipeline.copyInto(AbstractPipeline.java:488)
	at java.base/java.util.stream.AbstractPipeline.wrapAndCopyInto(AbstractPipeline.java:474)
	at java.base/java.util.stream.ReduceOps$ReduceOp.evaluateSequential(ReduceOps.java:913)
	at java.base/java.util.stream.AbstractPipeline.evaluate(AbstractPipeline.java:234)
	at java.base/java.util.stream.ReferencePipeline.collect(ReferencePipeline.java:578)
	at com.diffblue.cover.h.z.a(SourceFile:96)
	at com.diffblue.fuzztest.d.f.a(SourceFile:33)
	at com.diffblue.fuzztest.b.a.d.a(SourceFile:493)
	at com.diffblue.fuzztest.b.a.d.a(SourceFile:470)
	at com.diffblue.fuzztest.b.a.d.a(SourceFile:402)
	at com.diffblue.fuzztest.b.a.d.d(SourceFile:856)
	at com.diffblue.fuzztest.b.a.d.a(SourceFile:160)
	at com.diffblue.fuzztest.b.a.d.a(SourceFile:123)
	at com.diffblue.fuzztest.b.f.a(SourceFile:564)
	at com.diffblue.fuzztest.b.f.a(SourceFile:292)
	at com.diffblue.fuzztest.b.f.b(SourceFile:377)
	at com.diffblue.fuzztest.g.ae.a(SourceFile:100)
	at com.diffblue.fuzztest.g.af.a(SourceFile:162)
	at com.diffblue.fuzztest.g.ae.a(SourceFile:193)
	at com.diffblue.fuzztest.g.e.r(SourceFile:499)
	at com.diffblue.cover.sandbox.execution.WorkerThread.lambda$callWorkerThread$3(SourceFile:164)
	at com.diffblue.cover.sandbox.execution.WorkerThread.run(SourceFile:265)
Caused by: java.lang.ClassNotFoundException: akka.pattern.CircuitBreaker$Open
	at java.base/java.net.URLClassLoader.findClass(URLClassLoader.java:476)
	at java.base/java.lang.ClassLoader.loadClass(ClassLoader.java:594)
	at com.diffblue.cover.launcher.FilteringClassLoader.loadClassBasedOnPolicy(FilteringClassLoader.java:72)
	at com.diffblue.cover.launcher.FilteringClassLoader.loadClass(FilteringClassLoader.java:60)
	at com.diffblue.cover.i.e.loadClass(SourceFile:67)
	at java.base/java.lang.Class.forName0(Native Method)
	at java.base/java.lang.Class.forName(Class.java:398)
	at com.diffblue.cover.commons.reflect.q.a(SourceFile:525)
	at com.diffblue.tir.h.a.f.a(SourceFile:67)
	... 41 common frames omitted
12:55:28.843 [DEBUG]  [Creating]    [analyzer-service:TimedExecutor-118][com.diffblue.fuzztest.d.s.c] Could not construct class type 'akka.pattern.CircuitBreaker$Open$'
com.diffblue.cover.exception.BaseException: Unable to load class
	at com.diffblue.tir.h.a.f.a(SourceFile:70)
	at com.diffblue.tir.h.a.f.c(SourceFile:92)
	at com.diffblue.fuzztest.d.s.c.b(SourceFile:274)
	at com.diffblue.fuzztest.d.s.c.a(SourceFile:160)
	at com.diffblue.fuzztest.d.s.c.c(SourceFile:103)
	at java.base/java.util.stream.ReferencePipeline$7$1.accept(ReferencePipeline.java:271)
	at java.base/java.util.ArrayList$ArrayListSpliterator.forEachRemaining(ArrayList.java:1655)
	at java.base/java.util.stream.AbstractPipeline.copyInto(AbstractPipeline.java:484)
	at java.base/java.util.stream.AbstractPipeline.wrapAndCopyInto(AbstractPipeline.java:474)
	at java.base/java.util.stream.ReduceOps$ReduceOp.evaluateSequential(ReduceOps.java:913)
	at java.base/java.util.stream.AbstractPipeline.evaluate(AbstractPipeline.java:234)
	at java.base/java.util.stream.ReferencePipeline.collect(ReferencePipeline.java:578)
	at com.diffblue.cover.h.z.a(SourceFile:96)
	at com.diffblue.cover.h.z.a(SourceFile:83)
	at com.diffblue.fuzztest.d.s.c.a(SourceFile:99)
	at com.diffblue.fuzztest.d.f.a(SourceFile:34)
	at java.base/java.util.stream.ReferencePipeline$7$1.accept(ReferencePipeline.java:271)
	at java.base/java.util.ArrayList$ArrayListSpliterator.tryAdvance(ArrayList.java:1632)
	at java.base/java.util.stream.ReferencePipeline.forEachWithCancel(ReferencePipeline.java:127)
	at java.base/java.util.stream.AbstractPipeline.copyIntoWithCancel(AbstractPipeline.java:502)
	at java.base/java.util.stream.AbstractPipeline.copyInto(AbstractPipeline.java:488)
	at java.base/java.util.stream.AbstractPipeline.wrapAndCopyInto(AbstractPipeline.java:474)
	at java.base/java.util.stream.ReduceOps$ReduceOp.evaluateSequential(ReduceOps.java:913)
	at java.base/java.util.stream.AbstractPipeline.evaluate(AbstractPipeline.java:234)
	at java.base/java.util.stream.ReferencePipeline.collect(ReferencePipeline.java:578)
	at com.diffblue.cover.h.z.a(SourceFile:96)
	at com.diffblue.fuzztest.d.f.a(SourceFile:33)
	at com.diffblue.fuzztest.b.a.d.a(SourceFile:493)
	at com.diffblue.fuzztest.b.a.d.a(SourceFile:470)
	at com.diffblue.fuzztest.b.a.d.a(SourceFile:402)
	at com.diffblue.fuzztest.b.a.d.d(SourceFile:856)
	at com.diffblue.fuzztest.b.a.d.a(SourceFile:160)
	at com.diffblue.fuzztest.b.a.d.a(SourceFile:123)
	at com.diffblue.fuzztest.b.f.a(SourceFile:564)
	at com.diffblue.fuzztest.b.f.a(SourceFile:292)
	at com.diffblue.fuzztest.b.f.b(SourceFile:377)
	at com.diffblue.fuzztest.g.ae.a(SourceFile:100)
	at com.diffblue.fuzztest.g.af.a(SourceFile:162)
	at com.diffblue.fuzztest.g.ae.a(SourceFile:193)
	at com.diffblue.fuzztest.g.e.r(SourceFile:499)
	at com.diffblue.cover.sandbox.execution.WorkerThread.lambda$callWorkerThread$3(SourceFile:164)
	at com.diffblue.cover.sandbox.execution.WorkerThread.run(SourceFile:265)
Caused by: java.lang.ClassNotFoundException: akka.pattern.CircuitBreaker$Open
	at java.base/java.net.URLClassLoader.findClass(URLClassLoader.java:476)
	at java.base/java.lang.ClassLoader.loadClass(ClassLoader.java:594)
	at com.diffblue.cover.launcher.FilteringClassLoader.loadClassBasedOnPolicy(FilteringClassLoader.java:72)
	at com.diffblue.cover.launcher.FilteringClassLoader.loadClass(FilteringClassLoader.java:60)
	at com.diffblue.cover.i.e.loadClass(SourceFile:67)
	at java.base/java.lang.Class.forName0(Native Method)
	at java.base/java.lang.Class.forName(Class.java:398)
	at com.diffblue.cover.commons.reflect.q.a(SourceFile:525)
	at com.diffblue.tir.h.a.f.a(SourceFile:67)
	... 41 common frames omitted
12:55:28.851 [DEBUG]  [Creating]    [analyzer-service:TimedExecutor-118][com.diffblue.fuzztest.d.s.c] Could not construct class type 'akka.pattern.CircuitBreaker$Open$'
com.diffblue.cover.exception.BaseException: Unable to load class
	at com.diffblue.tir.h.a.f.a(SourceFile:70)
	at com.diffblue.tir.h.a.f.c(SourceFile:92)
	at com.diffblue.fuzztest.d.s.c.a(SourceFile:290)
	at com.diffblue.fuzztest.d.s.c.a(SourceFile:157)
	at com.diffblue.fuzztest.d.s.c.c(SourceFile:103)
	at java.base/java.util.stream.ReferencePipeline$7$1.accept(ReferencePipeline.java:271)
	at java.base/java.util.ArrayList$ArrayListSpliterator.forEachRemaining(ArrayList.java:1655)
	at java.base/java.util.stream.AbstractPipeline.copyInto(AbstractPipeline.java:484)
	at java.base/java.util.stream.AbstractPipeline.wrapAndCopyInto(AbstractPipeline.java:474)
	at java.base/java.util.stream.ReduceOps$ReduceOp.evaluateSequential(ReduceOps.java:913)
	at java.base/java.util.stream.AbstractPipeline.evaluate(AbstractPipeline.java:234)
	at java.base/java.util.stream.ReferencePipeline.collect(ReferencePipeline.java:578)
	at com.diffblue.cover.h.z.a(SourceFile:96)
	at com.diffblue.cover.h.z.a(SourceFile:83)
	at com.diffblue.fuzztest.d.s.c.a(SourceFile:99)
	at com.diffblue.fuzztest.d.f.a(SourceFile:34)
	at java.base/java.util.stream.ReferencePipeline$7$1.accept(ReferencePipeline.java:271)
	at java.base/java.util.ArrayList$ArrayListSpliterator.tryAdvance(ArrayList.java:1632)
	at java.base/java.util.stream.ReferencePipeline.forEachWithCancel(ReferencePipeline.java:127)
	at java.base/java.util.stream.AbstractPipeline.copyIntoWithCancel(AbstractPipeline.java:502)
	at java.base/java.util.stream.AbstractPipeline.copyInto(AbstractPipeline.java:488)
	at java.base/java.util.stream.AbstractPipeline.wrapAndCopyInto(AbstractPipeline.java:474)
	at java.base/java.util.stream.ReduceOps$ReduceOp.evaluateSequential(ReduceOps.java:913)
	at java.base/java.util.stream.AbstractPipeline.evaluate(AbstractPipeline.java:234)
	at java.base/java.util.stream.ReferencePipeline.collect(ReferencePipeline.java:578)
	at com.diffblue.cover.h.z.a(SourceFile:96)
	at com.diffblue.fuzztest.d.f.a(SourceFile:33)
	at com.diffblue.fuzztest.b.a.d.a(SourceFile:493)
	at com.diffblue.fuzztest.b.a.d.a(SourceFile:470)
	at com.diffblue.fuzztest.b.a.d.a(SourceFile:402)
	at com.diffblue.fuzztest.b.a.d.d(SourceFile:856)
	at com.diffblue.fuzztest.b.a.d.a(SourceFile:160)
	at com.diffblue.fuzztest.b.a.d.a(SourceFile:123)
	at com.diffblue.fuzztest.b.f.a(SourceFile:564)
	at com.diffblue.fuzztest.b.f.a(SourceFile:292)
	at com.diffblue.fuzztest.b.f.b(SourceFile:377)
	at com.diffblue.fuzztest.g.ae.a(SourceFile:100)
	at com.diffblue.fuzztest.g.af.a(SourceFile:162)
	at com.diffblue.fuzztest.g.ae.a(SourceFile:193)
	at com.diffblue.fuzztest.g.e.r(SourceFile:499)
	at com.diffblue.cover.sandbox.execution.WorkerThread.lambda$callWorkerThread$3(SourceFile:164)
	at com.diffblue.cover.sandbox.execution.WorkerThread.run(SourceFile:265)
Caused by: java.lang.ClassNotFoundException: akka.pattern.CircuitBreaker$Open
	at java.base/java.net.URLClassLoader.findClass(URLClassLoader.java:476)
	at java.base/java.lang.ClassLoader.loadClass(ClassLoader.java:594)
	at com.diffblue.cover.launcher.FilteringClassLoader.loadClassBasedOnPolicy(FilteringClassLoader.java:72)
	at com.diffblue.cover.launcher.FilteringClassLoader.loadClass(FilteringClassLoader.java:60)
	at com.diffblue.cover.i.e.loadClass(SourceFile:67)
	at java.base/java.lang.Class.forName0(Native Method)
	at java.base/java.lang.Class.forName(Class.java:398)
	at com.diffblue.cover.commons.reflect.q.a(SourceFile:525)
	at com.diffblue.tir.h.a.f.a(SourceFile:67)
	... 41 common frames omitted
12:55:28.852 [DEBUG]  [Creating]    [analyzer-service:TimedExecutor-118][com.diffblue.fuzztest.d.s.c] Could not construct class type 'akka.pattern.CircuitBreaker$Open$'
com.diffblue.cover.exception.BaseException: Unable to load class
	at com.diffblue.tir.h.a.f.a(SourceFile:70)
	at com.diffblue.tir.h.a.f.c(SourceFile:92)
	at com.diffblue.fuzztest.d.s.c.b(SourceFile:274)
	at com.diffblue.fuzztest.d.s.c.a(SourceFile:160)
	at com.diffblue.fuzztest.d.s.c.c(SourceFile:103)
	at java.base/java.util.stream.ReferencePipeline$7$1.accept(ReferencePipeline.java:271)
	at java.base/java.util.ArrayList$ArrayListSpliterator.forEachRemaining(ArrayList.java:1655)
	at java.base/java.util.stream.AbstractPipeline.copyInto(AbstractPipeline.java:484)
	at java.base/java.util.stream.AbstractPipeline.wrapAndCopyInto(AbstractPipeline.java:474)
	at java.base/java.util.stream.ReduceOps$ReduceOp.evaluateSequential(ReduceOps.java:913)
	at java.base/java.util.stream.AbstractPipeline.evaluate(AbstractPipeline.java:234)
	at java.base/java.util.stream.ReferencePipeline.collect(ReferencePipeline.java:578)
	at com.diffblue.cover.h.z.a(SourceFile:96)
	at com.diffblue.cover.h.z.a(SourceFile:83)
	at com.diffblue.fuzztest.d.s.c.a(SourceFile:99)
	at com.diffblue.fuzztest.d.f.a(SourceFile:34)
	at java.base/java.util.stream.ReferencePipeline$7$1.accept(ReferencePipeline.java:271)
	at java.base/java.util.ArrayList$ArrayListSpliterator.tryAdvance(ArrayList.java:1632)
	at java.base/java.util.stream.ReferencePipeline.forEachWithCancel(ReferencePipeline.java:127)
	at java.base/java.util.stream.AbstractPipeline.copyIntoWithCancel(AbstractPipeline.java:502)
	at java.base/java.util.stream.AbstractPipeline.copyInto(AbstractPipeline.java:488)
	at java.base/java.util.stream.AbstractPipeline.wrapAndCopyInto(AbstractPipeline.java:474)
	at java.base/java.util.stream.ReduceOps$ReduceOp.evaluateSequential(ReduceOps.java:913)
	at java.base/java.util.stream.AbstractPipeline.evaluate(AbstractPipeline.java:234)
	at java.base/java.util.stream.ReferencePipeline.collect(ReferencePipeline.java:578)
	at com.diffblue.cover.h.z.a(SourceFile:96)
	at com.diffblue.fuzztest.d.f.a(SourceFile:33)
	at com.diffblue.fuzztest.b.a.d.a(SourceFile:493)
	at com.diffblue.fuzztest.b.a.d.a(SourceFile:470)
	at com.diffblue.fuzztest.b.a.d.a(SourceFile:402)
	at com.diffblue.fuzztest.b.a.d.d(SourceFile:856)
	at com.diffblue.fuzztest.b.a.d.a(SourceFile:160)
	at com.diffblue.fuzztest.b.a.d.a(SourceFile:123)
	at com.diffblue.fuzztest.b.f.a(SourceFile:564)
	at com.diffblue.fuzztest.b.f.a(SourceFile:292)
	at com.diffblue.fuzztest.b.f.b(SourceFile:377)
	at com.diffblue.fuzztest.g.ae.a(SourceFile:100)
	at com.diffblue.fuzztest.g.af.a(SourceFile:162)
	at com.diffblue.fuzztest.g.ae.a(SourceFile:193)
	at com.diffblue.fuzztest.g.e.r(SourceFile:499)
	at com.diffblue.cover.sandbox.execution.WorkerThread.lambda$callWorkerThread$3(SourceFile:164)
	at com.diffblue.cover.sandbox.execution.WorkerThread.run(SourceFile:265)
Caused by: java.lang.ClassNotFoundException: akka.pattern.CircuitBreaker$Open
	at java.base/java.net.URLClassLoader.findClass(URLClassLoader.java:476)
	at java.base/java.lang.ClassLoader.loadClass(ClassLoader.java:594)
	at com.diffblue.cover.launcher.FilteringClassLoader.loadClassBasedOnPolicy(FilteringClassLoader.java:72)
	at com.diffblue.cover.launcher.FilteringClassLoader.loadClass(FilteringClassLoader.java:60)
	at com.diffblue.cover.i.e.loadClass(SourceFile:67)
	at java.base/java.lang.Class.forName0(Native Method)
	at java.base/java.lang.Class.forName(Class.java:398)
	at com.diffblue.cover.commons.reflect.q.a(SourceFile:525)
	at com.diffblue.tir.h.a.f.a(SourceFile:67)
	... 41 common frames omitted
12:55:29.956 [DEBUG]  [Creating]    [analyzer-service:TimedExecutor-118][com.diffblue.cover.service.analyzer.a.c] Watchdog reset
12:55:29.993 [DEBUG]  [Creating]    [analyzer-service:TimedExecutor-118][com.diffblue.fuzztest.d.s.c] Could not construct class type 'akka.pattern.CircuitBreaker$Open$'
com.diffblue.cover.exception.BaseException: Unable to load class
	at com.diffblue.tir.h.a.f.a(SourceFile:70)
	at com.diffblue.tir.h.a.f.c(SourceFile:92)
	at com.diffblue.fuzztest.d.s.c.a(SourceFile:290)
	at com.diffblue.fuzztest.d.s.c.a(SourceFile:157)
	at com.diffblue.fuzztest.d.s.c.c(SourceFile:103)
	at java.base/java.util.stream.ReferencePipeline$7$1.accept(ReferencePipeline.java:271)
	at java.base/java.util.ArrayList$ArrayListSpliterator.forEachRemaining(ArrayList.java:1655)
	at java.base/java.util.stream.AbstractPipeline.copyInto(AbstractPipeline.java:484)
	at java.base/java.util.stream.AbstractPipeline.wrapAndCopyInto(AbstractPipeline.java:474)
	at java.base/java.util.stream.ReduceOps$ReduceOp.evaluateSequential(ReduceOps.java:913)
	at java.base/java.util.stream.AbstractPipeline.evaluate(AbstractPipeline.java:234)
	at java.base/java.util.stream.ReferencePipeline.collect(ReferencePipeline.java:578)
	at com.diffblue.cover.h.z.a(SourceFile:96)
	at com.diffblue.cover.h.z.a(SourceFile:83)
	at com.diffblue.fuzztest.d.s.c.a(SourceFile:99)
	at com.diffblue.fuzztest.d.f.a(SourceFile:34)
	at java.base/java.util.stream.ReferencePipeline$7$1.accept(ReferencePipeline.java:271)
	at java.base/java.util.ArrayList$ArrayListSpliterator.tryAdvance(ArrayList.java:1632)
	at java.base/java.util.stream.ReferencePipeline.forEachWithCancel(ReferencePipeline.java:127)
	at java.base/java.util.stream.AbstractPipeline.copyIntoWithCancel(AbstractPipeline.java:502)
	at java.base/java.util.stream.AbstractPipeline.copyInto(AbstractPipeline.java:488)
	at java.base/java.util.stream.AbstractPipeline.wrapAndCopyInto(AbstractPipeline.java:474)
	at java.base/java.util.stream.ReduceOps$ReduceOp.evaluateSequential(ReduceOps.java:913)
	at java.base/java.util.stream.AbstractPipeline.evaluate(AbstractPipeline.java:234)
	at java.base/java.util.stream.ReferencePipeline.collect(ReferencePipeline.java:578)
	at com.diffblue.cover.h.z.a(SourceFile:96)
	at com.diffblue.fuzztest.d.f.a(SourceFile:33)
	at com.diffblue.fuzztest.b.a.d.a(SourceFile:493)
	at com.diffblue.fuzztest.b.a.d.a(SourceFile:470)
	at com.diffblue.fuzztest.b.a.d.a(SourceFile:402)
	at com.diffblue.fuzztest.b.a.d.d(SourceFile:856)
	at com.diffblue.fuzztest.b.a.d.a(SourceFile:160)
	at com.diffblue.fuzztest.b.a.d.a(SourceFile:123)
	at com.diffblue.fuzztest.b.f.a(SourceFile:564)
	at com.diffblue.fuzztest.b.f.a(SourceFile:292)
	at com.diffblue.fuzztest.b.f.b(SourceFile:377)
	at com.diffblue.fuzztest.g.ae.a(SourceFile:100)
	at com.diffblue.fuzztest.g.af.a(SourceFile:162)
	at com.diffblue.fuzztest.g.ae.a(SourceFile:193)
	at com.diffblue.fuzztest.g.e.r(SourceFile:499)
	at com.diffblue.cover.sandbox.execution.WorkerThread.lambda$callWorkerThread$3(SourceFile:164)
	at com.diffblue.cover.sandbox.execution.WorkerThread.run(SourceFile:265)
Caused by: java.lang.ClassNotFoundException: akka.pattern.CircuitBreaker$Open
	at java.base/java.net.URLClassLoader.findClass(URLClassLoader.java:476)
	at java.base/java.lang.ClassLoader.loadClass(ClassLoader.java:594)
	at com.diffblue.cover.launcher.FilteringClassLoader.loadClassBasedOnPolicy(FilteringClassLoader.java:72)
	at com.diffblue.cover.launcher.FilteringClassLoader.loadClass(FilteringClassLoader.java:60)
	at com.diffblue.cover.i.e.loadClass(SourceFile:67)
	at java.base/java.lang.Class.forName0(Native Method)
	at java.base/java.lang.Class.forName(Class.java:398)
	at com.diffblue.cover.commons.reflect.q.a(SourceFile:525)
	at com.diffblue.tir.h.a.f.a(SourceFile:67)
	... 41 common frames omitted
12:55:29.993 [DEBUG]  [Creating]    [analyzer-service:TimedExecutor-118][com.diffblue.fuzztest.d.s.c] Could not construct class type 'akka.pattern.CircuitBreaker$Open$'
com.diffblue.cover.exception.BaseException: Unable to load class
	at com.diffblue.tir.h.a.f.a(SourceFile:70)
	at com.diffblue.tir.h.a.f.c(SourceFile:92)
	at com.diffblue.fuzztest.d.s.c.b(SourceFile:274)
	at com.diffblue.fuzztest.d.s.c.a(SourceFile:160)
	at com.diffblue.fuzztest.d.s.c.c(SourceFile:103)
	at java.base/java.util.stream.ReferencePipeline$7$1.accept(ReferencePipeline.java:271)
	at java.base/java.util.ArrayList$ArrayListSpliterator.forEachRemaining(ArrayList.java:1655)
	at java.base/java.util.stream.AbstractPipeline.copyInto(AbstractPipeline.java:484)
	at java.base/java.util.stream.AbstractPipeline.wrapAndCopyInto(AbstractPipeline.java:474)
	at java.base/java.util.stream.ReduceOps$ReduceOp.evaluateSequential(ReduceOps.java:913)
	at java.base/java.util.stream.AbstractPipeline.evaluate(AbstractPipeline.java:234)
	at java.base/java.util.stream.ReferencePipeline.collect(ReferencePipeline.java:578)
	at com.diffblue.cover.h.z.a(SourceFile:96)
	at com.diffblue.cover.h.z.a(SourceFile:83)
	at com.diffblue.fuzztest.d.s.c.a(SourceFile:99)
	at com.diffblue.fuzztest.d.f.a(SourceFile:34)
	at java.base/java.util.stream.ReferencePipeline$7$1.accept(ReferencePipeline.java:271)
	at java.base/java.util.ArrayList$ArrayListSpliterator.tryAdvance(ArrayList.java:1632)
	at java.base/java.util.stream.ReferencePipeline.forEachWithCancel(ReferencePipeline.java:127)
	at java.base/java.util.stream.AbstractPipeline.copyIntoWithCancel(AbstractPipeline.java:502)
	at java.base/java.util.stream.AbstractPipeline.copyInto(AbstractPipeline.java:488)
	at java.base/java.util.stream.AbstractPipeline.wrapAndCopyInto(AbstractPipeline.java:474)
	at java.base/java.util.stream.ReduceOps$ReduceOp.evaluateSequential(ReduceOps.java:913)
	at java.base/java.util.stream.AbstractPipeline.evaluate(AbstractPipeline.java:234)
	at java.base/java.util.stream.ReferencePipeline.collect(ReferencePipeline.java:578)
	at com.diffblue.cover.h.z.a(SourceFile:96)
	at com.diffblue.fuzztest.d.f.a(SourceFile:33)
	at com.diffblue.fuzztest.b.a.d.a(SourceFile:493)
	at com.diffblue.fuzztest.b.a.d.a(SourceFile:470)
	at com.diffblue.fuzztest.b.a.d.a(SourceFile:402)
	at com.diffblue.fuzztest.b.a.d.d(SourceFile:856)
	at com.diffblue.fuzztest.b.a.d.a(SourceFile:160)
	at com.diffblue.fuzztest.b.a.d.a(SourceFile:123)
	at com.diffblue.fuzztest.b.f.a(SourceFile:564)
	at com.diffblue.fuzztest.b.f.a(SourceFile:292)
	at com.diffblue.fuzztest.b.f.b(SourceFile:377)
	at com.diffblue.fuzztest.g.ae.a(SourceFile:100)
	at com.diffblue.fuzztest.g.af.a(SourceFile:162)
	at com.diffblue.fuzztest.g.ae.a(SourceFile:193)
	at com.diffblue.fuzztest.g.e.r(SourceFile:499)
	at com.diffblue.cover.sandbox.execution.WorkerThread.lambda$callWorkerThread$3(SourceFile:164)
	at com.diffblue.cover.sandbox.execution.WorkerThread.run(SourceFile:265)
Caused by: java.lang.ClassNotFoundException: akka.pattern.CircuitBreaker$Open
	at java.base/java.net.URLClassLoader.findClass(URLClassLoader.java:476)
	at java.base/java.lang.ClassLoader.loadClass(ClassLoader.java:594)
	at com.diffblue.cover.launcher.FilteringClassLoader.loadClassBasedOnPolicy(FilteringClassLoader.java:72)
	at com.diffblue.cover.launcher.FilteringClassLoader.loadClass(FilteringClassLoader.java:60)
	at com.diffblue.cover.i.e.loadClass(SourceFile:67)
	at java.base/java.lang.Class.forName0(Native Method)
	at java.base/java.lang.Class.forName(Class.java:398)
	at com.diffblue.cover.commons.reflect.q.a(SourceFile:525)
	at com.diffblue.tir.h.a.f.a(SourceFile:67)
	... 41 common frames omitted
12:55:30.005 [DEBUG]  [Creating]    [analyzer-service:TimedExecutor-118][com.diffblue.fuzztest.d.s.c] Could not construct class type 'akka.pattern.CircuitBreaker$Open$'
com.diffblue.cover.exception.BaseException: Unable to load class
	at com.diffblue.tir.h.a.f.a(SourceFile:70)
	at com.diffblue.tir.h.a.f.c(SourceFile:92)
	at com.diffblue.fuzztest.d.s.c.a(SourceFile:290)
	at com.diffblue.fuzztest.d.s.c.a(SourceFile:157)
	at com.diffblue.fuzztest.d.s.c.c(SourceFile:103)
	at java.base/java.util.stream.ReferencePipeline$7$1.accept(ReferencePipeline.java:271)
	at java.base/java.util.ArrayList$ArrayListSpliterator.forEachRemaining(ArrayList.java:1655)
	at java.base/java.util.stream.AbstractPipeline.copyInto(AbstractPipeline.java:484)
	at java.base/java.util.stream.AbstractPipeline.wrapAndCopyInto(AbstractPipeline.java:474)
	at java.base/java.util.stream.ReduceOps$ReduceOp.evaluateSequential(ReduceOps.java:913)
	at java.base/java.util.stream.AbstractPipeline.evaluate(AbstractPipeline.java:234)
	at java.base/java.util.stream.ReferencePipeline.collect(ReferencePipeline.java:578)
	at com.diffblue.cover.h.z.a(SourceFile:96)
	at com.diffblue.cover.h.z.a(SourceFile:83)
	at com.diffblue.fuzztest.d.s.c.a(SourceFile:99)
	at com.diffblue.fuzztest.d.f.a(SourceFile:34)
	at java.base/java.util.stream.ReferencePipeline$7$1.accept(ReferencePipeline.java:271)
	at java.base/java.util.ArrayList$ArrayListSpliterator.tryAdvance(ArrayList.java:1632)
	at java.base/java.util.stream.ReferencePipeline.forEachWithCancel(ReferencePipeline.java:127)
	at java.base/java.util.stream.AbstractPipeline.copyIntoWithCancel(AbstractPipeline.java:502)
	at java.base/java.util.stream.AbstractPipeline.copyInto(AbstractPipeline.java:488)
	at java.base/java.util.stream.AbstractPipeline.wrapAndCopyInto(AbstractPipeline.java:474)
	at java.base/java.util.stream.ReduceOps$ReduceOp.evaluateSequential(ReduceOps.java:913)
	at java.base/java.util.stream.AbstractPipeline.evaluate(AbstractPipeline.java:234)
	at java.base/java.util.stream.ReferencePipeline.collect(ReferencePipeline.java:578)
	at com.diffblue.cover.h.z.a(SourceFile:96)
	at com.diffblue.fuzztest.d.f.a(SourceFile:33)
	at com.diffblue.fuzztest.b.a.d.a(SourceFile:493)
	at com.diffblue.fuzztest.b.a.d.a(SourceFile:470)
	at com.diffblue.fuzztest.b.a.d.a(SourceFile:402)
	at com.diffblue.fuzztest.b.a.d.d(SourceFile:856)
	at com.diffblue.fuzztest.b.a.d.a(SourceFile:160)
	at com.diffblue.fuzztest.b.a.d.a(SourceFile:123)
	at com.diffblue.fuzztest.b.f.a(SourceFile:564)
	at com.diffblue.fuzztest.b.f.a(SourceFile:292)
	at com.diffblue.fuzztest.b.f.b(SourceFile:377)
	at com.diffblue.fuzztest.g.ae.a(SourceFile:100)
	at com.diffblue.fuzztest.g.af.a(SourceFile:162)
	at com.diffblue.fuzztest.g.ae.a(SourceFile:193)
	at com.diffblue.fuzztest.g.e.r(SourceFile:499)
	at com.diffblue.cover.sandbox.execution.WorkerThread.lambda$callWorkerThread$3(SourceFile:164)
	at com.diffblue.cover.sandbox.execution.WorkerThread.run(SourceFile:265)
Caused by: java.lang.ClassNotFoundException: akka.pattern.CircuitBreaker$Open
	at java.base/java.net.URLClassLoader.findClass(URLClassLoader.java:476)
	at java.base/java.lang.ClassLoader.loadClass(ClassLoader.java:594)
	at com.diffblue.cover.launcher.FilteringClassLoader.loadClassBasedOnPolicy(FilteringClassLoader.java:72)
	at com.diffblue.cover.launcher.FilteringClassLoader.loadClass(FilteringClassLoader.java:60)
	at com.diffblue.cover.i.e.loadClass(SourceFile:67)
	at java.base/java.lang.Class.forName0(Native Method)
	at java.base/java.lang.Class.forName(Class.java:398)
	at com.diffblue.cover.commons.reflect.q.a(SourceFile:525)
	at com.diffblue.tir.h.a.f.a(SourceFile:67)
	... 41 common frames omitted
12:55:30.006 [DEBUG]  [Creating]    [analyzer-service:TimedExecutor-118][com.diffblue.fuzztest.d.s.c] Could not construct class type 'akka.pattern.CircuitBreaker$Open$'
com.diffblue.cover.exception.BaseException: Unable to load class
	at com.diffblue.tir.h.a.f.a(SourceFile:70)
	at com.diffblue.tir.h.a.f.c(SourceFile:92)
	at com.diffblue.fuzztest.d.s.c.b(SourceFile:274)
	at com.diffblue.fuzztest.d.s.c.a(SourceFile:160)
	at com.diffblue.fuzztest.d.s.c.c(SourceFile:103)
	at java.base/java.util.stream.ReferencePipeline$7$1.accept(ReferencePipeline.java:271)
	at java.base/java.util.ArrayList$ArrayListSpliterator.forEachRemaining(ArrayList.java:1655)
	at java.base/java.util.stream.AbstractPipeline.copyInto(AbstractPipeline.java:484)
	at java.base/java.util.stream.AbstractPipeline.wrapAndCopyInto(AbstractPipeline.java:474)
	at java.base/java.util.stream.ReduceOps$ReduceOp.evaluateSequential(ReduceOps.java:913)
	at java.base/java.util.stream.AbstractPipeline.evaluate(AbstractPipeline.java:234)
	at java.base/java.util.stream.ReferencePipeline.collect(ReferencePipeline.java:578)
	at com.diffblue.cover.h.z.a(SourceFile:96)
	at com.diffblue.cover.h.z.a(SourceFile:83)
	at com.diffblue.fuzztest.d.s.c.a(SourceFile:99)
	at com.diffblue.fuzztest.d.f.a(SourceFile:34)
	at java.base/java.util.stream.ReferencePipeline$7$1.accept(ReferencePipeline.java:271)
	at java.base/java.util.ArrayList$ArrayListSpliterator.tryAdvance(ArrayList.java:1632)
	at java.base/java.util.stream.ReferencePipeline.forEachWithCancel(ReferencePipeline.java:127)
	at java.base/java.util.stream.AbstractPipeline.copyIntoWithCancel(AbstractPipeline.java:502)
	at java.base/java.util.stream.AbstractPipeline.copyInto(AbstractPipeline.java:488)
	at java.base/java.util.stream.AbstractPipeline.wrapAndCopyInto(AbstractPipeline.java:474)
	at java.base/java.util.stream.ReduceOps$ReduceOp.evaluateSequential(ReduceOps.java:913)
	at java.base/java.util.stream.AbstractPipeline.evaluate(AbstractPipeline.java:234)
	at java.base/java.util.stream.ReferencePipeline.collect(ReferencePipeline.java:578)
	at com.diffblue.cover.h.z.a(SourceFile:96)
	at com.diffblue.fuzztest.d.f.a(SourceFile:33)
	at com.diffblue.fuzztest.b.a.d.a(SourceFile:493)
	at com.diffblue.fuzztest.b.a.d.a(SourceFile:470)
	at com.diffblue.fuzztest.b.a.d.a(SourceFile:402)
	at com.diffblue.fuzztest.b.a.d.d(SourceFile:856)
	at com.diffblue.fuzztest.b.a.d.a(SourceFile:160)
	at com.diffblue.fuzztest.b.a.d.a(SourceFile:123)
	at com.diffblue.fuzztest.b.f.a(SourceFile:564)
	at com.diffblue.fuzztest.b.f.a(SourceFile:292)
	at com.diffblue.fuzztest.b.f.b(SourceFile:377)
	at com.diffblue.fuzztest.g.ae.a(SourceFile:100)
	at com.diffblue.fuzztest.g.af.a(SourceFile:162)
	at com.diffblue.fuzztest.g.ae.a(SourceFile:193)
	at com.diffblue.fuzztest.g.e.r(SourceFile:499)
	at com.diffblue.cover.sandbox.execution.WorkerThread.lambda$callWorkerThread$3(SourceFile:164)
	at com.diffblue.cover.sandbox.execution.WorkerThread.run(SourceFile:265)
Caused by: java.lang.ClassNotFoundException: akka.pattern.CircuitBreaker$Open
	at java.base/java.net.URLClassLoader.findClass(URLClassLoader.java:476)
	at java.base/java.lang.ClassLoader.loadClass(ClassLoader.java:594)
	at com.diffblue.cover.launcher.FilteringClassLoader.loadClassBasedOnPolicy(FilteringClassLoader.java:72)
	at com.diffblue.cover.launcher.FilteringClassLoader.loadClass(FilteringClassLoader.java:60)
	at com.diffblue.cover.i.e.loadClass(SourceFile:67)
	at java.base/java.lang.Class.forName0(Native Method)
	at java.base/java.lang.Class.forName(Class.java:398)
	at com.diffblue.cover.commons.reflect.q.a(SourceFile:525)
	at com.diffblue.tir.h.a.f.a(SourceFile:67)
	... 41 common frames omitted
12:55:30.088 [DEBUG]  [Creating]    [analyzer-service:TimedExecutor-118][com.diffblue.fuzztest.d.s.c] Could not construct class type 'akka.pattern.CircuitBreaker$Open$'
com.diffblue.cover.exception.BaseException: Unable to load class
	at com.diffblue.tir.h.a.f.a(SourceFile:70)
	at com.diffblue.tir.h.a.f.c(SourceFile:92)
	at com.diffblue.fuzztest.d.s.c.a(SourceFile:290)
	at com.diffblue.fuzztest.d.s.c.a(SourceFile:157)
	at com.diffblue.fuzztest.d.s.c.c(SourceFile:103)
	at java.base/java.util.stream.ReferencePipeline$7$1.accept(ReferencePipeline.java:271)
	at java.base/java.util.ArrayList$ArrayListSpliterator.forEachRemaining(ArrayList.java:1655)
	at java.base/java.util.stream.AbstractPipeline.copyInto(AbstractPipeline.java:484)
	at java.base/java.util.stream.AbstractPipeline.wrapAndCopyInto(AbstractPipeline.java:474)
	at java.base/java.util.stream.ReduceOps$ReduceOp.evaluateSequential(ReduceOps.java:913)
	at java.base/java.util.stream.AbstractPipeline.evaluate(AbstractPipeline.java:234)
	at java.base/java.util.stream.ReferencePipeline.collect(ReferencePipeline.java:578)
	at com.diffblue.cover.h.z.a(SourceFile:96)
	at com.diffblue.cover.h.z.a(SourceFile:83)
	at com.diffblue.fuzztest.d.s.c.a(SourceFile:99)
	at com.diffblue.fuzztest.d.f.a(SourceFile:34)
	at java.base/java.util.stream.ReferencePipeline$7$1.accept(ReferencePipeline.java:271)
	at java.base/java.util.ArrayList$ArrayListSpliterator.tryAdvance(ArrayList.java:1632)
	at java.base/java.util.stream.ReferencePipeline.forEachWithCancel(ReferencePipeline.java:127)
	at java.base/java.util.stream.AbstractPipeline.copyIntoWithCancel(AbstractPipeline.java:502)
	at java.base/java.util.stream.AbstractPipeline.copyInto(AbstractPipeline.java:488)
	at java.base/java.util.stream.AbstractPipeline.wrapAndCopyInto(AbstractPipeline.java:474)
	at java.base/java.util.stream.ReduceOps$ReduceOp.evaluateSequential(ReduceOps.java:913)
	at java.base/java.util.stream.AbstractPipeline.evaluate(AbstractPipeline.java:234)
	at java.base/java.util.stream.ReferencePipeline.collect(ReferencePipeline.java:578)
	at com.diffblue.cover.h.z.a(SourceFile:96)
	at com.diffblue.fuzztest.d.f.a(SourceFile:33)
	at com.diffblue.fuzztest.b.a.d.a(SourceFile:493)
	at com.diffblue.fuzztest.b.a.d.a(SourceFile:470)
	at com.diffblue.fuzztest.b.a.d.a(SourceFile:402)
	at com.diffblue.fuzztest.b.a.d.d(SourceFile:856)
	at com.diffblue.fuzztest.b.a.d.a(SourceFile:160)
	at com.diffblue.fuzztest.b.a.d.a(SourceFile:123)
	at com.diffblue.fuzztest.b.f.a(SourceFile:564)
	at com.diffblue.fuzztest.b.f.a(SourceFile:292)
	at com.diffblue.fuzztest.b.f.b(SourceFile:377)
	at com.diffblue.fuzztest.g.ae.a(SourceFile:100)
	at com.diffblue.fuzztest.g.af.a(SourceFile:162)
	at com.diffblue.fuzztest.g.ae.a(SourceFile:193)
	at com.diffblue.fuzztest.g.e.r(SourceFile:499)
	at com.diffblue.cover.sandbox.execution.WorkerThread.lambda$callWorkerThread$3(SourceFile:164)
	at com.diffblue.cover.sandbox.execution.WorkerThread.run(SourceFile:265)
Caused by: java.lang.ClassNotFoundException: akka.pattern.CircuitBreaker$Open
	at java.base/java.net.URLClassLoader.findClass(URLClassLoader.java:476)
	at java.base/java.lang.ClassLoader.loadClass(ClassLoader.java:594)
	at com.diffblue.cover.launcher.FilteringClassLoader.loadClassBasedOnPolicy(FilteringClassLoader.java:72)
	at com.diffblue.cover.launcher.FilteringClassLoader.loadClass(FilteringClassLoader.java:60)
	at com.diffblue.cover.i.e.loadClass(SourceFile:67)
	at java.base/java.lang.Class.forName0(Native Method)
	at java.base/java.lang.Class.forName(Class.java:398)
	at com.diffblue.cover.commons.reflect.q.a(SourceFile:525)
	at com.diffblue.tir.h.a.f.a(SourceFile:67)
	... 41 common frames omitted
12:55:30.089 [DEBUG]  [Creating]    [analyzer-service:TimedExecutor-118][com.diffblue.fuzztest.d.s.c] Could not construct class type 'akka.pattern.CircuitBreaker$Open$'
com.diffblue.cover.exception.BaseException: Unable to load class
	at com.diffblue.tir.h.a.f.a(SourceFile:70)
	at com.diffblue.tir.h.a.f.c(SourceFile:92)
	at com.diffblue.fuzztest.d.s.c.b(SourceFile:274)
	at com.diffblue.fuzztest.d.s.c.a(SourceFile:160)
	at com.diffblue.fuzztest.d.s.c.c(SourceFile:103)
	at java.base/java.util.stream.ReferencePipeline$7$1.accept(ReferencePipeline.java:271)
	at java.base/java.util.ArrayList$ArrayListSpliterator.forEachRemaining(ArrayList.java:1655)
	at java.base/java.util.stream.AbstractPipeline.copyInto(AbstractPipeline.java:484)
	at java.base/java.util.stream.AbstractPipeline.wrapAndCopyInto(AbstractPipeline.java:474)
	at java.base/java.util.stream.ReduceOps$ReduceOp.evaluateSequential(ReduceOps.java:913)
	at java.base/java.util.stream.AbstractPipeline.evaluate(AbstractPipeline.java:234)
	at java.base/java.util.stream.ReferencePipeline.collect(ReferencePipeline.java:578)
	at com.diffblue.cover.h.z.a(SourceFile:96)
	at com.diffblue.cover.h.z.a(SourceFile:83)
	at com.diffblue.fuzztest.d.s.c.a(SourceFile:99)
	at com.diffblue.fuzztest.d.f.a(SourceFile:34)
	at java.base/java.util.stream.ReferencePipeline$7$1.accept(ReferencePipeline.java:271)
	at java.base/java.util.ArrayList$ArrayListSpliterator.tryAdvance(ArrayList.java:1632)
	at java.base/java.util.stream.ReferencePipeline.forEachWithCancel(ReferencePipeline.java:127)
	at java.base/java.util.stream.AbstractPipeline.copyIntoWithCancel(AbstractPipeline.java:502)
	at java.base/java.util.stream.AbstractPipeline.copyInto(AbstractPipeline.java:488)
	at java.base/java.util.stream.AbstractPipeline.wrapAndCopyInto(AbstractPipeline.java:474)
	at java.base/java.util.stream.ReduceOps$ReduceOp.evaluateSequential(ReduceOps.java:913)
	at java.base/java.util.stream.AbstractPipeline.evaluate(AbstractPipeline.java:234)
	at java.base/java.util.stream.ReferencePipeline.collect(ReferencePipeline.java:578)
	at com.diffblue.cover.h.z.a(SourceFile:96)
	at com.diffblue.fuzztest.d.f.a(SourceFile:33)
	at com.diffblue.fuzztest.b.a.d.a(SourceFile:493)
	at com.diffblue.fuzztest.b.a.d.a(SourceFile:470)
	at com.diffblue.fuzztest.b.a.d.a(SourceFile:402)
	at com.diffblue.fuzztest.b.a.d.d(SourceFile:856)
	at com.diffblue.fuzztest.b.a.d.a(SourceFile:160)
	at com.diffblue.fuzztest.b.a.d.a(SourceFile:123)
	at com.diffblue.fuzztest.b.f.a(SourceFile:564)
	at com.diffblue.fuzztest.b.f.a(SourceFile:292)
	at com.diffblue.fuzztest.b.f.b(SourceFile:377)
	at com.diffblue.fuzztest.g.ae.a(SourceFile:100)
	at com.diffblue.fuzztest.g.af.a(SourceFile:162)
	at com.diffblue.fuzztest.g.ae.a(SourceFile:193)
	at com.diffblue.fuzztest.g.e.r(SourceFile:499)
	at com.diffblue.cover.sandbox.execution.WorkerThread.lambda$callWorkerThread$3(SourceFile:164)
	at com.diffblue.cover.sandbox.execution.WorkerThread.run(SourceFile:265)
Caused by: java.lang.ClassNotFoundException: akka.pattern.CircuitBreaker$Open
	at java.base/java.net.URLClassLoader.findClass(URLClassLoader.java:476)
	at java.base/java.lang.ClassLoader.loadClass(ClassLoader.java:594)
	at com.diffblue.cover.launcher.FilteringClassLoader.loadClassBasedOnPolicy(FilteringClassLoader.java:72)
	at com.diffblue.cover.launcher.FilteringClassLoader.loadClass(FilteringClassLoader.java:60)
	at com.diffblue.cover.i.e.loadClass(SourceFile:67)
	at java.base/java.lang.Class.forName0(Native Method)
	at java.base/java.lang.Class.forName(Class.java:398)
	at com.diffblue.cover.commons.reflect.q.a(SourceFile:525)
	at com.diffblue.tir.h.a.f.a(SourceFile:67)
	... 41 common frames omitted
12:55:30.096 [DEBUG]  [Creating]    [analyzer-service:TimedExecutor-118][com.diffblue.fuzztest.d.s.c] Could not construct class type 'akka.pattern.CircuitBreaker$Open$'
com.diffblue.cover.exception.BaseException: Unable to load class
	at com.diffblue.tir.h.a.f.a(SourceFile:70)
	at com.diffblue.tir.h.a.f.c(SourceFile:92)
	at com.diffblue.fuzztest.d.s.c.a(SourceFile:290)
	at com.diffblue.fuzztest.d.s.c.a(SourceFile:157)
	at com.diffblue.fuzztest.d.s.c.c(SourceFile:103)
	at java.base/java.util.stream.ReferencePipeline$7$1.accept(ReferencePipeline.java:271)
	at java.base/java.util.ArrayList$ArrayListSpliterator.forEachRemaining(ArrayList.java:1655)
	at java.base/java.util.stream.AbstractPipeline.copyInto(AbstractPipeline.java:484)
	at java.base/java.util.stream.AbstractPipeline.wrapAndCopyInto(AbstractPipeline.java:474)
	at java.base/java.util.stream.ReduceOps$ReduceOp.evaluateSequential(ReduceOps.java:913)
	at java.base/java.util.stream.AbstractPipeline.evaluate(AbstractPipeline.java:234)
	at java.base/java.util.stream.ReferencePipeline.collect(ReferencePipeline.java:578)
	at com.diffblue.cover.h.z.a(SourceFile:96)
	at com.diffblue.cover.h.z.a(SourceFile:83)
	at com.diffblue.fuzztest.d.s.c.a(SourceFile:99)
	at com.diffblue.fuzztest.d.f.a(SourceFile:34)
	at java.base/java.util.stream.ReferencePipeline$7$1.accept(ReferencePipeline.java:271)
	at java.base/java.util.ArrayList$ArrayListSpliterator.tryAdvance(ArrayList.java:1632)
	at java.base/java.util.stream.ReferencePipeline.forEachWithCancel(ReferencePipeline.java:127)
	at java.base/java.util.stream.AbstractPipeline.copyIntoWithCancel(AbstractPipeline.java:502)
	at java.base/java.util.stream.AbstractPipeline.copyInto(AbstractPipeline.java:488)
	at java.base/java.util.stream.AbstractPipeline.wrapAndCopyInto(AbstractPipeline.java:474)
	at java.base/java.util.stream.ReduceOps$ReduceOp.evaluateSequential(ReduceOps.java:913)
	at java.base/java.util.stream.AbstractPipeline.evaluate(AbstractPipeline.java:234)
	at java.base/java.util.stream.ReferencePipeline.collect(ReferencePipeline.java:578)
	at com.diffblue.cover.h.z.a(SourceFile:96)
	at com.diffblue.fuzztest.d.f.a(SourceFile:33)
	at com.diffblue.fuzztest.b.a.d.a(SourceFile:493)
	at com.diffblue.fuzztest.b.a.d.a(SourceFile:470)
	at com.diffblue.fuzztest.b.a.d.a(SourceFile:402)
	at com.diffblue.fuzztest.b.a.d.d(SourceFile:856)
	at com.diffblue.fuzztest.b.a.d.a(SourceFile:160)
	at com.diffblue.fuzztest.b.a.d.a(SourceFile:123)
	at com.diffblue.fuzztest.b.f.a(SourceFile:564)
	at com.diffblue.fuzztest.b.f.a(SourceFile:292)
	at com.diffblue.fuzztest.b.f.b(SourceFile:377)
	at com.diffblue.fuzztest.g.ae.a(SourceFile:100)
	at com.diffblue.fuzztest.g.af.a(SourceFile:162)
	at com.diffblue.fuzztest.g.ae.a(SourceFile:193)
	at com.diffblue.fuzztest.g.e.r(SourceFile:499)
	at com.diffblue.cover.sandbox.execution.WorkerThread.lambda$callWorkerThread$3(SourceFile:164)
	at com.diffblue.cover.sandbox.execution.WorkerThread.run(SourceFile:265)
Caused by: java.lang.ClassNotFoundException: akka.pattern.CircuitBreaker$Open
	at java.base/java.net.URLClassLoader.findClass(URLClassLoader.java:476)
	at java.base/java.lang.ClassLoader.loadClass(ClassLoader.java:594)
	at com.diffblue.cover.launcher.FilteringClassLoader.loadClassBasedOnPolicy(FilteringClassLoader.java:72)
	at com.diffblue.cover.launcher.FilteringClassLoader.loadClass(FilteringClassLoader.java:60)
	at com.diffblue.cover.i.e.loadClass(SourceFile:67)
	at java.base/java.lang.Class.forName0(Native Method)
	at java.base/java.lang.Class.forName(Class.java:398)
	at com.diffblue.cover.commons.reflect.q.a(SourceFile:525)
	at com.diffblue.tir.h.a.f.a(SourceFile:67)
	... 41 common frames omitted
12:55:30.097 [DEBUG]  [Creating]    [analyzer-service:TimedExecutor-118][com.diffblue.fuzztest.d.s.c] Could not construct class type 'akka.pattern.CircuitBreaker$Open$'
com.diffblue.cover.exception.BaseException: Unable to load class
	at com.diffblue.tir.h.a.f.a(SourceFile:70)
	at com.diffblue.tir.h.a.f.c(SourceFile:92)
	at com.diffblue.fuzztest.d.s.c.b(SourceFile:274)
	at com.diffblue.fuzztest.d.s.c.a(SourceFile:160)
	at com.diffblue.fuzztest.d.s.c.c(SourceFile:103)
	at java.base/java.util.stream.ReferencePipeline$7$1.accept(ReferencePipeline.java:271)
	at java.base/java.util.ArrayList$ArrayListSpliterator.forEachRemaining(ArrayList.java:1655)
	at java.base/java.util.stream.AbstractPipeline.copyInto(AbstractPipeline.java:484)
	at java.base/java.util.stream.AbstractPipeline.wrapAndCopyInto(AbstractPipeline.java:474)
	at java.base/java.util.stream.ReduceOps$ReduceOp.evaluateSequential(ReduceOps.java:913)
	at java.base/java.util.stream.AbstractPipeline.evaluate(AbstractPipeline.java:234)
	at java.base/java.util.stream.ReferencePipeline.collect(ReferencePipeline.java:578)
	at com.diffblue.cover.h.z.a(SourceFile:96)
	at com.diffblue.cover.h.z.a(SourceFile:83)
	at com.diffblue.fuzztest.d.s.c.a(SourceFile:99)
	at com.diffblue.fuzztest.d.f.a(SourceFile:34)
	at java.base/java.util.stream.ReferencePipeline$7$1.accept(ReferencePipeline.java:271)
	at java.base/java.util.ArrayList$ArrayListSpliterator.tryAdvance(ArrayList.java:1632)
	at java.base/java.util.stream.ReferencePipeline.forEachWithCancel(ReferencePipeline.java:127)
	at java.base/java.util.stream.AbstractPipeline.copyIntoWithCancel(AbstractPipeline.java:502)
	at java.base/java.util.stream.AbstractPipeline.copyInto(AbstractPipeline.java:488)
	at java.base/java.util.stream.AbstractPipeline.wrapAndCopyInto(AbstractPipeline.java:474)
	at java.base/java.util.stream.ReduceOps$ReduceOp.evaluateSequential(ReduceOps.java:913)
	at java.base/java.util.stream.AbstractPipeline.evaluate(AbstractPipeline.java:234)
	at java.base/java.util.stream.ReferencePipeline.collect(ReferencePipeline.java:578)
	at com.diffblue.cover.h.z.a(SourceFile:96)
	at com.diffblue.fuzztest.d.f.a(SourceFile:33)
	at com.diffblue.fuzztest.b.a.d.a(SourceFile:493)
	at com.diffblue.fuzztest.b.a.d.a(SourceFile:470)
	at com.diffblue.fuzztest.b.a.d.a(SourceFile:402)
	at com.diffblue.fuzztest.b.a.d.d(SourceFile:856)
	at com.diffblue.fuzztest.b.a.d.a(SourceFile:160)
	at com.diffblue.fuzztest.b.a.d.a(SourceFile:123)
	at com.diffblue.fuzztest.b.f.a(SourceFile:564)
	at com.diffblue.fuzztest.b.f.a(SourceFile:292)
	at com.diffblue.fuzztest.b.f.b(SourceFile:377)
	at com.diffblue.fuzztest.g.ae.a(SourceFile:100)
	at com.diffblue.fuzztest.g.af.a(SourceFile:162)
	at com.diffblue.fuzztest.g.ae.a(SourceFile:193)
	at com.diffblue.fuzztest.g.e.r(SourceFile:499)
	at com.diffblue.cover.sandbox.execution.WorkerThread.lambda$callWorkerThread$3(SourceFile:164)
	at com.diffblue.cover.sandbox.execution.WorkerThread.run(SourceFile:265)
Caused by: java.lang.ClassNotFoundException: akka.pattern.CircuitBreaker$Open
	at java.base/java.net.URLClassLoader.findClass(URLClassLoader.java:476)
	at java.base/java.lang.ClassLoader.loadClass(ClassLoader.java:594)
	at com.diffblue.cover.launcher.FilteringClassLoader.loadClassBasedOnPolicy(FilteringClassLoader.java:72)
	at com.diffblue.cover.launcher.FilteringClassLoader.loadClass(FilteringClassLoader.java:60)
	at com.diffblue.cover.i.e.loadClass(SourceFile:67)
	at java.base/java.lang.Class.forName0(Native Method)
	at java.base/java.lang.Class.forName(Class.java:398)
	at com.diffblue.cover.commons.reflect.q.a(SourceFile:525)
	at com.diffblue.tir.h.a.f.a(SourceFile:67)
	... 41 common frames omitted
12:55:30.104 [DEBUG]  [Creating]    [analyzer-service:TimedExecutor-118][com.diffblue.fuzztest.d.s.c] Could not construct class type 'akka.pattern.CircuitBreaker$Open$'
com.diffblue.cover.exception.BaseException: Unable to load class
	at com.diffblue.tir.h.a.f.a(SourceFile:70)
	at com.diffblue.tir.h.a.f.c(SourceFile:92)
	at com.diffblue.fuzztest.d.s.c.a(SourceFile:290)
	at com.diffblue.fuzztest.d.s.c.a(SourceFile:157)
	at com.diffblue.fuzztest.d.s.c.c(SourceFile:103)
	at java.base/java.util.stream.ReferencePipeline$7$1.accept(ReferencePipeline.java:271)
	at java.base/java.util.ArrayList$ArrayListSpliterator.forEachRemaining(ArrayList.java:1655)
	at java.base/java.util.stream.AbstractPipeline.copyInto(AbstractPipeline.java:484)
	at java.base/java.util.stream.AbstractPipeline.wrapAndCopyInto(AbstractPipeline.java:474)
	at java.base/java.util.stream.ReduceOps$ReduceOp.evaluateSequential(ReduceOps.java:913)
	at java.base/java.util.stream.AbstractPipeline.evaluate(AbstractPipeline.java:234)
	at java.base/java.util.stream.ReferencePipeline.collect(ReferencePipeline.java:578)
	at com.diffblue.cover.h.z.a(SourceFile:96)
	at com.diffblue.cover.h.z.a(SourceFile:83)
	at com.diffblue.fuzztest.d.s.c.a(SourceFile:99)
	at com.diffblue.fuzztest.d.f.a(SourceFile:34)
	at java.base/java.util.stream.ReferencePipeline$7$1.accept(ReferencePipeline.java:271)
	at java.base/java.util.ArrayList$ArrayListSpliterator.tryAdvance(ArrayList.java:1632)
	at java.base/java.util.stream.ReferencePipeline.forEachWithCancel(ReferencePipeline.java:127)
	at java.base/java.util.stream.AbstractPipeline.copyIntoWithCancel(AbstractPipeline.java:502)
	at java.base/java.util.stream.AbstractPipeline.copyInto(AbstractPipeline.java:488)
	at java.base/java.util.stream.AbstractPipeline.wrapAndCopyInto(AbstractPipeline.java:474)
	at java.base/java.util.stream.ReduceOps$ReduceOp.evaluateSequential(ReduceOps.java:913)
	at java.base/java.util.stream.AbstractPipeline.evaluate(AbstractPipeline.java:234)
	at java.base/java.util.stream.ReferencePipeline.collect(ReferencePipeline.java:578)
	at com.diffblue.cover.h.z.a(SourceFile:96)
	at com.diffblue.fuzztest.d.f.a(SourceFile:33)
	at com.diffblue.fuzztest.b.a.d.a(SourceFile:493)
	at com.diffblue.fuzztest.b.a.d.a(SourceFile:470)
	at com.diffblue.fuzztest.b.a.d.a(SourceFile:402)
	at com.diffblue.fuzztest.b.a.d.d(SourceFile:856)
	at com.diffblue.fuzztest.b.a.d.a(SourceFile:160)
	at com.diffblue.fuzztest.b.a.d.a(SourceFile:123)
	at com.diffblue.fuzztest.b.f.a(SourceFile:564)
	at com.diffblue.fuzztest.b.f.a(SourceFile:292)
	at com.diffblue.fuzztest.b.f.b(SourceFile:377)
	at com.diffblue.fuzztest.g.ae.a(SourceFile:100)
	at com.diffblue.fuzztest.g.af.a(SourceFile:162)
	at com.diffblue.fuzztest.g.ae.a(SourceFile:193)
	at com.diffblue.fuzztest.g.e.r(SourceFile:499)
	at com.diffblue.cover.sandbox.execution.WorkerThread.lambda$callWorkerThread$3(SourceFile:164)
	at com.diffblue.cover.sandbox.execution.WorkerThread.run(SourceFile:265)
Caused by: java.lang.ClassNotFoundException: akka.pattern.CircuitBreaker$Open
	at java.base/java.net.URLClassLoader.findClass(URLClassLoader.java:476)
	at java.base/java.lang.ClassLoader.loadClass(ClassLoader.java:594)
	at com.diffblue.cover.launcher.FilteringClassLoader.loadClassBasedOnPolicy(FilteringClassLoader.java:72)
	at com.diffblue.cover.launcher.FilteringClassLoader.loadClass(FilteringClassLoader.java:60)
	at com.diffblue.cover.i.e.loadClass(SourceFile:67)
	at java.base/java.lang.Class.forName0(Native Method)
	at java.base/java.lang.Class.forName(Class.java:398)
	at com.diffblue.cover.commons.reflect.q.a(SourceFile:525)
	at com.diffblue.tir.h.a.f.a(SourceFile:67)
	... 41 common frames omitted
12:55:30.105 [DEBUG]  [Creating]    [analyzer-service:TimedExecutor-118][com.diffblue.fuzztest.d.s.c] Could not construct class type 'akka.pattern.CircuitBreaker$Open$'
com.diffblue.cover.exception.BaseException: Unable to load class
	at com.diffblue.tir.h.a.f.a(SourceFile:70)
	at com.diffblue.tir.h.a.f.c(SourceFile:92)
	at com.diffblue.fuzztest.d.s.c.b(SourceFile:274)
	at com.diffblue.fuzztest.d.s.c.a(SourceFile:160)
	at com.diffblue.fuzztest.d.s.c.c(SourceFile:103)
	at java.base/java.util.stream.ReferencePipeline$7$1.accept(ReferencePipeline.java:271)
	at java.base/java.util.ArrayList$ArrayListSpliterator.forEachRemaining(ArrayList.java:1655)
	at java.base/java.util.stream.AbstractPipeline.copyInto(AbstractPipeline.java:484)
	at java.base/java.util.stream.AbstractPipeline.wrapAndCopyInto(AbstractPipeline.java:474)
	at java.base/java.util.stream.ReduceOps$ReduceOp.evaluateSequential(ReduceOps.java:913)
	at java.base/java.util.stream.AbstractPipeline.evaluate(AbstractPipeline.java:234)
	at java.base/java.util.stream.ReferencePipeline.collect(ReferencePipeline.java:578)
	at com.diffblue.cover.h.z.a(SourceFile:96)
	at com.diffblue.cover.h.z.a(SourceFile:83)
	at com.diffblue.fuzztest.d.s.c.a(SourceFile:99)
	at com.diffblue.fuzztest.d.f.a(SourceFile:34)
	at java.base/java.util.stream.ReferencePipeline$7$1.accept(ReferencePipeline.java:271)
	at java.base/java.util.ArrayList$ArrayListSpliterator.tryAdvance(ArrayList.java:1632)
	at java.base/java.util.stream.ReferencePipeline.forEachWithCancel(ReferencePipeline.java:127)
	at java.base/java.util.stream.AbstractPipeline.copyIntoWithCancel(AbstractPipeline.java:502)
	at java.base/java.util.stream.AbstractPipeline.copyInto(AbstractPipeline.java:488)
	at java.base/java.util.stream.AbstractPipeline.wrapAndCopyInto(AbstractPipeline.java:474)
	at java.base/java.util.stream.ReduceOps$ReduceOp.evaluateSequential(ReduceOps.java:913)
	at java.base/java.util.stream.AbstractPipeline.evaluate(AbstractPipeline.java:234)
	at java.base/java.util.stream.ReferencePipeline.collect(ReferencePipeline.java:578)
	at com.diffblue.cover.h.z.a(SourceFile:96)
	at com.diffblue.fuzztest.d.f.a(SourceFile:33)
	at com.diffblue.fuzztest.b.a.d.a(SourceFile:493)
	at com.diffblue.fuzztest.b.a.d.a(SourceFile:470)
	at com.diffblue.fuzztest.b.a.d.a(SourceFile:402)
	at com.diffblue.fuzztest.b.a.d.d(SourceFile:856)
	at com.diffblue.fuzztest.b.a.d.a(SourceFile:160)
	at com.diffblue.fuzztest.b.a.d.a(SourceFile:123)
	at com.diffblue.fuzztest.b.f.a(SourceFile:564)
	at com.diffblue.fuzztest.b.f.a(SourceFile:292)
	at com.diffblue.fuzztest.b.f.b(SourceFile:377)
	at com.diffblue.fuzztest.g.ae.a(SourceFile:100)
	at com.diffblue.fuzztest.g.af.a(SourceFile:162)
	at com.diffblue.fuzztest.g.ae.a(SourceFile:193)
	at com.diffblue.fuzztest.g.e.r(SourceFile:499)
	at com.diffblue.cover.sandbox.execution.WorkerThread.lambda$callWorkerThread$3(SourceFile:164)
	at com.diffblue.cover.sandbox.execution.WorkerThread.run(SourceFile:265)
Caused by: java.lang.ClassNotFoundException: akka.pattern.CircuitBreaker$Open
	at java.base/java.net.URLClassLoader.findClass(URLClassLoader.java:476)
	at java.base/java.lang.ClassLoader.loadClass(ClassLoader.java:594)
	at com.diffblue.cover.launcher.FilteringClassLoader.loadClassBasedOnPolicy(FilteringClassLoader.java:72)
	at com.diffblue.cover.launcher.FilteringClassLoader.loadClass(FilteringClassLoader.java:60)
	at com.diffblue.cover.i.e.loadClass(SourceFile:67)
	at java.base/java.lang.Class.forName0(Native Method)
	at java.base/java.lang.Class.forName(Class.java:398)
	at com.diffblue.cover.commons.reflect.q.a(SourceFile:525)
	at com.diffblue.tir.h.a.f.a(SourceFile:67)
	... 41 common frames omitted
12:55:30.112 [DEBUG]  [Creating]    [analyzer-service:TimedExecutor-118][com.diffblue.fuzztest.d.s.c] Could not construct class type 'akka.pattern.CircuitBreaker$Open$'
com.diffblue.cover.exception.BaseException: Unable to load class
	at com.diffblue.tir.h.a.f.a(SourceFile:70)
	at com.diffblue.tir.h.a.f.c(SourceFile:92)
	at com.diffblue.fuzztest.d.s.c.a(SourceFile:290)
	at com.diffblue.fuzztest.d.s.c.a(SourceFile:157)
	at com.diffblue.fuzztest.d.s.c.c(SourceFile:103)
	at java.base/java.util.stream.ReferencePipeline$7$1.accept(ReferencePipeline.java:271)
	at java.base/java.util.ArrayList$ArrayListSpliterator.forEachRemaining(ArrayList.java:1655)
	at java.base/java.util.stream.AbstractPipeline.copyInto(AbstractPipeline.java:484)
	at java.base/java.util.stream.AbstractPipeline.wrapAndCopyInto(AbstractPipeline.java:474)
	at java.base/java.util.stream.ReduceOps$ReduceOp.evaluateSequential(ReduceOps.java:913)
	at java.base/java.util.stream.AbstractPipeline.evaluate(AbstractPipeline.java:234)
	at java.base/java.util.stream.ReferencePipeline.collect(ReferencePipeline.java:578)
	at com.diffblue.cover.h.z.a(SourceFile:96)
	at com.diffblue.cover.h.z.a(SourceFile:83)
	at com.diffblue.fuzztest.d.s.c.a(SourceFile:99)
	at com.diffblue.fuzztest.d.f.a(SourceFile:34)
	at java.base/java.util.stream.ReferencePipeline$7$1.accept(ReferencePipeline.java:271)
	at java.base/java.util.ArrayList$ArrayListSpliterator.tryAdvance(ArrayList.java:1632)
	at java.base/java.util.stream.ReferencePipeline.forEachWithCancel(ReferencePipeline.java:127)
	at java.base/java.util.stream.AbstractPipeline.copyIntoWithCancel(AbstractPipeline.java:502)
	at java.base/java.util.stream.AbstractPipeline.copyInto(AbstractPipeline.java:488)
	at java.base/java.util.stream.AbstractPipeline.wrapAndCopyInto(AbstractPipeline.java:474)
	at java.base/java.util.stream.ReduceOps$ReduceOp.evaluateSequential(ReduceOps.java:913)
	at java.base/java.util.stream.AbstractPipeline.evaluate(AbstractPipeline.java:234)
	at java.base/java.util.stream.ReferencePipeline.collect(ReferencePipeline.java:578)
	at com.diffblue.cover.h.z.a(SourceFile:96)
	at com.diffblue.fuzztest.d.f.a(SourceFile:33)
	at com.diffblue.fuzztest.b.a.d.a(SourceFile:493)
	at com.diffblue.fuzztest.b.a.d.a(SourceFile:470)
	at com.diffblue.fuzztest.b.a.d.a(SourceFile:402)
	at com.diffblue.fuzztest.b.a.d.d(SourceFile:856)
	at com.diffblue.fuzztest.b.a.d.a(SourceFile:160)
	at com.diffblue.fuzztest.b.a.d.a(SourceFile:123)
	at com.diffblue.fuzztest.b.f.a(SourceFile:564)
	at com.diffblue.fuzztest.b.f.a(SourceFile:292)
	at com.diffblue.fuzztest.b.f.b(SourceFile:377)
	at com.diffblue.fuzztest.g.ae.a(SourceFile:100)
	at com.diffblue.fuzztest.g.af.a(SourceFile:162)
	at com.diffblue.fuzztest.g.ae.a(SourceFile:193)
	at com.diffblue.fuzztest.g.e.r(SourceFile:499)
	at com.diffblue.cover.sandbox.execution.WorkerThread.lambda$callWorkerThread$3(SourceFile:164)
	at com.diffblue.cover.sandbox.execution.WorkerThread.run(SourceFile:265)
Caused by: java.lang.ClassNotFoundException: akka.pattern.CircuitBreaker$Open
	at java.base/java.net.URLClassLoader.findClass(URLClassLoader.java:476)
	at java.base/java.lang.ClassLoader.loadClass(ClassLoader.java:594)
	at com.diffblue.cover.launcher.FilteringClassLoader.loadClassBasedOnPolicy(FilteringClassLoader.java:72)
	at com.diffblue.cover.launcher.FilteringClassLoader.loadClass(FilteringClassLoader.java:60)
	at com.diffblue.cover.i.e.loadClass(SourceFile:67)
	at java.base/java.lang.Class.forName0(Native Method)
	at java.base/java.lang.Class.forName(Class.java:398)
	at com.diffblue.cover.commons.reflect.q.a(SourceFile:525)
	at com.diffblue.tir.h.a.f.a(SourceFile:67)
	... 41 common frames omitted
12:55:30.113 [DEBUG]  [Creating]    [analyzer-service:TimedExecutor-118][com.diffblue.fuzztest.d.s.c] Could not construct class type 'akka.pattern.CircuitBreaker$Open$'
com.diffblue.cover.exception.BaseException: Unable to load class
	at com.diffblue.tir.h.a.f.a(SourceFile:70)
	at com.diffblue.tir.h.a.f.c(SourceFile:92)
	at com.diffblue.fuzztest.d.s.c.b(SourceFile:274)
	at com.diffblue.fuzztest.d.s.c.a(SourceFile:160)
	at com.diffblue.fuzztest.d.s.c.c(SourceFile:103)
	at java.base/java.util.stream.ReferencePipeline$7$1.accept(ReferencePipeline.java:271)
	at java.base/java.util.ArrayList$ArrayListSpliterator.forEachRemaining(ArrayList.java:1655)
	at java.base/java.util.stream.AbstractPipeline.copyInto(AbstractPipeline.java:484)
	at java.base/java.util.stream.AbstractPipeline.wrapAndCopyInto(AbstractPipeline.java:474)
	at java.base/java.util.stream.ReduceOps$ReduceOp.evaluateSequential(ReduceOps.java:913)
	at java.base/java.util.stream.AbstractPipeline.evaluate(AbstractPipeline.java:234)
	at java.base/java.util.stream.ReferencePipeline.collect(ReferencePipeline.java:578)
	at com.diffblue.cover.h.z.a(SourceFile:96)
	at com.diffblue.cover.h.z.a(SourceFile:83)
	at com.diffblue.fuzztest.d.s.c.a(SourceFile:99)
	at com.diffblue.fuzztest.d.f.a(SourceFile:34)
	at java.base/java.util.stream.ReferencePipeline$7$1.accept(ReferencePipeline.java:271)
	at java.base/java.util.ArrayList$ArrayListSpliterator.tryAdvance(ArrayList.java:1632)
	at java.base/java.util.stream.ReferencePipeline.forEachWithCancel(ReferencePipeline.java:127)
	at java.base/java.util.stream.AbstractPipeline.copyIntoWithCancel(AbstractPipeline.java:502)
	at java.base/java.util.stream.AbstractPipeline.copyInto(AbstractPipeline.java:488)
	at java.base/java.util.stream.AbstractPipeline.wrapAndCopyInto(AbstractPipeline.java:474)
	at java.base/java.util.stream.ReduceOps$ReduceOp.evaluateSequential(ReduceOps.java:913)
	at java.base/java.util.stream.AbstractPipeline.evaluate(AbstractPipeline.java:234)
	at java.base/java.util.stream.ReferencePipeline.collect(ReferencePipeline.java:578)
	at com.diffblue.cover.h.z.a(SourceFile:96)
	at com.diffblue.fuzztest.d.f.a(SourceFile:33)
	at com.diffblue.fuzztest.b.a.d.a(SourceFile:493)
	at com.diffblue.fuzztest.b.a.d.a(SourceFile:470)
	at com.diffblue.fuzztest.b.a.d.a(SourceFile:402)
	at com.diffblue.fuzztest.b.a.d.d(SourceFile:856)
	at com.diffblue.fuzztest.b.a.d.a(SourceFile:160)
	at com.diffblue.fuzztest.b.a.d.a(SourceFile:123)
	at com.diffblue.fuzztest.b.f.a(SourceFile:564)
	at com.diffblue.fuzztest.b.f.a(SourceFile:292)
	at com.diffblue.fuzztest.b.f.b(SourceFile:377)
	at com.diffblue.fuzztest.g.ae.a(SourceFile:100)
	at com.diffblue.fuzztest.g.af.a(SourceFile:162)
	at com.diffblue.fuzztest.g.ae.a(SourceFile:193)
	at com.diffblue.fuzztest.g.e.r(SourceFile:499)
	at com.diffblue.cover.sandbox.execution.WorkerThread.lambda$callWorkerThread$3(SourceFile:164)
	at com.diffblue.cover.sandbox.execution.WorkerThread.run(SourceFile:265)
Caused by: java.lang.ClassNotFoundException: akka.pattern.CircuitBreaker$Open
	at java.base/java.net.URLClassLoader.findClass(URLClassLoader.java:476)
	at java.base/java.lang.ClassLoader.loadClass(ClassLoader.java:594)
	at com.diffblue.cover.launcher.FilteringClassLoader.loadClassBasedOnPolicy(FilteringClassLoader.java:72)
	at com.diffblue.cover.launcher.FilteringClassLoader.loadClass(FilteringClassLoader.java:60)
	at com.diffblue.cover.i.e.loadClass(SourceFile:67)
	at java.base/java.lang.Class.forName0(Native Method)
	at java.base/java.lang.Class.forName(Class.java:398)
	at com.diffblue.cover.commons.reflect.q.a(SourceFile:525)
	at com.diffblue.tir.h.a.f.a(SourceFile:67)
	... 41 common frames omitted
12:55:30.148 [DEBUG]  [Creating]    [analyzer-service:TimedExecutor-118][com.diffblue.fuzztest.d.s.c] Could not construct class type 'akka.pattern.CircuitBreaker$Open$'
com.diffblue.cover.exception.BaseException: Unable to load class
	at com.diffblue.tir.h.a.f.a(SourceFile:70)
	at com.diffblue.tir.h.a.f.c(SourceFile:92)
	at com.diffblue.fuzztest.d.s.c.a(SourceFile:290)
	at com.diffblue.fuzztest.d.s.c.a(SourceFile:157)
	at com.diffblue.fuzztest.d.s.c.c(SourceFile:103)
	at java.base/java.util.stream.ReferencePipeline$7$1.accept(ReferencePipeline.java:271)
	at java.base/java.util.ArrayList$ArrayListSpliterator.forEachRemaining(ArrayList.java:1655)
	at java.base/java.util.stream.AbstractPipeline.copyInto(AbstractPipeline.java:484)
	at java.base/java.util.stream.AbstractPipeline.wrapAndCopyInto(AbstractPipeline.java:474)
	at java.base/java.util.stream.ReduceOps$ReduceOp.evaluateSequential(ReduceOps.java:913)
	at java.base/java.util.stream.AbstractPipeline.evaluate(AbstractPipeline.java:234)
	at java.base/java.util.stream.ReferencePipeline.collect(ReferencePipeline.java:578)
	at com.diffblue.cover.h.z.a(SourceFile:96)
	at com.diffblue.cover.h.z.a(SourceFile:83)
	at com.diffblue.fuzztest.d.s.c.a(SourceFile:99)
	at com.diffblue.fuzztest.d.f.a(SourceFile:34)
	at java.base/java.util.stream.ReferencePipeline$7$1.accept(ReferencePipeline.java:271)
	at java.base/java.util.ArrayList$ArrayListSpliterator.tryAdvance(ArrayList.java:1632)
	at java.base/java.util.stream.ReferencePipeline.forEachWithCancel(ReferencePipeline.java:127)
	at java.base/java.util.stream.AbstractPipeline.copyIntoWithCancel(AbstractPipeline.java:502)
	at java.base/java.util.stream.AbstractPipeline.copyInto(AbstractPipeline.java:488)
	at java.base/java.util.stream.AbstractPipeline.wrapAndCopyInto(AbstractPipeline.java:474)
	at java.base/java.util.stream.ReduceOps$ReduceOp.evaluateSequential(ReduceOps.java:913)
	at java.base/java.util.stream.AbstractPipeline.evaluate(AbstractPipeline.java:234)
	at java.base/java.util.stream.ReferencePipeline.collect(ReferencePipeline.java:578)
	at com.diffblue.cover.h.z.a(SourceFile:96)
	at com.diffblue.fuzztest.d.f.a(SourceFile:33)
	at com.diffblue.fuzztest.b.a.d.a(SourceFile:493)
	at com.diffblue.fuzztest.b.a.d.a(SourceFile:470)
	at com.diffblue.fuzztest.b.a.d.a(SourceFile:402)
	at com.diffblue.fuzztest.b.a.d.d(SourceFile:856)
	at com.diffblue.fuzztest.b.a.d.a(SourceFile:160)
	at com.diffblue.fuzztest.b.a.d.a(SourceFile:123)
	at com.diffblue.fuzztest.b.f.a(SourceFile:564)
	at com.diffblue.fuzztest.b.f.a(SourceFile:292)
	at com.diffblue.fuzztest.b.f.b(SourceFile:377)
	at com.diffblue.fuzztest.g.ae.a(SourceFile:100)
	at com.diffblue.fuzztest.g.af.a(SourceFile:162)
	at com.diffblue.fuzztest.g.ae.a(SourceFile:193)
	at com.diffblue.fuzztest.g.e.r(SourceFile:499)
	at com.diffblue.cover.sandbox.execution.WorkerThread.lambda$callWorkerThread$3(SourceFile:164)
	at com.diffblue.cover.sandbox.execution.WorkerThread.run(SourceFile:265)
Caused by: java.lang.ClassNotFoundException: akka.pattern.CircuitBreaker$Open
	at java.base/java.net.URLClassLoader.findClass(URLClassLoader.java:476)
	at java.base/java.lang.ClassLoader.loadClass(ClassLoader.java:594)
	at com.diffblue.cover.launcher.FilteringClassLoader.loadClassBasedOnPolicy(FilteringClassLoader.java:72)
	at com.diffblue.cover.launcher.FilteringClassLoader.loadClass(FilteringClassLoader.java:60)
	at com.diffblue.cover.i.e.loadClass(SourceFile:67)
	at java.base/java.lang.Class.forName0(Native Method)
	at java.base/java.lang.Class.forName(Class.java:398)
	at com.diffblue.cover.commons.reflect.q.a(SourceFile:525)
	at com.diffblue.tir.h.a.f.a(SourceFile:67)
	... 41 common frames omitted
12:55:30.149 [DEBUG]  [Creating]    [analyzer-service:TimedExecutor-118][com.diffblue.fuzztest.d.s.c] Could not construct class type 'akka.pattern.CircuitBreaker$Open$'
com.diffblue.cover.exception.BaseException: Unable to load class
	at com.diffblue.tir.h.a.f.a(SourceFile:70)
	at com.diffblue.tir.h.a.f.c(SourceFile:92)
	at com.diffblue.fuzztest.d.s.c.b(SourceFile:274)
	at com.diffblue.fuzztest.d.s.c.a(SourceFile:160)
	at com.diffblue.fuzztest.d.s.c.c(SourceFile:103)
	at java.base/java.util.stream.ReferencePipeline$7$1.accept(ReferencePipeline.java:271)
	at java.base/java.util.ArrayList$ArrayListSpliterator.forEachRemaining(ArrayList.java:1655)
	at java.base/java.util.stream.AbstractPipeline.copyInto(AbstractPipeline.java:484)
	at java.base/java.util.stream.AbstractPipeline.wrapAndCopyInto(AbstractPipeline.java:474)
	at java.base/java.util.stream.ReduceOps$ReduceOp.evaluateSequential(ReduceOps.java:913)
	at java.base/java.util.stream.AbstractPipeline.evaluate(AbstractPipeline.java:234)
	at java.base/java.util.stream.ReferencePipeline.collect(ReferencePipeline.java:578)
	at com.diffblue.cover.h.z.a(SourceFile:96)
	at com.diffblue.cover.h.z.a(SourceFile:83)
	at com.diffblue.fuzztest.d.s.c.a(SourceFile:99)
	at com.diffblue.fuzztest.d.f.a(SourceFile:34)
	at java.base/java.util.stream.ReferencePipeline$7$1.accept(ReferencePipeline.java:271)
	at java.base/java.util.ArrayList$ArrayListSpliterator.tryAdvance(ArrayList.java:1632)
	at java.base/java.util.stream.ReferencePipeline.forEachWithCancel(ReferencePipeline.java:127)
	at java.base/java.util.stream.AbstractPipeline.copyIntoWithCancel(AbstractPipeline.java:502)
	at java.base/java.util.stream.AbstractPipeline.copyInto(AbstractPipeline.java:488)
	at java.base/java.util.stream.AbstractPipeline.wrapAndCopyInto(AbstractPipeline.java:474)
	at java.base/java.util.stream.ReduceOps$ReduceOp.evaluateSequential(ReduceOps.java:913)
	at java.base/java.util.stream.AbstractPipeline.evaluate(AbstractPipeline.java:234)
	at java.base/java.util.stream.ReferencePipeline.collect(ReferencePipeline.java:578)
	at com.diffblue.cover.h.z.a(SourceFile:96)
	at com.diffblue.fuzztest.d.f.a(SourceFile:33)
	at com.diffblue.fuzztest.b.a.d.a(SourceFile:493)
	at com.diffblue.fuzztest.b.a.d.a(SourceFile:470)
	at com.diffblue.fuzztest.b.a.d.a(SourceFile:402)
	at com.diffblue.fuzztest.b.a.d.d(SourceFile:856)
	at com.diffblue.fuzztest.b.a.d.a(SourceFile:160)
	at com.diffblue.fuzztest.b.a.d.a(SourceFile:123)
	at com.diffblue.fuzztest.b.f.a(SourceFile:564)
	at com.diffblue.fuzztest.b.f.a(SourceFile:292)
	at com.diffblue.fuzztest.b.f.b(SourceFile:377)
	at com.diffblue.fuzztest.g.ae.a(SourceFile:100)
	at com.diffblue.fuzztest.g.af.a(SourceFile:162)
	at com.diffblue.fuzztest.g.ae.a(SourceFile:193)
	at com.diffblue.fuzztest.g.e.r(SourceFile:499)
	at com.diffblue.cover.sandbox.execution.WorkerThread.lambda$callWorkerThread$3(SourceFile:164)
	at com.diffblue.cover.sandbox.execution.WorkerThread.run(SourceFile:265)
Caused by: java.lang.ClassNotFoundException: akka.pattern.CircuitBreaker$Open
	at java.base/java.net.URLClassLoader.findClass(URLClassLoader.java:476)
	at java.base/java.lang.ClassLoader.loadClass(ClassLoader.java:594)
	at com.diffblue.cover.launcher.FilteringClassLoader.loadClassBasedOnPolicy(FilteringClassLoader.java:72)
	at com.diffblue.cover.launcher.FilteringClassLoader.loadClass(FilteringClassLoader.java:60)
	at com.diffblue.cover.i.e.loadClass(SourceFile:67)
	at java.base/java.lang.Class.forName0(Native Method)
	at java.base/java.lang.Class.forName(Class.java:398)
	at com.diffblue.cover.commons.reflect.q.a(SourceFile:525)
	at com.diffblue.tir.h.a.f.a(SourceFile:67)
	... 41 common frames omitted
12:55:30.155 [DEBUG]  [Creating]    [analyzer-service:TimedExecutor-118][com.diffblue.fuzztest.d.s.c] Could not construct class type 'akka.pattern.CircuitBreaker$Open$'
com.diffblue.cover.exception.BaseException: Unable to load class
	at com.diffblue.tir.h.a.f.a(SourceFile:70)
	at com.diffblue.tir.h.a.f.c(SourceFile:92)
	at com.diffblue.fuzztest.d.s.c.a(SourceFile:290)
	at com.diffblue.fuzztest.d.s.c.a(SourceFile:157)
	at com.diffblue.fuzztest.d.s.c.c(SourceFile:103)
	at java.base/java.util.stream.ReferencePipeline$7$1.accept(ReferencePipeline.java:271)
	at java.base/java.util.ArrayList$ArrayListSpliterator.forEachRemaining(ArrayList.java:1655)
	at java.base/java.util.stream.AbstractPipeline.copyInto(AbstractPipeline.java:484)
	at java.base/java.util.stream.AbstractPipeline.wrapAndCopyInto(AbstractPipeline.java:474)
	at java.base/java.util.stream.ReduceOps$ReduceOp.evaluateSequential(ReduceOps.java:913)
	at java.base/java.util.stream.AbstractPipeline.evaluate(AbstractPipeline.java:234)
	at java.base/java.util.stream.ReferencePipeline.collect(ReferencePipeline.java:578)
	at com.diffblue.cover.h.z.a(SourceFile:96)
	at com.diffblue.cover.h.z.a(SourceFile:83)
	at com.diffblue.fuzztest.d.s.c.a(SourceFile:99)
	at com.diffblue.fuzztest.d.f.a(SourceFile:34)
	at java.base/java.util.stream.ReferencePipeline$7$1.accept(ReferencePipeline.java:271)
	at java.base/java.util.ArrayList$ArrayListSpliterator.tryAdvance(ArrayList.java:1632)
	at java.base/java.util.stream.ReferencePipeline.forEachWithCancel(ReferencePipeline.java:127)
	at java.base/java.util.stream.AbstractPipeline.copyIntoWithCancel(AbstractPipeline.java:502)
	at java.base/java.util.stream.AbstractPipeline.copyInto(AbstractPipeline.java:488)
	at java.base/java.util.stream.AbstractPipeline.wrapAndCopyInto(AbstractPipeline.java:474)
	at java.base/java.util.stream.ReduceOps$ReduceOp.evaluateSequential(ReduceOps.java:913)
	at java.base/java.util.stream.AbstractPipeline.evaluate(AbstractPipeline.java:234)
	at java.base/java.util.stream.ReferencePipeline.collect(ReferencePipeline.java:578)
	at com.diffblue.cover.h.z.a(SourceFile:96)
	at com.diffblue.fuzztest.d.f.a(SourceFile:33)
	at com.diffblue.fuzztest.b.a.d.a(SourceFile:493)
	at com.diffblue.fuzztest.b.a.d.a(SourceFile:470)
	at com.diffblue.fuzztest.b.a.d.a(SourceFile:402)
	at com.diffblue.fuzztest.b.a.d.d(SourceFile:856)
	at com.diffblue.fuzztest.b.a.d.a(SourceFile:160)
	at com.diffblue.fuzztest.b.a.d.a(SourceFile:123)
	at com.diffblue.fuzztest.b.f.a(SourceFile:564)
	at com.diffblue.fuzztest.b.f.a(SourceFile:292)
	at com.diffblue.fuzztest.b.f.b(SourceFile:377)
	at com.diffblue.fuzztest.g.ae.a(SourceFile:100)
	at com.diffblue.fuzztest.g.af.a(SourceFile:162)
	at com.diffblue.fuzztest.g.ae.a(SourceFile:193)
	at com.diffblue.fuzztest.g.e.r(SourceFile:499)
	at com.diffblue.cover.sandbox.execution.WorkerThread.lambda$callWorkerThread$3(SourceFile:164)
	at com.diffblue.cover.sandbox.execution.WorkerThread.run(SourceFile:265)
Caused by: java.lang.ClassNotFoundException: akka.pattern.CircuitBreaker$Open
	at java.base/java.net.URLClassLoader.findClass(URLClassLoader.java:476)
	at java.base/java.lang.ClassLoader.loadClass(ClassLoader.java:594)
	at com.diffblue.cover.launcher.FilteringClassLoader.loadClassBasedOnPolicy(FilteringClassLoader.java:72)
	at com.diffblue.cover.launcher.FilteringClassLoader.loadClass(FilteringClassLoader.java:60)
	at com.diffblue.cover.i.e.loadClass(SourceFile:67)
	at java.base/java.lang.Class.forName0(Native Method)
	at java.base/java.lang.Class.forName(Class.java:398)
	at com.diffblue.cover.commons.reflect.q.a(SourceFile:525)
	at com.diffblue.tir.h.a.f.a(SourceFile:67)
	... 41 common frames omitted
12:55:30.155 [DEBUG]  [Creating]    [analyzer-service:TimedExecutor-118][com.diffblue.fuzztest.d.s.c] Could not construct class type 'akka.pattern.CircuitBreaker$Open$'
com.diffblue.cover.exception.BaseException: Unable to load class
	at com.diffblue.tir.h.a.f.a(SourceFile:70)
	at com.diffblue.tir.h.a.f.c(SourceFile:92)
	at com.diffblue.fuzztest.d.s.c.b(SourceFile:274)
	at com.diffblue.fuzztest.d.s.c.a(SourceFile:160)
	at com.diffblue.fuzztest.d.s.c.c(SourceFile:103)
	at java.base/java.util.stream.ReferencePipeline$7$1.accept(ReferencePipeline.java:271)
	at java.base/java.util.ArrayList$ArrayListSpliterator.forEachRemaining(ArrayList.java:1655)
	at java.base/java.util.stream.AbstractPipeline.copyInto(AbstractPipeline.java:484)
	at java.base/java.util.stream.AbstractPipeline.wrapAndCopyInto(AbstractPipeline.java:474)
	at java.base/java.util.stream.ReduceOps$ReduceOp.evaluateSequential(ReduceOps.java:913)
	at java.base/java.util.stream.AbstractPipeline.evaluate(AbstractPipeline.java:234)
	at java.base/java.util.stream.ReferencePipeline.collect(ReferencePipeline.java:578)
	at com.diffblue.cover.h.z.a(SourceFile:96)
	at com.diffblue.cover.h.z.a(SourceFile:83)
	at com.diffblue.fuzztest.d.s.c.a(SourceFile:99)
	at com.diffblue.fuzztest.d.f.a(SourceFile:34)
	at java.base/java.util.stream.ReferencePipeline$7$1.accept(ReferencePipeline.java:271)
	at java.base/java.util.ArrayList$ArrayListSpliterator.tryAdvance(ArrayList.java:1632)
	at java.base/java.util.stream.ReferencePipeline.forEachWithCancel(ReferencePipeline.java:127)
	at java.base/java.util.stream.AbstractPipeline.copyIntoWithCancel(AbstractPipeline.java:502)
	at java.base/java.util.stream.AbstractPipeline.copyInto(AbstractPipeline.java:488)
	at java.base/java.util.stream.AbstractPipeline.wrapAndCopyInto(AbstractPipeline.java:474)
	at java.base/java.util.stream.ReduceOps$ReduceOp.evaluateSequential(ReduceOps.java:913)
	at java.base/java.util.stream.AbstractPipeline.evaluate(AbstractPipeline.java:234)
	at java.base/java.util.stream.ReferencePipeline.collect(ReferencePipeline.java:578)
	at com.diffblue.cover.h.z.a(SourceFile:96)
	at com.diffblue.fuzztest.d.f.a(SourceFile:33)
	at com.diffblue.fuzztest.b.a.d.a(SourceFile:493)
	at com.diffblue.fuzztest.b.a.d.a(SourceFile:470)
	at com.diffblue.fuzztest.b.a.d.a(SourceFile:402)
	at com.diffblue.fuzztest.b.a.d.d(SourceFile:856)
	at com.diffblue.fuzztest.b.a.d.a(SourceFile:160)
	at com.diffblue.fuzztest.b.a.d.a(SourceFile:123)
	at com.diffblue.fuzztest.b.f.a(SourceFile:564)
	at com.diffblue.fuzztest.b.f.a(SourceFile:292)
	at com.diffblue.fuzztest.b.f.b(SourceFile:377)
	at com.diffblue.fuzztest.g.ae.a(SourceFile:100)
	at com.diffblue.fuzztest.g.af.a(SourceFile:162)
	at com.diffblue.fuzztest.g.ae.a(SourceFile:193)
	at com.diffblue.fuzztest.g.e.r(SourceFile:499)
	at com.diffblue.cover.sandbox.execution.WorkerThread.lambda$callWorkerThread$3(SourceFile:164)
	at com.diffblue.cover.sandbox.execution.WorkerThread.run(SourceFile:265)
Caused by: java.lang.ClassNotFoundException: akka.pattern.CircuitBreaker$Open
	at java.base/java.net.URLClassLoader.findClass(URLClassLoader.java:476)
	at java.base/java.lang.ClassLoader.loadClass(ClassLoader.java:594)
	at com.diffblue.cover.launcher.FilteringClassLoader.loadClassBasedOnPolicy(FilteringClassLoader.java:72)
	at com.diffblue.cover.launcher.FilteringClassLoader.loadClass(FilteringClassLoader.java:60)
	at com.diffblue.cover.i.e.loadClass(SourceFile:67)
	at java.base/java.lang.Class.forName0(Native Method)
	at java.base/java.lang.Class.forName(Class.java:398)
	at com.diffblue.cover.commons.reflect.q.a(SourceFile:525)
	at com.diffblue.tir.h.a.f.a(SourceFile:67)
	... 41 common frames omitted
12:55:30.162 [DEBUG]  [Creating]    [analyzer-service:TimedExecutor-118][com.diffblue.fuzztest.d.s.c] Could not construct class type 'akka.pattern.CircuitBreaker$Open$'
com.diffblue.cover.exception.BaseException: Unable to load class
	at com.diffblue.tir.h.a.f.a(SourceFile:70)
	at com.diffblue.tir.h.a.f.c(SourceFile:92)
	at com.diffblue.fuzztest.d.s.c.a(SourceFile:290)
	at com.diffblue.fuzztest.d.s.c.a(SourceFile:157)
	at com.diffblue.fuzztest.d.s.c.c(SourceFile:103)
	at java.base/java.util.stream.ReferencePipeline$7$1.accept(ReferencePipeline.java:271)
	at java.base/java.util.ArrayList$ArrayListSpliterator.forEachRemaining(ArrayList.java:1655)
	at java.base/java.util.stream.AbstractPipeline.copyInto(AbstractPipeline.java:484)
	at java.base/java.util.stream.AbstractPipeline.wrapAndCopyInto(AbstractPipeline.java:474)
	at java.base/java.util.stream.ReduceOps$ReduceOp.evaluateSequential(ReduceOps.java:913)
	at java.base/java.util.stream.AbstractPipeline.evaluate(AbstractPipeline.java:234)
	at java.base/java.util.stream.ReferencePipeline.collect(ReferencePipeline.java:578)
	at com.diffblue.cover.h.z.a(SourceFile:96)
	at com.diffblue.cover.h.z.a(SourceFile:83)
	at com.diffblue.fuzztest.d.s.c.a(SourceFile:99)
	at com.diffblue.fuzztest.d.f.a(SourceFile:34)
	at java.base/java.util.stream.ReferencePipeline$7$1.accept(ReferencePipeline.java:271)
	at java.base/java.util.ArrayList$ArrayListSpliterator.tryAdvance(ArrayList.java:1632)
	at java.base/java.util.stream.ReferencePipeline.forEachWithCancel(ReferencePipeline.java:127)
	at java.base/java.util.stream.AbstractPipeline.copyIntoWithCancel(AbstractPipeline.java:502)
	at java.base/java.util.stream.AbstractPipeline.copyInto(AbstractPipeline.java:488)
	at java.base/java.util.stream.AbstractPipeline.wrapAndCopyInto(AbstractPipeline.java:474)
	at java.base/java.util.stream.ReduceOps$ReduceOp.evaluateSequential(ReduceOps.java:913)
	at java.base/java.util.stream.AbstractPipeline.evaluate(AbstractPipeline.java:234)
	at java.base/java.util.stream.ReferencePipeline.collect(ReferencePipeline.java:578)
	at com.diffblue.cover.h.z.a(SourceFile:96)
	at com.diffblue.fuzztest.d.f.a(SourceFile:33)
	at com.diffblue.fuzztest.b.a.d.a(SourceFile:493)
	at com.diffblue.fuzztest.b.a.d.a(SourceFile:470)
	at com.diffblue.fuzztest.b.a.d.a(SourceFile:402)
	at com.diffblue.fuzztest.b.a.d.d(SourceFile:856)
	at com.diffblue.fuzztest.b.a.d.a(SourceFile:160)
	at com.diffblue.fuzztest.b.a.d.a(SourceFile:123)
	at com.diffblue.fuzztest.b.f.a(SourceFile:564)
	at com.diffblue.fuzztest.b.f.a(SourceFile:292)
	at com.diffblue.fuzztest.b.f.b(SourceFile:377)
	at com.diffblue.fuzztest.g.ae.a(SourceFile:100)
	at com.diffblue.fuzztest.g.af.a(SourceFile:162)
	at com.diffblue.fuzztest.g.ae.a(SourceFile:193)
	at com.diffblue.fuzztest.g.e.r(SourceFile:499)
	at com.diffblue.cover.sandbox.execution.WorkerThread.lambda$callWorkerThread$3(SourceFile:164)
	at com.diffblue.cover.sandbox.execution.WorkerThread.run(SourceFile:265)
Caused by: java.lang.ClassNotFoundException: akka.pattern.CircuitBreaker$Open
	at java.base/java.net.URLClassLoader.findClass(URLClassLoader.java:476)
	at java.base/java.lang.ClassLoader.loadClass(ClassLoader.java:594)
	at com.diffblue.cover.launcher.FilteringClassLoader.loadClassBasedOnPolicy(FilteringClassLoader.java:72)
	at com.diffblue.cover.launcher.FilteringClassLoader.loadClass(FilteringClassLoader.java:60)
	at com.diffblue.cover.i.e.loadClass(SourceFile:67)
	at java.base/java.lang.Class.forName0(Native Method)
	at java.base/java.lang.Class.forName(Class.java:398)
	at com.diffblue.cover.commons.reflect.q.a(SourceFile:525)
	at com.diffblue.tir.h.a.f.a(SourceFile:67)
	... 41 common frames omitted
12:55:30.162 [DEBUG]  [Creating]    [analyzer-service:TimedExecutor-118][com.diffblue.fuzztest.d.s.c] Could not construct class type 'akka.pattern.CircuitBreaker$Open$'
com.diffblue.cover.exception.BaseException: Unable to load class
	at com.diffblue.tir.h.a.f.a(SourceFile:70)
	at com.diffblue.tir.h.a.f.c(SourceFile:92)
	at com.diffblue.fuzztest.d.s.c.b(SourceFile:274)
	at com.diffblue.fuzztest.d.s.c.a(SourceFile:160)
	at com.diffblue.fuzztest.d.s.c.c(SourceFile:103)
	at java.base/java.util.stream.ReferencePipeline$7$1.accept(ReferencePipeline.java:271)
	at java.base/java.util.ArrayList$ArrayListSpliterator.forEachRemaining(ArrayList.java:1655)
	at java.base/java.util.stream.AbstractPipeline.copyInto(AbstractPipeline.java:484)
	at java.base/java.util.stream.AbstractPipeline.wrapAndCopyInto(AbstractPipeline.java:474)
	at java.base/java.util.stream.ReduceOps$ReduceOp.evaluateSequential(ReduceOps.java:913)
	at java.base/java.util.stream.AbstractPipeline.evaluate(AbstractPipeline.java:234)
	at java.base/java.util.stream.ReferencePipeline.collect(ReferencePipeline.java:578)
	at com.diffblue.cover.h.z.a(SourceFile:96)
	at com.diffblue.cover.h.z.a(SourceFile:83)
	at com.diffblue.fuzztest.d.s.c.a(SourceFile:99)
	at com.diffblue.fuzztest.d.f.a(SourceFile:34)
	at java.base/java.util.stream.ReferencePipeline$7$1.accept(ReferencePipeline.java:271)
	at java.base/java.util.ArrayList$ArrayListSpliterator.tryAdvance(ArrayList.java:1632)
	at java.base/java.util.stream.ReferencePipeline.forEachWithCancel(ReferencePipeline.java:127)
	at java.base/java.util.stream.AbstractPipeline.copyIntoWithCancel(AbstractPipeline.java:502)
	at java.base/java.util.stream.AbstractPipeline.copyInto(AbstractPipeline.java:488)
	at java.base/java.util.stream.AbstractPipeline.wrapAndCopyInto(AbstractPipeline.java:474)
	at java.base/java.util.stream.ReduceOps$ReduceOp.evaluateSequential(ReduceOps.java:913)
	at java.base/java.util.stream.AbstractPipeline.evaluate(AbstractPipeline.java:234)
	at java.base/java.util.stream.ReferencePipeline.collect(ReferencePipeline.java:578)
	at com.diffblue.cover.h.z.a(SourceFile:96)
	at com.diffblue.fuzztest.d.f.a(SourceFile:33)
	at com.diffblue.fuzztest.b.a.d.a(SourceFile:493)
	at com.diffblue.fuzztest.b.a.d.a(SourceFile:470)
	at com.diffblue.fuzztest.b.a.d.a(SourceFile:402)
	at com.diffblue.fuzztest.b.a.d.d(SourceFile:856)
	at com.diffblue.fuzztest.b.a.d.a(SourceFile:160)
	at com.diffblue.fuzztest.b.a.d.a(SourceFile:123)
	at com.diffblue.fuzztest.b.f.a(SourceFile:564)
	at com.diffblue.fuzztest.b.f.a(SourceFile:292)
	at com.diffblue.fuzztest.b.f.b(SourceFile:377)
	at com.diffblue.fuzztest.g.ae.a(SourceFile:100)
	at com.diffblue.fuzztest.g.af.a(SourceFile:162)
	at com.diffblue.fuzztest.g.ae.a(SourceFile:193)
	at com.diffblue.fuzztest.g.e.r(SourceFile:499)
	at com.diffblue.cover.sandbox.execution.WorkerThread.lambda$callWorkerThread$3(SourceFile:164)
	at com.diffblue.cover.sandbox.execution.WorkerThread.run(SourceFile:265)
Caused by: java.lang.ClassNotFoundException: akka.pattern.CircuitBreaker$Open
	at java.base/java.net.URLClassLoader.findClass(URLClassLoader.java:476)
	at java.base/java.lang.ClassLoader.loadClass(ClassLoader.java:594)
	at com.diffblue.cover.launcher.FilteringClassLoader.loadClassBasedOnPolicy(FilteringClassLoader.java:72)
	at com.diffblue.cover.launcher.FilteringClassLoader.loadClass(FilteringClassLoader.java:60)
	at com.diffblue.cover.i.e.loadClass(SourceFile:67)
	at java.base/java.lang.Class.forName0(Native Method)
	at java.base/java.lang.Class.forName(Class.java:398)
	at com.diffblue.cover.commons.reflect.q.a(SourceFile:525)
	at com.diffblue.tir.h.a.f.a(SourceFile:67)
	... 41 common frames omitted
12:55:30.169 [DEBUG]  [Creating]    [analyzer-service:TimedExecutor-118][com.diffblue.fuzztest.d.s.c] Could not construct class type 'akka.pattern.CircuitBreaker$Open$'
com.diffblue.cover.exception.BaseException: Unable to load class
	at com.diffblue.tir.h.a.f.a(SourceFile:70)
	at com.diffblue.tir.h.a.f.c(SourceFile:92)
	at com.diffblue.fuzztest.d.s.c.a(SourceFile:290)
	at com.diffblue.fuzztest.d.s.c.a(SourceFile:157)
	at com.diffblue.fuzztest.d.s.c.c(SourceFile:103)
	at java.base/java.util.stream.ReferencePipeline$7$1.accept(ReferencePipeline.java:271)
	at java.base/java.util.ArrayList$ArrayListSpliterator.forEachRemaining(ArrayList.java:1655)
	at java.base/java.util.stream.AbstractPipeline.copyInto(AbstractPipeline.java:484)
	at java.base/java.util.stream.AbstractPipeline.wrapAndCopyInto(AbstractPipeline.java:474)
	at java.base/java.util.stream.ReduceOps$ReduceOp.evaluateSequential(ReduceOps.java:913)
	at java.base/java.util.stream.AbstractPipeline.evaluate(AbstractPipeline.java:234)
	at java.base/java.util.stream.ReferencePipeline.collect(ReferencePipeline.java:578)
	at com.diffblue.cover.h.z.a(SourceFile:96)
	at com.diffblue.cover.h.z.a(SourceFile:83)
	at com.diffblue.fuzztest.d.s.c.a(SourceFile:99)
	at com.diffblue.fuzztest.d.f.a(SourceFile:34)
	at java.base/java.util.stream.ReferencePipeline$7$1.accept(ReferencePipeline.java:271)
	at java.base/java.util.ArrayList$ArrayListSpliterator.tryAdvance(ArrayList.java:1632)
	at java.base/java.util.stream.ReferencePipeline.forEachWithCancel(ReferencePipeline.java:127)
	at java.base/java.util.stream.AbstractPipeline.copyIntoWithCancel(AbstractPipeline.java:502)
	at java.base/java.util.stream.AbstractPipeline.copyInto(AbstractPipeline.java:488)
	at java.base/java.util.stream.AbstractPipeline.wrapAndCopyInto(AbstractPipeline.java:474)
	at java.base/java.util.stream.ReduceOps$ReduceOp.evaluateSequential(ReduceOps.java:913)
	at java.base/java.util.stream.AbstractPipeline.evaluate(AbstractPipeline.java:234)
	at java.base/java.util.stream.ReferencePipeline.collect(ReferencePipeline.java:578)
	at com.diffblue.cover.h.z.a(SourceFile:96)
	at com.diffblue.fuzztest.d.f.a(SourceFile:33)
	at com.diffblue.fuzztest.b.a.d.a(SourceFile:493)
	at com.diffblue.fuzztest.b.a.d.a(SourceFile:470)
	at com.diffblue.fuzztest.b.a.d.a(SourceFile:402)
	at com.diffblue.fuzztest.b.a.d.d(SourceFile:856)
	at com.diffblue.fuzztest.b.a.d.a(SourceFile:160)
	at com.diffblue.fuzztest.b.a.d.a(SourceFile:123)
	at com.diffblue.fuzztest.b.f.a(SourceFile:564)
	at com.diffblue.fuzztest.b.f.a(SourceFile:292)
	at com.diffblue.fuzztest.b.f.b(SourceFile:377)
	at com.diffblue.fuzztest.g.ae.a(SourceFile:100)
	at com.diffblue.fuzztest.g.af.a(SourceFile:162)
	at com.diffblue.fuzztest.g.ae.a(SourceFile:193)
	at com.diffblue.fuzztest.g.e.r(SourceFile:499)
	at com.diffblue.cover.sandbox.execution.WorkerThread.lambda$callWorkerThread$3(SourceFile:164)
	at com.diffblue.cover.sandbox.execution.WorkerThread.run(SourceFile:265)
Caused by: java.lang.ClassNotFoundException: akka.pattern.CircuitBreaker$Open
	at java.base/java.net.URLClassLoader.findClass(URLClassLoader.java:476)
	at java.base/java.lang.ClassLoader.loadClass(ClassLoader.java:594)
	at com.diffblue.cover.launcher.FilteringClassLoader.loadClassBasedOnPolicy(FilteringClassLoader.java:72)
	at com.diffblue.cover.launcher.FilteringClassLoader.loadClass(FilteringClassLoader.java:60)
	at com.diffblue.cover.i.e.loadClass(SourceFile:67)
	at java.base/java.lang.Class.forName0(Native Method)
	at java.base/java.lang.Class.forName(Class.java:398)
	at com.diffblue.cover.commons.reflect.q.a(SourceFile:525)
	at com.diffblue.tir.h.a.f.a(SourceFile:67)
	... 41 common frames omitted
12:55:30.169 [DEBUG]  [Creating]    [analyzer-service:TimedExecutor-118][com.diffblue.fuzztest.d.s.c] Could not construct class type 'akka.pattern.CircuitBreaker$Open$'
com.diffblue.cover.exception.BaseException: Unable to load class
	at com.diffblue.tir.h.a.f.a(SourceFile:70)
	at com.diffblue.tir.h.a.f.c(SourceFile:92)
	at com.diffblue.fuzztest.d.s.c.b(SourceFile:274)
	at com.diffblue.fuzztest.d.s.c.a(SourceFile:160)
	at com.diffblue.fuzztest.d.s.c.c(SourceFile:103)
	at java.base/java.util.stream.ReferencePipeline$7$1.accept(ReferencePipeline.java:271)
	at java.base/java.util.ArrayList$ArrayListSpliterator.forEachRemaining(ArrayList.java:1655)
	at java.base/java.util.stream.AbstractPipeline.copyInto(AbstractPipeline.java:484)
	at java.base/java.util.stream.AbstractPipeline.wrapAndCopyInto(AbstractPipeline.java:474)
	at java.base/java.util.stream.ReduceOps$ReduceOp.evaluateSequential(ReduceOps.java:913)
	at java.base/java.util.stream.AbstractPipeline.evaluate(AbstractPipeline.java:234)
	at java.base/java.util.stream.ReferencePipeline.collect(ReferencePipeline.java:578)
	at com.diffblue.cover.h.z.a(SourceFile:96)
	at com.diffblue.cover.h.z.a(SourceFile:83)
	at com.diffblue.fuzztest.d.s.c.a(SourceFile:99)
	at com.diffblue.fuzztest.d.f.a(SourceFile:34)
	at java.base/java.util.stream.ReferencePipeline$7$1.accept(ReferencePipeline.java:271)
	at java.base/java.util.ArrayList$ArrayListSpliterator.tryAdvance(ArrayList.java:1632)
	at java.base/java.util.stream.ReferencePipeline.forEachWithCancel(ReferencePipeline.java:127)
	at java.base/java.util.stream.AbstractPipeline.copyIntoWithCancel(AbstractPipeline.java:502)
	at java.base/java.util.stream.AbstractPipeline.copyInto(AbstractPipeline.java:488)
	at java.base/java.util.stream.AbstractPipeline.wrapAndCopyInto(AbstractPipeline.java:474)
	at java.base/java.util.stream.ReduceOps$ReduceOp.evaluateSequential(ReduceOps.java:913)
	at java.base/java.util.stream.AbstractPipeline.evaluate(AbstractPipeline.java:234)
	at java.base/java.util.stream.ReferencePipeline.collect(ReferencePipeline.java:578)
	at com.diffblue.cover.h.z.a(SourceFile:96)
	at com.diffblue.fuzztest.d.f.a(SourceFile:33)
	at com.diffblue.fuzztest.b.a.d.a(SourceFile:493)
	at com.diffblue.fuzztest.b.a.d.a(SourceFile:470)
	at com.diffblue.fuzztest.b.a.d.a(SourceFile:402)
	at com.diffblue.fuzztest.b.a.d.d(SourceFile:856)
	at com.diffblue.fuzztest.b.a.d.a(SourceFile:160)
	at com.diffblue.fuzztest.b.a.d.a(SourceFile:123)
	at com.diffblue.fuzztest.b.f.a(SourceFile:564)
	at com.diffblue.fuzztest.b.f.a(SourceFile:292)
	at com.diffblue.fuzztest.b.f.b(SourceFile:377)
	at com.diffblue.fuzztest.g.ae.a(SourceFile:100)
	at com.diffblue.fuzztest.g.af.a(SourceFile:162)
	at com.diffblue.fuzztest.g.ae.a(SourceFile:193)
	at com.diffblue.fuzztest.g.e.r(SourceFile:499)
	at com.diffblue.cover.sandbox.execution.WorkerThread.lambda$callWorkerThread$3(SourceFile:164)
	at com.diffblue.cover.sandbox.execution.WorkerThread.run(SourceFile:265)
Caused by: java.lang.ClassNotFoundException: akka.pattern.CircuitBreaker$Open
	at java.base/java.net.URLClassLoader.findClass(URLClassLoader.java:476)
	at java.base/java.lang.ClassLoader.loadClass(ClassLoader.java:594)
	at com.diffblue.cover.launcher.FilteringClassLoader.loadClassBasedOnPolicy(FilteringClassLoader.java:72)
	at com.diffblue.cover.launcher.FilteringClassLoader.loadClass(FilteringClassLoader.java:60)
	at com.diffblue.cover.i.e.loadClass(SourceFile:67)
	at java.base/java.lang.Class.forName0(Native Method)
	at java.base/java.lang.Class.forName(Class.java:398)
	at com.diffblue.cover.commons.reflect.q.a(SourceFile:525)
	at com.diffblue.tir.h.a.f.a(SourceFile:67)
	... 41 common frames omitted
12:55:30.206 [DEBUG]  [Creating]    [analyzer-service:TimedExecutor-118][com.diffblue.fuzztest.d.s.c] Could not construct class type 'akka.pattern.CircuitBreaker$Open$'
com.diffblue.cover.exception.BaseException: Unable to load class
	at com.diffblue.tir.h.a.f.a(SourceFile:70)
	at com.diffblue.tir.h.a.f.c(SourceFile:92)
	at com.diffblue.fuzztest.d.s.c.a(SourceFile:290)
	at com.diffblue.fuzztest.d.s.c.a(SourceFile:157)
	at com.diffblue.fuzztest.d.s.c.c(SourceFile:103)
	at java.base/java.util.stream.ReferencePipeline$7$1.accept(ReferencePipeline.java:271)
	at java.base/java.util.ArrayList$ArrayListSpliterator.forEachRemaining(ArrayList.java:1655)
	at java.base/java.util.stream.AbstractPipeline.copyInto(AbstractPipeline.java:484)
	at java.base/java.util.stream.AbstractPipeline.wrapAndCopyInto(AbstractPipeline.java:474)
	at java.base/java.util.stream.ReduceOps$ReduceOp.evaluateSequential(ReduceOps.java:913)
	at java.base/java.util.stream.AbstractPipeline.evaluate(AbstractPipeline.java:234)
	at java.base/java.util.stream.ReferencePipeline.collect(ReferencePipeline.java:578)
	at com.diffblue.cover.h.z.a(SourceFile:96)
	at com.diffblue.cover.h.z.a(SourceFile:83)
	at com.diffblue.fuzztest.d.s.c.a(SourceFile:99)
	at com.diffblue.fuzztest.d.f.a(SourceFile:34)
	at java.base/java.util.stream.ReferencePipeline$7$1.accept(ReferencePipeline.java:271)
	at java.base/java.util.ArrayList$ArrayListSpliterator.tryAdvance(ArrayList.java:1632)
	at java.base/java.util.stream.ReferencePipeline.forEachWithCancel(ReferencePipeline.java:127)
	at java.base/java.util.stream.AbstractPipeline.copyIntoWithCancel(AbstractPipeline.java:502)
	at java.base/java.util.stream.AbstractPipeline.copyInto(AbstractPipeline.java:488)
	at java.base/java.util.stream.AbstractPipeline.wrapAndCopyInto(AbstractPipeline.java:474)
	at java.base/java.util.stream.ReduceOps$ReduceOp.evaluateSequential(ReduceOps.java:913)
	at java.base/java.util.stream.AbstractPipeline.evaluate(AbstractPipeline.java:234)
	at java.base/java.util.stream.ReferencePipeline.collect(ReferencePipeline.java:578)
	at com.diffblue.cover.h.z.a(SourceFile:96)
	at com.diffblue.fuzztest.d.f.a(SourceFile:33)
	at com.diffblue.fuzztest.b.a.d.a(SourceFile:493)
	at com.diffblue.fuzztest.b.a.d.a(SourceFile:470)
	at com.diffblue.fuzztest.b.a.d.a(SourceFile:402)
	at com.diffblue.fuzztest.b.a.d.d(SourceFile:856)
	at com.diffblue.fuzztest.b.a.d.a(SourceFile:160)
	at com.diffblue.fuzztest.b.a.d.a(SourceFile:123)
	at com.diffblue.fuzztest.b.f.a(SourceFile:564)
	at com.diffblue.fuzztest.b.f.a(SourceFile:292)
	at com.diffblue.fuzztest.b.f.b(SourceFile:377)
	at com.diffblue.fuzztest.g.ae.a(SourceFile:100)
	at com.diffblue.fuzztest.g.af.a(SourceFile:162)
	at com.diffblue.fuzztest.g.ae.a(SourceFile:193)
	at com.diffblue.fuzztest.g.e.r(SourceFile:499)
	at com.diffblue.cover.sandbox.execution.WorkerThread.lambda$callWorkerThread$3(SourceFile:164)
	at com.diffblue.cover.sandbox.execution.WorkerThread.run(SourceFile:265)
Caused by: java.lang.ClassNotFoundException: akka.pattern.CircuitBreaker$Open
	at java.base/java.net.URLClassLoader.findClass(URLClassLoader.java:476)
	at java.base/java.lang.ClassLoader.loadClass(ClassLoader.java:594)
	at com.diffblue.cover.launcher.FilteringClassLoader.loadClassBasedOnPolicy(FilteringClassLoader.java:72)
	at com.diffblue.cover.launcher.FilteringClassLoader.loadClass(FilteringClassLoader.java:60)
	at com.diffblue.cover.i.e.loadClass(SourceFile:67)
	at java.base/java.lang.Class.forName0(Native Method)
	at java.base/java.lang.Class.forName(Class.java:398)
	at com.diffblue.cover.commons.reflect.q.a(SourceFile:525)
	at com.diffblue.tir.h.a.f.a(SourceFile:67)
	... 41 common frames omitted
12:55:30.207 [DEBUG]  [Creating]    [analyzer-service:TimedExecutor-118][com.diffblue.fuzztest.d.s.c] Could not construct class type 'akka.pattern.CircuitBreaker$Open$'
com.diffblue.cover.exception.BaseException: Unable to load class
	at com.diffblue.tir.h.a.f.a(SourceFile:70)
	at com.diffblue.tir.h.a.f.c(SourceFile:92)
	at com.diffblue.fuzztest.d.s.c.b(SourceFile:274)
	at com.diffblue.fuzztest.d.s.c.a(SourceFile:160)
	at com.diffblue.fuzztest.d.s.c.c(SourceFile:103)
	at java.base/java.util.stream.ReferencePipeline$7$1.accept(ReferencePipeline.java:271)
	at java.base/java.util.ArrayList$ArrayListSpliterator.forEachRemaining(ArrayList.java:1655)
	at java.base/java.util.stream.AbstractPipeline.copyInto(AbstractPipeline.java:484)
	at java.base/java.util.stream.AbstractPipeline.wrapAndCopyInto(AbstractPipeline.java:474)
	at java.base/java.util.stream.ReduceOps$ReduceOp.evaluateSequential(ReduceOps.java:913)
	at java.base/java.util.stream.AbstractPipeline.evaluate(AbstractPipeline.java:234)
	at java.base/java.util.stream.ReferencePipeline.collect(ReferencePipeline.java:578)
	at com.diffblue.cover.h.z.a(SourceFile:96)
	at com.diffblue.cover.h.z.a(SourceFile:83)
	at com.diffblue.fuzztest.d.s.c.a(SourceFile:99)
	at com.diffblue.fuzztest.d.f.a(SourceFile:34)
	at java.base/java.util.stream.ReferencePipeline$7$1.accept(ReferencePipeline.java:271)
	at java.base/java.util.ArrayList$ArrayListSpliterator.tryAdvance(ArrayList.java:1632)
	at java.base/java.util.stream.ReferencePipeline.forEachWithCancel(ReferencePipeline.java:127)
	at java.base/java.util.stream.AbstractPipeline.copyIntoWithCancel(AbstractPipeline.java:502)
	at java.base/java.util.stream.AbstractPipeline.copyInto(AbstractPipeline.java:488)
	at java.base/java.util.stream.AbstractPipeline.wrapAndCopyInto(AbstractPipeline.java:474)
	at java.base/java.util.stream.ReduceOps$ReduceOp.evaluateSequential(ReduceOps.java:913)
	at java.base/java.util.stream.AbstractPipeline.evaluate(AbstractPipeline.java:234)
	at java.base/java.util.stream.ReferencePipeline.collect(ReferencePipeline.java:578)
	at com.diffblue.cover.h.z.a(SourceFile:96)
	at com.diffblue.fuzztest.d.f.a(SourceFile:33)
	at com.diffblue.fuzztest.b.a.d.a(SourceFile:493)
	at com.diffblue.fuzztest.b.a.d.a(SourceFile:470)
	at com.diffblue.fuzztest.b.a.d.a(SourceFile:402)
	at com.diffblue.fuzztest.b.a.d.d(SourceFile:856)
	at com.diffblue.fuzztest.b.a.d.a(SourceFile:160)
	at com.diffblue.fuzztest.b.a.d.a(SourceFile:123)
	at com.diffblue.fuzztest.b.f.a(SourceFile:564)
	at com.diffblue.fuzztest.b.f.a(SourceFile:292)
	at com.diffblue.fuzztest.b.f.b(SourceFile:377)
	at com.diffblue.fuzztest.g.ae.a(SourceFile:100)
	at com.diffblue.fuzztest.g.af.a(SourceFile:162)
	at com.diffblue.fuzztest.g.ae.a(SourceFile:193)
	at com.diffblue.fuzztest.g.e.r(SourceFile:499)
	at com.diffblue.cover.sandbox.execution.WorkerThread.lambda$callWorkerThread$3(SourceFile:164)
	at com.diffblue.cover.sandbox.execution.WorkerThread.run(SourceFile:265)
Caused by: java.lang.ClassNotFoundException: akka.pattern.CircuitBreaker$Open
	at java.base/java.net.URLClassLoader.findClass(URLClassLoader.java:476)
	at java.base/java.lang.ClassLoader.loadClass(ClassLoader.java:594)
	at com.diffblue.cover.launcher.FilteringClassLoader.loadClassBasedOnPolicy(FilteringClassLoader.java:72)
	at com.diffblue.cover.launcher.FilteringClassLoader.loadClass(FilteringClassLoader.java:60)
	at com.diffblue.cover.i.e.loadClass(SourceFile:67)
	at java.base/java.lang.Class.forName0(Native Method)
	at java.base/java.lang.Class.forName(Class.java:398)
	at com.diffblue.cover.commons.reflect.q.a(SourceFile:525)
	at com.diffblue.tir.h.a.f.a(SourceFile:67)
	... 41 common frames omitted
12:55:30.214 [DEBUG]  [Creating]    [analyzer-service:TimedExecutor-118][com.diffblue.fuzztest.d.s.c] Could not construct class type 'akka.pattern.CircuitBreaker$Open$'
com.diffblue.cover.exception.BaseException: Unable to load class
	at com.diffblue.tir.h.a.f.a(SourceFile:70)
	at com.diffblue.tir.h.a.f.c(SourceFile:92)
	at com.diffblue.fuzztest.d.s.c.a(SourceFile:290)
	at com.diffblue.fuzztest.d.s.c.a(SourceFile:157)
	at com.diffblue.fuzztest.d.s.c.c(SourceFile:103)
	at java.base/java.util.stream.ReferencePipeline$7$1.accept(ReferencePipeline.java:271)
	at java.base/java.util.ArrayList$ArrayListSpliterator.forEachRemaining(ArrayList.java:1655)
	at java.base/java.util.stream.AbstractPipeline.copyInto(AbstractPipeline.java:484)
	at java.base/java.util.stream.AbstractPipeline.wrapAndCopyInto(AbstractPipeline.java:474)
	at java.base/java.util.stream.ReduceOps$ReduceOp.evaluateSequential(ReduceOps.java:913)
	at java.base/java.util.stream.AbstractPipeline.evaluate(AbstractPipeline.java:234)
	at java.base/java.util.stream.ReferencePipeline.collect(ReferencePipeline.java:578)
	at com.diffblue.cover.h.z.a(SourceFile:96)
	at com.diffblue.cover.h.z.a(SourceFile:83)
	at com.diffblue.fuzztest.d.s.c.a(SourceFile:99)
	at com.diffblue.fuzztest.d.f.a(SourceFile:34)
	at java.base/java.util.stream.ReferencePipeline$7$1.accept(ReferencePipeline.java:271)
	at java.base/java.util.ArrayList$ArrayListSpliterator.tryAdvance(ArrayList.java:1632)
	at java.base/java.util.stream.ReferencePipeline.forEachWithCancel(ReferencePipeline.java:127)
	at java.base/java.util.stream.AbstractPipeline.copyIntoWithCancel(AbstractPipeline.java:502)
	at java.base/java.util.stream.AbstractPipeline.copyInto(AbstractPipeline.java:488)
	at java.base/java.util.stream.AbstractPipeline.wrapAndCopyInto(AbstractPipeline.java:474)
	at java.base/java.util.stream.ReduceOps$ReduceOp.evaluateSequential(ReduceOps.java:913)
	at java.base/java.util.stream.AbstractPipeline.evaluate(AbstractPipeline.java:234)
	at java.base/java.util.stream.ReferencePipeline.collect(ReferencePipeline.java:578)
	at com.diffblue.cover.h.z.a(SourceFile:96)
	at com.diffblue.fuzztest.d.f.a(SourceFile:33)
	at com.diffblue.fuzztest.b.a.d.a(SourceFile:493)
	at com.diffblue.fuzztest.b.a.d.a(SourceFile:470)
	at com.diffblue.fuzztest.b.a.d.a(SourceFile:402)
	at com.diffblue.fuzztest.b.a.d.d(SourceFile:856)
	at com.diffblue.fuzztest.b.a.d.a(SourceFile:160)
	at com.diffblue.fuzztest.b.a.d.a(SourceFile:123)
	at com.diffblue.fuzztest.b.f.a(SourceFile:564)
	at com.diffblue.fuzztest.b.f.a(SourceFile:292)
	at com.diffblue.fuzztest.b.f.b(SourceFile:377)
	at com.diffblue.fuzztest.g.ae.a(SourceFile:100)
	at com.diffblue.fuzztest.g.af.a(SourceFile:162)
	at com.diffblue.fuzztest.g.ae.a(SourceFile:193)
	at com.diffblue.fuzztest.g.e.r(SourceFile:499)
	at com.diffblue.cover.sandbox.execution.WorkerThread.lambda$callWorkerThread$3(SourceFile:164)
	at com.diffblue.cover.sandbox.execution.WorkerThread.run(SourceFile:265)
Caused by: java.lang.ClassNotFoundException: akka.pattern.CircuitBreaker$Open
	at java.base/java.net.URLClassLoader.findClass(URLClassLoader.java:476)
	at java.base/java.lang.ClassLoader.loadClass(ClassLoader.java:594)
	at com.diffblue.cover.launcher.FilteringClassLoader.loadClassBasedOnPolicy(FilteringClassLoader.java:72)
	at com.diffblue.cover.launcher.FilteringClassLoader.loadClass(FilteringClassLoader.java:60)
	at com.diffblue.cover.i.e.loadClass(SourceFile:67)
	at java.base/java.lang.Class.forName0(Native Method)
	at java.base/java.lang.Class.forName(Class.java:398)
	at com.diffblue.cover.commons.reflect.q.a(SourceFile:525)
	at com.diffblue.tir.h.a.f.a(SourceFile:67)
	... 41 common frames omitted
12:55:30.215 [DEBUG]  [Creating]    [analyzer-service:TimedExecutor-118][com.diffblue.fuzztest.d.s.c] Could not construct class type 'akka.pattern.CircuitBreaker$Open$'
com.diffblue.cover.exception.BaseException: Unable to load class
	at com.diffblue.tir.h.a.f.a(SourceFile:70)
	at com.diffblue.tir.h.a.f.c(SourceFile:92)
	at com.diffblue.fuzztest.d.s.c.b(SourceFile:274)
	at com.diffblue.fuzztest.d.s.c.a(SourceFile:160)
	at com.diffblue.fuzztest.d.s.c.c(SourceFile:103)
	at java.base/java.util.stream.ReferencePipeline$7$1.accept(ReferencePipeline.java:271)
	at java.base/java.util.ArrayList$ArrayListSpliterator.forEachRemaining(ArrayList.java:1655)
	at java.base/java.util.stream.AbstractPipeline.copyInto(AbstractPipeline.java:484)
	at java.base/java.util.stream.AbstractPipeline.wrapAndCopyInto(AbstractPipeline.java:474)
	at java.base/java.util.stream.ReduceOps$ReduceOp.evaluateSequential(ReduceOps.java:913)
	at java.base/java.util.stream.AbstractPipeline.evaluate(AbstractPipeline.java:234)
	at java.base/java.util.stream.ReferencePipeline.collect(ReferencePipeline.java:578)
	at com.diffblue.cover.h.z.a(SourceFile:96)
	at com.diffblue.cover.h.z.a(SourceFile:83)
	at com.diffblue.fuzztest.d.s.c.a(SourceFile:99)
	at com.diffblue.fuzztest.d.f.a(SourceFile:34)
	at java.base/java.util.stream.ReferencePipeline$7$1.accept(ReferencePipeline.java:271)
	at java.base/java.util.ArrayList$ArrayListSpliterator.tryAdvance(ArrayList.java:1632)
	at java.base/java.util.stream.ReferencePipeline.forEachWithCancel(ReferencePipeline.java:127)
	at java.base/java.util.stream.AbstractPipeline.copyIntoWithCancel(AbstractPipeline.java:502)
	at java.base/java.util.stream.AbstractPipeline.copyInto(AbstractPipeline.java:488)
	at java.base/java.util.stream.AbstractPipeline.wrapAndCopyInto(AbstractPipeline.java:474)
	at java.base/java.util.stream.ReduceOps$ReduceOp.evaluateSequential(ReduceOps.java:913)
	at java.base/java.util.stream.AbstractPipeline.evaluate(AbstractPipeline.java:234)
	at java.base/java.util.stream.ReferencePipeline.collect(ReferencePipeline.java:578)
	at com.diffblue.cover.h.z.a(SourceFile:96)
	at com.diffblue.fuzztest.d.f.a(SourceFile:33)
	at com.diffblue.fuzztest.b.a.d.a(SourceFile:493)
	at com.diffblue.fuzztest.b.a.d.a(SourceFile:470)
	at com.diffblue.fuzztest.b.a.d.a(SourceFile:402)
	at com.diffblue.fuzztest.b.a.d.d(SourceFile:856)
	at com.diffblue.fuzztest.b.a.d.a(SourceFile:160)
	at com.diffblue.fuzztest.b.a.d.a(SourceFile:123)
	at com.diffblue.fuzztest.b.f.a(SourceFile:564)
	at com.diffblue.fuzztest.b.f.a(SourceFile:292)
	at com.diffblue.fuzztest.b.f.b(SourceFile:377)
	at com.diffblue.fuzztest.g.ae.a(SourceFile:100)
	at com.diffblue.fuzztest.g.af.a(SourceFile:162)
	at com.diffblue.fuzztest.g.ae.a(SourceFile:193)
	at com.diffblue.fuzztest.g.e.r(SourceFile:499)
	at com.diffblue.cover.sandbox.execution.WorkerThread.lambda$callWorkerThread$3(SourceFile:164)
	at com.diffblue.cover.sandbox.execution.WorkerThread.run(SourceFile:265)
Caused by: java.lang.ClassNotFoundException: akka.pattern.CircuitBreaker$Open
	at java.base/java.net.URLClassLoader.findClass(URLClassLoader.java:476)
	at java.base/java.lang.ClassLoader.loadClass(ClassLoader.java:594)
	at com.diffblue.cover.launcher.FilteringClassLoader.loadClassBasedOnPolicy(FilteringClassLoader.java:72)
	at com.diffblue.cover.launcher.FilteringClassLoader.loadClass(FilteringClassLoader.java:60)
	at com.diffblue.cover.i.e.loadClass(SourceFile:67)
	at java.base/java.lang.Class.forName0(Native Method)
	at java.base/java.lang.Class.forName(Class.java:398)
	at com.diffblue.cover.commons.reflect.q.a(SourceFile:525)
	at com.diffblue.tir.h.a.f.a(SourceFile:67)
	... 41 common frames omitted
12:55:30.223 [DEBUG]  [Creating]    [analyzer-service:TimedExecutor-118][com.diffblue.fuzztest.d.s.c] Could not construct class type 'akka.pattern.CircuitBreaker$Open$'
com.diffblue.cover.exception.BaseException: Unable to load class
	at com.diffblue.tir.h.a.f.a(SourceFile:70)
	at com.diffblue.tir.h.a.f.c(SourceFile:92)
	at com.diffblue.fuzztest.d.s.c.a(SourceFile:290)
	at com.diffblue.fuzztest.d.s.c.a(SourceFile:157)
	at com.diffblue.fuzztest.d.s.c.c(SourceFile:103)
	at java.base/java.util.stream.ReferencePipeline$7$1.accept(ReferencePipeline.java:271)
	at java.base/java.util.ArrayList$ArrayListSpliterator.forEachRemaining(ArrayList.java:1655)
	at java.base/java.util.stream.AbstractPipeline.copyInto(AbstractPipeline.java:484)
	at java.base/java.util.stream.AbstractPipeline.wrapAndCopyInto(AbstractPipeline.java:474)
	at java.base/java.util.stream.ReduceOps$ReduceOp.evaluateSequential(ReduceOps.java:913)
	at java.base/java.util.stream.AbstractPipeline.evaluate(AbstractPipeline.java:234)
	at java.base/java.util.stream.ReferencePipeline.collect(ReferencePipeline.java:578)
	at com.diffblue.cover.h.z.a(SourceFile:96)
	at com.diffblue.cover.h.z.a(SourceFile:83)
	at com.diffblue.fuzztest.d.s.c.a(SourceFile:99)
	at com.diffblue.fuzztest.d.f.a(SourceFile:34)
	at java.base/java.util.stream.ReferencePipeline$7$1.accept(ReferencePipeline.java:271)
	at java.base/java.util.ArrayList$ArrayListSpliterator.tryAdvance(ArrayList.java:1632)
	at java.base/java.util.stream.ReferencePipeline.forEachWithCancel(ReferencePipeline.java:127)
	at java.base/java.util.stream.AbstractPipeline.copyIntoWithCancel(AbstractPipeline.java:502)
	at java.base/java.util.stream.AbstractPipeline.copyInto(AbstractPipeline.java:488)
	at java.base/java.util.stream.AbstractPipeline.wrapAndCopyInto(AbstractPipeline.java:474)
	at java.base/java.util.stream.ReduceOps$ReduceOp.evaluateSequential(ReduceOps.java:913)
	at java.base/java.util.stream.AbstractPipeline.evaluate(AbstractPipeline.java:234)
	at java.base/java.util.stream.ReferencePipeline.collect(ReferencePipeline.java:578)
	at com.diffblue.cover.h.z.a(SourceFile:96)
	at com.diffblue.fuzztest.d.f.a(SourceFile:33)
	at com.diffblue.fuzztest.b.a.d.a(SourceFile:493)
	at com.diffblue.fuzztest.b.a.d.a(SourceFile:470)
	at com.diffblue.fuzztest.b.a.d.a(SourceFile:402)
	at com.diffblue.fuzztest.b.a.d.d(SourceFile:856)
	at com.diffblue.fuzztest.b.a.d.a(SourceFile:160)
	at com.diffblue.fuzztest.b.a.d.a(SourceFile:123)
	at com.diffblue.fuzztest.b.f.a(SourceFile:564)
	at com.diffblue.fuzztest.b.f.a(SourceFile:292)
	at com.diffblue.fuzztest.b.f.b(SourceFile:377)
	at com.diffblue.fuzztest.g.ae.a(SourceFile:100)
	at com.diffblue.fuzztest.g.af.a(SourceFile:162)
	at com.diffblue.fuzztest.g.ae.a(SourceFile:193)
	at com.diffblue.fuzztest.g.e.r(SourceFile:499)
	at com.diffblue.cover.sandbox.execution.WorkerThread.lambda$callWorkerThread$3(SourceFile:164)
	at com.diffblue.cover.sandbox.execution.WorkerThread.run(SourceFile:265)
Caused by: java.lang.ClassNotFoundException: akka.pattern.CircuitBreaker$Open
	at java.base/java.net.URLClassLoader.findClass(URLClassLoader.java:476)
	at java.base/java.lang.ClassLoader.loadClass(ClassLoader.java:594)
	at com.diffblue.cover.launcher.FilteringClassLoader.loadClassBasedOnPolicy(FilteringClassLoader.java:72)
	at com.diffblue.cover.launcher.FilteringClassLoader.loadClass(FilteringClassLoader.java:60)
	at com.diffblue.cover.i.e.loadClass(SourceFile:67)
	at java.base/java.lang.Class.forName0(Native Method)
	at java.base/java.lang.Class.forName(Class.java:398)
	at com.diffblue.cover.commons.reflect.q.a(SourceFile:525)
	at com.diffblue.tir.h.a.f.a(SourceFile:67)
	... 41 common frames omitted
12:55:30.224 [DEBUG]  [Creating]    [analyzer-service:TimedExecutor-118][com.diffblue.fuzztest.d.s.c] Could not construct class type 'akka.pattern.CircuitBreaker$Open$'
com.diffblue.cover.exception.BaseException: Unable to load class
	at com.diffblue.tir.h.a.f.a(SourceFile:70)
	at com.diffblue.tir.h.a.f.c(SourceFile:92)
	at com.diffblue.fuzztest.d.s.c.b(SourceFile:274)
	at com.diffblue.fuzztest.d.s.c.a(SourceFile:160)
	at com.diffblue.fuzztest.d.s.c.c(SourceFile:103)
	at java.base/java.util.stream.ReferencePipeline$7$1.accept(ReferencePipeline.java:271)
	at java.base/java.util.ArrayList$ArrayListSpliterator.forEachRemaining(ArrayList.java:1655)
	at java.base/java.util.stream.AbstractPipeline.copyInto(AbstractPipeline.java:484)
	at java.base/java.util.stream.AbstractPipeline.wrapAndCopyInto(AbstractPipeline.java:474)
	at java.base/java.util.stream.ReduceOps$ReduceOp.evaluateSequential(ReduceOps.java:913)
	at java.base/java.util.stream.AbstractPipeline.evaluate(AbstractPipeline.java:234)
	at java.base/java.util.stream.ReferencePipeline.collect(ReferencePipeline.java:578)
	at com.diffblue.cover.h.z.a(SourceFile:96)
	at com.diffblue.cover.h.z.a(SourceFile:83)
	at com.diffblue.fuzztest.d.s.c.a(SourceFile:99)
	at com.diffblue.fuzztest.d.f.a(SourceFile:34)
	at java.base/java.util.stream.ReferencePipeline$7$1.accept(ReferencePipeline.java:271)
	at java.base/java.util.ArrayList$ArrayListSpliterator.tryAdvance(ArrayList.java:1632)
	at java.base/java.util.stream.ReferencePipeline.forEachWithCancel(ReferencePipeline.java:127)
	at java.base/java.util.stream.AbstractPipeline.copyIntoWithCancel(AbstractPipeline.java:502)
	at java.base/java.util.stream.AbstractPipeline.copyInto(AbstractPipeline.java:488)
	at java.base/java.util.stream.AbstractPipeline.wrapAndCopyInto(AbstractPipeline.java:474)
	at java.base/java.util.stream.ReduceOps$ReduceOp.evaluateSequential(ReduceOps.java:913)
	at java.base/java.util.stream.AbstractPipeline.evaluate(AbstractPipeline.java:234)
	at java.base/java.util.stream.ReferencePipeline.collect(ReferencePipeline.java:578)
	at com.diffblue.cover.h.z.a(SourceFile:96)
	at com.diffblue.fuzztest.d.f.a(SourceFile:33)
	at com.diffblue.fuzztest.b.a.d.a(SourceFile:493)
	at com.diffblue.fuzztest.b.a.d.a(SourceFile:470)
	at com.diffblue.fuzztest.b.a.d.a(SourceFile:402)
	at com.diffblue.fuzztest.b.a.d.d(SourceFile:856)
	at com.diffblue.fuzztest.b.a.d.a(SourceFile:160)
	at com.diffblue.fuzztest.b.a.d.a(SourceFile:123)
	at com.diffblue.fuzztest.b.f.a(SourceFile:564)
	at com.diffblue.fuzztest.b.f.a(SourceFile:292)
	at com.diffblue.fuzztest.b.f.b(SourceFile:377)
	at com.diffblue.fuzztest.g.ae.a(SourceFile:100)
	at com.diffblue.fuzztest.g.af.a(SourceFile:162)
	at com.diffblue.fuzztest.g.ae.a(SourceFile:193)
	at com.diffblue.fuzztest.g.e.r(SourceFile:499)
	at com.diffblue.cover.sandbox.execution.WorkerThread.lambda$callWorkerThread$3(SourceFile:164)
	at com.diffblue.cover.sandbox.execution.WorkerThread.run(SourceFile:265)
Caused by: java.lang.ClassNotFoundException: akka.pattern.CircuitBreaker$Open
	at java.base/java.net.URLClassLoader.findClass(URLClassLoader.java:476)
	at java.base/java.lang.ClassLoader.loadClass(ClassLoader.java:594)
	at com.diffblue.cover.launcher.FilteringClassLoader.loadClassBasedOnPolicy(FilteringClassLoader.java:72)
	at com.diffblue.cover.launcher.FilteringClassLoader.loadClass(FilteringClassLoader.java:60)
	at com.diffblue.cover.i.e.loadClass(SourceFile:67)
	at java.base/java.lang.Class.forName0(Native Method)
	at java.base/java.lang.Class.forName(Class.java:398)
	at com.diffblue.cover.commons.reflect.q.a(SourceFile:525)
	at com.diffblue.tir.h.a.f.a(SourceFile:67)
	... 41 common frames omitted
12:55:30.232 [DEBUG]  [Creating]    [analyzer-service:TimedExecutor-118][com.diffblue.fuzztest.d.s.c] Could not construct class type 'akka.pattern.CircuitBreaker$Open$'
com.diffblue.cover.exception.BaseException: Unable to load class
	at com.diffblue.tir.h.a.f.a(SourceFile:70)
	at com.diffblue.tir.h.a.f.c(SourceFile:92)
	at com.diffblue.fuzztest.d.s.c.a(SourceFile:290)
	at com.diffblue.fuzztest.d.s.c.a(SourceFile:157)
	at com.diffblue.fuzztest.d.s.c.c(SourceFile:103)
	at java.base/java.util.stream.ReferencePipeline$7$1.accept(ReferencePipeline.java:271)
	at java.base/java.util.ArrayList$ArrayListSpliterator.forEachRemaining(ArrayList.java:1655)
	at java.base/java.util.stream.AbstractPipeline.copyInto(AbstractPipeline.java:484)
	at java.base/java.util.stream.AbstractPipeline.wrapAndCopyInto(AbstractPipeline.java:474)
	at java.base/java.util.stream.ReduceOps$ReduceOp.evaluateSequential(ReduceOps.java:913)
	at java.base/java.util.stream.AbstractPipeline.evaluate(AbstractPipeline.java:234)
	at java.base/java.util.stream.ReferencePipeline.collect(ReferencePipeline.java:578)
	at com.diffblue.cover.h.z.a(SourceFile:96)
	at com.diffblue.cover.h.z.a(SourceFile:83)
	at com.diffblue.fuzztest.d.s.c.a(SourceFile:99)
	at com.diffblue.fuzztest.d.f.a(SourceFile:34)
	at java.base/java.util.stream.ReferencePipeline$7$1.accept(ReferencePipeline.java:271)
	at java.base/java.util.ArrayList$ArrayListSpliterator.tryAdvance(ArrayList.java:1632)
	at java.base/java.util.stream.ReferencePipeline.forEachWithCancel(ReferencePipeline.java:127)
	at java.base/java.util.stream.AbstractPipeline.copyIntoWithCancel(AbstractPipeline.java:502)
	at java.base/java.util.stream.AbstractPipeline.copyInto(AbstractPipeline.java:488)
	at java.base/java.util.stream.AbstractPipeline.wrapAndCopyInto(AbstractPipeline.java:474)
	at java.base/java.util.stream.ReduceOps$ReduceOp.evaluateSequential(ReduceOps.java:913)
	at java.base/java.util.stream.AbstractPipeline.evaluate(AbstractPipeline.java:234)
	at java.base/java.util.stream.ReferencePipeline.collect(ReferencePipeline.java:578)
	at com.diffblue.cover.h.z.a(SourceFile:96)
	at com.diffblue.fuzztest.d.f.a(SourceFile:33)
	at com.diffblue.fuzztest.b.a.d.a(SourceFile:493)
	at com.diffblue.fuzztest.b.a.d.a(SourceFile:470)
	at com.diffblue.fuzztest.b.a.d.a(SourceFile:402)
	at com.diffblue.fuzztest.b.a.d.d(SourceFile:856)
	at com.diffblue.fuzztest.b.a.d.a(SourceFile:160)
	at com.diffblue.fuzztest.b.a.d.a(SourceFile:123)
	at com.diffblue.fuzztest.b.f.a(SourceFile:564)
	at com.diffblue.fuzztest.b.f.a(SourceFile:292)
	at com.diffblue.fuzztest.b.f.b(SourceFile:377)
	at com.diffblue.fuzztest.g.ae.a(SourceFile:100)
	at com.diffblue.fuzztest.g.af.a(SourceFile:162)
	at com.diffblue.fuzztest.g.ae.a(SourceFile:193)
	at com.diffblue.fuzztest.g.e.r(SourceFile:499)
	at com.diffblue.cover.sandbox.execution.WorkerThread.lambda$callWorkerThread$3(SourceFile:164)
	at com.diffblue.cover.sandbox.execution.WorkerThread.run(SourceFile:265)
Caused by: java.lang.ClassNotFoundException: akka.pattern.CircuitBreaker$Open
	at java.base/java.net.URLClassLoader.findClass(URLClassLoader.java:476)
	at java.base/java.lang.ClassLoader.loadClass(ClassLoader.java:594)
	at com.diffblue.cover.launcher.FilteringClassLoader.loadClassBasedOnPolicy(FilteringClassLoader.java:72)
	at com.diffblue.cover.launcher.FilteringClassLoader.loadClass(FilteringClassLoader.java:60)
	at com.diffblue.cover.i.e.loadClass(SourceFile:67)
	at java.base/java.lang.Class.forName0(Native Method)
	at java.base/java.lang.Class.forName(Class.java:398)
	at com.diffblue.cover.commons.reflect.q.a(SourceFile:525)
	at com.diffblue.tir.h.a.f.a(SourceFile:67)
	... 41 common frames omitted
12:55:30.232 [DEBUG]  [Creating]    [analyzer-service:TimedExecutor-118][com.diffblue.fuzztest.d.s.c] Could not construct class type 'akka.pattern.CircuitBreaker$Open$'
com.diffblue.cover.exception.BaseException: Unable to load class
	at com.diffblue.tir.h.a.f.a(SourceFile:70)
	at com.diffblue.tir.h.a.f.c(SourceFile:92)
	at com.diffblue.fuzztest.d.s.c.b(SourceFile:274)
	at com.diffblue.fuzztest.d.s.c.a(SourceFile:160)
	at com.diffblue.fuzztest.d.s.c.c(SourceFile:103)
	at java.base/java.util.stream.ReferencePipeline$7$1.accept(ReferencePipeline.java:271)
	at java.base/java.util.ArrayList$ArrayListSpliterator.forEachRemaining(ArrayList.java:1655)
	at java.base/java.util.stream.AbstractPipeline.copyInto(AbstractPipeline.java:484)
	at java.base/java.util.stream.AbstractPipeline.wrapAndCopyInto(AbstractPipeline.java:474)
	at java.base/java.util.stream.ReduceOps$ReduceOp.evaluateSequential(ReduceOps.java:913)
	at java.base/java.util.stream.AbstractPipeline.evaluate(AbstractPipeline.java:234)
	at java.base/java.util.stream.ReferencePipeline.collect(ReferencePipeline.java:578)
	at com.diffblue.cover.h.z.a(SourceFile:96)
	at com.diffblue.cover.h.z.a(SourceFile:83)
	at com.diffblue.fuzztest.d.s.c.a(SourceFile:99)
	at com.diffblue.fuzztest.d.f.a(SourceFile:34)
	at java.base/java.util.stream.ReferencePipeline$7$1.accept(ReferencePipeline.java:271)
	at java.base/java.util.ArrayList$ArrayListSpliterator.tryAdvance(ArrayList.java:1632)
	at java.base/java.util.stream.ReferencePipeline.forEachWithCancel(ReferencePipeline.java:127)
	at java.base/java.util.stream.AbstractPipeline.copyIntoWithCancel(AbstractPipeline.java:502)
	at java.base/java.util.stream.AbstractPipeline.copyInto(AbstractPipeline.java:488)
	at java.base/java.util.stream.AbstractPipeline.wrapAndCopyInto(AbstractPipeline.java:474)
	at java.base/java.util.stream.ReduceOps$ReduceOp.evaluateSequential(ReduceOps.java:913)
	at java.base/java.util.stream.AbstractPipeline.evaluate(AbstractPipeline.java:234)
	at java.base/java.util.stream.ReferencePipeline.collect(ReferencePipeline.java:578)
	at com.diffblue.cover.h.z.a(SourceFile:96)
	at com.diffblue.fuzztest.d.f.a(SourceFile:33)
	at com.diffblue.fuzztest.b.a.d.a(SourceFile:493)
	at com.diffblue.fuzztest.b.a.d.a(SourceFile:470)
	at com.diffblue.fuzztest.b.a.d.a(SourceFile:402)
	at com.diffblue.fuzztest.b.a.d.d(SourceFile:856)
	at com.diffblue.fuzztest.b.a.d.a(SourceFile:160)
	at com.diffblue.fuzztest.b.a.d.a(SourceFile:123)
	at com.diffblue.fuzztest.b.f.a(SourceFile:564)
	at com.diffblue.fuzztest.b.f.a(SourceFile:292)
	at com.diffblue.fuzztest.b.f.b(SourceFile:377)
	at com.diffblue.fuzztest.g.ae.a(SourceFile:100)
	at com.diffblue.fuzztest.g.af.a(SourceFile:162)
	at com.diffblue.fuzztest.g.ae.a(SourceFile:193)
	at com.diffblue.fuzztest.g.e.r(SourceFile:499)
	at com.diffblue.cover.sandbox.execution.WorkerThread.lambda$callWorkerThread$3(SourceFile:164)
	at com.diffblue.cover.sandbox.execution.WorkerThread.run(SourceFile:265)
Caused by: java.lang.ClassNotFoundException: akka.pattern.CircuitBreaker$Open
	at java.base/java.net.URLClassLoader.findClass(URLClassLoader.java:476)
	at java.base/java.lang.ClassLoader.loadClass(ClassLoader.java:594)
	at com.diffblue.cover.launcher.FilteringClassLoader.loadClassBasedOnPolicy(FilteringClassLoader.java:72)
	at com.diffblue.cover.launcher.FilteringClassLoader.loadClass(FilteringClassLoader.java:60)
	at com.diffblue.cover.i.e.loadClass(SourceFile:67)
	at java.base/java.lang.Class.forName0(Native Method)
	at java.base/java.lang.Class.forName(Class.java:398)
	at com.diffblue.cover.commons.reflect.q.a(SourceFile:525)
	at com.diffblue.tir.h.a.f.a(SourceFile:67)
	... 41 common frames omitted
12:55:31.316 [DEBUG]  [Creating]    [analyzer-service:TimedExecutor-118][com.diffblue.cover.service.analyzer.a.c] Watchdog reset
12:55:32.409 [DEBUG]  [Creating]    [analyzer-service:TimedExecutor-118][com.diffblue.cover.service.analyzer.a.c] Watchdog reset
12:55:33.517 [DEBUG]  [Creating]    [analyzer-service:TimedExecutor-118][com.diffblue.cover.service.analyzer.a.c] Watchdog reset
12:55:33.621 [DEBUG]  [Creating]    [analyzer-service:TimedExecutor-118][com.diffblue.fuzztest.b.f] Refinement loop done: 1 seeds, 3+0 new+accumulated tests, 3+0 tests+partial tests, 506/1000 its
12:55:33.762 [DEBUG]  [Creating]    [analyzer-service:TimedExecutor-118][com.diffblue.fuzztest.g.e] DI configuration 'com.diffblue.tir.p' generated tests: 3
12:55:33.762 [DEBUG]  [Creating]    [analyzer-service:TimedExecutor-118][com.diffblue.fuzztest.g.e] Enabling descriptive test naming
12:55:33.772 [DEBUG]  [Creating]    [analyzer-service:grpc-default-executor-2][com.diffblue.fuzztest.e.c] Justification for mocking SiM fallback 1/2: 
  * uk.gov.gchq.palisade.rule.Rule<java.io.Serializable>: SIMPLIFY_SETUP(Simplified setup: mocking can simplify the arrange section)
12:55:33.772 [DEBUG]  [Creating]    [analyzer-service:grpc-default-executor-2][com.diffblue.fuzztest.e.c] Created 3+0 tests and partial tests via 'SiM (!sp, fnm, df)' SiM fallback 1/2, returning all 3
12:55:33.816 [DEBUG]  [Creating]    [pool-3-thread-1]   [com.diffblue.cover.m.a.b] in processAnalysisResult for uk.gov.gchq.palisade.util.RulesUtil.applyRulesToStream:(Ljava/util/stream/Stream;Luk/gov/gchq/palisade/user/User;Luk/gov/gchq/palisade/Context;Luk/gov/gchq/palisade/rule/Rules;Ljava/util/concurrent/atomic/AtomicLong;Ljava/util/concurrent/atomic/AtomicLong;)Ljava/util/stream/Stream;
12:55:33.816 [DEBUG]  [Creating]    [pool-3-thread-1]   [com.diffblue.combiner.d.j] Using Javaparser to combine tests
12:55:33.881 [DEBUG]  [Creating]    [pool-6-thread-41]  [com.diffblue.cover.l.a.c] EdgeCoverageRuntime contains 15 edges
12:55:33.881 [DEBUG]  [Creating]    [pool-3-thread-1]   [com.diffblue.combiner.a.c] Adding changeSet to account as new: Optional[uk.gov.gchq.palisade.util.RulesUtil.applyRulesToStream:(Ljava/util/stream/Stream;Luk/gov/gchq/palisade/user/User;Luk/gov/gchq/palisade/Context;Luk/gov/gchq/palisade/rule/Rules;Ljava/util/concurrent/atomic/AtomicLong;Ljava/util/concurrent/atomic/AtomicLong;)Ljava/util/stream/Stream;]
12:55:33.928 [DEBUG]  [Creating]    [pool-3-thread-1]   [com.diffblue.combiner.d.j] Using Javaparser to combine tests
12:55:33.980 [DEBUG]  [Creating]    [pool-6-thread-42]  [com.diffblue.cover.l.a.c] EdgeCoverageRuntime contains 14 edges
12:55:33.980 [DEBUG]  [Creating]    [pool-3-thread-1]   [com.diffblue.combiner.a.c] Adding changeSet to account as new: Optional[uk.gov.gchq.palisade.util.RulesUtil.applyRulesToStream:(Ljava/util/stream/Stream;Luk/gov/gchq/palisade/user/User;Luk/gov/gchq/palisade/Context;Luk/gov/gchq/palisade/rule/Rules;Ljava/util/concurrent/atomic/AtomicLong;Ljava/util/concurrent/atomic/AtomicLong;)Ljava/util/stream/Stream;]
12:55:34.001 [DEBUG]  [Creating]    [pool-3-thread-1]   [com.diffblue.combiner.d.j] Using Javaparser to combine tests
12:55:34.071 [DEBUG]  [Creating]    [pool-6-thread-43]  [com.diffblue.cover.l.a.c] EdgeCoverageRuntime contains 17 edges
12:55:34.071 [DEBUG]  [Creating]    [pool-3-thread-1]   [com.diffblue.combiner.a.c] Adding changeSet to account as new: Optional[uk.gov.gchq.palisade.util.RulesUtil.applyRulesToStream:(Ljava/util/stream/Stream;Luk/gov/gchq/palisade/user/User;Luk/gov/gchq/palisade/Context;Luk/gov/gchq/palisade/rule/Rules;Ljava/util/concurrent/atomic/AtomicLong;Ljava/util/concurrent/atomic/AtomicLong;)Ljava/util/stream/Stream;]
12:55:34.100 [DEBUG]  [Creating]    [analyzer-service:grpc-default-executor-2][com.diffblue.cover.service.analyzer.a.c] Watchdog reset
12:55:34.101 [DEBUG]  [Creating]    [pool-3-thread-1]   [com.diffblue.cover.r.d] Finished with MethodGroup: applyRulesToStream, countOfTests: 3, countOfMethodsTested: 1 TestGenerationAccount: a[countOfRemoved=0, countOfUnchanged=0, countOfUpdated=0, countOfNew=43]
12:55:34.101 [INFO]   [Creating]    [pool-3-thread-1]   [com.diffblue.cover.ui.b.b]     [115/131] uk.gov.gchq.palisade.util.RulesUtil.applyRulesToStream
12:55:34.101 [INFO]   [Creating]    [pool-3-thread-1]   [com.diffblue.cover.ui.b.b]     [115/131]   Tests created: 3
12:55:34.102 [INFO]   [Creating]    [pool-3-thread-1]   [com.diffblue.cover.ui.b.b] [15/25] uk.gov.gchq.palisade.util.RulesUtil
12:55:34.102 [INFO]   [Creating]    [pool-3-thread-1]   [com.diffblue.cover.ui.b.b] [15/25]   Tests created: 3
12:55:34.102 [DEBUG]  [Creating]    [pool-3-thread-1]   [com.diffblue.cover.ui.b.b] [15/25]   (at least 9 lines uncovered in this class)
12:55:34.103 [INFO]   [Creating]    [pool-3-thread-1]   [com.diffblue.cover.m.a.b] 
================================================================================
= Starting analysis for class 'uk.gov.gchq.palisade.util.UriBuilder'
================================================================================
12:55:34.103 [INFO]   [Creating]    [pool-3-thread-1]   [com.diffblue.cover.m.a.b] Filtering out non-testable methods...
12:55:34.106 [DEBUG]  [Creating]    [pool-3-thread-1]   [com.diffblue.combiner.d.j] Using Javaparser to combine tests
12:55:34.107 [INFO]   [Creating]    [pool-3-thread-1]   [com.diffblue.cover.m.a.b] Filtering of methods complete. Creating analysis request
12:55:34.107 [INFO]   [Creating]    [pool-3-thread-1]   [com.diffblue.cover.service.c] Attempting to get service client, retry 1.
12:55:34.123 [DEBUG]  [Creating]    [analyzer-service:grpc-default-executor-2][com.diffblue.fuzztest.e.a] Class information:
12:55:34.123 [DEBUG]  [Creating]    [analyzer-service:grpc-default-executor-2][com.diffblue.fuzztest.e.a]   Fields: private java.util.Optional uk.gov.gchq.palisade.util.UriBuilder.baseUri
12:55:34.123 [DEBUG]  [Creating]    [analyzer-service:grpc-default-executor-2][com.diffblue.fuzztest.e.a]   Constructors: public uk.gov.gchq.palisade.util.UriBuilder()
12:55:34.123 [DEBUG]  [Creating]    [analyzer-service:grpc-default-executor-2][com.diffblue.fuzztest.e.a]   Methods: private uk.gov.gchq.palisade.util.UriBuilder$IScheme uk.gov.gchq.palisade.util.UriBuilder.build(), public static uk.gov.gchq.palisade.util.UriBuilder$IScheme uk.gov.gchq.palisade.util.UriBuilder.create(), public static uk.gov.gchq.palisade.util.UriBuilder$IScheme uk.gov.gchq.palisade.util.UriBuilder.create(java.net.URI), public java.util.Optional uk.gov.gchq.palisade.util.UriBuilder.getBaseUri(), private java.util.Optional uk.gov.gchq.palisade.util.UriBuilder.lambda$build$0(), private static boolean uk.gov.gchq.palisade.util.UriBuilder.lambda$build$1(java.lang.String), private uk.gov.gchq.palisade.util.UriBuilder$IQuery uk.gov.gchq.palisade.util.UriBuilder.lambda$build$10(java.lang.String,java.lang.String,java.lang.String), private uk.gov.gchq.palisade.util.UriBuilder$IPath uk.gov.gchq.palisade.util.UriBuilder.lambda$build$11(java.lang.String,java.lang.String), private uk.gov.gchq.palisade.util.UriBuilder$IAuthority uk.gov.gchq.palisade.util.UriBuilder.lambda$build$12(java.lang.String), private java.util.Optional uk.gov.gchq.palisade.util.UriBuilder.lambda$build$2(), private java.util.Optional uk.gov.gchq.palisade.util.UriBuilder.lambda$build$3(), private static boolean uk.gov.gchq.palisade.util.UriBuilder.lambda$build$4(java.lang.String), private java.util.Optional uk.gov.gchq.palisade.util.UriBuilder.lambda$build$5(), private static boolean uk.gov.gchq.palisade.util.UriBuilder.lambda$build$6(java.lang.String), private java.util.Optional uk.gov.gchq.palisade.util.UriBuilder.lambda$build$7(), private java.net.URI uk.gov.gchq.palisade.util.UriBuilder.lambda$build$8(java.lang.String,java.lang.String,java.lang.String,java.lang.String,java.lang.String), private uk.gov.gchq.palisade.util.UriBuilder$IFragment uk.gov.gchq.palisade.util.UriBuilder.lambda$build$9(java.lang.String,java.lang.String,java.lang.String,java.lang.String)
12:55:34.136 [DEBUG]  [Creating]    [analyzer-service:TimedExecutor-125][com.diffblue.fuzztest.g.e] 
================================================================================
= Creating tests for 'uk.gov.gchq.palisade.util.UriBuilder.getBaseUri:()Ljava/util/Optional;' using 'TrM (!sp, !fnm, df)'
================================================================================
12:55:34.136 [DEBUG]  [Creating]    [analyzer-service:TimedExecutor-125][com.diffblue.fuzztest.g.e] 
================================================================================
= Trying DI configuration EmptyDependencyInjectionTirConfiguration for uk.gov.gchq.palisade.util.UriBuilder.getBaseUri:()Ljava/util/Optional;
================================================================================
12:55:34.174 [DEBUG]  [Creating]    [analyzer-service:TimedExecutor-125][com.diffblue.fuzztest.g.e] DI configuration 'com.diffblue.tir.p' generated tests: 1
12:55:34.174 [DEBUG]  [Creating]    [analyzer-service:TimedExecutor-125][com.diffblue.fuzztest.g.e] Enabling descriptive test naming
12:55:34.175 [DEBUG]  [Creating]    [analyzer-service:grpc-default-executor-2][com.diffblue.fuzztest.e.c] Created 1+0 tests and partial tests via 'TrM (!sp, !fnm, df)' , returning all 1
12:55:34.194 [DEBUG]  [Creating]    [pool-3-thread-1]   [com.diffblue.cover.m.a.b] in processAnalysisResult for uk.gov.gchq.palisade.util.UriBuilder.getBaseUri:()Ljava/util/Optional;
12:55:34.194 [DEBUG]  [Creating]    [pool-3-thread-1]   [com.diffblue.combiner.d.j] Using Javaparser to combine tests
12:55:34.251 [DEBUG]  [Creating]    [pool-6-thread-44]  [com.diffblue.cover.l.a.c] EdgeCoverageRuntime contains 6 edges
12:55:34.251 [DEBUG]  [Creating]    [pool-3-thread-1]   [com.diffblue.combiner.a.c] Adding changeSet to account as new: Optional[uk.gov.gchq.palisade.util.UriBuilder.getBaseUri:()Ljava/util/Optional;]
12:55:34.260 [DEBUG]  [Creating]    [analyzer-service:TimedExecutor-126][com.diffblue.fuzztest.g.e] 
================================================================================
= Creating tests for 'uk.gov.gchq.palisade.util.UriBuilder.<init>:()V' using 'SiM (!sp, fnm, df)'
================================================================================
12:55:34.265 [DEBUG]  [Creating]    [analyzer-service:TimedExecutor-126][com.diffblue.fuzztest.g.ap] Parsed existing test class at /home/jbergqvist/diffblue/Palisade-common/src/test/java/uk/gov/gchq/palisade/util/UriBuilderDiffblueTest.java: found 0 annotations
12:55:34.266 [DEBUG]  [Creating]    [analyzer-service:TimedExecutor-126][com.diffblue.fuzztest.g.e] 
================================================================================
= Trying DI configuration MockitoDependencyInjection
 @Mock [java.util.Optional<java.net.URI>]
 @InjectMocks [uk.gov.gchq.palisade.util.UriBuilder]
 for uk.gov.gchq.palisade.util.UriBuilder.<init>:()V
================================================================================
12:55:34.435 [DEBUG]  [Creating]    [analyzer-service:TimedExecutor-126][com.diffblue.cover.service.analyzer.a.c] Watchdog reset
12:55:34.435 [DEBUG]  [Creating]    [analyzer-service:TimedExecutor-126][com.diffblue.fuzztest.b.f] Refinement loop done: 1 seeds, 1+0 new+accumulated tests, 1+0 tests+partial tests, 1/1000 its
12:55:34.483 [DEBUG]  [Creating]    [analyzer-service:TimedExecutor-126][com.diffblue.fuzztest.g.e] DI configuration 'com.diffblue.cover.f.d.h' generated tests: 1
12:55:34.483 [DEBUG]  [Creating]    [analyzer-service:TimedExecutor-126][com.diffblue.fuzztest.g.e] 
================================================================================
= Trying DI configuration EmptyDependencyInjectionTirConfiguration for uk.gov.gchq.palisade.util.UriBuilder.<init>:()V
================================================================================
12:55:34.505 [DEBUG]  [Creating]    [analyzer-service:TimedExecutor-126][com.diffblue.fuzztest.b.f] Refinement loop done: 1 seeds, 1+0 new+accumulated tests, 1+0 tests+partial tests, 1/1000 its
12:55:34.564 [DEBUG]  [Creating]    [analyzer-service:TimedExecutor-126][com.diffblue.fuzztest.g.e] Enabling descriptive test naming
12:55:34.568 [DEBUG]  [Creating]    [analyzer-service:grpc-default-executor-2][com.diffblue.fuzztest.e.c] Created 1+0 tests and partial tests via 'SiM (!sp, fnm, df)' SiM fallback 1/2, returning all 1
12:55:34.600 [DEBUG]  [Creating]    [pool-3-thread-1]   [com.diffblue.cover.m.a.b] in processAnalysisResult for uk.gov.gchq.palisade.util.UriBuilder.<init>:()V
12:55:34.600 [DEBUG]  [Creating]    [pool-3-thread-1]   [com.diffblue.cover.r.d] Finished with MethodGroup: getBaseUri, countOfTests: 1, countOfMethodsTested: 1 TestGenerationAccount: a[countOfRemoved=0, countOfUnchanged=0, countOfUpdated=0, countOfNew=44]
12:55:34.601 [INFO]   [Creating]    [pool-3-thread-1]   [com.diffblue.cover.ui.b.b]     [116/131] uk.gov.gchq.palisade.util.UriBuilder.getBaseUri
12:55:34.601 [INFO]   [Creating]    [pool-3-thread-1]   [com.diffblue.cover.ui.b.b]     [116/131]   Tests created: 1
12:55:34.601 [DEBUG]  [Creating]    [pool-3-thread-1]   [com.diffblue.combiner.d.j] Using Javaparser to combine tests
12:55:34.668 [DEBUG]  [Creating]    [pool-6-thread-45]  [com.diffblue.cover.l.a.c] EdgeCoverageRuntime contains 6 edges
12:55:34.668 [DEBUG]  [Creating]    [pool-3-thread-1]   [com.diffblue.combiner.a.c] Adding changeSet to account as new: Optional[uk.gov.gchq.palisade.util.UriBuilder.<init>:()V]
12:55:34.684 [DEBUG]  [Creating]    [analyzer-service:TimedExecutor-127][com.diffblue.fuzztest.g.e] 
================================================================================
= Creating tests for 'uk.gov.gchq.palisade.util.UriBuilder.create:()Luk/gov/gchq/palisade/util/UriBuilder$IScheme;' using 'SiM (!sp, fnm, df)'
================================================================================
12:55:34.697 [DEBUG]  [Creating]    [analyzer-service:TimedExecutor-127][com.diffblue.fuzztest.g.ap] Parsed existing test class at /home/jbergqvist/diffblue/Palisade-common/src/test/java/uk/gov/gchq/palisade/util/UriBuilderDiffblueTest.java: found 0 annotations
12:55:34.697 [DEBUG]  [Creating]    [analyzer-service:TimedExecutor-127][com.diffblue.fuzztest.g.e] 
================================================================================
= Trying DI configuration MockitoDependencyInjection
 @Mock [java.util.Optional<java.net.URI>]
 @InjectMocks [uk.gov.gchq.palisade.util.UriBuilder]
 for uk.gov.gchq.palisade.util.UriBuilder.create:()Luk/gov/gchq/palisade/util/UriBuilder$IScheme;
================================================================================
12:55:34.778 [DEBUG]  [Creating]    [analyzer-service:TimedExecutor-127][com.diffblue.fuzztest.b.f] Refinement loop done: 2 seeds, 1+0 new+accumulated tests, 1+0 tests+partial tests, 17/1000 its
12:55:34.881 [DEBUG]  [Creating]    [analyzer-service:TimedExecutor-127][com.diffblue.fuzztest.g.e] DI configuration 'com.diffblue.cover.f.d.h' generated no complete tests, trying another
12:55:34.881 [DEBUG]  [Creating]    [analyzer-service:TimedExecutor-127][com.diffblue.fuzztest.g.e] Incompleteness reason 'com.diffblue.cover.message.limitation.NoMeaningfulAssertionMessage' (cause: 'none')
12:55:34.881 [DEBUG]  [Creating]    [analyzer-service:TimedExecutor-127][com.diffblue.fuzztest.g.e] 
================================================================================
= Trying DI configuration EmptyDependencyInjectionTirConfiguration for uk.gov.gchq.palisade.util.UriBuilder.create:()Luk/gov/gchq/palisade/util/UriBuilder$IScheme;
================================================================================
12:55:34.911 [DEBUG]  [Creating]    [analyzer-service:TimedExecutor-127][com.diffblue.fuzztest.b.f] Refinement loop done: 2 seeds, 1+0 new+accumulated tests, 1+0 tests+partial tests, 17/1000 its
12:55:34.994 [DEBUG]  [Creating]    [analyzer-service:TimedExecutor-127][com.diffblue.fuzztest.g.e] DI configuration 'com.diffblue.tir.p' generated no complete tests, trying another
12:55:34.994 [DEBUG]  [Creating]    [analyzer-service:TimedExecutor-127][com.diffblue.fuzztest.g.e] Incompleteness reason 'com.diffblue.cover.message.limitation.NoMeaningfulAssertionMessage' (cause: 'none')
12:55:34.994 [DEBUG]  [Creating]    [analyzer-service:TimedExecutor-127][com.diffblue.fuzztest.g.e] Enabling descriptive test naming
12:55:34.996 [DEBUG]  [Creating]    [analyzer-service:TimedExecutor-128][com.diffblue.fuzztest.g.e] 
================================================================================
= Creating tests for 'uk.gov.gchq.palisade.util.UriBuilder.create:()Luk/gov/gchq/palisade/util/UriBuilder$IScheme;' using 'SiM (!sp, !fnm, df)'
================================================================================
12:55:35.001 [DEBUG]  [Creating]    [analyzer-service:TimedExecutor-128][com.diffblue.fuzztest.g.ap] Parsed existing test class at /home/jbergqvist/diffblue/Palisade-common/src/test/java/uk/gov/gchq/palisade/util/UriBuilderDiffblueTest.java: found 0 annotations
12:55:35.002 [DEBUG]  [Creating]    [analyzer-service:TimedExecutor-128][com.diffblue.fuzztest.g.e] 
================================================================================
= Trying DI configuration MockitoDependencyInjection
 @Mock [java.util.Optional<java.net.URI>]
 @InjectMocks [uk.gov.gchq.palisade.util.UriBuilder]
 for uk.gov.gchq.palisade.util.UriBuilder.create:()Luk/gov/gchq/palisade/util/UriBuilder$IScheme;
================================================================================
12:55:35.059 [DEBUG]  [Creating]    [analyzer-service:TimedExecutor-128][com.diffblue.fuzztest.b.f] Refinement loop done: 2 seeds, 1+0 new+accumulated tests, 1+0 tests+partial tests, 17/1000 its
12:55:35.141 [DEBUG]  [Creating]    [analyzer-service:TimedExecutor-128][com.diffblue.fuzztest.g.e] DI configuration 'com.diffblue.cover.f.d.h' generated no complete tests, trying another
12:55:35.141 [DEBUG]  [Creating]    [analyzer-service:TimedExecutor-128][com.diffblue.fuzztest.g.e] Incompleteness reason 'com.diffblue.cover.message.limitation.NoMeaningfulAssertionMessage' (cause: 'none')
12:55:35.141 [DEBUG]  [Creating]    [analyzer-service:TimedExecutor-128][com.diffblue.fuzztest.g.e] 
================================================================================
= Trying DI configuration EmptyDependencyInjectionTirConfiguration for uk.gov.gchq.palisade.util.UriBuilder.create:()Luk/gov/gchq/palisade/util/UriBuilder$IScheme;
================================================================================
12:55:35.173 [DEBUG]  [Creating]    [analyzer-service:TimedExecutor-128][com.diffblue.fuzztest.b.f] Refinement loop done: 2 seeds, 1+0 new+accumulated tests, 1+0 tests+partial tests, 17/1000 its
12:55:35.244 [DEBUG]  [Creating]    [analyzer-service:TimedExecutor-128][com.diffblue.fuzztest.g.e] DI configuration 'com.diffblue.tir.p' generated no complete tests, trying another
12:55:35.244 [DEBUG]  [Creating]    [analyzer-service:TimedExecutor-128][com.diffblue.fuzztest.g.e] Incompleteness reason 'com.diffblue.cover.message.limitation.NoMeaningfulAssertionMessage' (cause: 'none')
12:55:35.244 [DEBUG]  [Creating]    [analyzer-service:TimedExecutor-128][com.diffblue.fuzztest.g.e] Enabling descriptive test naming
12:55:35.245 [DEBUG]  [Creating]    [analyzer-service:grpc-default-executor-2][com.diffblue.fuzztest.g.o] All 2 subs either threw or created only partial tests; returning the 1 partial tests created by 'SiM (!sp, fnm, df)'
12:55:35.245 [DEBUG]  [Creating]    [analyzer-service:grpc-default-executor-2][com.diffblue.fuzztest.e.c] Created 1 partial tests via 'SiM (!sp, fnm, df)' , here is the last one:
12:55:35.262 [DEBUG]  [Creating]    [analyzer-service:grpc-default-executor-2][com.diffblue.combiner.d.j] Using Javaparser to combine tests
12:55:35.322 [DEBUG]  [Creating]    [analyzer-service:grpc-default-executor-2][com.diffblue.fuzztest.e.c] == begin partial test ==
12:55:35.322 [DEBUG]  [Creating]    [analyzer-service:grpc-default-executor-2][com.diffblue.fuzztest.e.c] Test:
package uk.gov.gchq.palisade.util;

import com.diffblue.cover.annotations.ManagedByDiffblue;
import com.diffblue.cover.annotations.MethodsUnderTest;
import java.net.URI;
import java.util.Optional;
import org.junit.jupiter.api.DisplayName;
import org.junit.jupiter.api.Tag;
import org.junit.jupiter.api.Test;
import org.junit.jupiter.api.extension.ExtendWith;
import org.mockito.InjectMocks;
import org.mockito.Mock;
import org.mockito.junit.jupiter.MockitoExtension;

@ExtendWith(MockitoExtension.class)
class UriBuilderDiffblueTest {
  @Mock private Optional<URI> optional;

  @InjectMocks private UriBuilder uriBuilder;

  /**
   * Test {@link UriBuilder#create()}.
   *
   * <p>Method under test: {@link UriBuilder#create()}
   */
  @Test
  @DisplayName("Test create()")
  @Tag("ContributionFromDiffblue")
  @ManagedByDiffblue
  @MethodsUnderTest({"UriBuilder.IScheme UriBuilder.create()"})
  void testCreate() {
    // TODO: Diffblue Cover was only able to create a partial test for this method:
    //   Diffblue AI was unable to find a test

    // Arrange, Act and Assert
    UriBuilder.create().withScheme("Scheme");
  }
}

12:55:35.322 [DEBUG]  [Creating]    [analyzer-service:grpc-default-executor-2][com.diffblue.fuzztest.e.c] == end partial test ==
12:55:35.326 [DEBUG]  [Creating]    [analyzer-service:grpc-default-executor-2][com.diffblue.cover.service.analyzer.a.c] Watchdog reset
12:55:35.330 [DEBUG]  [Creating]    [pool-3-thread-1]   [com.diffblue.cover.m.a.b] in processAnalysisResult for uk.gov.gchq.palisade.util.UriBuilder.create:()Luk/gov/gchq/palisade/util/UriBuilder$IScheme;
12:55:35.330 [DEBUG]  [Creating]    [pool-3-thread-1]   [com.diffblue.cover.r.d] Finished with MethodGroup: <init>, countOfTests: 1, countOfMethodsTested: 1 TestGenerationAccount: a[countOfRemoved=0, countOfUnchanged=0, countOfUpdated=0, countOfNew=45]
12:55:35.330 [INFO]   [Creating]    [pool-3-thread-1]   [com.diffblue.cover.ui.b.b]     [117/131] uk.gov.gchq.palisade.util.UriBuilder.<init>
12:55:35.330 [INFO]   [Creating]    [pool-3-thread-1]   [com.diffblue.cover.ui.b.b]     [117/131]   Tests created: 1
12:55:35.332 [DEBUG]  [Creating]    [analyzer-service:TimedExecutor-129][com.diffblue.fuzztest.g.e] 
================================================================================
= Creating tests for 'uk.gov.gchq.palisade.util.UriBuilder.create:(Ljava/net/URI;)Luk/gov/gchq/palisade/util/UriBuilder$IScheme;' using 'SiM (!sp, fnm, df)'
================================================================================
12:55:35.338 [DEBUG]  [Creating]    [analyzer-service:TimedExecutor-129][com.diffblue.fuzztest.g.ap] Parsed existing test class at /home/jbergqvist/diffblue/Palisade-common/src/test/java/uk/gov/gchq/palisade/util/UriBuilderDiffblueTest.java: found 0 annotations
12:55:35.338 [DEBUG]  [Creating]    [analyzer-service:TimedExecutor-129][com.diffblue.fuzztest.g.e] 
================================================================================
= Trying DI configuration MockitoDependencyInjection
 @Mock [java.util.Optional<java.net.URI>]
 @InjectMocks [uk.gov.gchq.palisade.util.UriBuilder]
 for uk.gov.gchq.palisade.util.UriBuilder.create:(Ljava/net/URI;)Luk/gov/gchq/palisade/util/UriBuilder$IScheme;
================================================================================
12:55:35.794 [DEBUG]  [Creating]    [analyzer-service:TimedExecutor-129][com.diffblue.fuzztest.b.f] Refinement loop done: 2 seeds, 1+0 new+accumulated tests, 1+0 tests+partial tests, 320/1000 its
12:55:35.873 [DEBUG]  [Creating]    [analyzer-service:TimedExecutor-129][com.diffblue.fuzztest.g.e] DI configuration 'com.diffblue.cover.f.d.h' generated no complete tests, trying another
12:55:35.873 [DEBUG]  [Creating]    [analyzer-service:TimedExecutor-129][com.diffblue.fuzztest.g.e] Incompleteness reason 'com.diffblue.cover.message.limitation.NoMeaningfulAssertionMessage' (cause: 'none')
12:55:35.873 [DEBUG]  [Creating]    [analyzer-service:TimedExecutor-129][com.diffblue.fuzztest.g.e] 
================================================================================
= Trying DI configuration EmptyDependencyInjectionTirConfiguration for uk.gov.gchq.palisade.util.UriBuilder.create:(Ljava/net/URI;)Luk/gov/gchq/palisade/util/UriBuilder$IScheme;
================================================================================
12:55:36.042 [DEBUG]  [Creating]    [analyzer-service:TimedExecutor-129][com.diffblue.fuzztest.b.f] Refinement loop done: 2 seeds, 1+0 new+accumulated tests, 1+0 tests+partial tests, 320/1000 its
12:55:36.103 [DEBUG]  [Creating]    [analyzer-service:TimedExecutor-129][com.diffblue.fuzztest.g.e] DI configuration 'com.diffblue.tir.p' generated no complete tests, trying another
12:55:36.103 [DEBUG]  [Creating]    [analyzer-service:TimedExecutor-129][com.diffblue.fuzztest.g.e] Incompleteness reason 'com.diffblue.cover.message.limitation.NoMeaningfulAssertionMessage' (cause: 'none')
12:55:36.103 [DEBUG]  [Creating]    [analyzer-service:TimedExecutor-129][com.diffblue.fuzztest.g.e] Enabling descriptive test naming
12:55:36.105 [DEBUG]  [Creating]    [analyzer-service:TimedExecutor-130][com.diffblue.fuzztest.g.e] 
================================================================================
= Creating tests for 'uk.gov.gchq.palisade.util.UriBuilder.create:(Ljava/net/URI;)Luk/gov/gchq/palisade/util/UriBuilder$IScheme;' using 'SiM (!sp, !fnm, df)'
================================================================================
12:55:36.110 [DEBUG]  [Creating]    [analyzer-service:TimedExecutor-130][com.diffblue.fuzztest.g.ap] Parsed existing test class at /home/jbergqvist/diffblue/Palisade-common/src/test/java/uk/gov/gchq/palisade/util/UriBuilderDiffblueTest.java: found 0 annotations
12:55:36.111 [DEBUG]  [Creating]    [analyzer-service:TimedExecutor-130][com.diffblue.fuzztest.g.e] 
================================================================================
= Trying DI configuration MockitoDependencyInjection
 @Mock [java.util.Optional<java.net.URI>]
 @InjectMocks [uk.gov.gchq.palisade.util.UriBuilder]
 for uk.gov.gchq.palisade.util.UriBuilder.create:(Ljava/net/URI;)Luk/gov/gchq/palisade/util/UriBuilder$IScheme;
================================================================================
12:55:36.409 [DEBUG]  [Creating]    [analyzer-service:TimedExecutor-130][com.diffblue.fuzztest.b.f] Refinement loop done: 2 seeds, 1+0 new+accumulated tests, 1+0 tests+partial tests, 320/1000 its
12:55:36.475 [DEBUG]  [Creating]    [analyzer-service:TimedExecutor-130][com.diffblue.fuzztest.g.e] DI configuration 'com.diffblue.cover.f.d.h' generated no complete tests, trying another
12:55:36.476 [DEBUG]  [Creating]    [analyzer-service:TimedExecutor-130][com.diffblue.fuzztest.g.e] Incompleteness reason 'com.diffblue.cover.message.limitation.NoMeaningfulAssertionMessage' (cause: 'none')
12:55:36.476 [DEBUG]  [Creating]    [analyzer-service:TimedExecutor-130][com.diffblue.fuzztest.g.e] 
================================================================================
= Trying DI configuration EmptyDependencyInjectionTirConfiguration for uk.gov.gchq.palisade.util.UriBuilder.create:(Ljava/net/URI;)Luk/gov/gchq/palisade/util/UriBuilder$IScheme;
================================================================================
12:55:36.632 [DEBUG]  [Creating]    [analyzer-service:TimedExecutor-130][com.diffblue.fuzztest.b.f] Refinement loop done: 2 seeds, 1+0 new+accumulated tests, 1+0 tests+partial tests, 320/1000 its
12:55:36.700 [DEBUG]  [Creating]    [analyzer-service:TimedExecutor-130][com.diffblue.fuzztest.g.e] DI configuration 'com.diffblue.tir.p' generated no complete tests, trying another
12:55:36.700 [DEBUG]  [Creating]    [analyzer-service:TimedExecutor-130][com.diffblue.fuzztest.g.e] Incompleteness reason 'com.diffblue.cover.message.limitation.NoMeaningfulAssertionMessage' (cause: 'none')
12:55:36.701 [DEBUG]  [Creating]    [analyzer-service:TimedExecutor-130][com.diffblue.fuzztest.g.e] Enabling descriptive test naming
12:55:36.702 [DEBUG]  [Creating]    [analyzer-service:grpc-default-executor-2][com.diffblue.fuzztest.g.o] All 2 subs either threw or created only partial tests; returning the 1 partial tests created by 'SiM (!sp, fnm, df)'
12:55:36.702 [DEBUG]  [Creating]    [analyzer-service:grpc-default-executor-2][com.diffblue.fuzztest.e.c] Created 1 partial tests via 'SiM (!sp, fnm, df)' , here is the last one:
12:55:36.711 [DEBUG]  [Creating]    [analyzer-service:grpc-default-executor-2][com.diffblue.combiner.d.j] Using Javaparser to combine tests
12:55:36.739 [DEBUG]  [Creating]    [analyzer-service:grpc-default-executor-2][com.diffblue.fuzztest.e.c] == begin partial test ==
12:55:36.739 [DEBUG]  [Creating]    [analyzer-service:grpc-default-executor-2][com.diffblue.fuzztest.e.c] Test:
package uk.gov.gchq.palisade.util;

import com.diffblue.cover.annotations.ManagedByDiffblue;
import com.diffblue.cover.annotations.MethodsUnderTest;
import java.net.URI;
import java.nio.file.Paths;
import java.util.Optional;
import org.junit.jupiter.api.DisplayName;
import org.junit.jupiter.api.Tag;
import org.junit.jupiter.api.Test;
import org.junit.jupiter.api.extension.ExtendWith;
import org.mockito.InjectMocks;
import org.mockito.Mock;
import org.mockito.junit.jupiter.MockitoExtension;

@ExtendWith(MockitoExtension.class)
class UriBuilderDiffblueTest {
  @Mock private Optional<URI> optional;

  @InjectMocks private UriBuilder uriBuilder;

  /**
   * Test {@link UriBuilder#create(URI)} with {@code URI}.
   *
   * <p>Method under test: {@link UriBuilder#create(URI)}
   */
  @Test
  @DisplayName("Test create(URI) with 'URI'")
  @Tag("ContributionFromDiffblue")
  @ManagedByDiffblue
  @MethodsUnderTest({"UriBuilder.IScheme UriBuilder.create(URI)"})
  void testCreateWithUri() {
    // TODO: Diffblue Cover was only able to create a partial test for this method:
    //   Diffblue AI was unable to find a test

    // Arrange, Act and Assert
    UriBuilder.create(Paths.get(System.getProperty("java.io.tmpdir"), "test.txt").toUri())
        .withScheme("Scheme");
  }
}

12:55:36.739 [DEBUG]  [Creating]    [analyzer-service:grpc-default-executor-2][com.diffblue.fuzztest.e.c] == end partial test ==
12:55:36.744 [DEBUG]  [Creating]    [pool-3-thread-1]   [com.diffblue.cover.m.a.b] in processAnalysisResult for uk.gov.gchq.palisade.util.UriBuilder.create:(Ljava/net/URI;)Luk/gov/gchq/palisade/util/UriBuilder$IScheme;
12:55:36.744 [DEBUG]  [Creating]    [pool-3-thread-1]   [com.diffblue.cover.r.d] Finished with MethodGroup: create, countOfTests: 0, countOfMethodsTested: 0 TestGenerationAccount: a[countOfRemoved=0, countOfUnchanged=0, countOfUpdated=0, countOfNew=45]
12:55:36.744 [INFO]   [Creating]    [pool-3-thread-1]   [com.diffblue.cover.ui.b.b]     [118/131] uk.gov.gchq.palisade.util.UriBuilder.create
12:55:36.744 [INFO]   [Creating]    [pool-3-thread-1]   [com.diffblue.cover.ui.b.b]     [118/131]   Diffblue AI was unable to find a test
12:55:36.745 [DEBUG]  [Creating]    [pool-3-thread-1]   [com.diffblue.cover.ui.b.b]     [118/131]   R004: No meaningful assertions found
12:55:36.745 [DEBUG]  [Creating]    [pool-3-thread-1]   [com.diffblue.cover.ui.b.b]     [118/131]   (at least 1 line uncovered in this method)
12:55:36.745 [DEBUG]  [Creating]    [pool-3-thread-1]   [com.diffblue.cover.ui.b.b]     [118/131]     Diffblue Cover was unable to create an assertion.
12:55:36.745 [DEBUG]  [Creating]    [pool-3-thread-1]   [com.diffblue.cover.ui.b.b]     [118/131]     Fields modified by create() might not
12:55:36.745 [DEBUG]  [Creating]    [pool-3-thread-1]   [com.diffblue.cover.ui.b.b]     [118/131]     have package-private, protected, or public getters.
12:55:36.746 [DEBUG]  [Creating]    [pool-3-thread-1]   [com.diffblue.cover.r.d] Finished with MethodGroup: create, countOfTests: 0, countOfMethodsTested: 0 TestGenerationAccount: a[countOfRemoved=0, countOfUnchanged=0, countOfUpdated=0, countOfNew=45]
12:55:36.747 [INFO]   [Creating]    [pool-3-thread-1]   [com.diffblue.cover.ui.b.b]     [119/131] uk.gov.gchq.palisade.util.UriBuilder.create
12:55:36.747 [INFO]   [Creating]    [pool-3-thread-1]   [com.diffblue.cover.ui.b.b]     [119/131]   Diffblue AI was unable to find a test
12:55:36.747 [DEBUG]  [Creating]    [pool-3-thread-1]   [com.diffblue.cover.ui.b.b]     [119/131]   R004: No meaningful assertions found
12:55:36.747 [DEBUG]  [Creating]    [pool-3-thread-1]   [com.diffblue.cover.ui.b.b]     [119/131]   (at least 3 lines uncovered in this method)
12:55:36.747 [DEBUG]  [Creating]    [pool-3-thread-1]   [com.diffblue.cover.ui.b.b]     [119/131]     Diffblue Cover was unable to create an assertion.
12:55:36.747 [DEBUG]  [Creating]    [pool-3-thread-1]   [com.diffblue.cover.ui.b.b]     [119/131]     Fields modified by create(URI) might not
12:55:36.747 [DEBUG]  [Creating]    [pool-3-thread-1]   [com.diffblue.cover.ui.b.b]     [119/131]     have package-private, protected, or public getters.
12:55:36.748 [INFO]   [Creating]    [pool-3-thread-1]   [com.diffblue.cover.ui.b.b] [16/25] uk.gov.gchq.palisade.util.UriBuilder
12:55:36.748 [INFO]   [Creating]    [pool-3-thread-1]   [com.diffblue.cover.ui.b.b] [16/25]   Tests created: 2
12:55:36.748 [DEBUG]  [Creating]    [pool-3-thread-1]   [com.diffblue.cover.ui.b.b] [16/25]   (at least 4 lines uncovered in this class)
12:55:36.749 [INFO]   [Creating]    [pool-3-thread-1]   [com.diffblue.cover.m.a.b] 
================================================================================
= Starting analysis for class 'uk.gov.gchq.palisade.util.UriBuilder$AuthorityBuilder'
================================================================================
12:55:36.749 [INFO]   [Creating]    [pool-3-thread-1]   [com.diffblue.cover.m.a.b] Filtering out non-testable methods...
12:55:36.751 [INFO]   [Creating]    [pool-3-thread-1]   [com.diffblue.cover.m.a.b] Filtering of methods complete. Creating analysis request
12:55:36.751 [INFO]   [Creating]    [pool-3-thread-1]   [com.diffblue.cover.service.c] Attempting to get service client, retry 1.
12:55:36.764 [DEBUG]  [Creating]    [analyzer-service:grpc-default-executor-2][com.diffblue.fuzztest.e.a] Class information:
12:55:36.764 [DEBUG]  [Creating]    [analyzer-service:grpc-default-executor-2][com.diffblue.fuzztest.e.a]   Fields: private java.util.Optional uk.gov.gchq.palisade.util.UriBuilder$AuthorityBuilder.baseUri
12:55:36.764 [DEBUG]  [Creating]    [analyzer-service:grpc-default-executor-2][com.diffblue.fuzztest.e.a]   Constructors: public uk.gov.gchq.palisade.util.UriBuilder$AuthorityBuilder()
12:55:36.764 [DEBUG]  [Creating]    [analyzer-service:grpc-default-executor-2][com.diffblue.fuzztest.e.a]   Methods: private uk.gov.gchq.palisade.util.UriBuilder$AuthorityBuilder$IUserInfo uk.gov.gchq.palisade.util.UriBuilder$AuthorityBuilder.build(), public static uk.gov.gchq.palisade.util.UriBuilder$AuthorityBuilder$IUserInfo uk.gov.gchq.palisade.util.UriBuilder$AuthorityBuilder.create(), public static uk.gov.gchq.palisade.util.UriBuilder$AuthorityBuilder$IUserInfo uk.gov.gchq.palisade.util.UriBuilder$AuthorityBuilder.create(java.net.URI), public java.util.Optional uk.gov.gchq.palisade.util.UriBuilder$AuthorityBuilder.getBaseUri(), private java.util.Optional uk.gov.gchq.palisade.util.UriBuilder$AuthorityBuilder.lambda$build$0(), private static java.lang.String uk.gov.gchq.palisade.util.UriBuilder$AuthorityBuilder.lambda$build$1(java.lang.String), private java.util.Optional uk.gov.gchq.palisade.util.UriBuilder$AuthorityBuilder.lambda$build$2(), private java.util.Optional uk.gov.gchq.palisade.util.UriBuilder$AuthorityBuilder.lambda$build$3(), private static java.lang.String uk.gov.gchq.palisade.util.UriBuilder$AuthorityBuilder.lambda$build$4(java.lang.Integer,java.lang.Integer), private java.lang.String uk.gov.gchq.palisade.util.UriBuilder$AuthorityBuilder.lambda$build$5(java.lang.String,java.lang.String,java.lang.Integer), private uk.gov.gchq.palisade.util.UriBuilder$AuthorityBuilder$IPort uk.gov.gchq.palisade.util.UriBuilder$AuthorityBuilder.lambda$build$6(java.lang.String,java.lang.String), private uk.gov.gchq.palisade.util.UriBuilder$AuthorityBuilder$IHost uk.gov.gchq.palisade.util.UriBuilder$AuthorityBuilder.lambda$build$7(java.lang.String)
12:55:36.773 [DEBUG]  [Creating]    [analyzer-service:TimedExecutor-137][com.diffblue.fuzztest.g.e] 
================================================================================
= Creating tests for 'uk.gov.gchq.palisade.util.UriBuilder$AuthorityBuilder.getBaseUri:()Ljava/util/Optional;' using 'TrM (!sp, !fnm, df)'
================================================================================
12:55:36.773 [DEBUG]  [Creating]    [analyzer-service:TimedExecutor-137][com.diffblue.fuzztest.g.e] 
================================================================================
= Trying DI configuration EmptyDependencyInjectionTirConfiguration for uk.gov.gchq.palisade.util.UriBuilder$AuthorityBuilder.getBaseUri:()Ljava/util/Optional;
================================================================================
12:55:36.816 [DEBUG]  [Creating]    [analyzer-service:TimedExecutor-137][com.diffblue.fuzztest.g.e] DI configuration 'com.diffblue.tir.p' generated tests: 1
12:55:36.816 [DEBUG]  [Creating]    [analyzer-service:TimedExecutor-137][com.diffblue.fuzztest.g.e] Enabling descriptive test naming
12:55:36.817 [DEBUG]  [Creating]    [analyzer-service:grpc-default-executor-2][com.diffblue.fuzztest.e.c] Created 1+0 tests and partial tests via 'TrM (!sp, !fnm, df)' , returning all 1
12:55:36.836 [DEBUG]  [Creating]    [pool-3-thread-1]   [com.diffblue.cover.m.a.b] in processAnalysisResult for uk.gov.gchq.palisade.util.UriBuilder$AuthorityBuilder.getBaseUri:()Ljava/util/Optional;
12:55:36.836 [DEBUG]  [Creating]    [pool-3-thread-1]   [com.diffblue.combiner.d.j] Using Javaparser to combine tests
12:55:36.883 [DEBUG]  [Creating]    [pool-6-thread-46]  [com.diffblue.cover.l.a.c] EdgeCoverageRuntime contains 6 edges
12:55:36.884 [DEBUG]  [Creating]    [pool-3-thread-1]   [com.diffblue.combiner.a.c] Adding changeSet to account as new: Optional[uk.gov.gchq.palisade.util.UriBuilder$AuthorityBuilder.getBaseUri:()Ljava/util/Optional;]
12:55:36.893 [DEBUG]  [Creating]    [analyzer-service:TimedExecutor-138][com.diffblue.fuzztest.g.e] 
================================================================================
= Creating tests for 'uk.gov.gchq.palisade.util.UriBuilder$AuthorityBuilder.<init>:()V' using 'SiM (!sp, fnm, df)'
================================================================================
12:55:36.900 [DEBUG]  [Creating]    [analyzer-service:TimedExecutor-138][com.diffblue.fuzztest.g.ap] Parsed existing test class at /home/jbergqvist/diffblue/Palisade-common/src/test/java/uk/gov/gchq/palisade/util/UriBuilderDiffblueTest.java: found 0 annotations
12:55:36.901 [DEBUG]  [Creating]    [analyzer-service:TimedExecutor-138][com.diffblue.fuzztest.g.e] 
================================================================================
= Trying DI configuration MockitoDependencyInjection
 @Mock [java.util.Optional<java.net.URI>]
 @InjectMocks [uk.gov.gchq.palisade.util.UriBuilder$AuthorityBuilder]
 for uk.gov.gchq.palisade.util.UriBuilder$AuthorityBuilder.<init>:()V
================================================================================
12:55:36.919 [DEBUG]  [Creating]    [analyzer-service:TimedExecutor-138][com.diffblue.fuzztest.b.f] Refinement loop done: 1 seeds, 1+0 new+accumulated tests, 1+0 tests+partial tests, 1/1000 its
12:55:36.954 [DEBUG]  [Creating]    [analyzer-service:TimedExecutor-138][com.diffblue.fuzztest.g.e] DI configuration 'com.diffblue.cover.f.d.h' generated tests: 1
12:55:36.954 [DEBUG]  [Creating]    [analyzer-service:TimedExecutor-138][com.diffblue.fuzztest.g.e] 
================================================================================
= Trying DI configuration EmptyDependencyInjectionTirConfiguration for uk.gov.gchq.palisade.util.UriBuilder$AuthorityBuilder.<init>:()V
================================================================================
12:55:36.972 [DEBUG]  [Creating]    [analyzer-service:TimedExecutor-138][com.diffblue.fuzztest.b.f] Refinement loop done: 1 seeds, 1+0 new+accumulated tests, 1+0 tests+partial tests, 1/1000 its
12:55:37.005 [DEBUG]  [Creating]    [analyzer-service:TimedExecutor-138][com.diffblue.fuzztest.g.e] Enabling descriptive test naming
12:55:37.007 [DEBUG]  [Creating]    [analyzer-service:grpc-default-executor-2][com.diffblue.fuzztest.e.c] Created 1+0 tests and partial tests via 'SiM (!sp, fnm, df)' SiM fallback 1/2, returning all 1
12:55:37.019 [DEBUG]  [Creating]    [pool-3-thread-1]   [com.diffblue.cover.m.a.b] in processAnalysisResult for uk.gov.gchq.palisade.util.UriBuilder$AuthorityBuilder.<init>:()V
12:55:37.019 [DEBUG]  [Creating]    [pool-3-thread-1]   [com.diffblue.cover.r.d] Finished with MethodGroup: getBaseUri, countOfTests: 1, countOfMethodsTested: 1 TestGenerationAccount: a[countOfRemoved=0, countOfUnchanged=0, countOfUpdated=0, countOfNew=46]
12:55:37.019 [INFO]   [Creating]    [pool-3-thread-1]   [com.diffblue.cover.ui.b.b]     [120/131] uk.gov.gchq.palisade.util.UriBuilder$AuthorityBuilder.getBaseUri
12:55:37.019 [INFO]   [Creating]    [pool-3-thread-1]   [com.diffblue.cover.ui.b.b]     [120/131]   Tests created: 1
12:55:37.019 [DEBUG]  [Creating]    [pool-3-thread-1]   [com.diffblue.combiner.d.j] Using Javaparser to combine tests
12:55:37.058 [DEBUG]  [Creating]    [pool-6-thread-47]  [com.diffblue.cover.l.a.c] EdgeCoverageRuntime contains 6 edges
12:55:37.058 [DEBUG]  [Creating]    [pool-3-thread-1]   [com.diffblue.combiner.a.c] Adding changeSet to account as new: Optional[uk.gov.gchq.palisade.util.UriBuilder$AuthorityBuilder.<init>:()V]
12:55:37.068 [DEBUG]  [Creating]    [analyzer-service:TimedExecutor-139][com.diffblue.fuzztest.g.e] 
================================================================================
= Creating tests for 'uk.gov.gchq.palisade.util.UriBuilder$AuthorityBuilder.create:()Luk/gov/gchq/palisade/util/UriBuilder$AuthorityBuilder$IUserInfo;' using 'SiM (!sp, fnm, df)'
================================================================================
12:55:37.074 [DEBUG]  [Creating]    [analyzer-service:TimedExecutor-139][com.diffblue.fuzztest.g.ap] Parsed existing test class at /home/jbergqvist/diffblue/Palisade-common/src/test/java/uk/gov/gchq/palisade/util/UriBuilderDiffblueTest.java: found 0 annotations
12:55:37.075 [DEBUG]  [Creating]    [analyzer-service:TimedExecutor-139][com.diffblue.fuzztest.g.e] 
================================================================================
= Trying DI configuration MockitoDependencyInjection
 @Mock [java.util.Optional<java.net.URI>]
 @InjectMocks [uk.gov.gchq.palisade.util.UriBuilder$AuthorityBuilder]
 for uk.gov.gchq.palisade.util.UriBuilder$AuthorityBuilder.create:()Luk/gov/gchq/palisade/util/UriBuilder$AuthorityBuilder$IUserInfo;
================================================================================
12:55:37.124 [DEBUG]  [Creating]    [analyzer-service:TimedExecutor-139][com.diffblue.fuzztest.b.f] Refinement loop done: 2 seeds, 1+0 new+accumulated tests, 1+0 tests+partial tests, 17/1000 its
12:55:37.187 [DEBUG]  [Creating]    [analyzer-service:TimedExecutor-139][com.diffblue.fuzztest.g.e] DI configuration 'com.diffblue.cover.f.d.h' generated no complete tests, trying another
12:55:37.188 [DEBUG]  [Creating]    [analyzer-service:TimedExecutor-139][com.diffblue.fuzztest.g.e] Incompleteness reason 'com.diffblue.cover.message.limitation.NoMeaningfulAssertionMessage' (cause: 'none')
12:55:37.188 [DEBUG]  [Creating]    [analyzer-service:TimedExecutor-139][com.diffblue.fuzztest.g.e] 
================================================================================
= Trying DI configuration EmptyDependencyInjectionTirConfiguration for uk.gov.gchq.palisade.util.UriBuilder$AuthorityBuilder.create:()Luk/gov/gchq/palisade/util/UriBuilder$AuthorityBuilder$IUserInfo;
================================================================================
12:55:37.208 [DEBUG]  [Creating]    [analyzer-service:TimedExecutor-139][com.diffblue.fuzztest.b.f] Refinement loop done: 2 seeds, 1+0 new+accumulated tests, 1+0 tests+partial tests, 17/1000 its
12:55:37.264 [DEBUG]  [Creating]    [analyzer-service:TimedExecutor-139][com.diffblue.fuzztest.g.e] DI configuration 'com.diffblue.tir.p' generated no complete tests, trying another
12:55:37.264 [DEBUG]  [Creating]    [analyzer-service:TimedExecutor-139][com.diffblue.fuzztest.g.e] Incompleteness reason 'com.diffblue.cover.message.limitation.NoMeaningfulAssertionMessage' (cause: 'none')
12:55:37.264 [DEBUG]  [Creating]    [analyzer-service:TimedExecutor-139][com.diffblue.fuzztest.g.e] Enabling descriptive test naming
12:55:37.265 [DEBUG]  [Creating]    [analyzer-service:TimedExecutor-140][com.diffblue.fuzztest.g.e] 
================================================================================
= Creating tests for 'uk.gov.gchq.palisade.util.UriBuilder$AuthorityBuilder.create:()Luk/gov/gchq/palisade/util/UriBuilder$AuthorityBuilder$IUserInfo;' using 'SiM (!sp, !fnm, df)'
================================================================================
12:55:37.270 [DEBUG]  [Creating]    [analyzer-service:TimedExecutor-140][com.diffblue.fuzztest.g.ap] Parsed existing test class at /home/jbergqvist/diffblue/Palisade-common/src/test/java/uk/gov/gchq/palisade/util/UriBuilderDiffblueTest.java: found 0 annotations
12:55:37.271 [DEBUG]  [Creating]    [analyzer-service:TimedExecutor-140][com.diffblue.fuzztest.g.e] 
================================================================================
= Trying DI configuration MockitoDependencyInjection
 @Mock [java.util.Optional<java.net.URI>]
 @InjectMocks [uk.gov.gchq.palisade.util.UriBuilder$AuthorityBuilder]
 for uk.gov.gchq.palisade.util.UriBuilder$AuthorityBuilder.create:()Luk/gov/gchq/palisade/util/UriBuilder$AuthorityBuilder$IUserInfo;
================================================================================
12:55:37.307 [DEBUG]  [Creating]    [analyzer-service:TimedExecutor-140][com.diffblue.fuzztest.b.f] Refinement loop done: 2 seeds, 1+0 new+accumulated tests, 1+0 tests+partial tests, 17/1000 its
12:55:37.363 [DEBUG]  [Creating]    [analyzer-service:TimedExecutor-140][com.diffblue.fuzztest.g.e] DI configuration 'com.diffblue.cover.f.d.h' generated no complete tests, trying another
12:55:37.363 [DEBUG]  [Creating]    [analyzer-service:TimedExecutor-140][com.diffblue.fuzztest.g.e] Incompleteness reason 'com.diffblue.cover.message.limitation.NoMeaningfulAssertionMessage' (cause: 'none')
12:55:37.363 [DEBUG]  [Creating]    [analyzer-service:TimedExecutor-140][com.diffblue.fuzztest.g.e] 
================================================================================
= Trying DI configuration EmptyDependencyInjectionTirConfiguration for uk.gov.gchq.palisade.util.UriBuilder$AuthorityBuilder.create:()Luk/gov/gchq/palisade/util/UriBuilder$AuthorityBuilder$IUserInfo;
================================================================================
12:55:37.385 [DEBUG]  [Creating]    [analyzer-service:TimedExecutor-140][com.diffblue.fuzztest.b.f] Refinement loop done: 2 seeds, 1+0 new+accumulated tests, 1+0 tests+partial tests, 17/1000 its
12:55:37.426 [DEBUG]  [Creating]    [analyzer-service:TimedExecutor-140][com.diffblue.fuzztest.g.e] DI configuration 'com.diffblue.tir.p' generated no complete tests, trying another
12:55:37.426 [DEBUG]  [Creating]    [analyzer-service:TimedExecutor-140][com.diffblue.fuzztest.g.e] Incompleteness reason 'com.diffblue.cover.message.limitation.NoMeaningfulAssertionMessage' (cause: 'none')
12:55:37.427 [DEBUG]  [Creating]    [analyzer-service:TimedExecutor-140][com.diffblue.fuzztest.g.e] Enabling descriptive test naming
12:55:37.427 [DEBUG]  [Creating]    [analyzer-service:grpc-default-executor-2][com.diffblue.fuzztest.g.o] All 2 subs either threw or created only partial tests; returning the 1 partial tests created by 'SiM (!sp, fnm, df)'
12:55:37.427 [DEBUG]  [Creating]    [analyzer-service:grpc-default-executor-2][com.diffblue.fuzztest.e.c] Created 1 partial tests via 'SiM (!sp, fnm, df)' , here is the last one:
12:55:37.434 [DEBUG]  [Creating]    [analyzer-service:grpc-default-executor-2][com.diffblue.combiner.d.j] Using Javaparser to combine tests
12:55:37.452 [DEBUG]  [Creating]    [analyzer-service:grpc-default-executor-2][com.diffblue.fuzztest.e.c] == begin partial test ==
12:55:37.452 [DEBUG]  [Creating]    [analyzer-service:grpc-default-executor-2][com.diffblue.fuzztest.e.c] Test:
package uk.gov.gchq.palisade.util;

import com.diffblue.cover.annotations.ManagedByDiffblue;
import com.diffblue.cover.annotations.MethodsUnderTest;
import java.net.URI;
import java.util.Optional;
import org.junit.jupiter.api.DisplayName;
import org.junit.jupiter.api.Tag;
import org.junit.jupiter.api.Test;
import org.junit.jupiter.api.extension.ExtendWith;
import org.mockito.InjectMocks;
import org.mockito.Mock;
import org.mockito.junit.jupiter.MockitoExtension;
import uk.gov.gchq.palisade.util.UriBuilder.AuthorityBuilder;

@ExtendWith(MockitoExtension.class)
class UriBuilderDiffblueTest {
  @InjectMocks private AuthorityBuilder authorityBuilder;

  @Mock private Optional<URI> optional;

  /**
   * Test AuthorityBuilder {@link AuthorityBuilder#create()}.
   *
   * <p>Method under test: {@link AuthorityBuilder#create()}
   */
  @Test
  @DisplayName("Test AuthorityBuilder create()")
  @Tag("ContributionFromDiffblue")
  @ManagedByDiffblue
  @MethodsUnderTest({"AuthorityBuilder.IUserInfo AuthorityBuilder.create()"})
  void testAuthorityBuilderCreate() {
    // TODO: Diffblue Cover was only able to create a partial test for this method:
    //   Diffblue AI was unable to find a test

    // Arrange, Act and Assert
    AuthorityBuilder.create().withUserInfo("User Info");
  }
}

12:55:37.452 [DEBUG]  [Creating]    [analyzer-service:grpc-default-executor-2][com.diffblue.fuzztest.e.c] == end partial test ==
12:55:37.456 [DEBUG]  [Creating]    [pool-3-thread-1]   [com.diffblue.cover.m.a.b] in processAnalysisResult for uk.gov.gchq.palisade.util.UriBuilder$AuthorityBuilder.create:()Luk/gov/gchq/palisade/util/UriBuilder$AuthorityBuilder$IUserInfo;
12:55:37.457 [DEBUG]  [Creating]    [pool-3-thread-1]   [com.diffblue.cover.r.d] Finished with MethodGroup: <init>, countOfTests: 1, countOfMethodsTested: 1 TestGenerationAccount: a[countOfRemoved=0, countOfUnchanged=0, countOfUpdated=0, countOfNew=47]
12:55:37.457 [INFO]   [Creating]    [pool-3-thread-1]   [com.diffblue.cover.ui.b.b]     [121/131] uk.gov.gchq.palisade.util.UriBuilder$AuthorityBuilder.<init>
12:55:37.457 [INFO]   [Creating]    [pool-3-thread-1]   [com.diffblue.cover.ui.b.b]     [121/131]   Tests created: 1
12:55:37.459 [DEBUG]  [Creating]    [analyzer-service:TimedExecutor-141][com.diffblue.fuzztest.g.e] 
================================================================================
= Creating tests for 'uk.gov.gchq.palisade.util.UriBuilder$AuthorityBuilder.create:(Ljava/net/URI;)Luk/gov/gchq/palisade/util/UriBuilder$AuthorityBuilder$IUserInfo;' using 'SiM (!sp, fnm, df)'
================================================================================
12:55:37.463 [DEBUG]  [Creating]    [analyzer-service:TimedExecutor-141][com.diffblue.fuzztest.g.ap] Parsed existing test class at /home/jbergqvist/diffblue/Palisade-common/src/test/java/uk/gov/gchq/palisade/util/UriBuilderDiffblueTest.java: found 0 annotations
12:55:37.463 [DEBUG]  [Creating]    [analyzer-service:TimedExecutor-141][com.diffblue.fuzztest.g.e] 
================================================================================
= Trying DI configuration MockitoDependencyInjection
 @Mock [java.util.Optional<java.net.URI>]
 @InjectMocks [uk.gov.gchq.palisade.util.UriBuilder$AuthorityBuilder]
 for uk.gov.gchq.palisade.util.UriBuilder$AuthorityBuilder.create:(Ljava/net/URI;)Luk/gov/gchq/palisade/util/UriBuilder$AuthorityBuilder$IUserInfo;
================================================================================
12:55:37.753 [DEBUG]  [Creating]    [analyzer-service:TimedExecutor-141][com.diffblue.fuzztest.b.f] Refinement loop done: 2 seeds, 1+0 new+accumulated tests, 1+0 tests+partial tests, 320/1000 its
12:55:37.822 [DEBUG]  [Creating]    [analyzer-service:TimedExecutor-141][com.diffblue.fuzztest.g.e] DI configuration 'com.diffblue.cover.f.d.h' generated no complete tests, trying another
12:55:37.822 [DEBUG]  [Creating]    [analyzer-service:TimedExecutor-141][com.diffblue.fuzztest.g.e] Incompleteness reason 'com.diffblue.cover.message.limitation.NoMeaningfulAssertionMessage' (cause: 'none')
12:55:37.822 [DEBUG]  [Creating]    [analyzer-service:TimedExecutor-141][com.diffblue.fuzztest.g.e] 
================================================================================
= Trying DI configuration EmptyDependencyInjectionTirConfiguration for uk.gov.gchq.palisade.util.UriBuilder$AuthorityBuilder.create:(Ljava/net/URI;)Luk/gov/gchq/palisade/util/UriBuilder$AuthorityBuilder$IUserInfo;
================================================================================
12:55:37.969 [DEBUG]  [Creating]    [analyzer-service:TimedExecutor-141][com.diffblue.fuzztest.b.f] Refinement loop done: 2 seeds, 1+0 new+accumulated tests, 1+0 tests+partial tests, 320/1000 its
12:55:38.020 [DEBUG]  [Creating]    [analyzer-service:TimedExecutor-141][com.diffblue.fuzztest.g.e] DI configuration 'com.diffblue.tir.p' generated no complete tests, trying another
12:55:38.020 [DEBUG]  [Creating]    [analyzer-service:TimedExecutor-141][com.diffblue.fuzztest.g.e] Incompleteness reason 'com.diffblue.cover.message.limitation.NoMeaningfulAssertionMessage' (cause: 'none')
12:55:38.020 [DEBUG]  [Creating]    [analyzer-service:TimedExecutor-141][com.diffblue.fuzztest.g.e] Enabling descriptive test naming
12:55:38.022 [DEBUG]  [Creating]    [analyzer-service:TimedExecutor-142][com.diffblue.fuzztest.g.e] 
================================================================================
= Creating tests for 'uk.gov.gchq.palisade.util.UriBuilder$AuthorityBuilder.create:(Ljava/net/URI;)Luk/gov/gchq/palisade/util/UriBuilder$AuthorityBuilder$IUserInfo;' using 'SiM (!sp, !fnm, df)'
================================================================================
12:55:38.026 [DEBUG]  [Creating]    [analyzer-service:TimedExecutor-142][com.diffblue.fuzztest.g.ap] Parsed existing test class at /home/jbergqvist/diffblue/Palisade-common/src/test/java/uk/gov/gchq/palisade/util/UriBuilderDiffblueTest.java: found 0 annotations
12:55:38.026 [DEBUG]  [Creating]    [analyzer-service:TimedExecutor-142][com.diffblue.fuzztest.g.e] 
================================================================================
= Trying DI configuration MockitoDependencyInjection
 @Mock [java.util.Optional<java.net.URI>]
 @InjectMocks [uk.gov.gchq.palisade.util.UriBuilder$AuthorityBuilder]
 for uk.gov.gchq.palisade.util.UriBuilder$AuthorityBuilder.create:(Ljava/net/URI;)Luk/gov/gchq/palisade/util/UriBuilder$AuthorityBuilder$IUserInfo;
================================================================================
12:55:38.294 [DEBUG]  [Creating]    [analyzer-service:TimedExecutor-142][com.diffblue.fuzztest.b.f] Refinement loop done: 2 seeds, 1+0 new+accumulated tests, 1+0 tests+partial tests, 320/1000 its
12:55:38.375 [DEBUG]  [Creating]    [analyzer-service:TimedExecutor-142][com.diffblue.fuzztest.g.e] DI configuration 'com.diffblue.cover.f.d.h' generated no complete tests, trying another
12:55:38.375 [DEBUG]  [Creating]    [analyzer-service:TimedExecutor-142][com.diffblue.fuzztest.g.e] Incompleteness reason 'com.diffblue.cover.message.limitation.NoMeaningfulAssertionMessage' (cause: 'none')
12:55:38.375 [DEBUG]  [Creating]    [analyzer-service:TimedExecutor-142][com.diffblue.fuzztest.g.e] 
================================================================================
= Trying DI configuration EmptyDependencyInjectionTirConfiguration for uk.gov.gchq.palisade.util.UriBuilder$AuthorityBuilder.create:(Ljava/net/URI;)Luk/gov/gchq/palisade/util/UriBuilder$AuthorityBuilder$IUserInfo;
================================================================================
12:55:38.522 [DEBUG]  [Creating]    [analyzer-service:TimedExecutor-142][com.diffblue.fuzztest.b.f] Refinement loop done: 2 seeds, 1+0 new+accumulated tests, 1+0 tests+partial tests, 320/1000 its
12:55:38.574 [DEBUG]  [Creating]    [analyzer-service:TimedExecutor-142][com.diffblue.fuzztest.g.e] DI configuration 'com.diffblue.tir.p' generated no complete tests, trying another
12:55:38.574 [DEBUG]  [Creating]    [analyzer-service:TimedExecutor-142][com.diffblue.fuzztest.g.e] Incompleteness reason 'com.diffblue.cover.message.limitation.NoMeaningfulAssertionMessage' (cause: 'none')
12:55:38.574 [DEBUG]  [Creating]    [analyzer-service:TimedExecutor-142][com.diffblue.fuzztest.g.e] Enabling descriptive test naming
12:55:38.575 [DEBUG]  [Creating]    [analyzer-service:grpc-default-executor-2][com.diffblue.fuzztest.g.o] All 2 subs either threw or created only partial tests; returning the 1 partial tests created by 'SiM (!sp, fnm, df)'
12:55:38.575 [DEBUG]  [Creating]    [analyzer-service:grpc-default-executor-2][com.diffblue.fuzztest.e.c] Created 1 partial tests via 'SiM (!sp, fnm, df)' , here is the last one:
12:55:38.584 [DEBUG]  [Creating]    [analyzer-service:grpc-default-executor-2][com.diffblue.combiner.d.j] Using Javaparser to combine tests
12:55:38.604 [DEBUG]  [Creating]    [analyzer-service:grpc-default-executor-2][com.diffblue.fuzztest.e.c] == begin partial test ==
12:55:38.604 [DEBUG]  [Creating]    [analyzer-service:grpc-default-executor-2][com.diffblue.fuzztest.e.c] Test:
package uk.gov.gchq.palisade.util;

import com.diffblue.cover.annotations.ManagedByDiffblue;
import com.diffblue.cover.annotations.MethodsUnderTest;
import java.net.URI;
import java.nio.file.Paths;
import java.util.Optional;
import org.junit.jupiter.api.DisplayName;
import org.junit.jupiter.api.Tag;
import org.junit.jupiter.api.Test;
import org.junit.jupiter.api.extension.ExtendWith;
import org.mockito.InjectMocks;
import org.mockito.Mock;
import org.mockito.junit.jupiter.MockitoExtension;
import uk.gov.gchq.palisade.util.UriBuilder.AuthorityBuilder;

@ExtendWith(MockitoExtension.class)
class UriBuilderDiffblueTest {
  @InjectMocks private AuthorityBuilder authorityBuilder;

  @Mock private Optional<URI> optional;

  /**
   * Test AuthorityBuilder {@link AuthorityBuilder#create(URI)} with {@code URI}.
   *
   * <p>Method under test: {@link AuthorityBuilder#create(URI)}
   */
  @Test
  @DisplayName("Test AuthorityBuilder create(URI) with 'URI'")
  @Tag("ContributionFromDiffblue")
  @ManagedByDiffblue
  @MethodsUnderTest({"AuthorityBuilder.IUserInfo AuthorityBuilder.create(URI)"})
  void testAuthorityBuilderCreateWithUri() {
    // TODO: Diffblue Cover was only able to create a partial test for this method:
    //   Diffblue AI was unable to find a test

    // Arrange, Act and Assert
    AuthorityBuilder.create(Paths.get(System.getProperty("java.io.tmpdir"), "test.txt").toUri())
        .withUserInfo("User Info");
  }
}

12:55:38.604 [DEBUG]  [Creating]    [analyzer-service:grpc-default-executor-2][com.diffblue.fuzztest.e.c] == end partial test ==
12:55:38.608 [DEBUG]  [Creating]    [pool-3-thread-1]   [com.diffblue.cover.m.a.b] in processAnalysisResult for uk.gov.gchq.palisade.util.UriBuilder$AuthorityBuilder.create:(Ljava/net/URI;)Luk/gov/gchq/palisade/util/UriBuilder$AuthorityBuilder$IUserInfo;
12:55:38.608 [DEBUG]  [Creating]    [pool-3-thread-1]   [com.diffblue.cover.r.d] Finished with MethodGroup: create, countOfTests: 0, countOfMethodsTested: 0 TestGenerationAccount: a[countOfRemoved=0, countOfUnchanged=0, countOfUpdated=0, countOfNew=47]
12:55:38.609 [INFO]   [Creating]    [pool-3-thread-1]   [com.diffblue.cover.ui.b.b]     [122/131] uk.gov.gchq.palisade.util.UriBuilder$AuthorityBuilder.create
12:55:38.609 [INFO]   [Creating]    [pool-3-thread-1]   [com.diffblue.cover.ui.b.b]     [122/131]   Diffblue AI was unable to find a test
12:55:38.609 [DEBUG]  [Creating]    [pool-3-thread-1]   [com.diffblue.cover.ui.b.b]     [122/131]   R004: No meaningful assertions found
12:55:38.609 [DEBUG]  [Creating]    [pool-3-thread-1]   [com.diffblue.cover.ui.b.b]     [122/131]   (at least 1 line uncovered in this method)
12:55:38.609 [DEBUG]  [Creating]    [pool-3-thread-1]   [com.diffblue.cover.ui.b.b]     [122/131]     Diffblue Cover was unable to create an assertion.
12:55:38.609 [DEBUG]  [Creating]    [pool-3-thread-1]   [com.diffblue.cover.ui.b.b]     [122/131]     Fields modified by create() might not
12:55:38.609 [DEBUG]  [Creating]    [pool-3-thread-1]   [com.diffblue.cover.ui.b.b]     [122/131]     have package-private, protected, or public getters.
12:55:38.611 [DEBUG]  [Creating]    [pool-3-thread-1]   [com.diffblue.cover.r.d] Finished with MethodGroup: create, countOfTests: 0, countOfMethodsTested: 0 TestGenerationAccount: a[countOfRemoved=0, countOfUnchanged=0, countOfUpdated=0, countOfNew=47]
12:55:38.611 [INFO]   [Creating]    [pool-3-thread-1]   [com.diffblue.cover.ui.b.b]     [123/131] uk.gov.gchq.palisade.util.UriBuilder$AuthorityBuilder.create
12:55:38.611 [INFO]   [Creating]    [pool-3-thread-1]   [com.diffblue.cover.ui.b.b]     [123/131]   Diffblue AI was unable to find a test
12:55:38.611 [DEBUG]  [Creating]    [pool-3-thread-1]   [com.diffblue.cover.ui.b.b]     [123/131]   R004: No meaningful assertions found
12:55:38.611 [DEBUG]  [Creating]    [pool-3-thread-1]   [com.diffblue.cover.ui.b.b]     [123/131]   (at least 3 lines uncovered in this method)
12:55:38.611 [DEBUG]  [Creating]    [pool-3-thread-1]   [com.diffblue.cover.ui.b.b]     [123/131]     Diffblue Cover was unable to create an assertion.
12:55:38.611 [DEBUG]  [Creating]    [pool-3-thread-1]   [com.diffblue.cover.ui.b.b]     [123/131]     Fields modified by create(URI) might not
12:55:38.611 [DEBUG]  [Creating]    [pool-3-thread-1]   [com.diffblue.cover.ui.b.b]     [123/131]     have package-private, protected, or public getters.
12:55:38.612 [INFO]   [Creating]    [pool-3-thread-1]   [com.diffblue.cover.ui.b.b] [17/25] uk.gov.gchq.palisade.util.UriBuilder$AuthorityBuilder
12:55:38.612 [INFO]   [Creating]    [pool-3-thread-1]   [com.diffblue.cover.ui.b.b] [17/25]   Tests created: 2
12:55:38.612 [DEBUG]  [Creating]    [pool-3-thread-1]   [com.diffblue.cover.ui.b.b] [17/25]   (at least 4 lines uncovered in this class)
12:55:38.613 [INFO]   [Creating]    [pool-3-thread-1]   [com.diffblue.cover.m.a.b] 
================================================================================
= Starting analysis for class 'uk.gov.gchq.palisade.util.UriBuilder$AuthorityBuilder$IHost'
================================================================================
12:55:38.613 [INFO]   [Creating]    [pool-3-thread-1]   [com.diffblue.cover.m.a.b] Filtering out non-testable methods...
12:55:38.615 [INFO]   [Creating]    [pool-3-thread-1]   [com.diffblue.cover.ui.b.b]     [124/131] uk.gov.gchq.palisade.util.UriBuilder$AuthorityBuilder$IHost.withoutHost
12:55:38.615 [INFO]   [Creating]    [pool-3-thread-1]   [com.diffblue.cover.ui.b.b]     [124/131]   T009: No implementation for abstract class
12:55:38.615 [DEBUG]  [Creating]    [pool-3-thread-1]   [com.diffblue.cover.ui.b.b]     [124/131]   (at least 1 line uncovered in this method)
12:55:38.615 [INFO]   [Creating]    [pool-3-thread-1]   [com.diffblue.cover.ui.b.b]     [124/131]     The method is a non-abstract instance method in an abstract class or
12:55:38.615 [INFO]   [Creating]    [pool-3-thread-1]   [com.diffblue.cover.ui.b.b]     [124/131]     a default method in an interface. Diffblue Cover would test such methods
12:55:38.615 [INFO]   [Creating]    [pool-3-thread-1]   [com.diffblue.cover.ui.b.b]     [124/131]     by using an implementation of that abstract class or interface. However,
12:55:38.615 [INFO]   [Creating]    [pool-3-thread-1]   [com.diffblue.cover.ui.b.b]     [124/131]     no such implementation has been found.
12:55:38.615 [INFO]   [Creating]    [pool-3-thread-1]   [com.diffblue.cover.ui.b.b]     [124/131]     Please provide an implementation for the abstract class or interface.
12:55:38.615 [INFO]   [Creating]    [pool-3-thread-1]   [com.diffblue.cover.ui.b.b]     [124/131]     See https://diff.blue/T009 to resolve this issue.
12:55:38.616 [INFO]   [Creating]    [pool-3-thread-1]   [com.diffblue.cover.ui.b.b] [18/25] uk.gov.gchq.palisade.util.UriBuilder$AuthorityBuilder$IHost
12:55:38.616 [INFO]   [Creating]    [pool-3-thread-1]   [com.diffblue.cover.ui.b.b] [18/25]   Tests created: 0
12:55:38.616 [DEBUG]  [Creating]    [pool-3-thread-1]   [com.diffblue.cover.ui.b.b] [18/25]   (at least 1 line uncovered in this class)
12:55:38.616 [INFO]   [Creating]    [pool-3-thread-1]   [com.diffblue.cover.m.a.b] No testable methods
12:55:38.616 [INFO]   [Creating]    [pool-3-thread-1]   [com.diffblue.cover.m.a.b] 
================================================================================
= Starting analysis for class 'uk.gov.gchq.palisade.util.UriBuilder$AuthorityBuilder$IPort'
================================================================================
12:55:38.616 [INFO]   [Creating]    [pool-3-thread-1]   [com.diffblue.cover.m.a.b] Filtering out non-testable methods...
12:55:38.618 [INFO]   [Creating]    [pool-3-thread-1]   [com.diffblue.cover.ui.b.b]     [125/131] uk.gov.gchq.palisade.util.UriBuilder$AuthorityBuilder$IPort.withoutPort
12:55:38.618 [INFO]   [Creating]    [pool-3-thread-1]   [com.diffblue.cover.ui.b.b]     [125/131]   T009: No implementation for abstract class
12:55:38.618 [DEBUG]  [Creating]    [pool-3-thread-1]   [com.diffblue.cover.ui.b.b]     [125/131]   (at least 1 line uncovered in this method)
12:55:38.618 [INFO]   [Creating]    [pool-3-thread-1]   [com.diffblue.cover.ui.b.b]     [125/131]     The method is a non-abstract instance method in an abstract class or
12:55:38.618 [INFO]   [Creating]    [pool-3-thread-1]   [com.diffblue.cover.ui.b.b]     [125/131]     a default method in an interface. Diffblue Cover would test such methods
12:55:38.618 [INFO]   [Creating]    [pool-3-thread-1]   [com.diffblue.cover.ui.b.b]     [125/131]     by using an implementation of that abstract class or interface. However,
12:55:38.618 [INFO]   [Creating]    [pool-3-thread-1]   [com.diffblue.cover.ui.b.b]     [125/131]     no such implementation has been found.
12:55:38.618 [INFO]   [Creating]    [pool-3-thread-1]   [com.diffblue.cover.ui.b.b]     [125/131]     Please provide an implementation for the abstract class or interface.
12:55:38.618 [INFO]   [Creating]    [pool-3-thread-1]   [com.diffblue.cover.ui.b.b]     [125/131]     See https://diff.blue/T009 to resolve this issue.
12:55:38.618 [INFO]   [Creating]    [pool-3-thread-1]   [com.diffblue.cover.ui.b.b] [19/25] uk.gov.gchq.palisade.util.UriBuilder$AuthorityBuilder$IPort
12:55:38.618 [INFO]   [Creating]    [pool-3-thread-1]   [com.diffblue.cover.ui.b.b] [19/25]   Tests created: 0
12:55:38.618 [DEBUG]  [Creating]    [pool-3-thread-1]   [com.diffblue.cover.ui.b.b] [19/25]   (at least 1 line uncovered in this class)
12:55:38.618 [INFO]   [Creating]    [pool-3-thread-1]   [com.diffblue.cover.m.a.b] No testable methods
12:55:38.618 [INFO]   [Creating]    [pool-3-thread-1]   [com.diffblue.cover.m.a.b] 
================================================================================
= Starting analysis for class 'uk.gov.gchq.palisade.util.UriBuilder$AuthorityBuilder$IUserInfo'
================================================================================
12:55:38.618 [INFO]   [Creating]    [pool-3-thread-1]   [com.diffblue.cover.m.a.b] Filtering out non-testable methods...
12:55:38.621 [INFO]   [Creating]    [pool-3-thread-1]   [com.diffblue.cover.ui.b.b]     [126/131] uk.gov.gchq.palisade.util.UriBuilder$AuthorityBuilder$IUserInfo.withoutUserInfo
12:55:38.621 [INFO]   [Creating]    [pool-3-thread-1]   [com.diffblue.cover.ui.b.b]     [126/131]   T009: No implementation for abstract class
12:55:38.621 [DEBUG]  [Creating]    [pool-3-thread-1]   [com.diffblue.cover.ui.b.b]     [126/131]   (at least 1 line uncovered in this method)
12:55:38.621 [INFO]   [Creating]    [pool-3-thread-1]   [com.diffblue.cover.ui.b.b]     [126/131]     The method is a non-abstract instance method in an abstract class or
12:55:38.621 [INFO]   [Creating]    [pool-3-thread-1]   [com.diffblue.cover.ui.b.b]     [126/131]     a default method in an interface. Diffblue Cover would test such methods
12:55:38.621 [INFO]   [Creating]    [pool-3-thread-1]   [com.diffblue.cover.ui.b.b]     [126/131]     by using an implementation of that abstract class or interface. However,
12:55:38.621 [INFO]   [Creating]    [pool-3-thread-1]   [com.diffblue.cover.ui.b.b]     [126/131]     no such implementation has been found.
12:55:38.621 [INFO]   [Creating]    [pool-3-thread-1]   [com.diffblue.cover.ui.b.b]     [126/131]     Please provide an implementation for the abstract class or interface.
12:55:38.621 [INFO]   [Creating]    [pool-3-thread-1]   [com.diffblue.cover.ui.b.b]     [126/131]     See https://diff.blue/T009 to resolve this issue.
12:55:38.621 [INFO]   [Creating]    [pool-3-thread-1]   [com.diffblue.cover.ui.b.b] [20/25] uk.gov.gchq.palisade.util.UriBuilder$AuthorityBuilder$IUserInfo
12:55:38.621 [INFO]   [Creating]    [pool-3-thread-1]   [com.diffblue.cover.ui.b.b] [20/25]   Tests created: 0
12:55:38.621 [DEBUG]  [Creating]    [pool-3-thread-1]   [com.diffblue.cover.ui.b.b] [20/25]   (at least 1 line uncovered in this class)
12:55:38.621 [INFO]   [Creating]    [pool-3-thread-1]   [com.diffblue.cover.m.a.b] No testable methods
12:55:38.621 [INFO]   [Creating]    [pool-3-thread-1]   [com.diffblue.cover.m.a.b] 
================================================================================
= Starting analysis for class 'uk.gov.gchq.palisade.util.UriBuilder$IAuthority'
================================================================================
12:55:38.621 [INFO]   [Creating]    [pool-3-thread-1]   [com.diffblue.cover.m.a.b] Filtering out non-testable methods...
12:55:38.622 [INFO]   [Creating]    [pool-3-thread-1]   [com.diffblue.cover.ui.b.b]     [127/131] uk.gov.gchq.palisade.util.UriBuilder$IAuthority.withoutAuthority
12:55:38.622 [INFO]   [Creating]    [pool-3-thread-1]   [com.diffblue.cover.ui.b.b]     [127/131]   T009: No implementation for abstract class
12:55:38.622 [DEBUG]  [Creating]    [pool-3-thread-1]   [com.diffblue.cover.ui.b.b]     [127/131]   (at least 1 line uncovered in this method)
12:55:38.622 [INFO]   [Creating]    [pool-3-thread-1]   [com.diffblue.cover.ui.b.b]     [127/131]     The method is a non-abstract instance method in an abstract class or
12:55:38.622 [INFO]   [Creating]    [pool-3-thread-1]   [com.diffblue.cover.ui.b.b]     [127/131]     a default method in an interface. Diffblue Cover would test such methods
12:55:38.622 [INFO]   [Creating]    [pool-3-thread-1]   [com.diffblue.cover.ui.b.b]     [127/131]     by using an implementation of that abstract class or interface. However,
12:55:38.622 [INFO]   [Creating]    [pool-3-thread-1]   [com.diffblue.cover.ui.b.b]     [127/131]     no such implementation has been found.
12:55:38.622 [INFO]   [Creating]    [pool-3-thread-1]   [com.diffblue.cover.ui.b.b]     [127/131]     Please provide an implementation for the abstract class or interface.
12:55:38.622 [INFO]   [Creating]    [pool-3-thread-1]   [com.diffblue.cover.ui.b.b]     [127/131]     See https://diff.blue/T009 to resolve this issue.
12:55:38.623 [INFO]   [Creating]    [pool-3-thread-1]   [com.diffblue.cover.ui.b.b] [21/25] uk.gov.gchq.palisade.util.UriBuilder$IAuthority
12:55:38.623 [INFO]   [Creating]    [pool-3-thread-1]   [com.diffblue.cover.ui.b.b] [21/25]   Tests created: 0
12:55:38.623 [DEBUG]  [Creating]    [pool-3-thread-1]   [com.diffblue.cover.ui.b.b] [21/25]   (at least 1 line uncovered in this class)
12:55:38.623 [INFO]   [Creating]    [pool-3-thread-1]   [com.diffblue.cover.m.a.b] No testable methods
12:55:38.623 [INFO]   [Creating]    [pool-3-thread-1]   [com.diffblue.cover.m.a.b] 
================================================================================
= Starting analysis for class 'uk.gov.gchq.palisade.util.UriBuilder$IFragment'
================================================================================
12:55:38.623 [INFO]   [Creating]    [pool-3-thread-1]   [com.diffblue.cover.m.a.b] Filtering out non-testable methods...
12:55:38.624 [INFO]   [Creating]    [pool-3-thread-1]   [com.diffblue.cover.ui.b.b]     [128/131] uk.gov.gchq.palisade.util.UriBuilder$IFragment.withoutFragment
12:55:38.624 [INFO]   [Creating]    [pool-3-thread-1]   [com.diffblue.cover.ui.b.b]     [128/131]   T009: No implementation for abstract class
12:55:38.624 [DEBUG]  [Creating]    [pool-3-thread-1]   [com.diffblue.cover.ui.b.b]     [128/131]   (at least 1 line uncovered in this method)
12:55:38.624 [INFO]   [Creating]    [pool-3-thread-1]   [com.diffblue.cover.ui.b.b]     [128/131]     The method is a non-abstract instance method in an abstract class or
12:55:38.624 [INFO]   [Creating]    [pool-3-thread-1]   [com.diffblue.cover.ui.b.b]     [128/131]     a default method in an interface. Diffblue Cover would test such methods
12:55:38.624 [INFO]   [Creating]    [pool-3-thread-1]   [com.diffblue.cover.ui.b.b]     [128/131]     by using an implementation of that abstract class or interface. However,
12:55:38.624 [INFO]   [Creating]    [pool-3-thread-1]   [com.diffblue.cover.ui.b.b]     [128/131]     no such implementation has been found.
12:55:38.624 [INFO]   [Creating]    [pool-3-thread-1]   [com.diffblue.cover.ui.b.b]     [128/131]     Please provide an implementation for the abstract class or interface.
12:55:38.624 [INFO]   [Creating]    [pool-3-thread-1]   [com.diffblue.cover.ui.b.b]     [128/131]     See https://diff.blue/T009 to resolve this issue.
12:55:38.624 [INFO]   [Creating]    [pool-3-thread-1]   [com.diffblue.cover.ui.b.b] [22/25] uk.gov.gchq.palisade.util.UriBuilder$IFragment
12:55:38.624 [INFO]   [Creating]    [pool-3-thread-1]   [com.diffblue.cover.ui.b.b] [22/25]   Tests created: 0
12:55:38.624 [DEBUG]  [Creating]    [pool-3-thread-1]   [com.diffblue.cover.ui.b.b] [22/25]   (at least 1 line uncovered in this class)
12:55:38.624 [INFO]   [Creating]    [pool-3-thread-1]   [com.diffblue.cover.m.a.b] No testable methods
12:55:38.624 [INFO]   [Creating]    [pool-3-thread-1]   [com.diffblue.cover.m.a.b] 
================================================================================
= Starting analysis for class 'uk.gov.gchq.palisade.util.UriBuilder$IPath'
================================================================================
12:55:38.625 [INFO]   [Creating]    [pool-3-thread-1]   [com.diffblue.cover.m.a.b] Filtering out non-testable methods...
12:55:38.626 [INFO]   [Creating]    [pool-3-thread-1]   [com.diffblue.cover.ui.b.b]     [129/131] uk.gov.gchq.palisade.util.UriBuilder$IPath.withoutPath
12:55:38.626 [INFO]   [Creating]    [pool-3-thread-1]   [com.diffblue.cover.ui.b.b]     [129/131]   T009: No implementation for abstract class
12:55:38.626 [DEBUG]  [Creating]    [pool-3-thread-1]   [com.diffblue.cover.ui.b.b]     [129/131]   (at least 1 line uncovered in this method)
12:55:38.626 [INFO]   [Creating]    [pool-3-thread-1]   [com.diffblue.cover.ui.b.b]     [129/131]     The method is a non-abstract instance method in an abstract class or
12:55:38.626 [INFO]   [Creating]    [pool-3-thread-1]   [com.diffblue.cover.ui.b.b]     [129/131]     a default method in an interface. Diffblue Cover would test such methods
12:55:38.626 [INFO]   [Creating]    [pool-3-thread-1]   [com.diffblue.cover.ui.b.b]     [129/131]     by using an implementation of that abstract class or interface. However,
12:55:38.626 [INFO]   [Creating]    [pool-3-thread-1]   [com.diffblue.cover.ui.b.b]     [129/131]     no such implementation has been found.
12:55:38.626 [INFO]   [Creating]    [pool-3-thread-1]   [com.diffblue.cover.ui.b.b]     [129/131]     Please provide an implementation for the abstract class or interface.
12:55:38.626 [INFO]   [Creating]    [pool-3-thread-1]   [com.diffblue.cover.ui.b.b]     [129/131]     See https://diff.blue/T009 to resolve this issue.
12:55:38.626 [INFO]   [Creating]    [pool-3-thread-1]   [com.diffblue.cover.ui.b.b] [23/25] uk.gov.gchq.palisade.util.UriBuilder$IPath
12:55:38.626 [INFO]   [Creating]    [pool-3-thread-1]   [com.diffblue.cover.ui.b.b] [23/25]   Tests created: 0
12:55:38.626 [DEBUG]  [Creating]    [pool-3-thread-1]   [com.diffblue.cover.ui.b.b] [23/25]   (at least 1 line uncovered in this class)
12:55:38.626 [INFO]   [Creating]    [pool-3-thread-1]   [com.diffblue.cover.m.a.b] No testable methods
12:55:38.626 [INFO]   [Creating]    [pool-3-thread-1]   [com.diffblue.cover.m.a.b] 
================================================================================
= Starting analysis for class 'uk.gov.gchq.palisade.util.UriBuilder$IQuery'
================================================================================
12:55:38.626 [INFO]   [Creating]    [pool-3-thread-1]   [com.diffblue.cover.m.a.b] Filtering out non-testable methods...
12:55:38.628 [INFO]   [Creating]    [pool-3-thread-1]   [com.diffblue.cover.ui.b.b]     [130/131] uk.gov.gchq.palisade.util.UriBuilder$IQuery.withoutQuery
12:55:38.628 [INFO]   [Creating]    [pool-3-thread-1]   [com.diffblue.cover.ui.b.b]     [130/131]   T009: No implementation for abstract class
12:55:38.628 [DEBUG]  [Creating]    [pool-3-thread-1]   [com.diffblue.cover.ui.b.b]     [130/131]   (at least 1 line uncovered in this method)
12:55:38.628 [INFO]   [Creating]    [pool-3-thread-1]   [com.diffblue.cover.ui.b.b]     [130/131]     The method is a non-abstract instance method in an abstract class or
12:55:38.628 [INFO]   [Creating]    [pool-3-thread-1]   [com.diffblue.cover.ui.b.b]     [130/131]     a default method in an interface. Diffblue Cover would test such methods
12:55:38.628 [INFO]   [Creating]    [pool-3-thread-1]   [com.diffblue.cover.ui.b.b]     [130/131]     by using an implementation of that abstract class or interface. However,
12:55:38.628 [INFO]   [Creating]    [pool-3-thread-1]   [com.diffblue.cover.ui.b.b]     [130/131]     no such implementation has been found.
12:55:38.628 [INFO]   [Creating]    [pool-3-thread-1]   [com.diffblue.cover.ui.b.b]     [130/131]     Please provide an implementation for the abstract class or interface.
12:55:38.628 [INFO]   [Creating]    [pool-3-thread-1]   [com.diffblue.cover.ui.b.b]     [130/131]     See https://diff.blue/T009 to resolve this issue.
12:55:38.628 [INFO]   [Creating]    [pool-3-thread-1]   [com.diffblue.cover.ui.b.b] [24/25] uk.gov.gchq.palisade.util.UriBuilder$IQuery
12:55:38.628 [INFO]   [Creating]    [pool-3-thread-1]   [com.diffblue.cover.ui.b.b] [24/25]   Tests created: 0
12:55:38.628 [DEBUG]  [Creating]    [pool-3-thread-1]   [com.diffblue.cover.ui.b.b] [24/25]   (at least 1 line uncovered in this class)
12:55:38.628 [INFO]   [Creating]    [pool-3-thread-1]   [com.diffblue.cover.m.a.b] No testable methods
12:55:38.628 [INFO]   [Creating]    [pool-3-thread-1]   [com.diffblue.cover.m.a.b] 
================================================================================
= Starting analysis for class 'uk.gov.gchq.palisade.util.UriBuilder$IScheme'
================================================================================
12:55:38.628 [INFO]   [Creating]    [pool-3-thread-1]   [com.diffblue.cover.m.a.b] Filtering out non-testable methods...
12:55:38.629 [INFO]   [Creating]    [pool-3-thread-1]   [com.diffblue.cover.ui.b.b]     [131/131] uk.gov.gchq.palisade.util.UriBuilder$IScheme.withoutScheme
12:55:38.629 [INFO]   [Creating]    [pool-3-thread-1]   [com.diffblue.cover.ui.b.b]     [131/131]   T009: No implementation for abstract class
12:55:38.629 [DEBUG]  [Creating]    [pool-3-thread-1]   [com.diffblue.cover.ui.b.b]     [131/131]   (at least 1 line uncovered in this method)
12:55:38.629 [INFO]   [Creating]    [pool-3-thread-1]   [com.diffblue.cover.ui.b.b]     [131/131]     The method is a non-abstract instance method in an abstract class or
12:55:38.629 [INFO]   [Creating]    [pool-3-thread-1]   [com.diffblue.cover.ui.b.b]     [131/131]     a default method in an interface. Diffblue Cover would test such methods
12:55:38.629 [INFO]   [Creating]    [pool-3-thread-1]   [com.diffblue.cover.ui.b.b]     [131/131]     by using an implementation of that abstract class or interface. However,
12:55:38.629 [INFO]   [Creating]    [pool-3-thread-1]   [com.diffblue.cover.ui.b.b]     [131/131]     no such implementation has been found.
12:55:38.629 [INFO]   [Creating]    [pool-3-thread-1]   [com.diffblue.cover.ui.b.b]     [131/131]     Please provide an implementation for the abstract class or interface.
12:55:38.629 [INFO]   [Creating]    [pool-3-thread-1]   [com.diffblue.cover.ui.b.b]     [131/131]     See https://diff.blue/T009 to resolve this issue.
12:55:38.629 [INFO]   [Creating]    [pool-3-thread-1]   [com.diffblue.cover.ui.b.b] [25/25] uk.gov.gchq.palisade.util.UriBuilder$IScheme
12:55:38.630 [INFO]   [Creating]    [pool-3-thread-1]   [com.diffblue.cover.ui.b.b] [25/25]   Tests created: 0
12:55:38.630 [DEBUG]  [Creating]    [pool-3-thread-1]   [com.diffblue.cover.ui.b.b] [25/25]   (at least 1 line uncovered in this class)
12:55:38.630 [INFO]   [Creating]    [pool-3-thread-1]   [com.diffblue.cover.m.a.b] No testable methods
12:55:38.631 [DEBUG]  [Creating]    [pool-3-thread-1]   [com.diffblue.cover.r.d] Finished generation. TestGenerationAccount: a[countOfRemoved=0, countOfUnchanged=0, countOfUpdated=0, countOfNew=47]
12:55:38.636 [INFO]   [Reporting]   [pool-3-thread-1]   [com.diffblue.cover.ui.b.b] 
12:55:38.636 [INFO]   [Reporting]   [pool-3-thread-1]   [com.diffblue.cover.ui.b.b] Test creation summary for module: uk.gov.gchq.palisade:common
12:55:38.636 [INFO]   [Reporting]   [pool-3-thread-1]   [com.diffblue.cover.ui.b.b] -------------------------------------------------------------
12:55:38.636 [INFO]   [Reporting]   [pool-3-thread-1]   [com.diffblue.cover.ui.b.b] Total:                                             131 methods
12:55:38.636 [INFO]   [Reporting]   [pool-3-thread-1]   [com.diffblue.cover.ui.b.b] 47 tests created for:                               34 methods
12:55:38.636 [DEBUG]  [Reporting]   [pool-3-thread-1]   [com.diffblue.cover.ui.b.b] (at least 265 out of 356 lines uncovered)
12:55:38.636 [INFO]   [Reporting]   [pool-3-thread-1]   [com.diffblue.cover.ui.b.b] 
12:55:38.636 [INFO]   [Reporting]   [pool-3-thread-1]   [com.diffblue.cover.ui.b.b] Not unit-testable:                                  11 methods
12:55:38.636 [INFO]   [Reporting]   [pool-3-thread-1]   [com.diffblue.cover.ui.b.b]    11 T009: No implementation for abstract class
12:55:38.636 [DEBUG]  [Reporting]   [pool-3-thread-1]   [com.diffblue.cover.ui.b.b]     (affects 11 lines)
12:55:38.636 [INFO]   [Reporting]   [pool-3-thread-1]   [com.diffblue.cover.ui.b.b] No tests created for:                               10 methods
12:55:38.636 [DEBUG]  [Reporting]   [pool-3-thread-1]   [com.diffblue.cover.ui.b.b]     5 R004: Diffblue AI was unable to find a test
12:55:38.636 [DEBUG]  [Reporting]   [pool-3-thread-1]   [com.diffblue.cover.ui.b.b]     (affects 10 lines)
12:55:38.637 [INFO]   [Reporting]   [pool-3-thread-1]   [com.diffblue.cover.ui.b.b]     2 R013: No inputs found that don't throw a trivial exception
12:55:38.637 [DEBUG]  [Reporting]   [pool-3-thread-1]   [com.diffblue.cover.ui.b.b]     (affects 2 lines)
12:55:38.637 [DEBUG]  [Reporting]   [pool-3-thread-1]   [com.diffblue.cover.ui.b.b]     2 R015: Diffblue AI was unable to find a test
12:55:38.637 [DEBUG]  [Reporting]   [pool-3-thread-1]   [com.diffblue.cover.ui.b.b]     (affects 34 lines)
12:55:38.637 [INFO]   [Reporting]   [pool-3-thread-1]   [com.diffblue.cover.ui.b.b]     1 R005: Unable to load class
12:55:38.637 [DEBUG]  [Reporting]   [pool-3-thread-1]   [com.diffblue.cover.ui.b.b]     (affects 9 lines)
12:55:38.637 [INFO]   [Reporting]   [pool-3-thread-1]   [com.diffblue.cover.ui.b.b] Could not find the following classes - please check your classpath
12:55:38.637 [INFO]   [Reporting]   [pool-3-thread-1]   [com.diffblue.cover.ui.b.b] akka.actor.CoordinatedShutdown$ActorSystemTerminateReason
12:55:38.780 [INFO]   [Validating]  [main]              [com.diffblue.cover.ui.controller.r] 
12:55:38.780 [INFO]   [Validating]  [main]              [com.diffblue.cover.ui.controller.r] Running validation command.
12:55:38.780 [DEBUG]  [Validating]  [main]              [com.diffblue.cover.buildsystem.config.registry.Registry] checking if /home/jbergqvist/diffblue/Palisade-common/DiffblueBuild.yaml exists...
12:55:38.780 [DEBUG]  [Validating]  [main]              [com.diffblue.cover.buildsystem.config.registry.Registry] checking if /home/jbergqvist/diffblue/Palisade-common/DiffblueBuild.yml exists...
12:55:38.780 [INFO]   [Validating]  [main]              [com.diffblue.cover.buildsystem.config.registry.Registry] Using default build rules as no custom rules found in any of [/home/jbergqvist/diffblue/Palisade-common]
12:55:38.780 [DEBUG]  [Validating]  [main]              [com.diffblue.cover.buildsystem.config.registry.Registry] Build execution request for Info Phase
12:55:38.781 [INFO]   [Validating]  [main]              [com.diffblue.cover.buildsystem.config.a.a] Attempting to invoke mvnw in working directory: /home/jbergqvist/diffblue/Palisade-common
12:55:38.781 [INFO]   [Validating]  [main]              [com.diffblue.cover.buildsystem.config.a.a] Attempting to invoke /home/jbergqvist/.sdkman/candidates/maven/current/bin/mvn in working directory: /home/jbergqvist/diffblue/Palisade-common
12:55:38.782 [INFO]   [Validating]  [main]              [com.diffblue.cover.buildsystem.config.a.a] Started "/home/jbergqvist/.sdkman/candidates/maven/current/bin/mvn -Dmaven.ext.class.path=/opt/cover/cover-buildsystem-maven-spy-jar-with-dependencies.jar -Dcom.diffblue.cover.skipTests=true -DskipTestOptimizer --batch-mode --projects=uk.gov.gchq.palisade:common --global-settings=/home/jbergqvist/.sdkman/candidates/maven/current/conf/settings.xml org.apache.maven.plugins:maven-checkstyle-plugin:check -Dcheckstyle.failOnViolation=false validate --also-make"
12:55:39.555 [INFO]   [Validating]  [maven:out]         [com.diffblue.cover.buildsystem.config.a.a] out: [INFO] Scanning for projects...
12:55:39.658 [INFO]   [Validating]  [maven:out]         [com.diffblue.cover.buildsystem.config.a.a] out: [INFO] 
12:55:39.658 [INFO]   [Validating]  [maven:out]         [com.diffblue.cover.buildsystem.config.a.a] out: [INFO] --------------------< uk.gov.gchq.palisade:common >---------------------
12:55:39.658 [INFO]   [Validating]  [maven:out]         [com.diffblue.cover.buildsystem.config.a.a] out: [INFO] Building GCHQ Palisade Common Library 0.5.2-SNAPSHOT
12:55:39.658 [INFO]   [Validating]  [maven:out]         [com.diffblue.cover.buildsystem.config.a.a] out: [INFO]   from pom.xml
12:55:39.658 [INFO]   [Validating]  [maven:out]         [com.diffblue.cover.buildsystem.config.a.a] out: [INFO] --------------------------------[ jar ]---------------------------------
12:55:39.773 [INFO]   [Validating]  [maven:out]         [com.diffblue.cover.buildsystem.internal.f.f] deserializing line [DIFFBLUE]{"__type":"com.diffblue.cover.buildsystem.model.DefaultEventMessage","project":"uk.gov.gchq.palisade:common","goal":"check","cause":null,"state":"STARTED"}
12:55:39.778 [INFO]   [Validating]  [maven:out]         [com.diffblue.cover.buildsystem.config.a.a] out: [INFO] 
12:55:39.778 [INFO]   [Validating]  [maven:out]         [com.diffblue.cover.buildsystem.config.a.a] out: [INFO] --- checkstyle:3.1.0:check (default-cli) @ common ---
12:55:40.588 [INFO]   [Validating]  [maven:out]         [com.diffblue.cover.buildsystem.config.a.a] out: [INFO] Starting audit...
12:55:40.588 [INFO]   [Validating]  [maven:out]         [com.diffblue.cover.buildsystem.config.a.a] out: Audit done.
12:55:40.595 [INFO]   [Validating]  [maven:out]         [com.diffblue.cover.buildsystem.internal.f.f] deserializing line [DIFFBLUE]{"__type":"com.diffblue.cover.buildsystem.model.DefaultEventMessage","project":"uk.gov.gchq.palisade:common","goal":"check","cause":null,"state":"SUCCESS"}
12:55:40.619 [INFO]   [Validating]  [maven:out]         [com.diffblue.cover.buildsystem.internal.f.f] deserializing line [DIFFBLUE]{"__type":"com.diffblue.cover.buildsystem.model.DefaultProjectModuleMessage","project":{"__type":"DefaultProjectModule","junitReport":["/home/jbergqvist/diffblue/Palisade-common/target/surefire-reports"],"jacocoReport":["/home/jbergqvist/diffblue/Palisade-common/target/site/jacoco/jacoco.xml"],"jacocoDestFile":["${sonar.jacoco.reportPath}","/home/jbergqvist/diffblue/Palisade-common/target/jacoco.exec"],"jacocoFormats":["xml"],"jacocoSkipped":false,"classpath":["/home/jbergqvist/diffblue/Palisade-common/target/classes"],"complianceLevel":"11","productionSources":["/home/jbergqvist/diffblue/Palisade-common/src/main/java"],"testSources":["/home/jbergqvist/diffblue/Palisade-common/src/test/java"],"productionClasses":"/home/jbergqvist/diffblue/Palisade-common/target/classes","testClasses":"/home/jbergqvist/diffblue/Palisade-common/target/test-classes","sourceToBuildPathMap":null,"testSourceToBuildPathMap":null,"buildDirectory":"/home/jbergqvist/diffblue/Palisade-common/target","plugins":[{"__type":"DefaultPlugin","groupId":"org.apache.maven.plugins","artefactId":"maven-compiler-plugin","version":"3.8.0","pluginClassName":null},{"__type":"DefaultPlugin","groupId":"org.apache.maven.plugins","artefactId":"maven-javadoc-plugin","version":"3.1.0","pluginClassName":null},{"__type":"DefaultPlugin","groupId":"org.apache.maven.plugins","artefactId":"maven-dependency-plugin","version":"3.1.2","pluginClassName":null},{"__type":"DefaultPlugin","groupId":"org.codehaus.mojo","artefactId":"flatten-maven-plugin","version":"1.1.0","pluginClassName":null},{"__type":"DefaultPlugin","groupId":"org.codehaus.mojo","artefactId":"license-maven-plugin","version":"2.0.0","pluginClassName":null},{"__type":"DefaultPlugin","groupId":"org.jacoco","artefactId":"jacoco-maven-plugin","version":"0.8.5","pluginClassName":null},{"__type":"DefaultPlugin","groupId":"org.apache.maven.plugins","artefactId":"maven-checkstyle-plugin","version":"3.1.0","pluginClassName":null},{"__type":"DefaultPlugin","groupId":"org.apache.maven.plugins","artefactId":"maven-clean-plugin","version":"3.2.0","pluginClassName":null},{"__type":"DefaultPlugin","groupId":"org.apache.maven.plugins","artefactId":"maven-resources-plugin","version":"3.3.1","pluginClassName":null},{"__type":"DefaultPlugin","groupId":"org.apache.maven.plugins","artefactId":"maven-jar-plugin","version":"3.4.1","pluginClassName":null},{"__type":"DefaultPlugin","groupId":"org.apache.maven.plugins","artefactId":"maven-surefire-plugin","version":"3.2.5","pluginClassName":null},{"__type":"DefaultPlugin","groupId":"org.apache.maven.plugins","artefactId":"maven-install-plugin","version":"3.1.2","pluginClassName":null},{"__type":"DefaultPlugin","groupId":"org.apache.maven.plugins","artefactId":"maven-deploy-plugin","version":"3.1.2","pluginClassName":null},{"__type":"DefaultPlugin","groupId":"org.apache.maven.plugins","artefactId":"maven-site-plugin","version":"3.12.1","pluginClassName":null}],"version":"3.9.12","encoding":"UTF-8","name":"maven","subModules":[],"simpleModuleName":null,"parentModuleName":null,"location":"/home/jbergqvist/diffblue/Palisade-common","fullModuleName":"uk.gov.gchq.palisade:common"}}
12:55:40.623 [INFO]   [Validating]  [maven:out]         [com.diffblue.cover.buildsystem.config.a.a] out: [INFO] ------------------------------------------------------------------------
12:55:40.623 [INFO]   [Validating]  [maven:out]         [com.diffblue.cover.buildsystem.config.a.a] out: [INFO] BUILD SUCCESS
12:55:40.623 [INFO]   [Validating]  [maven:out]         [com.diffblue.cover.buildsystem.config.a.a] out: [INFO] ------------------------------------------------------------------------
12:55:40.623 [INFO]   [Validating]  [maven:out]         [com.diffblue.cover.buildsystem.config.a.a] out: [INFO] Total time:  1.080 s
12:55:40.623 [INFO]   [Validating]  [maven:out]         [com.diffblue.cover.buildsystem.config.a.a] out: [INFO] Finished at: 2026-01-12T12:55:40Z
12:55:40.623 [INFO]   [Validating]  [maven:out]         [com.diffblue.cover.buildsystem.config.a.a] out: [INFO] ------------------------------------------------------------------------
12:55:40.623 [INFO]   [Validating]  [maven:out]         [com.diffblue.cover.buildsystem.internal.f.f] deserializing line [DIFFBLUE]{"__type":"com.diffblue.cover.buildsystem.model.ProjectInfoMessage","projectName":"uk.gov.gchq.palisade:common","productionSources":["/home/jbergqvist/diffblue/Palisade-common/src/main/java"],"testSources":["/home/jbergqvist/diffblue/Palisade-common/src/test/java"],"location":"/home/jbergqvist/diffblue/Palisade-common"}
12:55:40.657 [INFO]   [Validating]  [main]              [com.diffblue.cover.buildsystem.internal.f.d] maven:err process not stopped, joining thread
12:55:40.657 [INFO]   [Validating]  [main]              [com.diffblue.cover.buildsystem.internal.f.d] maven:out process not stopped, joining thread
12:55:40.657 [DEBUG]  [Validating]  [main]              [com.diffblue.cover.buildsystem.config.a.a] Executor spent 1s on command "/home/jbergqvist/.sdkman/candidates/maven/current/bin/mvn -Dmaven.ext.class.path=/opt/cover/cover-buildsystem-maven-spy-jar-with-dependencies.jar -Dcom.diffblue.cover.skipTests=true -DskipTestOptimizer --batch-mode --projects=uk.gov.gchq.palisade:common --global-settings=/home/jbergqvist/.sdkman/candidates/maven/current/conf/settings.xml org.apache.maven.plugins:maven-checkstyle-plugin:check -Dcheckstyle.failOnViolation=false validate --also-make"
12:55:40.658 [INFO]   [Validating]  [main]              [com.diffblue.cover.ui.controller.r] This can take a couple of minutes.
12:55:40.658 [DEBUG]  [Validating]  [main]              [com.diffblue.cover.buildsystem.config.registry.Registry] checking if /home/jbergqvist/diffblue/Palisade-common/DiffblueBuild.yaml exists...
12:55:40.658 [DEBUG]  [Validating]  [main]              [com.diffblue.cover.buildsystem.config.registry.Registry] checking if /home/jbergqvist/diffblue/Palisade-common/DiffblueBuild.yml exists...
12:55:40.658 [INFO]   [Validating]  [main]              [com.diffblue.cover.buildsystem.config.registry.Registry] Using default build rules as no custom rules found in any of [/home/jbergqvist/diffblue/Palisade-common]
12:55:40.659 [DEBUG]  [Validating]  [main]              [com.diffblue.cover.buildsystem.config.registry.Registry] Build execution request for Validate Phase
12:55:40.659 [INFO]   [Validating]  [main]              [com.diffblue.cover.buildsystem.config.a.a] Attempting to invoke mvnw in working directory: /home/jbergqvist/diffblue/Palisade-common
12:55:40.659 [INFO]   [Validating]  [main]              [com.diffblue.cover.buildsystem.config.a.a] Attempting to invoke /home/jbergqvist/.sdkman/candidates/maven/current/bin/mvn in working directory: /home/jbergqvist/diffblue/Palisade-common
12:55:40.660 [INFO]   [Validating]  [main]              [com.diffblue.cover.buildsystem.config.a.a] Started "/home/jbergqvist/.sdkman/candidates/maven/current/bin/mvn -Dmaven.ext.class.path=/opt/cover/cover-buildsystem-maven-spy-jar-with-dependencies.jar -Dcom.diffblue.cover.skipTests=true -DskipTestOptimizer --batch-mode --projects=uk.gov.gchq.palisade:common --global-settings=/home/jbergqvist/.sdkman/candidates/maven/current/conf/settings.xml org.apache.maven.plugins:maven-checkstyle-plugin:check -Dcheckstyle.failOnViolation=false clean test"
12:55:41.500 [INFO]   [Validating]  [maven:out]         [com.diffblue.cover.buildsystem.config.a.a] out: [INFO] Scanning for projects...
12:55:41.617 [INFO]   [Validating]  [maven:out]         [com.diffblue.cover.buildsystem.config.a.a] out: [INFO] 
12:55:41.618 [INFO]   [Validating]  [maven:out]         [com.diffblue.cover.buildsystem.config.a.a] out: [INFO] --------------------< uk.gov.gchq.palisade:common >---------------------
12:55:41.618 [INFO]   [Validating]  [maven:out]         [com.diffblue.cover.buildsystem.config.a.a] out: [INFO] Building GCHQ Palisade Common Library 0.5.2-SNAPSHOT
12:55:41.618 [INFO]   [Validating]  [maven:out]         [com.diffblue.cover.buildsystem.config.a.a] out: [INFO]   from pom.xml
12:55:41.618 [INFO]   [Validating]  [maven:out]         [com.diffblue.cover.buildsystem.config.a.a] out: [INFO] --------------------------------[ jar ]---------------------------------
12:55:41.927 [INFO]   [Validating]  [maven:out]         [com.diffblue.cover.buildsystem.internal.f.f] deserializing line [DIFFBLUE]{"__type":"com.diffblue.cover.buildsystem.model.DefaultEventMessage","project":"uk.gov.gchq.palisade:common","goal":"check","cause":null,"state":"STARTED"}
12:55:41.928 [INFO]   [Validating]  [maven:out]         [com.diffblue.cover.buildsystem.config.a.a] out: [INFO] 
12:55:41.928 [INFO]   [Validating]  [maven:out]         [com.diffblue.cover.buildsystem.config.a.a] out: [INFO] --- checkstyle:3.1.0:check (default-cli) @ common ---
12:55:42.625 [INFO]   [Validating]  [maven:out]         [com.diffblue.cover.buildsystem.config.a.a] out: [INFO] Starting audit...
12:55:42.625 [INFO]   [Validating]  [maven:out]         [com.diffblue.cover.buildsystem.config.a.a] out: Audit done.
12:55:42.631 [INFO]   [Validating]  [maven:out]         [com.diffblue.cover.buildsystem.internal.f.f] deserializing line [DIFFBLUE]{"__type":"com.diffblue.cover.buildsystem.model.DefaultEventMessage","project":"uk.gov.gchq.palisade:common","goal":"check","cause":null,"state":"SUCCESS"}
12:55:42.633 [INFO]   [Validating]  [maven:out]         [com.diffblue.cover.buildsystem.internal.f.f] deserializing line [DIFFBLUE]{"__type":"com.diffblue.cover.buildsystem.model.DefaultEventMessage","project":"uk.gov.gchq.palisade:common","goal":"clean","cause":null,"state":"STARTED"}
12:55:42.634 [INFO]   [Validating]  [maven:out]         [com.diffblue.cover.buildsystem.config.a.a] out: [INFO] 
12:55:42.634 [INFO]   [Validating]  [maven:out]         [com.diffblue.cover.buildsystem.config.a.a] out: [INFO] --- clean:3.2.0:clean (default-clean) @ common ---
12:55:42.657 [INFO]   [Validating]  [maven:out]         [com.diffblue.cover.buildsystem.config.a.a] out: [INFO] Deleting /home/jbergqvist/diffblue/Palisade-common/target
12:55:42.670 [INFO]   [Validating]  [maven:out]         [com.diffblue.cover.buildsystem.internal.f.f] deserializing line [DIFFBLUE]{"__type":"com.diffblue.cover.buildsystem.model.DefaultEventMessage","project":"uk.gov.gchq.palisade:common","goal":"clean","cause":null,"state":"SUCCESS"}
12:55:42.671 [INFO]   [Validating]  [maven:out]         [com.diffblue.cover.buildsystem.internal.f.f] deserializing line [DIFFBLUE]{"__type":"com.diffblue.cover.buildsystem.model.DefaultEventMessage","project":"uk.gov.gchq.palisade:common","goal":"clean","cause":null,"state":"STARTED"}
12:55:42.672 [INFO]   [Validating]  [maven:out]         [com.diffblue.cover.buildsystem.config.a.a] out: [INFO] 
12:55:42.672 [INFO]   [Validating]  [maven:out]         [com.diffblue.cover.buildsystem.config.a.a] out: [INFO] --- flatten:1.1.0:clean (flatten.clean) @ common ---
12:55:42.766 [INFO]   [Validating]  [maven:out]         [com.diffblue.cover.buildsystem.config.a.a] out: [INFO] Deleting /home/jbergqvist/diffblue/Palisade-common/.flattened-pom.xml
12:55:42.768 [INFO]   [Validating]  [maven:out]         [com.diffblue.cover.buildsystem.internal.f.f] deserializing line [DIFFBLUE]{"__type":"com.diffblue.cover.buildsystem.model.DefaultEventMessage","project":"uk.gov.gchq.palisade:common","goal":"clean","cause":null,"state":"SUCCESS"}
12:55:42.770 [INFO]   [Validating]  [maven:out]         [com.diffblue.cover.buildsystem.internal.f.f] deserializing line [DIFFBLUE]{"__type":"com.diffblue.cover.buildsystem.model.DefaultEventMessage","project":"uk.gov.gchq.palisade:common","goal":"prepare-agent","cause":null,"state":"STARTED"}
12:55:42.771 [INFO]   [Validating]  [maven:out]         [com.diffblue.cover.buildsystem.config.a.a] out: [INFO] 
12:55:42.771 [INFO]   [Validating]  [maven:out]         [com.diffblue.cover.buildsystem.config.a.a] out: [INFO] --- jacoco:0.8.5:prepare-agent (agent) @ common ---
12:55:42.880 [INFO]   [Validating]  [maven:out]         [com.diffblue.cover.buildsystem.config.a.a] out: [INFO] argLine set to -javaagent:/home/jbergqvist/.m2/repository/org/jacoco/org.jacoco.agent/0.8.5/org.jacoco.agent-0.8.5-runtime.jar=destfile=/home/jbergqvist/diffblue/Palisade-common/target/jacoco.exec,append=true
12:55:42.882 [INFO]   [Validating]  [maven:out]         [com.diffblue.cover.buildsystem.internal.f.f] deserializing line [DIFFBLUE]{"__type":"com.diffblue.cover.buildsystem.model.DefaultEventMessage","project":"uk.gov.gchq.palisade:common","goal":"prepare-agent","cause":null,"state":"SUCCESS"}
12:55:42.883 [INFO]   [Validating]  [maven:out]         [com.diffblue.cover.buildsystem.internal.f.f] deserializing line [DIFFBLUE]{"__type":"com.diffblue.cover.buildsystem.model.DefaultEventMessage","project":"uk.gov.gchq.palisade:common","goal":"resources","cause":null,"state":"STARTED"}
12:55:42.884 [INFO]   [Validating]  [maven:out]         [com.diffblue.cover.buildsystem.config.a.a] out: [INFO] 
12:55:42.884 [INFO]   [Validating]  [maven:out]         [com.diffblue.cover.buildsystem.config.a.a] out: [INFO] --- resources:3.3.1:resources (default-resources) @ common ---
12:55:42.937 [INFO]   [Validating]  [maven:out]         [com.diffblue.cover.buildsystem.config.a.a] out: [INFO] Copying 1 resource from src/main/resources to target/classes
12:55:42.942 [INFO]   [Validating]  [maven:out]         [com.diffblue.cover.buildsystem.internal.f.f] deserializing line [DIFFBLUE]{"__type":"com.diffblue.cover.buildsystem.model.DefaultEventMessage","project":"uk.gov.gchq.palisade:common","goal":"resources","cause":null,"state":"SUCCESS"}
12:55:42.944 [INFO]   [Validating]  [maven:out]         [com.diffblue.cover.buildsystem.internal.f.f] deserializing line [DIFFBLUE]{"__type":"com.diffblue.cover.buildsystem.model.DefaultEventMessage","project":"uk.gov.gchq.palisade:common","goal":"flatten","cause":null,"state":"STARTED"}
12:55:42.944 [INFO]   [Validating]  [maven:out]         [com.diffblue.cover.buildsystem.config.a.a] out: [INFO] 
12:55:42.945 [INFO]   [Validating]  [maven:out]         [com.diffblue.cover.buildsystem.config.a.a] out: [INFO] --- flatten:1.1.0:flatten (flatten) @ common ---
12:55:42.948 [INFO]   [Validating]  [maven:out]         [com.diffblue.cover.buildsystem.config.a.a] out: [INFO] Generating flattened POM of project uk.gov.gchq.palisade:common:jar:0.5.2-SNAPSHOT...
12:55:42.983 [INFO]   [Validating]  [maven:out]         [com.diffblue.cover.buildsystem.internal.f.f] deserializing line [DIFFBLUE]{"__type":"com.diffblue.cover.buildsystem.model.DefaultEventMessage","project":"uk.gov.gchq.palisade:common","goal":"flatten","cause":null,"state":"SUCCESS"}
12:55:42.984 [INFO]   [Validating]  [maven:out]         [com.diffblue.cover.buildsystem.internal.f.f] deserializing line [DIFFBLUE]{"__type":"com.diffblue.cover.buildsystem.model.DefaultEventMessage","project":"uk.gov.gchq.palisade:common","goal":"compile","cause":null,"state":"STARTED"}
12:55:42.985 [INFO]   [Validating]  [maven:out]         [com.diffblue.cover.buildsystem.config.a.a] out: [INFO] 
12:55:42.985 [INFO]   [Validating]  [maven:out]         [com.diffblue.cover.buildsystem.config.a.a] out: [INFO] --- compiler:3.8.0:compile (default-compile) @ common ---
12:55:43.064 [INFO]   [Validating]  [maven:out]         [com.diffblue.cover.buildsystem.config.a.a] out: [INFO] Changes detected - recompiling the module!
12:55:43.066 [INFO]   [Validating]  [maven:out]         [com.diffblue.cover.buildsystem.config.a.a] out: [INFO] Compiling 22 source files to /home/jbergqvist/diffblue/Palisade-common/target/classes
12:55:43.774 [INFO]   [Validating]  [maven:out]         [com.diffblue.cover.buildsystem.internal.f.f] deserializing line [DIFFBLUE]{"__type":"com.diffblue.cover.buildsystem.model.DefaultEventMessage","project":"uk.gov.gchq.palisade:common","goal":"compile","cause":null,"state":"SUCCESS"}
12:55:43.775 [INFO]   [Validating]  [maven:out]         [com.diffblue.cover.buildsystem.internal.f.f] deserializing line [DIFFBLUE]{"__type":"com.diffblue.cover.buildsystem.model.DefaultEventMessage","project":"uk.gov.gchq.palisade:common","goal":"javadoc-no-fork","cause":null,"state":"STARTED"}
12:55:43.776 [INFO]   [Validating]  [maven:out]         [com.diffblue.cover.buildsystem.config.a.a] out: [INFO] 
12:55:43.776 [INFO]   [Validating]  [maven:out]         [com.diffblue.cover.buildsystem.config.a.a] out: [INFO] --- javadoc:3.1.0:javadoc-no-fork (javadoc-compile) @ common ---
12:55:45.466 [INFO]   [Validating]  [maven:out]         [com.diffblue.cover.buildsystem.internal.f.f] deserializing line [DIFFBLUE]{"__type":"com.diffblue.cover.buildsystem.model.DefaultEventMessage","project":"uk.gov.gchq.palisade:common","goal":"javadoc-no-fork","cause":null,"state":"SUCCESS"}
12:55:45.467 [INFO]   [Validating]  [maven:out]         [com.diffblue.cover.buildsystem.internal.f.f] deserializing line [DIFFBLUE]{"__type":"com.diffblue.cover.buildsystem.model.DefaultEventMessage","project":"uk.gov.gchq.palisade:common","goal":"aggregate-no-fork","cause":null,"state":"STARTED"}
12:55:45.468 [INFO]   [Validating]  [maven:out]         [com.diffblue.cover.buildsystem.config.a.a] out: [INFO] 
12:55:45.468 [INFO]   [Validating]  [maven:out]         [com.diffblue.cover.buildsystem.config.a.a] out: [INFO] --- javadoc:3.1.0:aggregate-no-fork (javadoc-compile) @ common ---
12:55:46.920 [INFO]   [Validating]  [maven:out]         [com.diffblue.cover.buildsystem.internal.f.f] deserializing line [DIFFBLUE]{"__type":"com.diffblue.cover.buildsystem.model.DefaultEventMessage","project":"uk.gov.gchq.palisade:common","goal":"aggregate-no-fork","cause":null,"state":"SUCCESS"}
12:55:46.921 [INFO]   [Validating]  [maven:out]         [com.diffblue.cover.buildsystem.internal.f.f] deserializing line [DIFFBLUE]{"__type":"com.diffblue.cover.buildsystem.model.DefaultEventMessage","project":"uk.gov.gchq.palisade:common","goal":"testResources","cause":null,"state":"STARTED"}
12:55:46.922 [INFO]   [Validating]  [maven:out]         [com.diffblue.cover.buildsystem.config.a.a] out: [INFO] 
12:55:46.922 [INFO]   [Validating]  [maven:out]         [com.diffblue.cover.buildsystem.config.a.a] out: [INFO] --- resources:3.3.1:testResources (default-testResources) @ common ---
12:55:46.923 [INFO]   [Validating]  [maven:out]         [com.diffblue.cover.buildsystem.config.a.a] out: [INFO] skip non existing resourceDirectory /home/jbergqvist/diffblue/Palisade-common/src/test/resources
12:55:46.924 [INFO]   [Validating]  [maven:out]         [com.diffblue.cover.buildsystem.internal.f.f] deserializing line [DIFFBLUE]{"__type":"com.diffblue.cover.buildsystem.model.DefaultEventMessage","project":"uk.gov.gchq.palisade:common","goal":"testResources","cause":null,"state":"SUCCESS"}
12:55:46.925 [INFO]   [Validating]  [maven:out]         [com.diffblue.cover.buildsystem.internal.f.f] deserializing line [DIFFBLUE]{"__type":"com.diffblue.cover.buildsystem.model.DefaultEventMessage","project":"uk.gov.gchq.palisade:common","goal":"testCompile","cause":null,"state":"STARTED"}
12:55:46.925 [INFO]   [Validating]  [maven:out]         [com.diffblue.cover.buildsystem.config.a.a] out: [INFO] 
12:55:46.925 [INFO]   [Validating]  [maven:out]         [com.diffblue.cover.buildsystem.config.a.a] out: [INFO] --- compiler:3.8.0:testCompile (default-testCompile) @ common ---
12:55:46.930 [INFO]   [Validating]  [maven:out]         [com.diffblue.cover.buildsystem.config.a.a] out: [INFO] Changes detected - recompiling the module!
12:55:46.930 [INFO]   [Validating]  [maven:out]         [com.diffblue.cover.buildsystem.config.a.a] out: [INFO] Compiling 14 source files to /home/jbergqvist/diffblue/Palisade-common/target/test-classes
12:55:47.137 [INFO]   [Validating]  [maven:out]         [com.diffblue.cover.buildsystem.config.a.a] out: [INFO] /home/jbergqvist/diffblue/Palisade-common/src/test/java/uk/gov/gchq/palisade/rule/RulesDiffblueTest.java: Some input files use unchecked or unsafe operations.
12:55:47.137 [INFO]   [Validating]  [maven:out]         [com.diffblue.cover.buildsystem.config.a.a] out: [INFO] /home/jbergqvist/diffblue/Palisade-common/src/test/java/uk/gov/gchq/palisade/rule/RulesDiffblueTest.java: Recompile with -Xlint:unchecked for details.
12:55:47.138 [INFO]   [Validating]  [maven:out]         [com.diffblue.cover.buildsystem.internal.f.f] deserializing line [DIFFBLUE]{"__type":"com.diffblue.cover.buildsystem.model.DefaultEventMessage","project":"uk.gov.gchq.palisade:common","goal":"testCompile","cause":null,"state":"SUCCESS"}
12:55:47.139 [INFO]   [Validating]  [maven:out]         [com.diffblue.cover.buildsystem.internal.f.f] deserializing line [DIFFBLUE]{"__type":"com.diffblue.cover.buildsystem.model.DefaultEventMessage","project":"uk.gov.gchq.palisade:common","goal":"test","cause":null,"state":"STARTED"}
12:55:47.140 [INFO]   [Validating]  [maven:out]         [com.diffblue.cover.buildsystem.config.a.a] out: [INFO] 
12:55:47.140 [INFO]   [Validating]  [maven:out]         [com.diffblue.cover.buildsystem.config.a.a] out: [INFO] --- surefire:3.2.5:test (default-test) @ common ---
12:55:47.233 [INFO]   [Validating]  [maven:out]         [com.diffblue.cover.buildsystem.config.a.a] out: [INFO] Using auto detected provider org.apache.maven.surefire.junitplatform.JUnitPlatformProvider
12:55:47.264 [INFO]   [Validating]  [maven:out]         [com.diffblue.cover.buildsystem.config.a.a] out: [INFO] 
12:55:47.264 [INFO]   [Validating]  [maven:out]         [com.diffblue.cover.buildsystem.config.a.a] out: [INFO] -------------------------------------------------------
12:55:47.264 [INFO]   [Validating]  [maven:out]         [com.diffblue.cover.buildsystem.config.a.a] out: [INFO]  T E S T S
12:55:47.264 [INFO]   [Validating]  [maven:out]         [com.diffblue.cover.buildsystem.config.a.a] out: [INFO] -------------------------------------------------------
12:55:47.978 [INFO]   [Validating]  [maven:out]         [com.diffblue.cover.buildsystem.config.a.a] out: [INFO] Running uk.gov.gchq.palisade.user.UserIdDiffblueTest
12:55:48.035 [INFO]   [Validating]  [maven:out]         [com.diffblue.cover.buildsystem.config.a.a] out: [INFO] Tests run: 2, Failures: 0, Errors: 0, Skipped: 0, Time elapsed: 0.045 s -- in uk.gov.gchq.palisade.user.UserIdDiffblueTest
12:55:48.035 [INFO]   [Validating]  [maven:out]         [com.diffblue.cover.buildsystem.config.a.a] out: [INFO] Running uk.gov.gchq.palisade.user.UserDiffblueTest
12:55:48.039 [INFO]   [Validating]  [maven:out]         [com.diffblue.cover.buildsystem.config.a.a] out: [INFO] Tests run: 2, Failures: 0, Errors: 0, Skipped: 0, Time elapsed: 0.004 s -- in uk.gov.gchq.palisade.user.UserDiffblueTest
12:55:48.039 [INFO]   [Validating]  [maven:out]         [com.diffblue.cover.buildsystem.config.a.a] out: [INFO] Running uk.gov.gchq.palisade.rule.RulesDiffblueTest
12:55:49.043 [INFO]   [Validating]  [maven:out]         [com.diffblue.cover.buildsystem.config.a.a] out: [INFO] Tests run: 11, Failures: 0, Errors: 0, Skipped: 0, Time elapsed: 1.013 s -- in uk.gov.gchq.palisade.rule.RulesDiffblueTest
12:55:49.044 [INFO]   [Validating]  [maven:out]         [com.diffblue.cover.buildsystem.config.a.a] out: [INFO] Running uk.gov.gchq.palisade.data.serialise.SerialiserDiffblueTest
12:55:49.057 [INFO]   [Validating]  [maven:err]         [com.diffblue.cover.buildsystem.config.a.a] err: SLF4J: Failed to load class "org.slf4j.impl.StaticLoggerBinder".
12:55:49.058 [INFO]   [Validating]  [maven:err]         [com.diffblue.cover.buildsystem.config.a.a] err: SLF4J: Defaulting to no-operation (NOP) logger implementation
12:55:49.058 [INFO]   [Validating]  [maven:err]         [com.diffblue.cover.buildsystem.config.a.a] err: SLF4J: See http://www.slf4j.org/codes.html#StaticLoggerBinder for further details.
12:55:49.075 [INFO]   [Validating]  [maven:out]         [com.diffblue.cover.buildsystem.config.a.a] out: [INFO] Tests run: 3, Failures: 0, Errors: 0, Skipped: 0, Time elapsed: 0.030 s -- in uk.gov.gchq.palisade.data.serialise.SerialiserDiffblueTest
12:55:49.075 [INFO]   [Validating]  [maven:out]         [com.diffblue.cover.buildsystem.config.a.a] out: [INFO] Running uk.gov.gchq.palisade.util.FileResourceBuilderDiffblueTest
12:55:49.084 [INFO]   [Validating]  [maven:out]         [com.diffblue.cover.buildsystem.config.a.a] out: [INFO] Tests run: 2, Failures: 0, Errors: 0, Skipped: 0, Time elapsed: 0.010 s -- in uk.gov.gchq.palisade.util.FileResourceBuilderDiffblueTest
12:55:49.085 [INFO]   [Validating]  [maven:out]         [com.diffblue.cover.buildsystem.config.a.a] out: [INFO] Running uk.gov.gchq.palisade.util.AbstractResourceBuilderDiffblueTest
12:55:49.091 [INFO]   [Validating]  [maven:out]         [com.diffblue.cover.buildsystem.config.a.a] out: [INFO] Tests run: 1, Failures: 0, Errors: 0, Skipped: 0, Time elapsed: 0.005 s -- in uk.gov.gchq.palisade.util.AbstractResourceBuilderDiffblueTest
12:55:49.091 [INFO]   [Validating]  [maven:out]         [com.diffblue.cover.buildsystem.config.a.a] out: [INFO] Running uk.gov.gchq.palisade.util.RulesUtilDiffblueTest
12:55:49.097 [INFO]   [Validating]  [maven:out]         [com.diffblue.cover.buildsystem.config.a.a] out: [INFO] Tests run: 3, Failures: 0, Errors: 0, Skipped: 0, Time elapsed: 0.007 s -- in uk.gov.gchq.palisade.util.RulesUtilDiffblueTest
12:55:49.097 [INFO]   [Validating]  [maven:out]         [com.diffblue.cover.buildsystem.config.a.a] out: [INFO] Running uk.gov.gchq.palisade.util.UriBuilderDiffblueTest
12:55:49.105 [INFO]   [Validating]  [maven:out]         [com.diffblue.cover.buildsystem.config.a.a] out: [INFO] Tests run: 4, Failures: 0, Errors: 0, Skipped: 0, Time elapsed: 0.006 s -- in uk.gov.gchq.palisade.util.UriBuilderDiffblueTest
12:55:49.105 [INFO]   [Validating]  [maven:out]         [com.diffblue.cover.buildsystem.config.a.a] out: [INFO] Running uk.gov.gchq.palisade.ContextDiffblueTest
12:55:49.111 [INFO]   [Validating]  [maven:out]         [com.diffblue.cover.buildsystem.config.a.a] out: [INFO] Tests run: 4, Failures: 0, Errors: 0, Skipped: 0, Time elapsed: 0.005 s -- in uk.gov.gchq.palisade.ContextDiffblueTest
12:55:49.111 [INFO]   [Validating]  [maven:out]         [com.diffblue.cover.buildsystem.config.a.a] out: [INFO] Running uk.gov.gchq.palisade.resource.AbstractResourceDiffblueTest
12:55:49.113 [INFO]   [Validating]  [maven:out]         [com.diffblue.cover.buildsystem.config.a.a] out: [INFO] Tests run: 1, Failures: 0, Errors: 0, Skipped: 0, Time elapsed: 0.002 s -- in uk.gov.gchq.palisade.resource.AbstractResourceDiffblueTest
12:55:49.113 [INFO]   [Validating]  [maven:out]         [com.diffblue.cover.buildsystem.config.a.a] out: [INFO] Running uk.gov.gchq.palisade.resource.impl.SystemResourceDiffblueTest
12:55:49.117 [INFO]   [Validating]  [maven:out]         [com.diffblue.cover.buildsystem.config.a.a] out: [INFO] Tests run: 3, Failures: 0, Errors: 0, Skipped: 0, Time elapsed: 0.004 s -- in uk.gov.gchq.palisade.resource.impl.SystemResourceDiffblueTest
12:55:49.117 [INFO]   [Validating]  [maven:out]         [com.diffblue.cover.buildsystem.config.a.a] out: [INFO] Running uk.gov.gchq.palisade.resource.impl.FileResourceDiffblueTest
12:55:49.154 [INFO]   [Validating]  [maven:out]         [com.diffblue.cover.buildsystem.config.a.a] out: [INFO] Tests run: 7, Failures: 0, Errors: 0, Skipped: 0, Time elapsed: 0.036 s -- in uk.gov.gchq.palisade.resource.impl.FileResourceDiffblueTest
12:55:49.155 [INFO]   [Validating]  [maven:out]         [com.diffblue.cover.buildsystem.config.a.a] out: [INFO] Running uk.gov.gchq.palisade.resource.impl.SimpleConnectionDetailDiffblueTest
12:55:49.158 [INFO]   [Validating]  [maven:out]         [com.diffblue.cover.buildsystem.config.a.a] out: [INFO] Tests run: 1, Failures: 0, Errors: 0, Skipped: 0, Time elapsed: 0.003 s -- in uk.gov.gchq.palisade.resource.impl.SimpleConnectionDetailDiffblueTest
12:55:49.158 [INFO]   [Validating]  [maven:out]         [com.diffblue.cover.buildsystem.config.a.a] out: [INFO] Running uk.gov.gchq.palisade.resource.impl.DirectoryResourceDiffblueTest
12:55:49.161 [INFO]   [Validating]  [maven:out]         [com.diffblue.cover.buildsystem.config.a.a] out: [INFO] Tests run: 3, Failures: 0, Errors: 0, Skipped: 0, Time elapsed: 0.002 s -- in uk.gov.gchq.palisade.resource.impl.DirectoryResourceDiffblueTest
12:55:49.232 [INFO]   [Validating]  [maven:out]         [com.diffblue.cover.buildsystem.config.a.a] out: [INFO] 
12:55:49.232 [INFO]   [Validating]  [maven:out]         [com.diffblue.cover.buildsystem.config.a.a] out: [INFO] Results:
12:55:49.232 [INFO]   [Validating]  [maven:out]         [com.diffblue.cover.buildsystem.config.a.a] out: [INFO] 
12:55:49.232 [INFO]   [Validating]  [maven:out]         [com.diffblue.cover.buildsystem.config.a.a] out: [INFO] Tests run: 47, Failures: 0, Errors: 0, Skipped: 0
12:55:49.232 [INFO]   [Validating]  [maven:out]         [com.diffblue.cover.buildsystem.config.a.a] out: [INFO] 
12:55:49.235 [INFO]   [Validating]  [maven:out]         [com.diffblue.cover.buildsystem.internal.f.f] deserializing line [DIFFBLUE]{"__type":"com.diffblue.cover.buildsystem.model.DefaultEventMessage","project":"uk.gov.gchq.palisade:common","goal":"test","cause":null,"state":"SUCCESS"}
12:55:49.256 [INFO]   [Validating]  [maven:out]         [com.diffblue.cover.buildsystem.internal.f.f] deserializing line [DIFFBLUE]{"__type":"com.diffblue.cover.buildsystem.model.DefaultProjectModuleMessage","project":{"__type":"DefaultProjectModule","junitReport":["/home/jbergqvist/diffblue/Palisade-common/target/surefire-reports"],"jacocoReport":["/home/jbergqvist/diffblue/Palisade-common/target/site/jacoco/jacoco.xml"],"jacocoDestFile":["${sonar.jacoco.reportPath}","/home/jbergqvist/diffblue/Palisade-common/target/jacoco.exec"],"jacocoFormats":["xml"],"jacocoSkipped":false,"classpath":["/home/jbergqvist/diffblue/Palisade-common/target/classes","/home/jbergqvist/.m2/repository/com/typesafe/akka/akka-stream_2.13/2.6.10/akka-stream_2.13-2.6.10.jar","/home/jbergqvist/.m2/repository/org/scala-lang/scala-library/2.13.3/scala-library-2.13.3.jar","/home/jbergqvist/.m2/repository/com/typesafe/akka/akka-actor_2.13/2.6.10/akka-actor_2.13-2.6.10.jar","/home/jbergqvist/.m2/repository/com/typesafe/config/1.4.0/config-1.4.0.jar","/home/jbergqvist/.m2/repository/org/scala-lang/modules/scala-java8-compat_2.13/0.9.0/scala-java8-compat_2.13-0.9.0.jar","/home/jbergqvist/.m2/repository/com/typesafe/akka/akka-protobuf-v3_2.13/2.6.10/akka-protobuf-v3_2.13-2.6.10.jar","/home/jbergqvist/.m2/repository/org/reactivestreams/reactive-streams/1.0.3/reactive-streams-1.0.3.jar","/home/jbergqvist/.m2/repository/com/typesafe/ssl-config-core_2.13/0.4.2/ssl-config-core_2.13-0.4.2.jar","/home/jbergqvist/.m2/repository/org/scala-lang/modules/scala-parser-combinators_2.13/1.1.2/scala-parser-combinators_2.13-1.1.2.jar","/home/jbergqvist/.m2/repository/org/junit/jupiter/junit-jupiter-engine/5.13.4/junit-jupiter-engine-5.13.4.jar","/home/jbergqvist/.m2/repository/org/junit/platform/junit-platform-engine/1.13.4/junit-platform-engine-1.13.4.jar","/home/jbergqvist/.m2/repository/org/opentest4j/opentest4j/1.3.0/opentest4j-1.3.0.jar","/home/jbergqvist/.m2/repository/org/junit/platform/junit-platform-commons/1.13.4/junit-platform-commons-1.13.4.jar","/home/jbergqvist/.m2/repository/org/junit/jupiter/junit-jupiter-api/5.13.4/junit-jupiter-api-5.13.4.jar","/home/jbergqvist/.m2/repository/org/apiguardian/apiguardian-api/1.1.2/apiguardian-api-1.1.2.jar","/home/jbergqvist/.m2/repository/org/mockito/mockito-core/5.20.0/mockito-core-5.20.0.jar","/home/jbergqvist/.m2/repository/net/bytebuddy/byte-buddy/1.17.7/byte-buddy-1.17.7.jar","/home/jbergqvist/.m2/repository/net/bytebuddy/byte-buddy-agent/1.17.7/byte-buddy-agent-1.17.7.jar","/home/jbergqvist/.m2/repository/org/objenesis/objenesis/3.3/objenesis-3.3.jar","/home/jbergqvist/.m2/repository/org/mockito/mockito-junit-jupiter/5.20.0/mockito-junit-jupiter-5.20.0.jar","/home/jbergqvist/.m2/repository/com/fasterxml/jackson/core/jackson-databind/2.11.0/jackson-databind-2.11.0.jar","/home/jbergqvist/.m2/repository/com/fasterxml/jackson/core/jackson-annotations/2.11.0/jackson-annotations-2.11.0.jar","/home/jbergqvist/.m2/repository/com/fasterxml/jackson/core/jackson-core/2.11.0/jackson-core-2.11.0.jar","/home/jbergqvist/.m2/repository/org/slf4j/slf4j-api/1.7.25/slf4j-api-1.7.25.jar","/home/jbergqvist/.m2/repository/com/diffblue/cover/cover-annotations/1.8.0/cover-annotations-1.8.0.jar"],"complianceLevel":"11","productionSources":["/home/jbergqvist/diffblue/Palisade-common/src/main/java"],"testSources":["/home/jbergqvist/diffblue/Palisade-common/src/test/java"],"productionClasses":"/home/jbergqvist/diffblue/Palisade-common/target/classes","testClasses":"/home/jbergqvist/diffblue/Palisade-common/target/test-classes","sourceToBuildPathMap":null,"testSourceToBuildPathMap":null,"buildDirectory":"/home/jbergqvist/diffblue/Palisade-common/target","plugins":[{"__type":"DefaultPlugin","groupId":"org.apache.maven.plugins","artefactId":"maven-compiler-plugin","version":"3.8.0","pluginClassName":null},{"__type":"DefaultPlugin","groupId":"org.apache.maven.plugins","artefactId":"maven-javadoc-plugin","version":"3.1.0","pluginClassName":null},{"__type":"DefaultPlugin","groupId":"org.apache.maven.plugins","artefactId":"maven-dependency-plugin","version":"3.1.2","pluginClassName":null},{"__type":"DefaultPlugin","groupId":"org.codehaus.mojo","artefactId":"flatten-maven-plugin","version":"1.1.0","pluginClassName":null},{"__type":"DefaultPlugin","groupId":"org.codehaus.mojo","artefactId":"license-maven-plugin","version":"2.0.0","pluginClassName":null},{"__type":"DefaultPlugin","groupId":"org.jacoco","artefactId":"jacoco-maven-plugin","version":"0.8.5","pluginClassName":null},{"__type":"DefaultPlugin","groupId":"org.apache.maven.plugins","artefactId":"maven-checkstyle-plugin","version":"3.1.0","pluginClassName":null},{"__type":"DefaultPlugin","groupId":"org.apache.maven.plugins","artefactId":"maven-clean-plugin","version":"3.2.0","pluginClassName":null},{"__type":"DefaultPlugin","groupId":"org.apache.maven.plugins","artefactId":"maven-resources-plugin","version":"3.3.1","pluginClassName":null},{"__type":"DefaultPlugin","groupId":"org.apache.maven.plugins","artefactId":"maven-jar-plugin","version":"3.4.1","pluginClassName":null},{"__type":"DefaultPlugin","groupId":"org.apache.maven.plugins","artefactId":"maven-surefire-plugin","version":"3.2.5","pluginClassName":null},{"__type":"DefaultPlugin","groupId":"org.apache.maven.plugins","artefactId":"maven-install-plugin","version":"3.1.2","pluginClassName":null},{"__type":"DefaultPlugin","groupId":"org.apache.maven.plugins","artefactId":"maven-deploy-plugin","version":"3.1.2","pluginClassName":null},{"__type":"DefaultPlugin","groupId":"org.apache.maven.plugins","artefactId":"maven-site-plugin","version":"3.12.1","pluginClassName":null}],"version":"3.9.12","encoding":"UTF-8","name":"maven","subModules":[],"simpleModuleName":null,"parentModuleName":null,"location":"/home/jbergqvist/diffblue/Palisade-common","fullModuleName":"uk.gov.gchq.palisade:common"}}
12:55:49.259 [INFO]   [Validating]  [maven:out]         [com.diffblue.cover.buildsystem.config.a.a] out: [INFO] ------------------------------------------------------------------------
12:55:49.259 [INFO]   [Validating]  [maven:out]         [com.diffblue.cover.buildsystem.config.a.a] out: [INFO] BUILD SUCCESS
12:55:49.259 [INFO]   [Validating]  [maven:out]         [com.diffblue.cover.buildsystem.config.a.a] out: [INFO] ------------------------------------------------------------------------
12:55:49.259 [INFO]   [Validating]  [maven:out]         [com.diffblue.cover.buildsystem.config.a.a] out: [INFO] Total time:  7.774 s
12:55:49.259 [INFO]   [Validating]  [maven:out]         [com.diffblue.cover.buildsystem.config.a.a] out: [INFO] Finished at: 2026-01-12T12:55:49Z
12:55:49.259 [INFO]   [Validating]  [maven:out]         [com.diffblue.cover.buildsystem.config.a.a] out: [INFO] ------------------------------------------------------------------------
12:55:49.260 [INFO]   [Validating]  [maven:out]         [com.diffblue.cover.buildsystem.internal.f.f] deserializing line [DIFFBLUE]{"__type":"com.diffblue.cover.buildsystem.model.ProjectInfoMessage","projectName":"uk.gov.gchq.palisade:common","productionSources":["/home/jbergqvist/diffblue/Palisade-common/src/main/java","/home/jbergqvist/diffblue/Palisade-common/target/generated-sources/annotations"],"testSources":["/home/jbergqvist/diffblue/Palisade-common/src/test/java","/home/jbergqvist/diffblue/Palisade-common/target/generated-test-sources/test-annotations"],"location":"/home/jbergqvist/diffblue/Palisade-common"}
12:55:49.305 [INFO]   [Validating]  [main]              [com.diffblue.cover.buildsystem.internal.f.d] maven:err process not stopped, joining thread
12:55:49.305 [INFO]   [Validating]  [main]              [com.diffblue.cover.buildsystem.internal.f.d] maven:out process not stopped, joining thread
12:55:49.305 [DEBUG]  [Validating]  [main]              [com.diffblue.cover.buildsystem.config.a.a] Executor spent 8s on command "/home/jbergqvist/.sdkman/candidates/maven/current/bin/mvn -Dmaven.ext.class.path=/opt/cover/cover-buildsystem-maven-spy-jar-with-dependencies.jar -Dcom.diffblue.cover.skipTests=true -DskipTestOptimizer --batch-mode --projects=uk.gov.gchq.palisade:common --global-settings=/home/jbergqvist/.sdkman/candidates/maven/current/conf/settings.xml org.apache.maven.plugins:maven-checkstyle-plugin:check -Dcheckstyle.failOnViolation=false clean test"
12:55:49.364 [INFO]   [Validating]  [main]              [com.diffblue.cover.ui.controller.r] All 47 created tests were successfully validated.
12:55:49.381 [INFO]   [Measuring]   [main]              [com.diffblue.cover.ui.controller.q] Calculating coverage from Diffblue tests.
12:55:49.383 [DEBUG]  [Measuring]   [main]              [com.diffblue.cover.buildsystem.config.registry.Registry] checking if /home/jbergqvist/diffblue/Palisade-common/DiffblueBuild.yaml exists...
12:55:49.383 [DEBUG]  [Measuring]   [main]              [com.diffblue.cover.buildsystem.config.registry.Registry] checking if /home/jbergqvist/diffblue/Palisade-common/DiffblueBuild.yml exists...
12:55:49.383 [INFO]   [Measuring]   [main]              [com.diffblue.cover.buildsystem.config.registry.Registry] Using default build rules as no custom rules found in any of [/home/jbergqvist/diffblue/Palisade-common]
12:55:49.383 [DEBUG]  [Measuring]   [main]              [com.diffblue.cover.buildsystem.config.registry.Registry] Build execution request for Coverage Phase
12:55:49.383 [DEBUG]  [Measuring]   [main]              [com.diffblue.cover.buildsystem.config.registry.Registry] checking if /home/jbergqvist/diffblue/Palisade-common/DiffblueBuild.yaml exists...
12:55:49.383 [DEBUG]  [Measuring]   [main]              [com.diffblue.cover.buildsystem.config.registry.Registry] checking if /home/jbergqvist/diffblue/Palisade-common/DiffblueBuild.yml exists...
12:55:49.383 [INFO]   [Measuring]   [main]              [com.diffblue.cover.buildsystem.config.registry.Registry] Using default build rules as no custom rules found in any of [/home/jbergqvist/diffblue/Palisade-common]
12:55:49.383 [DEBUG]  [Measuring]   [main]              [com.diffblue.cover.buildsystem.config.registry.Registry] Build execution request for Coverage Phase
12:55:49.383 [INFO]   [Measuring]   [main]              [com.diffblue.cover.buildsystem.config.a.a] Attempting to invoke mvnw in working directory: /home/jbergqvist/diffblue/Palisade-common
12:55:49.384 [INFO]   [Measuring]   [main]              [com.diffblue.cover.buildsystem.config.a.a] Attempting to invoke /home/jbergqvist/.sdkman/candidates/maven/current/bin/mvn in working directory: /home/jbergqvist/diffblue/Palisade-common
12:55:49.384 [INFO]   [Measuring]   [main]              [com.diffblue.cover.buildsystem.config.a.a] Started "/home/jbergqvist/.sdkman/candidates/maven/current/bin/mvn -Dmaven.ext.class.path=/opt/cover/cover-buildsystem-maven-spy-jar-with-dependencies.jar -Dcom.diffblue.cover.skipTests=true -DskipTestOptimizer --batch-mode --projects=uk.gov.gchq.palisade:common --global-settings=/home/jbergqvist/.sdkman/candidates/maven/current/conf/settings.xml org.apache.maven.plugins:maven-checkstyle-plugin:check -Dcheckstyle.failOnViolation=false org.jacoco:jacoco-maven-plugin:0.8.5:prepare-agent -Djacoco.skip=false test -DfailIfNoTests=false -Dsurefire.failIfNoSpecifiedTests=false -Dmaven.test.failure.ignore=True -Dtest=*DiffblueTest org.jacoco:jacoco-maven-plugin:0.8.5:report -Djacoco.skip=false"
12:55:50.162 [INFO]   [Measuring]   [maven:out]         [com.diffblue.cover.buildsystem.config.a.a] out: [INFO] Scanning for projects...
12:55:50.268 [INFO]   [Measuring]   [maven:out]         [com.diffblue.cover.buildsystem.config.a.a] out: [INFO] 
12:55:50.269 [INFO]   [Measuring]   [maven:out]         [com.diffblue.cover.buildsystem.config.a.a] out: [INFO] --------------------< uk.gov.gchq.palisade:common >---------------------
12:55:50.269 [INFO]   [Measuring]   [maven:out]         [com.diffblue.cover.buildsystem.config.a.a] out: [INFO] Building GCHQ Palisade Common Library 0.5.2-SNAPSHOT
12:55:50.269 [INFO]   [Measuring]   [maven:out]         [com.diffblue.cover.buildsystem.config.a.a] out: [INFO]   from pom.xml
12:55:50.269 [INFO]   [Measuring]   [maven:out]         [com.diffblue.cover.buildsystem.config.a.a] out: [INFO] --------------------------------[ jar ]---------------------------------
12:55:50.508 [INFO]   [Measuring]   [maven:out]         [com.diffblue.cover.buildsystem.internal.f.f] deserializing line [DIFFBLUE]{"__type":"com.diffblue.cover.buildsystem.model.DefaultEventMessage","project":"uk.gov.gchq.palisade:common","goal":"check","cause":null,"state":"STARTED"}
12:55:50.509 [INFO]   [Measuring]   [maven:out]         [com.diffblue.cover.buildsystem.config.a.a] out: [INFO] 
12:55:50.509 [INFO]   [Measuring]   [maven:out]         [com.diffblue.cover.buildsystem.config.a.a] out: [INFO] --- checkstyle:3.1.0:check (default-cli) @ common ---
12:55:51.645 [INFO]   [Measuring]   [maven:out]         [com.diffblue.cover.buildsystem.config.a.a] out: [INFO] Starting audit...
12:55:51.645 [INFO]   [Measuring]   [maven:out]         [com.diffblue.cover.buildsystem.config.a.a] out: Audit done.
12:55:51.655 [INFO]   [Measuring]   [maven:out]         [com.diffblue.cover.buildsystem.internal.f.f] deserializing line [DIFFBLUE]{"__type":"com.diffblue.cover.buildsystem.model.DefaultEventMessage","project":"uk.gov.gchq.palisade:common","goal":"check","cause":null,"state":"SUCCESS"}
12:55:51.658 [INFO]   [Measuring]   [maven:out]         [com.diffblue.cover.buildsystem.internal.f.f] deserializing line [DIFFBLUE]{"__type":"com.diffblue.cover.buildsystem.model.DefaultEventMessage","project":"uk.gov.gchq.palisade:common","goal":"prepare-agent","cause":null,"state":"STARTED"}
12:55:51.659 [INFO]   [Measuring]   [maven:out]         [com.diffblue.cover.buildsystem.config.a.a] out: [INFO] 
12:55:51.659 [INFO]   [Measuring]   [maven:out]         [com.diffblue.cover.buildsystem.config.a.a] out: [INFO] --- jacoco:0.8.5:prepare-agent (default-cli) @ common ---
12:55:51.776 [INFO]   [Measuring]   [maven:out]         [com.diffblue.cover.buildsystem.config.a.a] out: [INFO] argLine set to -javaagent:/home/jbergqvist/.m2/repository/org/jacoco/org.jacoco.agent/0.8.5/org.jacoco.agent-0.8.5-runtime.jar=destfile=/home/jbergqvist/diffblue/Palisade-common/target/jacoco.exec,append=true
12:55:51.778 [INFO]   [Measuring]   [maven:out]         [com.diffblue.cover.buildsystem.internal.f.f] deserializing line [DIFFBLUE]{"__type":"com.diffblue.cover.buildsystem.model.DefaultEventMessage","project":"uk.gov.gchq.palisade:common","goal":"prepare-agent","cause":null,"state":"SUCCESS"}
12:55:51.780 [INFO]   [Measuring]   [maven:out]         [com.diffblue.cover.buildsystem.internal.f.f] deserializing line [DIFFBLUE]{"__type":"com.diffblue.cover.buildsystem.model.DefaultEventMessage","project":"uk.gov.gchq.palisade:common","goal":"prepare-agent","cause":null,"state":"STARTED"}
12:55:51.781 [INFO]   [Measuring]   [maven:out]         [com.diffblue.cover.buildsystem.config.a.a] out: [INFO] 
12:55:51.781 [INFO]   [Measuring]   [maven:out]         [com.diffblue.cover.buildsystem.config.a.a] out: [INFO] --- jacoco:0.8.5:prepare-agent (agent) @ common ---
12:55:51.781 [INFO]   [Measuring]   [maven:out]         [com.diffblue.cover.buildsystem.config.a.a] out: [INFO] argLine set to -javaagent:/home/jbergqvist/.m2/repository/org/jacoco/org.jacoco.agent/0.8.5/org.jacoco.agent-0.8.5-runtime.jar=destfile=/home/jbergqvist/diffblue/Palisade-common/target/jacoco.exec,append=true
12:55:51.782 [INFO]   [Measuring]   [maven:out]         [com.diffblue.cover.buildsystem.internal.f.f] deserializing line [DIFFBLUE]{"__type":"com.diffblue.cover.buildsystem.model.DefaultEventMessage","project":"uk.gov.gchq.palisade:common","goal":"prepare-agent","cause":null,"state":"SUCCESS"}
12:55:51.784 [INFO]   [Measuring]   [maven:out]         [com.diffblue.cover.buildsystem.internal.f.f] deserializing line [DIFFBLUE]{"__type":"com.diffblue.cover.buildsystem.model.DefaultEventMessage","project":"uk.gov.gchq.palisade:common","goal":"resources","cause":null,"state":"STARTED"}
12:55:51.785 [INFO]   [Measuring]   [maven:out]         [com.diffblue.cover.buildsystem.config.a.a] out: [INFO] 
12:55:51.785 [INFO]   [Measuring]   [maven:out]         [com.diffblue.cover.buildsystem.config.a.a] out: [INFO] --- resources:3.3.1:resources (default-resources) @ common ---
12:55:51.832 [INFO]   [Measuring]   [maven:out]         [com.diffblue.cover.buildsystem.config.a.a] out: [INFO] Copying 1 resource from src/main/resources to target/classes
12:55:51.836 [INFO]   [Measuring]   [maven:out]         [com.diffblue.cover.buildsystem.internal.f.f] deserializing line [DIFFBLUE]{"__type":"com.diffblue.cover.buildsystem.model.DefaultEventMessage","project":"uk.gov.gchq.palisade:common","goal":"resources","cause":null,"state":"SUCCESS"}
12:55:51.838 [INFO]   [Measuring]   [maven:out]         [com.diffblue.cover.buildsystem.internal.f.f] deserializing line [DIFFBLUE]{"__type":"com.diffblue.cover.buildsystem.model.DefaultEventMessage","project":"uk.gov.gchq.palisade:common","goal":"flatten","cause":null,"state":"STARTED"}
12:55:51.839 [INFO]   [Measuring]   [maven:out]         [com.diffblue.cover.buildsystem.config.a.a] out: [INFO] 
12:55:51.839 [INFO]   [Measuring]   [maven:out]         [com.diffblue.cover.buildsystem.config.a.a] out: [INFO] --- flatten:1.1.0:flatten (flatten) @ common ---
12:55:51.938 [INFO]   [Measuring]   [maven:out]         [com.diffblue.cover.buildsystem.config.a.a] out: [INFO] Generating flattened POM of project uk.gov.gchq.palisade:common:jar:0.5.2-SNAPSHOT...
12:55:51.970 [INFO]   [Measuring]   [maven:out]         [com.diffblue.cover.buildsystem.internal.f.f] deserializing line [DIFFBLUE]{"__type":"com.diffblue.cover.buildsystem.model.DefaultEventMessage","project":"uk.gov.gchq.palisade:common","goal":"flatten","cause":null,"state":"SUCCESS"}
12:55:51.971 [INFO]   [Measuring]   [maven:out]         [com.diffblue.cover.buildsystem.internal.f.f] deserializing line [DIFFBLUE]{"__type":"com.diffblue.cover.buildsystem.model.DefaultEventMessage","project":"uk.gov.gchq.palisade:common","goal":"compile","cause":null,"state":"STARTED"}
12:55:51.972 [INFO]   [Measuring]   [maven:out]         [com.diffblue.cover.buildsystem.config.a.a] out: [INFO] 
12:55:51.972 [INFO]   [Measuring]   [maven:out]         [com.diffblue.cover.buildsystem.config.a.a] out: [INFO] --- compiler:3.8.0:compile (default-compile) @ common ---
12:55:52.055 [INFO]   [Measuring]   [maven:out]         [com.diffblue.cover.buildsystem.config.a.a] out: [INFO] Nothing to compile - all classes are up to date
12:55:52.057 [INFO]   [Measuring]   [maven:out]         [com.diffblue.cover.buildsystem.internal.f.f] deserializing line [DIFFBLUE]{"__type":"com.diffblue.cover.buildsystem.model.DefaultEventMessage","project":"uk.gov.gchq.palisade:common","goal":"compile","cause":null,"state":"SUCCESS"}
12:55:52.058 [INFO]   [Measuring]   [maven:out]         [com.diffblue.cover.buildsystem.internal.f.f] deserializing line [DIFFBLUE]{"__type":"com.diffblue.cover.buildsystem.model.DefaultEventMessage","project":"uk.gov.gchq.palisade:common","goal":"javadoc-no-fork","cause":null,"state":"STARTED"}
12:55:52.059 [INFO]   [Measuring]   [maven:out]         [com.diffblue.cover.buildsystem.config.a.a] out: [INFO] 
12:55:52.059 [INFO]   [Measuring]   [maven:out]         [com.diffblue.cover.buildsystem.config.a.a] out: [INFO] --- javadoc:3.1.0:javadoc-no-fork (javadoc-compile) @ common ---
12:55:53.654 [INFO]   [Measuring]   [maven:out]         [com.diffblue.cover.buildsystem.internal.f.f] deserializing line [DIFFBLUE]{"__type":"com.diffblue.cover.buildsystem.model.DefaultEventMessage","project":"uk.gov.gchq.palisade:common","goal":"javadoc-no-fork","cause":null,"state":"SUCCESS"}
12:55:53.655 [INFO]   [Measuring]   [maven:out]         [com.diffblue.cover.buildsystem.internal.f.f] deserializing line [DIFFBLUE]{"__type":"com.diffblue.cover.buildsystem.model.DefaultEventMessage","project":"uk.gov.gchq.palisade:common","goal":"aggregate-no-fork","cause":null,"state":"STARTED"}
12:55:53.656 [INFO]   [Measuring]   [maven:out]         [com.diffblue.cover.buildsystem.config.a.a] out: [INFO] 
12:55:53.656 [INFO]   [Measuring]   [maven:out]         [com.diffblue.cover.buildsystem.config.a.a] out: [INFO] --- javadoc:3.1.0:aggregate-no-fork (javadoc-compile) @ common ---
12:55:55.238 [INFO]   [Measuring]   [maven:out]         [com.diffblue.cover.buildsystem.internal.f.f] deserializing line [DIFFBLUE]{"__type":"com.diffblue.cover.buildsystem.model.DefaultEventMessage","project":"uk.gov.gchq.palisade:common","goal":"aggregate-no-fork","cause":null,"state":"SUCCESS"}
12:55:55.239 [INFO]   [Measuring]   [maven:out]         [com.diffblue.cover.buildsystem.internal.f.f] deserializing line [DIFFBLUE]{"__type":"com.diffblue.cover.buildsystem.model.DefaultEventMessage","project":"uk.gov.gchq.palisade:common","goal":"testResources","cause":null,"state":"STARTED"}
12:55:55.240 [INFO]   [Measuring]   [maven:out]         [com.diffblue.cover.buildsystem.config.a.a] out: [INFO] 
12:55:55.240 [INFO]   [Measuring]   [maven:out]         [com.diffblue.cover.buildsystem.config.a.a] out: [INFO] --- resources:3.3.1:testResources (default-testResources) @ common ---
12:55:55.241 [INFO]   [Measuring]   [maven:out]         [com.diffblue.cover.buildsystem.config.a.a] out: [INFO] skip non existing resourceDirectory /home/jbergqvist/diffblue/Palisade-common/src/test/resources
12:55:55.242 [INFO]   [Measuring]   [maven:out]         [com.diffblue.cover.buildsystem.internal.f.f] deserializing line [DIFFBLUE]{"__type":"com.diffblue.cover.buildsystem.model.DefaultEventMessage","project":"uk.gov.gchq.palisade:common","goal":"testResources","cause":null,"state":"SUCCESS"}
12:55:55.243 [INFO]   [Measuring]   [maven:out]         [com.diffblue.cover.buildsystem.internal.f.f] deserializing line [DIFFBLUE]{"__type":"com.diffblue.cover.buildsystem.model.DefaultEventMessage","project":"uk.gov.gchq.palisade:common","goal":"testCompile","cause":null,"state":"STARTED"}
12:55:55.243 [INFO]   [Measuring]   [maven:out]         [com.diffblue.cover.buildsystem.config.a.a] out: [INFO] 
12:55:55.243 [INFO]   [Measuring]   [maven:out]         [com.diffblue.cover.buildsystem.config.a.a] out: [INFO] --- compiler:3.8.0:testCompile (default-testCompile) @ common ---
12:55:55.247 [INFO]   [Measuring]   [maven:out]         [com.diffblue.cover.buildsystem.config.a.a] out: [INFO] Nothing to compile - all classes are up to date
12:55:55.248 [INFO]   [Measuring]   [maven:out]         [com.diffblue.cover.buildsystem.internal.f.f] deserializing line [DIFFBLUE]{"__type":"com.diffblue.cover.buildsystem.model.DefaultEventMessage","project":"uk.gov.gchq.palisade:common","goal":"testCompile","cause":null,"state":"SUCCESS"}
12:55:55.249 [INFO]   [Measuring]   [maven:out]         [com.diffblue.cover.buildsystem.internal.f.f] deserializing line [DIFFBLUE]{"__type":"com.diffblue.cover.buildsystem.model.DefaultEventMessage","project":"uk.gov.gchq.palisade:common","goal":"test","cause":null,"state":"STARTED"}
12:55:55.250 [INFO]   [Measuring]   [maven:out]         [com.diffblue.cover.buildsystem.config.a.a] out: [INFO] 
12:55:55.250 [INFO]   [Measuring]   [maven:out]         [com.diffblue.cover.buildsystem.config.a.a] out: [INFO] --- surefire:3.2.5:test (default-test) @ common ---
12:55:55.339 [INFO]   [Measuring]   [maven:out]         [com.diffblue.cover.buildsystem.config.a.a] out: [INFO] Using auto detected provider org.apache.maven.surefire.junitplatform.JUnitPlatformProvider
12:55:55.374 [INFO]   [Measuring]   [maven:out]         [com.diffblue.cover.buildsystem.config.a.a] out: [INFO] 
12:55:55.374 [INFO]   [Measuring]   [maven:out]         [com.diffblue.cover.buildsystem.config.a.a] out: [INFO] -------------------------------------------------------
12:55:55.374 [INFO]   [Measuring]   [maven:out]         [com.diffblue.cover.buildsystem.config.a.a] out: [INFO]  T E S T S
12:55:55.374 [INFO]   [Measuring]   [maven:out]         [com.diffblue.cover.buildsystem.config.a.a] out: [INFO] -------------------------------------------------------
12:55:56.067 [INFO]   [Measuring]   [maven:out]         [com.diffblue.cover.buildsystem.config.a.a] out: [INFO] Running uk.gov.gchq.palisade.user.UserIdDiffblueTest
12:55:56.119 [INFO]   [Measuring]   [maven:out]         [com.diffblue.cover.buildsystem.config.a.a] out: [INFO] Tests run: 2, Failures: 0, Errors: 0, Skipped: 0, Time elapsed: 0.042 s -- in uk.gov.gchq.palisade.user.UserIdDiffblueTest
12:55:56.119 [INFO]   [Measuring]   [maven:out]         [com.diffblue.cover.buildsystem.config.a.a] out: [INFO] Running uk.gov.gchq.palisade.user.UserDiffblueTest
12:55:56.123 [INFO]   [Measuring]   [maven:out]         [com.diffblue.cover.buildsystem.config.a.a] out: [INFO] Tests run: 2, Failures: 0, Errors: 0, Skipped: 0, Time elapsed: 0.006 s -- in uk.gov.gchq.palisade.user.UserDiffblueTest
12:55:56.124 [INFO]   [Measuring]   [maven:out]         [com.diffblue.cover.buildsystem.config.a.a] out: [INFO] Running uk.gov.gchq.palisade.rule.RulesDiffblueTest
12:55:57.034 [INFO]   [Measuring]   [maven:out]         [com.diffblue.cover.buildsystem.config.a.a] out: [INFO] Tests run: 11, Failures: 0, Errors: 0, Skipped: 0, Time elapsed: 0.919 s -- in uk.gov.gchq.palisade.rule.RulesDiffblueTest
12:55:57.035 [INFO]   [Measuring]   [maven:out]         [com.diffblue.cover.buildsystem.config.a.a] out: [INFO] Running uk.gov.gchq.palisade.data.serialise.SerialiserDiffblueTest
12:55:57.045 [INFO]   [Measuring]   [maven:err]         [com.diffblue.cover.buildsystem.config.a.a] err: SLF4J: Failed to load class "org.slf4j.impl.StaticLoggerBinder".
12:55:57.045 [INFO]   [Measuring]   [maven:err]         [com.diffblue.cover.buildsystem.config.a.a] err: SLF4J: Defaulting to no-operation (NOP) logger implementation
12:55:57.045 [INFO]   [Measuring]   [maven:err]         [com.diffblue.cover.buildsystem.config.a.a] err: SLF4J: See http://www.slf4j.org/codes.html#StaticLoggerBinder for further details.
12:55:57.061 [INFO]   [Measuring]   [maven:out]         [com.diffblue.cover.buildsystem.config.a.a] out: [INFO] Tests run: 3, Failures: 0, Errors: 0, Skipped: 0, Time elapsed: 0.025 s -- in uk.gov.gchq.palisade.data.serialise.SerialiserDiffblueTest
12:55:57.061 [INFO]   [Measuring]   [maven:out]         [com.diffblue.cover.buildsystem.config.a.a] out: [INFO] Running uk.gov.gchq.palisade.util.FileResourceBuilderDiffblueTest
12:55:57.069 [INFO]   [Measuring]   [maven:out]         [com.diffblue.cover.buildsystem.config.a.a] out: [INFO] Tests run: 2, Failures: 0, Errors: 0, Skipped: 0, Time elapsed: 0.009 s -- in uk.gov.gchq.palisade.util.FileResourceBuilderDiffblueTest
12:55:57.069 [INFO]   [Measuring]   [maven:out]         [com.diffblue.cover.buildsystem.config.a.a] out: [INFO] Running uk.gov.gchq.palisade.util.AbstractResourceBuilderDiffblueTest
12:55:57.074 [INFO]   [Measuring]   [maven:out]         [com.diffblue.cover.buildsystem.config.a.a] out: [INFO] Tests run: 1, Failures: 0, Errors: 0, Skipped: 0, Time elapsed: 0.006 s -- in uk.gov.gchq.palisade.util.AbstractResourceBuilderDiffblueTest
12:55:57.074 [INFO]   [Measuring]   [maven:out]         [com.diffblue.cover.buildsystem.config.a.a] out: [INFO] Running uk.gov.gchq.palisade.util.RulesUtilDiffblueTest
12:55:57.080 [INFO]   [Measuring]   [maven:out]         [com.diffblue.cover.buildsystem.config.a.a] out: [INFO] Tests run: 3, Failures: 0, Errors: 0, Skipped: 0, Time elapsed: 0.006 s -- in uk.gov.gchq.palisade.util.RulesUtilDiffblueTest
12:55:57.081 [INFO]   [Measuring]   [maven:out]         [com.diffblue.cover.buildsystem.config.a.a] out: [INFO] Running uk.gov.gchq.palisade.util.UriBuilderDiffblueTest
12:55:57.088 [INFO]   [Measuring]   [maven:out]         [com.diffblue.cover.buildsystem.config.a.a] out: [INFO] Tests run: 4, Failures: 0, Errors: 0, Skipped: 0, Time elapsed: 0.006 s -- in uk.gov.gchq.palisade.util.UriBuilderDiffblueTest
12:55:57.088 [INFO]   [Measuring]   [maven:out]         [com.diffblue.cover.buildsystem.config.a.a] out: [INFO] Running uk.gov.gchq.palisade.ContextDiffblueTest
12:55:57.093 [INFO]   [Measuring]   [maven:out]         [com.diffblue.cover.buildsystem.config.a.a] out: [INFO] Tests run: 4, Failures: 0, Errors: 0, Skipped: 0, Time elapsed: 0.004 s -- in uk.gov.gchq.palisade.ContextDiffblueTest
12:55:57.093 [INFO]   [Measuring]   [maven:out]         [com.diffblue.cover.buildsystem.config.a.a] out: [INFO] Running uk.gov.gchq.palisade.resource.AbstractResourceDiffblueTest
12:55:57.095 [INFO]   [Measuring]   [maven:out]         [com.diffblue.cover.buildsystem.config.a.a] out: [INFO] Tests run: 1, Failures: 0, Errors: 0, Skipped: 0, Time elapsed: 0.002 s -- in uk.gov.gchq.palisade.resource.AbstractResourceDiffblueTest
12:55:57.095 [INFO]   [Measuring]   [maven:out]         [com.diffblue.cover.buildsystem.config.a.a] out: [INFO] Running uk.gov.gchq.palisade.resource.impl.SystemResourceDiffblueTest
12:55:57.099 [INFO]   [Measuring]   [maven:out]         [com.diffblue.cover.buildsystem.config.a.a] out: [INFO] Tests run: 3, Failures: 0, Errors: 0, Skipped: 0, Time elapsed: 0.004 s -- in uk.gov.gchq.palisade.resource.impl.SystemResourceDiffblueTest
12:55:57.100 [INFO]   [Measuring]   [maven:out]         [com.diffblue.cover.buildsystem.config.a.a] out: [INFO] Running uk.gov.gchq.palisade.resource.impl.FileResourceDiffblueTest
12:55:57.144 [INFO]   [Measuring]   [maven:out]         [com.diffblue.cover.buildsystem.config.a.a] out: [INFO] Tests run: 7, Failures: 0, Errors: 0, Skipped: 0, Time elapsed: 0.045 s -- in uk.gov.gchq.palisade.resource.impl.FileResourceDiffblueTest
12:55:57.145 [INFO]   [Measuring]   [maven:out]         [com.diffblue.cover.buildsystem.config.a.a] out: [INFO] Running uk.gov.gchq.palisade.resource.impl.SimpleConnectionDetailDiffblueTest
12:55:57.148 [INFO]   [Measuring]   [maven:out]         [com.diffblue.cover.buildsystem.config.a.a] out: [INFO] Tests run: 1, Failures: 0, Errors: 0, Skipped: 0, Time elapsed: 0.003 s -- in uk.gov.gchq.palisade.resource.impl.SimpleConnectionDetailDiffblueTest
12:55:57.148 [INFO]   [Measuring]   [maven:out]         [com.diffblue.cover.buildsystem.config.a.a] out: [INFO] Running uk.gov.gchq.palisade.resource.impl.DirectoryResourceDiffblueTest
12:55:57.152 [INFO]   [Measuring]   [maven:out]         [com.diffblue.cover.buildsystem.config.a.a] out: [INFO] Tests run: 3, Failures: 0, Errors: 0, Skipped: 0, Time elapsed: 0.003 s -- in uk.gov.gchq.palisade.resource.impl.DirectoryResourceDiffblueTest
12:55:57.198 [INFO]   [Measuring]   [maven:out]         [com.diffblue.cover.buildsystem.config.a.a] out: [INFO] 
12:55:57.198 [INFO]   [Measuring]   [maven:out]         [com.diffblue.cover.buildsystem.config.a.a] out: [INFO] Results:
12:55:57.198 [INFO]   [Measuring]   [maven:out]         [com.diffblue.cover.buildsystem.config.a.a] out: [INFO] 
12:55:57.198 [INFO]   [Measuring]   [maven:out]         [com.diffblue.cover.buildsystem.config.a.a] out: [INFO] Tests run: 47, Failures: 0, Errors: 0, Skipped: 0
12:55:57.198 [INFO]   [Measuring]   [maven:out]         [com.diffblue.cover.buildsystem.config.a.a] out: [INFO] 
12:55:57.201 [INFO]   [Measuring]   [maven:out]         [com.diffblue.cover.buildsystem.internal.f.f] deserializing line [DIFFBLUE]{"__type":"com.diffblue.cover.buildsystem.model.DefaultEventMessage","project":"uk.gov.gchq.palisade:common","goal":"test","cause":null,"state":"SUCCESS"}
12:55:57.202 [INFO]   [Measuring]   [maven:out]         [com.diffblue.cover.buildsystem.internal.f.f] deserializing line [DIFFBLUE]{"__type":"com.diffblue.cover.buildsystem.model.DefaultEventMessage","project":"uk.gov.gchq.palisade:common","goal":"report","cause":null,"state":"STARTED"}
12:55:57.203 [INFO]   [Measuring]   [maven:out]         [com.diffblue.cover.buildsystem.config.a.a] out: [INFO] 
12:55:57.203 [INFO]   [Measuring]   [maven:out]         [com.diffblue.cover.buildsystem.config.a.a] out: [INFO] --- jacoco:0.8.5:report (default-cli) @ common ---
12:55:57.237 [INFO]   [Measuring]   [maven:out]         [com.diffblue.cover.buildsystem.config.a.a] out: [INFO] Loading execution data file /home/jbergqvist/diffblue/Palisade-common/target/jacoco.exec
12:55:57.294 [INFO]   [Measuring]   [maven:out]         [com.diffblue.cover.buildsystem.config.a.a] out: [INFO] Analyzed bundle 'GCHQ Palisade Common Library' with 25 classes
12:55:57.354 [INFO]   [Measuring]   [maven:out]         [com.diffblue.cover.buildsystem.internal.f.f] deserializing line [DIFFBLUE]{"__type":"com.diffblue.cover.buildsystem.model.DefaultEventMessage","project":"uk.gov.gchq.palisade:common","goal":"report","cause":null,"state":"SUCCESS"}
12:55:57.373 [INFO]   [Measuring]   [maven:out]         [com.diffblue.cover.buildsystem.internal.f.f] deserializing line [DIFFBLUE]{"__type":"com.diffblue.cover.buildsystem.model.DefaultProjectModuleMessage","project":{"__type":"DefaultProjectModule","junitReport":["/home/jbergqvist/diffblue/Palisade-common/target/surefire-reports"],"jacocoReport":["/home/jbergqvist/diffblue/Palisade-common/target/site/jacoco/jacoco.xml"],"jacocoDestFile":["${sonar.jacoco.reportPath}","/home/jbergqvist/diffblue/Palisade-common/target/jacoco.exec"],"jacocoFormats":["xml"],"jacocoSkipped":false,"classpath":["/home/jbergqvist/diffblue/Palisade-common/target/classes","/home/jbergqvist/.m2/repository/com/typesafe/akka/akka-stream_2.13/2.6.10/akka-stream_2.13-2.6.10.jar","/home/jbergqvist/.m2/repository/org/scala-lang/scala-library/2.13.3/scala-library-2.13.3.jar","/home/jbergqvist/.m2/repository/com/typesafe/akka/akka-actor_2.13/2.6.10/akka-actor_2.13-2.6.10.jar","/home/jbergqvist/.m2/repository/com/typesafe/config/1.4.0/config-1.4.0.jar","/home/jbergqvist/.m2/repository/org/scala-lang/modules/scala-java8-compat_2.13/0.9.0/scala-java8-compat_2.13-0.9.0.jar","/home/jbergqvist/.m2/repository/com/typesafe/akka/akka-protobuf-v3_2.13/2.6.10/akka-protobuf-v3_2.13-2.6.10.jar","/home/jbergqvist/.m2/repository/org/reactivestreams/reactive-streams/1.0.3/reactive-streams-1.0.3.jar","/home/jbergqvist/.m2/repository/com/typesafe/ssl-config-core_2.13/0.4.2/ssl-config-core_2.13-0.4.2.jar","/home/jbergqvist/.m2/repository/org/scala-lang/modules/scala-parser-combinators_2.13/1.1.2/scala-parser-combinators_2.13-1.1.2.jar","/home/jbergqvist/.m2/repository/org/junit/jupiter/junit-jupiter-engine/5.13.4/junit-jupiter-engine-5.13.4.jar","/home/jbergqvist/.m2/repository/org/junit/platform/junit-platform-engine/1.13.4/junit-platform-engine-1.13.4.jar","/home/jbergqvist/.m2/repository/org/opentest4j/opentest4j/1.3.0/opentest4j-1.3.0.jar","/home/jbergqvist/.m2/repository/org/junit/platform/junit-platform-commons/1.13.4/junit-platform-commons-1.13.4.jar","/home/jbergqvist/.m2/repository/org/junit/jupiter/junit-jupiter-api/5.13.4/junit-jupiter-api-5.13.4.jar","/home/jbergqvist/.m2/repository/org/apiguardian/apiguardian-api/1.1.2/apiguardian-api-1.1.2.jar","/home/jbergqvist/.m2/repository/org/mockito/mockito-core/5.20.0/mockito-core-5.20.0.jar","/home/jbergqvist/.m2/repository/net/bytebuddy/byte-buddy/1.17.7/byte-buddy-1.17.7.jar","/home/jbergqvist/.m2/repository/net/bytebuddy/byte-buddy-agent/1.17.7/byte-buddy-agent-1.17.7.jar","/home/jbergqvist/.m2/repository/org/objenesis/objenesis/3.3/objenesis-3.3.jar","/home/jbergqvist/.m2/repository/org/mockito/mockito-junit-jupiter/5.20.0/mockito-junit-jupiter-5.20.0.jar","/home/jbergqvist/.m2/repository/com/fasterxml/jackson/core/jackson-databind/2.11.0/jackson-databind-2.11.0.jar","/home/jbergqvist/.m2/repository/com/fasterxml/jackson/core/jackson-annotations/2.11.0/jackson-annotations-2.11.0.jar","/home/jbergqvist/.m2/repository/com/fasterxml/jackson/core/jackson-core/2.11.0/jackson-core-2.11.0.jar","/home/jbergqvist/.m2/repository/org/slf4j/slf4j-api/1.7.25/slf4j-api-1.7.25.jar","/home/jbergqvist/.m2/repository/com/diffblue/cover/cover-annotations/1.8.0/cover-annotations-1.8.0.jar"],"complianceLevel":"11","productionSources":["/home/jbergqvist/diffblue/Palisade-common/src/main/java"],"testSources":["/home/jbergqvist/diffblue/Palisade-common/src/test/java"],"productionClasses":"/home/jbergqvist/diffblue/Palisade-common/target/classes","testClasses":"/home/jbergqvist/diffblue/Palisade-common/target/test-classes","sourceToBuildPathMap":null,"testSourceToBuildPathMap":null,"buildDirectory":"/home/jbergqvist/diffblue/Palisade-common/target","plugins":[{"__type":"DefaultPlugin","groupId":"org.apache.maven.plugins","artefactId":"maven-compiler-plugin","version":"3.8.0","pluginClassName":null},{"__type":"DefaultPlugin","groupId":"org.apache.maven.plugins","artefactId":"maven-javadoc-plugin","version":"3.1.0","pluginClassName":null},{"__type":"DefaultPlugin","groupId":"org.apache.maven.plugins","artefactId":"maven-dependency-plugin","version":"3.1.2","pluginClassName":null},{"__type":"DefaultPlugin","groupId":"org.codehaus.mojo","artefactId":"flatten-maven-plugin","version":"1.1.0","pluginClassName":null},{"__type":"DefaultPlugin","groupId":"org.codehaus.mojo","artefactId":"license-maven-plugin","version":"2.0.0","pluginClassName":null},{"__type":"DefaultPlugin","groupId":"org.jacoco","artefactId":"jacoco-maven-plugin","version":"0.8.5","pluginClassName":null},{"__type":"DefaultPlugin","groupId":"org.apache.maven.plugins","artefactId":"maven-checkstyle-plugin","version":"3.1.0","pluginClassName":null},{"__type":"DefaultPlugin","groupId":"org.apache.maven.plugins","artefactId":"maven-clean-plugin","version":"3.2.0","pluginClassName":null},{"__type":"DefaultPlugin","groupId":"org.apache.maven.plugins","artefactId":"maven-resources-plugin","version":"3.3.1","pluginClassName":null},{"__type":"DefaultPlugin","groupId":"org.apache.maven.plugins","artefactId":"maven-jar-plugin","version":"3.4.1","pluginClassName":null},{"__type":"DefaultPlugin","groupId":"org.apache.maven.plugins","artefactId":"maven-surefire-plugin","version":"3.2.5","pluginClassName":null},{"__type":"DefaultPlugin","groupId":"org.apache.maven.plugins","artefactId":"maven-install-plugin","version":"3.1.2","pluginClassName":null},{"__type":"DefaultPlugin","groupId":"org.apache.maven.plugins","artefactId":"maven-deploy-plugin","version":"3.1.2","pluginClassName":null},{"__type":"DefaultPlugin","groupId":"org.apache.maven.plugins","artefactId":"maven-site-plugin","version":"3.12.1","pluginClassName":null}],"version":"3.9.12","encoding":"UTF-8","name":"maven","subModules":[],"simpleModuleName":null,"parentModuleName":null,"location":"/home/jbergqvist/diffblue/Palisade-common","fullModuleName":"uk.gov.gchq.palisade:common"}}
12:55:57.375 [INFO]   [Measuring]   [maven:out]         [com.diffblue.cover.buildsystem.config.a.a] out: [INFO] ------------------------------------------------------------------------
12:55:57.375 [INFO]   [Measuring]   [maven:out]         [com.diffblue.cover.buildsystem.config.a.a] out: [INFO] BUILD SUCCESS
12:55:57.376 [INFO]   [Measuring]   [maven:out]         [com.diffblue.cover.buildsystem.config.a.a] out: [INFO] ------------------------------------------------------------------------
12:55:57.376 [INFO]   [Measuring]   [maven:out]         [com.diffblue.cover.buildsystem.config.a.a] out: [INFO] Total time:  7.227 s
12:55:57.376 [INFO]   [Measuring]   [maven:out]         [com.diffblue.cover.buildsystem.config.a.a] out: [INFO] Finished at: 2026-01-12T12:55:57Z
12:55:57.376 [INFO]   [Measuring]   [maven:out]         [com.diffblue.cover.buildsystem.config.a.a] out: [INFO] ------------------------------------------------------------------------
12:55:57.376 [INFO]   [Measuring]   [maven:out]         [com.diffblue.cover.buildsystem.internal.f.f] deserializing line [DIFFBLUE]{"__type":"com.diffblue.cover.buildsystem.model.ProjectInfoMessage","projectName":"uk.gov.gchq.palisade:common","productionSources":["/home/jbergqvist/diffblue/Palisade-common/src/main/java","/home/jbergqvist/diffblue/Palisade-common/target/generated-sources/annotations"],"testSources":["/home/jbergqvist/diffblue/Palisade-common/src/test/java","/home/jbergqvist/diffblue/Palisade-common/target/generated-test-sources/test-annotations"],"location":"/home/jbergqvist/diffblue/Palisade-common"}
12:55:57.412 [INFO]   [Measuring]   [main]              [com.diffblue.cover.buildsystem.internal.f.d] maven:err process not stopped, joining thread
12:55:57.413 [INFO]   [Measuring]   [main]              [com.diffblue.cover.buildsystem.internal.f.d] maven:out process not stopped, joining thread
12:55:57.413 [DEBUG]  [Measuring]   [main]              [com.diffblue.cover.buildsystem.config.a.a] Executor spent 8s on command "/home/jbergqvist/.sdkman/candidates/maven/current/bin/mvn -Dmaven.ext.class.path=/opt/cover/cover-buildsystem-maven-spy-jar-with-dependencies.jar -Dcom.diffblue.cover.skipTests=true -DskipTestOptimizer --batch-mode --projects=uk.gov.gchq.palisade:common --global-settings=/home/jbergqvist/.sdkman/candidates/maven/current/conf/settings.xml org.apache.maven.plugins:maven-checkstyle-plugin:check -Dcheckstyle.failOnViolation=false org.jacoco:jacoco-maven-plugin:0.8.5:prepare-agent -Djacoco.skip=false test -DfailIfNoTests=false -Dsurefire.failIfNoSpecifiedTests=false -Dmaven.test.failure.ignore=True -Dtest=*DiffblueTest org.jacoco:jacoco-maven-plugin:0.8.5:report -Djacoco.skip=false"
12:55:57.413 [INFO]   [Measuring]   [main]              [com.diffblue.cover.buildsystem.config.a.a] Attempting to invoke mvnw in working directory: /home/jbergqvist/diffblue/Palisade-common
12:55:57.413 [INFO]   [Measuring]   [main]              [com.diffblue.cover.buildsystem.config.a.a] Attempting to invoke /home/jbergqvist/.sdkman/candidates/maven/current/bin/mvn in working directory: /home/jbergqvist/diffblue/Palisade-common
12:55:57.414 [INFO]   [Measuring]   [main]              [com.diffblue.cover.buildsystem.config.a.a] Started "/home/jbergqvist/.sdkman/candidates/maven/current/bin/mvn -Dmaven.ext.class.path=/opt/cover/cover-buildsystem-maven-spy-jar-with-dependencies.jar -Dcom.diffblue.cover.skipTests=true -DskipTestOptimizer --batch-mode --projects=uk.gov.gchq.palisade:common --global-settings=/home/jbergqvist/.sdkman/candidates/maven/current/conf/settings.xml org.apache.maven.plugins:maven-checkstyle-plugin:check -Dcheckstyle.failOnViolation=false org.jacoco:jacoco-maven-plugin:0.8.5:prepare-agent -Djacoco.skip=false test -DfailIfNoTests=false -Dsurefire.failIfNoSpecifiedTests=false -Dmaven.test.failure.ignore=True -Dtest=!*DiffblueTest,**/Test*.java,**/*Test.java,**/*Tests.java,**/*TestCase.java -Dgroups=MaintainedByDiffblue,ContributionFromDiffblue org.jacoco:jacoco-maven-plugin:0.8.5:report -Djacoco.skip=false"
12:55:58.184 [INFO]   [Measuring]   [maven:out]         [com.diffblue.cover.buildsystem.config.a.a] out: [INFO] Scanning for projects...
12:55:58.312 [INFO]   [Measuring]   [maven:out]         [com.diffblue.cover.buildsystem.config.a.a] out: [INFO] 
12:55:58.312 [INFO]   [Measuring]   [maven:out]         [com.diffblue.cover.buildsystem.config.a.a] out: [INFO] --------------------< uk.gov.gchq.palisade:common >---------------------
12:55:58.312 [INFO]   [Measuring]   [maven:out]         [com.diffblue.cover.buildsystem.config.a.a] out: [INFO] Building GCHQ Palisade Common Library 0.5.2-SNAPSHOT
12:55:58.312 [INFO]   [Measuring]   [maven:out]         [com.diffblue.cover.buildsystem.config.a.a] out: [INFO]   from pom.xml
12:55:58.312 [INFO]   [Measuring]   [maven:out]         [com.diffblue.cover.buildsystem.config.a.a] out: [INFO] --------------------------------[ jar ]---------------------------------
12:55:58.553 [INFO]   [Measuring]   [maven:out]         [com.diffblue.cover.buildsystem.internal.f.f] deserializing line [DIFFBLUE]{"__type":"com.diffblue.cover.buildsystem.model.DefaultEventMessage","project":"uk.gov.gchq.palisade:common","goal":"check","cause":null,"state":"STARTED"}
12:55:58.554 [INFO]   [Measuring]   [maven:out]         [com.diffblue.cover.buildsystem.config.a.a] out: [INFO] 
12:55:58.554 [INFO]   [Measuring]   [maven:out]         [com.diffblue.cover.buildsystem.config.a.a] out: [INFO] --- checkstyle:3.1.0:check (default-cli) @ common ---
12:55:59.223 [INFO]   [Measuring]   [maven:out]         [com.diffblue.cover.buildsystem.config.a.a] out: [INFO] Starting audit...
12:55:59.223 [INFO]   [Measuring]   [maven:out]         [com.diffblue.cover.buildsystem.config.a.a] out: Audit done.
12:55:59.230 [INFO]   [Measuring]   [maven:out]         [com.diffblue.cover.buildsystem.internal.f.f] deserializing line [DIFFBLUE]{"__type":"com.diffblue.cover.buildsystem.model.DefaultEventMessage","project":"uk.gov.gchq.palisade:common","goal":"check","cause":null,"state":"SUCCESS"}
12:55:59.232 [INFO]   [Measuring]   [maven:out]         [com.diffblue.cover.buildsystem.internal.f.f] deserializing line [DIFFBLUE]{"__type":"com.diffblue.cover.buildsystem.model.DefaultEventMessage","project":"uk.gov.gchq.palisade:common","goal":"prepare-agent","cause":null,"state":"STARTED"}
12:55:59.233 [INFO]   [Measuring]   [maven:out]         [com.diffblue.cover.buildsystem.config.a.a] out: [INFO] 
12:55:59.233 [INFO]   [Measuring]   [maven:out]         [com.diffblue.cover.buildsystem.config.a.a] out: [INFO] --- jacoco:0.8.5:prepare-agent (default-cli) @ common ---
12:55:59.347 [INFO]   [Measuring]   [maven:out]         [com.diffblue.cover.buildsystem.config.a.a] out: [INFO] argLine set to -javaagent:/home/jbergqvist/.m2/repository/org/jacoco/org.jacoco.agent/0.8.5/org.jacoco.agent-0.8.5-runtime.jar=destfile=/home/jbergqvist/diffblue/Palisade-common/target/jacoco.exec,append=true
12:55:59.349 [INFO]   [Measuring]   [maven:out]         [com.diffblue.cover.buildsystem.internal.f.f] deserializing line [DIFFBLUE]{"__type":"com.diffblue.cover.buildsystem.model.DefaultEventMessage","project":"uk.gov.gchq.palisade:common","goal":"prepare-agent","cause":null,"state":"SUCCESS"}
12:55:59.350 [INFO]   [Measuring]   [maven:out]         [com.diffblue.cover.buildsystem.internal.f.f] deserializing line [DIFFBLUE]{"__type":"com.diffblue.cover.buildsystem.model.DefaultEventMessage","project":"uk.gov.gchq.palisade:common","goal":"prepare-agent","cause":null,"state":"STARTED"}
12:55:59.351 [INFO]   [Measuring]   [maven:out]         [com.diffblue.cover.buildsystem.config.a.a] out: [INFO] 
12:55:59.351 [INFO]   [Measuring]   [maven:out]         [com.diffblue.cover.buildsystem.config.a.a] out: [INFO] --- jacoco:0.8.5:prepare-agent (agent) @ common ---
12:55:59.352 [INFO]   [Measuring]   [maven:out]         [com.diffblue.cover.buildsystem.config.a.a] out: [INFO] argLine set to -javaagent:/home/jbergqvist/.m2/repository/org/jacoco/org.jacoco.agent/0.8.5/org.jacoco.agent-0.8.5-runtime.jar=destfile=/home/jbergqvist/diffblue/Palisade-common/target/jacoco.exec,append=true
12:55:59.353 [INFO]   [Measuring]   [maven:out]         [com.diffblue.cover.buildsystem.internal.f.f] deserializing line [DIFFBLUE]{"__type":"com.diffblue.cover.buildsystem.model.DefaultEventMessage","project":"uk.gov.gchq.palisade:common","goal":"prepare-agent","cause":null,"state":"SUCCESS"}
12:55:59.354 [INFO]   [Measuring]   [maven:out]         [com.diffblue.cover.buildsystem.internal.f.f] deserializing line [DIFFBLUE]{"__type":"com.diffblue.cover.buildsystem.model.DefaultEventMessage","project":"uk.gov.gchq.palisade:common","goal":"resources","cause":null,"state":"STARTED"}
12:55:59.355 [INFO]   [Measuring]   [maven:out]         [com.diffblue.cover.buildsystem.config.a.a] out: [INFO] 
12:55:59.355 [INFO]   [Measuring]   [maven:out]         [com.diffblue.cover.buildsystem.config.a.a] out: [INFO] --- resources:3.3.1:resources (default-resources) @ common ---
12:55:59.400 [INFO]   [Measuring]   [maven:out]         [com.diffblue.cover.buildsystem.config.a.a] out: [INFO] Copying 1 resource from src/main/resources to target/classes
12:55:59.404 [INFO]   [Measuring]   [maven:out]         [com.diffblue.cover.buildsystem.internal.f.f] deserializing line [DIFFBLUE]{"__type":"com.diffblue.cover.buildsystem.model.DefaultEventMessage","project":"uk.gov.gchq.palisade:common","goal":"resources","cause":null,"state":"SUCCESS"}
12:55:59.405 [INFO]   [Measuring]   [maven:out]         [com.diffblue.cover.buildsystem.internal.f.f] deserializing line [DIFFBLUE]{"__type":"com.diffblue.cover.buildsystem.model.DefaultEventMessage","project":"uk.gov.gchq.palisade:common","goal":"flatten","cause":null,"state":"STARTED"}
12:55:59.407 [INFO]   [Measuring]   [maven:out]         [com.diffblue.cover.buildsystem.config.a.a] out: [INFO] 
12:55:59.407 [INFO]   [Measuring]   [maven:out]         [com.diffblue.cover.buildsystem.config.a.a] out: [INFO] --- flatten:1.1.0:flatten (flatten) @ common ---
12:55:59.487 [INFO]   [Measuring]   [maven:out]         [com.diffblue.cover.buildsystem.config.a.a] out: [INFO] Generating flattened POM of project uk.gov.gchq.palisade:common:jar:0.5.2-SNAPSHOT...
12:55:59.517 [INFO]   [Measuring]   [maven:out]         [com.diffblue.cover.buildsystem.internal.f.f] deserializing line [DIFFBLUE]{"__type":"com.diffblue.cover.buildsystem.model.DefaultEventMessage","project":"uk.gov.gchq.palisade:common","goal":"flatten","cause":null,"state":"SUCCESS"}
12:55:59.518 [INFO]   [Measuring]   [maven:out]         [com.diffblue.cover.buildsystem.internal.f.f] deserializing line [DIFFBLUE]{"__type":"com.diffblue.cover.buildsystem.model.DefaultEventMessage","project":"uk.gov.gchq.palisade:common","goal":"compile","cause":null,"state":"STARTED"}
12:55:59.518 [INFO]   [Measuring]   [maven:out]         [com.diffblue.cover.buildsystem.config.a.a] out: [INFO] 
12:55:59.518 [INFO]   [Measuring]   [maven:out]         [com.diffblue.cover.buildsystem.config.a.a] out: [INFO] --- compiler:3.8.0:compile (default-compile) @ common ---
12:55:59.595 [INFO]   [Measuring]   [maven:out]         [com.diffblue.cover.buildsystem.config.a.a] out: [INFO] Nothing to compile - all classes are up to date
12:55:59.597 [INFO]   [Measuring]   [maven:out]         [com.diffblue.cover.buildsystem.internal.f.f] deserializing line [DIFFBLUE]{"__type":"com.diffblue.cover.buildsystem.model.DefaultEventMessage","project":"uk.gov.gchq.palisade:common","goal":"compile","cause":null,"state":"SUCCESS"}
12:55:59.599 [INFO]   [Measuring]   [maven:out]         [com.diffblue.cover.buildsystem.internal.f.f] deserializing line [DIFFBLUE]{"__type":"com.diffblue.cover.buildsystem.model.DefaultEventMessage","project":"uk.gov.gchq.palisade:common","goal":"javadoc-no-fork","cause":null,"state":"STARTED"}
12:55:59.599 [INFO]   [Measuring]   [maven:out]         [com.diffblue.cover.buildsystem.config.a.a] out: [INFO] 
12:55:59.599 [INFO]   [Measuring]   [maven:out]         [com.diffblue.cover.buildsystem.config.a.a] out: [INFO] --- javadoc:3.1.0:javadoc-no-fork (javadoc-compile) @ common ---
12:56:01.309 [INFO]   [Measuring]   [maven:out]         [com.diffblue.cover.buildsystem.internal.f.f] deserializing line [DIFFBLUE]{"__type":"com.diffblue.cover.buildsystem.model.DefaultEventMessage","project":"uk.gov.gchq.palisade:common","goal":"javadoc-no-fork","cause":null,"state":"SUCCESS"}
12:56:01.310 [INFO]   [Measuring]   [maven:out]         [com.diffblue.cover.buildsystem.internal.f.f] deserializing line [DIFFBLUE]{"__type":"com.diffblue.cover.buildsystem.model.DefaultEventMessage","project":"uk.gov.gchq.palisade:common","goal":"aggregate-no-fork","cause":null,"state":"STARTED"}
12:56:01.310 [INFO]   [Measuring]   [maven:out]         [com.diffblue.cover.buildsystem.config.a.a] out: [INFO] 
12:56:01.310 [INFO]   [Measuring]   [maven:out]         [com.diffblue.cover.buildsystem.config.a.a] out: [INFO] --- javadoc:3.1.0:aggregate-no-fork (javadoc-compile) @ common ---
12:56:02.686 [INFO]   [Measuring]   [maven:out]         [com.diffblue.cover.buildsystem.internal.f.f] deserializing line [DIFFBLUE]{"__type":"com.diffblue.cover.buildsystem.model.DefaultEventMessage","project":"uk.gov.gchq.palisade:common","goal":"aggregate-no-fork","cause":null,"state":"SUCCESS"}
12:56:02.687 [INFO]   [Measuring]   [maven:out]         [com.diffblue.cover.buildsystem.internal.f.f] deserializing line [DIFFBLUE]{"__type":"com.diffblue.cover.buildsystem.model.DefaultEventMessage","project":"uk.gov.gchq.palisade:common","goal":"testResources","cause":null,"state":"STARTED"}
12:56:02.688 [INFO]   [Measuring]   [maven:out]         [com.diffblue.cover.buildsystem.config.a.a] out: [INFO] 
12:56:02.688 [INFO]   [Measuring]   [maven:out]         [com.diffblue.cover.buildsystem.config.a.a] out: [INFO] --- resources:3.3.1:testResources (default-testResources) @ common ---
12:56:02.688 [INFO]   [Measuring]   [maven:out]         [com.diffblue.cover.buildsystem.config.a.a] out: [INFO] skip non existing resourceDirectory /home/jbergqvist/diffblue/Palisade-common/src/test/resources
12:56:02.689 [INFO]   [Measuring]   [maven:out]         [com.diffblue.cover.buildsystem.internal.f.f] deserializing line [DIFFBLUE]{"__type":"com.diffblue.cover.buildsystem.model.DefaultEventMessage","project":"uk.gov.gchq.palisade:common","goal":"testResources","cause":null,"state":"SUCCESS"}
12:56:02.690 [INFO]   [Measuring]   [maven:out]         [com.diffblue.cover.buildsystem.internal.f.f] deserializing line [DIFFBLUE]{"__type":"com.diffblue.cover.buildsystem.model.DefaultEventMessage","project":"uk.gov.gchq.palisade:common","goal":"testCompile","cause":null,"state":"STARTED"}
12:56:02.691 [INFO]   [Measuring]   [maven:out]         [com.diffblue.cover.buildsystem.config.a.a] out: [INFO] 
12:56:02.691 [INFO]   [Measuring]   [maven:out]         [com.diffblue.cover.buildsystem.config.a.a] out: [INFO] --- compiler:3.8.0:testCompile (default-testCompile) @ common ---
12:56:02.695 [INFO]   [Measuring]   [maven:out]         [com.diffblue.cover.buildsystem.config.a.a] out: [INFO] Nothing to compile - all classes are up to date
12:56:02.696 [INFO]   [Measuring]   [maven:out]         [com.diffblue.cover.buildsystem.internal.f.f] deserializing line [DIFFBLUE]{"__type":"com.diffblue.cover.buildsystem.model.DefaultEventMessage","project":"uk.gov.gchq.palisade:common","goal":"testCompile","cause":null,"state":"SUCCESS"}
12:56:02.697 [INFO]   [Measuring]   [maven:out]         [com.diffblue.cover.buildsystem.internal.f.f] deserializing line [DIFFBLUE]{"__type":"com.diffblue.cover.buildsystem.model.DefaultEventMessage","project":"uk.gov.gchq.palisade:common","goal":"test","cause":null,"state":"STARTED"}
12:56:02.697 [INFO]   [Measuring]   [maven:out]         [com.diffblue.cover.buildsystem.config.a.a] out: [INFO] 
12:56:02.697 [INFO]   [Measuring]   [maven:out]         [com.diffblue.cover.buildsystem.config.a.a] out: [INFO] --- surefire:3.2.5:test (default-test) @ common ---
12:56:02.769 [INFO]   [Measuring]   [maven:out]         [com.diffblue.cover.buildsystem.internal.f.f] deserializing line [DIFFBLUE]{"__type":"com.diffblue.cover.buildsystem.model.DefaultEventMessage","project":"uk.gov.gchq.palisade:common","goal":"test","cause":null,"state":"SUCCESS"}
12:56:02.770 [INFO]   [Measuring]   [maven:out]         [com.diffblue.cover.buildsystem.internal.f.f] deserializing line [DIFFBLUE]{"__type":"com.diffblue.cover.buildsystem.model.DefaultEventMessage","project":"uk.gov.gchq.palisade:common","goal":"report","cause":null,"state":"STARTED"}
12:56:02.770 [INFO]   [Measuring]   [maven:out]         [com.diffblue.cover.buildsystem.config.a.a] out: [INFO] 
12:56:02.770 [INFO]   [Measuring]   [maven:out]         [com.diffblue.cover.buildsystem.config.a.a] out: [INFO] --- jacoco:0.8.5:report (default-cli) @ common ---
12:56:02.825 [INFO]   [Measuring]   [maven:out]         [com.diffblue.cover.buildsystem.config.a.a] out: [INFO] Loading execution data file /home/jbergqvist/diffblue/Palisade-common/target/jacoco.exec
12:56:02.902 [INFO]   [Measuring]   [maven:out]         [com.diffblue.cover.buildsystem.config.a.a] out: [INFO] Analyzed bundle 'GCHQ Palisade Common Library' with 25 classes
12:56:02.965 [INFO]   [Measuring]   [maven:out]         [com.diffblue.cover.buildsystem.internal.f.f] deserializing line [DIFFBLUE]{"__type":"com.diffblue.cover.buildsystem.model.DefaultEventMessage","project":"uk.gov.gchq.palisade:common","goal":"report","cause":null,"state":"SUCCESS"}
12:56:02.988 [INFO]   [Measuring]   [maven:out]         [com.diffblue.cover.buildsystem.internal.f.f] deserializing line [DIFFBLUE]{"__type":"com.diffblue.cover.buildsystem.model.DefaultProjectModuleMessage","project":{"__type":"DefaultProjectModule","junitReport":["/home/jbergqvist/diffblue/Palisade-common/target/surefire-reports"],"jacocoReport":["/home/jbergqvist/diffblue/Palisade-common/target/site/jacoco/jacoco.xml"],"jacocoDestFile":["${sonar.jacoco.reportPath}","/home/jbergqvist/diffblue/Palisade-common/target/jacoco.exec"],"jacocoFormats":["xml"],"jacocoSkipped":false,"classpath":["/home/jbergqvist/diffblue/Palisade-common/target/classes","/home/jbergqvist/.m2/repository/com/typesafe/akka/akka-stream_2.13/2.6.10/akka-stream_2.13-2.6.10.jar","/home/jbergqvist/.m2/repository/org/scala-lang/scala-library/2.13.3/scala-library-2.13.3.jar","/home/jbergqvist/.m2/repository/com/typesafe/akka/akka-actor_2.13/2.6.10/akka-actor_2.13-2.6.10.jar","/home/jbergqvist/.m2/repository/com/typesafe/config/1.4.0/config-1.4.0.jar","/home/jbergqvist/.m2/repository/org/scala-lang/modules/scala-java8-compat_2.13/0.9.0/scala-java8-compat_2.13-0.9.0.jar","/home/jbergqvist/.m2/repository/com/typesafe/akka/akka-protobuf-v3_2.13/2.6.10/akka-protobuf-v3_2.13-2.6.10.jar","/home/jbergqvist/.m2/repository/org/reactivestreams/reactive-streams/1.0.3/reactive-streams-1.0.3.jar","/home/jbergqvist/.m2/repository/com/typesafe/ssl-config-core_2.13/0.4.2/ssl-config-core_2.13-0.4.2.jar","/home/jbergqvist/.m2/repository/org/scala-lang/modules/scala-parser-combinators_2.13/1.1.2/scala-parser-combinators_2.13-1.1.2.jar","/home/jbergqvist/.m2/repository/org/junit/jupiter/junit-jupiter-engine/5.13.4/junit-jupiter-engine-5.13.4.jar","/home/jbergqvist/.m2/repository/org/junit/platform/junit-platform-engine/1.13.4/junit-platform-engine-1.13.4.jar","/home/jbergqvist/.m2/repository/org/opentest4j/opentest4j/1.3.0/opentest4j-1.3.0.jar","/home/jbergqvist/.m2/repository/org/junit/platform/junit-platform-commons/1.13.4/junit-platform-commons-1.13.4.jar","/home/jbergqvist/.m2/repository/org/junit/jupiter/junit-jupiter-api/5.13.4/junit-jupiter-api-5.13.4.jar","/home/jbergqvist/.m2/repository/org/apiguardian/apiguardian-api/1.1.2/apiguardian-api-1.1.2.jar","/home/jbergqvist/.m2/repository/org/mockito/mockito-core/5.20.0/mockito-core-5.20.0.jar","/home/jbergqvist/.m2/repository/net/bytebuddy/byte-buddy/1.17.7/byte-buddy-1.17.7.jar","/home/jbergqvist/.m2/repository/net/bytebuddy/byte-buddy-agent/1.17.7/byte-buddy-agent-1.17.7.jar","/home/jbergqvist/.m2/repository/org/objenesis/objenesis/3.3/objenesis-3.3.jar","/home/jbergqvist/.m2/repository/org/mockito/mockito-junit-jupiter/5.20.0/mockito-junit-jupiter-5.20.0.jar","/home/jbergqvist/.m2/repository/com/fasterxml/jackson/core/jackson-databind/2.11.0/jackson-databind-2.11.0.jar","/home/jbergqvist/.m2/repository/com/fasterxml/jackson/core/jackson-annotations/2.11.0/jackson-annotations-2.11.0.jar","/home/jbergqvist/.m2/repository/com/fasterxml/jackson/core/jackson-core/2.11.0/jackson-core-2.11.0.jar","/home/jbergqvist/.m2/repository/org/slf4j/slf4j-api/1.7.25/slf4j-api-1.7.25.jar","/home/jbergqvist/.m2/repository/com/diffblue/cover/cover-annotations/1.8.0/cover-annotations-1.8.0.jar"],"complianceLevel":"11","productionSources":["/home/jbergqvist/diffblue/Palisade-common/src/main/java"],"testSources":["/home/jbergqvist/diffblue/Palisade-common/src/test/java"],"productionClasses":"/home/jbergqvist/diffblue/Palisade-common/target/classes","testClasses":"/home/jbergqvist/diffblue/Palisade-common/target/test-classes","sourceToBuildPathMap":null,"testSourceToBuildPathMap":null,"buildDirectory":"/home/jbergqvist/diffblue/Palisade-common/target","plugins":[{"__type":"DefaultPlugin","groupId":"org.apache.maven.plugins","artefactId":"maven-compiler-plugin","version":"3.8.0","pluginClassName":null},{"__type":"DefaultPlugin","groupId":"org.apache.maven.plugins","artefactId":"maven-javadoc-plugin","version":"3.1.0","pluginClassName":null},{"__type":"DefaultPlugin","groupId":"org.apache.maven.plugins","artefactId":"maven-dependency-plugin","version":"3.1.2","pluginClassName":null},{"__type":"DefaultPlugin","groupId":"org.codehaus.mojo","artefactId":"flatten-maven-plugin","version":"1.1.0","pluginClassName":null},{"__type":"DefaultPlugin","groupId":"org.codehaus.mojo","artefactId":"license-maven-plugin","version":"2.0.0","pluginClassName":null},{"__type":"DefaultPlugin","groupId":"org.jacoco","artefactId":"jacoco-maven-plugin","version":"0.8.5","pluginClassName":null},{"__type":"DefaultPlugin","groupId":"org.apache.maven.plugins","artefactId":"maven-checkstyle-plugin","version":"3.1.0","pluginClassName":null},{"__type":"DefaultPlugin","groupId":"org.apache.maven.plugins","artefactId":"maven-clean-plugin","version":"3.2.0","pluginClassName":null},{"__type":"DefaultPlugin","groupId":"org.apache.maven.plugins","artefactId":"maven-resources-plugin","version":"3.3.1","pluginClassName":null},{"__type":"DefaultPlugin","groupId":"org.apache.maven.plugins","artefactId":"maven-jar-plugin","version":"3.4.1","pluginClassName":null},{"__type":"DefaultPlugin","groupId":"org.apache.maven.plugins","artefactId":"maven-surefire-plugin","version":"3.2.5","pluginClassName":null},{"__type":"DefaultPlugin","groupId":"org.apache.maven.plugins","artefactId":"maven-install-plugin","version":"3.1.2","pluginClassName":null},{"__type":"DefaultPlugin","groupId":"org.apache.maven.plugins","artefactId":"maven-deploy-plugin","version":"3.1.2","pluginClassName":null},{"__type":"DefaultPlugin","groupId":"org.apache.maven.plugins","artefactId":"maven-site-plugin","version":"3.12.1","pluginClassName":null}],"version":"3.9.12","encoding":"UTF-8","name":"maven","subModules":[],"simpleModuleName":null,"parentModuleName":null,"location":"/home/jbergqvist/diffblue/Palisade-common","fullModuleName":"uk.gov.gchq.palisade:common"}}
12:56:02.992 [INFO]   [Measuring]   [maven:out]         [com.diffblue.cover.buildsystem.config.a.a] out: [INFO] ------------------------------------------------------------------------
12:56:02.992 [INFO]   [Measuring]   [maven:out]         [com.diffblue.cover.buildsystem.config.a.a] out: [INFO] BUILD SUCCESS
12:56:02.992 [INFO]   [Measuring]   [maven:out]         [com.diffblue.cover.buildsystem.config.a.a] out: [INFO] ------------------------------------------------------------------------
12:56:02.992 [INFO]   [Measuring]   [maven:out]         [com.diffblue.cover.buildsystem.config.a.a] out: [INFO] Total time:  4.820 s
12:56:02.992 [INFO]   [Measuring]   [maven:out]         [com.diffblue.cover.buildsystem.config.a.a] out: [INFO] Finished at: 2026-01-12T12:56:02Z
12:56:02.992 [INFO]   [Measuring]   [maven:out]         [com.diffblue.cover.buildsystem.config.a.a] out: [INFO] ------------------------------------------------------------------------
12:56:02.993 [INFO]   [Measuring]   [maven:out]         [com.diffblue.cover.buildsystem.internal.f.f] deserializing line [DIFFBLUE]{"__type":"com.diffblue.cover.buildsystem.model.ProjectInfoMessage","projectName":"uk.gov.gchq.palisade:common","productionSources":["/home/jbergqvist/diffblue/Palisade-common/src/main/java","/home/jbergqvist/diffblue/Palisade-common/target/generated-sources/annotations"],"testSources":["/home/jbergqvist/diffblue/Palisade-common/src/test/java","/home/jbergqvist/diffblue/Palisade-common/target/generated-test-sources/test-annotations"],"location":"/home/jbergqvist/diffblue/Palisade-common"}
12:56:03.036 [INFO]   [Measuring]   [main]              [com.diffblue.cover.buildsystem.internal.f.d] maven:err process not stopped, joining thread
12:56:03.036 [INFO]   [Measuring]   [main]              [com.diffblue.cover.buildsystem.internal.f.d] maven:out process not stopped, joining thread
12:56:03.036 [DEBUG]  [Measuring]   [main]              [com.diffblue.cover.buildsystem.config.a.a] Executor spent 5s on command "/home/jbergqvist/.sdkman/candidates/maven/current/bin/mvn -Dmaven.ext.class.path=/opt/cover/cover-buildsystem-maven-spy-jar-with-dependencies.jar -Dcom.diffblue.cover.skipTests=true -DskipTestOptimizer --batch-mode --projects=uk.gov.gchq.palisade:common --global-settings=/home/jbergqvist/.sdkman/candidates/maven/current/conf/settings.xml org.apache.maven.plugins:maven-checkstyle-plugin:check -Dcheckstyle.failOnViolation=false org.jacoco:jacoco-maven-plugin:0.8.5:prepare-agent -Djacoco.skip=false test -DfailIfNoTests=false -Dsurefire.failIfNoSpecifiedTests=false -Dmaven.test.failure.ignore=True -Dtest=!*DiffblueTest,**/Test*.java,**/*Test.java,**/*Tests.java,**/*TestCase.java -Dgroups=MaintainedByDiffblue,ContributionFromDiffblue org.jacoco:jacoco-maven-plugin:0.8.5:report -Djacoco.skip=false"
12:56:03.059 [INFO]   [Measuring]   [main]              [com.diffblue.cover.ui.controller.p] JaCoCo report file created in /home/jbergqvist/diffblue/Palisade-common/.diffblue/reports/diffblue-tests-jacoco-report.xml
12:56:03.094 [INFO]   [Measuring]   [main]              [com.diffblue.cover.ui.controller.q] Calculating coverage from manual tests.
12:56:03.095 [DEBUG]  [Measuring]   [main]              [com.diffblue.cover.buildsystem.config.registry.Registry] checking if /home/jbergqvist/diffblue/Palisade-common/DiffblueBuild.yaml exists...
12:56:03.095 [DEBUG]  [Measuring]   [main]              [com.diffblue.cover.buildsystem.config.registry.Registry] checking if /home/jbergqvist/diffblue/Palisade-common/DiffblueBuild.yml exists...
12:56:03.095 [INFO]   [Measuring]   [main]              [com.diffblue.cover.buildsystem.config.registry.Registry] Using default build rules as no custom rules found in any of [/home/jbergqvist/diffblue/Palisade-common]
12:56:03.095 [DEBUG]  [Measuring]   [main]              [com.diffblue.cover.buildsystem.config.registry.Registry] Build execution request for Coverage Phase
12:56:03.096 [INFO]   [Measuring]   [main]              [com.diffblue.cover.buildsystem.config.a.a] Attempting to invoke mvnw in working directory: /home/jbergqvist/diffblue/Palisade-common
12:56:03.096 [INFO]   [Measuring]   [main]              [com.diffblue.cover.buildsystem.config.a.a] Attempting to invoke /home/jbergqvist/.sdkman/candidates/maven/current/bin/mvn in working directory: /home/jbergqvist/diffblue/Palisade-common
12:56:03.097 [INFO]   [Measuring]   [main]              [com.diffblue.cover.buildsystem.config.a.a] Started "/home/jbergqvist/.sdkman/candidates/maven/current/bin/mvn -Dmaven.ext.class.path=/opt/cover/cover-buildsystem-maven-spy-jar-with-dependencies.jar -Dcom.diffblue.cover.skipTests=true -DskipTestOptimizer --batch-mode --projects=uk.gov.gchq.palisade:common --global-settings=/home/jbergqvist/.sdkman/candidates/maven/current/conf/settings.xml org.apache.maven.plugins:maven-checkstyle-plugin:check -Dcheckstyle.failOnViolation=false org.jacoco:jacoco-maven-plugin:0.8.5:prepare-agent -Djacoco.skip=false test -DfailIfNoTests=false -Dsurefire.failIfNoSpecifiedTests=false -Dmaven.test.failure.ignore=True -Dtest=!*DiffblueTest,**/Test*.java,**/*Test.java,**/*Tests.java,**/*TestCase.java -DexcludedGroups=MaintainedByDiffblue,ContributionFromDiffblue org.jacoco:jacoco-maven-plugin:0.8.5:report -Djacoco.skip=false"
12:56:03.876 [INFO]   [Measuring]   [maven:out]         [com.diffblue.cover.buildsystem.config.a.a] out: [INFO] Scanning for projects...
12:56:04.018 [INFO]   [Measuring]   [maven:out]         [com.diffblue.cover.buildsystem.config.a.a] out: [INFO] 
12:56:04.018 [INFO]   [Measuring]   [maven:out]         [com.diffblue.cover.buildsystem.config.a.a] out: [INFO] --------------------< uk.gov.gchq.palisade:common >---------------------
12:56:04.018 [INFO]   [Measuring]   [maven:out]         [com.diffblue.cover.buildsystem.config.a.a] out: [INFO] Building GCHQ Palisade Common Library 0.5.2-SNAPSHOT
12:56:04.018 [INFO]   [Measuring]   [maven:out]         [com.diffblue.cover.buildsystem.config.a.a] out: [INFO]   from pom.xml
12:56:04.018 [INFO]   [Measuring]   [maven:out]         [com.diffblue.cover.buildsystem.config.a.a] out: [INFO] --------------------------------[ jar ]---------------------------------
12:56:04.260 [INFO]   [Measuring]   [maven:out]         [com.diffblue.cover.buildsystem.internal.f.f] deserializing line [DIFFBLUE]{"__type":"com.diffblue.cover.buildsystem.model.DefaultEventMessage","project":"uk.gov.gchq.palisade:common","goal":"check","cause":null,"state":"STARTED"}
12:56:04.261 [INFO]   [Measuring]   [maven:out]         [com.diffblue.cover.buildsystem.config.a.a] out: [INFO] 
12:56:04.261 [INFO]   [Measuring]   [maven:out]         [com.diffblue.cover.buildsystem.config.a.a] out: [INFO] --- checkstyle:3.1.0:check (default-cli) @ common ---
12:56:04.930 [INFO]   [Measuring]   [maven:out]         [com.diffblue.cover.buildsystem.config.a.a] out: [INFO] Starting audit...
12:56:04.930 [INFO]   [Measuring]   [maven:out]         [com.diffblue.cover.buildsystem.config.a.a] out: Audit done.
12:56:04.936 [INFO]   [Measuring]   [maven:out]         [com.diffblue.cover.buildsystem.internal.f.f] deserializing line [DIFFBLUE]{"__type":"com.diffblue.cover.buildsystem.model.DefaultEventMessage","project":"uk.gov.gchq.palisade:common","goal":"check","cause":null,"state":"SUCCESS"}
12:56:04.938 [INFO]   [Measuring]   [maven:out]         [com.diffblue.cover.buildsystem.internal.f.f] deserializing line [DIFFBLUE]{"__type":"com.diffblue.cover.buildsystem.model.DefaultEventMessage","project":"uk.gov.gchq.palisade:common","goal":"prepare-agent","cause":null,"state":"STARTED"}
12:56:04.939 [INFO]   [Measuring]   [maven:out]         [com.diffblue.cover.buildsystem.config.a.a] out: [INFO] 
12:56:04.939 [INFO]   [Measuring]   [maven:out]         [com.diffblue.cover.buildsystem.config.a.a] out: [INFO] --- jacoco:0.8.5:prepare-agent (default-cli) @ common ---
12:56:05.058 [INFO]   [Measuring]   [maven:out]         [com.diffblue.cover.buildsystem.config.a.a] out: [INFO] argLine set to -javaagent:/home/jbergqvist/.m2/repository/org/jacoco/org.jacoco.agent/0.8.5/org.jacoco.agent-0.8.5-runtime.jar=destfile=/home/jbergqvist/diffblue/Palisade-common/target/jacoco.exec,append=true
12:56:05.060 [INFO]   [Measuring]   [maven:out]         [com.diffblue.cover.buildsystem.internal.f.f] deserializing line [DIFFBLUE]{"__type":"com.diffblue.cover.buildsystem.model.DefaultEventMessage","project":"uk.gov.gchq.palisade:common","goal":"prepare-agent","cause":null,"state":"SUCCESS"}
12:56:05.062 [INFO]   [Measuring]   [maven:out]         [com.diffblue.cover.buildsystem.internal.f.f] deserializing line [DIFFBLUE]{"__type":"com.diffblue.cover.buildsystem.model.DefaultEventMessage","project":"uk.gov.gchq.palisade:common","goal":"prepare-agent","cause":null,"state":"STARTED"}
12:56:05.063 [INFO]   [Measuring]   [maven:out]         [com.diffblue.cover.buildsystem.config.a.a] out: [INFO] 
12:56:05.063 [INFO]   [Measuring]   [maven:out]         [com.diffblue.cover.buildsystem.config.a.a] out: [INFO] --- jacoco:0.8.5:prepare-agent (agent) @ common ---
12:56:05.063 [INFO]   [Measuring]   [maven:out]         [com.diffblue.cover.buildsystem.config.a.a] out: [INFO] argLine set to -javaagent:/home/jbergqvist/.m2/repository/org/jacoco/org.jacoco.agent/0.8.5/org.jacoco.agent-0.8.5-runtime.jar=destfile=/home/jbergqvist/diffblue/Palisade-common/target/jacoco.exec,append=true
12:56:05.065 [INFO]   [Measuring]   [maven:out]         [com.diffblue.cover.buildsystem.internal.f.f] deserializing line [DIFFBLUE]{"__type":"com.diffblue.cover.buildsystem.model.DefaultEventMessage","project":"uk.gov.gchq.palisade:common","goal":"prepare-agent","cause":null,"state":"SUCCESS"}
12:56:05.067 [INFO]   [Measuring]   [maven:out]         [com.diffblue.cover.buildsystem.internal.f.f] deserializing line [DIFFBLUE]{"__type":"com.diffblue.cover.buildsystem.model.DefaultEventMessage","project":"uk.gov.gchq.palisade:common","goal":"resources","cause":null,"state":"STARTED"}
12:56:05.068 [INFO]   [Measuring]   [maven:out]         [com.diffblue.cover.buildsystem.config.a.a] out: [INFO] 
12:56:05.068 [INFO]   [Measuring]   [maven:out]         [com.diffblue.cover.buildsystem.config.a.a] out: [INFO] --- resources:3.3.1:resources (default-resources) @ common ---
12:56:05.118 [INFO]   [Measuring]   [maven:out]         [com.diffblue.cover.buildsystem.config.a.a] out: [INFO] Copying 1 resource from src/main/resources to target/classes
12:56:05.123 [INFO]   [Measuring]   [maven:out]         [com.diffblue.cover.buildsystem.internal.f.f] deserializing line [DIFFBLUE]{"__type":"com.diffblue.cover.buildsystem.model.DefaultEventMessage","project":"uk.gov.gchq.palisade:common","goal":"resources","cause":null,"state":"SUCCESS"}
12:56:05.124 [INFO]   [Measuring]   [maven:out]         [com.diffblue.cover.buildsystem.internal.f.f] deserializing line [DIFFBLUE]{"__type":"com.diffblue.cover.buildsystem.model.DefaultEventMessage","project":"uk.gov.gchq.palisade:common","goal":"flatten","cause":null,"state":"STARTED"}
12:56:05.125 [INFO]   [Measuring]   [maven:out]         [com.diffblue.cover.buildsystem.config.a.a] out: [INFO] 
12:56:05.125 [INFO]   [Measuring]   [maven:out]         [com.diffblue.cover.buildsystem.config.a.a] out: [INFO] --- flatten:1.1.0:flatten (flatten) @ common ---
12:56:05.216 [INFO]   [Measuring]   [maven:out]         [com.diffblue.cover.buildsystem.config.a.a] out: [INFO] Generating flattened POM of project uk.gov.gchq.palisade:common:jar:0.5.2-SNAPSHOT...
12:56:05.249 [INFO]   [Measuring]   [maven:out]         [com.diffblue.cover.buildsystem.internal.f.f] deserializing line [DIFFBLUE]{"__type":"com.diffblue.cover.buildsystem.model.DefaultEventMessage","project":"uk.gov.gchq.palisade:common","goal":"flatten","cause":null,"state":"SUCCESS"}
12:56:05.251 [INFO]   [Measuring]   [maven:out]         [com.diffblue.cover.buildsystem.internal.f.f] deserializing line [DIFFBLUE]{"__type":"com.diffblue.cover.buildsystem.model.DefaultEventMessage","project":"uk.gov.gchq.palisade:common","goal":"compile","cause":null,"state":"STARTED"}
12:56:05.252 [INFO]   [Measuring]   [maven:out]         [com.diffblue.cover.buildsystem.config.a.a] out: [INFO] 
12:56:05.252 [INFO]   [Measuring]   [maven:out]         [com.diffblue.cover.buildsystem.config.a.a] out: [INFO] --- compiler:3.8.0:compile (default-compile) @ common ---
12:56:05.336 [INFO]   [Measuring]   [maven:out]         [com.diffblue.cover.buildsystem.config.a.a] out: [INFO] Nothing to compile - all classes are up to date
12:56:05.337 [INFO]   [Measuring]   [maven:out]         [com.diffblue.cover.buildsystem.internal.f.f] deserializing line [DIFFBLUE]{"__type":"com.diffblue.cover.buildsystem.model.DefaultEventMessage","project":"uk.gov.gchq.palisade:common","goal":"compile","cause":null,"state":"SUCCESS"}
12:56:05.339 [INFO]   [Measuring]   [maven:out]         [com.diffblue.cover.buildsystem.internal.f.f] deserializing line [DIFFBLUE]{"__type":"com.diffblue.cover.buildsystem.model.DefaultEventMessage","project":"uk.gov.gchq.palisade:common","goal":"javadoc-no-fork","cause":null,"state":"STARTED"}
12:56:05.339 [INFO]   [Measuring]   [maven:out]         [com.diffblue.cover.buildsystem.config.a.a] out: [INFO] 
12:56:05.339 [INFO]   [Measuring]   [maven:out]         [com.diffblue.cover.buildsystem.config.a.a] out: [INFO] --- javadoc:3.1.0:javadoc-no-fork (javadoc-compile) @ common ---
12:56:06.962 [INFO]   [Measuring]   [maven:out]         [com.diffblue.cover.buildsystem.internal.f.f] deserializing line [DIFFBLUE]{"__type":"com.diffblue.cover.buildsystem.model.DefaultEventMessage","project":"uk.gov.gchq.palisade:common","goal":"javadoc-no-fork","cause":null,"state":"SUCCESS"}
12:56:06.963 [INFO]   [Measuring]   [maven:out]         [com.diffblue.cover.buildsystem.internal.f.f] deserializing line [DIFFBLUE]{"__type":"com.diffblue.cover.buildsystem.model.DefaultEventMessage","project":"uk.gov.gchq.palisade:common","goal":"aggregate-no-fork","cause":null,"state":"STARTED"}
12:56:06.964 [INFO]   [Measuring]   [maven:out]         [com.diffblue.cover.buildsystem.config.a.a] out: [INFO] 
12:56:06.964 [INFO]   [Measuring]   [maven:out]         [com.diffblue.cover.buildsystem.config.a.a] out: [INFO] --- javadoc:3.1.0:aggregate-no-fork (javadoc-compile) @ common ---
12:56:08.323 [INFO]   [Measuring]   [maven:out]         [com.diffblue.cover.buildsystem.internal.f.f] deserializing line [DIFFBLUE]{"__type":"com.diffblue.cover.buildsystem.model.DefaultEventMessage","project":"uk.gov.gchq.palisade:common","goal":"aggregate-no-fork","cause":null,"state":"SUCCESS"}
12:56:08.324 [INFO]   [Measuring]   [maven:out]         [com.diffblue.cover.buildsystem.internal.f.f] deserializing line [DIFFBLUE]{"__type":"com.diffblue.cover.buildsystem.model.DefaultEventMessage","project":"uk.gov.gchq.palisade:common","goal":"testResources","cause":null,"state":"STARTED"}
12:56:08.325 [INFO]   [Measuring]   [maven:out]         [com.diffblue.cover.buildsystem.config.a.a] out: [INFO] 
12:56:08.325 [INFO]   [Measuring]   [maven:out]         [com.diffblue.cover.buildsystem.config.a.a] out: [INFO] --- resources:3.3.1:testResources (default-testResources) @ common ---
12:56:08.325 [INFO]   [Measuring]   [maven:out]         [com.diffblue.cover.buildsystem.config.a.a] out: [INFO] skip non existing resourceDirectory /home/jbergqvist/diffblue/Palisade-common/src/test/resources
12:56:08.326 [INFO]   [Measuring]   [maven:out]         [com.diffblue.cover.buildsystem.internal.f.f] deserializing line [DIFFBLUE]{"__type":"com.diffblue.cover.buildsystem.model.DefaultEventMessage","project":"uk.gov.gchq.palisade:common","goal":"testResources","cause":null,"state":"SUCCESS"}
12:56:08.327 [INFO]   [Measuring]   [maven:out]         [com.diffblue.cover.buildsystem.internal.f.f] deserializing line [DIFFBLUE]{"__type":"com.diffblue.cover.buildsystem.model.DefaultEventMessage","project":"uk.gov.gchq.palisade:common","goal":"testCompile","cause":null,"state":"STARTED"}
12:56:08.328 [INFO]   [Measuring]   [maven:out]         [com.diffblue.cover.buildsystem.config.a.a] out: [INFO] 
12:56:08.328 [INFO]   [Measuring]   [maven:out]         [com.diffblue.cover.buildsystem.config.a.a] out: [INFO] --- compiler:3.8.0:testCompile (default-testCompile) @ common ---
12:56:08.331 [INFO]   [Measuring]   [maven:out]         [com.diffblue.cover.buildsystem.config.a.a] out: [INFO] Nothing to compile - all classes are up to date
12:56:08.332 [INFO]   [Measuring]   [maven:out]         [com.diffblue.cover.buildsystem.internal.f.f] deserializing line [DIFFBLUE]{"__type":"com.diffblue.cover.buildsystem.model.DefaultEventMessage","project":"uk.gov.gchq.palisade:common","goal":"testCompile","cause":null,"state":"SUCCESS"}
12:56:08.333 [INFO]   [Measuring]   [maven:out]         [com.diffblue.cover.buildsystem.internal.f.f] deserializing line [DIFFBLUE]{"__type":"com.diffblue.cover.buildsystem.model.DefaultEventMessage","project":"uk.gov.gchq.palisade:common","goal":"test","cause":null,"state":"STARTED"}
12:56:08.334 [INFO]   [Measuring]   [maven:out]         [com.diffblue.cover.buildsystem.config.a.a] out: [INFO] 
12:56:08.334 [INFO]   [Measuring]   [maven:out]         [com.diffblue.cover.buildsystem.config.a.a] out: [INFO] --- surefire:3.2.5:test (default-test) @ common ---
12:56:08.399 [INFO]   [Measuring]   [maven:out]         [com.diffblue.cover.buildsystem.internal.f.f] deserializing line [DIFFBLUE]{"__type":"com.diffblue.cover.buildsystem.model.DefaultEventMessage","project":"uk.gov.gchq.palisade:common","goal":"test","cause":null,"state":"SUCCESS"}
12:56:08.400 [INFO]   [Measuring]   [maven:out]         [com.diffblue.cover.buildsystem.internal.f.f] deserializing line [DIFFBLUE]{"__type":"com.diffblue.cover.buildsystem.model.DefaultEventMessage","project":"uk.gov.gchq.palisade:common","goal":"report","cause":null,"state":"STARTED"}
12:56:08.401 [INFO]   [Measuring]   [maven:out]         [com.diffblue.cover.buildsystem.config.a.a] out: [INFO] 
12:56:08.401 [INFO]   [Measuring]   [maven:out]         [com.diffblue.cover.buildsystem.config.a.a] out: [INFO] --- jacoco:0.8.5:report (default-cli) @ common ---
12:56:08.447 [INFO]   [Measuring]   [maven:out]         [com.diffblue.cover.buildsystem.config.a.a] out: [INFO] Loading execution data file /home/jbergqvist/diffblue/Palisade-common/target/jacoco.exec
12:56:08.504 [INFO]   [Measuring]   [maven:out]         [com.diffblue.cover.buildsystem.config.a.a] out: [INFO] Analyzed bundle 'GCHQ Palisade Common Library' with 25 classes
12:56:08.547 [INFO]   [Measuring]   [maven:out]         [com.diffblue.cover.buildsystem.internal.f.f] deserializing line [DIFFBLUE]{"__type":"com.diffblue.cover.buildsystem.model.DefaultEventMessage","project":"uk.gov.gchq.palisade:common","goal":"report","cause":null,"state":"SUCCESS"}
12:56:08.572 [INFO]   [Measuring]   [maven:out]         [com.diffblue.cover.buildsystem.internal.f.f] deserializing line [DIFFBLUE]{"__type":"com.diffblue.cover.buildsystem.model.DefaultProjectModuleMessage","project":{"__type":"DefaultProjectModule","junitReport":["/home/jbergqvist/diffblue/Palisade-common/target/surefire-reports"],"jacocoReport":["/home/jbergqvist/diffblue/Palisade-common/target/site/jacoco/jacoco.xml"],"jacocoDestFile":["${sonar.jacoco.reportPath}","/home/jbergqvist/diffblue/Palisade-common/target/jacoco.exec"],"jacocoFormats":["xml"],"jacocoSkipped":false,"classpath":["/home/jbergqvist/diffblue/Palisade-common/target/classes","/home/jbergqvist/.m2/repository/com/typesafe/akka/akka-stream_2.13/2.6.10/akka-stream_2.13-2.6.10.jar","/home/jbergqvist/.m2/repository/org/scala-lang/scala-library/2.13.3/scala-library-2.13.3.jar","/home/jbergqvist/.m2/repository/com/typesafe/akka/akka-actor_2.13/2.6.10/akka-actor_2.13-2.6.10.jar","/home/jbergqvist/.m2/repository/com/typesafe/config/1.4.0/config-1.4.0.jar","/home/jbergqvist/.m2/repository/org/scala-lang/modules/scala-java8-compat_2.13/0.9.0/scala-java8-compat_2.13-0.9.0.jar","/home/jbergqvist/.m2/repository/com/typesafe/akka/akka-protobuf-v3_2.13/2.6.10/akka-protobuf-v3_2.13-2.6.10.jar","/home/jbergqvist/.m2/repository/org/reactivestreams/reactive-streams/1.0.3/reactive-streams-1.0.3.jar","/home/jbergqvist/.m2/repository/com/typesafe/ssl-config-core_2.13/0.4.2/ssl-config-core_2.13-0.4.2.jar","/home/jbergqvist/.m2/repository/org/scala-lang/modules/scala-parser-combinators_2.13/1.1.2/scala-parser-combinators_2.13-1.1.2.jar","/home/jbergqvist/.m2/repository/org/junit/jupiter/junit-jupiter-engine/5.13.4/junit-jupiter-engine-5.13.4.jar","/home/jbergqvist/.m2/repository/org/junit/platform/junit-platform-engine/1.13.4/junit-platform-engine-1.13.4.jar","/home/jbergqvist/.m2/repository/org/opentest4j/opentest4j/1.3.0/opentest4j-1.3.0.jar","/home/jbergqvist/.m2/repository/org/junit/platform/junit-platform-commons/1.13.4/junit-platform-commons-1.13.4.jar","/home/jbergqvist/.m2/repository/org/junit/jupiter/junit-jupiter-api/5.13.4/junit-jupiter-api-5.13.4.jar","/home/jbergqvist/.m2/repository/org/apiguardian/apiguardian-api/1.1.2/apiguardian-api-1.1.2.jar","/home/jbergqvist/.m2/repository/org/mockito/mockito-core/5.20.0/mockito-core-5.20.0.jar","/home/jbergqvist/.m2/repository/net/bytebuddy/byte-buddy/1.17.7/byte-buddy-1.17.7.jar","/home/jbergqvist/.m2/repository/net/bytebuddy/byte-buddy-agent/1.17.7/byte-buddy-agent-1.17.7.jar","/home/jbergqvist/.m2/repository/org/objenesis/objenesis/3.3/objenesis-3.3.jar","/home/jbergqvist/.m2/repository/org/mockito/mockito-junit-jupiter/5.20.0/mockito-junit-jupiter-5.20.0.jar","/home/jbergqvist/.m2/repository/com/fasterxml/jackson/core/jackson-databind/2.11.0/jackson-databind-2.11.0.jar","/home/jbergqvist/.m2/repository/com/fasterxml/jackson/core/jackson-annotations/2.11.0/jackson-annotations-2.11.0.jar","/home/jbergqvist/.m2/repository/com/fasterxml/jackson/core/jackson-core/2.11.0/jackson-core-2.11.0.jar","/home/jbergqvist/.m2/repository/org/slf4j/slf4j-api/1.7.25/slf4j-api-1.7.25.jar","/home/jbergqvist/.m2/repository/com/diffblue/cover/cover-annotations/1.8.0/cover-annotations-1.8.0.jar"],"complianceLevel":"11","productionSources":["/home/jbergqvist/diffblue/Palisade-common/src/main/java"],"testSources":["/home/jbergqvist/diffblue/Palisade-common/src/test/java"],"productionClasses":"/home/jbergqvist/diffblue/Palisade-common/target/classes","testClasses":"/home/jbergqvist/diffblue/Palisade-common/target/test-classes","sourceToBuildPathMap":null,"testSourceToBuildPathMap":null,"buildDirectory":"/home/jbergqvist/diffblue/Palisade-common/target","plugins":[{"__type":"DefaultPlugin","groupId":"org.apache.maven.plugins","artefactId":"maven-compiler-plugin","version":"3.8.0","pluginClassName":null},{"__type":"DefaultPlugin","groupId":"org.apache.maven.plugins","artefactId":"maven-javadoc-plugin","version":"3.1.0","pluginClassName":null},{"__type":"DefaultPlugin","groupId":"org.apache.maven.plugins","artefactId":"maven-dependency-plugin","version":"3.1.2","pluginClassName":null},{"__type":"DefaultPlugin","groupId":"org.codehaus.mojo","artefactId":"flatten-maven-plugin","version":"1.1.0","pluginClassName":null},{"__type":"DefaultPlugin","groupId":"org.codehaus.mojo","artefactId":"license-maven-plugin","version":"2.0.0","pluginClassName":null},{"__type":"DefaultPlugin","groupId":"org.jacoco","artefactId":"jacoco-maven-plugin","version":"0.8.5","pluginClassName":null},{"__type":"DefaultPlugin","groupId":"org.apache.maven.plugins","artefactId":"maven-checkstyle-plugin","version":"3.1.0","pluginClassName":null},{"__type":"DefaultPlugin","groupId":"org.apache.maven.plugins","artefactId":"maven-clean-plugin","version":"3.2.0","pluginClassName":null},{"__type":"DefaultPlugin","groupId":"org.apache.maven.plugins","artefactId":"maven-resources-plugin","version":"3.3.1","pluginClassName":null},{"__type":"DefaultPlugin","groupId":"org.apache.maven.plugins","artefactId":"maven-jar-plugin","version":"3.4.1","pluginClassName":null},{"__type":"DefaultPlugin","groupId":"org.apache.maven.plugins","artefactId":"maven-surefire-plugin","version":"3.2.5","pluginClassName":null},{"__type":"DefaultPlugin","groupId":"org.apache.maven.plugins","artefactId":"maven-install-plugin","version":"3.1.2","pluginClassName":null},{"__type":"DefaultPlugin","groupId":"org.apache.maven.plugins","artefactId":"maven-deploy-plugin","version":"3.1.2","pluginClassName":null},{"__type":"DefaultPlugin","groupId":"org.apache.maven.plugins","artefactId":"maven-site-plugin","version":"3.12.1","pluginClassName":null}],"version":"3.9.12","encoding":"UTF-8","name":"maven","subModules":[],"simpleModuleName":null,"parentModuleName":null,"location":"/home/jbergqvist/diffblue/Palisade-common","fullModuleName":"uk.gov.gchq.palisade:common"}}
12:56:08.574 [INFO]   [Measuring]   [maven:out]         [com.diffblue.cover.buildsystem.config.a.a] out: [INFO] ------------------------------------------------------------------------
12:56:08.574 [INFO]   [Measuring]   [maven:out]         [com.diffblue.cover.buildsystem.config.a.a] out: [INFO] BUILD SUCCESS
12:56:08.574 [INFO]   [Measuring]   [maven:out]         [com.diffblue.cover.buildsystem.config.a.a] out: [INFO] ------------------------------------------------------------------------
12:56:08.574 [INFO]   [Measuring]   [maven:out]         [com.diffblue.cover.buildsystem.config.a.a] out: [INFO] Total time:  4.710 s
12:56:08.574 [INFO]   [Measuring]   [maven:out]         [com.diffblue.cover.buildsystem.config.a.a] out: [INFO] Finished at: 2026-01-12T12:56:08Z
12:56:08.574 [INFO]   [Measuring]   [maven:out]         [com.diffblue.cover.buildsystem.config.a.a] out: [INFO] ------------------------------------------------------------------------
12:56:08.576 [INFO]   [Measuring]   [maven:out]         [com.diffblue.cover.buildsystem.internal.f.f] deserializing line [DIFFBLUE]{"__type":"com.diffblue.cover.buildsystem.model.ProjectInfoMessage","projectName":"uk.gov.gchq.palisade:common","productionSources":["/home/jbergqvist/diffblue/Palisade-common/src/main/java","/home/jbergqvist/diffblue/Palisade-common/target/generated-sources/annotations"],"testSources":["/home/jbergqvist/diffblue/Palisade-common/src/test/java","/home/jbergqvist/diffblue/Palisade-common/target/generated-test-sources/test-annotations"],"location":"/home/jbergqvist/diffblue/Palisade-common"}
12:56:08.619 [INFO]   [Measuring]   [main]              [com.diffblue.cover.buildsystem.internal.f.d] maven:err process not stopped, joining thread
12:56:08.619 [INFO]   [Measuring]   [main]              [com.diffblue.cover.buildsystem.internal.f.d] maven:out process not stopped, joining thread
12:56:08.619 [DEBUG]  [Measuring]   [main]              [com.diffblue.cover.buildsystem.config.a.a] Executor spent 5s on command "/home/jbergqvist/.sdkman/candidates/maven/current/bin/mvn -Dmaven.ext.class.path=/opt/cover/cover-buildsystem-maven-spy-jar-with-dependencies.jar -Dcom.diffblue.cover.skipTests=true -DskipTestOptimizer --batch-mode --projects=uk.gov.gchq.palisade:common --global-settings=/home/jbergqvist/.sdkman/candidates/maven/current/conf/settings.xml org.apache.maven.plugins:maven-checkstyle-plugin:check -Dcheckstyle.failOnViolation=false org.jacoco:jacoco-maven-plugin:0.8.5:prepare-agent -Djacoco.skip=false test -DfailIfNoTests=false -Dsurefire.failIfNoSpecifiedTests=false -Dmaven.test.failure.ignore=True -Dtest=!*DiffblueTest,**/Test*.java,**/*Test.java,**/*Tests.java,**/*TestCase.java -DexcludedGroups=MaintainedByDiffblue,ContributionFromDiffblue org.jacoco:jacoco-maven-plugin:0.8.5:report -Djacoco.skip=false"
12:56:08.620 [INFO]   [Measuring]   [main]              [com.diffblue.cover.ui.controller.p] JaCoCo report file created in /home/jbergqvist/diffblue/Palisade-common/.diffblue/reports/manual-tests-jacoco-report.xml
12:56:08.625 [INFO]   [Measuring]   [main]              [com.diffblue.cover.ui.controller.r] 
12:56:08.630 [INFO]   [Measuring]   [main]              [com.diffblue.cover.ui.controller.r] Diffblue tests cover 110 of 234 lines to cover (47.0%)
12:56:08.634 [INFO]   [Measuring]   [main]              [com.diffblue.cover.ui.controller.r] Manual tests cover 0 of 234 lines to cover (0.0%)
12:56:08.640 [DEBUG]  [Measuring]   [main]              [com.diffblue.cover.ui.report.linecount.JavaParserFileLineCountCalculator] /home/jbergqvist/diffblue/Palisade-common/src/main/java/uk/gov/gchq/palisade/Context.java successfully parsed: - Total line count: 100
12:56:08.642 [DEBUG]  [Measuring]   [main]              [com.diffblue.cover.ui.report.linecount.JavaParserFileLineCountCalculator] /home/jbergqvist/diffblue/Palisade-common/src/main/java/uk/gov/gchq/palisade/user/UserId.java successfully parsed: - Total line count: 54
12:56:08.645 [DEBUG]  [Measuring]   [main]              [com.diffblue.cover.ui.report.linecount.JavaParserFileLineCountCalculator] /home/jbergqvist/diffblue/Palisade-common/src/main/java/uk/gov/gchq/palisade/user/User.java successfully parsed: - Total line count: 124
12:56:08.648 [DEBUG]  [Measuring]   [main]              [com.diffblue.cover.ui.report.linecount.JavaParserFileLineCountCalculator] /home/jbergqvist/diffblue/Palisade-common/src/main/java/uk/gov/gchq/palisade/rule/Rules.java successfully parsed: - Total line count: 99
12:56:08.649 [DEBUG]  [Measuring]   [main]              [com.diffblue.cover.ui.report.linecount.JavaParserFileLineCountCalculator] /home/jbergqvist/diffblue/Palisade-common/src/main/java/uk/gov/gchq/palisade/rule/Rule.java successfully parsed: - Total line count: 13
12:56:08.651 [DEBUG]  [Measuring]   [main]              [com.diffblue.cover.ui.report.linecount.JavaParserFileLineCountCalculator] /home/jbergqvist/diffblue/Palisade-common/src/main/java/uk/gov/gchq/palisade/data/serialise/Serialiser.java successfully parsed: - Total line count: 63
12:56:08.654 [DEBUG]  [Measuring]   [main]              [com.diffblue.cover.ui.report.linecount.JavaParserFileLineCountCalculator] /home/jbergqvist/diffblue/Palisade-common/src/main/java/uk/gov/gchq/palisade/util/AbstractResourceBuilder.java successfully parsed: - Total line count: 74
12:56:08.655 [DEBUG]  [Measuring]   [main]              [com.diffblue.cover.ui.report.linecount.JavaParserFileLineCountCalculator] /home/jbergqvist/diffblue/Palisade-common/src/main/java/uk/gov/gchq/palisade/util/FileResourceBuilder.java successfully parsed: - Total line count: 66
12:56:08.660 [DEBUG]  [Measuring]   [main]              [com.diffblue.cover.ui.report.linecount.JavaParserFileLineCountCalculator] /home/jbergqvist/diffblue/Palisade-common/src/main/java/uk/gov/gchq/palisade/util/UriBuilder.java successfully parsed: - Total line count: 121
12:56:08.662 [DEBUG]  [Measuring]   [main]              [com.diffblue.cover.ui.report.linecount.JavaParserFileLineCountCalculator] /home/jbergqvist/diffblue/Palisade-common/src/main/java/uk/gov/gchq/palisade/util/RulesUtil.java successfully parsed: - Total line count: 43
12:56:08.663 [DEBUG]  [Measuring]   [main]              [com.diffblue.cover.ui.report.linecount.JavaParserFileLineCountCalculator] /home/jbergqvist/diffblue/Palisade-common/src/main/java/uk/gov/gchq/palisade/Generated.java successfully parsed: - Total line count: 9
12:56:08.664 [DEBUG]  [Measuring]   [main]              [com.diffblue.cover.ui.report.linecount.JavaParserFileLineCountCalculator] /home/jbergqvist/diffblue/Palisade-common/src/main/java/uk/gov/gchq/palisade/resource/Resource.java successfully parsed: - Total line count: 9
12:56:08.665 [DEBUG]  [Measuring]   [main]              [com.diffblue.cover.ui.report.linecount.JavaParserFileLineCountCalculator] /home/jbergqvist/diffblue/Palisade-common/src/main/java/uk/gov/gchq/palisade/resource/AbstractResource.java successfully parsed: - Total line count: 57
12:56:08.669 [DEBUG]  [Measuring]   [main]              [com.diffblue.cover.ui.report.linecount.JavaParserFileLineCountCalculator] /home/jbergqvist/diffblue/Palisade-common/src/main/java/uk/gov/gchq/palisade/resource/AbstractLeafResource.java successfully parsed: - Total line count: 131
12:56:08.669 [DEBUG]  [Measuring]   [main]              [com.diffblue.cover.ui.report.linecount.JavaParserFileLineCountCalculator] /home/jbergqvist/diffblue/Palisade-common/src/main/java/uk/gov/gchq/palisade/resource/ConnectionDetail.java successfully parsed: - Total line count: 7
12:56:08.670 [DEBUG]  [Measuring]   [main]              [com.diffblue.cover.ui.report.linecount.JavaParserFileLineCountCalculator] /home/jbergqvist/diffblue/Palisade-common/src/main/java/uk/gov/gchq/palisade/resource/LeafResource.java successfully parsed: - Total line count: 16
12:56:08.670 [DEBUG]  [Measuring]   [main]              [com.diffblue.cover.ui.report.linecount.JavaParserFileLineCountCalculator] /home/jbergqvist/diffblue/Palisade-common/src/main/java/uk/gov/gchq/palisade/resource/ChildResource.java successfully parsed: - Total line count: 6
12:56:08.671 [DEBUG]  [Measuring]   [main]              [com.diffblue.cover.ui.report.linecount.JavaParserFileLineCountCalculator] /home/jbergqvist/diffblue/Palisade-common/src/main/java/uk/gov/gchq/palisade/resource/ParentResource.java successfully parsed: - Total line count: 3
12:56:08.672 [DEBUG]  [Measuring]   [main]              [com.diffblue.cover.ui.report.linecount.JavaParserFileLineCountCalculator] /home/jbergqvist/diffblue/Palisade-common/src/main/java/uk/gov/gchq/palisade/resource/impl/FileResource.java successfully parsed: - Total line count: 40
12:56:08.673 [DEBUG]  [Measuring]   [main]              [com.diffblue.cover.ui.report.linecount.JavaParserFileLineCountCalculator] /home/jbergqvist/diffblue/Palisade-common/src/main/java/uk/gov/gchq/palisade/resource/impl/SystemResource.java successfully parsed: - Total line count: 16
12:56:08.674 [DEBUG]  [Measuring]   [main]              [com.diffblue.cover.ui.report.linecount.JavaParserFileLineCountCalculator] /home/jbergqvist/diffblue/Palisade-common/src/main/java/uk/gov/gchq/palisade/resource/impl/DirectoryResource.java successfully parsed: - Total line count: 23
12:56:08.675 [DEBUG]  [Measuring]   [main]              [com.diffblue.cover.ui.report.linecount.JavaParserFileLineCountCalculator] /home/jbergqvist/diffblue/Palisade-common/src/main/java/uk/gov/gchq/palisade/resource/impl/SimpleConnectionDetail.java successfully parsed: - Total line count: 56
12:56:08.685 [DEBUG]  [Reporting]   [main]              [com.diffblue.cover.report.StructuredReportManager] Run metrics:
Total time:               116.4s
Environment detection:      1.0s ( 0.9%)
Indexing:                   0.3s ( 0.3%)
Entry points:               1.0s ( 0.9%)
Test generation:           54.2s (46.5%)
  - Index query:            4.6s ( 4.0%)
Test verification:          4.5s ( 3.9%)
Test validation:           10.6s ( 9.1%)
Other:                     44.9s (38.5%)
Time to first test:        40.0s (34.3%)
Time to last test:         86.4s (74.2%)
12:56:08.689 [DEBUG]  [Reporting]   [main]              [com.diffblue.cover.report.TraceLogTimingsReportListener] Timings per method:
00m 07s 633ms | uk.gov.gchq.palisade.Context{<init>}
00m 09s 308ms | uk.gov.gchq.palisade.Context{<init>}
00m 01s 917ms | uk.gov.gchq.palisade.Context{getPurpose}
00m 04s 230ms | uk.gov.gchq.palisade.data.serialise.Serialiser{create}
00m 02s 174ms | uk.gov.gchq.palisade.data.serialise.Serialiser{tryCreate}
00m 02s 211ms | uk.gov.gchq.palisade.resource.AbstractResource{compareTo}
00m 00s 160ms | uk.gov.gchq.palisade.resource.impl.DirectoryResource{<init>}
00m 01s 892ms | uk.gov.gchq.palisade.resource.impl.DirectoryResource{getParent}
00m 00s 786ms | uk.gov.gchq.palisade.resource.impl.DirectoryResource{id}
00m 00s 071ms | uk.gov.gchq.palisade.resource.impl.FileResource{<init>}
00m 01s 144ms | uk.gov.gchq.palisade.resource.impl.FileResource{attribute}
00m 01s 645ms | uk.gov.gchq.palisade.resource.impl.FileResource{attributes}
00m 01s 608ms | uk.gov.gchq.palisade.resource.impl.FileResource{connectionDetail}
00m 05s 821ms | uk.gov.gchq.palisade.resource.impl.FileResource{getParent}
00m 01s 786ms | uk.gov.gchq.palisade.resource.impl.FileResource{id}
00m 01s 600ms | uk.gov.gchq.palisade.resource.impl.FileResource{serialisedFormat}
00m 01s 227ms | uk.gov.gchq.palisade.resource.impl.FileResource{type}
00m 00s 072ms | uk.gov.gchq.palisade.resource.impl.SimpleConnectionDetail{<init>}
00m 00s 053ms | uk.gov.gchq.palisade.resource.impl.SystemResource{<init>}
00m 01s 077ms | uk.gov.gchq.palisade.resource.impl.SystemResource{id}
00m 00s 342ms | uk.gov.gchq.palisade.rule.Rules{<init>}
00m 06s 557ms | uk.gov.gchq.palisade.rule.Rules{equals}
00m 01s 144ms | uk.gov.gchq.palisade.rule.Rules{containsRules}
00m 00s 089ms | uk.gov.gchq.palisade.user.User{<init>}
00m 00s 476ms | uk.gov.gchq.palisade.user.User{<init>}
00m 00s 040ms | uk.gov.gchq.palisade.user.UserId{<init>}
00m 00s 201ms | uk.gov.gchq.palisade.user.UserId{<init>}
00m 00s 346ms | uk.gov.gchq.palisade.util.AbstractResourceBuilder{create}
00m 00s 816ms | uk.gov.gchq.palisade.util.AbstractResourceBuilder{create}
00m 00s 141ms | uk.gov.gchq.palisade.util.AbstractResourceBuilder{refreshProviders}
00m 00s 737ms | uk.gov.gchq.palisade.util.AbstractResourceBuilder{buildNormal}
00m 00s 346ms | uk.gov.gchq.palisade.util.FileResourceBuilder{<init>, build}
00m 00s 208ms | uk.gov.gchq.palisade.util.FileResourceBuilder{accepts}
00m 09s 089ms | uk.gov.gchq.palisade.util.RulesUtil{applyRulesToItem}
00m 30s 496ms | uk.gov.gchq.palisade.util.RulesUtil{applyRulesToStream}
00m 00s 078ms | uk.gov.gchq.palisade.util.UriBuilder{getBaseUri}
00m 00s 777ms | uk.gov.gchq.palisade.util.UriBuilder{<init>}
00m 01s 260ms | uk.gov.gchq.palisade.util.UriBuilder{create}
00m 04s 061ms | uk.gov.gchq.palisade.util.UriBuilder{create}
00m 00s 089ms | uk.gov.gchq.palisade.util.UriBuilder$AuthorityBuilder{getBaseUri}
00m 00s 230ms | uk.gov.gchq.palisade.util.UriBuilder$AuthorityBuilder{<init>}
00m 00s 798ms | uk.gov.gchq.palisade.util.UriBuilder$AuthorityBuilder{create}
00m 03s 274ms | uk.gov.gchq.palisade.util.UriBuilder$AuthorityBuilder{create}
00m 04s 634ms | Indexing
12:56:08.692 [DEBUG]  [Reporting]   [main]              [com.diffblue.cover.report.TraceLogTimingsReportListener] Timing signature:  1065.3s (   65.7s ( 6.2%)    36.8s ( 3.5%) (    6.7s ( 0.6%)    21.0s ( 2.0%) (    1.7s ( 0.2%)    14.0s ( 1.3%) (    3.0s ( 0.3%) (    0.4s ( 0.0%)     1.8s ( 0.2%)     0.7s ( 0.1%))     2.6s ( 0.2%) (    0.1s ( 0.0%)     2.5s ( 0.2%)     0.1s ( 0.0%))     7.8s ( 0.7%) (    0.0s ( 0.0%)     7.7s ( 0.7%)     0.0s ( 0.0%))     0.0s ( 0.0%)     0.0s ( 0.0%)     0.0s ( 0.0%)     0.0s ( 0.0%) (    0.0s ( 0.0%)     0.0s ( 0.0%)     0.6s ( 0.1%)))     0.1s ( 0.0%)     4.8s ( 0.4%)     0.4s ( 0.0%))     3.6s ( 0.3%)     0.0s ( 0.0%)     0.0s ( 0.0%)     5.5s ( 0.5%))   732.0s (68.7%)   108.9s (10.2%)   121.9s (11.4%)
12:56:08.744 [INFO]   [Reporting]   [main]              [com.diffblue.cover.ui.controller.r] Writing JSON report to /home/jbergqvist/diffblue/Palisade-common/.diffblue/reports/report.json
12:56:08.749 [DEBUG]  [Reporting]   [main]              [com.diffblue.cover.commons.configuration.e] Property cover.includeTouchedFilesInReportJson has not been set, using default value false
12:56:08.841 [INFO]   [Reporting]   [main]              [com.diffblue.cover.ui.controller.ak] 
12:56:08.841 [INFO]   [Reporting]   [main]              [com.diffblue.cover.ui.controller.ak] Log file: /home/jbergqvist/diffblue/Palisade-common/.diffblue/log/user-20260112T125406.log
12:56:08.841 [INFO]   [Reporting]   [main]              [com.diffblue.cover.ui.controller.ak] Finished in 1m 56s
