12:54:07.506 [INFO]   [Preparing]   Diffblue Cover 2025.12.02-74144f0-licensed
12:54:07.507 [INFO]   [Preparing]   Running: dcover create --coverage-reports
12:54:07.507 [INFO]   [Preparing]   
12:54:07.507 [INFO]   [Preparing]   Command: create
12:54:07.508 [INFO]   [Preparing]   Create tests for the specified package/class/method.
12:54:07.508 [INFO]   [Preparing]   
12:54:10.335 [INFO]   [Checking]    Maven Using ${maven.home} of: /home/jbergqvist/.sdkman/candidates/maven/current.
12:54:10.338 [INFO]   [Checking]    Maven Executing: /bin/sh -c cd /home/jbergqvist/diffblue/Palisade-common && /home/jbergqvist/.sdkman/candidates/maven/3.9.12/bin/mvn -B -version
12:54:10.561 [INFO]   [Checking]    Standard output of build tool (Maven)
12:54:10.561 [INFO]   [Checking]    > Apache Maven 3.9.12 (848fbb4bf2d427b72bdb2471c22fced7ebd9a7a1)
12:54:10.561 [INFO]   [Checking]    > Maven home: /home/jbergqvist/.sdkman/candidates/maven/3.9.12
12:54:10.561 [INFO]   [Checking]    > Java version: 11.0.29, vendor: Amazon.com Inc., runtime: /home/jbergqvist/.sdkman/candidates/java/11.0.29-amzn
12:54:10.562 [INFO]   [Checking]    > Default locale: en_GB, platform encoding: UTF-8
12:54:10.562 [INFO]   [Checking]    > OS name: "linux", version: "6.8.0-90-generic", arch: "amd64", family: "unix"
12:54:10.564 [INFO]   [Checking]    Using default build rules as no custom rules found in any of [/home/jbergqvist/diffblue/Palisade-common]
12:54:10.569 [INFO]   [Checking]    Attempting to invoke mvnw in working directory: /home/jbergqvist/diffblue/Palisade-common
12:54:10.569 [INFO]   [Checking]    Attempting to invoke /home/jbergqvist/.sdkman/candidates/maven/current/bin/mvn in working directory: /home/jbergqvist/diffblue/Palisade-common
12:54:10.570 [INFO]   [Checking]    Started "/home/jbergqvist/.sdkman/candidates/maven/current/bin/mvn -Dmaven.ext.class.path=/opt/cover/cover-buildsystem-maven-spy-jar-with-dependencies.jar -Dcom.diffblue.cover.skipTests=true -DskipTestOptimizer --batch-mode --global-settings=/home/jbergqvist/.sdkman/candidates/maven/current/conf/settings.xml dependency:build-classpath"
12:54:11.334 [INFO]   [Checking]    out: [INFO] Scanning for projects...
12:54:11.456 [INFO]   [Checking]    out: [INFO] 
12:54:11.457 [INFO]   [Checking]    out: [INFO] --------------------< uk.gov.gchq.palisade:common >---------------------
12:54:11.457 [INFO]   [Checking]    out: [INFO] Building GCHQ Palisade Common Library 0.5.2-SNAPSHOT
12:54:11.457 [INFO]   [Checking]    out: [INFO]   from pom.xml
12:54:11.457 [INFO]   [Checking]    out: [INFO] --------------------------------[ jar ]---------------------------------
12:54:11.624 [INFO]   [Checking]    deserializing line [DIFFBLUE]{"__type":"com.diffblue.cover.buildsystem.model.DefaultEventMessage","project":"uk.gov.gchq.palisade:common","goal":"build-classpath","cause":null,"state":"STARTED"}
12:54:11.671 [INFO]   [Checking]    out: [INFO] 
12:54:11.671 [INFO]   [Checking]    out: [INFO] --- dependency:3.1.2:build-classpath (default-cli) @ common ---
12:54:12.110 [INFO]   [Checking]    out: [INFO] Dependencies classpath:
12:54:12.111 [INFO]   [Checking]    out: /home/jbergqvist/.m2/repository/com/typesafe/akka/akka-stream_2.13/2.6.10/akka-stream_2.13-2.6.10.jar:/home/jbergqvist/.m2/repository/org/scala-lang/scala-library/2.13.3/scala-library-2.13.3.jar:/home/jbergqvist/.m2/repository/com/typesafe/akka/akka-actor_2.13/2.6.10/akka-actor_2.13-2.6.10.jar:/home/jbergqvist/.m2/repository/com/typesafe/config/1.4.0/config-1.4.0.jar:/home/jbergqvist/.m2/repository/org/scala-lang/modules/scala-java8-compat_2.13/0.9.0/scala-java8-compat_2.13-0.9.0.jar:/home/jbergqvist/.m2/repository/com/typesafe/akka/akka-protobuf-v3_2.13/2.6.10/akka-protobuf-v3_2.13-2.6.10.jar:/home/jbergqvist/.m2/repository/org/reactivestreams/reactive-streams/1.0.3/reactive-streams-1.0.3.jar:/home/jbergqvist/.m2/repository/com/typesafe/ssl-config-core_2.13/0.4.2/ssl-config-core_2.13-0.4.2.jar:/home/jbergqvist/.m2/repository/org/scala-lang/modules/scala-parser-combinators_2.13/1.1.2/scala-parser-combinators_2.13-1.1.2.jar:/home/jbergqvist/.m2/repository/org/junit/jupiter/junit-jupiter-engine/5.13.4/junit-jupiter-engine-5.13.4.jar:/home/jbergqvist/.m2/repository/org/junit/platform/junit-platform-engine/1.13.4/junit-platform-engine-1.13.4.jar:/home/jbergqvist/.m2/repository/org/opentest4j/opentest4j/1.3.0/opentest4j-1.3.0.jar:/home/jbergqvist/.m2/repository/org/junit/platform/junit-platform-commons/1.13.4/junit-platform-commons-1.13.4.jar:/home/jbergqvist/.m2/repository/org/junit/jupiter/junit-jupiter-api/5.13.4/junit-jupiter-api-5.13.4.jar:/home/jbergqvist/.m2/repository/org/apiguardian/apiguardian-api/1.1.2/apiguardian-api-1.1.2.jar:/home/jbergqvist/.m2/repository/org/mockito/mockito-core/5.20.0/mockito-core-5.20.0.jar:/home/jbergqvist/.m2/repository/net/bytebuddy/byte-buddy/1.17.7/byte-buddy-1.17.7.jar:/home/jbergqvist/.m2/repository/net/bytebuddy/byte-buddy-agent/1.17.7/byte-buddy-agent-1.17.7.jar:/home/jbergqvist/.m2/repository/org/objenesis/objenesis/3.3/objenesis-3.3.jar:/home/jbergqvist/.m2/repository/org/mockito/mockito-junit-jupiter/5.20.0/mockito-junit-jupiter-5.20.0.jar:/home/jbergqvist/.m2/repository/com/fasterxml/jackson/core/jackson-databind/2.11.0/jackson-databind-2.11.0.jar:/home/jbergqvist/.m2/repository/com/fasterxml/jackson/core/jackson-annotations/2.11.0/jackson-annotations-2.11.0.jar:/home/jbergqvist/.m2/repository/com/fasterxml/jackson/core/jackson-core/2.11.0/jackson-core-2.11.0.jar:/home/jbergqvist/.m2/repository/org/slf4j/slf4j-api/1.7.25/slf4j-api-1.7.25.jar:/home/jbergqvist/.m2/repository/com/diffblue/cover/cover-annotations/1.8.0/cover-annotations-1.8.0.jar
12:54:12.112 [INFO]   [Checking]    deserializing line [DIFFBLUE]{"__type":"com.diffblue.cover.buildsystem.model.DefaultEventMessage","project":"uk.gov.gchq.palisade:common","goal":"build-classpath","cause":null,"state":"SUCCESS"}
12:54:12.143 [INFO]   [Checking]    deserializing line [DIFFBLUE]{"__type":"com.diffblue.cover.buildsystem.model.DefaultProjectModuleMessage","project":{"__type":"DefaultProjectModule","junitReport":["/home/jbergqvist/diffblue/Palisade-common/target/surefire-reports"],"jacocoReport":["/home/jbergqvist/diffblue/Palisade-common/target/site/jacoco/jacoco.xml"],"jacocoDestFile":["${sonar.jacoco.reportPath}","/home/jbergqvist/diffblue/Palisade-common/target/jacoco.exec"],"jacocoFormats":["xml"],"jacocoSkipped":false,"classpath":["/home/jbergqvist/diffblue/Palisade-common/target/classes","/home/jbergqvist/.m2/repository/com/typesafe/akka/akka-stream_2.13/2.6.10/akka-stream_2.13-2.6.10.jar","/home/jbergqvist/.m2/repository/org/scala-lang/scala-library/2.13.3/scala-library-2.13.3.jar","/home/jbergqvist/.m2/repository/com/typesafe/akka/akka-actor_2.13/2.6.10/akka-actor_2.13-2.6.10.jar","/home/jbergqvist/.m2/repository/com/typesafe/config/1.4.0/config-1.4.0.jar","/home/jbergqvist/.m2/repository/org/scala-lang/modules/scala-java8-compat_2.13/0.9.0/scala-java8-compat_2.13-0.9.0.jar","/home/jbergqvist/.m2/repository/com/typesafe/akka/akka-protobuf-v3_2.13/2.6.10/akka-protobuf-v3_2.13-2.6.10.jar","/home/jbergqvist/.m2/repository/org/reactivestreams/reactive-streams/1.0.3/reactive-streams-1.0.3.jar","/home/jbergqvist/.m2/repository/com/typesafe/ssl-config-core_2.13/0.4.2/ssl-config-core_2.13-0.4.2.jar","/home/jbergqvist/.m2/repository/org/scala-lang/modules/scala-parser-combinators_2.13/1.1.2/scala-parser-combinators_2.13-1.1.2.jar","/home/jbergqvist/.m2/repository/org/junit/jupiter/junit-jupiter-engine/5.13.4/junit-jupiter-engine-5.13.4.jar","/home/jbergqvist/.m2/repository/org/junit/platform/junit-platform-engine/1.13.4/junit-platform-engine-1.13.4.jar","/home/jbergqvist/.m2/repository/org/opentest4j/opentest4j/1.3.0/opentest4j-1.3.0.jar","/home/jbergqvist/.m2/repository/org/junit/platform/junit-platform-commons/1.13.4/junit-platform-commons-1.13.4.jar","/home/jbergqvist/.m2/repository/org/junit/jupiter/junit-jupiter-api/5.13.4/junit-jupiter-api-5.13.4.jar","/home/jbergqvist/.m2/repository/org/apiguardian/apiguardian-api/1.1.2/apiguardian-api-1.1.2.jar","/home/jbergqvist/.m2/repository/org/mockito/mockito-core/5.20.0/mockito-core-5.20.0.jar","/home/jbergqvist/.m2/repository/net/bytebuddy/byte-buddy/1.17.7/byte-buddy-1.17.7.jar","/home/jbergqvist/.m2/repository/net/bytebuddy/byte-buddy-agent/1.17.7/byte-buddy-agent-1.17.7.jar","/home/jbergqvist/.m2/repository/org/objenesis/objenesis/3.3/objenesis-3.3.jar","/home/jbergqvist/.m2/repository/org/mockito/mockito-junit-jupiter/5.20.0/mockito-junit-jupiter-5.20.0.jar","/home/jbergqvist/.m2/repository/com/fasterxml/jackson/core/jackson-databind/2.11.0/jackson-databind-2.11.0.jar","/home/jbergqvist/.m2/repository/com/fasterxml/jackson/core/jackson-annotations/2.11.0/jackson-annotations-2.11.0.jar","/home/jbergqvist/.m2/repository/com/fasterxml/jackson/core/jackson-core/2.11.0/jackson-core-2.11.0.jar","/home/jbergqvist/.m2/repository/org/slf4j/slf4j-api/1.7.25/slf4j-api-1.7.25.jar","/home/jbergqvist/.m2/repository/com/diffblue/cover/cover-annotations/1.8.0/cover-annotations-1.8.0.jar"],"complianceLevel":"11","productionSources":["/home/jbergqvist/diffblue/Palisade-common/src/main/java"],"testSources":["/home/jbergqvist/diffblue/Palisade-common/src/test/java"],"productionClasses":"/home/jbergqvist/diffblue/Palisade-common/target/classes","testClasses":"/home/jbergqvist/diffblue/Palisade-common/target/test-classes","sourceToBuildPathMap":null,"testSourceToBuildPathMap":null,"buildDirectory":"/home/jbergqvist/diffblue/Palisade-common/target","plugins":[{"__type":"DefaultPlugin","groupId":"org.apache.maven.plugins","artefactId":"maven-compiler-plugin","version":"3.8.0","pluginClassName":null},{"__type":"DefaultPlugin","groupId":"org.apache.maven.plugins","artefactId":"maven-javadoc-plugin","version":"3.1.0","pluginClassName":null},{"__type":"DefaultPlugin","groupId":"org.apache.maven.plugins","artefactId":"maven-dependency-plugin","version":"3.1.2","pluginClassName":null},{"__type":"DefaultPlugin","groupId":"org.codehaus.mojo","artefactId":"flatten-maven-plugin","version":"1.1.0","pluginClassName":null},{"__type":"DefaultPlugin","groupId":"org.codehaus.mojo","artefactId":"license-maven-plugin","version":"2.0.0","pluginClassName":null},{"__type":"DefaultPlugin","groupId":"org.jacoco","artefactId":"jacoco-maven-plugin","version":"0.8.5","pluginClassName":null},{"__type":"DefaultPlugin","groupId":"org.apache.maven.plugins","artefactId":"maven-checkstyle-plugin","version":"3.1.0","pluginClassName":null},{"__type":"DefaultPlugin","groupId":"org.apache.maven.plugins","artefactId":"maven-clean-plugin","version":"3.2.0","pluginClassName":null},{"__type":"DefaultPlugin","groupId":"org.apache.maven.plugins","artefactId":"maven-resources-plugin","version":"3.3.1","pluginClassName":null},{"__type":"DefaultPlugin","groupId":"org.apache.maven.plugins","artefactId":"maven-jar-plugin","version":"3.4.1","pluginClassName":null},{"__type":"DefaultPlugin","groupId":"org.apache.maven.plugins","artefactId":"maven-surefire-plugin","version":"3.2.5","pluginClassName":null},{"__type":"DefaultPlugin","groupId":"org.apache.maven.plugins","artefactId":"maven-install-plugin","version":"3.1.2","pluginClassName":null},{"__type":"DefaultPlugin","groupId":"org.apache.maven.plugins","artefactId":"maven-deploy-plugin","version":"3.1.2","pluginClassName":null},{"__type":"DefaultPlugin","groupId":"org.apache.maven.plugins","artefactId":"maven-site-plugin","version":"3.12.1","pluginClassName":null}],"version":"3.9.12","encoding":"UTF-8","name":"maven","subModules":[],"simpleModuleName":null,"parentModuleName":null,"location":"/home/jbergqvist/diffblue/Palisade-common","fullModuleName":"uk.gov.gchq.palisade:common"}}
12:54:12.159 [INFO]   [Checking]    out: [INFO] ------------------------------------------------------------------------
12:54:12.160 [INFO]   [Checking]    out: [INFO] BUILD SUCCESS
12:54:12.160 [INFO]   [Checking]    out: [INFO] ------------------------------------------------------------------------
12:54:12.160 [INFO]   [Checking]    out: [INFO] Total time:  0.824 s
12:54:12.160 [INFO]   [Checking]    out: [INFO] Finished at: 2026-01-12T12:54:12Z
12:54:12.160 [INFO]   [Checking]    out: [INFO] ------------------------------------------------------------------------
12:54:12.160 [INFO]   [Checking]    deserializing line [DIFFBLUE]{"__type":"com.diffblue.cover.buildsystem.model.ProjectInfoMessage","projectName":"uk.gov.gchq.palisade:common","productionSources":["/home/jbergqvist/diffblue/Palisade-common/src/main/java"],"testSources":["/home/jbergqvist/diffblue/Palisade-common/src/test/java"],"location":"/home/jbergqvist/diffblue/Palisade-common"}
12:54:12.212 [INFO]   [Checking]    maven:err process not stopped, joining thread
12:54:12.212 [INFO]   [Checking]    maven:out process not stopped, joining thread
12:54:12.213 [INFO]   [Checking]    Deserializing project module message
12:54:12.213 [INFO]   [Checking]    deserializing line [DIFFBLUE]{"__type":"com.diffblue.cover.buildsystem.model.DefaultEventMessage","project":"uk.gov.gchq.palisade:common","goal":"build-classpath","cause":null,"state":"STARTED"}
12:54:12.216 [INFO]   [Checking]    deserializing line [DIFFBLUE]{"__type":"com.diffblue.cover.buildsystem.model.DefaultEventMessage","project":"uk.gov.gchq.palisade:common","goal":"build-classpath","cause":null,"state":"SUCCESS"}
12:54:12.219 [INFO]   [Checking]    deserializing line [DIFFBLUE]{"__type":"com.diffblue.cover.buildsystem.model.DefaultProjectModuleMessage","project":{"__type":"DefaultProjectModule","junitReport":["/home/jbergqvist/diffblue/Palisade-common/target/surefire-reports"],"jacocoReport":["/home/jbergqvist/diffblue/Palisade-common/target/site/jacoco/jacoco.xml"],"jacocoDestFile":["${sonar.jacoco.reportPath}","/home/jbergqvist/diffblue/Palisade-common/target/jacoco.exec"],"jacocoFormats":["xml"],"jacocoSkipped":false,"classpath":["/home/jbergqvist/diffblue/Palisade-common/target/classes","/home/jbergqvist/.m2/repository/com/typesafe/akka/akka-stream_2.13/2.6.10/akka-stream_2.13-2.6.10.jar","/home/jbergqvist/.m2/repository/org/scala-lang/scala-library/2.13.3/scala-library-2.13.3.jar","/home/jbergqvist/.m2/repository/com/typesafe/akka/akka-actor_2.13/2.6.10/akka-actor_2.13-2.6.10.jar","/home/jbergqvist/.m2/repository/com/typesafe/config/1.4.0/config-1.4.0.jar","/home/jbergqvist/.m2/repository/org/scala-lang/modules/scala-java8-compat_2.13/0.9.0/scala-java8-compat_2.13-0.9.0.jar","/home/jbergqvist/.m2/repository/com/typesafe/akka/akka-protobuf-v3_2.13/2.6.10/akka-protobuf-v3_2.13-2.6.10.jar","/home/jbergqvist/.m2/repository/org/reactivestreams/reactive-streams/1.0.3/reactive-streams-1.0.3.jar","/home/jbergqvist/.m2/repository/com/typesafe/ssl-config-core_2.13/0.4.2/ssl-config-core_2.13-0.4.2.jar","/home/jbergqvist/.m2/repository/org/scala-lang/modules/scala-parser-combinators_2.13/1.1.2/scala-parser-combinators_2.13-1.1.2.jar","/home/jbergqvist/.m2/repository/org/junit/jupiter/junit-jupiter-engine/5.13.4/junit-jupiter-engine-5.13.4.jar","/home/jbergqvist/.m2/repository/org/junit/platform/junit-platform-engine/1.13.4/junit-platform-engine-1.13.4.jar","/home/jbergqvist/.m2/repository/org/opentest4j/opentest4j/1.3.0/opentest4j-1.3.0.jar","/home/jbergqvist/.m2/repository/org/junit/platform/junit-platform-commons/1.13.4/junit-platform-commons-1.13.4.jar","/home/jbergqvist/.m2/repository/org/junit/jupiter/junit-jupiter-api/5.13.4/junit-jupiter-api-5.13.4.jar","/home/jbergqvist/.m2/repository/org/apiguardian/apiguardian-api/1.1.2/apiguardian-api-1.1.2.jar","/home/jbergqvist/.m2/repository/org/mockito/mockito-core/5.20.0/mockito-core-5.20.0.jar","/home/jbergqvist/.m2/repository/net/bytebuddy/byte-buddy/1.17.7/byte-buddy-1.17.7.jar","/home/jbergqvist/.m2/repository/net/bytebuddy/byte-buddy-agent/1.17.7/byte-buddy-agent-1.17.7.jar","/home/jbergqvist/.m2/repository/org/objenesis/objenesis/3.3/objenesis-3.3.jar","/home/jbergqvist/.m2/repository/org/mockito/mockito-junit-jupiter/5.20.0/mockito-junit-jupiter-5.20.0.jar","/home/jbergqvist/.m2/repository/com/fasterxml/jackson/core/jackson-databind/2.11.0/jackson-databind-2.11.0.jar","/home/jbergqvist/.m2/repository/com/fasterxml/jackson/core/jackson-annotations/2.11.0/jackson-annotations-2.11.0.jar","/home/jbergqvist/.m2/repository/com/fasterxml/jackson/core/jackson-core/2.11.0/jackson-core-2.11.0.jar","/home/jbergqvist/.m2/repository/org/slf4j/slf4j-api/1.7.25/slf4j-api-1.7.25.jar","/home/jbergqvist/.m2/repository/com/diffblue/cover/cover-annotations/1.8.0/cover-annotations-1.8.0.jar"],"complianceLevel":"11","productionSources":["/home/jbergqvist/diffblue/Palisade-common/src/main/java"],"testSources":["/home/jbergqvist/diffblue/Palisade-common/src/test/java"],"productionClasses":"/home/jbergqvist/diffblue/Palisade-common/target/classes","testClasses":"/home/jbergqvist/diffblue/Palisade-common/target/test-classes","sourceToBuildPathMap":null,"testSourceToBuildPathMap":null,"buildDirectory":"/home/jbergqvist/diffblue/Palisade-common/target","plugins":[{"__type":"DefaultPlugin","groupId":"org.apache.maven.plugins","artefactId":"maven-compiler-plugin","version":"3.8.0","pluginClassName":null},{"__type":"DefaultPlugin","groupId":"org.apache.maven.plugins","artefactId":"maven-javadoc-plugin","version":"3.1.0","pluginClassName":null},{"__type":"DefaultPlugin","groupId":"org.apache.maven.plugins","artefactId":"maven-dependency-plugin","version":"3.1.2","pluginClassName":null},{"__type":"DefaultPlugin","groupId":"org.codehaus.mojo","artefactId":"flatten-maven-plugin","version":"1.1.0","pluginClassName":null},{"__type":"DefaultPlugin","groupId":"org.codehaus.mojo","artefactId":"license-maven-plugin","version":"2.0.0","pluginClassName":null},{"__type":"DefaultPlugin","groupId":"org.jacoco","artefactId":"jacoco-maven-plugin","version":"0.8.5","pluginClassName":null},{"__type":"DefaultPlugin","groupId":"org.apache.maven.plugins","artefactId":"maven-checkstyle-plugin","version":"3.1.0","pluginClassName":null},{"__type":"DefaultPlugin","groupId":"org.apache.maven.plugins","artefactId":"maven-clean-plugin","version":"3.2.0","pluginClassName":null},{"__type":"DefaultPlugin","groupId":"org.apache.maven.plugins","artefactId":"maven-resources-plugin","version":"3.3.1","pluginClassName":null},{"__type":"DefaultPlugin","groupId":"org.apache.maven.plugins","artefactId":"maven-jar-plugin","version":"3.4.1","pluginClassName":null},{"__type":"DefaultPlugin","groupId":"org.apache.maven.plugins","artefactId":"maven-surefire-plugin","version":"3.2.5","pluginClassName":null},{"__type":"DefaultPlugin","groupId":"org.apache.maven.plugins","artefactId":"maven-install-plugin","version":"3.1.2","pluginClassName":null},{"__type":"DefaultPlugin","groupId":"org.apache.maven.plugins","artefactId":"maven-deploy-plugin","version":"3.1.2","pluginClassName":null},{"__type":"DefaultPlugin","groupId":"org.apache.maven.plugins","artefactId":"maven-site-plugin","version":"3.12.1","pluginClassName":null}],"version":"3.9.12","encoding":"UTF-8","name":"maven","subModules":[],"simpleModuleName":null,"parentModuleName":null,"location":"/home/jbergqvist/diffblue/Palisade-common","fullModuleName":"uk.gov.gchq.palisade:common"}}
12:54:12.229 [INFO]   [Checking]    deserializing line [DIFFBLUE]{"__type":"com.diffblue.cover.buildsystem.model.ProjectInfoMessage","projectName":"uk.gov.gchq.palisade:common","productionSources":["/home/jbergqvist/diffblue/Palisade-common/src/main/java"],"testSources":["/home/jbergqvist/diffblue/Palisade-common/src/test/java"],"location":"/home/jbergqvist/diffblue/Palisade-common"}
12:54:12.232 [INFO]   [Checking]    Found 1 ProjectModuleMessages (ignoring buildSrc projects)
12:54:12.233 [INFO]   [Checking]    Found module uk.gov.gchq.palisade:common in the working directory /home/jbergqvist/diffblue/Palisade-common
12:54:12.233 [INFO]   [Checking]    deserialized project module is present? true
12:54:12.260 [INFO]   [Checking]    Operating System: Linux amd64 6.8.0-90-generic
12:54:12.260 [INFO]   [Checking]    Default charset: UTF-8
12:54:12.260 [INFO]   [Checking]    Default locale: en_GB
12:54:12.260 [INFO]   [Checking]    Default time zone: Europe/London
12:54:12.269 [INFO]   [Checking]    Discovered modules:
12:54:12.269 [INFO]   [Checking]    - uk.gov.gchq.palisade:common
12:54:12.269 [INFO]   [Checking]    
12:54:12.273 [INFO]   [Checking]    
12:54:12.274 [INFO]   [Checking]    [1/1] Creating tests for module: uk.gov.gchq.palisade:common
12:54:12.274 [INFO]   [Checking]    ============================================================
12:54:12.274 [INFO]   [Checking]    
12:54:12.274 [INFO]   [Checking]    Detecting environment:
12:54:12.274 [INFO]   [Checking]    ----------------------
12:54:12.331 [INFO]   [Checking]    Detected Java version 11.0.29
12:54:12.344 [INFO]   [Checking]    Maven Using ${maven.home} of: /home/jbergqvist/.sdkman/candidates/maven/current.
12:54:12.344 [INFO]   [Checking]    Maven Executing: /bin/sh -c cd /home/jbergqvist/diffblue/Palisade-common && /home/jbergqvist/.sdkman/candidates/maven/3.9.12/bin/mvn -B -version
12:54:12.509 [INFO]   [Checking]    Standard output of build tool (Maven)
12:54:12.510 [INFO]   [Checking]    > Apache Maven 3.9.12 (848fbb4bf2d427b72bdb2471c22fced7ebd9a7a1)
12:54:12.510 [INFO]   [Checking]    > Maven home: /home/jbergqvist/.sdkman/candidates/maven/3.9.12
12:54:12.510 [INFO]   [Checking]    > Java version: 11.0.29, vendor: Amazon.com Inc., runtime: /home/jbergqvist/.sdkman/candidates/java/11.0.29-amzn
12:54:12.510 [INFO]   [Checking]    > Default locale: en_GB, platform encoding: UTF-8
12:54:12.510 [INFO]   [Checking]    > OS name: "linux", version: "6.8.0-90-generic", arch: "amd64", family: "unix"
12:54:12.510 [INFO]   [Checking]    Detected build system: Maven 3.9.12
12:54:12.516 [INFO]   [Checking]    Operating System: Linux amd64 6.8.0-90-generic
12:54:12.516 [INFO]   [Checking]    Default charset: UTF-8
12:54:12.516 [INFO]   [Checking]    Default locale: en_GB
12:54:12.516 [INFO]   [Checking]    Default time zone: Europe/London
12:54:12.518 [INFO]   [Checking]    Selected build system: Maven
12:54:12.525 [INFO]   [Checking]    Selected classpath from build system maven
12:54:12.527 [INFO]   [Checking]    Expanded classpath: 
/home/jbergqvist/diffblue/Palisade-common/target/test-classes (test build path)
/home/jbergqvist/diffblue/Palisade-common/target/classes (code under test)
/home/jbergqvist/.m2/repository/com/typesafe/akka/akka-stream_2.13/2.6.10/akka-stream_2.13-2.6.10.jar
/home/jbergqvist/.m2/repository/org/scala-lang/scala-library/2.13.3/scala-library-2.13.3.jar
/home/jbergqvist/.m2/repository/com/typesafe/akka/akka-actor_2.13/2.6.10/akka-actor_2.13-2.6.10.jar
/home/jbergqvist/.m2/repository/com/typesafe/config/1.4.0/config-1.4.0.jar
/home/jbergqvist/.m2/repository/org/scala-lang/modules/scala-java8-compat_2.13/0.9.0/scala-java8-compat_2.13-0.9.0.jar
/home/jbergqvist/.m2/repository/com/typesafe/akka/akka-protobuf-v3_2.13/2.6.10/akka-protobuf-v3_2.13-2.6.10.jar
/home/jbergqvist/.m2/repository/org/reactivestreams/reactive-streams/1.0.3/reactive-streams-1.0.3.jar
/home/jbergqvist/.m2/repository/com/typesafe/ssl-config-core_2.13/0.4.2/ssl-config-core_2.13-0.4.2.jar
/home/jbergqvist/.m2/repository/org/scala-lang/modules/scala-parser-combinators_2.13/1.1.2/scala-parser-combinators_2.13-1.1.2.jar
/home/jbergqvist/.m2/repository/org/junit/jupiter/junit-jupiter-engine/5.13.4/junit-jupiter-engine-5.13.4.jar
/home/jbergqvist/.m2/repository/org/junit/platform/junit-platform-engine/1.13.4/junit-platform-engine-1.13.4.jar
/home/jbergqvist/.m2/repository/org/opentest4j/opentest4j/1.3.0/opentest4j-1.3.0.jar
/home/jbergqvist/.m2/repository/org/junit/platform/junit-platform-commons/1.13.4/junit-platform-commons-1.13.4.jar
/home/jbergqvist/.m2/repository/org/junit/jupiter/junit-jupiter-api/5.13.4/junit-jupiter-api-5.13.4.jar
/home/jbergqvist/.m2/repository/org/apiguardian/apiguardian-api/1.1.2/apiguardian-api-1.1.2.jar
/home/jbergqvist/.m2/repository/org/mockito/mockito-core/5.20.0/mockito-core-5.20.0.jar
/home/jbergqvist/.m2/repository/net/bytebuddy/byte-buddy/1.17.7/byte-buddy-1.17.7.jar
/home/jbergqvist/.m2/repository/net/bytebuddy/byte-buddy-agent/1.17.7/byte-buddy-agent-1.17.7.jar
/home/jbergqvist/.m2/repository/org/objenesis/objenesis/3.3/objenesis-3.3.jar
/home/jbergqvist/.m2/repository/org/mockito/mockito-junit-jupiter/5.20.0/mockito-junit-jupiter-5.20.0.jar
/home/jbergqvist/.m2/repository/com/fasterxml/jackson/core/jackson-databind/2.11.0/jackson-databind-2.11.0.jar
/home/jbergqvist/.m2/repository/com/fasterxml/jackson/core/jackson-annotations/2.11.0/jackson-annotations-2.11.0.jar
/home/jbergqvist/.m2/repository/com/fasterxml/jackson/core/jackson-core/2.11.0/jackson-core-2.11.0.jar
/home/jbergqvist/.m2/repository/org/slf4j/slf4j-api/1.7.25/slf4j-api-1.7.25.jar
/home/jbergqvist/.m2/repository/com/diffblue/cover/cover-annotations/1.8.0/cover-annotations-1.8.0.jar
12:54:12.551 [INFO]   [Checking]    Detected test framework: JUnit Jupiter API 5.13.4
12:54:12.556 [INFO]   [Checking]    Detected JUnit Jupiter Engine version 5.13.4
12:54:12.585 [INFO]   [Checking]    Detected Mockito Core version 5.20.0
12:54:12.956 [INFO]   [Checking]    Indexing...
12:54:13.262 [INFO]   [Checking]    Selected test output directory: /home/jbergqvist/diffblue/Palisade-common/src/test/java
12:54:13.275 [INFO]   [Checking]    Using default build rules as no custom rules found in any of [/home/jbergqvist/diffblue/Palisade-common]
12:54:13.276 [INFO]   [Checking]    Attempting to invoke mvnw in working directory: /home/jbergqvist/diffblue/Palisade-common
12:54:13.276 [INFO]   [Checking]    Attempting to invoke /home/jbergqvist/.sdkman/candidates/maven/current/bin/mvn in working directory: /home/jbergqvist/diffblue/Palisade-common
12:54:13.277 [INFO]   [Checking]    Started "/home/jbergqvist/.sdkman/candidates/maven/current/bin/mvn -Dmaven.ext.class.path=/opt/cover/cover-buildsystem-maven-spy-jar-with-dependencies.jar -Dcom.diffblue.cover.skipTests=true -DskipTestOptimizer --batch-mode --projects=uk.gov.gchq.palisade:common --global-settings=/home/jbergqvist/.sdkman/candidates/maven/current/conf/settings.xml -Dcheckstyle.skip=true test -DfailIfNoTests=false -Dsurefire.failIfNoSpecifiedTests=false -Dmaven.test.failure.ignore=True -Dtest=DummyJupiterDiffblueTest"
12:54:14.071 [INFO]   [Checking]    out: [INFO] Scanning for projects...
12:54:14.142 [INFO]   [Checking]    out: [INFO] 
12:54:14.142 [INFO]   [Checking]    out: [INFO] --------------------< uk.gov.gchq.palisade:common >---------------------
12:54:14.142 [INFO]   [Checking]    out: [INFO] Building GCHQ Palisade Common Library 0.5.2-SNAPSHOT
12:54:14.143 [INFO]   [Checking]    out: [INFO]   from pom.xml
12:54:14.143 [INFO]   [Checking]    out: [INFO] --------------------------------[ jar ]---------------------------------
12:54:14.393 [INFO]   [Checking]    deserializing line [DIFFBLUE]{"__type":"com.diffblue.cover.buildsystem.model.DefaultEventMessage","project":"uk.gov.gchq.palisade:common","goal":"prepare-agent","cause":null,"state":"STARTED"}
12:54:14.395 [INFO]   [Checking]    out: [INFO] 
12:54:14.395 [INFO]   [Checking]    out: [INFO] --- jacoco:0.8.5:prepare-agent (agent) @ common ---
12:54:14.633 [INFO]   [Checking]    out: [INFO] argLine set to -javaagent:/home/jbergqvist/.m2/repository/org/jacoco/org.jacoco.agent/0.8.5/org.jacoco.agent-0.8.5-runtime.jar=destfile=/home/jbergqvist/diffblue/Palisade-common/target/jacoco.exec,append=true
12:54:14.634 [INFO]   [Checking]    deserializing line [DIFFBLUE]{"__type":"com.diffblue.cover.buildsystem.model.DefaultEventMessage","project":"uk.gov.gchq.palisade:common","goal":"prepare-agent","cause":null,"state":"SUCCESS"}
12:54:14.637 [INFO]   [Checking]    deserializing line [DIFFBLUE]{"__type":"com.diffblue.cover.buildsystem.model.DefaultEventMessage","project":"uk.gov.gchq.palisade:common","goal":"resources","cause":null,"state":"STARTED"}
12:54:14.639 [INFO]   [Checking]    out: [INFO] 
12:54:14.640 [INFO]   [Checking]    out: [INFO] --- resources:3.3.1:resources (default-resources) @ common ---
12:54:14.687 [INFO]   [Checking]    out: [INFO] Copying 1 resource from src/main/resources to target/classes
12:54:14.690 [INFO]   [Checking]    deserializing line [DIFFBLUE]{"__type":"com.diffblue.cover.buildsystem.model.DefaultEventMessage","project":"uk.gov.gchq.palisade:common","goal":"resources","cause":null,"state":"SUCCESS"}
12:54:14.692 [INFO]   [Checking]    deserializing line [DIFFBLUE]{"__type":"com.diffblue.cover.buildsystem.model.DefaultEventMessage","project":"uk.gov.gchq.palisade:common","goal":"flatten","cause":null,"state":"STARTED"}
12:54:14.694 [INFO]   [Checking]    out: [INFO] 
12:54:14.694 [INFO]   [Checking]    out: [INFO] --- flatten:1.1.0:flatten (flatten) @ common ---
12:54:14.793 [INFO]   [Checking]    out: [INFO] Generating flattened POM of project uk.gov.gchq.palisade:common:jar:0.5.2-SNAPSHOT...
12:54:14.838 [INFO]   [Checking]    deserializing line [DIFFBLUE]{"__type":"com.diffblue.cover.buildsystem.model.DefaultEventMessage","project":"uk.gov.gchq.palisade:common","goal":"flatten","cause":null,"state":"SUCCESS"}
12:54:14.840 [INFO]   [Checking]    deserializing line [DIFFBLUE]{"__type":"com.diffblue.cover.buildsystem.model.DefaultEventMessage","project":"uk.gov.gchq.palisade:common","goal":"compile","cause":null,"state":"STARTED"}
12:54:14.842 [INFO]   [Checking]    out: [INFO] 
12:54:14.842 [INFO]   [Checking]    out: [INFO] --- compiler:3.8.0:compile (default-compile) @ common ---
12:54:14.956 [INFO]   [Checking]    out: [INFO] Nothing to compile - all classes are up to date
12:54:14.957 [INFO]   [Checking]    deserializing line [DIFFBLUE]{"__type":"com.diffblue.cover.buildsystem.model.DefaultEventMessage","project":"uk.gov.gchq.palisade:common","goal":"compile","cause":null,"state":"SUCCESS"}
12:54:14.959 [INFO]   [Checking]    deserializing line [DIFFBLUE]{"__type":"com.diffblue.cover.buildsystem.model.DefaultEventMessage","project":"uk.gov.gchq.palisade:common","goal":"javadoc-no-fork","cause":null,"state":"STARTED"}
12:54:14.961 [INFO]   [Checking]    out: [INFO] 
12:54:14.962 [INFO]   [Checking]    out: [INFO] --- javadoc:3.1.0:javadoc-no-fork (javadoc-compile) @ common ---
12:54:16.571 [INFO]   [Checking]    deserializing line [DIFFBLUE]{"__type":"com.diffblue.cover.buildsystem.model.DefaultEventMessage","project":"uk.gov.gchq.palisade:common","goal":"javadoc-no-fork","cause":null,"state":"SUCCESS"}
12:54:16.573 [INFO]   [Checking]    deserializing line [DIFFBLUE]{"__type":"com.diffblue.cover.buildsystem.model.DefaultEventMessage","project":"uk.gov.gchq.palisade:common","goal":"aggregate-no-fork","cause":null,"state":"STARTED"}
12:54:16.574 [INFO]   [Checking]    out: [INFO] 
12:54:16.574 [INFO]   [Checking]    out: [INFO] --- javadoc:3.1.0:aggregate-no-fork (javadoc-compile) @ common ---
12:54:18.013 [INFO]   [Checking]    deserializing line [DIFFBLUE]{"__type":"com.diffblue.cover.buildsystem.model.DefaultEventMessage","project":"uk.gov.gchq.palisade:common","goal":"aggregate-no-fork","cause":null,"state":"SUCCESS"}
12:54:18.015 [INFO]   [Checking]    deserializing line [DIFFBLUE]{"__type":"com.diffblue.cover.buildsystem.model.DefaultEventMessage","project":"uk.gov.gchq.palisade:common","goal":"testResources","cause":null,"state":"STARTED"}
12:54:18.016 [INFO]   [Checking]    out: [INFO] 
12:54:18.016 [INFO]   [Checking]    out: [INFO] --- resources:3.3.1:testResources (default-testResources) @ common ---
12:54:18.016 [INFO]   [Checking]    out: [INFO] skip non existing resourceDirectory /home/jbergqvist/diffblue/Palisade-common/src/test/resources
12:54:18.017 [INFO]   [Checking]    deserializing line [DIFFBLUE]{"__type":"com.diffblue.cover.buildsystem.model.DefaultEventMessage","project":"uk.gov.gchq.palisade:common","goal":"testResources","cause":null,"state":"SUCCESS"}
12:54:18.018 [INFO]   [Checking]    deserializing line [DIFFBLUE]{"__type":"com.diffblue.cover.buildsystem.model.DefaultEventMessage","project":"uk.gov.gchq.palisade:common","goal":"testCompile","cause":null,"state":"STARTED"}
12:54:18.019 [INFO]   [Checking]    out: [INFO] 
12:54:18.019 [INFO]   [Checking]    out: [INFO] --- compiler:3.8.0:testCompile (default-testCompile) @ common ---
12:54:18.021 [INFO]   [Checking]    out: [INFO] Changes detected - recompiling the module!
12:54:18.022 [INFO]   [Checking]    out: [INFO] Compiling 1 source file to /home/jbergqvist/diffblue/Palisade-common/target/test-classes
12:54:18.312 [INFO]   [Checking]    deserializing line [DIFFBLUE]{"__type":"com.diffblue.cover.buildsystem.model.DefaultEventMessage","project":"uk.gov.gchq.palisade:common","goal":"testCompile","cause":null,"state":"SUCCESS"}
12:54:18.315 [INFO]   [Checking]    deserializing line [DIFFBLUE]{"__type":"com.diffblue.cover.buildsystem.model.DefaultEventMessage","project":"uk.gov.gchq.palisade:common","goal":"test","cause":null,"state":"STARTED"}
12:54:18.317 [INFO]   [Checking]    out: [INFO] 
12:54:18.318 [INFO]   [Checking]    out: [INFO] --- surefire:3.2.5:test (default-test) @ common ---
12:54:18.401 [INFO]   [Checking]    out: [INFO] Using auto detected provider org.apache.maven.surefire.junitplatform.JUnitPlatformProvider
12:54:18.427 [INFO]   [Checking]    out: [INFO] 
12:54:18.428 [INFO]   [Checking]    out: [INFO] -------------------------------------------------------
12:54:18.428 [INFO]   [Checking]    out: [INFO]  T E S T S
12:54:18.428 [INFO]   [Checking]    out: [INFO] -------------------------------------------------------
12:54:19.038 [INFO]   [Checking]    out: [INFO] Running DummyJupiterDiffblueTest
12:54:19.086 [INFO]   [Checking]    out: [INFO] Tests run: 1, Failures: 0, Errors: 0, Skipped: 0, Time elapsed: 0.040 s -- in DummyJupiterDiffblueTest
12:54:19.123 [INFO]   [Checking]    out: [INFO] 
12:54:19.123 [INFO]   [Checking]    out: [INFO] Results:
12:54:19.123 [INFO]   [Checking]    out: [INFO] 
12:54:19.123 [INFO]   [Checking]    out: [INFO] Tests run: 1, Failures: 0, Errors: 0, Skipped: 0
12:54:19.123 [INFO]   [Checking]    out: [INFO] 
12:54:19.126 [INFO]   [Checking]    deserializing line [DIFFBLUE]{"__type":"com.diffblue.cover.buildsystem.model.DefaultEventMessage","project":"uk.gov.gchq.palisade:common","goal":"test","cause":null,"state":"SUCCESS"}
12:54:19.150 [INFO]   [Checking]    deserializing line [DIFFBLUE]{"__type":"com.diffblue.cover.buildsystem.model.DefaultProjectModuleMessage","project":{"__type":"DefaultProjectModule","junitReport":["/home/jbergqvist/diffblue/Palisade-common/target/surefire-reports"],"jacocoReport":["/home/jbergqvist/diffblue/Palisade-common/target/site/jacoco/jacoco.xml"],"jacocoDestFile":["${sonar.jacoco.reportPath}","/home/jbergqvist/diffblue/Palisade-common/target/jacoco.exec"],"jacocoFormats":["xml"],"jacocoSkipped":false,"classpath":["/home/jbergqvist/diffblue/Palisade-common/target/classes","/home/jbergqvist/.m2/repository/com/typesafe/akka/akka-stream_2.13/2.6.10/akka-stream_2.13-2.6.10.jar","/home/jbergqvist/.m2/repository/org/scala-lang/scala-library/2.13.3/scala-library-2.13.3.jar","/home/jbergqvist/.m2/repository/com/typesafe/akka/akka-actor_2.13/2.6.10/akka-actor_2.13-2.6.10.jar","/home/jbergqvist/.m2/repository/com/typesafe/config/1.4.0/config-1.4.0.jar","/home/jbergqvist/.m2/repository/org/scala-lang/modules/scala-java8-compat_2.13/0.9.0/scala-java8-compat_2.13-0.9.0.jar","/home/jbergqvist/.m2/repository/com/typesafe/akka/akka-protobuf-v3_2.13/2.6.10/akka-protobuf-v3_2.13-2.6.10.jar","/home/jbergqvist/.m2/repository/org/reactivestreams/reactive-streams/1.0.3/reactive-streams-1.0.3.jar","/home/jbergqvist/.m2/repository/com/typesafe/ssl-config-core_2.13/0.4.2/ssl-config-core_2.13-0.4.2.jar","/home/jbergqvist/.m2/repository/org/scala-lang/modules/scala-parser-combinators_2.13/1.1.2/scala-parser-combinators_2.13-1.1.2.jar","/home/jbergqvist/.m2/repository/org/junit/jupiter/junit-jupiter-engine/5.13.4/junit-jupiter-engine-5.13.4.jar","/home/jbergqvist/.m2/repository/org/junit/platform/junit-platform-engine/1.13.4/junit-platform-engine-1.13.4.jar","/home/jbergqvist/.m2/repository/org/opentest4j/opentest4j/1.3.0/opentest4j-1.3.0.jar","/home/jbergqvist/.m2/repository/org/junit/platform/junit-platform-commons/1.13.4/junit-platform-commons-1.13.4.jar","/home/jbergqvist/.m2/repository/org/junit/jupiter/junit-jupiter-api/5.13.4/junit-jupiter-api-5.13.4.jar","/home/jbergqvist/.m2/repository/org/apiguardian/apiguardian-api/1.1.2/apiguardian-api-1.1.2.jar","/home/jbergqvist/.m2/repository/org/mockito/mockito-core/5.20.0/mockito-core-5.20.0.jar","/home/jbergqvist/.m2/repository/net/bytebuddy/byte-buddy/1.17.7/byte-buddy-1.17.7.jar","/home/jbergqvist/.m2/repository/net/bytebuddy/byte-buddy-agent/1.17.7/byte-buddy-agent-1.17.7.jar","/home/jbergqvist/.m2/repository/org/objenesis/objenesis/3.3/objenesis-3.3.jar","/home/jbergqvist/.m2/repository/org/mockito/mockito-junit-jupiter/5.20.0/mockito-junit-jupiter-5.20.0.jar","/home/jbergqvist/.m2/repository/com/fasterxml/jackson/core/jackson-databind/2.11.0/jackson-databind-2.11.0.jar","/home/jbergqvist/.m2/repository/com/fasterxml/jackson/core/jackson-annotations/2.11.0/jackson-annotations-2.11.0.jar","/home/jbergqvist/.m2/repository/com/fasterxml/jackson/core/jackson-core/2.11.0/jackson-core-2.11.0.jar","/home/jbergqvist/.m2/repository/org/slf4j/slf4j-api/1.7.25/slf4j-api-1.7.25.jar","/home/jbergqvist/.m2/repository/com/diffblue/cover/cover-annotations/1.8.0/cover-annotations-1.8.0.jar"],"complianceLevel":"11","productionSources":["/home/jbergqvist/diffblue/Palisade-common/src/main/java"],"testSources":["/home/jbergqvist/diffblue/Palisade-common/src/test/java"],"productionClasses":"/home/jbergqvist/diffblue/Palisade-common/target/classes","testClasses":"/home/jbergqvist/diffblue/Palisade-common/target/test-classes","sourceToBuildPathMap":null,"testSourceToBuildPathMap":null,"buildDirectory":"/home/jbergqvist/diffblue/Palisade-common/target","plugins":[{"__type":"DefaultPlugin","groupId":"org.apache.maven.plugins","artefactId":"maven-compiler-plugin","version":"3.8.0","pluginClassName":null},{"__type":"DefaultPlugin","groupId":"org.apache.maven.plugins","artefactId":"maven-javadoc-plugin","version":"3.1.0","pluginClassName":null},{"__type":"DefaultPlugin","groupId":"org.apache.maven.plugins","artefactId":"maven-dependency-plugin","version":"3.1.2","pluginClassName":null},{"__type":"DefaultPlugin","groupId":"org.codehaus.mojo","artefactId":"flatten-maven-plugin","version":"1.1.0","pluginClassName":null},{"__type":"DefaultPlugin","groupId":"org.codehaus.mojo","artefactId":"license-maven-plugin","version":"2.0.0","pluginClassName":null},{"__type":"DefaultPlugin","groupId":"org.jacoco","artefactId":"jacoco-maven-plugin","version":"0.8.5","pluginClassName":null},{"__type":"DefaultPlugin","groupId":"org.apache.maven.plugins","artefactId":"maven-checkstyle-plugin","version":"3.1.0","pluginClassName":null},{"__type":"DefaultPlugin","groupId":"org.apache.maven.plugins","artefactId":"maven-clean-plugin","version":"3.2.0","pluginClassName":null},{"__type":"DefaultPlugin","groupId":"org.apache.maven.plugins","artefactId":"maven-resources-plugin","version":"3.3.1","pluginClassName":null},{"__type":"DefaultPlugin","groupId":"org.apache.maven.plugins","artefactId":"maven-jar-plugin","version":"3.4.1","pluginClassName":null},{"__type":"DefaultPlugin","groupId":"org.apache.maven.plugins","artefactId":"maven-surefire-plugin","version":"3.2.5","pluginClassName":null},{"__type":"DefaultPlugin","groupId":"org.apache.maven.plugins","artefactId":"maven-install-plugin","version":"3.1.2","pluginClassName":null},{"__type":"DefaultPlugin","groupId":"org.apache.maven.plugins","artefactId":"maven-deploy-plugin","version":"3.1.2","pluginClassName":null},{"__type":"DefaultPlugin","groupId":"org.apache.maven.plugins","artefactId":"maven-site-plugin","version":"3.12.1","pluginClassName":null}],"version":"3.9.12","encoding":"UTF-8","name":"maven","subModules":[],"simpleModuleName":null,"parentModuleName":null,"location":"/home/jbergqvist/diffblue/Palisade-common","fullModuleName":"uk.gov.gchq.palisade:common"}}
12:54:19.155 [INFO]   [Checking]    out: [INFO] ------------------------------------------------------------------------
12:54:19.155 [INFO]   [Checking]    out: [INFO] BUILD SUCCESS
12:54:19.156 [INFO]   [Checking]    out: [INFO] ------------------------------------------------------------------------
12:54:19.156 [INFO]   [Checking]    out: [INFO] Total time:  5.094 s
12:54:19.156 [INFO]   [Checking]    out: [INFO] Finished at: 2026-01-12T12:54:19Z
12:54:19.156 [INFO]   [Checking]    out: [INFO] ------------------------------------------------------------------------
12:54:19.156 [INFO]   [Checking]    deserializing line [DIFFBLUE]{"__type":"com.diffblue.cover.buildsystem.model.ProjectInfoMessage","projectName":"uk.gov.gchq.palisade:common","productionSources":["/home/jbergqvist/diffblue/Palisade-common/src/main/java","/home/jbergqvist/diffblue/Palisade-common/target/generated-sources/annotations"],"testSources":["/home/jbergqvist/diffblue/Palisade-common/src/test/java","/home/jbergqvist/diffblue/Palisade-common/target/generated-test-sources/test-annotations"],"location":"/home/jbergqvist/diffblue/Palisade-common"}
12:54:19.194 [INFO]   [Checking]    maven:err process not stopped, joining thread
12:54:19.194 [INFO]   [Checking]    maven:out process not stopped, joining thread
12:54:19.207 [INFO]   [Checking]    Selected test framework: JUnit Jupiter API
12:54:19.214 [INFO]   [Checking]    Detected Mockito JUnit Jupiter version 5.20.0
12:54:19.253 [INFO]   [Checking]    Using default build rules as no custom rules found in any of [/home/jbergqvist/diffblue/Palisade-common]
12:54:19.254 [INFO]   [Checking]    Attempting to invoke mvnw in working directory: /home/jbergqvist/diffblue/Palisade-common
12:54:19.254 [INFO]   [Checking]    Attempting to invoke /home/jbergqvist/.sdkman/candidates/maven/current/bin/mvn in working directory: /home/jbergqvist/diffblue/Palisade-common
12:54:19.254 [INFO]   [Checking]    Started "/home/jbergqvist/.sdkman/candidates/maven/current/bin/mvn -Dmaven.ext.class.path=/opt/cover/cover-buildsystem-maven-spy-jar-with-dependencies.jar -Dcom.diffblue.cover.skipTests=true -DskipTestOptimizer --batch-mode --projects=uk.gov.gchq.palisade:common --global-settings=/home/jbergqvist/.sdkman/candidates/maven/current/conf/settings.xml -Dcheckstyle.skip=true test -DfailIfNoTests=false -Dsurefire.failIfNoSpecifiedTests=false -Dmaven.test.failure.ignore=True -Dtest=DummyJUnitJupiterLauncherDiffblueTest8741179567179717578"
12:54:20.042 [INFO]   [Checking]    out: [INFO] Scanning for projects...
12:54:20.114 [INFO]   [Checking]    out: [INFO] 
12:54:20.114 [INFO]   [Checking]    out: [INFO] --------------------< uk.gov.gchq.palisade:common >---------------------
12:54:20.114 [INFO]   [Checking]    out: [INFO] Building GCHQ Palisade Common Library 0.5.2-SNAPSHOT
12:54:20.114 [INFO]   [Checking]    out: [INFO]   from pom.xml
12:54:20.115 [INFO]   [Checking]    out: [INFO] --------------------------------[ jar ]---------------------------------
12:54:20.402 [INFO]   [Checking]    deserializing line [DIFFBLUE]{"__type":"com.diffblue.cover.buildsystem.model.DefaultEventMessage","project":"uk.gov.gchq.palisade:common","goal":"prepare-agent","cause":null,"state":"STARTED"}
12:54:20.403 [INFO]   [Checking]    out: [INFO] 
12:54:20.403 [INFO]   [Checking]    out: [INFO] --- jacoco:0.8.5:prepare-agent (agent) @ common ---
12:54:20.638 [INFO]   [Checking]    out: [INFO] argLine set to -javaagent:/home/jbergqvist/.m2/repository/org/jacoco/org.jacoco.agent/0.8.5/org.jacoco.agent-0.8.5-runtime.jar=destfile=/home/jbergqvist/diffblue/Palisade-common/target/jacoco.exec,append=true
12:54:20.639 [INFO]   [Checking]    deserializing line [DIFFBLUE]{"__type":"com.diffblue.cover.buildsystem.model.DefaultEventMessage","project":"uk.gov.gchq.palisade:common","goal":"prepare-agent","cause":null,"state":"SUCCESS"}
12:54:20.641 [INFO]   [Checking]    deserializing line [DIFFBLUE]{"__type":"com.diffblue.cover.buildsystem.model.DefaultEventMessage","project":"uk.gov.gchq.palisade:common","goal":"resources","cause":null,"state":"STARTED"}
12:54:20.643 [INFO]   [Checking]    out: [INFO] 
12:54:20.643 [INFO]   [Checking]    out: [INFO] --- resources:3.3.1:resources (default-resources) @ common ---
12:54:20.693 [INFO]   [Checking]    out: [INFO] Copying 1 resource from src/main/resources to target/classes
12:54:20.696 [INFO]   [Checking]    deserializing line [DIFFBLUE]{"__type":"com.diffblue.cover.buildsystem.model.DefaultEventMessage","project":"uk.gov.gchq.palisade:common","goal":"resources","cause":null,"state":"SUCCESS"}
12:54:20.698 [INFO]   [Checking]    deserializing line [DIFFBLUE]{"__type":"com.diffblue.cover.buildsystem.model.DefaultEventMessage","project":"uk.gov.gchq.palisade:common","goal":"flatten","cause":null,"state":"STARTED"}
12:54:20.701 [INFO]   [Checking]    out: [INFO] 
12:54:20.701 [INFO]   [Checking]    out: [INFO] --- flatten:1.1.0:flatten (flatten) @ common ---
12:54:20.802 [INFO]   [Checking]    out: [INFO] Generating flattened POM of project uk.gov.gchq.palisade:common:jar:0.5.2-SNAPSHOT...
12:54:20.844 [INFO]   [Checking]    deserializing line [DIFFBLUE]{"__type":"com.diffblue.cover.buildsystem.model.DefaultEventMessage","project":"uk.gov.gchq.palisade:common","goal":"flatten","cause":null,"state":"SUCCESS"}
12:54:20.846 [INFO]   [Checking]    deserializing line [DIFFBLUE]{"__type":"com.diffblue.cover.buildsystem.model.DefaultEventMessage","project":"uk.gov.gchq.palisade:common","goal":"compile","cause":null,"state":"STARTED"}
12:54:20.847 [INFO]   [Checking]    out: [INFO] 
12:54:20.847 [INFO]   [Checking]    out: [INFO] --- compiler:3.8.0:compile (default-compile) @ common ---
12:54:20.963 [INFO]   [Checking]    out: [INFO] Nothing to compile - all classes are up to date
12:54:20.965 [INFO]   [Checking]    deserializing line [DIFFBLUE]{"__type":"com.diffblue.cover.buildsystem.model.DefaultEventMessage","project":"uk.gov.gchq.palisade:common","goal":"compile","cause":null,"state":"SUCCESS"}
12:54:20.967 [INFO]   [Checking]    deserializing line [DIFFBLUE]{"__type":"com.diffblue.cover.buildsystem.model.DefaultEventMessage","project":"uk.gov.gchq.palisade:common","goal":"javadoc-no-fork","cause":null,"state":"STARTED"}
12:54:20.969 [INFO]   [Checking]    out: [INFO] 
12:54:20.969 [INFO]   [Checking]    out: [INFO] --- javadoc:3.1.0:javadoc-no-fork (javadoc-compile) @ common ---
12:54:22.683 [INFO]   [Checking]    deserializing line [DIFFBLUE]{"__type":"com.diffblue.cover.buildsystem.model.DefaultEventMessage","project":"uk.gov.gchq.palisade:common","goal":"javadoc-no-fork","cause":null,"state":"SUCCESS"}
12:54:22.685 [INFO]   [Checking]    deserializing line [DIFFBLUE]{"__type":"com.diffblue.cover.buildsystem.model.DefaultEventMessage","project":"uk.gov.gchq.palisade:common","goal":"aggregate-no-fork","cause":null,"state":"STARTED"}
12:54:22.687 [INFO]   [Checking]    out: [INFO] 
12:54:22.687 [INFO]   [Checking]    out: [INFO] --- javadoc:3.1.0:aggregate-no-fork (javadoc-compile) @ common ---
12:54:24.017 [INFO]   [Checking]    deserializing line [DIFFBLUE]{"__type":"com.diffblue.cover.buildsystem.model.DefaultEventMessage","project":"uk.gov.gchq.palisade:common","goal":"aggregate-no-fork","cause":null,"state":"SUCCESS"}
12:54:24.019 [INFO]   [Checking]    deserializing line [DIFFBLUE]{"__type":"com.diffblue.cover.buildsystem.model.DefaultEventMessage","project":"uk.gov.gchq.palisade:common","goal":"testResources","cause":null,"state":"STARTED"}
12:54:24.020 [INFO]   [Checking]    out: [INFO] 
12:54:24.020 [INFO]   [Checking]    out: [INFO] --- resources:3.3.1:testResources (default-testResources) @ common ---
12:54:24.020 [INFO]   [Checking]    out: [INFO] skip non existing resourceDirectory /home/jbergqvist/diffblue/Palisade-common/src/test/resources
12:54:24.020 [INFO]   [Checking]    deserializing line [DIFFBLUE]{"__type":"com.diffblue.cover.buildsystem.model.DefaultEventMessage","project":"uk.gov.gchq.palisade:common","goal":"testResources","cause":null,"state":"SUCCESS"}
12:54:24.022 [INFO]   [Checking]    deserializing line [DIFFBLUE]{"__type":"com.diffblue.cover.buildsystem.model.DefaultEventMessage","project":"uk.gov.gchq.palisade:common","goal":"testCompile","cause":null,"state":"STARTED"}
12:54:24.023 [INFO]   [Checking]    out: [INFO] 
12:54:24.023 [INFO]   [Checking]    out: [INFO] --- compiler:3.8.0:testCompile (default-testCompile) @ common ---
12:54:24.024 [INFO]   [Checking]    out: [INFO] Changes detected - recompiling the module!
12:54:24.025 [INFO]   [Checking]    out: [INFO] Compiling 1 source file to /home/jbergqvist/diffblue/Palisade-common/target/test-classes
12:54:24.348 [INFO]   [Checking]    deserializing line [DIFFBLUE]{"__type":"com.diffblue.cover.buildsystem.model.DefaultEventMessage","project":"uk.gov.gchq.palisade:common","goal":"testCompile","cause":null,"state":"SUCCESS"}
12:54:24.350 [INFO]   [Checking]    deserializing line [DIFFBLUE]{"__type":"com.diffblue.cover.buildsystem.model.DefaultEventMessage","project":"uk.gov.gchq.palisade:common","goal":"test","cause":null,"state":"STARTED"}
12:54:24.351 [INFO]   [Checking]    out: [INFO] 
12:54:24.351 [INFO]   [Checking]    out: [INFO] --- surefire:3.2.5:test (default-test) @ common ---
12:54:24.436 [INFO]   [Checking]    out: [INFO] Using auto detected provider org.apache.maven.surefire.junitplatform.JUnitPlatformProvider
12:54:24.466 [INFO]   [Checking]    out: [INFO] 
12:54:24.466 [INFO]   [Checking]    out: [INFO] -------------------------------------------------------
12:54:24.466 [INFO]   [Checking]    out: [INFO]  T E S T S
12:54:24.466 [INFO]   [Checking]    out: [INFO] -------------------------------------------------------
12:54:25.128 [INFO]   [Checking]    out: [INFO] Running DummyJUnitJupiterLauncherDiffblueTest8741179567179717578
12:54:25.173 [INFO]   [Checking]    out: [INFO] Tests run: 1, Failures: 0, Errors: 0, Skipped: 0, Time elapsed: 0.033 s -- in DummyJUnitJupiterLauncherDiffblueTest8741179567179717578
12:54:25.204 [INFO]   [Checking]    out: [INFO] 
12:54:25.204 [INFO]   [Checking]    out: [INFO] Results:
12:54:25.204 [INFO]   [Checking]    out: [INFO] 
12:54:25.205 [INFO]   [Checking]    out: [INFO] Tests run: 1, Failures: 0, Errors: 0, Skipped: 0
12:54:25.205 [INFO]   [Checking]    out: [INFO] 
12:54:25.207 [INFO]   [Checking]    deserializing line [DIFFBLUE]{"__type":"com.diffblue.cover.buildsystem.model.DefaultEventMessage","project":"uk.gov.gchq.palisade:common","goal":"test","cause":null,"state":"SUCCESS"}
12:54:25.228 [INFO]   [Checking]    deserializing line [DIFFBLUE]{"__type":"com.diffblue.cover.buildsystem.model.DefaultProjectModuleMessage","project":{"__type":"DefaultProjectModule","junitReport":["/home/jbergqvist/diffblue/Palisade-common/target/surefire-reports"],"jacocoReport":["/home/jbergqvist/diffblue/Palisade-common/target/site/jacoco/jacoco.xml"],"jacocoDestFile":["${sonar.jacoco.reportPath}","/home/jbergqvist/diffblue/Palisade-common/target/jacoco.exec"],"jacocoFormats":["xml"],"jacocoSkipped":false,"classpath":["/home/jbergqvist/diffblue/Palisade-common/target/classes","/home/jbergqvist/.m2/repository/com/typesafe/akka/akka-stream_2.13/2.6.10/akka-stream_2.13-2.6.10.jar","/home/jbergqvist/.m2/repository/org/scala-lang/scala-library/2.13.3/scala-library-2.13.3.jar","/home/jbergqvist/.m2/repository/com/typesafe/akka/akka-actor_2.13/2.6.10/akka-actor_2.13-2.6.10.jar","/home/jbergqvist/.m2/repository/com/typesafe/config/1.4.0/config-1.4.0.jar","/home/jbergqvist/.m2/repository/org/scala-lang/modules/scala-java8-compat_2.13/0.9.0/scala-java8-compat_2.13-0.9.0.jar","/home/jbergqvist/.m2/repository/com/typesafe/akka/akka-protobuf-v3_2.13/2.6.10/akka-protobuf-v3_2.13-2.6.10.jar","/home/jbergqvist/.m2/repository/org/reactivestreams/reactive-streams/1.0.3/reactive-streams-1.0.3.jar","/home/jbergqvist/.m2/repository/com/typesafe/ssl-config-core_2.13/0.4.2/ssl-config-core_2.13-0.4.2.jar","/home/jbergqvist/.m2/repository/org/scala-lang/modules/scala-parser-combinators_2.13/1.1.2/scala-parser-combinators_2.13-1.1.2.jar","/home/jbergqvist/.m2/repository/org/junit/jupiter/junit-jupiter-engine/5.13.4/junit-jupiter-engine-5.13.4.jar","/home/jbergqvist/.m2/repository/org/junit/platform/junit-platform-engine/1.13.4/junit-platform-engine-1.13.4.jar","/home/jbergqvist/.m2/repository/org/opentest4j/opentest4j/1.3.0/opentest4j-1.3.0.jar","/home/jbergqvist/.m2/repository/org/junit/platform/junit-platform-commons/1.13.4/junit-platform-commons-1.13.4.jar","/home/jbergqvist/.m2/repository/org/junit/jupiter/junit-jupiter-api/5.13.4/junit-jupiter-api-5.13.4.jar","/home/jbergqvist/.m2/repository/org/apiguardian/apiguardian-api/1.1.2/apiguardian-api-1.1.2.jar","/home/jbergqvist/.m2/repository/org/mockito/mockito-core/5.20.0/mockito-core-5.20.0.jar","/home/jbergqvist/.m2/repository/net/bytebuddy/byte-buddy/1.17.7/byte-buddy-1.17.7.jar","/home/jbergqvist/.m2/repository/net/bytebuddy/byte-buddy-agent/1.17.7/byte-buddy-agent-1.17.7.jar","/home/jbergqvist/.m2/repository/org/objenesis/objenesis/3.3/objenesis-3.3.jar","/home/jbergqvist/.m2/repository/org/mockito/mockito-junit-jupiter/5.20.0/mockito-junit-jupiter-5.20.0.jar","/home/jbergqvist/.m2/repository/com/fasterxml/jackson/core/jackson-databind/2.11.0/jackson-databind-2.11.0.jar","/home/jbergqvist/.m2/repository/com/fasterxml/jackson/core/jackson-annotations/2.11.0/jackson-annotations-2.11.0.jar","/home/jbergqvist/.m2/repository/com/fasterxml/jackson/core/jackson-core/2.11.0/jackson-core-2.11.0.jar","/home/jbergqvist/.m2/repository/org/slf4j/slf4j-api/1.7.25/slf4j-api-1.7.25.jar","/home/jbergqvist/.m2/repository/com/diffblue/cover/cover-annotations/1.8.0/cover-annotations-1.8.0.jar"],"complianceLevel":"11","productionSources":["/home/jbergqvist/diffblue/Palisade-common/src/main/java"],"testSources":["/home/jbergqvist/diffblue/Palisade-common/src/test/java"],"productionClasses":"/home/jbergqvist/diffblue/Palisade-common/target/classes","testClasses":"/home/jbergqvist/diffblue/Palisade-common/target/test-classes","sourceToBuildPathMap":null,"testSourceToBuildPathMap":null,"buildDirectory":"/home/jbergqvist/diffblue/Palisade-common/target","plugins":[{"__type":"DefaultPlugin","groupId":"org.apache.maven.plugins","artefactId":"maven-compiler-plugin","version":"3.8.0","pluginClassName":null},{"__type":"DefaultPlugin","groupId":"org.apache.maven.plugins","artefactId":"maven-javadoc-plugin","version":"3.1.0","pluginClassName":null},{"__type":"DefaultPlugin","groupId":"org.apache.maven.plugins","artefactId":"maven-dependency-plugin","version":"3.1.2","pluginClassName":null},{"__type":"DefaultPlugin","groupId":"org.codehaus.mojo","artefactId":"flatten-maven-plugin","version":"1.1.0","pluginClassName":null},{"__type":"DefaultPlugin","groupId":"org.codehaus.mojo","artefactId":"license-maven-plugin","version":"2.0.0","pluginClassName":null},{"__type":"DefaultPlugin","groupId":"org.jacoco","artefactId":"jacoco-maven-plugin","version":"0.8.5","pluginClassName":null},{"__type":"DefaultPlugin","groupId":"org.apache.maven.plugins","artefactId":"maven-checkstyle-plugin","version":"3.1.0","pluginClassName":null},{"__type":"DefaultPlugin","groupId":"org.apache.maven.plugins","artefactId":"maven-clean-plugin","version":"3.2.0","pluginClassName":null},{"__type":"DefaultPlugin","groupId":"org.apache.maven.plugins","artefactId":"maven-resources-plugin","version":"3.3.1","pluginClassName":null},{"__type":"DefaultPlugin","groupId":"org.apache.maven.plugins","artefactId":"maven-jar-plugin","version":"3.4.1","pluginClassName":null},{"__type":"DefaultPlugin","groupId":"org.apache.maven.plugins","artefactId":"maven-surefire-plugin","version":"3.2.5","pluginClassName":null},{"__type":"DefaultPlugin","groupId":"org.apache.maven.plugins","artefactId":"maven-install-plugin","version":"3.1.2","pluginClassName":null},{"__type":"DefaultPlugin","groupId":"org.apache.maven.plugins","artefactId":"maven-deploy-plugin","version":"3.1.2","pluginClassName":null},{"__type":"DefaultPlugin","groupId":"org.apache.maven.plugins","artefactId":"maven-site-plugin","version":"3.12.1","pluginClassName":null}],"version":"3.9.12","encoding":"UTF-8","name":"maven","subModules":[],"simpleModuleName":null,"parentModuleName":null,"location":"/home/jbergqvist/diffblue/Palisade-common","fullModuleName":"uk.gov.gchq.palisade:common"}}
12:54:25.232 [INFO]   [Checking]    out: [INFO] ------------------------------------------------------------------------
12:54:25.232 [INFO]   [Checking]    out: [INFO] BUILD SUCCESS
12:54:25.232 [INFO]   [Checking]    out: [INFO] ------------------------------------------------------------------------
12:54:25.233 [INFO]   [Checking]    out: [INFO] Total time:  5.200 s
12:54:25.233 [INFO]   [Checking]    out: [INFO] Finished at: 2026-01-12T12:54:25Z
12:54:25.233 [INFO]   [Checking]    out: [INFO] ------------------------------------------------------------------------
12:54:25.233 [INFO]   [Checking]    deserializing line [DIFFBLUE]{"__type":"com.diffblue.cover.buildsystem.model.ProjectInfoMessage","projectName":"uk.gov.gchq.palisade:common","productionSources":["/home/jbergqvist/diffblue/Palisade-common/src/main/java","/home/jbergqvist/diffblue/Palisade-common/target/generated-sources/annotations"],"testSources":["/home/jbergqvist/diffblue/Palisade-common/src/test/java","/home/jbergqvist/diffblue/Palisade-common/target/generated-test-sources/test-annotations"],"location":"/home/jbergqvist/diffblue/Palisade-common"}
12:54:25.266 [INFO]   [Checking]    maven:err process not stopped, joining thread
12:54:25.266 [INFO]   [Checking]    maven:out process not stopped, joining thread
12:54:25.470 [INFO]   [Checking]    Detected Jackson Databind version 2.11.0
12:54:25.480 [INFO]   [Checking]    Detected JVM architecture: 64-Bit
12:54:25.490 [INFO]   [Checking]    Using default build rules as no custom rules found in any of [/home/jbergqvist/diffblue/Palisade-common]
12:54:25.490 [INFO]   [Checking]    Attempting to invoke mvnw in working directory: /home/jbergqvist/diffblue/Palisade-common
12:54:25.491 [INFO]   [Checking]    Attempting to invoke /home/jbergqvist/.sdkman/candidates/maven/current/bin/mvn in working directory: /home/jbergqvist/diffblue/Palisade-common
12:54:25.491 [INFO]   [Checking]    Started "/home/jbergqvist/.sdkman/candidates/maven/current/bin/mvn -Dmaven.ext.class.path=/opt/cover/cover-buildsystem-maven-spy-jar-with-dependencies.jar -Dcom.diffblue.cover.skipTests=true -DskipTestOptimizer --batch-mode --projects=uk.gov.gchq.palisade:common --global-settings=/home/jbergqvist/.sdkman/candidates/maven/current/conf/settings.xml -Dcheckstyle.skip=true org.jacoco:jacoco-maven-plugin:0.8.5:prepare-agent -Djacoco.skip=false test -DfailIfNoTests=false -Dsurefire.failIfNoSpecifiedTests=false -Dmaven.test.failure.ignore=True -Dtest=DiffblueDummyCoverageJupiterDiffblueTest org.jacoco:jacoco-maven-plugin:0.8.5:report -Djacoco.skip=false"
12:54:26.234 [INFO]   [Checking]    out: [INFO] Scanning for projects...
12:54:26.324 [INFO]   [Checking]    out: [INFO] 
12:54:26.324 [INFO]   [Checking]    out: [INFO] --------------------< uk.gov.gchq.palisade:common >---------------------
12:54:26.324 [INFO]   [Checking]    out: [INFO] Building GCHQ Palisade Common Library 0.5.2-SNAPSHOT
12:54:26.324 [INFO]   [Checking]    out: [INFO]   from pom.xml
12:54:26.324 [INFO]   [Checking]    out: [INFO] --------------------------------[ jar ]---------------------------------
12:54:26.560 [INFO]   [Checking]    deserializing line [DIFFBLUE]{"__type":"com.diffblue.cover.buildsystem.model.DefaultEventMessage","project":"uk.gov.gchq.palisade:common","goal":"prepare-agent","cause":null,"state":"STARTED"}
12:54:26.561 [INFO]   [Checking]    out: [INFO] 
12:54:26.562 [INFO]   [Checking]    out: [INFO] --- jacoco:0.8.5:prepare-agent (default-cli) @ common ---
12:54:26.805 [INFO]   [Checking]    out: [INFO] argLine set to -javaagent:/home/jbergqvist/.m2/repository/org/jacoco/org.jacoco.agent/0.8.5/org.jacoco.agent-0.8.5-runtime.jar=destfile=/home/jbergqvist/diffblue/Palisade-common/target/jacoco.exec,append=true
12:54:26.806 [INFO]   [Checking]    deserializing line [DIFFBLUE]{"__type":"com.diffblue.cover.buildsystem.model.DefaultEventMessage","project":"uk.gov.gchq.palisade:common","goal":"prepare-agent","cause":null,"state":"SUCCESS"}
12:54:26.807 [INFO]   [Checking]    deserializing line [DIFFBLUE]{"__type":"com.diffblue.cover.buildsystem.model.DefaultEventMessage","project":"uk.gov.gchq.palisade:common","goal":"prepare-agent","cause":null,"state":"STARTED"}
12:54:26.808 [INFO]   [Checking]    out: [INFO] 
12:54:26.808 [INFO]   [Checking]    out: [INFO] --- jacoco:0.8.5:prepare-agent (agent) @ common ---
12:54:26.809 [INFO]   [Checking]    out: [INFO] argLine set to -javaagent:/home/jbergqvist/.m2/repository/org/jacoco/org.jacoco.agent/0.8.5/org.jacoco.agent-0.8.5-runtime.jar=destfile=/home/jbergqvist/diffblue/Palisade-common/target/jacoco.exec,append=true
12:54:26.810 [INFO]   [Checking]    deserializing line [DIFFBLUE]{"__type":"com.diffblue.cover.buildsystem.model.DefaultEventMessage","project":"uk.gov.gchq.palisade:common","goal":"prepare-agent","cause":null,"state":"SUCCESS"}
12:54:26.811 [INFO]   [Checking]    deserializing line [DIFFBLUE]{"__type":"com.diffblue.cover.buildsystem.model.DefaultEventMessage","project":"uk.gov.gchq.palisade:common","goal":"resources","cause":null,"state":"STARTED"}
12:54:26.812 [INFO]   [Checking]    out: [INFO] 
12:54:26.812 [INFO]   [Checking]    out: [INFO] --- resources:3.3.1:resources (default-resources) @ common ---
12:54:26.860 [INFO]   [Checking]    out: [INFO] Copying 1 resource from src/main/resources to target/classes
12:54:26.863 [INFO]   [Checking]    deserializing line [DIFFBLUE]{"__type":"com.diffblue.cover.buildsystem.model.DefaultEventMessage","project":"uk.gov.gchq.palisade:common","goal":"resources","cause":null,"state":"SUCCESS"}
12:54:26.865 [INFO]   [Checking]    deserializing line [DIFFBLUE]{"__type":"com.diffblue.cover.buildsystem.model.DefaultEventMessage","project":"uk.gov.gchq.palisade:common","goal":"flatten","cause":null,"state":"STARTED"}
12:54:26.866 [INFO]   [Checking]    out: [INFO] 
12:54:26.866 [INFO]   [Checking]    out: [INFO] --- flatten:1.1.0:flatten (flatten) @ common ---
12:54:26.967 [INFO]   [Checking]    out: [INFO] Generating flattened POM of project uk.gov.gchq.palisade:common:jar:0.5.2-SNAPSHOT...
12:54:27.011 [INFO]   [Checking]    deserializing line [DIFFBLUE]{"__type":"com.diffblue.cover.buildsystem.model.DefaultEventMessage","project":"uk.gov.gchq.palisade:common","goal":"flatten","cause":null,"state":"SUCCESS"}
12:54:27.013 [INFO]   [Checking]    deserializing line [DIFFBLUE]{"__type":"com.diffblue.cover.buildsystem.model.DefaultEventMessage","project":"uk.gov.gchq.palisade:common","goal":"compile","cause":null,"state":"STARTED"}
12:54:27.014 [INFO]   [Checking]    out: [INFO] 
12:54:27.014 [INFO]   [Checking]    out: [INFO] --- compiler:3.8.0:compile (default-compile) @ common ---
12:54:27.129 [INFO]   [Checking]    out: [INFO] Changes detected - recompiling the module!
12:54:27.133 [INFO]   [Checking]    out: [INFO] Compiling 23 source files to /home/jbergqvist/diffblue/Palisade-common/target/classes
12:54:27.850 [INFO]   [Checking]    deserializing line [DIFFBLUE]{"__type":"com.diffblue.cover.buildsystem.model.DefaultEventMessage","project":"uk.gov.gchq.palisade:common","goal":"compile","cause":null,"state":"SUCCESS"}
12:54:27.852 [INFO]   [Checking]    deserializing line [DIFFBLUE]{"__type":"com.diffblue.cover.buildsystem.model.DefaultEventMessage","project":"uk.gov.gchq.palisade:common","goal":"javadoc-no-fork","cause":null,"state":"STARTED"}
12:54:27.854 [INFO]   [Checking]    out: [INFO] 
12:54:27.854 [INFO]   [Checking]    out: [INFO] --- javadoc:3.1.0:javadoc-no-fork (javadoc-compile) @ common ---
12:54:29.428 [INFO]   [Checking]    deserializing line [DIFFBLUE]{"__type":"com.diffblue.cover.buildsystem.model.DefaultEventMessage","project":"uk.gov.gchq.palisade:common","goal":"javadoc-no-fork","cause":null,"state":"SUCCESS"}
12:54:29.430 [INFO]   [Checking]    deserializing line [DIFFBLUE]{"__type":"com.diffblue.cover.buildsystem.model.DefaultEventMessage","project":"uk.gov.gchq.palisade:common","goal":"aggregate-no-fork","cause":null,"state":"STARTED"}
12:54:29.431 [INFO]   [Checking]    out: [INFO] 
12:54:29.431 [INFO]   [Checking]    out: [INFO] --- javadoc:3.1.0:aggregate-no-fork (javadoc-compile) @ common ---
12:54:30.820 [INFO]   [Checking]    deserializing line [DIFFBLUE]{"__type":"com.diffblue.cover.buildsystem.model.DefaultEventMessage","project":"uk.gov.gchq.palisade:common","goal":"aggregate-no-fork","cause":null,"state":"SUCCESS"}
12:54:30.822 [INFO]   [Checking]    deserializing line [DIFFBLUE]{"__type":"com.diffblue.cover.buildsystem.model.DefaultEventMessage","project":"uk.gov.gchq.palisade:common","goal":"testResources","cause":null,"state":"STARTED"}
12:54:30.823 [INFO]   [Checking]    out: [INFO] 
12:54:30.823 [INFO]   [Checking]    out: [INFO] --- resources:3.3.1:testResources (default-testResources) @ common ---
12:54:30.824 [INFO]   [Checking]    out: [INFO] skip non existing resourceDirectory /home/jbergqvist/diffblue/Palisade-common/src/test/resources
12:54:30.826 [INFO]   [Checking]    deserializing line [DIFFBLUE]{"__type":"com.diffblue.cover.buildsystem.model.DefaultEventMessage","project":"uk.gov.gchq.palisade:common","goal":"testResources","cause":null,"state":"SUCCESS"}
12:54:30.827 [INFO]   [Checking]    deserializing line [DIFFBLUE]{"__type":"com.diffblue.cover.buildsystem.model.DefaultEventMessage","project":"uk.gov.gchq.palisade:common","goal":"testCompile","cause":null,"state":"STARTED"}
12:54:30.828 [INFO]   [Checking]    out: [INFO] 
12:54:30.828 [INFO]   [Checking]    out: [INFO] --- compiler:3.8.0:testCompile (default-testCompile) @ common ---
12:54:30.831 [INFO]   [Checking]    out: [INFO] Changes detected - recompiling the module!
12:54:30.831 [INFO]   [Checking]    out: [INFO] Compiling 2 source files to /home/jbergqvist/diffblue/Palisade-common/target/test-classes
12:54:30.907 [INFO]   [Checking]    deserializing line [DIFFBLUE]{"__type":"com.diffblue.cover.buildsystem.model.DefaultEventMessage","project":"uk.gov.gchq.palisade:common","goal":"testCompile","cause":null,"state":"SUCCESS"}
12:54:30.908 [INFO]   [Checking]    deserializing line [DIFFBLUE]{"__type":"com.diffblue.cover.buildsystem.model.DefaultEventMessage","project":"uk.gov.gchq.palisade:common","goal":"test","cause":null,"state":"STARTED"}
12:54:30.909 [INFO]   [Checking]    out: [INFO] 
12:54:30.909 [INFO]   [Checking]    out: [INFO] --- surefire:3.2.5:test (default-test) @ common ---
12:54:30.992 [INFO]   [Checking]    out: [INFO] Using auto detected provider org.apache.maven.surefire.junitplatform.JUnitPlatformProvider
12:54:31.015 [INFO]   [Checking]    out: [INFO] 
12:54:31.016 [INFO]   [Checking]    out: [INFO] -------------------------------------------------------
12:54:31.016 [INFO]   [Checking]    out: [INFO]  T E S T S
12:54:31.016 [INFO]   [Checking]    out: [INFO] -------------------------------------------------------
12:54:31.647 [INFO]   [Checking]    out: [INFO] Running DiffblueDummyCoverageJupiterDiffblueTest
12:54:31.701 [INFO]   [Checking]    out: [INFO] Tests run: 1, Failures: 0, Errors: 0, Skipped: 0, Time elapsed: 0.045 s -- in DiffblueDummyCoverageJupiterDiffblueTest
12:54:31.751 [INFO]   [Checking]    out: [INFO] 
12:54:31.751 [INFO]   [Checking]    out: [INFO] Results:
12:54:31.751 [INFO]   [Checking]    out: [INFO] 
12:54:31.751 [INFO]   [Checking]    out: [INFO] Tests run: 1, Failures: 0, Errors: 0, Skipped: 0
12:54:31.751 [INFO]   [Checking]    out: [INFO] 
12:54:31.754 [INFO]   [Checking]    deserializing line [DIFFBLUE]{"__type":"com.diffblue.cover.buildsystem.model.DefaultEventMessage","project":"uk.gov.gchq.palisade:common","goal":"test","cause":null,"state":"SUCCESS"}
12:54:31.756 [INFO]   [Checking]    deserializing line [DIFFBLUE]{"__type":"com.diffblue.cover.buildsystem.model.DefaultEventMessage","project":"uk.gov.gchq.palisade:common","goal":"report","cause":null,"state":"STARTED"}
12:54:31.756 [INFO]   [Checking]    out: [INFO] 
12:54:31.756 [INFO]   [Checking]    out: [INFO] --- jacoco:0.8.5:report (default-cli) @ common ---
12:54:31.792 [INFO]   [Checking]    out: [INFO] Loading execution data file /home/jbergqvist/diffblue/Palisade-common/target/jacoco.exec
12:54:31.852 [INFO]   [Checking]    out: [INFO] Analyzed bundle 'GCHQ Palisade Common Library' with 26 classes
12:54:31.898 [INFO]   [Checking]    deserializing line [DIFFBLUE]{"__type":"com.diffblue.cover.buildsystem.model.DefaultEventMessage","project":"uk.gov.gchq.palisade:common","goal":"report","cause":null,"state":"SUCCESS"}
12:54:31.920 [INFO]   [Checking]    deserializing line [DIFFBLUE]{"__type":"com.diffblue.cover.buildsystem.model.DefaultProjectModuleMessage","project":{"__type":"DefaultProjectModule","junitReport":["/home/jbergqvist/diffblue/Palisade-common/target/surefire-reports"],"jacocoReport":["/home/jbergqvist/diffblue/Palisade-common/target/site/jacoco/jacoco.xml"],"jacocoDestFile":["${sonar.jacoco.reportPath}","/home/jbergqvist/diffblue/Palisade-common/target/jacoco.exec"],"jacocoFormats":["xml"],"jacocoSkipped":false,"classpath":["/home/jbergqvist/diffblue/Palisade-common/target/classes","/home/jbergqvist/.m2/repository/com/typesafe/akka/akka-stream_2.13/2.6.10/akka-stream_2.13-2.6.10.jar","/home/jbergqvist/.m2/repository/org/scala-lang/scala-library/2.13.3/scala-library-2.13.3.jar","/home/jbergqvist/.m2/repository/com/typesafe/akka/akka-actor_2.13/2.6.10/akka-actor_2.13-2.6.10.jar","/home/jbergqvist/.m2/repository/com/typesafe/config/1.4.0/config-1.4.0.jar","/home/jbergqvist/.m2/repository/org/scala-lang/modules/scala-java8-compat_2.13/0.9.0/scala-java8-compat_2.13-0.9.0.jar","/home/jbergqvist/.m2/repository/com/typesafe/akka/akka-protobuf-v3_2.13/2.6.10/akka-protobuf-v3_2.13-2.6.10.jar","/home/jbergqvist/.m2/repository/org/reactivestreams/reactive-streams/1.0.3/reactive-streams-1.0.3.jar","/home/jbergqvist/.m2/repository/com/typesafe/ssl-config-core_2.13/0.4.2/ssl-config-core_2.13-0.4.2.jar","/home/jbergqvist/.m2/repository/org/scala-lang/modules/scala-parser-combinators_2.13/1.1.2/scala-parser-combinators_2.13-1.1.2.jar","/home/jbergqvist/.m2/repository/org/junit/jupiter/junit-jupiter-engine/5.13.4/junit-jupiter-engine-5.13.4.jar","/home/jbergqvist/.m2/repository/org/junit/platform/junit-platform-engine/1.13.4/junit-platform-engine-1.13.4.jar","/home/jbergqvist/.m2/repository/org/opentest4j/opentest4j/1.3.0/opentest4j-1.3.0.jar","/home/jbergqvist/.m2/repository/org/junit/platform/junit-platform-commons/1.13.4/junit-platform-commons-1.13.4.jar","/home/jbergqvist/.m2/repository/org/junit/jupiter/junit-jupiter-api/5.13.4/junit-jupiter-api-5.13.4.jar","/home/jbergqvist/.m2/repository/org/apiguardian/apiguardian-api/1.1.2/apiguardian-api-1.1.2.jar","/home/jbergqvist/.m2/repository/org/mockito/mockito-core/5.20.0/mockito-core-5.20.0.jar","/home/jbergqvist/.m2/repository/net/bytebuddy/byte-buddy/1.17.7/byte-buddy-1.17.7.jar","/home/jbergqvist/.m2/repository/net/bytebuddy/byte-buddy-agent/1.17.7/byte-buddy-agent-1.17.7.jar","/home/jbergqvist/.m2/repository/org/objenesis/objenesis/3.3/objenesis-3.3.jar","/home/jbergqvist/.m2/repository/org/mockito/mockito-junit-jupiter/5.20.0/mockito-junit-jupiter-5.20.0.jar","/home/jbergqvist/.m2/repository/com/fasterxml/jackson/core/jackson-databind/2.11.0/jackson-databind-2.11.0.jar","/home/jbergqvist/.m2/repository/com/fasterxml/jackson/core/jackson-annotations/2.11.0/jackson-annotations-2.11.0.jar","/home/jbergqvist/.m2/repository/com/fasterxml/jackson/core/jackson-core/2.11.0/jackson-core-2.11.0.jar","/home/jbergqvist/.m2/repository/org/slf4j/slf4j-api/1.7.25/slf4j-api-1.7.25.jar","/home/jbergqvist/.m2/repository/com/diffblue/cover/cover-annotations/1.8.0/cover-annotations-1.8.0.jar"],"complianceLevel":"11","productionSources":["/home/jbergqvist/diffblue/Palisade-common/src/main/java"],"testSources":["/home/jbergqvist/diffblue/Palisade-common/src/test/java"],"productionClasses":"/home/jbergqvist/diffblue/Palisade-common/target/classes","testClasses":"/home/jbergqvist/diffblue/Palisade-common/target/test-classes","sourceToBuildPathMap":null,"testSourceToBuildPathMap":null,"buildDirectory":"/home/jbergqvist/diffblue/Palisade-common/target","plugins":[{"__type":"DefaultPlugin","groupId":"org.apache.maven.plugins","artefactId":"maven-compiler-plugin","version":"3.8.0","pluginClassName":null},{"__type":"DefaultPlugin","groupId":"org.apache.maven.plugins","artefactId":"maven-javadoc-plugin","version":"3.1.0","pluginClassName":null},{"__type":"DefaultPlugin","groupId":"org.apache.maven.plugins","artefactId":"maven-dependency-plugin","version":"3.1.2","pluginClassName":null},{"__type":"DefaultPlugin","groupId":"org.codehaus.mojo","artefactId":"flatten-maven-plugin","version":"1.1.0","pluginClassName":null},{"__type":"DefaultPlugin","groupId":"org.codehaus.mojo","artefactId":"license-maven-plugin","version":"2.0.0","pluginClassName":null},{"__type":"DefaultPlugin","groupId":"org.jacoco","artefactId":"jacoco-maven-plugin","version":"0.8.5","pluginClassName":null},{"__type":"DefaultPlugin","groupId":"org.apache.maven.plugins","artefactId":"maven-checkstyle-plugin","version":"3.1.0","pluginClassName":null},{"__type":"DefaultPlugin","groupId":"org.apache.maven.plugins","artefactId":"maven-clean-plugin","version":"3.2.0","pluginClassName":null},{"__type":"DefaultPlugin","groupId":"org.apache.maven.plugins","artefactId":"maven-resources-plugin","version":"3.3.1","pluginClassName":null},{"__type":"DefaultPlugin","groupId":"org.apache.maven.plugins","artefactId":"maven-jar-plugin","version":"3.4.1","pluginClassName":null},{"__type":"DefaultPlugin","groupId":"org.apache.maven.plugins","artefactId":"maven-surefire-plugin","version":"3.2.5","pluginClassName":null},{"__type":"DefaultPlugin","groupId":"org.apache.maven.plugins","artefactId":"maven-install-plugin","version":"3.1.2","pluginClassName":null},{"__type":"DefaultPlugin","groupId":"org.apache.maven.plugins","artefactId":"maven-deploy-plugin","version":"3.1.2","pluginClassName":null},{"__type":"DefaultPlugin","groupId":"org.apache.maven.plugins","artefactId":"maven-site-plugin","version":"3.12.1","pluginClassName":null}],"version":"3.9.12","encoding":"UTF-8","name":"maven","subModules":[],"simpleModuleName":null,"parentModuleName":null,"location":"/home/jbergqvist/diffblue/Palisade-common","fullModuleName":"uk.gov.gchq.palisade:common"}}
12:54:31.925 [INFO]   [Checking]    out: [INFO] ------------------------------------------------------------------------
12:54:31.925 [INFO]   [Checking]    out: [INFO] BUILD SUCCESS
12:54:31.925 [INFO]   [Checking]    out: [INFO] ------------------------------------------------------------------------
12:54:31.925 [INFO]   [Checking]    out: [INFO] Total time:  5.700 s
12:54:31.926 [INFO]   [Checking]    out: [INFO] Finished at: 2026-01-12T12:54:31Z
12:54:31.926 [INFO]   [Checking]    out: [INFO] ------------------------------------------------------------------------
12:54:31.926 [INFO]   [Checking]    deserializing line [DIFFBLUE]{"__type":"com.diffblue.cover.buildsystem.model.ProjectInfoMessage","projectName":"uk.gov.gchq.palisade:common","productionSources":["/home/jbergqvist/diffblue/Palisade-common/src/main/java","/home/jbergqvist/diffblue/Palisade-common/target/generated-sources/annotations"],"testSources":["/home/jbergqvist/diffblue/Palisade-common/src/test/java","/home/jbergqvist/diffblue/Palisade-common/target/generated-test-sources/test-annotations"],"location":"/home/jbergqvist/diffblue/Palisade-common"}
12:54:31.968 [INFO]   [Checking]    maven:err process not stopped, joining thread
12:54:31.968 [INFO]   [Checking]    maven:out process not stopped, joining thread
12:54:32.066 [INFO]   [Checking]    Using default build rules as no custom rules found in any of [/home/jbergqvist/diffblue/Palisade-common]
12:54:32.066 [INFO]   [Checking]    Attempting to invoke mvnw in working directory: /home/jbergqvist/diffblue/Palisade-common
12:54:32.067 [INFO]   [Checking]    Attempting to invoke /home/jbergqvist/.sdkman/candidates/maven/current/bin/mvn in working directory: /home/jbergqvist/diffblue/Palisade-common
12:54:32.067 [INFO]   [Checking]    Started "/home/jbergqvist/.sdkman/candidates/maven/current/bin/mvn -Dmaven.ext.class.path=/opt/cover/cover-buildsystem-maven-spy-jar-with-dependencies.jar -Dcom.diffblue.cover.skipTests=true -DskipTestOptimizer --batch-mode --projects=uk.gov.gchq.palisade:common --global-settings=/home/jbergqvist/.sdkman/candidates/maven/current/conf/settings.xml -Dcheckstyle.skip=true org.jacoco:jacoco-maven-plugin:0.8.5:prepare-agent -Djacoco.skip=false test -DfailIfNoTests=false -Dsurefire.failIfNoSpecifiedTests=false -Dmaven.test.failure.ignore=True -Dtest=!*DiffblueTest,**/DiffblueDummy* org.jacoco:jacoco-maven-plugin:0.8.5:report -Djacoco.skip=false"
12:54:32.863 [INFO]   [Checking]    out: [INFO] Scanning for projects...
12:54:32.960 [INFO]   [Checking]    out: [INFO] 
12:54:32.960 [INFO]   [Checking]    out: [INFO] --------------------< uk.gov.gchq.palisade:common >---------------------
12:54:32.960 [INFO]   [Checking]    out: [INFO] Building GCHQ Palisade Common Library 0.5.2-SNAPSHOT
12:54:32.960 [INFO]   [Checking]    out: [INFO]   from pom.xml
12:54:32.960 [INFO]   [Checking]    out: [INFO] --------------------------------[ jar ]---------------------------------
12:54:33.215 [INFO]   [Checking]    deserializing line [DIFFBLUE]{"__type":"com.diffblue.cover.buildsystem.model.DefaultEventMessage","project":"uk.gov.gchq.palisade:common","goal":"prepare-agent","cause":null,"state":"STARTED"}
12:54:33.216 [INFO]   [Checking]    out: [INFO] 
12:54:33.216 [INFO]   [Checking]    out: [INFO] --- jacoco:0.8.5:prepare-agent (default-cli) @ common ---
12:54:33.461 [INFO]   [Checking]    out: [INFO] argLine set to -javaagent:/home/jbergqvist/.m2/repository/org/jacoco/org.jacoco.agent/0.8.5/org.jacoco.agent-0.8.5-runtime.jar=destfile=/home/jbergqvist/diffblue/Palisade-common/target/jacoco.exec,append=true
12:54:33.462 [INFO]   [Checking]    deserializing line [DIFFBLUE]{"__type":"com.diffblue.cover.buildsystem.model.DefaultEventMessage","project":"uk.gov.gchq.palisade:common","goal":"prepare-agent","cause":null,"state":"SUCCESS"}
12:54:33.463 [INFO]   [Checking]    deserializing line [DIFFBLUE]{"__type":"com.diffblue.cover.buildsystem.model.DefaultEventMessage","project":"uk.gov.gchq.palisade:common","goal":"prepare-agent","cause":null,"state":"STARTED"}
12:54:33.464 [INFO]   [Checking]    out: [INFO] 
12:54:33.464 [INFO]   [Checking]    out: [INFO] --- jacoco:0.8.5:prepare-agent (agent) @ common ---
12:54:33.464 [INFO]   [Checking]    out: [INFO] argLine set to -javaagent:/home/jbergqvist/.m2/repository/org/jacoco/org.jacoco.agent/0.8.5/org.jacoco.agent-0.8.5-runtime.jar=destfile=/home/jbergqvist/diffblue/Palisade-common/target/jacoco.exec,append=true
12:54:33.466 [INFO]   [Checking]    deserializing line [DIFFBLUE]{"__type":"com.diffblue.cover.buildsystem.model.DefaultEventMessage","project":"uk.gov.gchq.palisade:common","goal":"prepare-agent","cause":null,"state":"SUCCESS"}
12:54:33.467 [INFO]   [Checking]    deserializing line [DIFFBLUE]{"__type":"com.diffblue.cover.buildsystem.model.DefaultEventMessage","project":"uk.gov.gchq.palisade:common","goal":"resources","cause":null,"state":"STARTED"}
12:54:33.468 [INFO]   [Checking]    out: [INFO] 
12:54:33.468 [INFO]   [Checking]    out: [INFO] --- resources:3.3.1:resources (default-resources) @ common ---
12:54:33.516 [INFO]   [Checking]    out: [INFO] Copying 1 resource from src/main/resources to target/classes
12:54:33.519 [INFO]   [Checking]    deserializing line [DIFFBLUE]{"__type":"com.diffblue.cover.buildsystem.model.DefaultEventMessage","project":"uk.gov.gchq.palisade:common","goal":"resources","cause":null,"state":"SUCCESS"}
12:54:33.520 [INFO]   [Checking]    deserializing line [DIFFBLUE]{"__type":"com.diffblue.cover.buildsystem.model.DefaultEventMessage","project":"uk.gov.gchq.palisade:common","goal":"flatten","cause":null,"state":"STARTED"}
12:54:33.521 [INFO]   [Checking]    out: [INFO] 
12:54:33.521 [INFO]   [Checking]    out: [INFO] --- flatten:1.1.0:flatten (flatten) @ common ---
12:54:33.622 [INFO]   [Checking]    out: [INFO] Generating flattened POM of project uk.gov.gchq.palisade:common:jar:0.5.2-SNAPSHOT...
12:54:33.665 [INFO]   [Checking]    deserializing line [DIFFBLUE]{"__type":"com.diffblue.cover.buildsystem.model.DefaultEventMessage","project":"uk.gov.gchq.palisade:common","goal":"flatten","cause":null,"state":"SUCCESS"}
12:54:33.666 [INFO]   [Checking]    deserializing line [DIFFBLUE]{"__type":"com.diffblue.cover.buildsystem.model.DefaultEventMessage","project":"uk.gov.gchq.palisade:common","goal":"compile","cause":null,"state":"STARTED"}
12:54:33.667 [INFO]   [Checking]    out: [INFO] 
12:54:33.667 [INFO]   [Checking]    out: [INFO] --- compiler:3.8.0:compile (default-compile) @ common ---
12:54:33.778 [INFO]   [Checking]    out: [INFO] Changes detected - recompiling the module!
12:54:33.779 [INFO]   [Checking]    out: [INFO] Compiling 23 source files to /home/jbergqvist/diffblue/Palisade-common/target/classes
12:54:34.509 [INFO]   [Checking]    deserializing line [DIFFBLUE]{"__type":"com.diffblue.cover.buildsystem.model.DefaultEventMessage","project":"uk.gov.gchq.palisade:common","goal":"compile","cause":null,"state":"SUCCESS"}
12:54:34.511 [INFO]   [Checking]    deserializing line [DIFFBLUE]{"__type":"com.diffblue.cover.buildsystem.model.DefaultEventMessage","project":"uk.gov.gchq.palisade:common","goal":"javadoc-no-fork","cause":null,"state":"STARTED"}
12:54:34.512 [INFO]   [Checking]    out: [INFO] 
12:54:34.513 [INFO]   [Checking]    out: [INFO] --- javadoc:3.1.0:javadoc-no-fork (javadoc-compile) @ common ---
12:54:36.086 [INFO]   [Checking]    deserializing line [DIFFBLUE]{"__type":"com.diffblue.cover.buildsystem.model.DefaultEventMessage","project":"uk.gov.gchq.palisade:common","goal":"javadoc-no-fork","cause":null,"state":"SUCCESS"}
12:54:36.087 [INFO]   [Checking]    deserializing line [DIFFBLUE]{"__type":"com.diffblue.cover.buildsystem.model.DefaultEventMessage","project":"uk.gov.gchq.palisade:common","goal":"aggregate-no-fork","cause":null,"state":"STARTED"}
12:54:36.088 [INFO]   [Checking]    out: [INFO] 
12:54:36.088 [INFO]   [Checking]    out: [INFO] --- javadoc:3.1.0:aggregate-no-fork (javadoc-compile) @ common ---
12:54:37.546 [INFO]   [Checking]    deserializing line [DIFFBLUE]{"__type":"com.diffblue.cover.buildsystem.model.DefaultEventMessage","project":"uk.gov.gchq.palisade:common","goal":"aggregate-no-fork","cause":null,"state":"SUCCESS"}
12:54:37.547 [INFO]   [Checking]    deserializing line [DIFFBLUE]{"__type":"com.diffblue.cover.buildsystem.model.DefaultEventMessage","project":"uk.gov.gchq.palisade:common","goal":"testResources","cause":null,"state":"STARTED"}
12:54:37.548 [INFO]   [Checking]    out: [INFO] 
12:54:37.548 [INFO]   [Checking]    out: [INFO] --- resources:3.3.1:testResources (default-testResources) @ common ---
12:54:37.550 [INFO]   [Checking]    out: [INFO] skip non existing resourceDirectory /home/jbergqvist/diffblue/Palisade-common/src/test/resources
12:54:37.552 [INFO]   [Checking]    deserializing line [DIFFBLUE]{"__type":"com.diffblue.cover.buildsystem.model.DefaultEventMessage","project":"uk.gov.gchq.palisade:common","goal":"testResources","cause":null,"state":"SUCCESS"}
12:54:37.553 [INFO]   [Checking]    deserializing line [DIFFBLUE]{"__type":"com.diffblue.cover.buildsystem.model.DefaultEventMessage","project":"uk.gov.gchq.palisade:common","goal":"testCompile","cause":null,"state":"STARTED"}
12:54:37.554 [INFO]   [Checking]    out: [INFO] 
12:54:37.554 [INFO]   [Checking]    out: [INFO] --- compiler:3.8.0:testCompile (default-testCompile) @ common ---
12:54:37.559 [INFO]   [Checking]    out: [INFO] Changes detected - recompiling the module!
12:54:37.559 [INFO]   [Checking]    out: [INFO] Compiling 2 source files to /home/jbergqvist/diffblue/Palisade-common/target/test-classes
12:54:37.641 [INFO]   [Checking]    deserializing line [DIFFBLUE]{"__type":"com.diffblue.cover.buildsystem.model.DefaultEventMessage","project":"uk.gov.gchq.palisade:common","goal":"testCompile","cause":null,"state":"SUCCESS"}
12:54:37.643 [INFO]   [Checking]    deserializing line [DIFFBLUE]{"__type":"com.diffblue.cover.buildsystem.model.DefaultEventMessage","project":"uk.gov.gchq.palisade:common","goal":"test","cause":null,"state":"STARTED"}
12:54:37.644 [INFO]   [Checking]    out: [INFO] 
12:54:37.644 [INFO]   [Checking]    out: [INFO] --- surefire:3.2.5:test (default-test) @ common ---
12:54:37.738 [INFO]   [Checking]    out: [INFO] Using auto detected provider org.apache.maven.surefire.junitplatform.JUnitPlatformProvider
12:54:37.764 [INFO]   [Checking]    out: [INFO] 
12:54:37.764 [INFO]   [Checking]    out: [INFO] -------------------------------------------------------
12:54:37.764 [INFO]   [Checking]    out: [INFO]  T E S T S
12:54:37.764 [INFO]   [Checking]    out: [INFO] -------------------------------------------------------
12:54:38.367 [INFO]   [Checking]    out: [INFO] Running DiffblueDummyCoverageJupiterTest
12:54:38.416 [INFO]   [Checking]    out: [INFO] Tests run: 1, Failures: 0, Errors: 0, Skipped: 0, Time elapsed: 0.040 s -- in DiffblueDummyCoverageJupiterTest
12:54:38.476 [INFO]   [Checking]    out: [INFO] 
12:54:38.476 [INFO]   [Checking]    out: [INFO] Results:
12:54:38.476 [INFO]   [Checking]    out: [INFO] 
12:54:38.476 [INFO]   [Checking]    out: [INFO] Tests run: 1, Failures: 0, Errors: 0, Skipped: 0
12:54:38.476 [INFO]   [Checking]    out: [INFO] 
12:54:38.479 [INFO]   [Checking]    deserializing line [DIFFBLUE]{"__type":"com.diffblue.cover.buildsystem.model.DefaultEventMessage","project":"uk.gov.gchq.palisade:common","goal":"test","cause":null,"state":"SUCCESS"}
12:54:38.480 [INFO]   [Checking]    deserializing line [DIFFBLUE]{"__type":"com.diffblue.cover.buildsystem.model.DefaultEventMessage","project":"uk.gov.gchq.palisade:common","goal":"report","cause":null,"state":"STARTED"}
12:54:38.481 [INFO]   [Checking]    out: [INFO] 
12:54:38.481 [INFO]   [Checking]    out: [INFO] --- jacoco:0.8.5:report (default-cli) @ common ---
12:54:38.516 [INFO]   [Checking]    out: [INFO] Loading execution data file /home/jbergqvist/diffblue/Palisade-common/target/jacoco.exec
12:54:38.573 [INFO]   [Checking]    out: [INFO] Analyzed bundle 'GCHQ Palisade Common Library' with 26 classes
12:54:38.625 [INFO]   [Checking]    deserializing line [DIFFBLUE]{"__type":"com.diffblue.cover.buildsystem.model.DefaultEventMessage","project":"uk.gov.gchq.palisade:common","goal":"report","cause":null,"state":"SUCCESS"}
12:54:38.645 [INFO]   [Checking]    deserializing line [DIFFBLUE]{"__type":"com.diffblue.cover.buildsystem.model.DefaultProjectModuleMessage","project":{"__type":"DefaultProjectModule","junitReport":["/home/jbergqvist/diffblue/Palisade-common/target/surefire-reports"],"jacocoReport":["/home/jbergqvist/diffblue/Palisade-common/target/site/jacoco/jacoco.xml"],"jacocoDestFile":["${sonar.jacoco.reportPath}","/home/jbergqvist/diffblue/Palisade-common/target/jacoco.exec"],"jacocoFormats":["xml"],"jacocoSkipped":false,"classpath":["/home/jbergqvist/diffblue/Palisade-common/target/classes","/home/jbergqvist/.m2/repository/com/typesafe/akka/akka-stream_2.13/2.6.10/akka-stream_2.13-2.6.10.jar","/home/jbergqvist/.m2/repository/org/scala-lang/scala-library/2.13.3/scala-library-2.13.3.jar","/home/jbergqvist/.m2/repository/com/typesafe/akka/akka-actor_2.13/2.6.10/akka-actor_2.13-2.6.10.jar","/home/jbergqvist/.m2/repository/com/typesafe/config/1.4.0/config-1.4.0.jar","/home/jbergqvist/.m2/repository/org/scala-lang/modules/scala-java8-compat_2.13/0.9.0/scala-java8-compat_2.13-0.9.0.jar","/home/jbergqvist/.m2/repository/com/typesafe/akka/akka-protobuf-v3_2.13/2.6.10/akka-protobuf-v3_2.13-2.6.10.jar","/home/jbergqvist/.m2/repository/org/reactivestreams/reactive-streams/1.0.3/reactive-streams-1.0.3.jar","/home/jbergqvist/.m2/repository/com/typesafe/ssl-config-core_2.13/0.4.2/ssl-config-core_2.13-0.4.2.jar","/home/jbergqvist/.m2/repository/org/scala-lang/modules/scala-parser-combinators_2.13/1.1.2/scala-parser-combinators_2.13-1.1.2.jar","/home/jbergqvist/.m2/repository/org/junit/jupiter/junit-jupiter-engine/5.13.4/junit-jupiter-engine-5.13.4.jar","/home/jbergqvist/.m2/repository/org/junit/platform/junit-platform-engine/1.13.4/junit-platform-engine-1.13.4.jar","/home/jbergqvist/.m2/repository/org/opentest4j/opentest4j/1.3.0/opentest4j-1.3.0.jar","/home/jbergqvist/.m2/repository/org/junit/platform/junit-platform-commons/1.13.4/junit-platform-commons-1.13.4.jar","/home/jbergqvist/.m2/repository/org/junit/jupiter/junit-jupiter-api/5.13.4/junit-jupiter-api-5.13.4.jar","/home/jbergqvist/.m2/repository/org/apiguardian/apiguardian-api/1.1.2/apiguardian-api-1.1.2.jar","/home/jbergqvist/.m2/repository/org/mockito/mockito-core/5.20.0/mockito-core-5.20.0.jar","/home/jbergqvist/.m2/repository/net/bytebuddy/byte-buddy/1.17.7/byte-buddy-1.17.7.jar","/home/jbergqvist/.m2/repository/net/bytebuddy/byte-buddy-agent/1.17.7/byte-buddy-agent-1.17.7.jar","/home/jbergqvist/.m2/repository/org/objenesis/objenesis/3.3/objenesis-3.3.jar","/home/jbergqvist/.m2/repository/org/mockito/mockito-junit-jupiter/5.20.0/mockito-junit-jupiter-5.20.0.jar","/home/jbergqvist/.m2/repository/com/fasterxml/jackson/core/jackson-databind/2.11.0/jackson-databind-2.11.0.jar","/home/jbergqvist/.m2/repository/com/fasterxml/jackson/core/jackson-annotations/2.11.0/jackson-annotations-2.11.0.jar","/home/jbergqvist/.m2/repository/com/fasterxml/jackson/core/jackson-core/2.11.0/jackson-core-2.11.0.jar","/home/jbergqvist/.m2/repository/org/slf4j/slf4j-api/1.7.25/slf4j-api-1.7.25.jar","/home/jbergqvist/.m2/repository/com/diffblue/cover/cover-annotations/1.8.0/cover-annotations-1.8.0.jar"],"complianceLevel":"11","productionSources":["/home/jbergqvist/diffblue/Palisade-common/src/main/java"],"testSources":["/home/jbergqvist/diffblue/Palisade-common/src/test/java"],"productionClasses":"/home/jbergqvist/diffblue/Palisade-common/target/classes","testClasses":"/home/jbergqvist/diffblue/Palisade-common/target/test-classes","sourceToBuildPathMap":null,"testSourceToBuildPathMap":null,"buildDirectory":"/home/jbergqvist/diffblue/Palisade-common/target","plugins":[{"__type":"DefaultPlugin","groupId":"org.apache.maven.plugins","artefactId":"maven-compiler-plugin","version":"3.8.0","pluginClassName":null},{"__type":"DefaultPlugin","groupId":"org.apache.maven.plugins","artefactId":"maven-javadoc-plugin","version":"3.1.0","pluginClassName":null},{"__type":"DefaultPlugin","groupId":"org.apache.maven.plugins","artefactId":"maven-dependency-plugin","version":"3.1.2","pluginClassName":null},{"__type":"DefaultPlugin","groupId":"org.codehaus.mojo","artefactId":"flatten-maven-plugin","version":"1.1.0","pluginClassName":null},{"__type":"DefaultPlugin","groupId":"org.codehaus.mojo","artefactId":"license-maven-plugin","version":"2.0.0","pluginClassName":null},{"__type":"DefaultPlugin","groupId":"org.jacoco","artefactId":"jacoco-maven-plugin","version":"0.8.5","pluginClassName":null},{"__type":"DefaultPlugin","groupId":"org.apache.maven.plugins","artefactId":"maven-checkstyle-plugin","version":"3.1.0","pluginClassName":null},{"__type":"DefaultPlugin","groupId":"org.apache.maven.plugins","artefactId":"maven-clean-plugin","version":"3.2.0","pluginClassName":null},{"__type":"DefaultPlugin","groupId":"org.apache.maven.plugins","artefactId":"maven-resources-plugin","version":"3.3.1","pluginClassName":null},{"__type":"DefaultPlugin","groupId":"org.apache.maven.plugins","artefactId":"maven-jar-plugin","version":"3.4.1","pluginClassName":null},{"__type":"DefaultPlugin","groupId":"org.apache.maven.plugins","artefactId":"maven-surefire-plugin","version":"3.2.5","pluginClassName":null},{"__type":"DefaultPlugin","groupId":"org.apache.maven.plugins","artefactId":"maven-install-plugin","version":"3.1.2","pluginClassName":null},{"__type":"DefaultPlugin","groupId":"org.apache.maven.plugins","artefactId":"maven-deploy-plugin","version":"3.1.2","pluginClassName":null},{"__type":"DefaultPlugin","groupId":"org.apache.maven.plugins","artefactId":"maven-site-plugin","version":"3.12.1","pluginClassName":null}],"version":"3.9.12","encoding":"UTF-8","name":"maven","subModules":[],"simpleModuleName":null,"parentModuleName":null,"location":"/home/jbergqvist/diffblue/Palisade-common","fullModuleName":"uk.gov.gchq.palisade:common"}}
12:54:38.649 [INFO]   [Checking]    out: [INFO] ------------------------------------------------------------------------
12:54:38.649 [INFO]   [Checking]    out: [INFO] BUILD SUCCESS
12:54:38.649 [INFO]   [Checking]    out: [INFO] ------------------------------------------------------------------------
12:54:38.650 [INFO]   [Checking]    out: [INFO] Total time:  5.797 s
12:54:38.650 [INFO]   [Checking]    out: [INFO] Finished at: 2026-01-12T12:54:38Z
12:54:38.650 [INFO]   [Checking]    out: [INFO] ------------------------------------------------------------------------
12:54:38.650 [INFO]   [Checking]    deserializing line [DIFFBLUE]{"__type":"com.diffblue.cover.buildsystem.model.ProjectInfoMessage","projectName":"uk.gov.gchq.palisade:common","productionSources":["/home/jbergqvist/diffblue/Palisade-common/src/main/java","/home/jbergqvist/diffblue/Palisade-common/target/generated-sources/annotations"],"testSources":["/home/jbergqvist/diffblue/Palisade-common/src/test/java","/home/jbergqvist/diffblue/Palisade-common/target/generated-test-sources/test-annotations"],"location":"/home/jbergqvist/diffblue/Palisade-common"}
12:54:38.690 [INFO]   [Checking]    maven:err process not stopped, joining thread
12:54:38.690 [INFO]   [Checking]    maven:out process not stopped, joining thread
12:54:38.750 [INFO]   [Checking]    Detected Cover Annotations version 1.8.0
12:54:38.827 [INFO]   [Checking]    Selected Java language compliance level: 11
12:54:38.828 [INFO]   [Checking]    Selected test validation: enabled
12:54:39.210 [INFO]   [Checking]    Prefixes for filtering classes/methods:
12:54:39.215 [INFO]   [Checking]    - uk.gov.gchq.palisade
12:54:39.216 [INFO]   [Checking]    - uk.gov.gchq.palisade.data.serialise
12:54:39.217 [INFO]   [Checking]    - uk.gov.gchq.palisade.resource
12:54:39.218 [INFO]   [Checking]    - uk.gov.gchq.palisade.resource.impl
12:54:39.219 [INFO]   [Checking]    - uk.gov.gchq.palisade.rule
12:54:39.220 [INFO]   [Checking]    - uk.gov.gchq.palisade.user
12:54:39.220 [INFO]   [Checking]    - uk.gov.gchq.palisade.util
12:54:39.221 [INFO]   [Checking]    Gathering methods to test...
12:54:39.848 [INFO]   [Reporting]   
12:54:39.848 [INFO]   [Reporting]   Environment summary for module: uk.gov.gchq.palisade:common
12:54:39.848 [INFO]   [Reporting]   -----------------------------------------------------------
12:54:39.848 [INFO]   [Reporting]   Java version                   11.0.29                       SUCCESS        
12:54:39.848 [INFO]   [Reporting]   Build system                   Maven                         SUCCESS        
12:54:39.848 [INFO]   [Reporting]   Mocking Framework              Mockito Core 5.20.0           SUCCESS        
12:54:39.848 [INFO]   [Reporting]   Surefire version               3.2.5                         SUCCESS        
12:54:39.848 [INFO]   [Reporting]   Testing framework              JUnit Jupiter                 SUCCESS        
12:54:39.849 [INFO]   [Reporting]   Mockito JUnit Jupiter version  5.20.0                        SUCCESS        
12:54:39.849 [INFO]   [Reporting]   JavaEE version                 Skipped                       -----          
12:54:39.849 [INFO]   [Reporting]   OSGi Annotations               Not Detected                  -----          
12:54:39.849 [INFO]   [Reporting]   Javax WS RS API                Not Detected                  -----          
12:54:39.849 [INFO]   [Reporting]   Jakarta RESTful WS API         Not Detected                  -----          
12:54:39.849 [INFO]   [Reporting]   Jersey Server                  Not Detected                  -----          
12:54:39.849 [INFO]   [Reporting]   Jersey Test Framework          Not Detected                  -----          
12:54:39.849 [INFO]   [Reporting]   Jersey Test Provider InMemory  Not Detected                  -----          
12:54:39.849 [INFO]   [Reporting]   Guice Framework                Not Detected                  -----          
12:54:39.849 [INFO]   [Reporting]   JaCoCo plugin version          0.8.5                         SUCCESS        
12:54:39.849 [INFO]   [Reporting]   Launcher                       JUnit Jupiter                 SUCCESS        
12:54:39.849 [INFO]   [Reporting]   Quarkus                        Not Detected                  -----          
12:54:39.849 [INFO]   [Reporting]   Test validation                Enabled                       SUCCESS        
12:54:39.849 [INFO]   [Reporting]   Hamcrest                       Not Detected                  -----          
12:54:39.849 [INFO]   [Reporting]   Spring Core                    Not Detected                  -----          
12:54:39.849 [INFO]   [Reporting]   Spring Boot                    Skipped                       -----          
12:54:39.849 [INFO]   [Reporting]   Spring Boot Starter Webflux    Skipped                       -----          
12:54:39.849 [INFO]   [Reporting]   Spring Boot Test Autoconfigure Skipped                       -----          
12:54:39.849 [INFO]   [Reporting]   Spring Boot Test               Skipped                       -----          
12:54:39.849 [INFO]   [Reporting]   Spring Web                     Skipped                       -----          
12:54:39.849 [INFO]   [Reporting]   Spring Security Web            Skipped                       -----          
12:54:39.849 [INFO]   [Reporting]   Spring Test                    Skipped                       -----          
12:54:39.849 [INFO]   [Reporting]   
12:54:39.849 [INFO]   [Reporting]   Environment check status: SUCCESS
12:54:39.980 [INFO]   [Creating]    Found 131 callable methods in 25 classes
12:54:39.981 [INFO]   [Creating]    
12:54:39.981 [INFO]   [Creating]    Creating tests:
12:54:39.981 [INFO]   [Creating]    ---------------
12:54:39.987 [INFO]   [Creating]    
================================================================================
= Starting analysis for class 'uk.gov.gchq.palisade.Context'
================================================================================
12:54:39.987 [INFO]   [Creating]    Filtering out non-testable methods...
12:54:40.475 [INFO]   [Creating]          [1/131] uk.gov.gchq.palisade.Context.contents
12:54:40.475 [INFO]   [Creating]          [1/131]   T024: Generated method
12:54:40.475 [INFO]   [Creating]          [1/131]     Indicates that the method is generated by some framework or tool and should not
12:54:40.475 [INFO]   [Creating]          [1/131]     be tested explicitly. The expectation is that the generator itself should be
12:54:40.475 [INFO]   [Creating]          [1/131]     tested and not each piece of code it produces.
12:54:40.475 [INFO]   [Creating]          [1/131]     Currently, this includes methods identified generated by Lombok, Protobuf,
12:54:40.475 [INFO]   [Creating]          [1/131]     Grpc, Hibernate, or annotated with a custom '@Generated' annotation
12:54:40.475 [INFO]   [Creating]          [1/131]     (as long as the custom annotation has 'RUNTIME' or 'CLASS' retention).
12:54:40.475 [INFO]   [Creating]          [1/131]     Diffblue Cover considers these methods as not directly callable.
12:54:40.479 [INFO]   [Creating]          [2/131] uk.gov.gchq.palisade.Context.equals
12:54:40.479 [INFO]   [Creating]          [2/131]   T024: Generated method
12:54:40.479 [INFO]   [Creating]          [2/131]     Indicates that the method is generated by some framework or tool and should not
12:54:40.479 [INFO]   [Creating]          [2/131]     be tested explicitly. The expectation is that the generator itself should be
12:54:40.479 [INFO]   [Creating]          [2/131]     tested and not each piece of code it produces.
12:54:40.479 [INFO]   [Creating]          [2/131]     Currently, this includes methods identified generated by Lombok, Protobuf,
12:54:40.479 [INFO]   [Creating]          [2/131]     Grpc, Hibernate, or annotated with a custom '@Generated' annotation
12:54:40.479 [INFO]   [Creating]          [2/131]     (as long as the custom annotation has 'RUNTIME' or 'CLASS' retention).
12:54:40.479 [INFO]   [Creating]          [2/131]     Diffblue Cover considers these methods as not directly callable.
12:54:40.484 [INFO]   [Creating]          [3/131] uk.gov.gchq.palisade.Context.get
12:54:40.484 [INFO]   [Creating]          [3/131]   T024: Generated method
12:54:40.484 [INFO]   [Creating]          [3/131]     Indicates that the method is generated by some framework or tool and should not
12:54:40.484 [INFO]   [Creating]          [3/131]     be tested explicitly. The expectation is that the generator itself should be
12:54:40.484 [INFO]   [Creating]          [3/131]     tested and not each piece of code it produces.
12:54:40.484 [INFO]   [Creating]          [3/131]     Currently, this includes methods identified generated by Lombok, Protobuf,
12:54:40.484 [INFO]   [Creating]          [3/131]     Grpc, Hibernate, or annotated with a custom '@Generated' annotation
12:54:40.484 [INFO]   [Creating]          [3/131]     (as long as the custom annotation has 'RUNTIME' or 'CLASS' retention).
12:54:40.484 [INFO]   [Creating]          [3/131]     Diffblue Cover considers these methods as not directly callable.
12:54:40.489 [INFO]   [Creating]          [4/131] uk.gov.gchq.palisade.Context.getContents
12:54:40.489 [INFO]   [Creating]          [4/131]   T024: Generated method
12:54:40.489 [INFO]   [Creating]          [4/131]     Indicates that the method is generated by some framework or tool and should not
12:54:40.489 [INFO]   [Creating]          [4/131]     be tested explicitly. The expectation is that the generator itself should be
12:54:40.489 [INFO]   [Creating]          [4/131]     tested and not each piece of code it produces.
12:54:40.489 [INFO]   [Creating]          [4/131]     Currently, this includes methods identified generated by Lombok, Protobuf,
12:54:40.489 [INFO]   [Creating]          [4/131]     Grpc, Hibernate, or annotated with a custom '@Generated' annotation
12:54:40.489 [INFO]   [Creating]          [4/131]     (as long as the custom annotation has 'RUNTIME' or 'CLASS' retention).
12:54:40.489 [INFO]   [Creating]          [4/131]     Diffblue Cover considers these methods as not directly callable.
12:54:40.495 [INFO]   [Creating]          [5/131] uk.gov.gchq.palisade.Context.getContentsCopy
12:54:40.495 [INFO]   [Creating]          [5/131]   T024: Generated method
12:54:40.495 [INFO]   [Creating]          [5/131]     Indicates that the method is generated by some framework or tool and should not
12:54:40.495 [INFO]   [Creating]          [5/131]     be tested explicitly. The expectation is that the generator itself should be
12:54:40.495 [INFO]   [Creating]          [5/131]     tested and not each piece of code it produces.
12:54:40.495 [INFO]   [Creating]          [5/131]     Currently, this includes methods identified generated by Lombok, Protobuf,
12:54:40.495 [INFO]   [Creating]          [5/131]     Grpc, Hibernate, or annotated with a custom '@Generated' annotation
12:54:40.495 [INFO]   [Creating]          [5/131]     (as long as the custom annotation has 'RUNTIME' or 'CLASS' retention).
12:54:40.495 [INFO]   [Creating]          [5/131]     Diffblue Cover considers these methods as not directly callable.
12:54:40.501 [INFO]   [Creating]          [6/131] uk.gov.gchq.palisade.Context.hashCode
12:54:40.501 [INFO]   [Creating]          [6/131]   T024: Generated method
12:54:40.501 [INFO]   [Creating]          [6/131]     Indicates that the method is generated by some framework or tool and should not
12:54:40.501 [INFO]   [Creating]          [6/131]     be tested explicitly. The expectation is that the generator itself should be
12:54:40.501 [INFO]   [Creating]          [6/131]     tested and not each piece of code it produces.
12:54:40.501 [INFO]   [Creating]          [6/131]     Currently, this includes methods identified generated by Lombok, Protobuf,
12:54:40.501 [INFO]   [Creating]          [6/131]     Grpc, Hibernate, or annotated with a custom '@Generated' annotation
12:54:40.501 [INFO]   [Creating]          [6/131]     (as long as the custom annotation has 'RUNTIME' or 'CLASS' retention).
12:54:40.501 [INFO]   [Creating]          [6/131]     Diffblue Cover considers these methods as not directly callable.
12:54:40.504 [INFO]   [Creating]          [7/131] uk.gov.gchq.palisade.Context.purpose
12:54:40.504 [INFO]   [Creating]          [7/131]   T024: Generated method
12:54:40.505 [INFO]   [Creating]          [7/131]     Indicates that the method is generated by some framework or tool and should not
12:54:40.505 [INFO]   [Creating]          [7/131]     be tested explicitly. The expectation is that the generator itself should be
12:54:40.505 [INFO]   [Creating]          [7/131]     tested and not each piece of code it produces.
12:54:40.505 [INFO]   [Creating]          [7/131]     Currently, this includes methods identified generated by Lombok, Protobuf,
12:54:40.505 [INFO]   [Creating]          [7/131]     Grpc, Hibernate, or annotated with a custom '@Generated' annotation
12:54:40.505 [INFO]   [Creating]          [7/131]     (as long as the custom annotation has 'RUNTIME' or 'CLASS' retention).
12:54:40.505 [INFO]   [Creating]          [7/131]     Diffblue Cover considers these methods as not directly callable.
12:54:40.509 [INFO]   [Creating]          [8/131] uk.gov.gchq.palisade.Context.put
12:54:40.509 [INFO]   [Creating]          [8/131]   T024: Generated method
12:54:40.509 [INFO]   [Creating]          [8/131]     Indicates that the method is generated by some framework or tool and should not
12:54:40.509 [INFO]   [Creating]          [8/131]     be tested explicitly. The expectation is that the generator itself should be
12:54:40.509 [INFO]   [Creating]          [8/131]     tested and not each piece of code it produces.
12:54:40.509 [INFO]   [Creating]          [8/131]     Currently, this includes methods identified generated by Lombok, Protobuf,
12:54:40.509 [INFO]   [Creating]          [8/131]     Grpc, Hibernate, or annotated with a custom '@Generated' annotation
12:54:40.509 [INFO]   [Creating]          [8/131]     (as long as the custom annotation has 'RUNTIME' or 'CLASS' retention).
12:54:40.509 [INFO]   [Creating]          [8/131]     Diffblue Cover considers these methods as not directly callable.
12:54:40.514 [INFO]   [Creating]          [9/131] uk.gov.gchq.palisade.Context.putIfAbsent
12:54:40.514 [INFO]   [Creating]          [9/131]   T024: Generated method
12:54:40.514 [INFO]   [Creating]          [9/131]     Indicates that the method is generated by some framework or tool and should not
12:54:40.514 [INFO]   [Creating]          [9/131]     be tested explicitly. The expectation is that the generator itself should be
12:54:40.514 [INFO]   [Creating]          [9/131]     tested and not each piece of code it produces.
12:54:40.514 [INFO]   [Creating]          [9/131]     Currently, this includes methods identified generated by Lombok, Protobuf,
12:54:40.514 [INFO]   [Creating]          [9/131]     Grpc, Hibernate, or annotated with a custom '@Generated' annotation
12:54:40.514 [INFO]   [Creating]          [9/131]     (as long as the custom annotation has 'RUNTIME' or 'CLASS' retention).
12:54:40.514 [INFO]   [Creating]          [9/131]     Diffblue Cover considers these methods as not directly callable.
12:54:40.517 [INFO]   [Creating]         [10/131] uk.gov.gchq.palisade.Context.setContents
12:54:40.517 [INFO]   [Creating]         [10/131]   T024: Generated method
12:54:40.517 [INFO]   [Creating]         [10/131]     Indicates that the method is generated by some framework or tool and should not
12:54:40.517 [INFO]   [Creating]         [10/131]     be tested explicitly. The expectation is that the generator itself should be
12:54:40.517 [INFO]   [Creating]         [10/131]     tested and not each piece of code it produces.
12:54:40.517 [INFO]   [Creating]         [10/131]     Currently, this includes methods identified generated by Lombok, Protobuf,
12:54:40.517 [INFO]   [Creating]         [10/131]     Grpc, Hibernate, or annotated with a custom '@Generated' annotation
12:54:40.517 [INFO]   [Creating]         [10/131]     (as long as the custom annotation has 'RUNTIME' or 'CLASS' retention).
12:54:40.517 [INFO]   [Creating]         [10/131]     Diffblue Cover considers these methods as not directly callable.
12:54:40.520 [INFO]   [Creating]         [11/131] uk.gov.gchq.palisade.Context.toString
12:54:40.520 [INFO]   [Creating]         [11/131]   T024: Generated method
12:54:40.520 [INFO]   [Creating]         [11/131]     Indicates that the method is generated by some framework or tool and should not
12:54:40.520 [INFO]   [Creating]         [11/131]     be tested explicitly. The expectation is that the generator itself should be
12:54:40.520 [INFO]   [Creating]         [11/131]     tested and not each piece of code it produces.
12:54:40.520 [INFO]   [Creating]         [11/131]     Currently, this includes methods identified generated by Lombok, Protobuf,
12:54:40.520 [INFO]   [Creating]         [11/131]     Grpc, Hibernate, or annotated with a custom '@Generated' annotation
12:54:40.520 [INFO]   [Creating]         [11/131]     (as long as the custom annotation has 'RUNTIME' or 'CLASS' retention).
12:54:40.520 [INFO]   [Creating]         [11/131]     Diffblue Cover considers these methods as not directly callable.
12:54:40.681 [INFO]   [Creating]    Filtering of methods complete. Creating analysis request
12:54:40.682 [INFO]   [Creating]    Attempting to get service client, retry 1.
12:54:40.685 [INFO]   [Creating]    Starting monitoring server.
12:54:40.819 [INFO]   [Creating]    Monitoring server listening on localhost/127.0.0.1:41477
12:54:40.879 [INFO]   [Creating]    Starting analyzer server process...
12:54:40.880 [INFO]   [Creating]    Server command-line: /home/jbergqvist/.sdkman/candidates/java/11.0.29-amzn/bin/java -XX:+IgnoreUnrecognizedVMOptions -Djdk.attach.allowAttachSelf=true -Djdk.jar.maxSignatureFileSize=100000000 -ea -javaagent:/opt/cover/launcher-shared-jar.jar -Dlogback.configurationFile=/tmp/diffblue/config/logback-remote-service.xml -Dcom.diffblue.springIsolationJar=/opt/cover/cover-isolation-layer.jar -Dcover.jar.path=/opt/cover/cover-service-analyzer.jar -Dcom.diffblue.assertionSuggestionJar=/opt/cover/cover-service-analyzer.jar -Dcover.main.class=com.diffblue.cover.service.analyzer.Main -jar /opt/cover/launcher-shared-jar.jar --service-lifespan 120 --monitoring-service-port 41477 --index-service-port 41477 --debug-log
12:54:40.882 [INFO]   [Creating]    Server started. Waiting up to 300 seconds for a connection to be established...
12:54:41.762 [INFO]   [Creating]    Starting new remote monitor client
12:54:42.465 [INFO]   [Creating]    Attempting to start remote server.
12:54:42.613 [INFO]   [Creating]    Server started, listening on localhost/127.0.0.1:38105
12:54:42.618 [INFO]   [Creating]    Expect analyzer service to be listening on port 38105.
12:54:43.290 [INFO]   [Creating]    Started analyzer service and client retrieved.
12:54:55.649 [INFO]   [Creating]         [12/131] uk.gov.gchq.palisade.Context.<init>
12:54:55.650 [INFO]   [Creating]         [12/131]   Tests created: 1
12:54:56.450 [INFO]   [Creating]         [13/131] uk.gov.gchq.palisade.Context.<init>
12:54:56.450 [INFO]   [Creating]         [13/131]   Tests created: 1
12:54:56.653 [INFO]   [Creating]         [14/131] uk.gov.gchq.palisade.Context.getPurpose
12:54:56.653 [INFO]   [Creating]         [14/131]   Tests created: 2
12:54:56.659 [INFO]   [Creating]     [1/25] uk.gov.gchq.palisade.Context
12:54:56.659 [INFO]   [Creating]     [1/25]   Tests created: 4
12:54:56.660 [INFO]   [Creating]    
================================================================================
= Starting analysis for class 'uk.gov.gchq.palisade.data.serialise.Serialiser'
================================================================================
12:54:56.660 [INFO]   [Creating]    Filtering out non-testable methods...
12:54:58.410 [INFO]   [Creating]         [15/131] uk.gov.gchq.palisade.data.serialise.Serialiser.deserialiseFlow
12:54:58.411 [INFO]   [Creating]         [15/131]   T009: No implementation for abstract class
12:54:58.411 [INFO]   [Creating]         [15/131]     The method is a non-abstract instance method in an abstract class or
12:54:58.411 [INFO]   [Creating]         [15/131]     a default method in an interface. Diffblue Cover would test such methods
12:54:58.411 [INFO]   [Creating]         [15/131]     by using an implementation of that abstract class or interface. However,
12:54:58.411 [INFO]   [Creating]         [15/131]     no such implementation has been found.
12:54:58.411 [INFO]   [Creating]         [15/131]     Please provide an implementation for the abstract class or interface.
12:54:58.411 [INFO]   [Creating]         [15/131]     See https://diff.blue/T009 to resolve this issue.
12:54:58.412 [INFO]   [Creating]         [16/131] uk.gov.gchq.palisade.data.serialise.Serialiser.serialiseFlow
12:54:58.412 [INFO]   [Creating]         [16/131]   T009: No implementation for abstract class
12:54:58.412 [INFO]   [Creating]         [16/131]     The method is a non-abstract instance method in an abstract class or
12:54:58.412 [INFO]   [Creating]         [16/131]     a default method in an interface. Diffblue Cover would test such methods
12:54:58.412 [INFO]   [Creating]         [16/131]     by using an implementation of that abstract class or interface. However,
12:54:58.412 [INFO]   [Creating]         [16/131]     no such implementation has been found.
12:54:58.412 [INFO]   [Creating]         [16/131]     Please provide an implementation for the abstract class or interface.
12:54:58.412 [INFO]   [Creating]         [16/131]     See https://diff.blue/T009 to resolve this issue.
12:54:58.414 [INFO]   [Creating]    Filtering of methods complete. Creating analysis request
12:54:58.414 [INFO]   [Creating]    Attempting to get service client, retry 1.
12:55:00.750 [INFO]   [Creating]         [17/131] uk.gov.gchq.palisade.data.serialise.Serialiser.create
12:55:00.750 [INFO]   [Creating]         [17/131]   Tests created: 1
12:55:00.924 [INFO]   [Creating]         [18/131] uk.gov.gchq.palisade.data.serialise.Serialiser.tryCreate
12:55:00.924 [INFO]   [Creating]         [18/131]   Tests created: 2
12:55:00.927 [INFO]   [Creating]     [2/25] uk.gov.gchq.palisade.data.serialise.Serialiser
12:55:00.927 [INFO]   [Creating]     [2/25]   Tests created: 3
12:55:00.929 [INFO]   [Creating]    
================================================================================
= Starting analysis for class 'uk.gov.gchq.palisade.resource.AbstractLeafResource'
================================================================================
12:55:00.929 [INFO]   [Creating]    Filtering out non-testable methods...
12:55:00.934 [INFO]   [Creating]         [19/131] uk.gov.gchq.palisade.resource.AbstractLeafResource.attribute
12:55:00.934 [INFO]   [Creating]         [19/131]   T024: Generated method
12:55:00.934 [INFO]   [Creating]         [19/131]     Indicates that the method is generated by some framework or tool and should not
12:55:00.934 [INFO]   [Creating]         [19/131]     be tested explicitly. The expectation is that the generator itself should be
12:55:00.934 [INFO]   [Creating]         [19/131]     tested and not each piece of code it produces.
12:55:00.934 [INFO]   [Creating]         [19/131]     Currently, this includes methods identified generated by Lombok, Protobuf,
12:55:00.934 [INFO]   [Creating]         [19/131]     Grpc, Hibernate, or annotated with a custom '@Generated' annotation
12:55:00.934 [INFO]   [Creating]         [19/131]     (as long as the custom annotation has 'RUNTIME' or 'CLASS' retention).
12:55:00.934 [INFO]   [Creating]         [19/131]     Diffblue Cover considers these methods as not directly callable.
12:55:00.937 [INFO]   [Creating]         [20/131] uk.gov.gchq.palisade.resource.AbstractLeafResource.attributes
12:55:00.937 [INFO]   [Creating]         [20/131]   T024: Generated method
12:55:00.937 [INFO]   [Creating]         [20/131]     Indicates that the method is generated by some framework or tool and should not
12:55:00.937 [INFO]   [Creating]         [20/131]     be tested explicitly. The expectation is that the generator itself should be
12:55:00.937 [INFO]   [Creating]         [20/131]     tested and not each piece of code it produces.
12:55:00.937 [INFO]   [Creating]         [20/131]     Currently, this includes methods identified generated by Lombok, Protobuf,
12:55:00.937 [INFO]   [Creating]         [20/131]     Grpc, Hibernate, or annotated with a custom '@Generated' annotation
12:55:00.937 [INFO]   [Creating]         [20/131]     (as long as the custom annotation has 'RUNTIME' or 'CLASS' retention).
12:55:00.937 [INFO]   [Creating]         [20/131]     Diffblue Cover considers these methods as not directly callable.
12:55:00.941 [INFO]   [Creating]         [21/131] uk.gov.gchq.palisade.resource.AbstractLeafResource.connectionDetail
12:55:00.941 [INFO]   [Creating]         [21/131]   T024: Generated method
12:55:00.941 [INFO]   [Creating]         [21/131]     Indicates that the method is generated by some framework or tool and should not
12:55:00.941 [INFO]   [Creating]         [21/131]     be tested explicitly. The expectation is that the generator itself should be
12:55:00.941 [INFO]   [Creating]         [21/131]     tested and not each piece of code it produces.
12:55:00.941 [INFO]   [Creating]         [21/131]     Currently, this includes methods identified generated by Lombok, Protobuf,
12:55:00.941 [INFO]   [Creating]         [21/131]     Grpc, Hibernate, or annotated with a custom '@Generated' annotation
12:55:00.941 [INFO]   [Creating]         [21/131]     (as long as the custom annotation has 'RUNTIME' or 'CLASS' retention).
12:55:00.941 [INFO]   [Creating]         [21/131]     Diffblue Cover considers these methods as not directly callable.
12:55:00.945 [INFO]   [Creating]         [22/131] uk.gov.gchq.palisade.resource.AbstractLeafResource.equals
12:55:00.945 [INFO]   [Creating]         [22/131]   T024: Generated method
12:55:00.945 [INFO]   [Creating]         [22/131]     Indicates that the method is generated by some framework or tool and should not
12:55:00.945 [INFO]   [Creating]         [22/131]     be tested explicitly. The expectation is that the generator itself should be
12:55:00.945 [INFO]   [Creating]         [22/131]     tested and not each piece of code it produces.
12:55:00.945 [INFO]   [Creating]         [22/131]     Currently, this includes methods identified generated by Lombok, Protobuf,
12:55:00.945 [INFO]   [Creating]         [22/131]     Grpc, Hibernate, or annotated with a custom '@Generated' annotation
12:55:00.945 [INFO]   [Creating]         [22/131]     (as long as the custom annotation has 'RUNTIME' or 'CLASS' retention).
12:55:00.945 [INFO]   [Creating]         [22/131]     Diffblue Cover considers these methods as not directly callable.
12:55:00.950 [INFO]   [Creating]         [23/131] uk.gov.gchq.palisade.resource.AbstractLeafResource.getAttribute
12:55:00.950 [INFO]   [Creating]         [23/131]   T024: Generated method
12:55:00.950 [INFO]   [Creating]         [23/131]     Indicates that the method is generated by some framework or tool and should not
12:55:00.950 [INFO]   [Creating]         [23/131]     be tested explicitly. The expectation is that the generator itself should be
12:55:00.950 [INFO]   [Creating]         [23/131]     tested and not each piece of code it produces.
12:55:00.950 [INFO]   [Creating]         [23/131]     Currently, this includes methods identified generated by Lombok, Protobuf,
12:55:00.950 [INFO]   [Creating]         [23/131]     Grpc, Hibernate, or annotated with a custom '@Generated' annotation
12:55:00.950 [INFO]   [Creating]         [23/131]     (as long as the custom annotation has 'RUNTIME' or 'CLASS' retention).
12:55:00.950 [INFO]   [Creating]         [23/131]     Diffblue Cover considers these methods as not directly callable.
12:55:00.953 [INFO]   [Creating]         [24/131] uk.gov.gchq.palisade.resource.AbstractLeafResource.getAttributes
12:55:00.953 [INFO]   [Creating]         [24/131]   T024: Generated method
12:55:00.954 [INFO]   [Creating]         [24/131]     Indicates that the method is generated by some framework or tool and should not
12:55:00.954 [INFO]   [Creating]         [24/131]     be tested explicitly. The expectation is that the generator itself should be
12:55:00.954 [INFO]   [Creating]         [24/131]     tested and not each piece of code it produces.
12:55:00.954 [INFO]   [Creating]         [24/131]     Currently, this includes methods identified generated by Lombok, Protobuf,
12:55:00.954 [INFO]   [Creating]         [24/131]     Grpc, Hibernate, or annotated with a custom '@Generated' annotation
12:55:00.954 [INFO]   [Creating]         [24/131]     (as long as the custom annotation has 'RUNTIME' or 'CLASS' retention).
12:55:00.954 [INFO]   [Creating]         [24/131]     Diffblue Cover considers these methods as not directly callable.
12:55:00.957 [INFO]   [Creating]         [25/131] uk.gov.gchq.palisade.resource.AbstractLeafResource.getConnectionDetail
12:55:00.957 [INFO]   [Creating]         [25/131]   T024: Generated method
12:55:00.957 [INFO]   [Creating]         [25/131]     Indicates that the method is generated by some framework or tool and should not
12:55:00.957 [INFO]   [Creating]         [25/131]     be tested explicitly. The expectation is that the generator itself should be
12:55:00.957 [INFO]   [Creating]         [25/131]     tested and not each piece of code it produces.
12:55:00.957 [INFO]   [Creating]         [25/131]     Currently, this includes methods identified generated by Lombok, Protobuf,
12:55:00.957 [INFO]   [Creating]         [25/131]     Grpc, Hibernate, or annotated with a custom '@Generated' annotation
12:55:00.957 [INFO]   [Creating]         [25/131]     (as long as the custom annotation has 'RUNTIME' or 'CLASS' retention).
12:55:00.957 [INFO]   [Creating]         [25/131]     Diffblue Cover considers these methods as not directly callable.
12:55:00.961 [INFO]   [Creating]         [26/131] uk.gov.gchq.palisade.resource.AbstractLeafResource.getSerialisedFormat
12:55:00.961 [INFO]   [Creating]         [26/131]   T024: Generated method
12:55:00.961 [INFO]   [Creating]         [26/131]     Indicates that the method is generated by some framework or tool and should not
12:55:00.961 [INFO]   [Creating]         [26/131]     be tested explicitly. The expectation is that the generator itself should be
12:55:00.961 [INFO]   [Creating]         [26/131]     tested and not each piece of code it produces.
12:55:00.961 [INFO]   [Creating]         [26/131]     Currently, this includes methods identified generated by Lombok, Protobuf,
12:55:00.961 [INFO]   [Creating]         [26/131]     Grpc, Hibernate, or annotated with a custom '@Generated' annotation
12:55:00.961 [INFO]   [Creating]         [26/131]     (as long as the custom annotation has 'RUNTIME' or 'CLASS' retention).
12:55:00.961 [INFO]   [Creating]         [26/131]     Diffblue Cover considers these methods as not directly callable.
12:55:00.965 [INFO]   [Creating]         [27/131] uk.gov.gchq.palisade.resource.AbstractLeafResource.getType
12:55:00.965 [INFO]   [Creating]         [27/131]   T024: Generated method
12:55:00.965 [INFO]   [Creating]         [27/131]     Indicates that the method is generated by some framework or tool and should not
12:55:00.965 [INFO]   [Creating]         [27/131]     be tested explicitly. The expectation is that the generator itself should be
12:55:00.965 [INFO]   [Creating]         [27/131]     tested and not each piece of code it produces.
12:55:00.965 [INFO]   [Creating]         [27/131]     Currently, this includes methods identified generated by Lombok, Protobuf,
12:55:00.965 [INFO]   [Creating]         [27/131]     Grpc, Hibernate, or annotated with a custom '@Generated' annotation
12:55:00.965 [INFO]   [Creating]         [27/131]     (as long as the custom annotation has 'RUNTIME' or 'CLASS' retention).
12:55:00.965 [INFO]   [Creating]         [27/131]     Diffblue Cover considers these methods as not directly callable.
12:55:00.968 [INFO]   [Creating]         [28/131] uk.gov.gchq.palisade.resource.AbstractLeafResource.hashCode
12:55:00.969 [INFO]   [Creating]         [28/131]   T024: Generated method
12:55:00.969 [INFO]   [Creating]         [28/131]     Indicates that the method is generated by some framework or tool and should not
12:55:00.969 [INFO]   [Creating]         [28/131]     be tested explicitly. The expectation is that the generator itself should be
12:55:00.969 [INFO]   [Creating]         [28/131]     tested and not each piece of code it produces.
12:55:00.969 [INFO]   [Creating]         [28/131]     Currently, this includes methods identified generated by Lombok, Protobuf,
12:55:00.969 [INFO]   [Creating]         [28/131]     Grpc, Hibernate, or annotated with a custom '@Generated' annotation
12:55:00.969 [INFO]   [Creating]         [28/131]     (as long as the custom annotation has 'RUNTIME' or 'CLASS' retention).
12:55:00.969 [INFO]   [Creating]         [28/131]     Diffblue Cover considers these methods as not directly callable.
12:55:00.973 [INFO]   [Creating]         [29/131] uk.gov.gchq.palisade.resource.AbstractLeafResource.isAttributeSet
12:55:00.973 [INFO]   [Creating]         [29/131]   T024: Generated method
12:55:00.973 [INFO]   [Creating]         [29/131]     Indicates that the method is generated by some framework or tool and should not
12:55:00.973 [INFO]   [Creating]         [29/131]     be tested explicitly. The expectation is that the generator itself should be
12:55:00.973 [INFO]   [Creating]         [29/131]     tested and not each piece of code it produces.
12:55:00.973 [INFO]   [Creating]         [29/131]     Currently, this includes methods identified generated by Lombok, Protobuf,
12:55:00.973 [INFO]   [Creating]         [29/131]     Grpc, Hibernate, or annotated with a custom '@Generated' annotation
12:55:00.973 [INFO]   [Creating]         [29/131]     (as long as the custom annotation has 'RUNTIME' or 'CLASS' retention).
12:55:00.973 [INFO]   [Creating]         [29/131]     Diffblue Cover considers these methods as not directly callable.
12:55:00.977 [INFO]   [Creating]         [30/131] uk.gov.gchq.palisade.resource.AbstractLeafResource.serialisedFormat
12:55:00.977 [INFO]   [Creating]         [30/131]   T024: Generated method
12:55:00.977 [INFO]   [Creating]         [30/131]     Indicates that the method is generated by some framework or tool and should not
12:55:00.977 [INFO]   [Creating]         [30/131]     be tested explicitly. The expectation is that the generator itself should be
12:55:00.977 [INFO]   [Creating]         [30/131]     tested and not each piece of code it produces.
12:55:00.977 [INFO]   [Creating]         [30/131]     Currently, this includes methods identified generated by Lombok, Protobuf,
12:55:00.977 [INFO]   [Creating]         [30/131]     Grpc, Hibernate, or annotated with a custom '@Generated' annotation
12:55:00.977 [INFO]   [Creating]         [30/131]     (as long as the custom annotation has 'RUNTIME' or 'CLASS' retention).
12:55:00.977 [INFO]   [Creating]         [30/131]     Diffblue Cover considers these methods as not directly callable.
12:55:00.980 [INFO]   [Creating]         [31/131] uk.gov.gchq.palisade.resource.AbstractLeafResource.setAttribute
12:55:00.980 [INFO]   [Creating]         [31/131]   T024: Generated method
12:55:00.980 [INFO]   [Creating]         [31/131]     Indicates that the method is generated by some framework or tool and should not
12:55:00.980 [INFO]   [Creating]         [31/131]     be tested explicitly. The expectation is that the generator itself should be
12:55:00.980 [INFO]   [Creating]         [31/131]     tested and not each piece of code it produces.
12:55:00.980 [INFO]   [Creating]         [31/131]     Currently, this includes methods identified generated by Lombok, Protobuf,
12:55:00.980 [INFO]   [Creating]         [31/131]     Grpc, Hibernate, or annotated with a custom '@Generated' annotation
12:55:00.980 [INFO]   [Creating]         [31/131]     (as long as the custom annotation has 'RUNTIME' or 'CLASS' retention).
12:55:00.980 [INFO]   [Creating]         [31/131]     Diffblue Cover considers these methods as not directly callable.
12:55:00.984 [INFO]   [Creating]         [32/131] uk.gov.gchq.palisade.resource.AbstractLeafResource.setAttributes
12:55:00.984 [INFO]   [Creating]         [32/131]   T024: Generated method
12:55:00.984 [INFO]   [Creating]         [32/131]     Indicates that the method is generated by some framework or tool and should not
12:55:00.984 [INFO]   [Creating]         [32/131]     be tested explicitly. The expectation is that the generator itself should be
12:55:00.984 [INFO]   [Creating]         [32/131]     tested and not each piece of code it produces.
12:55:00.984 [INFO]   [Creating]         [32/131]     Currently, this includes methods identified generated by Lombok, Protobuf,
12:55:00.984 [INFO]   [Creating]         [32/131]     Grpc, Hibernate, or annotated with a custom '@Generated' annotation
12:55:00.984 [INFO]   [Creating]         [32/131]     (as long as the custom annotation has 'RUNTIME' or 'CLASS' retention).
12:55:00.984 [INFO]   [Creating]         [32/131]     Diffblue Cover considers these methods as not directly callable.
12:55:00.987 [INFO]   [Creating]         [33/131] uk.gov.gchq.palisade.resource.AbstractLeafResource.setConnectionDetail
12:55:00.987 [INFO]   [Creating]         [33/131]   T024: Generated method
12:55:00.987 [INFO]   [Creating]         [33/131]     Indicates that the method is generated by some framework or tool and should not
12:55:00.988 [INFO]   [Creating]         [33/131]     be tested explicitly. The expectation is that the generator itself should be
12:55:00.988 [INFO]   [Creating]         [33/131]     tested and not each piece of code it produces.
12:55:00.988 [INFO]   [Creating]         [33/131]     Currently, this includes methods identified generated by Lombok, Protobuf,
12:55:00.988 [INFO]   [Creating]         [33/131]     Grpc, Hibernate, or annotated with a custom '@Generated' annotation
12:55:00.988 [INFO]   [Creating]         [33/131]     (as long as the custom annotation has 'RUNTIME' or 'CLASS' retention).
12:55:00.988 [INFO]   [Creating]         [33/131]     Diffblue Cover considers these methods as not directly callable.
12:55:00.991 [INFO]   [Creating]         [34/131] uk.gov.gchq.palisade.resource.AbstractLeafResource.setSerialisedFormat
12:55:00.991 [INFO]   [Creating]         [34/131]   T024: Generated method
12:55:00.991 [INFO]   [Creating]         [34/131]     Indicates that the method is generated by some framework or tool and should not
12:55:00.991 [INFO]   [Creating]         [34/131]     be tested explicitly. The expectation is that the generator itself should be
12:55:00.991 [INFO]   [Creating]         [34/131]     tested and not each piece of code it produces.
12:55:00.991 [INFO]   [Creating]         [34/131]     Currently, this includes methods identified generated by Lombok, Protobuf,
12:55:00.991 [INFO]   [Creating]         [34/131]     Grpc, Hibernate, or annotated with a custom '@Generated' annotation
12:55:00.991 [INFO]   [Creating]         [34/131]     (as long as the custom annotation has 'RUNTIME' or 'CLASS' retention).
12:55:00.991 [INFO]   [Creating]         [34/131]     Diffblue Cover considers these methods as not directly callable.
12:55:00.994 [INFO]   [Creating]         [35/131] uk.gov.gchq.palisade.resource.AbstractLeafResource.setType
12:55:00.995 [INFO]   [Creating]         [35/131]   T024: Generated method
12:55:00.995 [INFO]   [Creating]         [35/131]     Indicates that the method is generated by some framework or tool and should not
12:55:00.995 [INFO]   [Creating]         [35/131]     be tested explicitly. The expectation is that the generator itself should be
12:55:00.995 [INFO]   [Creating]         [35/131]     tested and not each piece of code it produces.
12:55:00.995 [INFO]   [Creating]         [35/131]     Currently, this includes methods identified generated by Lombok, Protobuf,
12:55:00.995 [INFO]   [Creating]         [35/131]     Grpc, Hibernate, or annotated with a custom '@Generated' annotation
12:55:00.995 [INFO]   [Creating]         [35/131]     (as long as the custom annotation has 'RUNTIME' or 'CLASS' retention).
12:55:00.995 [INFO]   [Creating]         [35/131]     Diffblue Cover considers these methods as not directly callable.
12:55:00.998 [INFO]   [Creating]         [36/131] uk.gov.gchq.palisade.resource.AbstractLeafResource.toString
12:55:00.998 [INFO]   [Creating]         [36/131]   T024: Generated method
12:55:00.998 [INFO]   [Creating]         [36/131]     Indicates that the method is generated by some framework or tool and should not
12:55:00.998 [INFO]   [Creating]         [36/131]     be tested explicitly. The expectation is that the generator itself should be
12:55:00.998 [INFO]   [Creating]         [36/131]     tested and not each piece of code it produces.
12:55:00.998 [INFO]   [Creating]         [36/131]     Currently, this includes methods identified generated by Lombok, Protobuf,
12:55:00.998 [INFO]   [Creating]         [36/131]     Grpc, Hibernate, or annotated with a custom '@Generated' annotation
12:55:00.998 [INFO]   [Creating]         [36/131]     (as long as the custom annotation has 'RUNTIME' or 'CLASS' retention).
12:55:00.998 [INFO]   [Creating]         [36/131]     Diffblue Cover considers these methods as not directly callable.
12:55:01.001 [INFO]   [Creating]         [37/131] uk.gov.gchq.palisade.resource.AbstractLeafResource.type
12:55:01.001 [INFO]   [Creating]         [37/131]   T024: Generated method
12:55:01.001 [INFO]   [Creating]         [37/131]     Indicates that the method is generated by some framework or tool and should not
12:55:01.001 [INFO]   [Creating]         [37/131]     be tested explicitly. The expectation is that the generator itself should be
12:55:01.001 [INFO]   [Creating]         [37/131]     tested and not each piece of code it produces.
12:55:01.001 [INFO]   [Creating]         [37/131]     Currently, this includes methods identified generated by Lombok, Protobuf,
12:55:01.001 [INFO]   [Creating]         [37/131]     Grpc, Hibernate, or annotated with a custom '@Generated' annotation
12:55:01.001 [INFO]   [Creating]         [37/131]     (as long as the custom annotation has 'RUNTIME' or 'CLASS' retention).
12:55:01.001 [INFO]   [Creating]         [37/131]     Diffblue Cover considers these methods as not directly callable.
12:55:01.001 [INFO]   [Creating]     [3/25] uk.gov.gchq.palisade.resource.AbstractLeafResource
12:55:01.002 [INFO]   [Creating]     [3/25]   Tests created: 0
12:55:01.002 [INFO]   [Creating]    No testable methods
12:55:01.002 [INFO]   [Creating]    
================================================================================
= Starting analysis for class 'uk.gov.gchq.palisade.resource.AbstractResource'
================================================================================
12:55:01.002 [INFO]   [Creating]    Filtering out non-testable methods...
12:55:01.019 [INFO]   [Creating]         [38/131] uk.gov.gchq.palisade.resource.AbstractResource.equals
12:55:01.019 [INFO]   [Creating]         [38/131]   T024: Generated method
12:55:01.019 [INFO]   [Creating]         [38/131]     Indicates that the method is generated by some framework or tool and should not
12:55:01.019 [INFO]   [Creating]         [38/131]     be tested explicitly. The expectation is that the generator itself should be
12:55:01.019 [INFO]   [Creating]         [38/131]     tested and not each piece of code it produces.
12:55:01.019 [INFO]   [Creating]         [38/131]     Currently, this includes methods identified generated by Lombok, Protobuf,
12:55:01.019 [INFO]   [Creating]         [38/131]     Grpc, Hibernate, or annotated with a custom '@Generated' annotation
12:55:01.019 [INFO]   [Creating]         [38/131]     (as long as the custom annotation has 'RUNTIME' or 'CLASS' retention).
12:55:01.019 [INFO]   [Creating]         [38/131]     Diffblue Cover considers these methods as not directly callable.
12:55:01.022 [INFO]   [Creating]         [39/131] uk.gov.gchq.palisade.resource.AbstractResource.getId
12:55:01.022 [INFO]   [Creating]         [39/131]   T024: Generated method
12:55:01.022 [INFO]   [Creating]         [39/131]     Indicates that the method is generated by some framework or tool and should not
12:55:01.022 [INFO]   [Creating]         [39/131]     be tested explicitly. The expectation is that the generator itself should be
12:55:01.022 [INFO]   [Creating]         [39/131]     tested and not each piece of code it produces.
12:55:01.022 [INFO]   [Creating]         [39/131]     Currently, this includes methods identified generated by Lombok, Protobuf,
12:55:01.022 [INFO]   [Creating]         [39/131]     Grpc, Hibernate, or annotated with a custom '@Generated' annotation
12:55:01.022 [INFO]   [Creating]         [39/131]     (as long as the custom annotation has 'RUNTIME' or 'CLASS' retention).
12:55:01.022 [INFO]   [Creating]         [39/131]     Diffblue Cover considers these methods as not directly callable.
12:55:01.024 [INFO]   [Creating]         [40/131] uk.gov.gchq.palisade.resource.AbstractResource.hashCode
12:55:01.024 [INFO]   [Creating]         [40/131]   T024: Generated method
12:55:01.024 [INFO]   [Creating]         [40/131]     Indicates that the method is generated by some framework or tool and should not
12:55:01.024 [INFO]   [Creating]         [40/131]     be tested explicitly. The expectation is that the generator itself should be
12:55:01.024 [INFO]   [Creating]         [40/131]     tested and not each piece of code it produces.
12:55:01.024 [INFO]   [Creating]         [40/131]     Currently, this includes methods identified generated by Lombok, Protobuf,
12:55:01.024 [INFO]   [Creating]         [40/131]     Grpc, Hibernate, or annotated with a custom '@Generated' annotation
12:55:01.025 [INFO]   [Creating]         [40/131]     (as long as the custom annotation has 'RUNTIME' or 'CLASS' retention).
12:55:01.025 [INFO]   [Creating]         [40/131]     Diffblue Cover considers these methods as not directly callable.
12:55:01.027 [INFO]   [Creating]         [41/131] uk.gov.gchq.palisade.resource.AbstractResource.id
12:55:01.027 [INFO]   [Creating]         [41/131]   T024: Generated method
12:55:01.027 [INFO]   [Creating]         [41/131]     Indicates that the method is generated by some framework or tool and should not
12:55:01.027 [INFO]   [Creating]         [41/131]     be tested explicitly. The expectation is that the generator itself should be
12:55:01.027 [INFO]   [Creating]         [41/131]     tested and not each piece of code it produces.
12:55:01.027 [INFO]   [Creating]         [41/131]     Currently, this includes methods identified generated by Lombok, Protobuf,
12:55:01.027 [INFO]   [Creating]         [41/131]     Grpc, Hibernate, or annotated with a custom '@Generated' annotation
12:55:01.027 [INFO]   [Creating]         [41/131]     (as long as the custom annotation has 'RUNTIME' or 'CLASS' retention).
12:55:01.027 [INFO]   [Creating]         [41/131]     Diffblue Cover considers these methods as not directly callable.
12:55:01.030 [INFO]   [Creating]         [42/131] uk.gov.gchq.palisade.resource.AbstractResource.setId
12:55:01.030 [INFO]   [Creating]         [42/131]   T024: Generated method
12:55:01.030 [INFO]   [Creating]         [42/131]     Indicates that the method is generated by some framework or tool and should not
12:55:01.030 [INFO]   [Creating]         [42/131]     be tested explicitly. The expectation is that the generator itself should be
12:55:01.030 [INFO]   [Creating]         [42/131]     tested and not each piece of code it produces.
12:55:01.030 [INFO]   [Creating]         [42/131]     Currently, this includes methods identified generated by Lombok, Protobuf,
12:55:01.030 [INFO]   [Creating]         [42/131]     Grpc, Hibernate, or annotated with a custom '@Generated' annotation
12:55:01.030 [INFO]   [Creating]         [42/131]     (as long as the custom annotation has 'RUNTIME' or 'CLASS' retention).
12:55:01.030 [INFO]   [Creating]         [42/131]     Diffblue Cover considers these methods as not directly callable.
12:55:01.033 [INFO]   [Creating]         [43/131] uk.gov.gchq.palisade.resource.AbstractResource.toString
12:55:01.033 [INFO]   [Creating]         [43/131]   T024: Generated method
12:55:01.033 [INFO]   [Creating]         [43/131]     Indicates that the method is generated by some framework or tool and should not
12:55:01.033 [INFO]   [Creating]         [43/131]     be tested explicitly. The expectation is that the generator itself should be
12:55:01.033 [INFO]   [Creating]         [43/131]     tested and not each piece of code it produces.
12:55:01.033 [INFO]   [Creating]         [43/131]     Currently, this includes methods identified generated by Lombok, Protobuf,
12:55:01.033 [INFO]   [Creating]         [43/131]     Grpc, Hibernate, or annotated with a custom '@Generated' annotation
12:55:01.033 [INFO]   [Creating]         [43/131]     (as long as the custom annotation has 'RUNTIME' or 'CLASS' retention).
12:55:01.033 [INFO]   [Creating]         [43/131]     Diffblue Cover considers these methods as not directly callable.
12:55:01.034 [INFO]   [Creating]    Filtering of methods complete. Creating analysis request
12:55:01.034 [INFO]   [Creating]    Attempting to get service client, retry 1.
12:55:01.939 [INFO]   [Creating]         [44/131] uk.gov.gchq.palisade.resource.AbstractResource.compareTo
12:55:01.939 [INFO]   [Creating]         [44/131]   Tests created: 1
12:55:01.941 [INFO]   [Creating]     [4/25] uk.gov.gchq.palisade.resource.AbstractResource
12:55:01.941 [INFO]   [Creating]     [4/25]   Tests created: 1
12:55:01.942 [INFO]   [Creating]    
================================================================================
= Starting analysis for class 'uk.gov.gchq.palisade.resource.impl.DirectoryResource'
================================================================================
12:55:01.942 [INFO]   [Creating]    Filtering out non-testable methods...
12:55:01.945 [INFO]   [Creating]    Filtering of methods complete. Creating analysis request
12:55:01.945 [INFO]   [Creating]    Attempting to get service client, retry 1.
12:55:03.273 [INFO]   [Creating]         [45/131] uk.gov.gchq.palisade.resource.impl.DirectoryResource.<init>
12:55:03.274 [INFO]   [Creating]         [45/131]   Tests created: 1
12:55:03.595 [INFO]   [Creating]         [46/131] uk.gov.gchq.palisade.resource.impl.DirectoryResource.getParent
12:55:03.595 [INFO]   [Creating]         [46/131]   R013: No inputs found that don't throw a trivial exception
12:55:03.595 [INFO]   [Creating]         [46/131]     Diffblue Cover tried to run the arrange/act section, but the test threw
12:55:03.595 [INFO]   [Creating]         [46/131]     java.lang.NullPointerException
12:55:03.595 [INFO]   [Creating]         [46/131]         at java.util.ImmutableCollections$Set12.contains(ImmutableCollections.java:524)
12:55:03.595 [INFO]   [Creating]         [46/131]         at uk.gov.gchq.palisade.util.FileResourceBuilder.accepts(FileResourceBuilder.java:109)
12:55:03.595 [INFO]   [Creating]         [46/131]         at uk.gov.gchq.palisade.util.AbstractResourceBuilder.lambda$create$0(AbstractResourceBuilder.java:58)
12:55:03.595 [INFO]   [Creating]         [46/131]         at java.util.stream.ReferencePipeline$2$1.accept(ReferencePipeline.java:176)
12:55:03.595 [INFO]   [Creating]         [46/131]         at java.util.stream.ReferencePipeline$3$1.accept(ReferencePipeline.java:195)
12:55:03.595 [INFO]   [Creating]         [46/131]         at java.util.ServiceLoader$ProviderSpliterator.tryAdvance(ServiceLoader.java:1492)
12:55:03.595 [INFO]   [Creating]         [46/131]         at java.util.stream.ReferencePipeline.forEachWithCancel(ReferencePipeline.java:127)
12:55:03.595 [INFO]   [Creating]         [46/131]         at java.util.stream.AbstractPipeline.copyIntoWithCancel(AbstractPipeline.java:502)
12:55:03.595 [INFO]   [Creating]         [46/131]         at java.util.stream.AbstractPipeline.copyInto(AbstractPipeline.java:488)
12:55:03.595 [INFO]   [Creating]         [46/131]         at java.util.stream.AbstractPipeline.wrapAndCopyInto(AbstractPipeline.java:474)
12:55:03.595 [INFO]   [Creating]         [46/131]         at java.util.stream.FindOps$FindOp.evaluateSequential(FindOps.java:150)
12:55:03.595 [INFO]   [Creating]         [46/131]         at java.util.stream.AbstractPipeline.evaluate(AbstractPipeline.java:234)
12:55:03.595 [INFO]   [Creating]         [46/131]         at java.util.stream.ReferencePipeline.findAny(ReferencePipeline.java:548)
12:55:03.595 [INFO]   [Creating]         [46/131]         at uk.gov.gchq.palisade.util.AbstractResourceBuilder.create(AbstractResourceBuilder.java:59)
12:55:03.595 [INFO]   [Creating]         [46/131]         at uk.gov.gchq.palisade.resource.impl.DirectoryResource.getParent(DirectoryResource.java:39)
12:55:03.595 [INFO]   [Creating]         [46/131]     In order to prevent getParent()
12:55:03.595 [INFO]   [Creating]         [46/131]     from throwing NullPointerException, add constructors or factory
12:55:03.595 [INFO]   [Creating]         [46/131]     methods that make it easier to construct fully initialized objects used in
12:55:03.595 [INFO]   [Creating]         [46/131]     getParent().
12:55:03.595 [INFO]   [Creating]         [46/131]     See https://diff.blue/R013 to resolve this issue.
12:55:03.745 [INFO]   [Creating]         [47/131] uk.gov.gchq.palisade.resource.impl.DirectoryResource.id
12:55:03.745 [INFO]   [Creating]         [47/131]   Tests created: 2
12:55:03.747 [INFO]   [Creating]     [5/25] uk.gov.gchq.palisade.resource.impl.DirectoryResource
12:55:03.747 [INFO]   [Creating]     [5/25]   Tests created: 3
12:55:03.748 [INFO]   [Creating]    
================================================================================
= Starting analysis for class 'uk.gov.gchq.palisade.resource.impl.FileResource'
================================================================================
12:55:03.748 [INFO]   [Creating]    Filtering out non-testable methods...
12:55:03.753 [INFO]   [Creating]    Filtering of methods complete. Creating analysis request
12:55:03.753 [INFO]   [Creating]    Attempting to get service client, retry 1.
12:55:04.361 [INFO]   [Creating]         [48/131] uk.gov.gchq.palisade.resource.impl.FileResource.<init>
12:55:04.361 [INFO]   [Creating]         [48/131]   Tests created: 1
12:55:05.009 [INFO]   [Creating]         [49/131] uk.gov.gchq.palisade.resource.impl.FileResource.attribute
12:55:05.009 [INFO]   [Creating]         [49/131]   Tests created: 1
12:55:05.610 [INFO]   [Creating]         [50/131] uk.gov.gchq.palisade.resource.impl.FileResource.attributes
12:55:05.610 [INFO]   [Creating]         [50/131]   Tests created: 1
12:55:08.069 [INFO]   [Creating]         [51/131] uk.gov.gchq.palisade.resource.impl.FileResource.connectionDetail
12:55:08.069 [INFO]   [Creating]         [51/131]   Tests created: 1
12:55:08.677 [INFO]   [Creating]         [52/131] uk.gov.gchq.palisade.resource.impl.FileResource.getParent
12:55:08.678 [INFO]   [Creating]         [52/131]   R013: No inputs found that don't throw a trivial exception
12:55:08.678 [INFO]   [Creating]         [52/131]     Diffblue Cover tried to run the arrange/act section, but the test threw
12:55:08.678 [INFO]   [Creating]         [52/131]     java.lang.NullPointerException
12:55:08.678 [INFO]   [Creating]         [52/131]     In order to prevent getParent()
12:55:08.678 [INFO]   [Creating]         [52/131]     from throwing NullPointerException, add constructors or factory
12:55:08.678 [INFO]   [Creating]         [52/131]     methods that make it easier to construct fully initialized objects used in
12:55:08.678 [INFO]   [Creating]         [52/131]     getParent().
12:55:08.678 [INFO]   [Creating]         [52/131]     See https://diff.blue/R013 to resolve this issue.
12:55:09.324 [INFO]   [Creating]         [53/131] uk.gov.gchq.palisade.resource.impl.FileResource.id
12:55:09.324 [INFO]   [Creating]         [53/131]   Tests created: 1
12:55:09.820 [INFO]   [Creating]         [54/131] uk.gov.gchq.palisade.resource.impl.FileResource.serialisedFormat
12:55:09.820 [INFO]   [Creating]         [54/131]   Tests created: 1
12:55:09.896 [INFO]   [Creating]         [55/131] uk.gov.gchq.palisade.resource.impl.FileResource.type
12:55:09.896 [INFO]   [Creating]         [55/131]   Tests created: 1
12:55:09.899 [INFO]   [Creating]     [6/25] uk.gov.gchq.palisade.resource.impl.FileResource
12:55:09.899 [INFO]   [Creating]     [6/25]   Tests created: 7
12:55:09.902 [INFO]   [Creating]    
================================================================================
= Starting analysis for class 'uk.gov.gchq.palisade.resource.impl.SimpleConnectionDetail'
================================================================================
12:55:09.902 [INFO]   [Creating]    Filtering out non-testable methods...
12:55:09.905 [INFO]   [Creating]         [56/131] uk.gov.gchq.palisade.resource.impl.SimpleConnectionDetail.createConnection
12:55:09.905 [INFO]   [Creating]         [56/131]   T024: Generated method
12:55:09.905 [INFO]   [Creating]         [56/131]     Indicates that the method is generated by some framework or tool and should not
12:55:09.905 [INFO]   [Creating]         [56/131]     be tested explicitly. The expectation is that the generator itself should be
12:55:09.905 [INFO]   [Creating]         [56/131]     tested and not each piece of code it produces.
12:55:09.905 [INFO]   [Creating]         [56/131]     Currently, this includes methods identified generated by Lombok, Protobuf,
12:55:09.905 [INFO]   [Creating]         [56/131]     Grpc, Hibernate, or annotated with a custom '@Generated' annotation
12:55:09.905 [INFO]   [Creating]         [56/131]     (as long as the custom annotation has 'RUNTIME' or 'CLASS' retention).
12:55:09.905 [INFO]   [Creating]         [56/131]     Diffblue Cover considers these methods as not directly callable.
12:55:09.907 [INFO]   [Creating]         [57/131] uk.gov.gchq.palisade.resource.impl.SimpleConnectionDetail.equals
12:55:09.907 [INFO]   [Creating]         [57/131]   T024: Generated method
12:55:09.907 [INFO]   [Creating]         [57/131]     Indicates that the method is generated by some framework or tool and should not
12:55:09.907 [INFO]   [Creating]         [57/131]     be tested explicitly. The expectation is that the generator itself should be
12:55:09.907 [INFO]   [Creating]         [57/131]     tested and not each piece of code it produces.
12:55:09.907 [INFO]   [Creating]         [57/131]     Currently, this includes methods identified generated by Lombok, Protobuf,
12:55:09.907 [INFO]   [Creating]         [57/131]     Grpc, Hibernate, or annotated with a custom '@Generated' annotation
12:55:09.907 [INFO]   [Creating]         [57/131]     (as long as the custom annotation has 'RUNTIME' or 'CLASS' retention).
12:55:09.907 [INFO]   [Creating]         [57/131]     Diffblue Cover considers these methods as not directly callable.
12:55:09.909 [INFO]   [Creating]         [58/131] uk.gov.gchq.palisade.resource.impl.SimpleConnectionDetail.getServiceName
12:55:09.909 [INFO]   [Creating]         [58/131]   T024: Generated method
12:55:09.909 [INFO]   [Creating]         [58/131]     Indicates that the method is generated by some framework or tool and should not
12:55:09.909 [INFO]   [Creating]         [58/131]     be tested explicitly. The expectation is that the generator itself should be
12:55:09.909 [INFO]   [Creating]         [58/131]     tested and not each piece of code it produces.
12:55:09.909 [INFO]   [Creating]         [58/131]     Currently, this includes methods identified generated by Lombok, Protobuf,
12:55:09.909 [INFO]   [Creating]         [58/131]     Grpc, Hibernate, or annotated with a custom '@Generated' annotation
12:55:09.909 [INFO]   [Creating]         [58/131]     (as long as the custom annotation has 'RUNTIME' or 'CLASS' retention).
12:55:09.909 [INFO]   [Creating]         [58/131]     Diffblue Cover considers these methods as not directly callable.
12:55:09.911 [INFO]   [Creating]         [59/131] uk.gov.gchq.palisade.resource.impl.SimpleConnectionDetail.hashCode
12:55:09.911 [INFO]   [Creating]         [59/131]   T024: Generated method
12:55:09.911 [INFO]   [Creating]         [59/131]     Indicates that the method is generated by some framework or tool and should not
12:55:09.911 [INFO]   [Creating]         [59/131]     be tested explicitly. The expectation is that the generator itself should be
12:55:09.911 [INFO]   [Creating]         [59/131]     tested and not each piece of code it produces.
12:55:09.911 [INFO]   [Creating]         [59/131]     Currently, this includes methods identified generated by Lombok, Protobuf,
12:55:09.911 [INFO]   [Creating]         [59/131]     Grpc, Hibernate, or annotated with a custom '@Generated' annotation
12:55:09.911 [INFO]   [Creating]         [59/131]     (as long as the custom annotation has 'RUNTIME' or 'CLASS' retention).
12:55:09.911 [INFO]   [Creating]         [59/131]     Diffblue Cover considers these methods as not directly callable.
12:55:09.913 [INFO]   [Creating]         [60/131] uk.gov.gchq.palisade.resource.impl.SimpleConnectionDetail.serviceName
12:55:09.913 [INFO]   [Creating]         [60/131]   T024: Generated method
12:55:09.913 [INFO]   [Creating]         [60/131]     Indicates that the method is generated by some framework or tool and should not
12:55:09.913 [INFO]   [Creating]         [60/131]     be tested explicitly. The expectation is that the generator itself should be
12:55:09.913 [INFO]   [Creating]         [60/131]     tested and not each piece of code it produces.
12:55:09.913 [INFO]   [Creating]         [60/131]     Currently, this includes methods identified generated by Lombok, Protobuf,
12:55:09.913 [INFO]   [Creating]         [60/131]     Grpc, Hibernate, or annotated with a custom '@Generated' annotation
12:55:09.913 [INFO]   [Creating]         [60/131]     (as long as the custom annotation has 'RUNTIME' or 'CLASS' retention).
12:55:09.913 [INFO]   [Creating]         [60/131]     Diffblue Cover considers these methods as not directly callable.
12:55:09.915 [INFO]   [Creating]         [61/131] uk.gov.gchq.palisade.resource.impl.SimpleConnectionDetail.setServiceName
12:55:09.915 [INFO]   [Creating]         [61/131]   T024: Generated method
12:55:09.915 [INFO]   [Creating]         [61/131]     Indicates that the method is generated by some framework or tool and should not
12:55:09.915 [INFO]   [Creating]         [61/131]     be tested explicitly. The expectation is that the generator itself should be
12:55:09.915 [INFO]   [Creating]         [61/131]     tested and not each piece of code it produces.
12:55:09.915 [INFO]   [Creating]         [61/131]     Currently, this includes methods identified generated by Lombok, Protobuf,
12:55:09.915 [INFO]   [Creating]         [61/131]     Grpc, Hibernate, or annotated with a custom '@Generated' annotation
12:55:09.915 [INFO]   [Creating]         [61/131]     (as long as the custom annotation has 'RUNTIME' or 'CLASS' retention).
12:55:09.915 [INFO]   [Creating]         [61/131]     Diffblue Cover considers these methods as not directly callable.
12:55:09.917 [INFO]   [Creating]         [62/131] uk.gov.gchq.palisade.resource.impl.SimpleConnectionDetail.toString
12:55:09.917 [INFO]   [Creating]         [62/131]   T024: Generated method
12:55:09.917 [INFO]   [Creating]         [62/131]     Indicates that the method is generated by some framework or tool and should not
12:55:09.917 [INFO]   [Creating]         [62/131]     be tested explicitly. The expectation is that the generator itself should be
12:55:09.917 [INFO]   [Creating]         [62/131]     tested and not each piece of code it produces.
12:55:09.917 [INFO]   [Creating]         [62/131]     Currently, this includes methods identified generated by Lombok, Protobuf,
12:55:09.917 [INFO]   [Creating]         [62/131]     Grpc, Hibernate, or annotated with a custom '@Generated' annotation
12:55:09.917 [INFO]   [Creating]         [62/131]     (as long as the custom annotation has 'RUNTIME' or 'CLASS' retention).
12:55:09.917 [INFO]   [Creating]         [62/131]     Diffblue Cover considers these methods as not directly callable.
12:55:09.919 [INFO]   [Creating]    Filtering of methods complete. Creating analysis request
12:55:09.919 [INFO]   [Creating]    Attempting to get service client, retry 1.
12:55:10.069 [INFO]   [Creating]         [63/131] uk.gov.gchq.palisade.resource.impl.SimpleConnectionDetail.<init>
12:55:10.069 [INFO]   [Creating]         [63/131]   Tests created: 1
12:55:10.071 [INFO]   [Creating]     [7/25] uk.gov.gchq.palisade.resource.impl.SimpleConnectionDetail
12:55:10.071 [INFO]   [Creating]     [7/25]   Tests created: 1
12:55:10.072 [INFO]   [Creating]    
================================================================================
= Starting analysis for class 'uk.gov.gchq.palisade.resource.impl.SystemResource'
================================================================================
12:55:10.072 [INFO]   [Creating]    Filtering out non-testable methods...
12:55:10.074 [INFO]   [Creating]    Filtering of methods complete. Creating analysis request
12:55:10.075 [INFO]   [Creating]    Attempting to get service client, retry 1.
12:55:10.613 [INFO]   [Creating]         [64/131] uk.gov.gchq.palisade.resource.impl.SystemResource.<init>
12:55:10.613 [INFO]   [Creating]         [64/131]   Tests created: 1
12:55:10.737 [INFO]   [Creating]         [65/131] uk.gov.gchq.palisade.resource.impl.SystemResource.id
12:55:10.737 [INFO]   [Creating]         [65/131]   Tests created: 2
12:55:10.740 [INFO]   [Creating]     [8/25] uk.gov.gchq.palisade.resource.impl.SystemResource
12:55:10.740 [INFO]   [Creating]     [8/25]   Tests created: 3
12:55:10.741 [INFO]   [Creating]    
================================================================================
= Starting analysis for class 'uk.gov.gchq.palisade.rule.Rule'
================================================================================
12:55:10.741 [INFO]   [Creating]    Filtering out non-testable methods...
12:55:10.744 [INFO]   [Creating]         [66/131] uk.gov.gchq.palisade.rule.Rule.isApplicable
12:55:10.744 [INFO]   [Creating]         [66/131]   T009: No implementation for abstract class
12:55:10.744 [INFO]   [Creating]         [66/131]     The method is a non-abstract instance method in an abstract class or
12:55:10.745 [INFO]   [Creating]         [66/131]     a default method in an interface. Diffblue Cover would test such methods
12:55:10.745 [INFO]   [Creating]         [66/131]     by using an implementation of that abstract class or interface. However,
12:55:10.745 [INFO]   [Creating]         [66/131]     no such implementation has been found.
12:55:10.745 [INFO]   [Creating]         [66/131]     Please provide an implementation for the abstract class or interface.
12:55:10.745 [INFO]   [Creating]         [66/131]     See https://diff.blue/T009 to resolve this issue.
12:55:10.745 [INFO]   [Creating]     [9/25] uk.gov.gchq.palisade.rule.Rule
12:55:10.745 [INFO]   [Creating]     [9/25]   Tests created: 0
12:55:10.745 [INFO]   [Creating]    No testable methods
12:55:10.745 [INFO]   [Creating]    
================================================================================
= Starting analysis for class 'uk.gov.gchq.palisade.rule.Rules'
================================================================================
12:55:10.745 [INFO]   [Creating]    Filtering out non-testable methods...
12:55:10.748 [INFO]   [Creating]         [67/131] uk.gov.gchq.palisade.rule.Rules.addRule
12:55:10.748 [INFO]   [Creating]         [67/131]   T024: Generated method
12:55:10.748 [INFO]   [Creating]         [67/131]     Indicates that the method is generated by some framework or tool and should not
12:55:10.748 [INFO]   [Creating]         [67/131]     be tested explicitly. The expectation is that the generator itself should be
12:55:10.748 [INFO]   [Creating]         [67/131]     tested and not each piece of code it produces.
12:55:10.748 [INFO]   [Creating]         [67/131]     Currently, this includes methods identified generated by Lombok, Protobuf,
12:55:10.748 [INFO]   [Creating]         [67/131]     Grpc, Hibernate, or annotated with a custom '@Generated' annotation
12:55:10.748 [INFO]   [Creating]         [67/131]     (as long as the custom annotation has 'RUNTIME' or 'CLASS' retention).
12:55:10.748 [INFO]   [Creating]         [67/131]     Diffblue Cover considers these methods as not directly callable.
12:55:10.750 [INFO]   [Creating]         [68/131] uk.gov.gchq.palisade.rule.Rules.addRules
12:55:10.750 [INFO]   [Creating]         [68/131]   T024: Generated method
12:55:10.750 [INFO]   [Creating]         [68/131]     Indicates that the method is generated by some framework or tool and should not
12:55:10.750 [INFO]   [Creating]         [68/131]     be tested explicitly. The expectation is that the generator itself should be
12:55:10.750 [INFO]   [Creating]         [68/131]     tested and not each piece of code it produces.
12:55:10.750 [INFO]   [Creating]         [68/131]     Currently, this includes methods identified generated by Lombok, Protobuf,
12:55:10.750 [INFO]   [Creating]         [68/131]     Grpc, Hibernate, or annotated with a custom '@Generated' annotation
12:55:10.750 [INFO]   [Creating]         [68/131]     (as long as the custom annotation has 'RUNTIME' or 'CLASS' retention).
12:55:10.750 [INFO]   [Creating]         [68/131]     Diffblue Cover considers these methods as not directly callable.
12:55:10.752 [INFO]   [Creating]         [69/131] uk.gov.gchq.palisade.rule.Rules.getMessage
12:55:10.752 [INFO]   [Creating]         [69/131]   T024: Generated method
12:55:10.752 [INFO]   [Creating]         [69/131]     Indicates that the method is generated by some framework or tool and should not
12:55:10.752 [INFO]   [Creating]         [69/131]     be tested explicitly. The expectation is that the generator itself should be
12:55:10.752 [INFO]   [Creating]         [69/131]     tested and not each piece of code it produces.
12:55:10.752 [INFO]   [Creating]         [69/131]     Currently, this includes methods identified generated by Lombok, Protobuf,
12:55:10.752 [INFO]   [Creating]         [69/131]     Grpc, Hibernate, or annotated with a custom '@Generated' annotation
12:55:10.752 [INFO]   [Creating]         [69/131]     (as long as the custom annotation has 'RUNTIME' or 'CLASS' retention).
12:55:10.752 [INFO]   [Creating]         [69/131]     Diffblue Cover considers these methods as not directly callable.
12:55:10.753 [INFO]   [Creating]         [70/131] uk.gov.gchq.palisade.rule.Rules.getRules
12:55:10.753 [INFO]   [Creating]         [70/131]   T024: Generated method
12:55:10.753 [INFO]   [Creating]         [70/131]     Indicates that the method is generated by some framework or tool and should not
12:55:10.753 [INFO]   [Creating]         [70/131]     be tested explicitly. The expectation is that the generator itself should be
12:55:10.753 [INFO]   [Creating]         [70/131]     tested and not each piece of code it produces.
12:55:10.753 [INFO]   [Creating]         [70/131]     Currently, this includes methods identified generated by Lombok, Protobuf,
12:55:10.753 [INFO]   [Creating]         [70/131]     Grpc, Hibernate, or annotated with a custom '@Generated' annotation
12:55:10.753 [INFO]   [Creating]         [70/131]     (as long as the custom annotation has 'RUNTIME' or 'CLASS' retention).
12:55:10.753 [INFO]   [Creating]         [70/131]     Diffblue Cover considers these methods as not directly callable.
12:55:10.754 [INFO]   [Creating]         [71/131] uk.gov.gchq.palisade.rule.Rules.hashCode
12:55:10.754 [INFO]   [Creating]         [71/131]   T024: Generated method
12:55:10.755 [INFO]   [Creating]         [71/131]     Indicates that the method is generated by some framework or tool and should not
12:55:10.755 [INFO]   [Creating]         [71/131]     be tested explicitly. The expectation is that the generator itself should be
12:55:10.755 [INFO]   [Creating]         [71/131]     tested and not each piece of code it produces.
12:55:10.755 [INFO]   [Creating]         [71/131]     Currently, this includes methods identified generated by Lombok, Protobuf,
12:55:10.755 [INFO]   [Creating]         [71/131]     Grpc, Hibernate, or annotated with a custom '@Generated' annotation
12:55:10.755 [INFO]   [Creating]         [71/131]     (as long as the custom annotation has 'RUNTIME' or 'CLASS' retention).
12:55:10.755 [INFO]   [Creating]         [71/131]     Diffblue Cover considers these methods as not directly callable.
12:55:10.756 [INFO]   [Creating]         [72/131] uk.gov.gchq.palisade.rule.Rules.message
12:55:10.756 [INFO]   [Creating]         [72/131]   T024: Generated method
12:55:10.756 [INFO]   [Creating]         [72/131]     Indicates that the method is generated by some framework or tool and should not
12:55:10.756 [INFO]   [Creating]         [72/131]     be tested explicitly. The expectation is that the generator itself should be
12:55:10.756 [INFO]   [Creating]         [72/131]     tested and not each piece of code it produces.
12:55:10.756 [INFO]   [Creating]         [72/131]     Currently, this includes methods identified generated by Lombok, Protobuf,
12:55:10.756 [INFO]   [Creating]         [72/131]     Grpc, Hibernate, or annotated with a custom '@Generated' annotation
12:55:10.756 [INFO]   [Creating]         [72/131]     (as long as the custom annotation has 'RUNTIME' or 'CLASS' retention).
12:55:10.756 [INFO]   [Creating]         [72/131]     Diffblue Cover considers these methods as not directly callable.
12:55:10.757 [INFO]   [Creating]         [73/131] uk.gov.gchq.palisade.rule.Rules.rules
12:55:10.757 [INFO]   [Creating]         [73/131]   T024: Generated method
12:55:10.757 [INFO]   [Creating]         [73/131]     Indicates that the method is generated by some framework or tool and should not
12:55:10.757 [INFO]   [Creating]         [73/131]     be tested explicitly. The expectation is that the generator itself should be
12:55:10.757 [INFO]   [Creating]         [73/131]     tested and not each piece of code it produces.
12:55:10.757 [INFO]   [Creating]         [73/131]     Currently, this includes methods identified generated by Lombok, Protobuf,
12:55:10.757 [INFO]   [Creating]         [73/131]     Grpc, Hibernate, or annotated with a custom '@Generated' annotation
12:55:10.757 [INFO]   [Creating]         [73/131]     (as long as the custom annotation has 'RUNTIME' or 'CLASS' retention).
12:55:10.757 [INFO]   [Creating]         [73/131]     Diffblue Cover considers these methods as not directly callable.
12:55:10.758 [INFO]   [Creating]         [74/131] uk.gov.gchq.palisade.rule.Rules.setMessage
12:55:10.759 [INFO]   [Creating]         [74/131]   T024: Generated method
12:55:10.759 [INFO]   [Creating]         [74/131]     Indicates that the method is generated by some framework or tool and should not
12:55:10.759 [INFO]   [Creating]         [74/131]     be tested explicitly. The expectation is that the generator itself should be
12:55:10.759 [INFO]   [Creating]         [74/131]     tested and not each piece of code it produces.
12:55:10.759 [INFO]   [Creating]         [74/131]     Currently, this includes methods identified generated by Lombok, Protobuf,
12:55:10.759 [INFO]   [Creating]         [74/131]     Grpc, Hibernate, or annotated with a custom '@Generated' annotation
12:55:10.759 [INFO]   [Creating]         [74/131]     (as long as the custom annotation has 'RUNTIME' or 'CLASS' retention).
12:55:10.759 [INFO]   [Creating]         [74/131]     Diffblue Cover considers these methods as not directly callable.
12:55:10.760 [INFO]   [Creating]         [75/131] uk.gov.gchq.palisade.rule.Rules.setRules
12:55:10.760 [INFO]   [Creating]         [75/131]   T024: Generated method
12:55:10.760 [INFO]   [Creating]         [75/131]     Indicates that the method is generated by some framework or tool and should not
12:55:10.760 [INFO]   [Creating]         [75/131]     be tested explicitly. The expectation is that the generator itself should be
12:55:10.760 [INFO]   [Creating]         [75/131]     tested and not each piece of code it produces.
12:55:10.760 [INFO]   [Creating]         [75/131]     Currently, this includes methods identified generated by Lombok, Protobuf,
12:55:10.760 [INFO]   [Creating]         [75/131]     Grpc, Hibernate, or annotated with a custom '@Generated' annotation
12:55:10.760 [INFO]   [Creating]         [75/131]     (as long as the custom annotation has 'RUNTIME' or 'CLASS' retention).
12:55:10.760 [INFO]   [Creating]         [75/131]     Diffblue Cover considers these methods as not directly callable.
12:55:10.762 [INFO]   [Creating]         [76/131] uk.gov.gchq.palisade.rule.Rules.toString
12:55:10.762 [INFO]   [Creating]         [76/131]   T024: Generated method
12:55:10.762 [INFO]   [Creating]         [76/131]     Indicates that the method is generated by some framework or tool and should not
12:55:10.762 [INFO]   [Creating]         [76/131]     be tested explicitly. The expectation is that the generator itself should be
12:55:10.762 [INFO]   [Creating]         [76/131]     tested and not each piece of code it produces.
12:55:10.762 [INFO]   [Creating]         [76/131]     Currently, this includes methods identified generated by Lombok, Protobuf,
12:55:10.762 [INFO]   [Creating]         [76/131]     Grpc, Hibernate, or annotated with a custom '@Generated' annotation
12:55:10.762 [INFO]   [Creating]         [76/131]     (as long as the custom annotation has 'RUNTIME' or 'CLASS' retention).
12:55:10.762 [INFO]   [Creating]         [76/131]     Diffblue Cover considers these methods as not directly callable.
12:55:10.763 [INFO]   [Creating]    Filtering of methods complete. Creating analysis request
12:55:10.763 [INFO]   [Creating]    Attempting to get service client, retry 1.
12:55:17.865 [INFO]   [Creating]         [77/131] uk.gov.gchq.palisade.rule.Rules.<init>
12:55:17.865 [INFO]   [Creating]         [77/131]   Tests created: 1
12:55:18.945 [INFO]   [Creating]         [78/131] uk.gov.gchq.palisade.rule.Rules.equals
12:55:18.946 [INFO]   [Creating]         [78/131]   Tests created: 8
12:55:19.079 [INFO]   [Creating]         [79/131] uk.gov.gchq.palisade.rule.Rules.containsRules
12:55:19.079 [INFO]   [Creating]         [79/131]   Tests created: 2
12:55:19.081 [INFO]   [Creating]    [10/25] uk.gov.gchq.palisade.rule.Rules
12:55:19.081 [INFO]   [Creating]    [10/25]   Tests created: 11
12:55:19.083 [INFO]   [Creating]    
================================================================================
= Starting analysis for class 'uk.gov.gchq.palisade.user.User'
================================================================================
12:55:19.083 [INFO]   [Creating]    Filtering out non-testable methods...
12:55:19.088 [INFO]   [Creating]         [80/131] uk.gov.gchq.palisade.user.User.addAuths
12:55:19.088 [INFO]   [Creating]         [80/131]   T024: Generated method
12:55:19.088 [INFO]   [Creating]         [80/131]     Indicates that the method is generated by some framework or tool and should not
12:55:19.088 [INFO]   [Creating]         [80/131]     be tested explicitly. The expectation is that the generator itself should be
12:55:19.088 [INFO]   [Creating]         [80/131]     tested and not each piece of code it produces.
12:55:19.088 [INFO]   [Creating]         [80/131]     Currently, this includes methods identified generated by Lombok, Protobuf,
12:55:19.088 [INFO]   [Creating]         [80/131]     Grpc, Hibernate, or annotated with a custom '@Generated' annotation
12:55:19.088 [INFO]   [Creating]         [80/131]     (as long as the custom annotation has 'RUNTIME' or 'CLASS' retention).
12:55:19.088 [INFO]   [Creating]         [80/131]     Diffblue Cover considers these methods as not directly callable.
12:55:19.089 [INFO]   [Creating]         [81/131] uk.gov.gchq.palisade.user.User.addRoles
12:55:19.089 [INFO]   [Creating]         [81/131]   T024: Generated method
12:55:19.089 [INFO]   [Creating]         [81/131]     Indicates that the method is generated by some framework or tool and should not
12:55:19.089 [INFO]   [Creating]         [81/131]     be tested explicitly. The expectation is that the generator itself should be
12:55:19.089 [INFO]   [Creating]         [81/131]     tested and not each piece of code it produces.
12:55:19.089 [INFO]   [Creating]         [81/131]     Currently, this includes methods identified generated by Lombok, Protobuf,
12:55:19.089 [INFO]   [Creating]         [81/131]     Grpc, Hibernate, or annotated with a custom '@Generated' annotation
12:55:19.089 [INFO]   [Creating]         [81/131]     (as long as the custom annotation has 'RUNTIME' or 'CLASS' retention).
12:55:19.090 [INFO]   [Creating]         [81/131]     Diffblue Cover considers these methods as not directly callable.
12:55:19.091 [INFO]   [Creating]         [82/131] uk.gov.gchq.palisade.user.User.auths
12:55:19.091 [INFO]   [Creating]         [82/131]   T024: Generated method
12:55:19.091 [INFO]   [Creating]         [82/131]     Indicates that the method is generated by some framework or tool and should not
12:55:19.091 [INFO]   [Creating]         [82/131]     be tested explicitly. The expectation is that the generator itself should be
12:55:19.091 [INFO]   [Creating]         [82/131]     tested and not each piece of code it produces.
12:55:19.091 [INFO]   [Creating]         [82/131]     Currently, this includes methods identified generated by Lombok, Protobuf,
12:55:19.091 [INFO]   [Creating]         [82/131]     Grpc, Hibernate, or annotated with a custom '@Generated' annotation
12:55:19.091 [INFO]   [Creating]         [82/131]     (as long as the custom annotation has 'RUNTIME' or 'CLASS' retention).
12:55:19.091 [INFO]   [Creating]         [82/131]     Diffblue Cover considers these methods as not directly callable.
12:55:19.092 [INFO]   [Creating]         [83/131] uk.gov.gchq.palisade.user.User.auths
12:55:19.092 [INFO]   [Creating]         [83/131]   T024: Generated method
12:55:19.092 [INFO]   [Creating]         [83/131]     Indicates that the method is generated by some framework or tool and should not
12:55:19.092 [INFO]   [Creating]         [83/131]     be tested explicitly. The expectation is that the generator itself should be
12:55:19.092 [INFO]   [Creating]         [83/131]     tested and not each piece of code it produces.
12:55:19.092 [INFO]   [Creating]         [83/131]     Currently, this includes methods identified generated by Lombok, Protobuf,
12:55:19.092 [INFO]   [Creating]         [83/131]     Grpc, Hibernate, or annotated with a custom '@Generated' annotation
12:55:19.092 [INFO]   [Creating]         [83/131]     (as long as the custom annotation has 'RUNTIME' or 'CLASS' retention).
12:55:19.092 [INFO]   [Creating]         [83/131]     Diffblue Cover considers these methods as not directly callable.
12:55:19.093 [INFO]   [Creating]         [84/131] uk.gov.gchq.palisade.user.User.equals
12:55:19.093 [INFO]   [Creating]         [84/131]   T024: Generated method
12:55:19.094 [INFO]   [Creating]         [84/131]     Indicates that the method is generated by some framework or tool and should not
12:55:19.094 [INFO]   [Creating]         [84/131]     be tested explicitly. The expectation is that the generator itself should be
12:55:19.094 [INFO]   [Creating]         [84/131]     tested and not each piece of code it produces.
12:55:19.094 [INFO]   [Creating]         [84/131]     Currently, this includes methods identified generated by Lombok, Protobuf,
12:55:19.094 [INFO]   [Creating]         [84/131]     Grpc, Hibernate, or annotated with a custom '@Generated' annotation
12:55:19.094 [INFO]   [Creating]         [84/131]     (as long as the custom annotation has 'RUNTIME' or 'CLASS' retention).
12:55:19.094 [INFO]   [Creating]         [84/131]     Diffblue Cover considers these methods as not directly callable.
12:55:19.095 [INFO]   [Creating]         [85/131] uk.gov.gchq.palisade.user.User.getAuths
12:55:19.095 [INFO]   [Creating]         [85/131]   T024: Generated method
12:55:19.095 [INFO]   [Creating]         [85/131]     Indicates that the method is generated by some framework or tool and should not
12:55:19.095 [INFO]   [Creating]         [85/131]     be tested explicitly. The expectation is that the generator itself should be
12:55:19.095 [INFO]   [Creating]         [85/131]     tested and not each piece of code it produces.
12:55:19.095 [INFO]   [Creating]         [85/131]     Currently, this includes methods identified generated by Lombok, Protobuf,
12:55:19.095 [INFO]   [Creating]         [85/131]     Grpc, Hibernate, or annotated with a custom '@Generated' annotation
12:55:19.095 [INFO]   [Creating]         [85/131]     (as long as the custom annotation has 'RUNTIME' or 'CLASS' retention).
12:55:19.095 [INFO]   [Creating]         [85/131]     Diffblue Cover considers these methods as not directly callable.
12:55:19.096 [INFO]   [Creating]         [86/131] uk.gov.gchq.palisade.user.User.getRoles
12:55:19.096 [INFO]   [Creating]         [86/131]   T024: Generated method
12:55:19.096 [INFO]   [Creating]         [86/131]     Indicates that the method is generated by some framework or tool and should not
12:55:19.096 [INFO]   [Creating]         [86/131]     be tested explicitly. The expectation is that the generator itself should be
12:55:19.096 [INFO]   [Creating]         [86/131]     tested and not each piece of code it produces.
12:55:19.096 [INFO]   [Creating]         [86/131]     Currently, this includes methods identified generated by Lombok, Protobuf,
12:55:19.096 [INFO]   [Creating]         [86/131]     Grpc, Hibernate, or annotated with a custom '@Generated' annotation
12:55:19.096 [INFO]   [Creating]         [86/131]     (as long as the custom annotation has 'RUNTIME' or 'CLASS' retention).
12:55:19.096 [INFO]   [Creating]         [86/131]     Diffblue Cover considers these methods as not directly callable.
12:55:19.097 [INFO]   [Creating]         [87/131] uk.gov.gchq.palisade.user.User.getUserId
12:55:19.097 [INFO]   [Creating]         [87/131]   T024: Generated method
12:55:19.097 [INFO]   [Creating]         [87/131]     Indicates that the method is generated by some framework or tool and should not
12:55:19.097 [INFO]   [Creating]         [87/131]     be tested explicitly. The expectation is that the generator itself should be
12:55:19.097 [INFO]   [Creating]         [87/131]     tested and not each piece of code it produces.
12:55:19.097 [INFO]   [Creating]         [87/131]     Currently, this includes methods identified generated by Lombok, Protobuf,
12:55:19.097 [INFO]   [Creating]         [87/131]     Grpc, Hibernate, or annotated with a custom '@Generated' annotation
12:55:19.097 [INFO]   [Creating]         [87/131]     (as long as the custom annotation has 'RUNTIME' or 'CLASS' retention).
12:55:19.097 [INFO]   [Creating]         [87/131]     Diffblue Cover considers these methods as not directly callable.
12:55:19.098 [INFO]   [Creating]         [88/131] uk.gov.gchq.palisade.user.User.hashCode
12:55:19.098 [INFO]   [Creating]         [88/131]   T024: Generated method
12:55:19.098 [INFO]   [Creating]         [88/131]     Indicates that the method is generated by some framework or tool and should not
12:55:19.098 [INFO]   [Creating]         [88/131]     be tested explicitly. The expectation is that the generator itself should be
12:55:19.098 [INFO]   [Creating]         [88/131]     tested and not each piece of code it produces.
12:55:19.098 [INFO]   [Creating]         [88/131]     Currently, this includes methods identified generated by Lombok, Protobuf,
12:55:19.098 [INFO]   [Creating]         [88/131]     Grpc, Hibernate, or annotated with a custom '@Generated' annotation
12:55:19.098 [INFO]   [Creating]         [88/131]     (as long as the custom annotation has 'RUNTIME' or 'CLASS' retention).
12:55:19.098 [INFO]   [Creating]         [88/131]     Diffblue Cover considers these methods as not directly callable.
12:55:19.099 [INFO]   [Creating]         [89/131] uk.gov.gchq.palisade.user.User.roles
12:55:19.099 [INFO]   [Creating]         [89/131]   T024: Generated method
12:55:19.099 [INFO]   [Creating]         [89/131]     Indicates that the method is generated by some framework or tool and should not
12:55:19.099 [INFO]   [Creating]         [89/131]     be tested explicitly. The expectation is that the generator itself should be
12:55:19.099 [INFO]   [Creating]         [89/131]     tested and not each piece of code it produces.
12:55:19.099 [INFO]   [Creating]         [89/131]     Currently, this includes methods identified generated by Lombok, Protobuf,
12:55:19.099 [INFO]   [Creating]         [89/131]     Grpc, Hibernate, or annotated with a custom '@Generated' annotation
12:55:19.099 [INFO]   [Creating]         [89/131]     (as long as the custom annotation has 'RUNTIME' or 'CLASS' retention).
12:55:19.099 [INFO]   [Creating]         [89/131]     Diffblue Cover considers these methods as not directly callable.
12:55:19.100 [INFO]   [Creating]         [90/131] uk.gov.gchq.palisade.user.User.roles
12:55:19.100 [INFO]   [Creating]         [90/131]   T024: Generated method
12:55:19.101 [INFO]   [Creating]         [90/131]     Indicates that the method is generated by some framework or tool and should not
12:55:19.101 [INFO]   [Creating]         [90/131]     be tested explicitly. The expectation is that the generator itself should be
12:55:19.101 [INFO]   [Creating]         [90/131]     tested and not each piece of code it produces.
12:55:19.101 [INFO]   [Creating]         [90/131]     Currently, this includes methods identified generated by Lombok, Protobuf,
12:55:19.101 [INFO]   [Creating]         [90/131]     Grpc, Hibernate, or annotated with a custom '@Generated' annotation
12:55:19.101 [INFO]   [Creating]         [90/131]     (as long as the custom annotation has 'RUNTIME' or 'CLASS' retention).
12:55:19.101 [INFO]   [Creating]         [90/131]     Diffblue Cover considers these methods as not directly callable.
12:55:19.102 [INFO]   [Creating]         [91/131] uk.gov.gchq.palisade.user.User.setAuths
12:55:19.102 [INFO]   [Creating]         [91/131]   T024: Generated method
12:55:19.102 [INFO]   [Creating]         [91/131]     Indicates that the method is generated by some framework or tool and should not
12:55:19.102 [INFO]   [Creating]         [91/131]     be tested explicitly. The expectation is that the generator itself should be
12:55:19.102 [INFO]   [Creating]         [91/131]     tested and not each piece of code it produces.
12:55:19.102 [INFO]   [Creating]         [91/131]     Currently, this includes methods identified generated by Lombok, Protobuf,
12:55:19.102 [INFO]   [Creating]         [91/131]     Grpc, Hibernate, or annotated with a custom '@Generated' annotation
12:55:19.102 [INFO]   [Creating]         [91/131]     (as long as the custom annotation has 'RUNTIME' or 'CLASS' retention).
12:55:19.102 [INFO]   [Creating]         [91/131]     Diffblue Cover considers these methods as not directly callable.
12:55:19.103 [INFO]   [Creating]         [92/131] uk.gov.gchq.palisade.user.User.setRoles
12:55:19.103 [INFO]   [Creating]         [92/131]   T024: Generated method
12:55:19.103 [INFO]   [Creating]         [92/131]     Indicates that the method is generated by some framework or tool and should not
12:55:19.103 [INFO]   [Creating]         [92/131]     be tested explicitly. The expectation is that the generator itself should be
12:55:19.103 [INFO]   [Creating]         [92/131]     tested and not each piece of code it produces.
12:55:19.103 [INFO]   [Creating]         [92/131]     Currently, this includes methods identified generated by Lombok, Protobuf,
12:55:19.103 [INFO]   [Creating]         [92/131]     Grpc, Hibernate, or annotated with a custom '@Generated' annotation
12:55:19.103 [INFO]   [Creating]         [92/131]     (as long as the custom annotation has 'RUNTIME' or 'CLASS' retention).
12:55:19.103 [INFO]   [Creating]         [92/131]     Diffblue Cover considers these methods as not directly callable.
12:55:19.104 [INFO]   [Creating]         [93/131] uk.gov.gchq.palisade.user.User.setUserId
12:55:19.104 [INFO]   [Creating]         [93/131]   T024: Generated method
12:55:19.104 [INFO]   [Creating]         [93/131]     Indicates that the method is generated by some framework or tool and should not
12:55:19.104 [INFO]   [Creating]         [93/131]     be tested explicitly. The expectation is that the generator itself should be
12:55:19.104 [INFO]   [Creating]         [93/131]     tested and not each piece of code it produces.
12:55:19.104 [INFO]   [Creating]         [93/131]     Currently, this includes methods identified generated by Lombok, Protobuf,
12:55:19.104 [INFO]   [Creating]         [93/131]     Grpc, Hibernate, or annotated with a custom '@Generated' annotation
12:55:19.104 [INFO]   [Creating]         [93/131]     (as long as the custom annotation has 'RUNTIME' or 'CLASS' retention).
12:55:19.104 [INFO]   [Creating]         [93/131]     Diffblue Cover considers these methods as not directly callable.
12:55:19.105 [INFO]   [Creating]         [94/131] uk.gov.gchq.palisade.user.User.toString
12:55:19.105 [INFO]   [Creating]         [94/131]   T024: Generated method
12:55:19.105 [INFO]   [Creating]         [94/131]     Indicates that the method is generated by some framework or tool and should not
12:55:19.105 [INFO]   [Creating]         [94/131]     be tested explicitly. The expectation is that the generator itself should be
12:55:19.105 [INFO]   [Creating]         [94/131]     tested and not each piece of code it produces.
12:55:19.105 [INFO]   [Creating]         [94/131]     Currently, this includes methods identified generated by Lombok, Protobuf,
12:55:19.105 [INFO]   [Creating]         [94/131]     Grpc, Hibernate, or annotated with a custom '@Generated' annotation
12:55:19.105 [INFO]   [Creating]         [94/131]     (as long as the custom annotation has 'RUNTIME' or 'CLASS' retention).
12:55:19.105 [INFO]   [Creating]         [94/131]     Diffblue Cover considers these methods as not directly callable.
12:55:19.106 [INFO]   [Creating]         [95/131] uk.gov.gchq.palisade.user.User.userId
12:55:19.106 [INFO]   [Creating]         [95/131]   T024: Generated method
12:55:19.106 [INFO]   [Creating]         [95/131]     Indicates that the method is generated by some framework or tool and should not
12:55:19.106 [INFO]   [Creating]         [95/131]     be tested explicitly. The expectation is that the generator itself should be
12:55:19.106 [INFO]   [Creating]         [95/131]     tested and not each piece of code it produces.
12:55:19.106 [INFO]   [Creating]         [95/131]     Currently, this includes methods identified generated by Lombok, Protobuf,
12:55:19.106 [INFO]   [Creating]         [95/131]     Grpc, Hibernate, or annotated with a custom '@Generated' annotation
12:55:19.106 [INFO]   [Creating]         [95/131]     (as long as the custom annotation has 'RUNTIME' or 'CLASS' retention).
12:55:19.106 [INFO]   [Creating]         [95/131]     Diffblue Cover considers these methods as not directly callable.
12:55:19.107 [INFO]   [Creating]         [96/131] uk.gov.gchq.palisade.user.User.userId
12:55:19.107 [INFO]   [Creating]         [96/131]   T024: Generated method
12:55:19.107 [INFO]   [Creating]         [96/131]     Indicates that the method is generated by some framework or tool and should not
12:55:19.107 [INFO]   [Creating]         [96/131]     be tested explicitly. The expectation is that the generator itself should be
12:55:19.107 [INFO]   [Creating]         [96/131]     tested and not each piece of code it produces.
12:55:19.107 [INFO]   [Creating]         [96/131]     Currently, this includes methods identified generated by Lombok, Protobuf,
12:55:19.107 [INFO]   [Creating]         [96/131]     Grpc, Hibernate, or annotated with a custom '@Generated' annotation
12:55:19.107 [INFO]   [Creating]         [96/131]     (as long as the custom annotation has 'RUNTIME' or 'CLASS' retention).
12:55:19.107 [INFO]   [Creating]         [96/131]     Diffblue Cover considers these methods as not directly callable.
12:55:19.108 [INFO]   [Creating]    Filtering of methods complete. Creating analysis request
12:55:19.108 [INFO]   [Creating]    Attempting to get service client, retry 1.
12:55:19.416 [INFO]   [Creating]         [97/131] uk.gov.gchq.palisade.user.User.<init>
12:55:19.416 [INFO]   [Creating]         [97/131]   Tests created: 1
12:55:19.471 [INFO]   [Creating]         [98/131] uk.gov.gchq.palisade.user.User.<init>
12:55:19.471 [INFO]   [Creating]         [98/131]   Tests created: 1
12:55:19.472 [INFO]   [Creating]    [11/25] uk.gov.gchq.palisade.user.User
12:55:19.472 [INFO]   [Creating]    [11/25]   Tests created: 2
12:55:19.473 [INFO]   [Creating]    
================================================================================
= Starting analysis for class 'uk.gov.gchq.palisade.user.UserId'
================================================================================
12:55:19.473 [INFO]   [Creating]    Filtering out non-testable methods...
12:55:19.475 [INFO]   [Creating]         [99/131] uk.gov.gchq.palisade.user.UserId.equals
12:55:19.475 [INFO]   [Creating]         [99/131]   T024: Generated method
12:55:19.475 [INFO]   [Creating]         [99/131]     Indicates that the method is generated by some framework or tool and should not
12:55:19.475 [INFO]   [Creating]         [99/131]     be tested explicitly. The expectation is that the generator itself should be
12:55:19.475 [INFO]   [Creating]         [99/131]     tested and not each piece of code it produces.
12:55:19.475 [INFO]   [Creating]         [99/131]     Currently, this includes methods identified generated by Lombok, Protobuf,
12:55:19.475 [INFO]   [Creating]         [99/131]     Grpc, Hibernate, or annotated with a custom '@Generated' annotation
12:55:19.475 [INFO]   [Creating]         [99/131]     (as long as the custom annotation has 'RUNTIME' or 'CLASS' retention).
12:55:19.475 [INFO]   [Creating]         [99/131]     Diffblue Cover considers these methods as not directly callable.
12:55:19.476 [INFO]   [Creating]        [100/131] uk.gov.gchq.palisade.user.UserId.getId
12:55:19.476 [INFO]   [Creating]        [100/131]   T024: Generated method
12:55:19.476 [INFO]   [Creating]        [100/131]     Indicates that the method is generated by some framework or tool and should not
12:55:19.476 [INFO]   [Creating]        [100/131]     be tested explicitly. The expectation is that the generator itself should be
12:55:19.476 [INFO]   [Creating]        [100/131]     tested and not each piece of code it produces.
12:55:19.476 [INFO]   [Creating]        [100/131]     Currently, this includes methods identified generated by Lombok, Protobuf,
12:55:19.476 [INFO]   [Creating]        [100/131]     Grpc, Hibernate, or annotated with a custom '@Generated' annotation
12:55:19.476 [INFO]   [Creating]        [100/131]     (as long as the custom annotation has 'RUNTIME' or 'CLASS' retention).
12:55:19.476 [INFO]   [Creating]        [100/131]     Diffblue Cover considers these methods as not directly callable.
12:55:19.477 [INFO]   [Creating]        [101/131] uk.gov.gchq.palisade.user.UserId.hashCode
12:55:19.477 [INFO]   [Creating]        [101/131]   T024: Generated method
12:55:19.477 [INFO]   [Creating]        [101/131]     Indicates that the method is generated by some framework or tool and should not
12:55:19.477 [INFO]   [Creating]        [101/131]     be tested explicitly. The expectation is that the generator itself should be
12:55:19.477 [INFO]   [Creating]        [101/131]     tested and not each piece of code it produces.
12:55:19.477 [INFO]   [Creating]        [101/131]     Currently, this includes methods identified generated by Lombok, Protobuf,
12:55:19.477 [INFO]   [Creating]        [101/131]     Grpc, Hibernate, or annotated with a custom '@Generated' annotation
12:55:19.477 [INFO]   [Creating]        [101/131]     (as long as the custom annotation has 'RUNTIME' or 'CLASS' retention).
12:55:19.477 [INFO]   [Creating]        [101/131]     Diffblue Cover considers these methods as not directly callable.
12:55:19.478 [INFO]   [Creating]        [102/131] uk.gov.gchq.palisade.user.UserId.id
12:55:19.478 [INFO]   [Creating]        [102/131]   T024: Generated method
12:55:19.478 [INFO]   [Creating]        [102/131]     Indicates that the method is generated by some framework or tool and should not
12:55:19.478 [INFO]   [Creating]        [102/131]     be tested explicitly. The expectation is that the generator itself should be
12:55:19.478 [INFO]   [Creating]        [102/131]     tested and not each piece of code it produces.
12:55:19.478 [INFO]   [Creating]        [102/131]     Currently, this includes methods identified generated by Lombok, Protobuf,
12:55:19.478 [INFO]   [Creating]        [102/131]     Grpc, Hibernate, or annotated with a custom '@Generated' annotation
12:55:19.478 [INFO]   [Creating]        [102/131]     (as long as the custom annotation has 'RUNTIME' or 'CLASS' retention).
12:55:19.478 [INFO]   [Creating]        [102/131]     Diffblue Cover considers these methods as not directly callable.
12:55:19.479 [INFO]   [Creating]        [103/131] uk.gov.gchq.palisade.user.UserId.setId
12:55:19.479 [INFO]   [Creating]        [103/131]   T024: Generated method
12:55:19.479 [INFO]   [Creating]        [103/131]     Indicates that the method is generated by some framework or tool and should not
12:55:19.479 [INFO]   [Creating]        [103/131]     be tested explicitly. The expectation is that the generator itself should be
12:55:19.479 [INFO]   [Creating]        [103/131]     tested and not each piece of code it produces.
12:55:19.479 [INFO]   [Creating]        [103/131]     Currently, this includes methods identified generated by Lombok, Protobuf,
12:55:19.479 [INFO]   [Creating]        [103/131]     Grpc, Hibernate, or annotated with a custom '@Generated' annotation
12:55:19.479 [INFO]   [Creating]        [103/131]     (as long as the custom annotation has 'RUNTIME' or 'CLASS' retention).
12:55:19.479 [INFO]   [Creating]        [103/131]     Diffblue Cover considers these methods as not directly callable.
12:55:19.480 [INFO]   [Creating]        [104/131] uk.gov.gchq.palisade.user.UserId.toString
12:55:19.480 [INFO]   [Creating]        [104/131]   T024: Generated method
12:55:19.480 [INFO]   [Creating]        [104/131]     Indicates that the method is generated by some framework or tool and should not
12:55:19.480 [INFO]   [Creating]        [104/131]     be tested explicitly. The expectation is that the generator itself should be
12:55:19.480 [INFO]   [Creating]        [104/131]     tested and not each piece of code it produces.
12:55:19.480 [INFO]   [Creating]        [104/131]     Currently, this includes methods identified generated by Lombok, Protobuf,
12:55:19.480 [INFO]   [Creating]        [104/131]     Grpc, Hibernate, or annotated with a custom '@Generated' annotation
12:55:19.480 [INFO]   [Creating]        [104/131]     (as long as the custom annotation has 'RUNTIME' or 'CLASS' retention).
12:55:19.480 [INFO]   [Creating]        [104/131]     Diffblue Cover considers these methods as not directly callable.
12:55:19.481 [INFO]   [Creating]    Filtering of methods complete. Creating analysis request
12:55:19.481 [INFO]   [Creating]    Attempting to get service client, retry 1.
12:55:19.681 [INFO]   [Creating]        [105/131] uk.gov.gchq.palisade.user.UserId.<init>
12:55:19.681 [INFO]   [Creating]        [105/131]   Tests created: 1
12:55:19.729 [INFO]   [Creating]        [106/131] uk.gov.gchq.palisade.user.UserId.<init>
12:55:19.729 [INFO]   [Creating]        [106/131]   Tests created: 1
12:55:19.730 [INFO]   [Creating]    [12/25] uk.gov.gchq.palisade.user.UserId
12:55:19.730 [INFO]   [Creating]    [12/25]   Tests created: 2
12:55:19.731 [INFO]   [Creating]    
================================================================================
= Starting analysis for class 'uk.gov.gchq.palisade.util.AbstractResourceBuilder'
================================================================================
12:55:19.731 [INFO]   [Creating]    Filtering out non-testable methods...
12:55:19.737 [INFO]   [Creating]    Filtering of methods complete. Creating analysis request
12:55:19.737 [INFO]   [Creating]    Attempting to get service client, retry 1.
12:55:20.421 [INFO]   [Creating]        [107/131] uk.gov.gchq.palisade.util.AbstractResourceBuilder.create
12:55:20.421 [INFO]   [Creating]        [107/131]   Tests created: 1
12:55:20.516 [INFO]   [Creating]        [108/131] uk.gov.gchq.palisade.util.AbstractResourceBuilder.create
12:55:20.517 [INFO]   [Creating]        [108/131]   Diffblue AI was unable to find a test
12:55:20.893 [INFO]   [Creating]        [109/131] uk.gov.gchq.palisade.util.AbstractResourceBuilder.refreshProviders
12:55:20.893 [INFO]   [Creating]        [109/131]   Diffblue AI was unable to find a test
12:55:20.896 [INFO]   [Creating]        [110/131] uk.gov.gchq.palisade.util.AbstractResourceBuilder.buildNormal
12:55:20.896 [INFO]   [Creating]        [110/131]   Diffblue AI was unable to find a test
12:55:20.897 [INFO]   [Creating]    [13/25] uk.gov.gchq.palisade.util.AbstractResourceBuilder
12:55:20.898 [INFO]   [Creating]    [13/25]   Tests created: 1
12:55:20.898 [INFO]   [Creating]    
================================================================================
= Starting analysis for class 'uk.gov.gchq.palisade.util.FileResourceBuilder'
================================================================================
12:55:20.898 [INFO]   [Creating]    Filtering out non-testable methods...
12:55:20.900 [INFO]   [Creating]    Filtering of methods complete. Creating analysis request
12:55:20.900 [INFO]   [Creating]    Attempting to get service client, retry 1.
12:55:21.281 [INFO]   [Creating]        [111/131] uk.gov.gchq.palisade.util.FileResourceBuilder.<init>
12:55:21.281 [INFO]   [Creating]        [112/131] uk.gov.gchq.palisade.util.FileResourceBuilder.build
12:55:21.281 [INFO]   [Creating]        [112/131]   Tests created: 1
12:55:21.338 [INFO]   [Creating]        [113/131] uk.gov.gchq.palisade.util.FileResourceBuilder.accepts
12:55:21.338 [INFO]   [Creating]        [113/131]   Tests created: 1
12:55:21.339 [INFO]   [Creating]    [14/25] uk.gov.gchq.palisade.util.FileResourceBuilder
12:55:21.339 [INFO]   [Creating]    [14/25]   Tests created: 2
12:55:21.339 [INFO]   [Creating]    
================================================================================
= Starting analysis for class 'uk.gov.gchq.palisade.util.RulesUtil'
================================================================================
12:55:21.339 [INFO]   [Creating]    Filtering out non-testable methods...
12:55:21.341 [INFO]   [Creating]    Filtering of methods complete. Creating analysis request
12:55:21.341 [INFO]   [Creating]    Attempting to get service client, retry 1.
12:55:25.939 [INFO]   [Creating]        [114/131] uk.gov.gchq.palisade.util.RulesUtil.applyRulesToItem
12:55:25.939 [INFO]   [Creating]        [114/131]   R005: Unable to load class
12:55:25.939 [INFO]   [Creating]        [114/131]     Class: akka.actor.CoordinatedShutdown$ActorSystemTerminateReason
12:55:25.939 [INFO]   [Creating]        [114/131]     Please check that the class is available on your test runtime classpath.
12:55:25.939 [INFO]   [Creating]        [114/131]     See https://diff.blue/R005 to resolve this issue.
12:55:34.101 [INFO]   [Creating]        [115/131] uk.gov.gchq.palisade.util.RulesUtil.applyRulesToStream
12:55:34.101 [INFO]   [Creating]        [115/131]   Tests created: 3
12:55:34.102 [INFO]   [Creating]    [15/25] uk.gov.gchq.palisade.util.RulesUtil
12:55:34.102 [INFO]   [Creating]    [15/25]   Tests created: 3
12:55:34.103 [INFO]   [Creating]    
================================================================================
= Starting analysis for class 'uk.gov.gchq.palisade.util.UriBuilder'
================================================================================
12:55:34.103 [INFO]   [Creating]    Filtering out non-testable methods...
12:55:34.107 [INFO]   [Creating]    Filtering of methods complete. Creating analysis request
12:55:34.107 [INFO]   [Creating]    Attempting to get service client, retry 1.
12:55:34.601 [INFO]   [Creating]        [116/131] uk.gov.gchq.palisade.util.UriBuilder.getBaseUri
12:55:34.601 [INFO]   [Creating]        [116/131]   Tests created: 1
12:55:35.330 [INFO]   [Creating]        [117/131] uk.gov.gchq.palisade.util.UriBuilder.<init>
12:55:35.330 [INFO]   [Creating]        [117/131]   Tests created: 1
12:55:36.744 [INFO]   [Creating]        [118/131] uk.gov.gchq.palisade.util.UriBuilder.create
12:55:36.744 [INFO]   [Creating]        [118/131]   Diffblue AI was unable to find a test
12:55:36.747 [INFO]   [Creating]        [119/131] uk.gov.gchq.palisade.util.UriBuilder.create
12:55:36.747 [INFO]   [Creating]        [119/131]   Diffblue AI was unable to find a test
12:55:36.748 [INFO]   [Creating]    [16/25] uk.gov.gchq.palisade.util.UriBuilder
12:55:36.748 [INFO]   [Creating]    [16/25]   Tests created: 2
12:55:36.749 [INFO]   [Creating]    
================================================================================
= Starting analysis for class 'uk.gov.gchq.palisade.util.UriBuilder$AuthorityBuilder'
================================================================================
12:55:36.749 [INFO]   [Creating]    Filtering out non-testable methods...
12:55:36.751 [INFO]   [Creating]    Filtering of methods complete. Creating analysis request
12:55:36.751 [INFO]   [Creating]    Attempting to get service client, retry 1.
12:55:37.019 [INFO]   [Creating]        [120/131] uk.gov.gchq.palisade.util.UriBuilder$AuthorityBuilder.getBaseUri
12:55:37.019 [INFO]   [Creating]        [120/131]   Tests created: 1
12:55:37.457 [INFO]   [Creating]        [121/131] uk.gov.gchq.palisade.util.UriBuilder$AuthorityBuilder.<init>
12:55:37.457 [INFO]   [Creating]        [121/131]   Tests created: 1
12:55:38.609 [INFO]   [Creating]        [122/131] uk.gov.gchq.palisade.util.UriBuilder$AuthorityBuilder.create
12:55:38.609 [INFO]   [Creating]        [122/131]   Diffblue AI was unable to find a test
12:55:38.611 [INFO]   [Creating]        [123/131] uk.gov.gchq.palisade.util.UriBuilder$AuthorityBuilder.create
12:55:38.611 [INFO]   [Creating]        [123/131]   Diffblue AI was unable to find a test
12:55:38.612 [INFO]   [Creating]    [17/25] uk.gov.gchq.palisade.util.UriBuilder$AuthorityBuilder
12:55:38.612 [INFO]   [Creating]    [17/25]   Tests created: 2
12:55:38.613 [INFO]   [Creating]    
================================================================================
= Starting analysis for class 'uk.gov.gchq.palisade.util.UriBuilder$AuthorityBuilder$IHost'
================================================================================
12:55:38.613 [INFO]   [Creating]    Filtering out non-testable methods...
12:55:38.615 [INFO]   [Creating]        [124/131] uk.gov.gchq.palisade.util.UriBuilder$AuthorityBuilder$IHost.withoutHost
12:55:38.615 [INFO]   [Creating]        [124/131]   T009: No implementation for abstract class
12:55:38.615 [INFO]   [Creating]        [124/131]     The method is a non-abstract instance method in an abstract class or
12:55:38.615 [INFO]   [Creating]        [124/131]     a default method in an interface. Diffblue Cover would test such methods
12:55:38.615 [INFO]   [Creating]        [124/131]     by using an implementation of that abstract class or interface. However,
12:55:38.615 [INFO]   [Creating]        [124/131]     no such implementation has been found.
12:55:38.615 [INFO]   [Creating]        [124/131]     Please provide an implementation for the abstract class or interface.
12:55:38.615 [INFO]   [Creating]        [124/131]     See https://diff.blue/T009 to resolve this issue.
12:55:38.616 [INFO]   [Creating]    [18/25] uk.gov.gchq.palisade.util.UriBuilder$AuthorityBuilder$IHost
12:55:38.616 [INFO]   [Creating]    [18/25]   Tests created: 0
12:55:38.616 [INFO]   [Creating]    No testable methods
12:55:38.616 [INFO]   [Creating]    
================================================================================
= Starting analysis for class 'uk.gov.gchq.palisade.util.UriBuilder$AuthorityBuilder$IPort'
================================================================================
12:55:38.616 [INFO]   [Creating]    Filtering out non-testable methods...
12:55:38.618 [INFO]   [Creating]        [125/131] uk.gov.gchq.palisade.util.UriBuilder$AuthorityBuilder$IPort.withoutPort
12:55:38.618 [INFO]   [Creating]        [125/131]   T009: No implementation for abstract class
12:55:38.618 [INFO]   [Creating]        [125/131]     The method is a non-abstract instance method in an abstract class or
12:55:38.618 [INFO]   [Creating]        [125/131]     a default method in an interface. Diffblue Cover would test such methods
12:55:38.618 [INFO]   [Creating]        [125/131]     by using an implementation of that abstract class or interface. However,
12:55:38.618 [INFO]   [Creating]        [125/131]     no such implementation has been found.
12:55:38.618 [INFO]   [Creating]        [125/131]     Please provide an implementation for the abstract class or interface.
12:55:38.618 [INFO]   [Creating]        [125/131]     See https://diff.blue/T009 to resolve this issue.
12:55:38.618 [INFO]   [Creating]    [19/25] uk.gov.gchq.palisade.util.UriBuilder$AuthorityBuilder$IPort
12:55:38.618 [INFO]   [Creating]    [19/25]   Tests created: 0
12:55:38.618 [INFO]   [Creating]    No testable methods
12:55:38.618 [INFO]   [Creating]    
================================================================================
= Starting analysis for class 'uk.gov.gchq.palisade.util.UriBuilder$AuthorityBuilder$IUserInfo'
================================================================================
12:55:38.618 [INFO]   [Creating]    Filtering out non-testable methods...
12:55:38.621 [INFO]   [Creating]        [126/131] uk.gov.gchq.palisade.util.UriBuilder$AuthorityBuilder$IUserInfo.withoutUserInfo
12:55:38.621 [INFO]   [Creating]        [126/131]   T009: No implementation for abstract class
12:55:38.621 [INFO]   [Creating]        [126/131]     The method is a non-abstract instance method in an abstract class or
12:55:38.621 [INFO]   [Creating]        [126/131]     a default method in an interface. Diffblue Cover would test such methods
12:55:38.621 [INFO]   [Creating]        [126/131]     by using an implementation of that abstract class or interface. However,
12:55:38.621 [INFO]   [Creating]        [126/131]     no such implementation has been found.
12:55:38.621 [INFO]   [Creating]        [126/131]     Please provide an implementation for the abstract class or interface.
12:55:38.621 [INFO]   [Creating]        [126/131]     See https://diff.blue/T009 to resolve this issue.
12:55:38.621 [INFO]   [Creating]    [20/25] uk.gov.gchq.palisade.util.UriBuilder$AuthorityBuilder$IUserInfo
12:55:38.621 [INFO]   [Creating]    [20/25]   Tests created: 0
12:55:38.621 [INFO]   [Creating]    No testable methods
12:55:38.621 [INFO]   [Creating]    
================================================================================
= Starting analysis for class 'uk.gov.gchq.palisade.util.UriBuilder$IAuthority'
================================================================================
12:55:38.621 [INFO]   [Creating]    Filtering out non-testable methods...
12:55:38.622 [INFO]   [Creating]        [127/131] uk.gov.gchq.palisade.util.UriBuilder$IAuthority.withoutAuthority
12:55:38.622 [INFO]   [Creating]        [127/131]   T009: No implementation for abstract class
12:55:38.622 [INFO]   [Creating]        [127/131]     The method is a non-abstract instance method in an abstract class or
12:55:38.622 [INFO]   [Creating]        [127/131]     a default method in an interface. Diffblue Cover would test such methods
12:55:38.622 [INFO]   [Creating]        [127/131]     by using an implementation of that abstract class or interface. However,
12:55:38.622 [INFO]   [Creating]        [127/131]     no such implementation has been found.
12:55:38.622 [INFO]   [Creating]        [127/131]     Please provide an implementation for the abstract class or interface.
12:55:38.622 [INFO]   [Creating]        [127/131]     See https://diff.blue/T009 to resolve this issue.
12:55:38.623 [INFO]   [Creating]    [21/25] uk.gov.gchq.palisade.util.UriBuilder$IAuthority
12:55:38.623 [INFO]   [Creating]    [21/25]   Tests created: 0
12:55:38.623 [INFO]   [Creating]    No testable methods
12:55:38.623 [INFO]   [Creating]    
================================================================================
= Starting analysis for class 'uk.gov.gchq.palisade.util.UriBuilder$IFragment'
================================================================================
12:55:38.623 [INFO]   [Creating]    Filtering out non-testable methods...
12:55:38.624 [INFO]   [Creating]        [128/131] uk.gov.gchq.palisade.util.UriBuilder$IFragment.withoutFragment
12:55:38.624 [INFO]   [Creating]        [128/131]   T009: No implementation for abstract class
12:55:38.624 [INFO]   [Creating]        [128/131]     The method is a non-abstract instance method in an abstract class or
12:55:38.624 [INFO]   [Creating]        [128/131]     a default method in an interface. Diffblue Cover would test such methods
12:55:38.624 [INFO]   [Creating]        [128/131]     by using an implementation of that abstract class or interface. However,
12:55:38.624 [INFO]   [Creating]        [128/131]     no such implementation has been found.
12:55:38.624 [INFO]   [Creating]        [128/131]     Please provide an implementation for the abstract class or interface.
12:55:38.624 [INFO]   [Creating]        [128/131]     See https://diff.blue/T009 to resolve this issue.
12:55:38.624 [INFO]   [Creating]    [22/25] uk.gov.gchq.palisade.util.UriBuilder$IFragment
12:55:38.624 [INFO]   [Creating]    [22/25]   Tests created: 0
12:55:38.624 [INFO]   [Creating]    No testable methods
12:55:38.624 [INFO]   [Creating]    
================================================================================
= Starting analysis for class 'uk.gov.gchq.palisade.util.UriBuilder$IPath'
================================================================================
12:55:38.625 [INFO]   [Creating]    Filtering out non-testable methods...
12:55:38.626 [INFO]   [Creating]        [129/131] uk.gov.gchq.palisade.util.UriBuilder$IPath.withoutPath
12:55:38.626 [INFO]   [Creating]        [129/131]   T009: No implementation for abstract class
12:55:38.626 [INFO]   [Creating]        [129/131]     The method is a non-abstract instance method in an abstract class or
12:55:38.626 [INFO]   [Creating]        [129/131]     a default method in an interface. Diffblue Cover would test such methods
12:55:38.626 [INFO]   [Creating]        [129/131]     by using an implementation of that abstract class or interface. However,
12:55:38.626 [INFO]   [Creating]        [129/131]     no such implementation has been found.
12:55:38.626 [INFO]   [Creating]        [129/131]     Please provide an implementation for the abstract class or interface.
12:55:38.626 [INFO]   [Creating]        [129/131]     See https://diff.blue/T009 to resolve this issue.
12:55:38.626 [INFO]   [Creating]    [23/25] uk.gov.gchq.palisade.util.UriBuilder$IPath
12:55:38.626 [INFO]   [Creating]    [23/25]   Tests created: 0
12:55:38.626 [INFO]   [Creating]    No testable methods
12:55:38.626 [INFO]   [Creating]    
================================================================================
= Starting analysis for class 'uk.gov.gchq.palisade.util.UriBuilder$IQuery'
================================================================================
12:55:38.626 [INFO]   [Creating]    Filtering out non-testable methods...
12:55:38.628 [INFO]   [Creating]        [130/131] uk.gov.gchq.palisade.util.UriBuilder$IQuery.withoutQuery
12:55:38.628 [INFO]   [Creating]        [130/131]   T009: No implementation for abstract class
12:55:38.628 [INFO]   [Creating]        [130/131]     The method is a non-abstract instance method in an abstract class or
12:55:38.628 [INFO]   [Creating]        [130/131]     a default method in an interface. Diffblue Cover would test such methods
12:55:38.628 [INFO]   [Creating]        [130/131]     by using an implementation of that abstract class or interface. However,
12:55:38.628 [INFO]   [Creating]        [130/131]     no such implementation has been found.
12:55:38.628 [INFO]   [Creating]        [130/131]     Please provide an implementation for the abstract class or interface.
12:55:38.628 [INFO]   [Creating]        [130/131]     See https://diff.blue/T009 to resolve this issue.
12:55:38.628 [INFO]   [Creating]    [24/25] uk.gov.gchq.palisade.util.UriBuilder$IQuery
12:55:38.628 [INFO]   [Creating]    [24/25]   Tests created: 0
12:55:38.628 [INFO]   [Creating]    No testable methods
12:55:38.628 [INFO]   [Creating]    
================================================================================
= Starting analysis for class 'uk.gov.gchq.palisade.util.UriBuilder$IScheme'
================================================================================
12:55:38.628 [INFO]   [Creating]    Filtering out non-testable methods...
12:55:38.629 [INFO]   [Creating]        [131/131] uk.gov.gchq.palisade.util.UriBuilder$IScheme.withoutScheme
12:55:38.629 [INFO]   [Creating]        [131/131]   T009: No implementation for abstract class
12:55:38.629 [INFO]   [Creating]        [131/131]     The method is a non-abstract instance method in an abstract class or
12:55:38.629 [INFO]   [Creating]        [131/131]     a default method in an interface. Diffblue Cover would test such methods
12:55:38.629 [INFO]   [Creating]        [131/131]     by using an implementation of that abstract class or interface. However,
12:55:38.629 [INFO]   [Creating]        [131/131]     no such implementation has been found.
12:55:38.629 [INFO]   [Creating]        [131/131]     Please provide an implementation for the abstract class or interface.
12:55:38.629 [INFO]   [Creating]        [131/131]     See https://diff.blue/T009 to resolve this issue.
12:55:38.629 [INFO]   [Creating]    [25/25] uk.gov.gchq.palisade.util.UriBuilder$IScheme
12:55:38.630 [INFO]   [Creating]    [25/25]   Tests created: 0
12:55:38.630 [INFO]   [Creating]    No testable methods
12:55:38.636 [INFO]   [Reporting]   
12:55:38.636 [INFO]   [Reporting]   Test creation summary for module: uk.gov.gchq.palisade:common
12:55:38.636 [INFO]   [Reporting]   -------------------------------------------------------------
12:55:38.636 [INFO]   [Reporting]   Total:                                             131 methods
12:55:38.636 [INFO]   [Reporting]   47 tests created for:                               34 methods
12:55:38.636 [INFO]   [Reporting]   
12:55:38.636 [INFO]   [Reporting]   Not unit-testable:                                  11 methods
12:55:38.636 [INFO]   [Reporting]      11 T009: No implementation for abstract class
12:55:38.636 [INFO]   [Reporting]   No tests created for:                               10 methods
12:55:38.637 [INFO]   [Reporting]       2 R013: No inputs found that don't throw a trivial exception
12:55:38.637 [INFO]   [Reporting]       1 R005: Unable to load class
12:55:38.637 [INFO]   [Reporting]   Could not find the following classes - please check your classpath
12:55:38.637 [INFO]   [Reporting]   akka.actor.CoordinatedShutdown$ActorSystemTerminateReason
12:55:38.780 [INFO]   [Validating]  
12:55:38.780 [INFO]   [Validating]  Running validation command.
12:55:38.780 [INFO]   [Validating]  Using default build rules as no custom rules found in any of [/home/jbergqvist/diffblue/Palisade-common]
12:55:38.781 [INFO]   [Validating]  Attempting to invoke mvnw in working directory: /home/jbergqvist/diffblue/Palisade-common
12:55:38.781 [INFO]   [Validating]  Attempting to invoke /home/jbergqvist/.sdkman/candidates/maven/current/bin/mvn in working directory: /home/jbergqvist/diffblue/Palisade-common
12:55:38.782 [INFO]   [Validating]  Started "/home/jbergqvist/.sdkman/candidates/maven/current/bin/mvn -Dmaven.ext.class.path=/opt/cover/cover-buildsystem-maven-spy-jar-with-dependencies.jar -Dcom.diffblue.cover.skipTests=true -DskipTestOptimizer --batch-mode --projects=uk.gov.gchq.palisade:common --global-settings=/home/jbergqvist/.sdkman/candidates/maven/current/conf/settings.xml org.apache.maven.plugins:maven-checkstyle-plugin:check -Dcheckstyle.failOnViolation=false validate --also-make"
12:55:39.555 [INFO]   [Validating]  out: [INFO] Scanning for projects...
12:55:39.658 [INFO]   [Validating]  out: [INFO] 
12:55:39.658 [INFO]   [Validating]  out: [INFO] --------------------< uk.gov.gchq.palisade:common >---------------------
12:55:39.658 [INFO]   [Validating]  out: [INFO] Building GCHQ Palisade Common Library 0.5.2-SNAPSHOT
12:55:39.658 [INFO]   [Validating]  out: [INFO]   from pom.xml
12:55:39.658 [INFO]   [Validating]  out: [INFO] --------------------------------[ jar ]---------------------------------
12:55:39.773 [INFO]   [Validating]  deserializing line [DIFFBLUE]{"__type":"com.diffblue.cover.buildsystem.model.DefaultEventMessage","project":"uk.gov.gchq.palisade:common","goal":"check","cause":null,"state":"STARTED"}
12:55:39.778 [INFO]   [Validating]  out: [INFO] 
12:55:39.778 [INFO]   [Validating]  out: [INFO] --- checkstyle:3.1.0:check (default-cli) @ common ---
12:55:40.588 [INFO]   [Validating]  out: [INFO] Starting audit...
12:55:40.588 [INFO]   [Validating]  out: Audit done.
12:55:40.595 [INFO]   [Validating]  deserializing line [DIFFBLUE]{"__type":"com.diffblue.cover.buildsystem.model.DefaultEventMessage","project":"uk.gov.gchq.palisade:common","goal":"check","cause":null,"state":"SUCCESS"}
12:55:40.619 [INFO]   [Validating]  deserializing line [DIFFBLUE]{"__type":"com.diffblue.cover.buildsystem.model.DefaultProjectModuleMessage","project":{"__type":"DefaultProjectModule","junitReport":["/home/jbergqvist/diffblue/Palisade-common/target/surefire-reports"],"jacocoReport":["/home/jbergqvist/diffblue/Palisade-common/target/site/jacoco/jacoco.xml"],"jacocoDestFile":["${sonar.jacoco.reportPath}","/home/jbergqvist/diffblue/Palisade-common/target/jacoco.exec"],"jacocoFormats":["xml"],"jacocoSkipped":false,"classpath":["/home/jbergqvist/diffblue/Palisade-common/target/classes"],"complianceLevel":"11","productionSources":["/home/jbergqvist/diffblue/Palisade-common/src/main/java"],"testSources":["/home/jbergqvist/diffblue/Palisade-common/src/test/java"],"productionClasses":"/home/jbergqvist/diffblue/Palisade-common/target/classes","testClasses":"/home/jbergqvist/diffblue/Palisade-common/target/test-classes","sourceToBuildPathMap":null,"testSourceToBuildPathMap":null,"buildDirectory":"/home/jbergqvist/diffblue/Palisade-common/target","plugins":[{"__type":"DefaultPlugin","groupId":"org.apache.maven.plugins","artefactId":"maven-compiler-plugin","version":"3.8.0","pluginClassName":null},{"__type":"DefaultPlugin","groupId":"org.apache.maven.plugins","artefactId":"maven-javadoc-plugin","version":"3.1.0","pluginClassName":null},{"__type":"DefaultPlugin","groupId":"org.apache.maven.plugins","artefactId":"maven-dependency-plugin","version":"3.1.2","pluginClassName":null},{"__type":"DefaultPlugin","groupId":"org.codehaus.mojo","artefactId":"flatten-maven-plugin","version":"1.1.0","pluginClassName":null},{"__type":"DefaultPlugin","groupId":"org.codehaus.mojo","artefactId":"license-maven-plugin","version":"2.0.0","pluginClassName":null},{"__type":"DefaultPlugin","groupId":"org.jacoco","artefactId":"jacoco-maven-plugin","version":"0.8.5","pluginClassName":null},{"__type":"DefaultPlugin","groupId":"org.apache.maven.plugins","artefactId":"maven-checkstyle-plugin","version":"3.1.0","pluginClassName":null},{"__type":"DefaultPlugin","groupId":"org.apache.maven.plugins","artefactId":"maven-clean-plugin","version":"3.2.0","pluginClassName":null},{"__type":"DefaultPlugin","groupId":"org.apache.maven.plugins","artefactId":"maven-resources-plugin","version":"3.3.1","pluginClassName":null},{"__type":"DefaultPlugin","groupId":"org.apache.maven.plugins","artefactId":"maven-jar-plugin","version":"3.4.1","pluginClassName":null},{"__type":"DefaultPlugin","groupId":"org.apache.maven.plugins","artefactId":"maven-surefire-plugin","version":"3.2.5","pluginClassName":null},{"__type":"DefaultPlugin","groupId":"org.apache.maven.plugins","artefactId":"maven-install-plugin","version":"3.1.2","pluginClassName":null},{"__type":"DefaultPlugin","groupId":"org.apache.maven.plugins","artefactId":"maven-deploy-plugin","version":"3.1.2","pluginClassName":null},{"__type":"DefaultPlugin","groupId":"org.apache.maven.plugins","artefactId":"maven-site-plugin","version":"3.12.1","pluginClassName":null}],"version":"3.9.12","encoding":"UTF-8","name":"maven","subModules":[],"simpleModuleName":null,"parentModuleName":null,"location":"/home/jbergqvist/diffblue/Palisade-common","fullModuleName":"uk.gov.gchq.palisade:common"}}
12:55:40.623 [INFO]   [Validating]  out: [INFO] ------------------------------------------------------------------------
12:55:40.623 [INFO]   [Validating]  out: [INFO] BUILD SUCCESS
12:55:40.623 [INFO]   [Validating]  out: [INFO] ------------------------------------------------------------------------
12:55:40.623 [INFO]   [Validating]  out: [INFO] Total time:  1.080 s
12:55:40.623 [INFO]   [Validating]  out: [INFO] Finished at: 2026-01-12T12:55:40Z
12:55:40.623 [INFO]   [Validating]  out: [INFO] ------------------------------------------------------------------------
12:55:40.623 [INFO]   [Validating]  deserializing line [DIFFBLUE]{"__type":"com.diffblue.cover.buildsystem.model.ProjectInfoMessage","projectName":"uk.gov.gchq.palisade:common","productionSources":["/home/jbergqvist/diffblue/Palisade-common/src/main/java"],"testSources":["/home/jbergqvist/diffblue/Palisade-common/src/test/java"],"location":"/home/jbergqvist/diffblue/Palisade-common"}
12:55:40.657 [INFO]   [Validating]  maven:err process not stopped, joining thread
12:55:40.657 [INFO]   [Validating]  maven:out process not stopped, joining thread
12:55:40.658 [INFO]   [Validating]  This can take a couple of minutes.
12:55:40.658 [INFO]   [Validating]  Using default build rules as no custom rules found in any of [/home/jbergqvist/diffblue/Palisade-common]
12:55:40.659 [INFO]   [Validating]  Attempting to invoke mvnw in working directory: /home/jbergqvist/diffblue/Palisade-common
12:55:40.659 [INFO]   [Validating]  Attempting to invoke /home/jbergqvist/.sdkman/candidates/maven/current/bin/mvn in working directory: /home/jbergqvist/diffblue/Palisade-common
12:55:40.660 [INFO]   [Validating]  Started "/home/jbergqvist/.sdkman/candidates/maven/current/bin/mvn -Dmaven.ext.class.path=/opt/cover/cover-buildsystem-maven-spy-jar-with-dependencies.jar -Dcom.diffblue.cover.skipTests=true -DskipTestOptimizer --batch-mode --projects=uk.gov.gchq.palisade:common --global-settings=/home/jbergqvist/.sdkman/candidates/maven/current/conf/settings.xml org.apache.maven.plugins:maven-checkstyle-plugin:check -Dcheckstyle.failOnViolation=false clean test"
12:55:41.500 [INFO]   [Validating]  out: [INFO] Scanning for projects...
12:55:41.617 [INFO]   [Validating]  out: [INFO] 
12:55:41.618 [INFO]   [Validating]  out: [INFO] --------------------< uk.gov.gchq.palisade:common >---------------------
12:55:41.618 [INFO]   [Validating]  out: [INFO] Building GCHQ Palisade Common Library 0.5.2-SNAPSHOT
12:55:41.618 [INFO]   [Validating]  out: [INFO]   from pom.xml
12:55:41.618 [INFO]   [Validating]  out: [INFO] --------------------------------[ jar ]---------------------------------
12:55:41.927 [INFO]   [Validating]  deserializing line [DIFFBLUE]{"__type":"com.diffblue.cover.buildsystem.model.DefaultEventMessage","project":"uk.gov.gchq.palisade:common","goal":"check","cause":null,"state":"STARTED"}
12:55:41.928 [INFO]   [Validating]  out: [INFO] 
12:55:41.928 [INFO]   [Validating]  out: [INFO] --- checkstyle:3.1.0:check (default-cli) @ common ---
12:55:42.625 [INFO]   [Validating]  out: [INFO] Starting audit...
12:55:42.625 [INFO]   [Validating]  out: Audit done.
12:55:42.631 [INFO]   [Validating]  deserializing line [DIFFBLUE]{"__type":"com.diffblue.cover.buildsystem.model.DefaultEventMessage","project":"uk.gov.gchq.palisade:common","goal":"check","cause":null,"state":"SUCCESS"}
12:55:42.633 [INFO]   [Validating]  deserializing line [DIFFBLUE]{"__type":"com.diffblue.cover.buildsystem.model.DefaultEventMessage","project":"uk.gov.gchq.palisade:common","goal":"clean","cause":null,"state":"STARTED"}
12:55:42.634 [INFO]   [Validating]  out: [INFO] 
12:55:42.634 [INFO]   [Validating]  out: [INFO] --- clean:3.2.0:clean (default-clean) @ common ---
12:55:42.657 [INFO]   [Validating]  out: [INFO] Deleting /home/jbergqvist/diffblue/Palisade-common/target
12:55:42.670 [INFO]   [Validating]  deserializing line [DIFFBLUE]{"__type":"com.diffblue.cover.buildsystem.model.DefaultEventMessage","project":"uk.gov.gchq.palisade:common","goal":"clean","cause":null,"state":"SUCCESS"}
12:55:42.671 [INFO]   [Validating]  deserializing line [DIFFBLUE]{"__type":"com.diffblue.cover.buildsystem.model.DefaultEventMessage","project":"uk.gov.gchq.palisade:common","goal":"clean","cause":null,"state":"STARTED"}
12:55:42.672 [INFO]   [Validating]  out: [INFO] 
12:55:42.672 [INFO]   [Validating]  out: [INFO] --- flatten:1.1.0:clean (flatten.clean) @ common ---
12:55:42.766 [INFO]   [Validating]  out: [INFO] Deleting /home/jbergqvist/diffblue/Palisade-common/.flattened-pom.xml
12:55:42.768 [INFO]   [Validating]  deserializing line [DIFFBLUE]{"__type":"com.diffblue.cover.buildsystem.model.DefaultEventMessage","project":"uk.gov.gchq.palisade:common","goal":"clean","cause":null,"state":"SUCCESS"}
12:55:42.770 [INFO]   [Validating]  deserializing line [DIFFBLUE]{"__type":"com.diffblue.cover.buildsystem.model.DefaultEventMessage","project":"uk.gov.gchq.palisade:common","goal":"prepare-agent","cause":null,"state":"STARTED"}
12:55:42.771 [INFO]   [Validating]  out: [INFO] 
12:55:42.771 [INFO]   [Validating]  out: [INFO] --- jacoco:0.8.5:prepare-agent (agent) @ common ---
12:55:42.880 [INFO]   [Validating]  out: [INFO] argLine set to -javaagent:/home/jbergqvist/.m2/repository/org/jacoco/org.jacoco.agent/0.8.5/org.jacoco.agent-0.8.5-runtime.jar=destfile=/home/jbergqvist/diffblue/Palisade-common/target/jacoco.exec,append=true
12:55:42.882 [INFO]   [Validating]  deserializing line [DIFFBLUE]{"__type":"com.diffblue.cover.buildsystem.model.DefaultEventMessage","project":"uk.gov.gchq.palisade:common","goal":"prepare-agent","cause":null,"state":"SUCCESS"}
12:55:42.883 [INFO]   [Validating]  deserializing line [DIFFBLUE]{"__type":"com.diffblue.cover.buildsystem.model.DefaultEventMessage","project":"uk.gov.gchq.palisade:common","goal":"resources","cause":null,"state":"STARTED"}
12:55:42.884 [INFO]   [Validating]  out: [INFO] 
12:55:42.884 [INFO]   [Validating]  out: [INFO] --- resources:3.3.1:resources (default-resources) @ common ---
12:55:42.937 [INFO]   [Validating]  out: [INFO] Copying 1 resource from src/main/resources to target/classes
12:55:42.942 [INFO]   [Validating]  deserializing line [DIFFBLUE]{"__type":"com.diffblue.cover.buildsystem.model.DefaultEventMessage","project":"uk.gov.gchq.palisade:common","goal":"resources","cause":null,"state":"SUCCESS"}
12:55:42.944 [INFO]   [Validating]  deserializing line [DIFFBLUE]{"__type":"com.diffblue.cover.buildsystem.model.DefaultEventMessage","project":"uk.gov.gchq.palisade:common","goal":"flatten","cause":null,"state":"STARTED"}
12:55:42.944 [INFO]   [Validating]  out: [INFO] 
12:55:42.945 [INFO]   [Validating]  out: [INFO] --- flatten:1.1.0:flatten (flatten) @ common ---
12:55:42.948 [INFO]   [Validating]  out: [INFO] Generating flattened POM of project uk.gov.gchq.palisade:common:jar:0.5.2-SNAPSHOT...
12:55:42.983 [INFO]   [Validating]  deserializing line [DIFFBLUE]{"__type":"com.diffblue.cover.buildsystem.model.DefaultEventMessage","project":"uk.gov.gchq.palisade:common","goal":"flatten","cause":null,"state":"SUCCESS"}
12:55:42.984 [INFO]   [Validating]  deserializing line [DIFFBLUE]{"__type":"com.diffblue.cover.buildsystem.model.DefaultEventMessage","project":"uk.gov.gchq.palisade:common","goal":"compile","cause":null,"state":"STARTED"}
12:55:42.985 [INFO]   [Validating]  out: [INFO] 
12:55:42.985 [INFO]   [Validating]  out: [INFO] --- compiler:3.8.0:compile (default-compile) @ common ---
12:55:43.064 [INFO]   [Validating]  out: [INFO] Changes detected - recompiling the module!
12:55:43.066 [INFO]   [Validating]  out: [INFO] Compiling 22 source files to /home/jbergqvist/diffblue/Palisade-common/target/classes
12:55:43.774 [INFO]   [Validating]  deserializing line [DIFFBLUE]{"__type":"com.diffblue.cover.buildsystem.model.DefaultEventMessage","project":"uk.gov.gchq.palisade:common","goal":"compile","cause":null,"state":"SUCCESS"}
12:55:43.775 [INFO]   [Validating]  deserializing line [DIFFBLUE]{"__type":"com.diffblue.cover.buildsystem.model.DefaultEventMessage","project":"uk.gov.gchq.palisade:common","goal":"javadoc-no-fork","cause":null,"state":"STARTED"}
12:55:43.776 [INFO]   [Validating]  out: [INFO] 
12:55:43.776 [INFO]   [Validating]  out: [INFO] --- javadoc:3.1.0:javadoc-no-fork (javadoc-compile) @ common ---
12:55:45.466 [INFO]   [Validating]  deserializing line [DIFFBLUE]{"__type":"com.diffblue.cover.buildsystem.model.DefaultEventMessage","project":"uk.gov.gchq.palisade:common","goal":"javadoc-no-fork","cause":null,"state":"SUCCESS"}
12:55:45.467 [INFO]   [Validating]  deserializing line [DIFFBLUE]{"__type":"com.diffblue.cover.buildsystem.model.DefaultEventMessage","project":"uk.gov.gchq.palisade:common","goal":"aggregate-no-fork","cause":null,"state":"STARTED"}
12:55:45.468 [INFO]   [Validating]  out: [INFO] 
12:55:45.468 [INFO]   [Validating]  out: [INFO] --- javadoc:3.1.0:aggregate-no-fork (javadoc-compile) @ common ---
12:55:46.920 [INFO]   [Validating]  deserializing line [DIFFBLUE]{"__type":"com.diffblue.cover.buildsystem.model.DefaultEventMessage","project":"uk.gov.gchq.palisade:common","goal":"aggregate-no-fork","cause":null,"state":"SUCCESS"}
12:55:46.921 [INFO]   [Validating]  deserializing line [DIFFBLUE]{"__type":"com.diffblue.cover.buildsystem.model.DefaultEventMessage","project":"uk.gov.gchq.palisade:common","goal":"testResources","cause":null,"state":"STARTED"}
12:55:46.922 [INFO]   [Validating]  out: [INFO] 
12:55:46.922 [INFO]   [Validating]  out: [INFO] --- resources:3.3.1:testResources (default-testResources) @ common ---
12:55:46.923 [INFO]   [Validating]  out: [INFO] skip non existing resourceDirectory /home/jbergqvist/diffblue/Palisade-common/src/test/resources
12:55:46.924 [INFO]   [Validating]  deserializing line [DIFFBLUE]{"__type":"com.diffblue.cover.buildsystem.model.DefaultEventMessage","project":"uk.gov.gchq.palisade:common","goal":"testResources","cause":null,"state":"SUCCESS"}
12:55:46.925 [INFO]   [Validating]  deserializing line [DIFFBLUE]{"__type":"com.diffblue.cover.buildsystem.model.DefaultEventMessage","project":"uk.gov.gchq.palisade:common","goal":"testCompile","cause":null,"state":"STARTED"}
12:55:46.925 [INFO]   [Validating]  out: [INFO] 
12:55:46.925 [INFO]   [Validating]  out: [INFO] --- compiler:3.8.0:testCompile (default-testCompile) @ common ---
12:55:46.930 [INFO]   [Validating]  out: [INFO] Changes detected - recompiling the module!
12:55:46.930 [INFO]   [Validating]  out: [INFO] Compiling 14 source files to /home/jbergqvist/diffblue/Palisade-common/target/test-classes
12:55:47.137 [INFO]   [Validating]  out: [INFO] /home/jbergqvist/diffblue/Palisade-common/src/test/java/uk/gov/gchq/palisade/rule/RulesDiffblueTest.java: Some input files use unchecked or unsafe operations.
12:55:47.137 [INFO]   [Validating]  out: [INFO] /home/jbergqvist/diffblue/Palisade-common/src/test/java/uk/gov/gchq/palisade/rule/RulesDiffblueTest.java: Recompile with -Xlint:unchecked for details.
12:55:47.138 [INFO]   [Validating]  deserializing line [DIFFBLUE]{"__type":"com.diffblue.cover.buildsystem.model.DefaultEventMessage","project":"uk.gov.gchq.palisade:common","goal":"testCompile","cause":null,"state":"SUCCESS"}
12:55:47.139 [INFO]   [Validating]  deserializing line [DIFFBLUE]{"__type":"com.diffblue.cover.buildsystem.model.DefaultEventMessage","project":"uk.gov.gchq.palisade:common","goal":"test","cause":null,"state":"STARTED"}
12:55:47.140 [INFO]   [Validating]  out: [INFO] 
12:55:47.140 [INFO]   [Validating]  out: [INFO] --- surefire:3.2.5:test (default-test) @ common ---
12:55:47.233 [INFO]   [Validating]  out: [INFO] Using auto detected provider org.apache.maven.surefire.junitplatform.JUnitPlatformProvider
12:55:47.264 [INFO]   [Validating]  out: [INFO] 
12:55:47.264 [INFO]   [Validating]  out: [INFO] -------------------------------------------------------
12:55:47.264 [INFO]   [Validating]  out: [INFO]  T E S T S
12:55:47.264 [INFO]   [Validating]  out: [INFO] -------------------------------------------------------
12:55:47.978 [INFO]   [Validating]  out: [INFO] Running uk.gov.gchq.palisade.user.UserIdDiffblueTest
12:55:48.035 [INFO]   [Validating]  out: [INFO] Tests run: 2, Failures: 0, Errors: 0, Skipped: 0, Time elapsed: 0.045 s -- in uk.gov.gchq.palisade.user.UserIdDiffblueTest
12:55:48.035 [INFO]   [Validating]  out: [INFO] Running uk.gov.gchq.palisade.user.UserDiffblueTest
12:55:48.039 [INFO]   [Validating]  out: [INFO] Tests run: 2, Failures: 0, Errors: 0, Skipped: 0, Time elapsed: 0.004 s -- in uk.gov.gchq.palisade.user.UserDiffblueTest
12:55:48.039 [INFO]   [Validating]  out: [INFO] Running uk.gov.gchq.palisade.rule.RulesDiffblueTest
12:55:49.043 [INFO]   [Validating]  out: [INFO] Tests run: 11, Failures: 0, Errors: 0, Skipped: 0, Time elapsed: 1.013 s -- in uk.gov.gchq.palisade.rule.RulesDiffblueTest
12:55:49.044 [INFO]   [Validating]  out: [INFO] Running uk.gov.gchq.palisade.data.serialise.SerialiserDiffblueTest
12:55:49.057 [INFO]   [Validating]  err: SLF4J: Failed to load class "org.slf4j.impl.StaticLoggerBinder".
12:55:49.058 [INFO]   [Validating]  err: SLF4J: Defaulting to no-operation (NOP) logger implementation
12:55:49.058 [INFO]   [Validating]  err: SLF4J: See http://www.slf4j.org/codes.html#StaticLoggerBinder for further details.
12:55:49.075 [INFO]   [Validating]  out: [INFO] Tests run: 3, Failures: 0, Errors: 0, Skipped: 0, Time elapsed: 0.030 s -- in uk.gov.gchq.palisade.data.serialise.SerialiserDiffblueTest
12:55:49.075 [INFO]   [Validating]  out: [INFO] Running uk.gov.gchq.palisade.util.FileResourceBuilderDiffblueTest
12:55:49.084 [INFO]   [Validating]  out: [INFO] Tests run: 2, Failures: 0, Errors: 0, Skipped: 0, Time elapsed: 0.010 s -- in uk.gov.gchq.palisade.util.FileResourceBuilderDiffblueTest
12:55:49.085 [INFO]   [Validating]  out: [INFO] Running uk.gov.gchq.palisade.util.AbstractResourceBuilderDiffblueTest
12:55:49.091 [INFO]   [Validating]  out: [INFO] Tests run: 1, Failures: 0, Errors: 0, Skipped: 0, Time elapsed: 0.005 s -- in uk.gov.gchq.palisade.util.AbstractResourceBuilderDiffblueTest
12:55:49.091 [INFO]   [Validating]  out: [INFO] Running uk.gov.gchq.palisade.util.RulesUtilDiffblueTest
12:55:49.097 [INFO]   [Validating]  out: [INFO] Tests run: 3, Failures: 0, Errors: 0, Skipped: 0, Time elapsed: 0.007 s -- in uk.gov.gchq.palisade.util.RulesUtilDiffblueTest
12:55:49.097 [INFO]   [Validating]  out: [INFO] Running uk.gov.gchq.palisade.util.UriBuilderDiffblueTest
12:55:49.105 [INFO]   [Validating]  out: [INFO] Tests run: 4, Failures: 0, Errors: 0, Skipped: 0, Time elapsed: 0.006 s -- in uk.gov.gchq.palisade.util.UriBuilderDiffblueTest
12:55:49.105 [INFO]   [Validating]  out: [INFO] Running uk.gov.gchq.palisade.ContextDiffblueTest
12:55:49.111 [INFO]   [Validating]  out: [INFO] Tests run: 4, Failures: 0, Errors: 0, Skipped: 0, Time elapsed: 0.005 s -- in uk.gov.gchq.palisade.ContextDiffblueTest
12:55:49.111 [INFO]   [Validating]  out: [INFO] Running uk.gov.gchq.palisade.resource.AbstractResourceDiffblueTest
12:55:49.113 [INFO]   [Validating]  out: [INFO] Tests run: 1, Failures: 0, Errors: 0, Skipped: 0, Time elapsed: 0.002 s -- in uk.gov.gchq.palisade.resource.AbstractResourceDiffblueTest
12:55:49.113 [INFO]   [Validating]  out: [INFO] Running uk.gov.gchq.palisade.resource.impl.SystemResourceDiffblueTest
12:55:49.117 [INFO]   [Validating]  out: [INFO] Tests run: 3, Failures: 0, Errors: 0, Skipped: 0, Time elapsed: 0.004 s -- in uk.gov.gchq.palisade.resource.impl.SystemResourceDiffblueTest
12:55:49.117 [INFO]   [Validating]  out: [INFO] Running uk.gov.gchq.palisade.resource.impl.FileResourceDiffblueTest
12:55:49.154 [INFO]   [Validating]  out: [INFO] Tests run: 7, Failures: 0, Errors: 0, Skipped: 0, Time elapsed: 0.036 s -- in uk.gov.gchq.palisade.resource.impl.FileResourceDiffblueTest
12:55:49.155 [INFO]   [Validating]  out: [INFO] Running uk.gov.gchq.palisade.resource.impl.SimpleConnectionDetailDiffblueTest
12:55:49.158 [INFO]   [Validating]  out: [INFO] Tests run: 1, Failures: 0, Errors: 0, Skipped: 0, Time elapsed: 0.003 s -- in uk.gov.gchq.palisade.resource.impl.SimpleConnectionDetailDiffblueTest
12:55:49.158 [INFO]   [Validating]  out: [INFO] Running uk.gov.gchq.palisade.resource.impl.DirectoryResourceDiffblueTest
12:55:49.161 [INFO]   [Validating]  out: [INFO] Tests run: 3, Failures: 0, Errors: 0, Skipped: 0, Time elapsed: 0.002 s -- in uk.gov.gchq.palisade.resource.impl.DirectoryResourceDiffblueTest
12:55:49.232 [INFO]   [Validating]  out: [INFO] 
12:55:49.232 [INFO]   [Validating]  out: [INFO] Results:
12:55:49.232 [INFO]   [Validating]  out: [INFO] 
12:55:49.232 [INFO]   [Validating]  out: [INFO] Tests run: 47, Failures: 0, Errors: 0, Skipped: 0
12:55:49.232 [INFO]   [Validating]  out: [INFO] 
12:55:49.235 [INFO]   [Validating]  deserializing line [DIFFBLUE]{"__type":"com.diffblue.cover.buildsystem.model.DefaultEventMessage","project":"uk.gov.gchq.palisade:common","goal":"test","cause":null,"state":"SUCCESS"}
12:55:49.256 [INFO]   [Validating]  deserializing line [DIFFBLUE]{"__type":"com.diffblue.cover.buildsystem.model.DefaultProjectModuleMessage","project":{"__type":"DefaultProjectModule","junitReport":["/home/jbergqvist/diffblue/Palisade-common/target/surefire-reports"],"jacocoReport":["/home/jbergqvist/diffblue/Palisade-common/target/site/jacoco/jacoco.xml"],"jacocoDestFile":["${sonar.jacoco.reportPath}","/home/jbergqvist/diffblue/Palisade-common/target/jacoco.exec"],"jacocoFormats":["xml"],"jacocoSkipped":false,"classpath":["/home/jbergqvist/diffblue/Palisade-common/target/classes","/home/jbergqvist/.m2/repository/com/typesafe/akka/akka-stream_2.13/2.6.10/akka-stream_2.13-2.6.10.jar","/home/jbergqvist/.m2/repository/org/scala-lang/scala-library/2.13.3/scala-library-2.13.3.jar","/home/jbergqvist/.m2/repository/com/typesafe/akka/akka-actor_2.13/2.6.10/akka-actor_2.13-2.6.10.jar","/home/jbergqvist/.m2/repository/com/typesafe/config/1.4.0/config-1.4.0.jar","/home/jbergqvist/.m2/repository/org/scala-lang/modules/scala-java8-compat_2.13/0.9.0/scala-java8-compat_2.13-0.9.0.jar","/home/jbergqvist/.m2/repository/com/typesafe/akka/akka-protobuf-v3_2.13/2.6.10/akka-protobuf-v3_2.13-2.6.10.jar","/home/jbergqvist/.m2/repository/org/reactivestreams/reactive-streams/1.0.3/reactive-streams-1.0.3.jar","/home/jbergqvist/.m2/repository/com/typesafe/ssl-config-core_2.13/0.4.2/ssl-config-core_2.13-0.4.2.jar","/home/jbergqvist/.m2/repository/org/scala-lang/modules/scala-parser-combinators_2.13/1.1.2/scala-parser-combinators_2.13-1.1.2.jar","/home/jbergqvist/.m2/repository/org/junit/jupiter/junit-jupiter-engine/5.13.4/junit-jupiter-engine-5.13.4.jar","/home/jbergqvist/.m2/repository/org/junit/platform/junit-platform-engine/1.13.4/junit-platform-engine-1.13.4.jar","/home/jbergqvist/.m2/repository/org/opentest4j/opentest4j/1.3.0/opentest4j-1.3.0.jar","/home/jbergqvist/.m2/repository/org/junit/platform/junit-platform-commons/1.13.4/junit-platform-commons-1.13.4.jar","/home/jbergqvist/.m2/repository/org/junit/jupiter/junit-jupiter-api/5.13.4/junit-jupiter-api-5.13.4.jar","/home/jbergqvist/.m2/repository/org/apiguardian/apiguardian-api/1.1.2/apiguardian-api-1.1.2.jar","/home/jbergqvist/.m2/repository/org/mockito/mockito-core/5.20.0/mockito-core-5.20.0.jar","/home/jbergqvist/.m2/repository/net/bytebuddy/byte-buddy/1.17.7/byte-buddy-1.17.7.jar","/home/jbergqvist/.m2/repository/net/bytebuddy/byte-buddy-agent/1.17.7/byte-buddy-agent-1.17.7.jar","/home/jbergqvist/.m2/repository/org/objenesis/objenesis/3.3/objenesis-3.3.jar","/home/jbergqvist/.m2/repository/org/mockito/mockito-junit-jupiter/5.20.0/mockito-junit-jupiter-5.20.0.jar","/home/jbergqvist/.m2/repository/com/fasterxml/jackson/core/jackson-databind/2.11.0/jackson-databind-2.11.0.jar","/home/jbergqvist/.m2/repository/com/fasterxml/jackson/core/jackson-annotations/2.11.0/jackson-annotations-2.11.0.jar","/home/jbergqvist/.m2/repository/com/fasterxml/jackson/core/jackson-core/2.11.0/jackson-core-2.11.0.jar","/home/jbergqvist/.m2/repository/org/slf4j/slf4j-api/1.7.25/slf4j-api-1.7.25.jar","/home/jbergqvist/.m2/repository/com/diffblue/cover/cover-annotations/1.8.0/cover-annotations-1.8.0.jar"],"complianceLevel":"11","productionSources":["/home/jbergqvist/diffblue/Palisade-common/src/main/java"],"testSources":["/home/jbergqvist/diffblue/Palisade-common/src/test/java"],"productionClasses":"/home/jbergqvist/diffblue/Palisade-common/target/classes","testClasses":"/home/jbergqvist/diffblue/Palisade-common/target/test-classes","sourceToBuildPathMap":null,"testSourceToBuildPathMap":null,"buildDirectory":"/home/jbergqvist/diffblue/Palisade-common/target","plugins":[{"__type":"DefaultPlugin","groupId":"org.apache.maven.plugins","artefactId":"maven-compiler-plugin","version":"3.8.0","pluginClassName":null},{"__type":"DefaultPlugin","groupId":"org.apache.maven.plugins","artefactId":"maven-javadoc-plugin","version":"3.1.0","pluginClassName":null},{"__type":"DefaultPlugin","groupId":"org.apache.maven.plugins","artefactId":"maven-dependency-plugin","version":"3.1.2","pluginClassName":null},{"__type":"DefaultPlugin","groupId":"org.codehaus.mojo","artefactId":"flatten-maven-plugin","version":"1.1.0","pluginClassName":null},{"__type":"DefaultPlugin","groupId":"org.codehaus.mojo","artefactId":"license-maven-plugin","version":"2.0.0","pluginClassName":null},{"__type":"DefaultPlugin","groupId":"org.jacoco","artefactId":"jacoco-maven-plugin","version":"0.8.5","pluginClassName":null},{"__type":"DefaultPlugin","groupId":"org.apache.maven.plugins","artefactId":"maven-checkstyle-plugin","version":"3.1.0","pluginClassName":null},{"__type":"DefaultPlugin","groupId":"org.apache.maven.plugins","artefactId":"maven-clean-plugin","version":"3.2.0","pluginClassName":null},{"__type":"DefaultPlugin","groupId":"org.apache.maven.plugins","artefactId":"maven-resources-plugin","version":"3.3.1","pluginClassName":null},{"__type":"DefaultPlugin","groupId":"org.apache.maven.plugins","artefactId":"maven-jar-plugin","version":"3.4.1","pluginClassName":null},{"__type":"DefaultPlugin","groupId":"org.apache.maven.plugins","artefactId":"maven-surefire-plugin","version":"3.2.5","pluginClassName":null},{"__type":"DefaultPlugin","groupId":"org.apache.maven.plugins","artefactId":"maven-install-plugin","version":"3.1.2","pluginClassName":null},{"__type":"DefaultPlugin","groupId":"org.apache.maven.plugins","artefactId":"maven-deploy-plugin","version":"3.1.2","pluginClassName":null},{"__type":"DefaultPlugin","groupId":"org.apache.maven.plugins","artefactId":"maven-site-plugin","version":"3.12.1","pluginClassName":null}],"version":"3.9.12","encoding":"UTF-8","name":"maven","subModules":[],"simpleModuleName":null,"parentModuleName":null,"location":"/home/jbergqvist/diffblue/Palisade-common","fullModuleName":"uk.gov.gchq.palisade:common"}}
12:55:49.259 [INFO]   [Validating]  out: [INFO] ------------------------------------------------------------------------
12:55:49.259 [INFO]   [Validating]  out: [INFO] BUILD SUCCESS
12:55:49.259 [INFO]   [Validating]  out: [INFO] ------------------------------------------------------------------------
12:55:49.259 [INFO]   [Validating]  out: [INFO] Total time:  7.774 s
12:55:49.259 [INFO]   [Validating]  out: [INFO] Finished at: 2026-01-12T12:55:49Z
12:55:49.259 [INFO]   [Validating]  out: [INFO] ------------------------------------------------------------------------
12:55:49.260 [INFO]   [Validating]  deserializing line [DIFFBLUE]{"__type":"com.diffblue.cover.buildsystem.model.ProjectInfoMessage","projectName":"uk.gov.gchq.palisade:common","productionSources":["/home/jbergqvist/diffblue/Palisade-common/src/main/java","/home/jbergqvist/diffblue/Palisade-common/target/generated-sources/annotations"],"testSources":["/home/jbergqvist/diffblue/Palisade-common/src/test/java","/home/jbergqvist/diffblue/Palisade-common/target/generated-test-sources/test-annotations"],"location":"/home/jbergqvist/diffblue/Palisade-common"}
12:55:49.305 [INFO]   [Validating]  maven:err process not stopped, joining thread
12:55:49.305 [INFO]   [Validating]  maven:out process not stopped, joining thread
12:55:49.364 [INFO]   [Validating]  All 47 created tests were successfully validated.
12:55:49.381 [INFO]   [Measuring]   Calculating coverage from Diffblue tests.
12:55:49.383 [INFO]   [Measuring]   Using default build rules as no custom rules found in any of [/home/jbergqvist/diffblue/Palisade-common]
12:55:49.383 [INFO]   [Measuring]   Using default build rules as no custom rules found in any of [/home/jbergqvist/diffblue/Palisade-common]
12:55:49.383 [INFO]   [Measuring]   Attempting to invoke mvnw in working directory: /home/jbergqvist/diffblue/Palisade-common
12:55:49.384 [INFO]   [Measuring]   Attempting to invoke /home/jbergqvist/.sdkman/candidates/maven/current/bin/mvn in working directory: /home/jbergqvist/diffblue/Palisade-common
12:55:49.384 [INFO]   [Measuring]   Started "/home/jbergqvist/.sdkman/candidates/maven/current/bin/mvn -Dmaven.ext.class.path=/opt/cover/cover-buildsystem-maven-spy-jar-with-dependencies.jar -Dcom.diffblue.cover.skipTests=true -DskipTestOptimizer --batch-mode --projects=uk.gov.gchq.palisade:common --global-settings=/home/jbergqvist/.sdkman/candidates/maven/current/conf/settings.xml org.apache.maven.plugins:maven-checkstyle-plugin:check -Dcheckstyle.failOnViolation=false org.jacoco:jacoco-maven-plugin:0.8.5:prepare-agent -Djacoco.skip=false test -DfailIfNoTests=false -Dsurefire.failIfNoSpecifiedTests=false -Dmaven.test.failure.ignore=True -Dtest=*DiffblueTest org.jacoco:jacoco-maven-plugin:0.8.5:report -Djacoco.skip=false"
12:55:50.162 [INFO]   [Measuring]   out: [INFO] Scanning for projects...
12:55:50.268 [INFO]   [Measuring]   out: [INFO] 
12:55:50.269 [INFO]   [Measuring]   out: [INFO] --------------------< uk.gov.gchq.palisade:common >---------------------
12:55:50.269 [INFO]   [Measuring]   out: [INFO] Building GCHQ Palisade Common Library 0.5.2-SNAPSHOT
12:55:50.269 [INFO]   [Measuring]   out: [INFO]   from pom.xml
12:55:50.269 [INFO]   [Measuring]   out: [INFO] --------------------------------[ jar ]---------------------------------
12:55:50.508 [INFO]   [Measuring]   deserializing line [DIFFBLUE]{"__type":"com.diffblue.cover.buildsystem.model.DefaultEventMessage","project":"uk.gov.gchq.palisade:common","goal":"check","cause":null,"state":"STARTED"}
12:55:50.509 [INFO]   [Measuring]   out: [INFO] 
12:55:50.509 [INFO]   [Measuring]   out: [INFO] --- checkstyle:3.1.0:check (default-cli) @ common ---
12:55:51.645 [INFO]   [Measuring]   out: [INFO] Starting audit...
12:55:51.645 [INFO]   [Measuring]   out: Audit done.
12:55:51.655 [INFO]   [Measuring]   deserializing line [DIFFBLUE]{"__type":"com.diffblue.cover.buildsystem.model.DefaultEventMessage","project":"uk.gov.gchq.palisade:common","goal":"check","cause":null,"state":"SUCCESS"}
12:55:51.658 [INFO]   [Measuring]   deserializing line [DIFFBLUE]{"__type":"com.diffblue.cover.buildsystem.model.DefaultEventMessage","project":"uk.gov.gchq.palisade:common","goal":"prepare-agent","cause":null,"state":"STARTED"}
12:55:51.659 [INFO]   [Measuring]   out: [INFO] 
12:55:51.659 [INFO]   [Measuring]   out: [INFO] --- jacoco:0.8.5:prepare-agent (default-cli) @ common ---
12:55:51.776 [INFO]   [Measuring]   out: [INFO] argLine set to -javaagent:/home/jbergqvist/.m2/repository/org/jacoco/org.jacoco.agent/0.8.5/org.jacoco.agent-0.8.5-runtime.jar=destfile=/home/jbergqvist/diffblue/Palisade-common/target/jacoco.exec,append=true
12:55:51.778 [INFO]   [Measuring]   deserializing line [DIFFBLUE]{"__type":"com.diffblue.cover.buildsystem.model.DefaultEventMessage","project":"uk.gov.gchq.palisade:common","goal":"prepare-agent","cause":null,"state":"SUCCESS"}
12:55:51.780 [INFO]   [Measuring]   deserializing line [DIFFBLUE]{"__type":"com.diffblue.cover.buildsystem.model.DefaultEventMessage","project":"uk.gov.gchq.palisade:common","goal":"prepare-agent","cause":null,"state":"STARTED"}
12:55:51.781 [INFO]   [Measuring]   out: [INFO] 
12:55:51.781 [INFO]   [Measuring]   out: [INFO] --- jacoco:0.8.5:prepare-agent (agent) @ common ---
12:55:51.781 [INFO]   [Measuring]   out: [INFO] argLine set to -javaagent:/home/jbergqvist/.m2/repository/org/jacoco/org.jacoco.agent/0.8.5/org.jacoco.agent-0.8.5-runtime.jar=destfile=/home/jbergqvist/diffblue/Palisade-common/target/jacoco.exec,append=true
12:55:51.782 [INFO]   [Measuring]   deserializing line [DIFFBLUE]{"__type":"com.diffblue.cover.buildsystem.model.DefaultEventMessage","project":"uk.gov.gchq.palisade:common","goal":"prepare-agent","cause":null,"state":"SUCCESS"}
12:55:51.784 [INFO]   [Measuring]   deserializing line [DIFFBLUE]{"__type":"com.diffblue.cover.buildsystem.model.DefaultEventMessage","project":"uk.gov.gchq.palisade:common","goal":"resources","cause":null,"state":"STARTED"}
12:55:51.785 [INFO]   [Measuring]   out: [INFO] 
12:55:51.785 [INFO]   [Measuring]   out: [INFO] --- resources:3.3.1:resources (default-resources) @ common ---
12:55:51.832 [INFO]   [Measuring]   out: [INFO] Copying 1 resource from src/main/resources to target/classes
12:55:51.836 [INFO]   [Measuring]   deserializing line [DIFFBLUE]{"__type":"com.diffblue.cover.buildsystem.model.DefaultEventMessage","project":"uk.gov.gchq.palisade:common","goal":"resources","cause":null,"state":"SUCCESS"}
12:55:51.838 [INFO]   [Measuring]   deserializing line [DIFFBLUE]{"__type":"com.diffblue.cover.buildsystem.model.DefaultEventMessage","project":"uk.gov.gchq.palisade:common","goal":"flatten","cause":null,"state":"STARTED"}
12:55:51.839 [INFO]   [Measuring]   out: [INFO] 
12:55:51.839 [INFO]   [Measuring]   out: [INFO] --- flatten:1.1.0:flatten (flatten) @ common ---
12:55:51.938 [INFO]   [Measuring]   out: [INFO] Generating flattened POM of project uk.gov.gchq.palisade:common:jar:0.5.2-SNAPSHOT...
12:55:51.970 [INFO]   [Measuring]   deserializing line [DIFFBLUE]{"__type":"com.diffblue.cover.buildsystem.model.DefaultEventMessage","project":"uk.gov.gchq.palisade:common","goal":"flatten","cause":null,"state":"SUCCESS"}
12:55:51.971 [INFO]   [Measuring]   deserializing line [DIFFBLUE]{"__type":"com.diffblue.cover.buildsystem.model.DefaultEventMessage","project":"uk.gov.gchq.palisade:common","goal":"compile","cause":null,"state":"STARTED"}
12:55:51.972 [INFO]   [Measuring]   out: [INFO] 
12:55:51.972 [INFO]   [Measuring]   out: [INFO] --- compiler:3.8.0:compile (default-compile) @ common ---
12:55:52.055 [INFO]   [Measuring]   out: [INFO] Nothing to compile - all classes are up to date
12:55:52.057 [INFO]   [Measuring]   deserializing line [DIFFBLUE]{"__type":"com.diffblue.cover.buildsystem.model.DefaultEventMessage","project":"uk.gov.gchq.palisade:common","goal":"compile","cause":null,"state":"SUCCESS"}
12:55:52.058 [INFO]   [Measuring]   deserializing line [DIFFBLUE]{"__type":"com.diffblue.cover.buildsystem.model.DefaultEventMessage","project":"uk.gov.gchq.palisade:common","goal":"javadoc-no-fork","cause":null,"state":"STARTED"}
12:55:52.059 [INFO]   [Measuring]   out: [INFO] 
12:55:52.059 [INFO]   [Measuring]   out: [INFO] --- javadoc:3.1.0:javadoc-no-fork (javadoc-compile) @ common ---
12:55:53.654 [INFO]   [Measuring]   deserializing line [DIFFBLUE]{"__type":"com.diffblue.cover.buildsystem.model.DefaultEventMessage","project":"uk.gov.gchq.palisade:common","goal":"javadoc-no-fork","cause":null,"state":"SUCCESS"}
12:55:53.655 [INFO]   [Measuring]   deserializing line [DIFFBLUE]{"__type":"com.diffblue.cover.buildsystem.model.DefaultEventMessage","project":"uk.gov.gchq.palisade:common","goal":"aggregate-no-fork","cause":null,"state":"STARTED"}
12:55:53.656 [INFO]   [Measuring]   out: [INFO] 
12:55:53.656 [INFO]   [Measuring]   out: [INFO] --- javadoc:3.1.0:aggregate-no-fork (javadoc-compile) @ common ---
12:55:55.238 [INFO]   [Measuring]   deserializing line [DIFFBLUE]{"__type":"com.diffblue.cover.buildsystem.model.DefaultEventMessage","project":"uk.gov.gchq.palisade:common","goal":"aggregate-no-fork","cause":null,"state":"SUCCESS"}
12:55:55.239 [INFO]   [Measuring]   deserializing line [DIFFBLUE]{"__type":"com.diffblue.cover.buildsystem.model.DefaultEventMessage","project":"uk.gov.gchq.palisade:common","goal":"testResources","cause":null,"state":"STARTED"}
12:55:55.240 [INFO]   [Measuring]   out: [INFO] 
12:55:55.240 [INFO]   [Measuring]   out: [INFO] --- resources:3.3.1:testResources (default-testResources) @ common ---
12:55:55.241 [INFO]   [Measuring]   out: [INFO] skip non existing resourceDirectory /home/jbergqvist/diffblue/Palisade-common/src/test/resources
12:55:55.242 [INFO]   [Measuring]   deserializing line [DIFFBLUE]{"__type":"com.diffblue.cover.buildsystem.model.DefaultEventMessage","project":"uk.gov.gchq.palisade:common","goal":"testResources","cause":null,"state":"SUCCESS"}
12:55:55.243 [INFO]   [Measuring]   deserializing line [DIFFBLUE]{"__type":"com.diffblue.cover.buildsystem.model.DefaultEventMessage","project":"uk.gov.gchq.palisade:common","goal":"testCompile","cause":null,"state":"STARTED"}
12:55:55.243 [INFO]   [Measuring]   out: [INFO] 
12:55:55.243 [INFO]   [Measuring]   out: [INFO] --- compiler:3.8.0:testCompile (default-testCompile) @ common ---
12:55:55.247 [INFO]   [Measuring]   out: [INFO] Nothing to compile - all classes are up to date
12:55:55.248 [INFO]   [Measuring]   deserializing line [DIFFBLUE]{"__type":"com.diffblue.cover.buildsystem.model.DefaultEventMessage","project":"uk.gov.gchq.palisade:common","goal":"testCompile","cause":null,"state":"SUCCESS"}
12:55:55.249 [INFO]   [Measuring]   deserializing line [DIFFBLUE]{"__type":"com.diffblue.cover.buildsystem.model.DefaultEventMessage","project":"uk.gov.gchq.palisade:common","goal":"test","cause":null,"state":"STARTED"}
12:55:55.250 [INFO]   [Measuring]   out: [INFO] 
12:55:55.250 [INFO]   [Measuring]   out: [INFO] --- surefire:3.2.5:test (default-test) @ common ---
12:55:55.339 [INFO]   [Measuring]   out: [INFO] Using auto detected provider org.apache.maven.surefire.junitplatform.JUnitPlatformProvider
12:55:55.374 [INFO]   [Measuring]   out: [INFO] 
12:55:55.374 [INFO]   [Measuring]   out: [INFO] -------------------------------------------------------
12:55:55.374 [INFO]   [Measuring]   out: [INFO]  T E S T S
12:55:55.374 [INFO]   [Measuring]   out: [INFO] -------------------------------------------------------
12:55:56.067 [INFO]   [Measuring]   out: [INFO] Running uk.gov.gchq.palisade.user.UserIdDiffblueTest
12:55:56.119 [INFO]   [Measuring]   out: [INFO] Tests run: 2, Failures: 0, Errors: 0, Skipped: 0, Time elapsed: 0.042 s -- in uk.gov.gchq.palisade.user.UserIdDiffblueTest
12:55:56.119 [INFO]   [Measuring]   out: [INFO] Running uk.gov.gchq.palisade.user.UserDiffblueTest
12:55:56.123 [INFO]   [Measuring]   out: [INFO] Tests run: 2, Failures: 0, Errors: 0, Skipped: 0, Time elapsed: 0.006 s -- in uk.gov.gchq.palisade.user.UserDiffblueTest
12:55:56.124 [INFO]   [Measuring]   out: [INFO] Running uk.gov.gchq.palisade.rule.RulesDiffblueTest
12:55:57.034 [INFO]   [Measuring]   out: [INFO] Tests run: 11, Failures: 0, Errors: 0, Skipped: 0, Time elapsed: 0.919 s -- in uk.gov.gchq.palisade.rule.RulesDiffblueTest
12:55:57.035 [INFO]   [Measuring]   out: [INFO] Running uk.gov.gchq.palisade.data.serialise.SerialiserDiffblueTest
12:55:57.045 [INFO]   [Measuring]   err: SLF4J: Failed to load class "org.slf4j.impl.StaticLoggerBinder".
12:55:57.045 [INFO]   [Measuring]   err: SLF4J: Defaulting to no-operation (NOP) logger implementation
12:55:57.045 [INFO]   [Measuring]   err: SLF4J: See http://www.slf4j.org/codes.html#StaticLoggerBinder for further details.
12:55:57.061 [INFO]   [Measuring]   out: [INFO] Tests run: 3, Failures: 0, Errors: 0, Skipped: 0, Time elapsed: 0.025 s -- in uk.gov.gchq.palisade.data.serialise.SerialiserDiffblueTest
12:55:57.061 [INFO]   [Measuring]   out: [INFO] Running uk.gov.gchq.palisade.util.FileResourceBuilderDiffblueTest
12:55:57.069 [INFO]   [Measuring]   out: [INFO] Tests run: 2, Failures: 0, Errors: 0, Skipped: 0, Time elapsed: 0.009 s -- in uk.gov.gchq.palisade.util.FileResourceBuilderDiffblueTest
12:55:57.069 [INFO]   [Measuring]   out: [INFO] Running uk.gov.gchq.palisade.util.AbstractResourceBuilderDiffblueTest
12:55:57.074 [INFO]   [Measuring]   out: [INFO] Tests run: 1, Failures: 0, Errors: 0, Skipped: 0, Time elapsed: 0.006 s -- in uk.gov.gchq.palisade.util.AbstractResourceBuilderDiffblueTest
12:55:57.074 [INFO]   [Measuring]   out: [INFO] Running uk.gov.gchq.palisade.util.RulesUtilDiffblueTest
12:55:57.080 [INFO]   [Measuring]   out: [INFO] Tests run: 3, Failures: 0, Errors: 0, Skipped: 0, Time elapsed: 0.006 s -- in uk.gov.gchq.palisade.util.RulesUtilDiffblueTest
12:55:57.081 [INFO]   [Measuring]   out: [INFO] Running uk.gov.gchq.palisade.util.UriBuilderDiffblueTest
12:55:57.088 [INFO]   [Measuring]   out: [INFO] Tests run: 4, Failures: 0, Errors: 0, Skipped: 0, Time elapsed: 0.006 s -- in uk.gov.gchq.palisade.util.UriBuilderDiffblueTest
12:55:57.088 [INFO]   [Measuring]   out: [INFO] Running uk.gov.gchq.palisade.ContextDiffblueTest
12:55:57.093 [INFO]   [Measuring]   out: [INFO] Tests run: 4, Failures: 0, Errors: 0, Skipped: 0, Time elapsed: 0.004 s -- in uk.gov.gchq.palisade.ContextDiffblueTest
12:55:57.093 [INFO]   [Measuring]   out: [INFO] Running uk.gov.gchq.palisade.resource.AbstractResourceDiffblueTest
12:55:57.095 [INFO]   [Measuring]   out: [INFO] Tests run: 1, Failures: 0, Errors: 0, Skipped: 0, Time elapsed: 0.002 s -- in uk.gov.gchq.palisade.resource.AbstractResourceDiffblueTest
12:55:57.095 [INFO]   [Measuring]   out: [INFO] Running uk.gov.gchq.palisade.resource.impl.SystemResourceDiffblueTest
12:55:57.099 [INFO]   [Measuring]   out: [INFO] Tests run: 3, Failures: 0, Errors: 0, Skipped: 0, Time elapsed: 0.004 s -- in uk.gov.gchq.palisade.resource.impl.SystemResourceDiffblueTest
12:55:57.100 [INFO]   [Measuring]   out: [INFO] Running uk.gov.gchq.palisade.resource.impl.FileResourceDiffblueTest
12:55:57.144 [INFO]   [Measuring]   out: [INFO] Tests run: 7, Failures: 0, Errors: 0, Skipped: 0, Time elapsed: 0.045 s -- in uk.gov.gchq.palisade.resource.impl.FileResourceDiffblueTest
12:55:57.145 [INFO]   [Measuring]   out: [INFO] Running uk.gov.gchq.palisade.resource.impl.SimpleConnectionDetailDiffblueTest
12:55:57.148 [INFO]   [Measuring]   out: [INFO] Tests run: 1, Failures: 0, Errors: 0, Skipped: 0, Time elapsed: 0.003 s -- in uk.gov.gchq.palisade.resource.impl.SimpleConnectionDetailDiffblueTest
12:55:57.148 [INFO]   [Measuring]   out: [INFO] Running uk.gov.gchq.palisade.resource.impl.DirectoryResourceDiffblueTest
12:55:57.152 [INFO]   [Measuring]   out: [INFO] Tests run: 3, Failures: 0, Errors: 0, Skipped: 0, Time elapsed: 0.003 s -- in uk.gov.gchq.palisade.resource.impl.DirectoryResourceDiffblueTest
12:55:57.198 [INFO]   [Measuring]   out: [INFO] 
12:55:57.198 [INFO]   [Measuring]   out: [INFO] Results:
12:55:57.198 [INFO]   [Measuring]   out: [INFO] 
12:55:57.198 [INFO]   [Measuring]   out: [INFO] Tests run: 47, Failures: 0, Errors: 0, Skipped: 0
12:55:57.198 [INFO]   [Measuring]   out: [INFO] 
12:55:57.201 [INFO]   [Measuring]   deserializing line [DIFFBLUE]{"__type":"com.diffblue.cover.buildsystem.model.DefaultEventMessage","project":"uk.gov.gchq.palisade:common","goal":"test","cause":null,"state":"SUCCESS"}
12:55:57.202 [INFO]   [Measuring]   deserializing line [DIFFBLUE]{"__type":"com.diffblue.cover.buildsystem.model.DefaultEventMessage","project":"uk.gov.gchq.palisade:common","goal":"report","cause":null,"state":"STARTED"}
12:55:57.203 [INFO]   [Measuring]   out: [INFO] 
12:55:57.203 [INFO]   [Measuring]   out: [INFO] --- jacoco:0.8.5:report (default-cli) @ common ---
12:55:57.237 [INFO]   [Measuring]   out: [INFO] Loading execution data file /home/jbergqvist/diffblue/Palisade-common/target/jacoco.exec
12:55:57.294 [INFO]   [Measuring]   out: [INFO] Analyzed bundle 'GCHQ Palisade Common Library' with 25 classes
12:55:57.354 [INFO]   [Measuring]   deserializing line [DIFFBLUE]{"__type":"com.diffblue.cover.buildsystem.model.DefaultEventMessage","project":"uk.gov.gchq.palisade:common","goal":"report","cause":null,"state":"SUCCESS"}
12:55:57.373 [INFO]   [Measuring]   deserializing line [DIFFBLUE]{"__type":"com.diffblue.cover.buildsystem.model.DefaultProjectModuleMessage","project":{"__type":"DefaultProjectModule","junitReport":["/home/jbergqvist/diffblue/Palisade-common/target/surefire-reports"],"jacocoReport":["/home/jbergqvist/diffblue/Palisade-common/target/site/jacoco/jacoco.xml"],"jacocoDestFile":["${sonar.jacoco.reportPath}","/home/jbergqvist/diffblue/Palisade-common/target/jacoco.exec"],"jacocoFormats":["xml"],"jacocoSkipped":false,"classpath":["/home/jbergqvist/diffblue/Palisade-common/target/classes","/home/jbergqvist/.m2/repository/com/typesafe/akka/akka-stream_2.13/2.6.10/akka-stream_2.13-2.6.10.jar","/home/jbergqvist/.m2/repository/org/scala-lang/scala-library/2.13.3/scala-library-2.13.3.jar","/home/jbergqvist/.m2/repository/com/typesafe/akka/akka-actor_2.13/2.6.10/akka-actor_2.13-2.6.10.jar","/home/jbergqvist/.m2/repository/com/typesafe/config/1.4.0/config-1.4.0.jar","/home/jbergqvist/.m2/repository/org/scala-lang/modules/scala-java8-compat_2.13/0.9.0/scala-java8-compat_2.13-0.9.0.jar","/home/jbergqvist/.m2/repository/com/typesafe/akka/akka-protobuf-v3_2.13/2.6.10/akka-protobuf-v3_2.13-2.6.10.jar","/home/jbergqvist/.m2/repository/org/reactivestreams/reactive-streams/1.0.3/reactive-streams-1.0.3.jar","/home/jbergqvist/.m2/repository/com/typesafe/ssl-config-core_2.13/0.4.2/ssl-config-core_2.13-0.4.2.jar","/home/jbergqvist/.m2/repository/org/scala-lang/modules/scala-parser-combinators_2.13/1.1.2/scala-parser-combinators_2.13-1.1.2.jar","/home/jbergqvist/.m2/repository/org/junit/jupiter/junit-jupiter-engine/5.13.4/junit-jupiter-engine-5.13.4.jar","/home/jbergqvist/.m2/repository/org/junit/platform/junit-platform-engine/1.13.4/junit-platform-engine-1.13.4.jar","/home/jbergqvist/.m2/repository/org/opentest4j/opentest4j/1.3.0/opentest4j-1.3.0.jar","/home/jbergqvist/.m2/repository/org/junit/platform/junit-platform-commons/1.13.4/junit-platform-commons-1.13.4.jar","/home/jbergqvist/.m2/repository/org/junit/jupiter/junit-jupiter-api/5.13.4/junit-jupiter-api-5.13.4.jar","/home/jbergqvist/.m2/repository/org/apiguardian/apiguardian-api/1.1.2/apiguardian-api-1.1.2.jar","/home/jbergqvist/.m2/repository/org/mockito/mockito-core/5.20.0/mockito-core-5.20.0.jar","/home/jbergqvist/.m2/repository/net/bytebuddy/byte-buddy/1.17.7/byte-buddy-1.17.7.jar","/home/jbergqvist/.m2/repository/net/bytebuddy/byte-buddy-agent/1.17.7/byte-buddy-agent-1.17.7.jar","/home/jbergqvist/.m2/repository/org/objenesis/objenesis/3.3/objenesis-3.3.jar","/home/jbergqvist/.m2/repository/org/mockito/mockito-junit-jupiter/5.20.0/mockito-junit-jupiter-5.20.0.jar","/home/jbergqvist/.m2/repository/com/fasterxml/jackson/core/jackson-databind/2.11.0/jackson-databind-2.11.0.jar","/home/jbergqvist/.m2/repository/com/fasterxml/jackson/core/jackson-annotations/2.11.0/jackson-annotations-2.11.0.jar","/home/jbergqvist/.m2/repository/com/fasterxml/jackson/core/jackson-core/2.11.0/jackson-core-2.11.0.jar","/home/jbergqvist/.m2/repository/org/slf4j/slf4j-api/1.7.25/slf4j-api-1.7.25.jar","/home/jbergqvist/.m2/repository/com/diffblue/cover/cover-annotations/1.8.0/cover-annotations-1.8.0.jar"],"complianceLevel":"11","productionSources":["/home/jbergqvist/diffblue/Palisade-common/src/main/java"],"testSources":["/home/jbergqvist/diffblue/Palisade-common/src/test/java"],"productionClasses":"/home/jbergqvist/diffblue/Palisade-common/target/classes","testClasses":"/home/jbergqvist/diffblue/Palisade-common/target/test-classes","sourceToBuildPathMap":null,"testSourceToBuildPathMap":null,"buildDirectory":"/home/jbergqvist/diffblue/Palisade-common/target","plugins":[{"__type":"DefaultPlugin","groupId":"org.apache.maven.plugins","artefactId":"maven-compiler-plugin","version":"3.8.0","pluginClassName":null},{"__type":"DefaultPlugin","groupId":"org.apache.maven.plugins","artefactId":"maven-javadoc-plugin","version":"3.1.0","pluginClassName":null},{"__type":"DefaultPlugin","groupId":"org.apache.maven.plugins","artefactId":"maven-dependency-plugin","version":"3.1.2","pluginClassName":null},{"__type":"DefaultPlugin","groupId":"org.codehaus.mojo","artefactId":"flatten-maven-plugin","version":"1.1.0","pluginClassName":null},{"__type":"DefaultPlugin","groupId":"org.codehaus.mojo","artefactId":"license-maven-plugin","version":"2.0.0","pluginClassName":null},{"__type":"DefaultPlugin","groupId":"org.jacoco","artefactId":"jacoco-maven-plugin","version":"0.8.5","pluginClassName":null},{"__type":"DefaultPlugin","groupId":"org.apache.maven.plugins","artefactId":"maven-checkstyle-plugin","version":"3.1.0","pluginClassName":null},{"__type":"DefaultPlugin","groupId":"org.apache.maven.plugins","artefactId":"maven-clean-plugin","version":"3.2.0","pluginClassName":null},{"__type":"DefaultPlugin","groupId":"org.apache.maven.plugins","artefactId":"maven-resources-plugin","version":"3.3.1","pluginClassName":null},{"__type":"DefaultPlugin","groupId":"org.apache.maven.plugins","artefactId":"maven-jar-plugin","version":"3.4.1","pluginClassName":null},{"__type":"DefaultPlugin","groupId":"org.apache.maven.plugins","artefactId":"maven-surefire-plugin","version":"3.2.5","pluginClassName":null},{"__type":"DefaultPlugin","groupId":"org.apache.maven.plugins","artefactId":"maven-install-plugin","version":"3.1.2","pluginClassName":null},{"__type":"DefaultPlugin","groupId":"org.apache.maven.plugins","artefactId":"maven-deploy-plugin","version":"3.1.2","pluginClassName":null},{"__type":"DefaultPlugin","groupId":"org.apache.maven.plugins","artefactId":"maven-site-plugin","version":"3.12.1","pluginClassName":null}],"version":"3.9.12","encoding":"UTF-8","name":"maven","subModules":[],"simpleModuleName":null,"parentModuleName":null,"location":"/home/jbergqvist/diffblue/Palisade-common","fullModuleName":"uk.gov.gchq.palisade:common"}}
12:55:57.375 [INFO]   [Measuring]   out: [INFO] ------------------------------------------------------------------------
12:55:57.375 [INFO]   [Measuring]   out: [INFO] BUILD SUCCESS
12:55:57.376 [INFO]   [Measuring]   out: [INFO] ------------------------------------------------------------------------
12:55:57.376 [INFO]   [Measuring]   out: [INFO] Total time:  7.227 s
12:55:57.376 [INFO]   [Measuring]   out: [INFO] Finished at: 2026-01-12T12:55:57Z
12:55:57.376 [INFO]   [Measuring]   out: [INFO] ------------------------------------------------------------------------
12:55:57.376 [INFO]   [Measuring]   deserializing line [DIFFBLUE]{"__type":"com.diffblue.cover.buildsystem.model.ProjectInfoMessage","projectName":"uk.gov.gchq.palisade:common","productionSources":["/home/jbergqvist/diffblue/Palisade-common/src/main/java","/home/jbergqvist/diffblue/Palisade-common/target/generated-sources/annotations"],"testSources":["/home/jbergqvist/diffblue/Palisade-common/src/test/java","/home/jbergqvist/diffblue/Palisade-common/target/generated-test-sources/test-annotations"],"location":"/home/jbergqvist/diffblue/Palisade-common"}
12:55:57.412 [INFO]   [Measuring]   maven:err process not stopped, joining thread
12:55:57.413 [INFO]   [Measuring]   maven:out process not stopped, joining thread
12:55:57.413 [INFO]   [Measuring]   Attempting to invoke mvnw in working directory: /home/jbergqvist/diffblue/Palisade-common
12:55:57.413 [INFO]   [Measuring]   Attempting to invoke /home/jbergqvist/.sdkman/candidates/maven/current/bin/mvn in working directory: /home/jbergqvist/diffblue/Palisade-common
12:55:57.414 [INFO]   [Measuring]   Started "/home/jbergqvist/.sdkman/candidates/maven/current/bin/mvn -Dmaven.ext.class.path=/opt/cover/cover-buildsystem-maven-spy-jar-with-dependencies.jar -Dcom.diffblue.cover.skipTests=true -DskipTestOptimizer --batch-mode --projects=uk.gov.gchq.palisade:common --global-settings=/home/jbergqvist/.sdkman/candidates/maven/current/conf/settings.xml org.apache.maven.plugins:maven-checkstyle-plugin:check -Dcheckstyle.failOnViolation=false org.jacoco:jacoco-maven-plugin:0.8.5:prepare-agent -Djacoco.skip=false test -DfailIfNoTests=false -Dsurefire.failIfNoSpecifiedTests=false -Dmaven.test.failure.ignore=True -Dtest=!*DiffblueTest,**/Test*.java,**/*Test.java,**/*Tests.java,**/*TestCase.java -Dgroups=MaintainedByDiffblue,ContributionFromDiffblue org.jacoco:jacoco-maven-plugin:0.8.5:report -Djacoco.skip=false"
12:55:58.184 [INFO]   [Measuring]   out: [INFO] Scanning for projects...
12:55:58.312 [INFO]   [Measuring]   out: [INFO] 
12:55:58.312 [INFO]   [Measuring]   out: [INFO] --------------------< uk.gov.gchq.palisade:common >---------------------
12:55:58.312 [INFO]   [Measuring]   out: [INFO] Building GCHQ Palisade Common Library 0.5.2-SNAPSHOT
12:55:58.312 [INFO]   [Measuring]   out: [INFO]   from pom.xml
12:55:58.312 [INFO]   [Measuring]   out: [INFO] --------------------------------[ jar ]---------------------------------
12:55:58.553 [INFO]   [Measuring]   deserializing line [DIFFBLUE]{"__type":"com.diffblue.cover.buildsystem.model.DefaultEventMessage","project":"uk.gov.gchq.palisade:common","goal":"check","cause":null,"state":"STARTED"}
12:55:58.554 [INFO]   [Measuring]   out: [INFO] 
12:55:58.554 [INFO]   [Measuring]   out: [INFO] --- checkstyle:3.1.0:check (default-cli) @ common ---
12:55:59.223 [INFO]   [Measuring]   out: [INFO] Starting audit...
12:55:59.223 [INFO]   [Measuring]   out: Audit done.
12:55:59.230 [INFO]   [Measuring]   deserializing line [DIFFBLUE]{"__type":"com.diffblue.cover.buildsystem.model.DefaultEventMessage","project":"uk.gov.gchq.palisade:common","goal":"check","cause":null,"state":"SUCCESS"}
12:55:59.232 [INFO]   [Measuring]   deserializing line [DIFFBLUE]{"__type":"com.diffblue.cover.buildsystem.model.DefaultEventMessage","project":"uk.gov.gchq.palisade:common","goal":"prepare-agent","cause":null,"state":"STARTED"}
12:55:59.233 [INFO]   [Measuring]   out: [INFO] 
12:55:59.233 [INFO]   [Measuring]   out: [INFO] --- jacoco:0.8.5:prepare-agent (default-cli) @ common ---
12:55:59.347 [INFO]   [Measuring]   out: [INFO] argLine set to -javaagent:/home/jbergqvist/.m2/repository/org/jacoco/org.jacoco.agent/0.8.5/org.jacoco.agent-0.8.5-runtime.jar=destfile=/home/jbergqvist/diffblue/Palisade-common/target/jacoco.exec,append=true
12:55:59.349 [INFO]   [Measuring]   deserializing line [DIFFBLUE]{"__type":"com.diffblue.cover.buildsystem.model.DefaultEventMessage","project":"uk.gov.gchq.palisade:common","goal":"prepare-agent","cause":null,"state":"SUCCESS"}
12:55:59.350 [INFO]   [Measuring]   deserializing line [DIFFBLUE]{"__type":"com.diffblue.cover.buildsystem.model.DefaultEventMessage","project":"uk.gov.gchq.palisade:common","goal":"prepare-agent","cause":null,"state":"STARTED"}
12:55:59.351 [INFO]   [Measuring]   out: [INFO] 
12:55:59.351 [INFO]   [Measuring]   out: [INFO] --- jacoco:0.8.5:prepare-agent (agent) @ common ---
12:55:59.352 [INFO]   [Measuring]   out: [INFO] argLine set to -javaagent:/home/jbergqvist/.m2/repository/org/jacoco/org.jacoco.agent/0.8.5/org.jacoco.agent-0.8.5-runtime.jar=destfile=/home/jbergqvist/diffblue/Palisade-common/target/jacoco.exec,append=true
12:55:59.353 [INFO]   [Measuring]   deserializing line [DIFFBLUE]{"__type":"com.diffblue.cover.buildsystem.model.DefaultEventMessage","project":"uk.gov.gchq.palisade:common","goal":"prepare-agent","cause":null,"state":"SUCCESS"}
12:55:59.354 [INFO]   [Measuring]   deserializing line [DIFFBLUE]{"__type":"com.diffblue.cover.buildsystem.model.DefaultEventMessage","project":"uk.gov.gchq.palisade:common","goal":"resources","cause":null,"state":"STARTED"}
12:55:59.355 [INFO]   [Measuring]   out: [INFO] 
12:55:59.355 [INFO]   [Measuring]   out: [INFO] --- resources:3.3.1:resources (default-resources) @ common ---
12:55:59.400 [INFO]   [Measuring]   out: [INFO] Copying 1 resource from src/main/resources to target/classes
12:55:59.404 [INFO]   [Measuring]   deserializing line [DIFFBLUE]{"__type":"com.diffblue.cover.buildsystem.model.DefaultEventMessage","project":"uk.gov.gchq.palisade:common","goal":"resources","cause":null,"state":"SUCCESS"}
12:55:59.405 [INFO]   [Measuring]   deserializing line [DIFFBLUE]{"__type":"com.diffblue.cover.buildsystem.model.DefaultEventMessage","project":"uk.gov.gchq.palisade:common","goal":"flatten","cause":null,"state":"STARTED"}
12:55:59.407 [INFO]   [Measuring]   out: [INFO] 
12:55:59.407 [INFO]   [Measuring]   out: [INFO] --- flatten:1.1.0:flatten (flatten) @ common ---
12:55:59.487 [INFO]   [Measuring]   out: [INFO] Generating flattened POM of project uk.gov.gchq.palisade:common:jar:0.5.2-SNAPSHOT...
12:55:59.517 [INFO]   [Measuring]   deserializing line [DIFFBLUE]{"__type":"com.diffblue.cover.buildsystem.model.DefaultEventMessage","project":"uk.gov.gchq.palisade:common","goal":"flatten","cause":null,"state":"SUCCESS"}
12:55:59.518 [INFO]   [Measuring]   deserializing line [DIFFBLUE]{"__type":"com.diffblue.cover.buildsystem.model.DefaultEventMessage","project":"uk.gov.gchq.palisade:common","goal":"compile","cause":null,"state":"STARTED"}
12:55:59.518 [INFO]   [Measuring]   out: [INFO] 
12:55:59.518 [INFO]   [Measuring]   out: [INFO] --- compiler:3.8.0:compile (default-compile) @ common ---
12:55:59.595 [INFO]   [Measuring]   out: [INFO] Nothing to compile - all classes are up to date
12:55:59.597 [INFO]   [Measuring]   deserializing line [DIFFBLUE]{"__type":"com.diffblue.cover.buildsystem.model.DefaultEventMessage","project":"uk.gov.gchq.palisade:common","goal":"compile","cause":null,"state":"SUCCESS"}
12:55:59.599 [INFO]   [Measuring]   deserializing line [DIFFBLUE]{"__type":"com.diffblue.cover.buildsystem.model.DefaultEventMessage","project":"uk.gov.gchq.palisade:common","goal":"javadoc-no-fork","cause":null,"state":"STARTED"}
12:55:59.599 [INFO]   [Measuring]   out: [INFO] 
12:55:59.599 [INFO]   [Measuring]   out: [INFO] --- javadoc:3.1.0:javadoc-no-fork (javadoc-compile) @ common ---
12:56:01.309 [INFO]   [Measuring]   deserializing line [DIFFBLUE]{"__type":"com.diffblue.cover.buildsystem.model.DefaultEventMessage","project":"uk.gov.gchq.palisade:common","goal":"javadoc-no-fork","cause":null,"state":"SUCCESS"}
12:56:01.310 [INFO]   [Measuring]   deserializing line [DIFFBLUE]{"__type":"com.diffblue.cover.buildsystem.model.DefaultEventMessage","project":"uk.gov.gchq.palisade:common","goal":"aggregate-no-fork","cause":null,"state":"STARTED"}
12:56:01.310 [INFO]   [Measuring]   out: [INFO] 
12:56:01.310 [INFO]   [Measuring]   out: [INFO] --- javadoc:3.1.0:aggregate-no-fork (javadoc-compile) @ common ---
12:56:02.686 [INFO]   [Measuring]   deserializing line [DIFFBLUE]{"__type":"com.diffblue.cover.buildsystem.model.DefaultEventMessage","project":"uk.gov.gchq.palisade:common","goal":"aggregate-no-fork","cause":null,"state":"SUCCESS"}
12:56:02.687 [INFO]   [Measuring]   deserializing line [DIFFBLUE]{"__type":"com.diffblue.cover.buildsystem.model.DefaultEventMessage","project":"uk.gov.gchq.palisade:common","goal":"testResources","cause":null,"state":"STARTED"}
12:56:02.688 [INFO]   [Measuring]   out: [INFO] 
12:56:02.688 [INFO]   [Measuring]   out: [INFO] --- resources:3.3.1:testResources (default-testResources) @ common ---
12:56:02.688 [INFO]   [Measuring]   out: [INFO] skip non existing resourceDirectory /home/jbergqvist/diffblue/Palisade-common/src/test/resources
12:56:02.689 [INFO]   [Measuring]   deserializing line [DIFFBLUE]{"__type":"com.diffblue.cover.buildsystem.model.DefaultEventMessage","project":"uk.gov.gchq.palisade:common","goal":"testResources","cause":null,"state":"SUCCESS"}
12:56:02.690 [INFO]   [Measuring]   deserializing line [DIFFBLUE]{"__type":"com.diffblue.cover.buildsystem.model.DefaultEventMessage","project":"uk.gov.gchq.palisade:common","goal":"testCompile","cause":null,"state":"STARTED"}
12:56:02.691 [INFO]   [Measuring]   out: [INFO] 
12:56:02.691 [INFO]   [Measuring]   out: [INFO] --- compiler:3.8.0:testCompile (default-testCompile) @ common ---
12:56:02.695 [INFO]   [Measuring]   out: [INFO] Nothing to compile - all classes are up to date
12:56:02.696 [INFO]   [Measuring]   deserializing line [DIFFBLUE]{"__type":"com.diffblue.cover.buildsystem.model.DefaultEventMessage","project":"uk.gov.gchq.palisade:common","goal":"testCompile","cause":null,"state":"SUCCESS"}
12:56:02.697 [INFO]   [Measuring]   deserializing line [DIFFBLUE]{"__type":"com.diffblue.cover.buildsystem.model.DefaultEventMessage","project":"uk.gov.gchq.palisade:common","goal":"test","cause":null,"state":"STARTED"}
12:56:02.697 [INFO]   [Measuring]   out: [INFO] 
12:56:02.697 [INFO]   [Measuring]   out: [INFO] --- surefire:3.2.5:test (default-test) @ common ---
12:56:02.769 [INFO]   [Measuring]   deserializing line [DIFFBLUE]{"__type":"com.diffblue.cover.buildsystem.model.DefaultEventMessage","project":"uk.gov.gchq.palisade:common","goal":"test","cause":null,"state":"SUCCESS"}
12:56:02.770 [INFO]   [Measuring]   deserializing line [DIFFBLUE]{"__type":"com.diffblue.cover.buildsystem.model.DefaultEventMessage","project":"uk.gov.gchq.palisade:common","goal":"report","cause":null,"state":"STARTED"}
12:56:02.770 [INFO]   [Measuring]   out: [INFO] 
12:56:02.770 [INFO]   [Measuring]   out: [INFO] --- jacoco:0.8.5:report (default-cli) @ common ---
12:56:02.825 [INFO]   [Measuring]   out: [INFO] Loading execution data file /home/jbergqvist/diffblue/Palisade-common/target/jacoco.exec
12:56:02.902 [INFO]   [Measuring]   out: [INFO] Analyzed bundle 'GCHQ Palisade Common Library' with 25 classes
12:56:02.965 [INFO]   [Measuring]   deserializing line [DIFFBLUE]{"__type":"com.diffblue.cover.buildsystem.model.DefaultEventMessage","project":"uk.gov.gchq.palisade:common","goal":"report","cause":null,"state":"SUCCESS"}
12:56:02.988 [INFO]   [Measuring]   deserializing line [DIFFBLUE]{"__type":"com.diffblue.cover.buildsystem.model.DefaultProjectModuleMessage","project":{"__type":"DefaultProjectModule","junitReport":["/home/jbergqvist/diffblue/Palisade-common/target/surefire-reports"],"jacocoReport":["/home/jbergqvist/diffblue/Palisade-common/target/site/jacoco/jacoco.xml"],"jacocoDestFile":["${sonar.jacoco.reportPath}","/home/jbergqvist/diffblue/Palisade-common/target/jacoco.exec"],"jacocoFormats":["xml"],"jacocoSkipped":false,"classpath":["/home/jbergqvist/diffblue/Palisade-common/target/classes","/home/jbergqvist/.m2/repository/com/typesafe/akka/akka-stream_2.13/2.6.10/akka-stream_2.13-2.6.10.jar","/home/jbergqvist/.m2/repository/org/scala-lang/scala-library/2.13.3/scala-library-2.13.3.jar","/home/jbergqvist/.m2/repository/com/typesafe/akka/akka-actor_2.13/2.6.10/akka-actor_2.13-2.6.10.jar","/home/jbergqvist/.m2/repository/com/typesafe/config/1.4.0/config-1.4.0.jar","/home/jbergqvist/.m2/repository/org/scala-lang/modules/scala-java8-compat_2.13/0.9.0/scala-java8-compat_2.13-0.9.0.jar","/home/jbergqvist/.m2/repository/com/typesafe/akka/akka-protobuf-v3_2.13/2.6.10/akka-protobuf-v3_2.13-2.6.10.jar","/home/jbergqvist/.m2/repository/org/reactivestreams/reactive-streams/1.0.3/reactive-streams-1.0.3.jar","/home/jbergqvist/.m2/repository/com/typesafe/ssl-config-core_2.13/0.4.2/ssl-config-core_2.13-0.4.2.jar","/home/jbergqvist/.m2/repository/org/scala-lang/modules/scala-parser-combinators_2.13/1.1.2/scala-parser-combinators_2.13-1.1.2.jar","/home/jbergqvist/.m2/repository/org/junit/jupiter/junit-jupiter-engine/5.13.4/junit-jupiter-engine-5.13.4.jar","/home/jbergqvist/.m2/repository/org/junit/platform/junit-platform-engine/1.13.4/junit-platform-engine-1.13.4.jar","/home/jbergqvist/.m2/repository/org/opentest4j/opentest4j/1.3.0/opentest4j-1.3.0.jar","/home/jbergqvist/.m2/repository/org/junit/platform/junit-platform-commons/1.13.4/junit-platform-commons-1.13.4.jar","/home/jbergqvist/.m2/repository/org/junit/jupiter/junit-jupiter-api/5.13.4/junit-jupiter-api-5.13.4.jar","/home/jbergqvist/.m2/repository/org/apiguardian/apiguardian-api/1.1.2/apiguardian-api-1.1.2.jar","/home/jbergqvist/.m2/repository/org/mockito/mockito-core/5.20.0/mockito-core-5.20.0.jar","/home/jbergqvist/.m2/repository/net/bytebuddy/byte-buddy/1.17.7/byte-buddy-1.17.7.jar","/home/jbergqvist/.m2/repository/net/bytebuddy/byte-buddy-agent/1.17.7/byte-buddy-agent-1.17.7.jar","/home/jbergqvist/.m2/repository/org/objenesis/objenesis/3.3/objenesis-3.3.jar","/home/jbergqvist/.m2/repository/org/mockito/mockito-junit-jupiter/5.20.0/mockito-junit-jupiter-5.20.0.jar","/home/jbergqvist/.m2/repository/com/fasterxml/jackson/core/jackson-databind/2.11.0/jackson-databind-2.11.0.jar","/home/jbergqvist/.m2/repository/com/fasterxml/jackson/core/jackson-annotations/2.11.0/jackson-annotations-2.11.0.jar","/home/jbergqvist/.m2/repository/com/fasterxml/jackson/core/jackson-core/2.11.0/jackson-core-2.11.0.jar","/home/jbergqvist/.m2/repository/org/slf4j/slf4j-api/1.7.25/slf4j-api-1.7.25.jar","/home/jbergqvist/.m2/repository/com/diffblue/cover/cover-annotations/1.8.0/cover-annotations-1.8.0.jar"],"complianceLevel":"11","productionSources":["/home/jbergqvist/diffblue/Palisade-common/src/main/java"],"testSources":["/home/jbergqvist/diffblue/Palisade-common/src/test/java"],"productionClasses":"/home/jbergqvist/diffblue/Palisade-common/target/classes","testClasses":"/home/jbergqvist/diffblue/Palisade-common/target/test-classes","sourceToBuildPathMap":null,"testSourceToBuildPathMap":null,"buildDirectory":"/home/jbergqvist/diffblue/Palisade-common/target","plugins":[{"__type":"DefaultPlugin","groupId":"org.apache.maven.plugins","artefactId":"maven-compiler-plugin","version":"3.8.0","pluginClassName":null},{"__type":"DefaultPlugin","groupId":"org.apache.maven.plugins","artefactId":"maven-javadoc-plugin","version":"3.1.0","pluginClassName":null},{"__type":"DefaultPlugin","groupId":"org.apache.maven.plugins","artefactId":"maven-dependency-plugin","version":"3.1.2","pluginClassName":null},{"__type":"DefaultPlugin","groupId":"org.codehaus.mojo","artefactId":"flatten-maven-plugin","version":"1.1.0","pluginClassName":null},{"__type":"DefaultPlugin","groupId":"org.codehaus.mojo","artefactId":"license-maven-plugin","version":"2.0.0","pluginClassName":null},{"__type":"DefaultPlugin","groupId":"org.jacoco","artefactId":"jacoco-maven-plugin","version":"0.8.5","pluginClassName":null},{"__type":"DefaultPlugin","groupId":"org.apache.maven.plugins","artefactId":"maven-checkstyle-plugin","version":"3.1.0","pluginClassName":null},{"__type":"DefaultPlugin","groupId":"org.apache.maven.plugins","artefactId":"maven-clean-plugin","version":"3.2.0","pluginClassName":null},{"__type":"DefaultPlugin","groupId":"org.apache.maven.plugins","artefactId":"maven-resources-plugin","version":"3.3.1","pluginClassName":null},{"__type":"DefaultPlugin","groupId":"org.apache.maven.plugins","artefactId":"maven-jar-plugin","version":"3.4.1","pluginClassName":null},{"__type":"DefaultPlugin","groupId":"org.apache.maven.plugins","artefactId":"maven-surefire-plugin","version":"3.2.5","pluginClassName":null},{"__type":"DefaultPlugin","groupId":"org.apache.maven.plugins","artefactId":"maven-install-plugin","version":"3.1.2","pluginClassName":null},{"__type":"DefaultPlugin","groupId":"org.apache.maven.plugins","artefactId":"maven-deploy-plugin","version":"3.1.2","pluginClassName":null},{"__type":"DefaultPlugin","groupId":"org.apache.maven.plugins","artefactId":"maven-site-plugin","version":"3.12.1","pluginClassName":null}],"version":"3.9.12","encoding":"UTF-8","name":"maven","subModules":[],"simpleModuleName":null,"parentModuleName":null,"location":"/home/jbergqvist/diffblue/Palisade-common","fullModuleName":"uk.gov.gchq.palisade:common"}}
12:56:02.992 [INFO]   [Measuring]   out: [INFO] ------------------------------------------------------------------------
12:56:02.992 [INFO]   [Measuring]   out: [INFO] BUILD SUCCESS
12:56:02.992 [INFO]   [Measuring]   out: [INFO] ------------------------------------------------------------------------
12:56:02.992 [INFO]   [Measuring]   out: [INFO] Total time:  4.820 s
12:56:02.992 [INFO]   [Measuring]   out: [INFO] Finished at: 2026-01-12T12:56:02Z
12:56:02.992 [INFO]   [Measuring]   out: [INFO] ------------------------------------------------------------------------
12:56:02.993 [INFO]   [Measuring]   deserializing line [DIFFBLUE]{"__type":"com.diffblue.cover.buildsystem.model.ProjectInfoMessage","projectName":"uk.gov.gchq.palisade:common","productionSources":["/home/jbergqvist/diffblue/Palisade-common/src/main/java","/home/jbergqvist/diffblue/Palisade-common/target/generated-sources/annotations"],"testSources":["/home/jbergqvist/diffblue/Palisade-common/src/test/java","/home/jbergqvist/diffblue/Palisade-common/target/generated-test-sources/test-annotations"],"location":"/home/jbergqvist/diffblue/Palisade-common"}
12:56:03.036 [INFO]   [Measuring]   maven:err process not stopped, joining thread
12:56:03.036 [INFO]   [Measuring]   maven:out process not stopped, joining thread
12:56:03.059 [INFO]   [Measuring]   JaCoCo report file created in /home/jbergqvist/diffblue/Palisade-common/.diffblue/reports/diffblue-tests-jacoco-report.xml
12:56:03.094 [INFO]   [Measuring]   Calculating coverage from manual tests.
12:56:03.095 [INFO]   [Measuring]   Using default build rules as no custom rules found in any of [/home/jbergqvist/diffblue/Palisade-common]
12:56:03.096 [INFO]   [Measuring]   Attempting to invoke mvnw in working directory: /home/jbergqvist/diffblue/Palisade-common
12:56:03.096 [INFO]   [Measuring]   Attempting to invoke /home/jbergqvist/.sdkman/candidates/maven/current/bin/mvn in working directory: /home/jbergqvist/diffblue/Palisade-common
12:56:03.097 [INFO]   [Measuring]   Started "/home/jbergqvist/.sdkman/candidates/maven/current/bin/mvn -Dmaven.ext.class.path=/opt/cover/cover-buildsystem-maven-spy-jar-with-dependencies.jar -Dcom.diffblue.cover.skipTests=true -DskipTestOptimizer --batch-mode --projects=uk.gov.gchq.palisade:common --global-settings=/home/jbergqvist/.sdkman/candidates/maven/current/conf/settings.xml org.apache.maven.plugins:maven-checkstyle-plugin:check -Dcheckstyle.failOnViolation=false org.jacoco:jacoco-maven-plugin:0.8.5:prepare-agent -Djacoco.skip=false test -DfailIfNoTests=false -Dsurefire.failIfNoSpecifiedTests=false -Dmaven.test.failure.ignore=True -Dtest=!*DiffblueTest,**/Test*.java,**/*Test.java,**/*Tests.java,**/*TestCase.java -DexcludedGroups=MaintainedByDiffblue,ContributionFromDiffblue org.jacoco:jacoco-maven-plugin:0.8.5:report -Djacoco.skip=false"
12:56:03.876 [INFO]   [Measuring]   out: [INFO] Scanning for projects...
12:56:04.018 [INFO]   [Measuring]   out: [INFO] 
12:56:04.018 [INFO]   [Measuring]   out: [INFO] --------------------< uk.gov.gchq.palisade:common >---------------------
12:56:04.018 [INFO]   [Measuring]   out: [INFO] Building GCHQ Palisade Common Library 0.5.2-SNAPSHOT
12:56:04.018 [INFO]   [Measuring]   out: [INFO]   from pom.xml
12:56:04.018 [INFO]   [Measuring]   out: [INFO] --------------------------------[ jar ]---------------------------------
12:56:04.260 [INFO]   [Measuring]   deserializing line [DIFFBLUE]{"__type":"com.diffblue.cover.buildsystem.model.DefaultEventMessage","project":"uk.gov.gchq.palisade:common","goal":"check","cause":null,"state":"STARTED"}
12:56:04.261 [INFO]   [Measuring]   out: [INFO] 
12:56:04.261 [INFO]   [Measuring]   out: [INFO] --- checkstyle:3.1.0:check (default-cli) @ common ---
12:56:04.930 [INFO]   [Measuring]   out: [INFO] Starting audit...
12:56:04.930 [INFO]   [Measuring]   out: Audit done.
12:56:04.936 [INFO]   [Measuring]   deserializing line [DIFFBLUE]{"__type":"com.diffblue.cover.buildsystem.model.DefaultEventMessage","project":"uk.gov.gchq.palisade:common","goal":"check","cause":null,"state":"SUCCESS"}
12:56:04.938 [INFO]   [Measuring]   deserializing line [DIFFBLUE]{"__type":"com.diffblue.cover.buildsystem.model.DefaultEventMessage","project":"uk.gov.gchq.palisade:common","goal":"prepare-agent","cause":null,"state":"STARTED"}
12:56:04.939 [INFO]   [Measuring]   out: [INFO] 
12:56:04.939 [INFO]   [Measuring]   out: [INFO] --- jacoco:0.8.5:prepare-agent (default-cli) @ common ---
12:56:05.058 [INFO]   [Measuring]   out: [INFO] argLine set to -javaagent:/home/jbergqvist/.m2/repository/org/jacoco/org.jacoco.agent/0.8.5/org.jacoco.agent-0.8.5-runtime.jar=destfile=/home/jbergqvist/diffblue/Palisade-common/target/jacoco.exec,append=true
12:56:05.060 [INFO]   [Measuring]   deserializing line [DIFFBLUE]{"__type":"com.diffblue.cover.buildsystem.model.DefaultEventMessage","project":"uk.gov.gchq.palisade:common","goal":"prepare-agent","cause":null,"state":"SUCCESS"}
12:56:05.062 [INFO]   [Measuring]   deserializing line [DIFFBLUE]{"__type":"com.diffblue.cover.buildsystem.model.DefaultEventMessage","project":"uk.gov.gchq.palisade:common","goal":"prepare-agent","cause":null,"state":"STARTED"}
12:56:05.063 [INFO]   [Measuring]   out: [INFO] 
12:56:05.063 [INFO]   [Measuring]   out: [INFO] --- jacoco:0.8.5:prepare-agent (agent) @ common ---
12:56:05.063 [INFO]   [Measuring]   out: [INFO] argLine set to -javaagent:/home/jbergqvist/.m2/repository/org/jacoco/org.jacoco.agent/0.8.5/org.jacoco.agent-0.8.5-runtime.jar=destfile=/home/jbergqvist/diffblue/Palisade-common/target/jacoco.exec,append=true
12:56:05.065 [INFO]   [Measuring]   deserializing line [DIFFBLUE]{"__type":"com.diffblue.cover.buildsystem.model.DefaultEventMessage","project":"uk.gov.gchq.palisade:common","goal":"prepare-agent","cause":null,"state":"SUCCESS"}
12:56:05.067 [INFO]   [Measuring]   deserializing line [DIFFBLUE]{"__type":"com.diffblue.cover.buildsystem.model.DefaultEventMessage","project":"uk.gov.gchq.palisade:common","goal":"resources","cause":null,"state":"STARTED"}
12:56:05.068 [INFO]   [Measuring]   out: [INFO] 
12:56:05.068 [INFO]   [Measuring]   out: [INFO] --- resources:3.3.1:resources (default-resources) @ common ---
12:56:05.118 [INFO]   [Measuring]   out: [INFO] Copying 1 resource from src/main/resources to target/classes
12:56:05.123 [INFO]   [Measuring]   deserializing line [DIFFBLUE]{"__type":"com.diffblue.cover.buildsystem.model.DefaultEventMessage","project":"uk.gov.gchq.palisade:common","goal":"resources","cause":null,"state":"SUCCESS"}
12:56:05.124 [INFO]   [Measuring]   deserializing line [DIFFBLUE]{"__type":"com.diffblue.cover.buildsystem.model.DefaultEventMessage","project":"uk.gov.gchq.palisade:common","goal":"flatten","cause":null,"state":"STARTED"}
12:56:05.125 [INFO]   [Measuring]   out: [INFO] 
12:56:05.125 [INFO]   [Measuring]   out: [INFO] --- flatten:1.1.0:flatten (flatten) @ common ---
12:56:05.216 [INFO]   [Measuring]   out: [INFO] Generating flattened POM of project uk.gov.gchq.palisade:common:jar:0.5.2-SNAPSHOT...
12:56:05.249 [INFO]   [Measuring]   deserializing line [DIFFBLUE]{"__type":"com.diffblue.cover.buildsystem.model.DefaultEventMessage","project":"uk.gov.gchq.palisade:common","goal":"flatten","cause":null,"state":"SUCCESS"}
12:56:05.251 [INFO]   [Measuring]   deserializing line [DIFFBLUE]{"__type":"com.diffblue.cover.buildsystem.model.DefaultEventMessage","project":"uk.gov.gchq.palisade:common","goal":"compile","cause":null,"state":"STARTED"}
12:56:05.252 [INFO]   [Measuring]   out: [INFO] 
12:56:05.252 [INFO]   [Measuring]   out: [INFO] --- compiler:3.8.0:compile (default-compile) @ common ---
12:56:05.336 [INFO]   [Measuring]   out: [INFO] Nothing to compile - all classes are up to date
12:56:05.337 [INFO]   [Measuring]   deserializing line [DIFFBLUE]{"__type":"com.diffblue.cover.buildsystem.model.DefaultEventMessage","project":"uk.gov.gchq.palisade:common","goal":"compile","cause":null,"state":"SUCCESS"}
12:56:05.339 [INFO]   [Measuring]   deserializing line [DIFFBLUE]{"__type":"com.diffblue.cover.buildsystem.model.DefaultEventMessage","project":"uk.gov.gchq.palisade:common","goal":"javadoc-no-fork","cause":null,"state":"STARTED"}
12:56:05.339 [INFO]   [Measuring]   out: [INFO] 
12:56:05.339 [INFO]   [Measuring]   out: [INFO] --- javadoc:3.1.0:javadoc-no-fork (javadoc-compile) @ common ---
12:56:06.962 [INFO]   [Measuring]   deserializing line [DIFFBLUE]{"__type":"com.diffblue.cover.buildsystem.model.DefaultEventMessage","project":"uk.gov.gchq.palisade:common","goal":"javadoc-no-fork","cause":null,"state":"SUCCESS"}
12:56:06.963 [INFO]   [Measuring]   deserializing line [DIFFBLUE]{"__type":"com.diffblue.cover.buildsystem.model.DefaultEventMessage","project":"uk.gov.gchq.palisade:common","goal":"aggregate-no-fork","cause":null,"state":"STARTED"}
12:56:06.964 [INFO]   [Measuring]   out: [INFO] 
12:56:06.964 [INFO]   [Measuring]   out: [INFO] --- javadoc:3.1.0:aggregate-no-fork (javadoc-compile) @ common ---
12:56:08.323 [INFO]   [Measuring]   deserializing line [DIFFBLUE]{"__type":"com.diffblue.cover.buildsystem.model.DefaultEventMessage","project":"uk.gov.gchq.palisade:common","goal":"aggregate-no-fork","cause":null,"state":"SUCCESS"}
12:56:08.324 [INFO]   [Measuring]   deserializing line [DIFFBLUE]{"__type":"com.diffblue.cover.buildsystem.model.DefaultEventMessage","project":"uk.gov.gchq.palisade:common","goal":"testResources","cause":null,"state":"STARTED"}
12:56:08.325 [INFO]   [Measuring]   out: [INFO] 
12:56:08.325 [INFO]   [Measuring]   out: [INFO] --- resources:3.3.1:testResources (default-testResources) @ common ---
12:56:08.325 [INFO]   [Measuring]   out: [INFO] skip non existing resourceDirectory /home/jbergqvist/diffblue/Palisade-common/src/test/resources
12:56:08.326 [INFO]   [Measuring]   deserializing line [DIFFBLUE]{"__type":"com.diffblue.cover.buildsystem.model.DefaultEventMessage","project":"uk.gov.gchq.palisade:common","goal":"testResources","cause":null,"state":"SUCCESS"}
12:56:08.327 [INFO]   [Measuring]   deserializing line [DIFFBLUE]{"__type":"com.diffblue.cover.buildsystem.model.DefaultEventMessage","project":"uk.gov.gchq.palisade:common","goal":"testCompile","cause":null,"state":"STARTED"}
12:56:08.328 [INFO]   [Measuring]   out: [INFO] 
12:56:08.328 [INFO]   [Measuring]   out: [INFO] --- compiler:3.8.0:testCompile (default-testCompile) @ common ---
12:56:08.331 [INFO]   [Measuring]   out: [INFO] Nothing to compile - all classes are up to date
12:56:08.332 [INFO]   [Measuring]   deserializing line [DIFFBLUE]{"__type":"com.diffblue.cover.buildsystem.model.DefaultEventMessage","project":"uk.gov.gchq.palisade:common","goal":"testCompile","cause":null,"state":"SUCCESS"}
12:56:08.333 [INFO]   [Measuring]   deserializing line [DIFFBLUE]{"__type":"com.diffblue.cover.buildsystem.model.DefaultEventMessage","project":"uk.gov.gchq.palisade:common","goal":"test","cause":null,"state":"STARTED"}
12:56:08.334 [INFO]   [Measuring]   out: [INFO] 
12:56:08.334 [INFO]   [Measuring]   out: [INFO] --- surefire:3.2.5:test (default-test) @ common ---
12:56:08.399 [INFO]   [Measuring]   deserializing line [DIFFBLUE]{"__type":"com.diffblue.cover.buildsystem.model.DefaultEventMessage","project":"uk.gov.gchq.palisade:common","goal":"test","cause":null,"state":"SUCCESS"}
12:56:08.400 [INFO]   [Measuring]   deserializing line [DIFFBLUE]{"__type":"com.diffblue.cover.buildsystem.model.DefaultEventMessage","project":"uk.gov.gchq.palisade:common","goal":"report","cause":null,"state":"STARTED"}
12:56:08.401 [INFO]   [Measuring]   out: [INFO] 
12:56:08.401 [INFO]   [Measuring]   out: [INFO] --- jacoco:0.8.5:report (default-cli) @ common ---
12:56:08.447 [INFO]   [Measuring]   out: [INFO] Loading execution data file /home/jbergqvist/diffblue/Palisade-common/target/jacoco.exec
12:56:08.504 [INFO]   [Measuring]   out: [INFO] Analyzed bundle 'GCHQ Palisade Common Library' with 25 classes
12:56:08.547 [INFO]   [Measuring]   deserializing line [DIFFBLUE]{"__type":"com.diffblue.cover.buildsystem.model.DefaultEventMessage","project":"uk.gov.gchq.palisade:common","goal":"report","cause":null,"state":"SUCCESS"}
12:56:08.572 [INFO]   [Measuring]   deserializing line [DIFFBLUE]{"__type":"com.diffblue.cover.buildsystem.model.DefaultProjectModuleMessage","project":{"__type":"DefaultProjectModule","junitReport":["/home/jbergqvist/diffblue/Palisade-common/target/surefire-reports"],"jacocoReport":["/home/jbergqvist/diffblue/Palisade-common/target/site/jacoco/jacoco.xml"],"jacocoDestFile":["${sonar.jacoco.reportPath}","/home/jbergqvist/diffblue/Palisade-common/target/jacoco.exec"],"jacocoFormats":["xml"],"jacocoSkipped":false,"classpath":["/home/jbergqvist/diffblue/Palisade-common/target/classes","/home/jbergqvist/.m2/repository/com/typesafe/akka/akka-stream_2.13/2.6.10/akka-stream_2.13-2.6.10.jar","/home/jbergqvist/.m2/repository/org/scala-lang/scala-library/2.13.3/scala-library-2.13.3.jar","/home/jbergqvist/.m2/repository/com/typesafe/akka/akka-actor_2.13/2.6.10/akka-actor_2.13-2.6.10.jar","/home/jbergqvist/.m2/repository/com/typesafe/config/1.4.0/config-1.4.0.jar","/home/jbergqvist/.m2/repository/org/scala-lang/modules/scala-java8-compat_2.13/0.9.0/scala-java8-compat_2.13-0.9.0.jar","/home/jbergqvist/.m2/repository/com/typesafe/akka/akka-protobuf-v3_2.13/2.6.10/akka-protobuf-v3_2.13-2.6.10.jar","/home/jbergqvist/.m2/repository/org/reactivestreams/reactive-streams/1.0.3/reactive-streams-1.0.3.jar","/home/jbergqvist/.m2/repository/com/typesafe/ssl-config-core_2.13/0.4.2/ssl-config-core_2.13-0.4.2.jar","/home/jbergqvist/.m2/repository/org/scala-lang/modules/scala-parser-combinators_2.13/1.1.2/scala-parser-combinators_2.13-1.1.2.jar","/home/jbergqvist/.m2/repository/org/junit/jupiter/junit-jupiter-engine/5.13.4/junit-jupiter-engine-5.13.4.jar","/home/jbergqvist/.m2/repository/org/junit/platform/junit-platform-engine/1.13.4/junit-platform-engine-1.13.4.jar","/home/jbergqvist/.m2/repository/org/opentest4j/opentest4j/1.3.0/opentest4j-1.3.0.jar","/home/jbergqvist/.m2/repository/org/junit/platform/junit-platform-commons/1.13.4/junit-platform-commons-1.13.4.jar","/home/jbergqvist/.m2/repository/org/junit/jupiter/junit-jupiter-api/5.13.4/junit-jupiter-api-5.13.4.jar","/home/jbergqvist/.m2/repository/org/apiguardian/apiguardian-api/1.1.2/apiguardian-api-1.1.2.jar","/home/jbergqvist/.m2/repository/org/mockito/mockito-core/5.20.0/mockito-core-5.20.0.jar","/home/jbergqvist/.m2/repository/net/bytebuddy/byte-buddy/1.17.7/byte-buddy-1.17.7.jar","/home/jbergqvist/.m2/repository/net/bytebuddy/byte-buddy-agent/1.17.7/byte-buddy-agent-1.17.7.jar","/home/jbergqvist/.m2/repository/org/objenesis/objenesis/3.3/objenesis-3.3.jar","/home/jbergqvist/.m2/repository/org/mockito/mockito-junit-jupiter/5.20.0/mockito-junit-jupiter-5.20.0.jar","/home/jbergqvist/.m2/repository/com/fasterxml/jackson/core/jackson-databind/2.11.0/jackson-databind-2.11.0.jar","/home/jbergqvist/.m2/repository/com/fasterxml/jackson/core/jackson-annotations/2.11.0/jackson-annotations-2.11.0.jar","/home/jbergqvist/.m2/repository/com/fasterxml/jackson/core/jackson-core/2.11.0/jackson-core-2.11.0.jar","/home/jbergqvist/.m2/repository/org/slf4j/slf4j-api/1.7.25/slf4j-api-1.7.25.jar","/home/jbergqvist/.m2/repository/com/diffblue/cover/cover-annotations/1.8.0/cover-annotations-1.8.0.jar"],"complianceLevel":"11","productionSources":["/home/jbergqvist/diffblue/Palisade-common/src/main/java"],"testSources":["/home/jbergqvist/diffblue/Palisade-common/src/test/java"],"productionClasses":"/home/jbergqvist/diffblue/Palisade-common/target/classes","testClasses":"/home/jbergqvist/diffblue/Palisade-common/target/test-classes","sourceToBuildPathMap":null,"testSourceToBuildPathMap":null,"buildDirectory":"/home/jbergqvist/diffblue/Palisade-common/target","plugins":[{"__type":"DefaultPlugin","groupId":"org.apache.maven.plugins","artefactId":"maven-compiler-plugin","version":"3.8.0","pluginClassName":null},{"__type":"DefaultPlugin","groupId":"org.apache.maven.plugins","artefactId":"maven-javadoc-plugin","version":"3.1.0","pluginClassName":null},{"__type":"DefaultPlugin","groupId":"org.apache.maven.plugins","artefactId":"maven-dependency-plugin","version":"3.1.2","pluginClassName":null},{"__type":"DefaultPlugin","groupId":"org.codehaus.mojo","artefactId":"flatten-maven-plugin","version":"1.1.0","pluginClassName":null},{"__type":"DefaultPlugin","groupId":"org.codehaus.mojo","artefactId":"license-maven-plugin","version":"2.0.0","pluginClassName":null},{"__type":"DefaultPlugin","groupId":"org.jacoco","artefactId":"jacoco-maven-plugin","version":"0.8.5","pluginClassName":null},{"__type":"DefaultPlugin","groupId":"org.apache.maven.plugins","artefactId":"maven-checkstyle-plugin","version":"3.1.0","pluginClassName":null},{"__type":"DefaultPlugin","groupId":"org.apache.maven.plugins","artefactId":"maven-clean-plugin","version":"3.2.0","pluginClassName":null},{"__type":"DefaultPlugin","groupId":"org.apache.maven.plugins","artefactId":"maven-resources-plugin","version":"3.3.1","pluginClassName":null},{"__type":"DefaultPlugin","groupId":"org.apache.maven.plugins","artefactId":"maven-jar-plugin","version":"3.4.1","pluginClassName":null},{"__type":"DefaultPlugin","groupId":"org.apache.maven.plugins","artefactId":"maven-surefire-plugin","version":"3.2.5","pluginClassName":null},{"__type":"DefaultPlugin","groupId":"org.apache.maven.plugins","artefactId":"maven-install-plugin","version":"3.1.2","pluginClassName":null},{"__type":"DefaultPlugin","groupId":"org.apache.maven.plugins","artefactId":"maven-deploy-plugin","version":"3.1.2","pluginClassName":null},{"__type":"DefaultPlugin","groupId":"org.apache.maven.plugins","artefactId":"maven-site-plugin","version":"3.12.1","pluginClassName":null}],"version":"3.9.12","encoding":"UTF-8","name":"maven","subModules":[],"simpleModuleName":null,"parentModuleName":null,"location":"/home/jbergqvist/diffblue/Palisade-common","fullModuleName":"uk.gov.gchq.palisade:common"}}
12:56:08.574 [INFO]   [Measuring]   out: [INFO] ------------------------------------------------------------------------
12:56:08.574 [INFO]   [Measuring]   out: [INFO] BUILD SUCCESS
12:56:08.574 [INFO]   [Measuring]   out: [INFO] ------------------------------------------------------------------------
12:56:08.574 [INFO]   [Measuring]   out: [INFO] Total time:  4.710 s
12:56:08.574 [INFO]   [Measuring]   out: [INFO] Finished at: 2026-01-12T12:56:08Z
12:56:08.574 [INFO]   [Measuring]   out: [INFO] ------------------------------------------------------------------------
12:56:08.576 [INFO]   [Measuring]   deserializing line [DIFFBLUE]{"__type":"com.diffblue.cover.buildsystem.model.ProjectInfoMessage","projectName":"uk.gov.gchq.palisade:common","productionSources":["/home/jbergqvist/diffblue/Palisade-common/src/main/java","/home/jbergqvist/diffblue/Palisade-common/target/generated-sources/annotations"],"testSources":["/home/jbergqvist/diffblue/Palisade-common/src/test/java","/home/jbergqvist/diffblue/Palisade-common/target/generated-test-sources/test-annotations"],"location":"/home/jbergqvist/diffblue/Palisade-common"}
12:56:08.619 [INFO]   [Measuring]   maven:err process not stopped, joining thread
12:56:08.619 [INFO]   [Measuring]   maven:out process not stopped, joining thread
12:56:08.620 [INFO]   [Measuring]   JaCoCo report file created in /home/jbergqvist/diffblue/Palisade-common/.diffblue/reports/manual-tests-jacoco-report.xml
12:56:08.625 [INFO]   [Measuring]   
12:56:08.630 [INFO]   [Measuring]   Diffblue tests cover 110 of 234 lines to cover (47.0%)
12:56:08.634 [INFO]   [Measuring]   Manual tests cover 0 of 234 lines to cover (0.0%)
12:56:08.744 [INFO]   [Reporting]   Writing JSON report to /home/jbergqvist/diffblue/Palisade-common/.diffblue/reports/report.json
12:56:08.841 [INFO]   [Reporting]   
12:56:08.841 [INFO]   [Reporting]   Log file: /home/jbergqvist/diffblue/Palisade-common/.diffblue/log/user-20260112T125406.log
12:56:08.841 [INFO]   [Reporting]   Finished in 1m 56s
