13:02:37.052 [DEBUG]  [Preparing]   [main]              [com.diffblue.cover.commons.configuration.e] Loading properties from resources
13:02:37.053 [DEBUG]  [Preparing]   [main]              [com.diffblue.cover.commons.configuration.e] Loading properties from installation directory
13:02:37.053 [DEBUG]  [Preparing]   [main]              [com.diffblue.cover.commons.configuration.e] /opt/cover/cover.properties doesn't exist
13:02:37.054 [DEBUG]  [Preparing]   [main]              [com.diffblue.cover.commons.configuration.e] Loading properties from user home directory
13:02:37.054 [DEBUG]  [Preparing]   [main]              [com.diffblue.cover.commons.configuration.e] /home/jbergqvist/.diffblue/cover.properties doesn't exist
13:02:37.054 [DEBUG]  [Preparing]   [main]              [com.diffblue.cover.commons.configuration.e] Loaded properties
13:02:37.055 [DEBUG]  [Preparing]   [main]              [com.diffblue.cover.commons.configuration.e] Property cover.disableEnvironmentCache has not been set, using default value false
13:02:37.076 [DEBUG]  [Preparing]   [main]              [com.diffblue.cover.commons.configuration.e] Property cover.licence.environment has not been set, using default value PRODUCTION
13:02:37.585 [DEBUG]  [Preparing]   [main]              [com.diffblue.cover.commons.configuration.e] Loading properties from resources
13:02:37.585 [DEBUG]  [Preparing]   [main]              [com.diffblue.cover.commons.configuration.e] Loading properties from installation directory
13:02:37.585 [DEBUG]  [Preparing]   [main]              [com.diffblue.cover.commons.configuration.e]  - telemetry.collect.username: false
13:02:37.586 [DEBUG]  [Preparing]   [main]              [com.diffblue.cover.commons.configuration.e]  - telemetry.external.environment: production
13:02:37.586 [DEBUG]  [Preparing]   [main]              [com.diffblue.cover.commons.configuration.e]  - telemetry.collect.username: false
13:02:37.586 [DEBUG]  [Preparing]   [main]              [com.diffblue.cover.commons.configuration.e]  - telemetry.external.environment: production
13:02:37.586 [DEBUG]  [Preparing]   [main]              [com.diffblue.cover.commons.configuration.e] Loading properties from user home directory
13:02:37.586 [DEBUG]  [Preparing]   [main]              [com.diffblue.cover.commons.configuration.e]  - telemetry.external.environment: production
13:02:37.586 [DEBUG]  [Preparing]   [main]              [com.diffblue.cover.commons.configuration.e]  - telemetry.id: f11a2ef0-98f3-4977-8276-e71972899881
13:02:37.586 [DEBUG]  [Preparing]   [main]              [com.diffblue.cover.commons.configuration.e] Loaded properties
13:02:37.586 [DEBUG]  [Preparing]   [main]              [com.diffblue.cover.commons.configuration.e]  - telemetry.collect.username: false
13:02:37.586 [DEBUG]  [Preparing]   [main]              [com.diffblue.cover.commons.configuration.e]  - telemetry.external.environment: production
13:02:37.586 [DEBUG]  [Preparing]   [main]              [com.diffblue.cover.commons.configuration.e]  - telemetry.id: f11a2ef0-98f3-4977-8276-e71972899881
13:02:37.586 [DEBUG]  [Preparing]   [main]              [com.diffblue.cover.commons.configuration.e] Property telemetry.collect.username set in properties file to value false
13:02:37.587 [DEBUG]  [Preparing]   [main]              [com.diffblue.cover.commons.configuration.e] Property telemetry.external.environment set in properties file to value production
13:02:37.587 [DEBUG]  [Preparing]   [main]              [com.diffblue.cover.commons.configuration.e] Property telemetry.id set in properties file to value f11a2ef0-98f3-4977-8276-e71972899881
13:02:37.594 [DEBUG]  [Preparing]   [main]              [com.diffblue.cover.commons.configuration.e] Property telemetry.external.enabled has not been set, using default value true
13:02:37.594 [DEBUG]  [Preparing]   [main]              [com.diffblue.cover.commons.configuration.e] Property telemetry.reports.scheme has not been set, using default value http
13:02:37.594 [DEBUG]  [Preparing]   [main]              [com.diffblue.cover.commons.configuration.e] Property telemetry.reports.hostname has not been set, using default value localhost
13:02:37.595 [DEBUG]  [Preparing]   [main]              [com.diffblue.cover.commons.configuration.e] Property telemetry.reports.port has not been set, using default value 8080
13:02:37.595 [DEBUG]  [Preparing]   [main]              [com.diffblue.cover.commons.configuration.e] Property telemetry.reports.enabled has not been set, using default value false
13:02:37.596 [DEBUG]  [Preparing]   [main]              [com.diffblue.cover.d.a] Checking connectivity of telemetry (mixpanel) to uri: https://api-eu.mixpanel.com
13:02:37.650 [DEBUG]  [Preparing]   [main]              [com.diffblue.cover.d.a] Unable to connect to telemetry (mixpanel) with error: 
java.net.ConnectException: Connection refused (Connection refused)
	at java.base/java.net.PlainSocketImpl.socketConnect(Native Method)
	at java.base/java.net.AbstractPlainSocketImpl.doConnect(AbstractPlainSocketImpl.java:412)
	at java.base/java.net.AbstractPlainSocketImpl.connectToAddress(AbstractPlainSocketImpl.java:255)
	at java.base/java.net.AbstractPlainSocketImpl.connect(AbstractPlainSocketImpl.java:237)
	at java.base/java.net.SocksSocketImpl.connect(SocksSocketImpl.java:392)
	at java.base/java.net.Socket.connect(Socket.java:609)
	at java.base/sun.security.ssl.SSLSocketImpl.connect(SSLSocketImpl.java:305)
	at java.base/sun.net.NetworkClient.doConnect(NetworkClient.java:177)
	at java.base/sun.net.www.http.HttpClient.openServer(HttpClient.java:509)
	at java.base/sun.net.www.http.HttpClient.openServer(HttpClient.java:604)
	at java.base/sun.net.www.protocol.https.HttpsClient.<init>(HttpsClient.java:266)
	at java.base/sun.net.www.protocol.https.HttpsClient.New(HttpsClient.java:373)
	at java.base/sun.net.www.protocol.https.AbstractDelegateHttpsURLConnection.getNewHttpClient(AbstractDelegateHttpsURLConnection.java:207)
	at java.base/sun.net.www.protocol.http.HttpURLConnection.plainConnect0(HttpURLConnection.java:1204)
	at java.base/sun.net.www.protocol.http.HttpURLConnection.plainConnect(HttpURLConnection.java:1098)
	at java.base/sun.net.www.protocol.https.AbstractDelegateHttpsURLConnection.connect(AbstractDelegateHttpsURLConnection.java:193)
	at java.base/sun.net.www.protocol.http.HttpURLConnection.getInputStream0(HttpURLConnection.java:1631)
	at java.base/sun.net.www.protocol.http.HttpURLConnection.getInputStream(HttpURLConnection.java:1559)
	at java.base/java.net.HttpURLConnection.getResponseCode(HttpURLConnection.java:527)
	at java.base/sun.net.www.protocol.https.HttpsURLConnectionImpl.getResponseCode(HttpsURLConnectionImpl.java:334)
	at com.diffblue.cover.d.a.a(SourceFile:150)
	at com.diffblue.cover.analytics.c.b.a(SourceFile:54)
	at com.diffblue.cover.analytics.a.c.d(SourceFile:338)
	at com.diffblue.cover.analytics.b.a.d(SourceFile:56)
	at com.diffblue.cover.analytics.a.h.d(SourceFile:57)
	at java.base/java.util.ArrayList.forEach(ArrayList.java:1541)
	at com.diffblue.cover.analytics.a.m.d(SourceFile:72)
	at com.diffblue.cover.ui.controller.ak.a(SourceFile:190)
	at com.diffblue.cover.ui.Main.main(SourceFile:63)
	at java.base/jdk.internal.reflect.NativeMethodAccessorImpl.invoke0(Native Method)
	at java.base/jdk.internal.reflect.NativeMethodAccessorImpl.invoke(NativeMethodAccessorImpl.java:62)
	at java.base/jdk.internal.reflect.DelegatingMethodAccessorImpl.invoke(DelegatingMethodAccessorImpl.java:43)
	at java.base/java.lang.reflect.Method.invoke(Method.java:566)
	at com.diffblue.cover.launcher.Launcher.invokeMainMethod(Launcher.java:118)
	at com.diffblue.cover.launcher.Launcher.main(Launcher.java:74)
13:02:37.903 [DEBUG]  [Preparing]   [main]              [com.diffblue.cover.ui.controller.ak] Client heap size: 16016 MB
13:02:37.912 [INFO]   [Preparing]   [main]              [com.diffblue.cover.ui.controller.s] Diffblue Cover 2025.12.02-74144f0-licensed
13:02:37.913 [INFO]   [Preparing]   [main]              [com.diffblue.cover.ui.controller.s] Running: dcover create --coverage-reports
13:02:37.913 [INFO]   [Preparing]   [main]              [com.diffblue.cover.ui.controller.am] 
13:02:37.913 [INFO]   [Preparing]   [main]              [com.diffblue.cover.ui.controller.am] Command: create
13:02:37.914 [INFO]   [Preparing]   [main]              [com.diffblue.cover.ui.controller.am] Create tests for the specified package/class/method.
13:02:37.914 [INFO]   [Preparing]   [main]              [com.diffblue.cover.ui.controller.am] 
13:02:38.019 [DEBUG]  [Preparing]   [main]              [com.diffblue.cover.commons.configuration.e] Property cover.extraLogging has not been set, and no default value provided
13:02:38.021 [DEBUG]  [Preparing]   [main]              [com.diffblue.cover.commons.configuration.e] Checking Cover Property extraLogging under alias extra.logging
13:02:38.021 [DEBUG]  [Preparing]   [main]              [com.diffblue.cover.commons.configuration.e] Property extra.logging has not been set, and no default value provided
13:02:39.829 [DEBUG]  [Checking]    [main]              [com.diffblue.cover.r.b.h] initializeManager for Offline
13:02:39.941 [DEBUG]  [Checking]    [main]              [com.diffblue.cover.r.b.d] Checking license edition
13:02:39.991 [DEBUG]  [Checking]    [main]              [com.diffblue.cover.r.b.c] Licence label to match: Enterprise Edition
13:02:39.992 [DEBUG]  [Checking]    [main]              [com.diffblue.cover.r.b.h] checkLicense for Offline
13:02:40.324 [DEBUG]  [Checking]    [main]              [com.diffblue.cover.configuration.b] Using JSON detector cache at /home/jbergqvist/diffblue/Palisade-common/.diffblue/cache/env.json
13:02:40.506 [DEBUG]  [Checking]    [main]              [com.diffblue.cover.configuration.a.g] checking if /home/jbergqvist/diffblue/Palisade-common/DiffblueBuild.yaml exists...
13:02:40.506 [DEBUG]  [Checking]    [main]              [com.diffblue.cover.configuration.a.g] checking if /home/jbergqvist/diffblue/Palisade-common/DiffblueBuild.yml exists...
13:02:40.588 [DEBUG]  [Checking]    [main]              [com.diffblue.cover.configuration.a.e] DetectorCache miss DETECTED_BUILD_SYSTEM_GRADLE
13:02:40.588 [DEBUG]  [Checking]    [main]              [com.diffblue.cover.configuration.cache.a] Writing cache to /home/jbergqvist/diffblue/Palisade-common/.diffblue/cache/env.json containing 12 items
13:02:40.627 [DEBUG]  [Checking]    [main]              [com.diffblue.cover.configuration.a.d] Maven home found: /home/jbergqvist/.sdkman/candidates/maven/current
13:02:40.630 [INFO]   [Checking]    [main]              [com.diffblue.cover.configuration.a.d] Maven Using ${maven.home} of: /home/jbergqvist/.sdkman/candidates/maven/current.
13:02:40.632 [INFO]   [Checking]    [main]              [com.diffblue.cover.configuration.a.d] Maven Executing: /bin/sh -c cd /home/jbergqvist/diffblue/Palisade-common && /home/jbergqvist/.sdkman/candidates/maven/3.9.12/bin/mvn -B -version
13:02:40.846 [INFO]   [Checking]    [main]              [com.diffblue.cover.buildsystem.internal.c.a] Standard output of build tool (Maven)
13:02:40.846 [INFO]   [Checking]    [main]              [com.diffblue.cover.buildsystem.internal.c.a] > Apache Maven 3.9.12 (848fbb4bf2d427b72bdb2471c22fced7ebd9a7a1)
13:02:40.846 [INFO]   [Checking]    [main]              [com.diffblue.cover.buildsystem.internal.c.a] > Maven home: /home/jbergqvist/.sdkman/candidates/maven/3.9.12
13:02:40.846 [INFO]   [Checking]    [main]              [com.diffblue.cover.buildsystem.internal.c.a] > Java version: 11.0.29, vendor: Amazon.com Inc., runtime: /home/jbergqvist/.sdkman/candidates/java/11.0.29-amzn
13:02:40.846 [INFO]   [Checking]    [main]              [com.diffblue.cover.buildsystem.internal.c.a] > Default locale: en_GB, platform encoding: UTF-8
13:02:40.846 [INFO]   [Checking]    [main]              [com.diffblue.cover.buildsystem.internal.c.a] > OS name: "linux", version: "6.8.0-90-generic", arch: "amd64", family: "unix"
13:02:40.849 [DEBUG]  [Checking]    [main]              [com.diffblue.cover.buildsystem.config.registry.Registry] checking if /home/jbergqvist/diffblue/Palisade-common/DiffblueBuild.yaml exists...
13:02:40.849 [DEBUG]  [Checking]    [main]              [com.diffblue.cover.buildsystem.config.registry.Registry] checking if /home/jbergqvist/diffblue/Palisade-common/DiffblueBuild.yml exists...
13:02:40.849 [INFO]   [Checking]    [main]              [com.diffblue.cover.buildsystem.config.registry.Registry] Using default build rules as no custom rules found in any of [/home/jbergqvist/diffblue/Palisade-common]
13:02:40.851 [DEBUG]  [Checking]    [main]              [com.diffblue.cover.buildsystem.config.registry.Registry] Build execution request for Classpath Phase
13:02:40.853 [INFO]   [Checking]    [main]              [com.diffblue.cover.buildsystem.config.a.a] Attempting to invoke mvnw in working directory: /home/jbergqvist/diffblue/Palisade-common
13:02:40.853 [INFO]   [Checking]    [main]              [com.diffblue.cover.buildsystem.config.a.a] Attempting to invoke /home/jbergqvist/.sdkman/candidates/maven/current/bin/mvn in working directory: /home/jbergqvist/diffblue/Palisade-common
13:02:40.854 [INFO]   [Checking]    [main]              [com.diffblue.cover.buildsystem.config.a.a] Started "/home/jbergqvist/.sdkman/candidates/maven/current/bin/mvn -Dmaven.ext.class.path=/opt/cover/cover-buildsystem-maven-spy-jar-with-dependencies.jar -Dcom.diffblue.cover.skipTests=true -DskipTestOptimizer --batch-mode --global-settings=/home/jbergqvist/.sdkman/candidates/maven/current/conf/settings.xml dependency:build-classpath"
13:02:41.617 [INFO]   [Checking]    [maven:out]         [com.diffblue.cover.buildsystem.config.a.a] out: [INFO] Scanning for projects...
13:02:41.730 [INFO]   [Checking]    [maven:out]         [com.diffblue.cover.buildsystem.config.a.a] out: [INFO] 
13:02:41.731 [INFO]   [Checking]    [maven:out]         [com.diffblue.cover.buildsystem.config.a.a] out: [INFO] --------------------< uk.gov.gchq.palisade:common >---------------------
13:02:41.731 [INFO]   [Checking]    [maven:out]         [com.diffblue.cover.buildsystem.config.a.a] out: [INFO] Building GCHQ Palisade Common Library 0.5.2-SNAPSHOT
13:02:41.731 [INFO]   [Checking]    [maven:out]         [com.diffblue.cover.buildsystem.config.a.a] out: [INFO]   from pom.xml
13:02:41.731 [INFO]   [Checking]    [maven:out]         [com.diffblue.cover.buildsystem.config.a.a] out: [INFO] --------------------------------[ jar ]---------------------------------
13:02:41.896 [INFO]   [Checking]    [maven:out]         [com.diffblue.cover.buildsystem.internal.f.f] deserializing line [DIFFBLUE]{"__type":"com.diffblue.cover.buildsystem.model.DefaultEventMessage","project":"uk.gov.gchq.palisade:common","goal":"build-classpath","cause":null,"state":"STARTED"}
13:02:41.938 [INFO]   [Checking]    [maven:out]         [com.diffblue.cover.buildsystem.config.a.a] out: [INFO] 
13:02:41.938 [INFO]   [Checking]    [maven:out]         [com.diffblue.cover.buildsystem.config.a.a] out: [INFO] --- dependency:3.1.2:build-classpath (default-cli) @ common ---
13:02:42.381 [INFO]   [Checking]    [maven:out]         [com.diffblue.cover.buildsystem.config.a.a] out: [INFO] Dependencies classpath:
13:02:42.381 [INFO]   [Checking]    [maven:out]         [com.diffblue.cover.buildsystem.config.a.a] out: /home/jbergqvist/.m2/repository/com/typesafe/akka/akka-stream_2.13/2.6.10/akka-stream_2.13-2.6.10.jar:/home/jbergqvist/.m2/repository/org/scala-lang/scala-library/2.13.3/scala-library-2.13.3.jar:/home/jbergqvist/.m2/repository/com/typesafe/akka/akka-actor_2.13/2.6.10/akka-actor_2.13-2.6.10.jar:/home/jbergqvist/.m2/repository/com/typesafe/config/1.4.0/config-1.4.0.jar:/home/jbergqvist/.m2/repository/org/scala-lang/modules/scala-java8-compat_2.13/0.9.0/scala-java8-compat_2.13-0.9.0.jar:/home/jbergqvist/.m2/repository/com/typesafe/akka/akka-protobuf-v3_2.13/2.6.10/akka-protobuf-v3_2.13-2.6.10.jar:/home/jbergqvist/.m2/repository/org/reactivestreams/reactive-streams/1.0.3/reactive-streams-1.0.3.jar:/home/jbergqvist/.m2/repository/com/typesafe/ssl-config-core_2.13/0.4.2/ssl-config-core_2.13-0.4.2.jar:/home/jbergqvist/.m2/repository/org/scala-lang/modules/scala-parser-combinators_2.13/1.1.2/scala-parser-combinators_2.13-1.1.2.jar:/home/jbergqvist/.m2/repository/org/junit/jupiter/junit-jupiter-engine/5.13.4/junit-jupiter-engine-5.13.4.jar:/home/jbergqvist/.m2/repository/org/junit/platform/junit-platform-engine/1.13.4/junit-platform-engine-1.13.4.jar:/home/jbergqvist/.m2/repository/org/opentest4j/opentest4j/1.3.0/opentest4j-1.3.0.jar:/home/jbergqvist/.m2/repository/org/junit/platform/junit-platform-commons/1.13.4/junit-platform-commons-1.13.4.jar:/home/jbergqvist/.m2/repository/org/junit/jupiter/junit-jupiter-api/5.13.4/junit-jupiter-api-5.13.4.jar:/home/jbergqvist/.m2/repository/org/apiguardian/apiguardian-api/1.1.2/apiguardian-api-1.1.2.jar:/home/jbergqvist/.m2/repository/org/mockito/mockito-core/5.20.0/mockito-core-5.20.0.jar:/home/jbergqvist/.m2/repository/net/bytebuddy/byte-buddy/1.17.7/byte-buddy-1.17.7.jar:/home/jbergqvist/.m2/repository/net/bytebuddy/byte-buddy-agent/1.17.7/byte-buddy-agent-1.17.7.jar:/home/jbergqvist/.m2/repository/org/objenesis/objenesis/3.3/objenesis-3.3.jar:/home/jbergqvist/.m2/repository/org/mockito/mockito-junit-jupiter/5.20.0/mockito-junit-jupiter-5.20.0.jar:/home/jbergqvist/.m2/repository/com/fasterxml/jackson/core/jackson-databind/2.11.0/jackson-databind-2.11.0.jar:/home/jbergqvist/.m2/repository/com/fasterxml/jackson/core/jackson-annotations/2.11.0/jackson-annotations-2.11.0.jar:/home/jbergqvist/.m2/repository/com/fasterxml/jackson/core/jackson-core/2.11.0/jackson-core-2.11.0.jar:/home/jbergqvist/.m2/repository/org/slf4j/slf4j-api/1.7.25/slf4j-api-1.7.25.jar:/home/jbergqvist/.m2/repository/com/diffblue/cover/cover-annotations/1.8.0/cover-annotations-1.8.0.jar
13:02:42.382 [INFO]   [Checking]    [maven:out]         [com.diffblue.cover.buildsystem.internal.f.f] deserializing line [DIFFBLUE]{"__type":"com.diffblue.cover.buildsystem.model.DefaultEventMessage","project":"uk.gov.gchq.palisade:common","goal":"build-classpath","cause":null,"state":"SUCCESS"}
13:02:42.411 [INFO]   [Checking]    [maven:out]         [com.diffblue.cover.buildsystem.internal.f.f] deserializing line [DIFFBLUE]{"__type":"com.diffblue.cover.buildsystem.model.DefaultProjectModuleMessage","project":{"__type":"DefaultProjectModule","junitReport":["/home/jbergqvist/diffblue/Palisade-common/target/surefire-reports"],"jacocoReport":["/home/jbergqvist/diffblue/Palisade-common/target/site/jacoco/jacoco.xml"],"jacocoDestFile":["${sonar.jacoco.reportPath}","/home/jbergqvist/diffblue/Palisade-common/target/jacoco.exec"],"jacocoFormats":["xml"],"jacocoSkipped":false,"classpath":["/home/jbergqvist/diffblue/Palisade-common/target/classes","/home/jbergqvist/.m2/repository/com/typesafe/akka/akka-stream_2.13/2.6.10/akka-stream_2.13-2.6.10.jar","/home/jbergqvist/.m2/repository/org/scala-lang/scala-library/2.13.3/scala-library-2.13.3.jar","/home/jbergqvist/.m2/repository/com/typesafe/akka/akka-actor_2.13/2.6.10/akka-actor_2.13-2.6.10.jar","/home/jbergqvist/.m2/repository/com/typesafe/config/1.4.0/config-1.4.0.jar","/home/jbergqvist/.m2/repository/org/scala-lang/modules/scala-java8-compat_2.13/0.9.0/scala-java8-compat_2.13-0.9.0.jar","/home/jbergqvist/.m2/repository/com/typesafe/akka/akka-protobuf-v3_2.13/2.6.10/akka-protobuf-v3_2.13-2.6.10.jar","/home/jbergqvist/.m2/repository/org/reactivestreams/reactive-streams/1.0.3/reactive-streams-1.0.3.jar","/home/jbergqvist/.m2/repository/com/typesafe/ssl-config-core_2.13/0.4.2/ssl-config-core_2.13-0.4.2.jar","/home/jbergqvist/.m2/repository/org/scala-lang/modules/scala-parser-combinators_2.13/1.1.2/scala-parser-combinators_2.13-1.1.2.jar","/home/jbergqvist/.m2/repository/org/junit/jupiter/junit-jupiter-engine/5.13.4/junit-jupiter-engine-5.13.4.jar","/home/jbergqvist/.m2/repository/org/junit/platform/junit-platform-engine/1.13.4/junit-platform-engine-1.13.4.jar","/home/jbergqvist/.m2/repository/org/opentest4j/opentest4j/1.3.0/opentest4j-1.3.0.jar","/home/jbergqvist/.m2/repository/org/junit/platform/junit-platform-commons/1.13.4/junit-platform-commons-1.13.4.jar","/home/jbergqvist/.m2/repository/org/junit/jupiter/junit-jupiter-api/5.13.4/junit-jupiter-api-5.13.4.jar","/home/jbergqvist/.m2/repository/org/apiguardian/apiguardian-api/1.1.2/apiguardian-api-1.1.2.jar","/home/jbergqvist/.m2/repository/org/mockito/mockito-core/5.20.0/mockito-core-5.20.0.jar","/home/jbergqvist/.m2/repository/net/bytebuddy/byte-buddy/1.17.7/byte-buddy-1.17.7.jar","/home/jbergqvist/.m2/repository/net/bytebuddy/byte-buddy-agent/1.17.7/byte-buddy-agent-1.17.7.jar","/home/jbergqvist/.m2/repository/org/objenesis/objenesis/3.3/objenesis-3.3.jar","/home/jbergqvist/.m2/repository/org/mockito/mockito-junit-jupiter/5.20.0/mockito-junit-jupiter-5.20.0.jar","/home/jbergqvist/.m2/repository/com/fasterxml/jackson/core/jackson-databind/2.11.0/jackson-databind-2.11.0.jar","/home/jbergqvist/.m2/repository/com/fasterxml/jackson/core/jackson-annotations/2.11.0/jackson-annotations-2.11.0.jar","/home/jbergqvist/.m2/repository/com/fasterxml/jackson/core/jackson-core/2.11.0/jackson-core-2.11.0.jar","/home/jbergqvist/.m2/repository/org/slf4j/slf4j-api/1.7.25/slf4j-api-1.7.25.jar","/home/jbergqvist/.m2/repository/com/diffblue/cover/cover-annotations/1.8.0/cover-annotations-1.8.0.jar"],"complianceLevel":"11","productionSources":["/home/jbergqvist/diffblue/Palisade-common/src/main/java"],"testSources":["/home/jbergqvist/diffblue/Palisade-common/src/test/java"],"productionClasses":"/home/jbergqvist/diffblue/Palisade-common/target/classes","testClasses":"/home/jbergqvist/diffblue/Palisade-common/target/test-classes","sourceToBuildPathMap":null,"testSourceToBuildPathMap":null,"buildDirectory":"/home/jbergqvist/diffblue/Palisade-common/target","plugins":[{"__type":"DefaultPlugin","groupId":"org.apache.maven.plugins","artefactId":"maven-compiler-plugin","version":"3.8.0","pluginClassName":null},{"__type":"DefaultPlugin","groupId":"org.apache.maven.plugins","artefactId":"maven-javadoc-plugin","version":"3.1.0","pluginClassName":null},{"__type":"DefaultPlugin","groupId":"org.apache.maven.plugins","artefactId":"maven-dependency-plugin","version":"3.1.2","pluginClassName":null},{"__type":"DefaultPlugin","groupId":"org.codehaus.mojo","artefactId":"flatten-maven-plugin","version":"1.1.0","pluginClassName":null},{"__type":"DefaultPlugin","groupId":"org.codehaus.mojo","artefactId":"license-maven-plugin","version":"2.0.0","pluginClassName":null},{"__type":"DefaultPlugin","groupId":"org.jacoco","artefactId":"jacoco-maven-plugin","version":"0.8.5","pluginClassName":null},{"__type":"DefaultPlugin","groupId":"org.apache.maven.plugins","artefactId":"maven-checkstyle-plugin","version":"3.1.0","pluginClassName":null},{"__type":"DefaultPlugin","groupId":"org.apache.maven.plugins","artefactId":"maven-clean-plugin","version":"3.2.0","pluginClassName":null},{"__type":"DefaultPlugin","groupId":"org.apache.maven.plugins","artefactId":"maven-resources-plugin","version":"3.3.1","pluginClassName":null},{"__type":"DefaultPlugin","groupId":"org.apache.maven.plugins","artefactId":"maven-jar-plugin","version":"3.4.1","pluginClassName":null},{"__type":"DefaultPlugin","groupId":"org.apache.maven.plugins","artefactId":"maven-surefire-plugin","version":"3.2.5","pluginClassName":null},{"__type":"DefaultPlugin","groupId":"org.apache.maven.plugins","artefactId":"maven-install-plugin","version":"3.1.2","pluginClassName":null},{"__type":"DefaultPlugin","groupId":"org.apache.maven.plugins","artefactId":"maven-deploy-plugin","version":"3.1.2","pluginClassName":null},{"__type":"DefaultPlugin","groupId":"org.apache.maven.plugins","artefactId":"maven-site-plugin","version":"3.12.1","pluginClassName":null}],"version":"3.9.12","encoding":"UTF-8","name":"maven","subModules":[],"simpleModuleName":null,"parentModuleName":null,"location":"/home/jbergqvist/diffblue/Palisade-common","fullModuleName":"uk.gov.gchq.palisade:common"}}
13:02:42.426 [INFO]   [Checking]    [maven:out]         [com.diffblue.cover.buildsystem.config.a.a] out: [INFO] ------------------------------------------------------------------------
13:02:42.427 [INFO]   [Checking]    [maven:out]         [com.diffblue.cover.buildsystem.config.a.a] out: [INFO] BUILD SUCCESS
13:02:42.427 [INFO]   [Checking]    [maven:out]         [com.diffblue.cover.buildsystem.config.a.a] out: [INFO] ------------------------------------------------------------------------
13:02:42.427 [INFO]   [Checking]    [maven:out]         [com.diffblue.cover.buildsystem.config.a.a] out: [INFO] Total time:  0.809 s
13:02:42.427 [INFO]   [Checking]    [maven:out]         [com.diffblue.cover.buildsystem.config.a.a] out: [INFO] Finished at: 2026-01-12T13:02:42Z
13:02:42.427 [INFO]   [Checking]    [maven:out]         [com.diffblue.cover.buildsystem.config.a.a] out: [INFO] ------------------------------------------------------------------------
13:02:42.427 [INFO]   [Checking]    [maven:out]         [com.diffblue.cover.buildsystem.internal.f.f] deserializing line [DIFFBLUE]{"__type":"com.diffblue.cover.buildsystem.model.ProjectInfoMessage","projectName":"uk.gov.gchq.palisade:common","productionSources":["/home/jbergqvist/diffblue/Palisade-common/src/main/java"],"testSources":["/home/jbergqvist/diffblue/Palisade-common/src/test/java"],"location":"/home/jbergqvist/diffblue/Palisade-common"}
13:02:42.470 [INFO]   [Checking]    [main]              [com.diffblue.cover.buildsystem.internal.f.d] maven:err process not stopped, joining thread
13:02:42.470 [INFO]   [Checking]    [main]              [com.diffblue.cover.buildsystem.internal.f.d] maven:out process not stopped, joining thread
13:02:42.470 [DEBUG]  [Checking]    [main]              [com.diffblue.cover.buildsystem.config.a.a] Executor spent 1s on command "/home/jbergqvist/.sdkman/candidates/maven/current/bin/mvn -Dmaven.ext.class.path=/opt/cover/cover-buildsystem-maven-spy-jar-with-dependencies.jar -Dcom.diffblue.cover.skipTests=true -DskipTestOptimizer --batch-mode --global-settings=/home/jbergqvist/.sdkman/candidates/maven/current/conf/settings.xml dependency:build-classpath"
13:02:42.470 [INFO]   [Checking]    [main]              [com.diffblue.cover.buildsystem.internal.f.f] Deserializing project module message
13:02:42.471 [INFO]   [Checking]    [main]              [com.diffblue.cover.buildsystem.internal.f.f] deserializing line [DIFFBLUE]{"__type":"com.diffblue.cover.buildsystem.model.DefaultEventMessage","project":"uk.gov.gchq.palisade:common","goal":"build-classpath","cause":null,"state":"STARTED"}
13:02:42.473 [INFO]   [Checking]    [main]              [com.diffblue.cover.buildsystem.internal.f.f] deserializing line [DIFFBLUE]{"__type":"com.diffblue.cover.buildsystem.model.DefaultEventMessage","project":"uk.gov.gchq.palisade:common","goal":"build-classpath","cause":null,"state":"SUCCESS"}
13:02:42.475 [INFO]   [Checking]    [main]              [com.diffblue.cover.buildsystem.internal.f.f] deserializing line [DIFFBLUE]{"__type":"com.diffblue.cover.buildsystem.model.DefaultProjectModuleMessage","project":{"__type":"DefaultProjectModule","junitReport":["/home/jbergqvist/diffblue/Palisade-common/target/surefire-reports"],"jacocoReport":["/home/jbergqvist/diffblue/Palisade-common/target/site/jacoco/jacoco.xml"],"jacocoDestFile":["${sonar.jacoco.reportPath}","/home/jbergqvist/diffblue/Palisade-common/target/jacoco.exec"],"jacocoFormats":["xml"],"jacocoSkipped":false,"classpath":["/home/jbergqvist/diffblue/Palisade-common/target/classes","/home/jbergqvist/.m2/repository/com/typesafe/akka/akka-stream_2.13/2.6.10/akka-stream_2.13-2.6.10.jar","/home/jbergqvist/.m2/repository/org/scala-lang/scala-library/2.13.3/scala-library-2.13.3.jar","/home/jbergqvist/.m2/repository/com/typesafe/akka/akka-actor_2.13/2.6.10/akka-actor_2.13-2.6.10.jar","/home/jbergqvist/.m2/repository/com/typesafe/config/1.4.0/config-1.4.0.jar","/home/jbergqvist/.m2/repository/org/scala-lang/modules/scala-java8-compat_2.13/0.9.0/scala-java8-compat_2.13-0.9.0.jar","/home/jbergqvist/.m2/repository/com/typesafe/akka/akka-protobuf-v3_2.13/2.6.10/akka-protobuf-v3_2.13-2.6.10.jar","/home/jbergqvist/.m2/repository/org/reactivestreams/reactive-streams/1.0.3/reactive-streams-1.0.3.jar","/home/jbergqvist/.m2/repository/com/typesafe/ssl-config-core_2.13/0.4.2/ssl-config-core_2.13-0.4.2.jar","/home/jbergqvist/.m2/repository/org/scala-lang/modules/scala-parser-combinators_2.13/1.1.2/scala-parser-combinators_2.13-1.1.2.jar","/home/jbergqvist/.m2/repository/org/junit/jupiter/junit-jupiter-engine/5.13.4/junit-jupiter-engine-5.13.4.jar","/home/jbergqvist/.m2/repository/org/junit/platform/junit-platform-engine/1.13.4/junit-platform-engine-1.13.4.jar","/home/jbergqvist/.m2/repository/org/opentest4j/opentest4j/1.3.0/opentest4j-1.3.0.jar","/home/jbergqvist/.m2/repository/org/junit/platform/junit-platform-commons/1.13.4/junit-platform-commons-1.13.4.jar","/home/jbergqvist/.m2/repository/org/junit/jupiter/junit-jupiter-api/5.13.4/junit-jupiter-api-5.13.4.jar","/home/jbergqvist/.m2/repository/org/apiguardian/apiguardian-api/1.1.2/apiguardian-api-1.1.2.jar","/home/jbergqvist/.m2/repository/org/mockito/mockito-core/5.20.0/mockito-core-5.20.0.jar","/home/jbergqvist/.m2/repository/net/bytebuddy/byte-buddy/1.17.7/byte-buddy-1.17.7.jar","/home/jbergqvist/.m2/repository/net/bytebuddy/byte-buddy-agent/1.17.7/byte-buddy-agent-1.17.7.jar","/home/jbergqvist/.m2/repository/org/objenesis/objenesis/3.3/objenesis-3.3.jar","/home/jbergqvist/.m2/repository/org/mockito/mockito-junit-jupiter/5.20.0/mockito-junit-jupiter-5.20.0.jar","/home/jbergqvist/.m2/repository/com/fasterxml/jackson/core/jackson-databind/2.11.0/jackson-databind-2.11.0.jar","/home/jbergqvist/.m2/repository/com/fasterxml/jackson/core/jackson-annotations/2.11.0/jackson-annotations-2.11.0.jar","/home/jbergqvist/.m2/repository/com/fasterxml/jackson/core/jackson-core/2.11.0/jackson-core-2.11.0.jar","/home/jbergqvist/.m2/repository/org/slf4j/slf4j-api/1.7.25/slf4j-api-1.7.25.jar","/home/jbergqvist/.m2/repository/com/diffblue/cover/cover-annotations/1.8.0/cover-annotations-1.8.0.jar"],"complianceLevel":"11","productionSources":["/home/jbergqvist/diffblue/Palisade-common/src/main/java"],"testSources":["/home/jbergqvist/diffblue/Palisade-common/src/test/java"],"productionClasses":"/home/jbergqvist/diffblue/Palisade-common/target/classes","testClasses":"/home/jbergqvist/diffblue/Palisade-common/target/test-classes","sourceToBuildPathMap":null,"testSourceToBuildPathMap":null,"buildDirectory":"/home/jbergqvist/diffblue/Palisade-common/target","plugins":[{"__type":"DefaultPlugin","groupId":"org.apache.maven.plugins","artefactId":"maven-compiler-plugin","version":"3.8.0","pluginClassName":null},{"__type":"DefaultPlugin","groupId":"org.apache.maven.plugins","artefactId":"maven-javadoc-plugin","version":"3.1.0","pluginClassName":null},{"__type":"DefaultPlugin","groupId":"org.apache.maven.plugins","artefactId":"maven-dependency-plugin","version":"3.1.2","pluginClassName":null},{"__type":"DefaultPlugin","groupId":"org.codehaus.mojo","artefactId":"flatten-maven-plugin","version":"1.1.0","pluginClassName":null},{"__type":"DefaultPlugin","groupId":"org.codehaus.mojo","artefactId":"license-maven-plugin","version":"2.0.0","pluginClassName":null},{"__type":"DefaultPlugin","groupId":"org.jacoco","artefactId":"jacoco-maven-plugin","version":"0.8.5","pluginClassName":null},{"__type":"DefaultPlugin","groupId":"org.apache.maven.plugins","artefactId":"maven-checkstyle-plugin","version":"3.1.0","pluginClassName":null},{"__type":"DefaultPlugin","groupId":"org.apache.maven.plugins","artefactId":"maven-clean-plugin","version":"3.2.0","pluginClassName":null},{"__type":"DefaultPlugin","groupId":"org.apache.maven.plugins","artefactId":"maven-resources-plugin","version":"3.3.1","pluginClassName":null},{"__type":"DefaultPlugin","groupId":"org.apache.maven.plugins","artefactId":"maven-jar-plugin","version":"3.4.1","pluginClassName":null},{"__type":"DefaultPlugin","groupId":"org.apache.maven.plugins","artefactId":"maven-surefire-plugin","version":"3.2.5","pluginClassName":null},{"__type":"DefaultPlugin","groupId":"org.apache.maven.plugins","artefactId":"maven-install-plugin","version":"3.1.2","pluginClassName":null},{"__type":"DefaultPlugin","groupId":"org.apache.maven.plugins","artefactId":"maven-deploy-plugin","version":"3.1.2","pluginClassName":null},{"__type":"DefaultPlugin","groupId":"org.apache.maven.plugins","artefactId":"maven-site-plugin","version":"3.12.1","pluginClassName":null}],"version":"3.9.12","encoding":"UTF-8","name":"maven","subModules":[],"simpleModuleName":null,"parentModuleName":null,"location":"/home/jbergqvist/diffblue/Palisade-common","fullModuleName":"uk.gov.gchq.palisade:common"}}
13:02:42.482 [INFO]   [Checking]    [main]              [com.diffblue.cover.buildsystem.internal.f.f] deserializing line [DIFFBLUE]{"__type":"com.diffblue.cover.buildsystem.model.ProjectInfoMessage","projectName":"uk.gov.gchq.palisade:common","productionSources":["/home/jbergqvist/diffblue/Palisade-common/src/main/java"],"testSources":["/home/jbergqvist/diffblue/Palisade-common/src/test/java"],"location":"/home/jbergqvist/diffblue/Palisade-common"}
13:02:42.483 [INFO]   [Checking]    [main]              [com.diffblue.cover.buildsystem.internal.f.f] Found 1 ProjectModuleMessages (ignoring buildSrc projects)
13:02:42.483 [INFO]   [Checking]    [main]              [com.diffblue.cover.buildsystem.internal.f.f] Found module uk.gov.gchq.palisade:common in the working directory /home/jbergqvist/diffblue/Palisade-common
13:02:42.483 [INFO]   [Checking]    [main]              [com.diffblue.cover.buildsystem.e] deserialized project module is present? true
13:02:42.485 [DEBUG]  [Checking]    [main]              [com.diffblue.cover.configuration.a.e] DetectorCache miss DETECTED_BUILD_SYSTEM_MAVEN
13:02:42.485 [DEBUG]  [Checking]    [main]              [com.diffblue.cover.configuration.cache.a] Writing cache to /home/jbergqvist/diffblue/Palisade-common/.diffblue/cache/env.json containing 12 items
13:02:42.492 [DEBUG]  [Checking]    [main]              [com.diffblue.cover.commons.l.d] Processing rule com.diffblue.cover.configuration.a.d took 1869ms
13:02:42.492 [DEBUG]  [Checking]    [main]              [com.diffblue.cover.configuration.a.e] DetectorCache miss DETECTED_BUILD_SYSTEM_CONFIGURABLE
13:02:42.492 [DEBUG]  [Checking]    [main]              [com.diffblue.cover.configuration.cache.a] Writing cache to /home/jbergqvist/diffblue/Palisade-common/.diffblue/cache/env.json containing 12 items
13:02:42.499 [INFO]   [Checking]    [main]              [com.diffblue.cover.configuration.a.bb] Operating System: Linux amd64 6.8.0-90-generic
13:02:42.499 [INFO]   [Checking]    [main]              [com.diffblue.cover.configuration.a.bb] Default charset: UTF-8
13:02:42.499 [INFO]   [Checking]    [main]              [com.diffblue.cover.configuration.a.bb] Default locale: en_GB
13:02:42.499 [INFO]   [Checking]    [main]              [com.diffblue.cover.configuration.a.bb] Default time zone: Europe/London
13:02:42.503 [DEBUG]  [Checking]    [main]              [com.diffblue.cover.configuration.a.z] Java home guessed from System property: /home/jbergqvist/.sdkman/candidates/java/11.0.29-amzn
13:02:42.504 [DEBUG]  [Checking]    [main]              [com.diffblue.cover.commons.l.d] Inference engine finished in 2006ms
13:02:42.506 [INFO]   [Checking]    [main]              [com.diffblue.cover.ui.controller.ad] Discovered modules:
13:02:42.506 [INFO]   [Checking]    [main]              [com.diffblue.cover.ui.controller.ad] - uk.gov.gchq.palisade:common
13:02:42.506 [INFO]   [Checking]    [main]              [com.diffblue.cover.ui.controller.ad] 
13:02:42.509 [INFO]   [Checking]    [main]              [com.diffblue.cover.ui.controller.ad] 
13:02:42.509 [INFO]   [Checking]    [main]              [com.diffblue.cover.ui.controller.ad] [1/1] Creating tests for module: uk.gov.gchq.palisade:common
13:02:42.509 [INFO]   [Checking]    [main]              [com.diffblue.cover.ui.controller.ad] ============================================================
13:02:42.509 [INFO]   [Checking]    [main]              [com.diffblue.cover.ui.controller.ad] 
13:02:42.509 [INFO]   [Checking]    [main]              [com.diffblue.cover.ui.controller.r] Detecting environment:
13:02:42.509 [INFO]   [Checking]    [main]              [com.diffblue.cover.ui.controller.r] ----------------------
13:02:42.554 [DEBUG]  [Checking]    [main]              [com.diffblue.cover.configuration.b] Using JSON detector cache at /home/jbergqvist/diffblue/Palisade-common/.diffblue/cache/env.json
13:02:42.561 [INFO]   [Checking]    [main]              [com.diffblue.cover.ui.controller.r] Detected Java version 11.0.29
13:02:42.561 [DEBUG]  [Checking]    [main]              [com.diffblue.cover.configuration.a.g] checking if /home/jbergqvist/diffblue/Palisade-common/DiffblueBuild.yaml exists...
13:02:42.561 [DEBUG]  [Checking]    [main]              [com.diffblue.cover.configuration.a.g] checking if /home/jbergqvist/diffblue/Palisade-common/DiffblueBuild.yml exists...
13:02:42.561 [DEBUG]  [Checking]    [main]              [com.diffblue.cover.configuration.a.e] DetectorCache miss DETECTED_BUILD_SYSTEM_CONFIGURABLE
13:02:42.562 [DEBUG]  [Checking]    [main]              [com.diffblue.cover.configuration.cache.a] Writing cache to /home/jbergqvist/diffblue/Palisade-common/.diffblue/cache/env.json containing 12 items
13:02:42.567 [DEBUG]  [Checking]    [main]              [com.diffblue.cover.configuration.a.e] DetectorCache miss DETECTED_BUILD_SYSTEM_GRADLE
13:02:42.567 [DEBUG]  [Checking]    [main]              [com.diffblue.cover.configuration.cache.a] Writing cache to /home/jbergqvist/diffblue/Palisade-common/.diffblue/cache/env.json containing 12 items
13:02:42.573 [DEBUG]  [Checking]    [main]              [com.diffblue.cover.configuration.a.d] Maven home found: /home/jbergqvist/.sdkman/candidates/maven/current
13:02:42.573 [INFO]   [Checking]    [main]              [com.diffblue.cover.configuration.a.d] Maven Using ${maven.home} of: /home/jbergqvist/.sdkman/candidates/maven/current.
13:02:42.574 [INFO]   [Checking]    [main]              [com.diffblue.cover.configuration.a.d] Maven Executing: /bin/sh -c cd /home/jbergqvist/diffblue/Palisade-common && /home/jbergqvist/.sdkman/candidates/maven/3.9.12/bin/mvn -B -version
13:02:42.732 [INFO]   [Checking]    [main]              [com.diffblue.cover.buildsystem.internal.c.a] Standard output of build tool (Maven)
13:02:42.732 [INFO]   [Checking]    [main]              [com.diffblue.cover.buildsystem.internal.c.a] > Apache Maven 3.9.12 (848fbb4bf2d427b72bdb2471c22fced7ebd9a7a1)
13:02:42.732 [INFO]   [Checking]    [main]              [com.diffblue.cover.buildsystem.internal.c.a] > Maven home: /home/jbergqvist/.sdkman/candidates/maven/3.9.12
13:02:42.732 [INFO]   [Checking]    [main]              [com.diffblue.cover.buildsystem.internal.c.a] > Java version: 11.0.29, vendor: Amazon.com Inc., runtime: /home/jbergqvist/.sdkman/candidates/java/11.0.29-amzn
13:02:42.732 [INFO]   [Checking]    [main]              [com.diffblue.cover.buildsystem.internal.c.a] > Default locale: en_GB, platform encoding: UTF-8
13:02:42.732 [INFO]   [Checking]    [main]              [com.diffblue.cover.buildsystem.internal.c.a] > OS name: "linux", version: "6.8.0-90-generic", arch: "amd64", family: "unix"
13:02:42.733 [INFO]   [Checking]    [main]              [com.diffblue.cover.ui.controller.r] Detected build system: Maven 3.9.12
13:02:42.733 [DEBUG]  [Checking]    [main]              [com.diffblue.cover.configuration.a.e] DetectorCache miss DETECTED_BUILD_SYSTEM_MAVEN
13:02:42.733 [DEBUG]  [Checking]    [main]              [com.diffblue.cover.configuration.cache.a] Writing cache to /home/jbergqvist/diffblue/Palisade-common/.diffblue/cache/env.json containing 12 items
13:02:42.738 [INFO]   [Checking]    [main]              [com.diffblue.cover.configuration.a.bb] Operating System: Linux amd64 6.8.0-90-generic
13:02:42.739 [INFO]   [Checking]    [main]              [com.diffblue.cover.configuration.a.bb] Default charset: UTF-8
13:02:42.739 [INFO]   [Checking]    [main]              [com.diffblue.cover.configuration.a.bb] Default locale: en_GB
13:02:42.739 [INFO]   [Checking]    [main]              [com.diffblue.cover.configuration.a.bb] Default time zone: Europe/London
13:02:42.740 [INFO]   [Checking]    [main]              [com.diffblue.cover.ui.controller.r] Selected build system: Maven
13:02:42.746 [INFO]   [Checking]    [main]              [com.diffblue.cover.ui.controller.r] Selected classpath from build system maven
13:02:42.748 [INFO]   [Checking]    [main]              [com.diffblue.cover.configuration.c.b] Expanded classpath: 
/home/jbergqvist/diffblue/Palisade-common/target/test-classes (test build path)
/home/jbergqvist/diffblue/Palisade-common/target/classes (code under test)
/home/jbergqvist/.m2/repository/com/typesafe/akka/akka-stream_2.13/2.6.10/akka-stream_2.13-2.6.10.jar
/home/jbergqvist/.m2/repository/org/scala-lang/scala-library/2.13.3/scala-library-2.13.3.jar
/home/jbergqvist/.m2/repository/com/typesafe/akka/akka-actor_2.13/2.6.10/akka-actor_2.13-2.6.10.jar
/home/jbergqvist/.m2/repository/com/typesafe/config/1.4.0/config-1.4.0.jar
/home/jbergqvist/.m2/repository/org/scala-lang/modules/scala-java8-compat_2.13/0.9.0/scala-java8-compat_2.13-0.9.0.jar
/home/jbergqvist/.m2/repository/com/typesafe/akka/akka-protobuf-v3_2.13/2.6.10/akka-protobuf-v3_2.13-2.6.10.jar
/home/jbergqvist/.m2/repository/org/reactivestreams/reactive-streams/1.0.3/reactive-streams-1.0.3.jar
/home/jbergqvist/.m2/repository/com/typesafe/ssl-config-core_2.13/0.4.2/ssl-config-core_2.13-0.4.2.jar
/home/jbergqvist/.m2/repository/org/scala-lang/modules/scala-parser-combinators_2.13/1.1.2/scala-parser-combinators_2.13-1.1.2.jar
/home/jbergqvist/.m2/repository/org/junit/jupiter/junit-jupiter-engine/5.13.4/junit-jupiter-engine-5.13.4.jar
/home/jbergqvist/.m2/repository/org/junit/platform/junit-platform-engine/1.13.4/junit-platform-engine-1.13.4.jar
/home/jbergqvist/.m2/repository/org/opentest4j/opentest4j/1.3.0/opentest4j-1.3.0.jar
/home/jbergqvist/.m2/repository/org/junit/platform/junit-platform-commons/1.13.4/junit-platform-commons-1.13.4.jar
/home/jbergqvist/.m2/repository/org/junit/jupiter/junit-jupiter-api/5.13.4/junit-jupiter-api-5.13.4.jar
/home/jbergqvist/.m2/repository/org/apiguardian/apiguardian-api/1.1.2/apiguardian-api-1.1.2.jar
/home/jbergqvist/.m2/repository/org/mockito/mockito-core/5.20.0/mockito-core-5.20.0.jar
/home/jbergqvist/.m2/repository/net/bytebuddy/byte-buddy/1.17.7/byte-buddy-1.17.7.jar
/home/jbergqvist/.m2/repository/net/bytebuddy/byte-buddy-agent/1.17.7/byte-buddy-agent-1.17.7.jar
/home/jbergqvist/.m2/repository/org/objenesis/objenesis/3.3/objenesis-3.3.jar
/home/jbergqvist/.m2/repository/org/mockito/mockito-junit-jupiter/5.20.0/mockito-junit-jupiter-5.20.0.jar
/home/jbergqvist/.m2/repository/com/fasterxml/jackson/core/jackson-databind/2.11.0/jackson-databind-2.11.0.jar
/home/jbergqvist/.m2/repository/com/fasterxml/jackson/core/jackson-annotations/2.11.0/jackson-annotations-2.11.0.jar
/home/jbergqvist/.m2/repository/com/fasterxml/jackson/core/jackson-core/2.11.0/jackson-core-2.11.0.jar
/home/jbergqvist/.m2/repository/org/slf4j/slf4j-api/1.7.25/slf4j-api-1.7.25.jar
/home/jbergqvist/.m2/repository/com/diffblue/cover/cover-annotations/1.8.0/cover-annotations-1.8.0.jar
13:02:42.769 [DEBUG]  [Checking]    [main]              [com.diffblue.cover.commons.dependency.a.b] Detected JUnit Jupiter API version 5.13.4 (via jar:file:/home/jbergqvist/.m2/repository/org/junit/jupiter/junit-jupiter-api/5.13.4/junit-jupiter-api-5.13.4.jar!/org/junit/jupiter/api/Assertions.class)
13:02:42.771 [INFO]   [Checking]    [main]              [com.diffblue.cover.ui.controller.r] Detected test framework: JUnit Jupiter API 5.13.4
13:02:42.774 [DEBUG]  [Checking]    [main]              [com.diffblue.cover.commons.dependency.a.b] Detected JUnit Jupiter Engine version 5.13.4 (via jar:file:/home/jbergqvist/.m2/repository/org/junit/jupiter/junit-jupiter-engine/5.13.4/junit-jupiter-engine-5.13.4.jar!/org/junit/jupiter/engine/JupiterTestEngine.class)
13:02:42.775 [INFO]   [Checking]    [main]              [com.diffblue.cover.ui.controller.r] Detected JUnit Jupiter Engine version 5.13.4
13:02:42.791 [DEBUG]  [Checking]    [main]              [com.diffblue.cover.configuration.a.e] DetectorCache miss DETECTED_JUNIT_VINTAGE_ENGINE
13:02:42.791 [DEBUG]  [Checking]    [main]              [com.diffblue.cover.configuration.cache.a] Writing cache to /home/jbergqvist/diffblue/Palisade-common/.diffblue/cache/env.json containing 12 items
13:02:42.799 [DEBUG]  [Checking]    [main]              [com.diffblue.cover.commons.dependency.a.b] Detected Mockito Core version 5.20.0 (via jar:file:/home/jbergqvist/.m2/repository/org/mockito/mockito-core/5.20.0/mockito-core-5.20.0.jar!/org/mockito/Mockito.class)
13:02:42.801 [INFO]   [Checking]    [main]              [com.diffblue.cover.ui.controller.r] Detected Mockito Core version 5.20.0
13:02:43.127 [DEBUG]  [Checking]    [main]              [com.diffblue.cover.commons.l.d] Processing rule com.diffblue.cover.configuration.a.am took 326ms
13:02:43.132 [DEBUG]  [Checking]    [main]              [com.diffblue.cover.commons.dependency.a.b] Detected Mockito Core version 5.20.0 (via jar:file:/home/jbergqvist/.m2/repository/org/mockito/mockito-core/5.20.0/mockito-core-5.20.0.jar!/org/mockito/Mockito.class)
13:02:43.135 [DEBUG]  [Checking]    [main]              [com.diffblue.cover.commons.dependency.a.b] Detected Mockito Core version 5.20.0 (via jar:file:/home/jbergqvist/.m2/repository/org/mockito/mockito-core/5.20.0/mockito-core-5.20.0.jar!/org/mockito/Mockito.class)
13:02:43.137 [INFO]   [Checking]    [main]              [com.diffblue.cover.ui.controller.r] Indexing...
13:02:43.505 [DEBUG]  [Checking]    [main]              [com.diffblue.cover.commons.l.d] Processing rule com.diffblue.cover.configuration.a.bm took 369ms
13:02:43.509 [DEBUG]  [Checking]    [main]              [com.diffblue.cover.configuration.a.bi] the build system has test sources configured
13:02:43.509 [INFO]   [Checking]    [main]              [com.diffblue.cover.ui.controller.r] Selected test output directory: /home/jbergqvist/diffblue/Palisade-common/src/test/java
13:02:43.510 [DEBUG]  [Checking]    [main]              [com.diffblue.cover.configuration.a.e] DetectorCache miss DETECTED_TESTS_EXECUTE_WITH_TESTNG
13:02:43.511 [DEBUG]  [Checking]    [main]              [com.diffblue.cover.configuration.cache.a] Writing cache to /home/jbergqvist/diffblue/Palisade-common/.diffblue/cache/env.json containing 12 items
13:02:43.521 [DEBUG]  [Checking]    [main]              [com.diffblue.cover.buildsystem.config.registry.Registry] checking if /home/jbergqvist/diffblue/Palisade-common/DiffblueBuild.yaml exists...
13:02:43.521 [DEBUG]  [Checking]    [main]              [com.diffblue.cover.buildsystem.config.registry.Registry] checking if /home/jbergqvist/diffblue/Palisade-common/DiffblueBuild.yml exists...
13:02:43.521 [INFO]   [Checking]    [main]              [com.diffblue.cover.buildsystem.config.registry.Registry] Using default build rules as no custom rules found in any of [/home/jbergqvist/diffblue/Palisade-common]
13:02:43.521 [DEBUG]  [Checking]    [main]              [com.diffblue.cover.buildsystem.config.registry.Registry] Build execution request for Test Phase
13:02:43.522 [INFO]   [Checking]    [main]              [com.diffblue.cover.buildsystem.config.a.a] Attempting to invoke mvnw in working directory: /home/jbergqvist/diffblue/Palisade-common
13:02:43.523 [INFO]   [Checking]    [main]              [com.diffblue.cover.buildsystem.config.a.a] Attempting to invoke /home/jbergqvist/.sdkman/candidates/maven/current/bin/mvn in working directory: /home/jbergqvist/diffblue/Palisade-common
13:02:43.523 [INFO]   [Checking]    [main]              [com.diffblue.cover.buildsystem.config.a.a] Started "/home/jbergqvist/.sdkman/candidates/maven/current/bin/mvn -Dmaven.ext.class.path=/opt/cover/cover-buildsystem-maven-spy-jar-with-dependencies.jar -Dcom.diffblue.cover.skipTests=true -DskipTestOptimizer --batch-mode --projects=uk.gov.gchq.palisade:common --global-settings=/home/jbergqvist/.sdkman/candidates/maven/current/conf/settings.xml -Dcheckstyle.skip=true test -DfailIfNoTests=false -Dsurefire.failIfNoSpecifiedTests=false -Dmaven.test.failure.ignore=True -Dtest=DummyJupiterDiffblueTest"
13:02:44.265 [INFO]   [Checking]    [maven:out]         [com.diffblue.cover.buildsystem.config.a.a] out: [INFO] Scanning for projects...
13:02:44.339 [INFO]   [Checking]    [maven:out]         [com.diffblue.cover.buildsystem.config.a.a] out: [INFO] 
13:02:44.340 [INFO]   [Checking]    [maven:out]         [com.diffblue.cover.buildsystem.config.a.a] out: [INFO] --------------------< uk.gov.gchq.palisade:common >---------------------
13:02:44.340 [INFO]   [Checking]    [maven:out]         [com.diffblue.cover.buildsystem.config.a.a] out: [INFO] Building GCHQ Palisade Common Library 0.5.2-SNAPSHOT
13:02:44.340 [INFO]   [Checking]    [maven:out]         [com.diffblue.cover.buildsystem.config.a.a] out: [INFO]   from pom.xml
13:02:44.340 [INFO]   [Checking]    [maven:out]         [com.diffblue.cover.buildsystem.config.a.a] out: [INFO] --------------------------------[ jar ]---------------------------------
13:02:44.583 [INFO]   [Checking]    [maven:out]         [com.diffblue.cover.buildsystem.internal.f.f] deserializing line [DIFFBLUE]{"__type":"com.diffblue.cover.buildsystem.model.DefaultEventMessage","project":"uk.gov.gchq.palisade:common","goal":"prepare-agent","cause":null,"state":"STARTED"}
13:02:44.585 [INFO]   [Checking]    [maven:out]         [com.diffblue.cover.buildsystem.config.a.a] out: [INFO] 
13:02:44.586 [INFO]   [Checking]    [maven:out]         [com.diffblue.cover.buildsystem.config.a.a] out: [INFO] --- jacoco:0.8.5:prepare-agent (agent) @ common ---
13:02:44.819 [INFO]   [Checking]    [maven:out]         [com.diffblue.cover.buildsystem.config.a.a] out: [INFO] argLine set to -javaagent:/home/jbergqvist/.m2/repository/org/jacoco/org.jacoco.agent/0.8.5/org.jacoco.agent-0.8.5-runtime.jar=destfile=/home/jbergqvist/diffblue/Palisade-common/target/jacoco.exec,append=true
13:02:44.821 [INFO]   [Checking]    [maven:out]         [com.diffblue.cover.buildsystem.internal.f.f] deserializing line [DIFFBLUE]{"__type":"com.diffblue.cover.buildsystem.model.DefaultEventMessage","project":"uk.gov.gchq.palisade:common","goal":"prepare-agent","cause":null,"state":"SUCCESS"}
13:02:44.824 [INFO]   [Checking]    [maven:out]         [com.diffblue.cover.buildsystem.internal.f.f] deserializing line [DIFFBLUE]{"__type":"com.diffblue.cover.buildsystem.model.DefaultEventMessage","project":"uk.gov.gchq.palisade:common","goal":"resources","cause":null,"state":"STARTED"}
13:02:44.826 [INFO]   [Checking]    [maven:out]         [com.diffblue.cover.buildsystem.config.a.a] out: [INFO] 
13:02:44.827 [INFO]   [Checking]    [maven:out]         [com.diffblue.cover.buildsystem.config.a.a] out: [INFO] --- resources:3.3.1:resources (default-resources) @ common ---
13:02:44.869 [INFO]   [Checking]    [maven:out]         [com.diffblue.cover.buildsystem.config.a.a] out: [INFO] Copying 1 resource from src/main/resources to target/classes
13:02:44.872 [INFO]   [Checking]    [maven:out]         [com.diffblue.cover.buildsystem.internal.f.f] deserializing line [DIFFBLUE]{"__type":"com.diffblue.cover.buildsystem.model.DefaultEventMessage","project":"uk.gov.gchq.palisade:common","goal":"resources","cause":null,"state":"SUCCESS"}
13:02:44.874 [INFO]   [Checking]    [maven:out]         [com.diffblue.cover.buildsystem.internal.f.f] deserializing line [DIFFBLUE]{"__type":"com.diffblue.cover.buildsystem.model.DefaultEventMessage","project":"uk.gov.gchq.palisade:common","goal":"flatten","cause":null,"state":"STARTED"}
13:02:44.877 [INFO]   [Checking]    [maven:out]         [com.diffblue.cover.buildsystem.config.a.a] out: [INFO] 
13:02:44.877 [INFO]   [Checking]    [maven:out]         [com.diffblue.cover.buildsystem.config.a.a] out: [INFO] --- flatten:1.1.0:flatten (flatten) @ common ---
13:02:44.969 [INFO]   [Checking]    [maven:out]         [com.diffblue.cover.buildsystem.config.a.a] out: [INFO] Generating flattened POM of project uk.gov.gchq.palisade:common:jar:0.5.2-SNAPSHOT...
13:02:45.012 [INFO]   [Checking]    [maven:out]         [com.diffblue.cover.buildsystem.internal.f.f] deserializing line [DIFFBLUE]{"__type":"com.diffblue.cover.buildsystem.model.DefaultEventMessage","project":"uk.gov.gchq.palisade:common","goal":"flatten","cause":null,"state":"SUCCESS"}
13:02:45.014 [INFO]   [Checking]    [maven:out]         [com.diffblue.cover.buildsystem.internal.f.f] deserializing line [DIFFBLUE]{"__type":"com.diffblue.cover.buildsystem.model.DefaultEventMessage","project":"uk.gov.gchq.palisade:common","goal":"compile","cause":null,"state":"STARTED"}
13:02:45.016 [INFO]   [Checking]    [maven:out]         [com.diffblue.cover.buildsystem.config.a.a] out: [INFO] 
13:02:45.017 [INFO]   [Checking]    [maven:out]         [com.diffblue.cover.buildsystem.config.a.a] out: [INFO] --- compiler:3.8.0:compile (default-compile) @ common ---
13:02:45.124 [INFO]   [Checking]    [maven:out]         [com.diffblue.cover.buildsystem.config.a.a] out: [INFO] Nothing to compile - all classes are up to date
13:02:45.125 [INFO]   [Checking]    [maven:out]         [com.diffblue.cover.buildsystem.internal.f.f] deserializing line [DIFFBLUE]{"__type":"com.diffblue.cover.buildsystem.model.DefaultEventMessage","project":"uk.gov.gchq.palisade:common","goal":"compile","cause":null,"state":"SUCCESS"}
13:02:45.128 [INFO]   [Checking]    [maven:out]         [com.diffblue.cover.buildsystem.internal.f.f] deserializing line [DIFFBLUE]{"__type":"com.diffblue.cover.buildsystem.model.DefaultEventMessage","project":"uk.gov.gchq.palisade:common","goal":"javadoc-no-fork","cause":null,"state":"STARTED"}
13:02:45.130 [INFO]   [Checking]    [maven:out]         [com.diffblue.cover.buildsystem.config.a.a] out: [INFO] 
13:02:45.131 [INFO]   [Checking]    [maven:out]         [com.diffblue.cover.buildsystem.config.a.a] out: [INFO] --- javadoc:3.1.0:javadoc-no-fork (javadoc-compile) @ common ---
13:02:46.809 [INFO]   [Checking]    [maven:out]         [com.diffblue.cover.buildsystem.internal.f.f] deserializing line [DIFFBLUE]{"__type":"com.diffblue.cover.buildsystem.model.DefaultEventMessage","project":"uk.gov.gchq.palisade:common","goal":"javadoc-no-fork","cause":null,"state":"SUCCESS"}
13:02:46.811 [INFO]   [Checking]    [maven:out]         [com.diffblue.cover.buildsystem.internal.f.f] deserializing line [DIFFBLUE]{"__type":"com.diffblue.cover.buildsystem.model.DefaultEventMessage","project":"uk.gov.gchq.palisade:common","goal":"aggregate-no-fork","cause":null,"state":"STARTED"}
13:02:46.812 [INFO]   [Checking]    [maven:out]         [com.diffblue.cover.buildsystem.config.a.a] out: [INFO] 
13:02:46.812 [INFO]   [Checking]    [maven:out]         [com.diffblue.cover.buildsystem.config.a.a] out: [INFO] --- javadoc:3.1.0:aggregate-no-fork (javadoc-compile) @ common ---
13:02:48.153 [INFO]   [Checking]    [maven:out]         [com.diffblue.cover.buildsystem.internal.f.f] deserializing line [DIFFBLUE]{"__type":"com.diffblue.cover.buildsystem.model.DefaultEventMessage","project":"uk.gov.gchq.palisade:common","goal":"aggregate-no-fork","cause":null,"state":"SUCCESS"}
13:02:48.156 [INFO]   [Checking]    [maven:out]         [com.diffblue.cover.buildsystem.internal.f.f] deserializing line [DIFFBLUE]{"__type":"com.diffblue.cover.buildsystem.model.DefaultEventMessage","project":"uk.gov.gchq.palisade:common","goal":"testResources","cause":null,"state":"STARTED"}
13:02:48.157 [INFO]   [Checking]    [maven:out]         [com.diffblue.cover.buildsystem.config.a.a] out: [INFO] 
13:02:48.157 [INFO]   [Checking]    [maven:out]         [com.diffblue.cover.buildsystem.config.a.a] out: [INFO] --- resources:3.3.1:testResources (default-testResources) @ common ---
13:02:48.157 [INFO]   [Checking]    [maven:out]         [com.diffblue.cover.buildsystem.config.a.a] out: [INFO] skip non existing resourceDirectory /home/jbergqvist/diffblue/Palisade-common/src/test/resources
13:02:48.158 [INFO]   [Checking]    [maven:out]         [com.diffblue.cover.buildsystem.internal.f.f] deserializing line [DIFFBLUE]{"__type":"com.diffblue.cover.buildsystem.model.DefaultEventMessage","project":"uk.gov.gchq.palisade:common","goal":"testResources","cause":null,"state":"SUCCESS"}
13:02:48.159 [INFO]   [Checking]    [maven:out]         [com.diffblue.cover.buildsystem.internal.f.f] deserializing line [DIFFBLUE]{"__type":"com.diffblue.cover.buildsystem.model.DefaultEventMessage","project":"uk.gov.gchq.palisade:common","goal":"testCompile","cause":null,"state":"STARTED"}
13:02:48.161 [INFO]   [Checking]    [maven:out]         [com.diffblue.cover.buildsystem.config.a.a] out: [INFO] 
13:02:48.161 [INFO]   [Checking]    [maven:out]         [com.diffblue.cover.buildsystem.config.a.a] out: [INFO] --- compiler:3.8.0:testCompile (default-testCompile) @ common ---
13:02:48.161 [INFO]   [Checking]    [maven:out]         [com.diffblue.cover.buildsystem.config.a.a] out: [INFO] Changes detected - recompiling the module!
13:02:48.162 [INFO]   [Checking]    [maven:out]         [com.diffblue.cover.buildsystem.config.a.a] out: [INFO] Compiling 3 source files to /home/jbergqvist/diffblue/Palisade-common/target/test-classes
13:02:48.473 [INFO]   [Checking]    [maven:out]         [com.diffblue.cover.buildsystem.internal.f.f] deserializing line [DIFFBLUE]{"__type":"com.diffblue.cover.buildsystem.model.DefaultEventMessage","project":"uk.gov.gchq.palisade:common","goal":"testCompile","cause":null,"state":"SUCCESS"}
13:02:48.475 [INFO]   [Checking]    [maven:out]         [com.diffblue.cover.buildsystem.internal.f.f] deserializing line [DIFFBLUE]{"__type":"com.diffblue.cover.buildsystem.model.DefaultEventMessage","project":"uk.gov.gchq.palisade:common","goal":"test","cause":null,"state":"STARTED"}
13:02:48.477 [INFO]   [Checking]    [maven:out]         [com.diffblue.cover.buildsystem.config.a.a] out: [INFO] 
13:02:48.477 [INFO]   [Checking]    [maven:out]         [com.diffblue.cover.buildsystem.config.a.a] out: [INFO] --- surefire:3.2.5:test (default-test) @ common ---
13:02:48.566 [INFO]   [Checking]    [maven:out]         [com.diffblue.cover.buildsystem.config.a.a] out: [INFO] Using auto detected provider org.apache.maven.surefire.junitplatform.JUnitPlatformProvider
13:02:48.593 [INFO]   [Checking]    [maven:out]         [com.diffblue.cover.buildsystem.config.a.a] out: [INFO] 
13:02:48.594 [INFO]   [Checking]    [maven:out]         [com.diffblue.cover.buildsystem.config.a.a] out: [INFO] -------------------------------------------------------
13:02:48.594 [INFO]   [Checking]    [maven:out]         [com.diffblue.cover.buildsystem.config.a.a] out: [INFO]  T E S T S
13:02:48.594 [INFO]   [Checking]    [maven:out]         [com.diffblue.cover.buildsystem.config.a.a] out: [INFO] -------------------------------------------------------
13:02:49.228 [INFO]   [Checking]    [maven:out]         [com.diffblue.cover.buildsystem.config.a.a] out: [INFO] Running DummyJupiterDiffblueTest
13:02:49.278 [INFO]   [Checking]    [maven:out]         [com.diffblue.cover.buildsystem.config.a.a] out: [INFO] Tests run: 1, Failures: 0, Errors: 0, Skipped: 0, Time elapsed: 0.040 s -- in DummyJupiterDiffblueTest
13:02:49.314 [INFO]   [Checking]    [maven:out]         [com.diffblue.cover.buildsystem.config.a.a] out: [INFO] 
13:02:49.314 [INFO]   [Checking]    [maven:out]         [com.diffblue.cover.buildsystem.config.a.a] out: [INFO] Results:
13:02:49.314 [INFO]   [Checking]    [maven:out]         [com.diffblue.cover.buildsystem.config.a.a] out: [INFO] 
13:02:49.314 [INFO]   [Checking]    [maven:out]         [com.diffblue.cover.buildsystem.config.a.a] out: [INFO] Tests run: 1, Failures: 0, Errors: 0, Skipped: 0
13:02:49.314 [INFO]   [Checking]    [maven:out]         [com.diffblue.cover.buildsystem.config.a.a] out: [INFO] 
13:02:49.317 [INFO]   [Checking]    [maven:out]         [com.diffblue.cover.buildsystem.internal.f.f] deserializing line [DIFFBLUE]{"__type":"com.diffblue.cover.buildsystem.model.DefaultEventMessage","project":"uk.gov.gchq.palisade:common","goal":"test","cause":null,"state":"SUCCESS"}
13:02:49.340 [INFO]   [Checking]    [maven:out]         [com.diffblue.cover.buildsystem.internal.f.f] deserializing line [DIFFBLUE]{"__type":"com.diffblue.cover.buildsystem.model.DefaultProjectModuleMessage","project":{"__type":"DefaultProjectModule","junitReport":["/home/jbergqvist/diffblue/Palisade-common/target/surefire-reports"],"jacocoReport":["/home/jbergqvist/diffblue/Palisade-common/target/site/jacoco/jacoco.xml"],"jacocoDestFile":["${sonar.jacoco.reportPath}","/home/jbergqvist/diffblue/Palisade-common/target/jacoco.exec"],"jacocoFormats":["xml"],"jacocoSkipped":false,"classpath":["/home/jbergqvist/diffblue/Palisade-common/target/classes","/home/jbergqvist/.m2/repository/com/typesafe/akka/akka-stream_2.13/2.6.10/akka-stream_2.13-2.6.10.jar","/home/jbergqvist/.m2/repository/org/scala-lang/scala-library/2.13.3/scala-library-2.13.3.jar","/home/jbergqvist/.m2/repository/com/typesafe/akka/akka-actor_2.13/2.6.10/akka-actor_2.13-2.6.10.jar","/home/jbergqvist/.m2/repository/com/typesafe/config/1.4.0/config-1.4.0.jar","/home/jbergqvist/.m2/repository/org/scala-lang/modules/scala-java8-compat_2.13/0.9.0/scala-java8-compat_2.13-0.9.0.jar","/home/jbergqvist/.m2/repository/com/typesafe/akka/akka-protobuf-v3_2.13/2.6.10/akka-protobuf-v3_2.13-2.6.10.jar","/home/jbergqvist/.m2/repository/org/reactivestreams/reactive-streams/1.0.3/reactive-streams-1.0.3.jar","/home/jbergqvist/.m2/repository/com/typesafe/ssl-config-core_2.13/0.4.2/ssl-config-core_2.13-0.4.2.jar","/home/jbergqvist/.m2/repository/org/scala-lang/modules/scala-parser-combinators_2.13/1.1.2/scala-parser-combinators_2.13-1.1.2.jar","/home/jbergqvist/.m2/repository/org/junit/jupiter/junit-jupiter-engine/5.13.4/junit-jupiter-engine-5.13.4.jar","/home/jbergqvist/.m2/repository/org/junit/platform/junit-platform-engine/1.13.4/junit-platform-engine-1.13.4.jar","/home/jbergqvist/.m2/repository/org/opentest4j/opentest4j/1.3.0/opentest4j-1.3.0.jar","/home/jbergqvist/.m2/repository/org/junit/platform/junit-platform-commons/1.13.4/junit-platform-commons-1.13.4.jar","/home/jbergqvist/.m2/repository/org/junit/jupiter/junit-jupiter-api/5.13.4/junit-jupiter-api-5.13.4.jar","/home/jbergqvist/.m2/repository/org/apiguardian/apiguardian-api/1.1.2/apiguardian-api-1.1.2.jar","/home/jbergqvist/.m2/repository/org/mockito/mockito-core/5.20.0/mockito-core-5.20.0.jar","/home/jbergqvist/.m2/repository/net/bytebuddy/byte-buddy/1.17.7/byte-buddy-1.17.7.jar","/home/jbergqvist/.m2/repository/net/bytebuddy/byte-buddy-agent/1.17.7/byte-buddy-agent-1.17.7.jar","/home/jbergqvist/.m2/repository/org/objenesis/objenesis/3.3/objenesis-3.3.jar","/home/jbergqvist/.m2/repository/org/mockito/mockito-junit-jupiter/5.20.0/mockito-junit-jupiter-5.20.0.jar","/home/jbergqvist/.m2/repository/com/fasterxml/jackson/core/jackson-databind/2.11.0/jackson-databind-2.11.0.jar","/home/jbergqvist/.m2/repository/com/fasterxml/jackson/core/jackson-annotations/2.11.0/jackson-annotations-2.11.0.jar","/home/jbergqvist/.m2/repository/com/fasterxml/jackson/core/jackson-core/2.11.0/jackson-core-2.11.0.jar","/home/jbergqvist/.m2/repository/org/slf4j/slf4j-api/1.7.25/slf4j-api-1.7.25.jar","/home/jbergqvist/.m2/repository/com/diffblue/cover/cover-annotations/1.8.0/cover-annotations-1.8.0.jar"],"complianceLevel":"11","productionSources":["/home/jbergqvist/diffblue/Palisade-common/src/main/java"],"testSources":["/home/jbergqvist/diffblue/Palisade-common/src/test/java"],"productionClasses":"/home/jbergqvist/diffblue/Palisade-common/target/classes","testClasses":"/home/jbergqvist/diffblue/Palisade-common/target/test-classes","sourceToBuildPathMap":null,"testSourceToBuildPathMap":null,"buildDirectory":"/home/jbergqvist/diffblue/Palisade-common/target","plugins":[{"__type":"DefaultPlugin","groupId":"org.apache.maven.plugins","artefactId":"maven-compiler-plugin","version":"3.8.0","pluginClassName":null},{"__type":"DefaultPlugin","groupId":"org.apache.maven.plugins","artefactId":"maven-javadoc-plugin","version":"3.1.0","pluginClassName":null},{"__type":"DefaultPlugin","groupId":"org.apache.maven.plugins","artefactId":"maven-dependency-plugin","version":"3.1.2","pluginClassName":null},{"__type":"DefaultPlugin","groupId":"org.codehaus.mojo","artefactId":"flatten-maven-plugin","version":"1.1.0","pluginClassName":null},{"__type":"DefaultPlugin","groupId":"org.codehaus.mojo","artefactId":"license-maven-plugin","version":"2.0.0","pluginClassName":null},{"__type":"DefaultPlugin","groupId":"org.jacoco","artefactId":"jacoco-maven-plugin","version":"0.8.5","pluginClassName":null},{"__type":"DefaultPlugin","groupId":"org.apache.maven.plugins","artefactId":"maven-checkstyle-plugin","version":"3.1.0","pluginClassName":null},{"__type":"DefaultPlugin","groupId":"org.apache.maven.plugins","artefactId":"maven-clean-plugin","version":"3.2.0","pluginClassName":null},{"__type":"DefaultPlugin","groupId":"org.apache.maven.plugins","artefactId":"maven-resources-plugin","version":"3.3.1","pluginClassName":null},{"__type":"DefaultPlugin","groupId":"org.apache.maven.plugins","artefactId":"maven-jar-plugin","version":"3.4.1","pluginClassName":null},{"__type":"DefaultPlugin","groupId":"org.apache.maven.plugins","artefactId":"maven-surefire-plugin","version":"3.2.5","pluginClassName":null},{"__type":"DefaultPlugin","groupId":"org.apache.maven.plugins","artefactId":"maven-install-plugin","version":"3.1.2","pluginClassName":null},{"__type":"DefaultPlugin","groupId":"org.apache.maven.plugins","artefactId":"maven-deploy-plugin","version":"3.1.2","pluginClassName":null},{"__type":"DefaultPlugin","groupId":"org.apache.maven.plugins","artefactId":"maven-site-plugin","version":"3.12.1","pluginClassName":null}],"version":"3.9.12","encoding":"UTF-8","name":"maven","subModules":[],"simpleModuleName":null,"parentModuleName":null,"location":"/home/jbergqvist/diffblue/Palisade-common","fullModuleName":"uk.gov.gchq.palisade:common"}}
13:02:49.344 [INFO]   [Checking]    [maven:out]         [com.diffblue.cover.buildsystem.config.a.a] out: [INFO] ------------------------------------------------------------------------
13:02:49.345 [INFO]   [Checking]    [maven:out]         [com.diffblue.cover.buildsystem.config.a.a] out: [INFO] BUILD SUCCESS
13:02:49.345 [INFO]   [Checking]    [maven:out]         [com.diffblue.cover.buildsystem.config.a.a] out: [INFO] ------------------------------------------------------------------------
13:02:49.345 [INFO]   [Checking]    [maven:out]         [com.diffblue.cover.buildsystem.config.a.a] out: [INFO] Total time:  5.089 s
13:02:49.345 [INFO]   [Checking]    [maven:out]         [com.diffblue.cover.buildsystem.config.a.a] out: [INFO] Finished at: 2026-01-12T13:02:49Z
13:02:49.345 [INFO]   [Checking]    [maven:out]         [com.diffblue.cover.buildsystem.config.a.a] out: [INFO] ------------------------------------------------------------------------
13:02:49.345 [INFO]   [Checking]    [maven:out]         [com.diffblue.cover.buildsystem.internal.f.f] deserializing line [DIFFBLUE]{"__type":"com.diffblue.cover.buildsystem.model.ProjectInfoMessage","projectName":"uk.gov.gchq.palisade:common","productionSources":["/home/jbergqvist/diffblue/Palisade-common/src/main/java","/home/jbergqvist/diffblue/Palisade-common/target/generated-sources/annotations"],"testSources":["/home/jbergqvist/diffblue/Palisade-common/src/test/java","/home/jbergqvist/diffblue/Palisade-common/target/generated-test-sources/test-annotations"],"location":"/home/jbergqvist/diffblue/Palisade-common"}
13:02:49.385 [INFO]   [Checking]    [main]              [com.diffblue.cover.buildsystem.internal.f.d] maven:err process not stopped, joining thread
13:02:49.385 [INFO]   [Checking]    [main]              [com.diffblue.cover.buildsystem.internal.f.d] maven:out process not stopped, joining thread
13:02:49.386 [DEBUG]  [Checking]    [main]              [com.diffblue.cover.buildsystem.config.a.a] Executor spent 5s on command "/home/jbergqvist/.sdkman/candidates/maven/current/bin/mvn -Dmaven.ext.class.path=/opt/cover/cover-buildsystem-maven-spy-jar-with-dependencies.jar -Dcom.diffblue.cover.skipTests=true -DskipTestOptimizer --batch-mode --projects=uk.gov.gchq.palisade:common --global-settings=/home/jbergqvist/.sdkman/candidates/maven/current/conf/settings.xml -Dcheckstyle.skip=true test -DfailIfNoTests=false -Dsurefire.failIfNoSpecifiedTests=false -Dmaven.test.failure.ignore=True -Dtest=DummyJupiterDiffblueTest"
13:02:49.386 [DEBUG]  [Checking]    [main]              [com.diffblue.cover.configuration.e] Purging written files... [/home/jbergqvist/diffblue/Palisade-common/src/test/java/DummyJupiterDiffblueTest.java]
13:02:49.387 [DEBUG]  [Checking]    [main]              [com.diffblue.cover.configuration.e] Attempting to find class files '[DummyJupiterDiffblueTest.class]' in '/home/jbergqvist/diffblue/Palisade-common/target/classes'
13:02:49.388 [DEBUG]  [Checking]    [main]              [com.diffblue.cover.configuration.e] Attempting to find class files '[DummyJupiterDiffblueTest.class]' in '/home/jbergqvist/diffblue/Palisade-common/target/test-classes'
13:02:49.388 [DEBUG]  [Checking]    [main]              [com.diffblue.cover.configuration.e] Found /home/jbergqvist/diffblue/Palisade-common/target/test-classes/DummyJupiterDiffblueTest.class, scheduling deletion
13:02:49.388 [DEBUG]  [Checking]    [main]              [com.diffblue.cover.configuration.a.e] DetectorCache miss DETECTED_TESTS_EXECUTE_WITH_JUNIT_JUPITER
13:02:49.388 [DEBUG]  [Checking]    [main]              [com.diffblue.cover.configuration.cache.a] Writing cache to /home/jbergqvist/diffblue/Palisade-common/.diffblue/cache/env.json containing 12 items
13:02:49.394 [DEBUG]  [Checking]    [main]              [com.diffblue.cover.commons.l.d] Processing rule com.diffblue.cover.configuration.a.bf took 5874ms
13:02:49.394 [DEBUG]  [Checking]    [main]              [com.diffblue.cover.configuration.a.e] DetectorCache miss DETECTED_TESTS_EXECUTE_WITH_JUNIT
13:02:49.394 [DEBUG]  [Checking]    [main]              [com.diffblue.cover.configuration.cache.a] Writing cache to /home/jbergqvist/diffblue/Palisade-common/.diffblue/cache/env.json containing 12 items
13:02:49.399 [DEBUG]  [Checking]    [main]              [com.diffblue.cover.configuration.c.q] JUnitJupiter5 is present
13:02:49.399 [DEBUG]  [Checking]    [main]              [com.diffblue.cover.configuration.c.q] JUnitJupiter5 is supported
13:02:49.399 [DEBUG]  [Checking]    [main]              [com.diffblue.cover.configuration.c.q] JUnit 5 is present and either it's not been specified by the user or it is the same as the version the user specified
13:02:49.400 [INFO]   [Checking]    [main]              [com.diffblue.cover.ui.controller.r] Selected test framework: JUnit Jupiter API
13:02:49.407 [DEBUG]  [Checking]    [main]              [com.diffblue.cover.commons.dependency.a.b] Detected Mockito JUnit Jupiter version 5.20.0 (via jar:file:/home/jbergqvist/.m2/repository/org/mockito/mockito-junit-jupiter/5.20.0/mockito-junit-jupiter-5.20.0.jar!/org/mockito/junit/jupiter/MockitoExtension.class)
13:02:49.409 [INFO]   [Checking]    [main]              [com.diffblue.cover.ui.controller.r] Detected Mockito JUnit Jupiter version 5.20.0
13:02:49.455 [DEBUG]  [Checking]    [main]              [com.diffblue.cover.buildsystem.config.registry.Registry] checking if /home/jbergqvist/diffblue/Palisade-common/DiffblueBuild.yaml exists...
13:02:49.455 [DEBUG]  [Checking]    [main]              [com.diffblue.cover.buildsystem.config.registry.Registry] checking if /home/jbergqvist/diffblue/Palisade-common/DiffblueBuild.yml exists...
13:02:49.455 [INFO]   [Checking]    [main]              [com.diffblue.cover.buildsystem.config.registry.Registry] Using default build rules as no custom rules found in any of [/home/jbergqvist/diffblue/Palisade-common]
13:02:49.455 [DEBUG]  [Checking]    [main]              [com.diffblue.cover.buildsystem.config.registry.Registry] Build execution request for Test Phase
13:02:49.456 [INFO]   [Checking]    [main]              [com.diffblue.cover.buildsystem.config.a.a] Attempting to invoke mvnw in working directory: /home/jbergqvist/diffblue/Palisade-common
13:02:49.456 [INFO]   [Checking]    [main]              [com.diffblue.cover.buildsystem.config.a.a] Attempting to invoke /home/jbergqvist/.sdkman/candidates/maven/current/bin/mvn in working directory: /home/jbergqvist/diffblue/Palisade-common
13:02:49.457 [INFO]   [Checking]    [main]              [com.diffblue.cover.buildsystem.config.a.a] Started "/home/jbergqvist/.sdkman/candidates/maven/current/bin/mvn -Dmaven.ext.class.path=/opt/cover/cover-buildsystem-maven-spy-jar-with-dependencies.jar -Dcom.diffblue.cover.skipTests=true -DskipTestOptimizer --batch-mode --projects=uk.gov.gchq.palisade:common --global-settings=/home/jbergqvist/.sdkman/candidates/maven/current/conf/settings.xml -Dcheckstyle.skip=true test -DfailIfNoTests=false -Dsurefire.failIfNoSpecifiedTests=false -Dmaven.test.failure.ignore=True -Dtest=DummyJUnitJupiterLauncherDiffblueTest3204607418332851565"
13:02:50.197 [INFO]   [Checking]    [maven:out]         [com.diffblue.cover.buildsystem.config.a.a] out: [INFO] Scanning for projects...
13:02:50.268 [INFO]   [Checking]    [maven:out]         [com.diffblue.cover.buildsystem.config.a.a] out: [INFO] 
13:02:50.269 [INFO]   [Checking]    [maven:out]         [com.diffblue.cover.buildsystem.config.a.a] out: [INFO] --------------------< uk.gov.gchq.palisade:common >---------------------
13:02:50.269 [INFO]   [Checking]    [maven:out]         [com.diffblue.cover.buildsystem.config.a.a] out: [INFO] Building GCHQ Palisade Common Library 0.5.2-SNAPSHOT
13:02:50.269 [INFO]   [Checking]    [maven:out]         [com.diffblue.cover.buildsystem.config.a.a] out: [INFO]   from pom.xml
13:02:50.269 [INFO]   [Checking]    [maven:out]         [com.diffblue.cover.buildsystem.config.a.a] out: [INFO] --------------------------------[ jar ]---------------------------------
13:02:50.516 [INFO]   [Checking]    [maven:out]         [com.diffblue.cover.buildsystem.internal.f.f] deserializing line [DIFFBLUE]{"__type":"com.diffblue.cover.buildsystem.model.DefaultEventMessage","project":"uk.gov.gchq.palisade:common","goal":"prepare-agent","cause":null,"state":"STARTED"}
13:02:50.518 [INFO]   [Checking]    [maven:out]         [com.diffblue.cover.buildsystem.config.a.a] out: [INFO] 
13:02:50.518 [INFO]   [Checking]    [maven:out]         [com.diffblue.cover.buildsystem.config.a.a] out: [INFO] --- jacoco:0.8.5:prepare-agent (agent) @ common ---
13:02:50.758 [INFO]   [Checking]    [maven:out]         [com.diffblue.cover.buildsystem.config.a.a] out: [INFO] argLine set to -javaagent:/home/jbergqvist/.m2/repository/org/jacoco/org.jacoco.agent/0.8.5/org.jacoco.agent-0.8.5-runtime.jar=destfile=/home/jbergqvist/diffblue/Palisade-common/target/jacoco.exec,append=true
13:02:50.760 [INFO]   [Checking]    [maven:out]         [com.diffblue.cover.buildsystem.internal.f.f] deserializing line [DIFFBLUE]{"__type":"com.diffblue.cover.buildsystem.model.DefaultEventMessage","project":"uk.gov.gchq.palisade:common","goal":"prepare-agent","cause":null,"state":"SUCCESS"}
13:02:50.761 [INFO]   [Checking]    [maven:out]         [com.diffblue.cover.buildsystem.internal.f.f] deserializing line [DIFFBLUE]{"__type":"com.diffblue.cover.buildsystem.model.DefaultEventMessage","project":"uk.gov.gchq.palisade:common","goal":"resources","cause":null,"state":"STARTED"}
13:02:50.763 [INFO]   [Checking]    [maven:out]         [com.diffblue.cover.buildsystem.config.a.a] out: [INFO] 
13:02:50.763 [INFO]   [Checking]    [maven:out]         [com.diffblue.cover.buildsystem.config.a.a] out: [INFO] --- resources:3.3.1:resources (default-resources) @ common ---
13:02:50.811 [INFO]   [Checking]    [maven:out]         [com.diffblue.cover.buildsystem.config.a.a] out: [INFO] Copying 1 resource from src/main/resources to target/classes
13:02:50.814 [INFO]   [Checking]    [maven:out]         [com.diffblue.cover.buildsystem.internal.f.f] deserializing line [DIFFBLUE]{"__type":"com.diffblue.cover.buildsystem.model.DefaultEventMessage","project":"uk.gov.gchq.palisade:common","goal":"resources","cause":null,"state":"SUCCESS"}
13:02:50.816 [INFO]   [Checking]    [maven:out]         [com.diffblue.cover.buildsystem.internal.f.f] deserializing line [DIFFBLUE]{"__type":"com.diffblue.cover.buildsystem.model.DefaultEventMessage","project":"uk.gov.gchq.palisade:common","goal":"flatten","cause":null,"state":"STARTED"}
13:02:50.817 [INFO]   [Checking]    [maven:out]         [com.diffblue.cover.buildsystem.config.a.a] out: [INFO] 
13:02:50.817 [INFO]   [Checking]    [maven:out]         [com.diffblue.cover.buildsystem.config.a.a] out: [INFO] --- flatten:1.1.0:flatten (flatten) @ common ---
13:02:50.922 [INFO]   [Checking]    [maven:out]         [com.diffblue.cover.buildsystem.config.a.a] out: [INFO] Generating flattened POM of project uk.gov.gchq.palisade:common:jar:0.5.2-SNAPSHOT...
13:02:50.967 [INFO]   [Checking]    [maven:out]         [com.diffblue.cover.buildsystem.internal.f.f] deserializing line [DIFFBLUE]{"__type":"com.diffblue.cover.buildsystem.model.DefaultEventMessage","project":"uk.gov.gchq.palisade:common","goal":"flatten","cause":null,"state":"SUCCESS"}
13:02:50.969 [INFO]   [Checking]    [maven:out]         [com.diffblue.cover.buildsystem.internal.f.f] deserializing line [DIFFBLUE]{"__type":"com.diffblue.cover.buildsystem.model.DefaultEventMessage","project":"uk.gov.gchq.palisade:common","goal":"compile","cause":null,"state":"STARTED"}
13:02:50.971 [INFO]   [Checking]    [maven:out]         [com.diffblue.cover.buildsystem.config.a.a] out: [INFO] 
13:02:50.971 [INFO]   [Checking]    [maven:out]         [com.diffblue.cover.buildsystem.config.a.a] out: [INFO] --- compiler:3.8.0:compile (default-compile) @ common ---
13:02:51.076 [INFO]   [Checking]    [maven:out]         [com.diffblue.cover.buildsystem.config.a.a] out: [INFO] Nothing to compile - all classes are up to date
13:02:51.077 [INFO]   [Checking]    [maven:out]         [com.diffblue.cover.buildsystem.internal.f.f] deserializing line [DIFFBLUE]{"__type":"com.diffblue.cover.buildsystem.model.DefaultEventMessage","project":"uk.gov.gchq.palisade:common","goal":"compile","cause":null,"state":"SUCCESS"}
13:02:51.079 [INFO]   [Checking]    [maven:out]         [com.diffblue.cover.buildsystem.internal.f.f] deserializing line [DIFFBLUE]{"__type":"com.diffblue.cover.buildsystem.model.DefaultEventMessage","project":"uk.gov.gchq.palisade:common","goal":"javadoc-no-fork","cause":null,"state":"STARTED"}
13:02:51.080 [INFO]   [Checking]    [maven:out]         [com.diffblue.cover.buildsystem.config.a.a] out: [INFO] 
13:02:51.080 [INFO]   [Checking]    [maven:out]         [com.diffblue.cover.buildsystem.config.a.a] out: [INFO] --- javadoc:3.1.0:javadoc-no-fork (javadoc-compile) @ common ---
13:02:52.690 [INFO]   [Checking]    [maven:out]         [com.diffblue.cover.buildsystem.internal.f.f] deserializing line [DIFFBLUE]{"__type":"com.diffblue.cover.buildsystem.model.DefaultEventMessage","project":"uk.gov.gchq.palisade:common","goal":"javadoc-no-fork","cause":null,"state":"SUCCESS"}
13:02:52.692 [INFO]   [Checking]    [maven:out]         [com.diffblue.cover.buildsystem.internal.f.f] deserializing line [DIFFBLUE]{"__type":"com.diffblue.cover.buildsystem.model.DefaultEventMessage","project":"uk.gov.gchq.palisade:common","goal":"aggregate-no-fork","cause":null,"state":"STARTED"}
13:02:52.693 [INFO]   [Checking]    [maven:out]         [com.diffblue.cover.buildsystem.config.a.a] out: [INFO] 
13:02:52.693 [INFO]   [Checking]    [maven:out]         [com.diffblue.cover.buildsystem.config.a.a] out: [INFO] --- javadoc:3.1.0:aggregate-no-fork (javadoc-compile) @ common ---
13:02:54.039 [INFO]   [Checking]    [maven:out]         [com.diffblue.cover.buildsystem.internal.f.f] deserializing line [DIFFBLUE]{"__type":"com.diffblue.cover.buildsystem.model.DefaultEventMessage","project":"uk.gov.gchq.palisade:common","goal":"aggregate-no-fork","cause":null,"state":"SUCCESS"}
13:02:54.041 [INFO]   [Checking]    [maven:out]         [com.diffblue.cover.buildsystem.internal.f.f] deserializing line [DIFFBLUE]{"__type":"com.diffblue.cover.buildsystem.model.DefaultEventMessage","project":"uk.gov.gchq.palisade:common","goal":"testResources","cause":null,"state":"STARTED"}
13:02:54.044 [INFO]   [Checking]    [maven:out]         [com.diffblue.cover.buildsystem.config.a.a] out: [INFO] 
13:02:54.044 [INFO]   [Checking]    [maven:out]         [com.diffblue.cover.buildsystem.config.a.a] out: [INFO] --- resources:3.3.1:testResources (default-testResources) @ common ---
13:02:54.046 [INFO]   [Checking]    [maven:out]         [com.diffblue.cover.buildsystem.config.a.a] out: [INFO] skip non existing resourceDirectory /home/jbergqvist/diffblue/Palisade-common/src/test/resources
13:02:54.048 [INFO]   [Checking]    [maven:out]         [com.diffblue.cover.buildsystem.internal.f.f] deserializing line [DIFFBLUE]{"__type":"com.diffblue.cover.buildsystem.model.DefaultEventMessage","project":"uk.gov.gchq.palisade:common","goal":"testResources","cause":null,"state":"SUCCESS"}
13:02:54.051 [INFO]   [Checking]    [maven:out]         [com.diffblue.cover.buildsystem.internal.f.f] deserializing line [DIFFBLUE]{"__type":"com.diffblue.cover.buildsystem.model.DefaultEventMessage","project":"uk.gov.gchq.palisade:common","goal":"testCompile","cause":null,"state":"STARTED"}
13:02:54.053 [INFO]   [Checking]    [maven:out]         [com.diffblue.cover.buildsystem.config.a.a] out: [INFO] 
13:02:54.053 [INFO]   [Checking]    [maven:out]         [com.diffblue.cover.buildsystem.config.a.a] out: [INFO] --- compiler:3.8.0:testCompile (default-testCompile) @ common ---
13:02:54.057 [INFO]   [Checking]    [maven:out]         [com.diffblue.cover.buildsystem.config.a.a] out: [INFO] Changes detected - recompiling the module!
13:02:54.060 [INFO]   [Checking]    [maven:out]         [com.diffblue.cover.buildsystem.config.a.a] out: [INFO] Compiling 3 source files to /home/jbergqvist/diffblue/Palisade-common/target/test-classes
13:02:54.402 [INFO]   [Checking]    [maven:out]         [com.diffblue.cover.buildsystem.internal.f.f] deserializing line [DIFFBLUE]{"__type":"com.diffblue.cover.buildsystem.model.DefaultEventMessage","project":"uk.gov.gchq.palisade:common","goal":"testCompile","cause":null,"state":"SUCCESS"}
13:02:54.404 [INFO]   [Checking]    [maven:out]         [com.diffblue.cover.buildsystem.internal.f.f] deserializing line [DIFFBLUE]{"__type":"com.diffblue.cover.buildsystem.model.DefaultEventMessage","project":"uk.gov.gchq.palisade:common","goal":"test","cause":null,"state":"STARTED"}
13:02:54.406 [INFO]   [Checking]    [maven:out]         [com.diffblue.cover.buildsystem.config.a.a] out: [INFO] 
13:02:54.407 [INFO]   [Checking]    [maven:out]         [com.diffblue.cover.buildsystem.config.a.a] out: [INFO] --- surefire:3.2.5:test (default-test) @ common ---
13:02:54.493 [INFO]   [Checking]    [maven:out]         [com.diffblue.cover.buildsystem.config.a.a] out: [INFO] Using auto detected provider org.apache.maven.surefire.junitplatform.JUnitPlatformProvider
13:02:54.527 [INFO]   [Checking]    [maven:out]         [com.diffblue.cover.buildsystem.config.a.a] out: [INFO] 
13:02:54.528 [INFO]   [Checking]    [maven:out]         [com.diffblue.cover.buildsystem.config.a.a] out: [INFO] -------------------------------------------------------
13:02:54.528 [INFO]   [Checking]    [maven:out]         [com.diffblue.cover.buildsystem.config.a.a] out: [INFO]  T E S T S
13:02:54.528 [INFO]   [Checking]    [maven:out]         [com.diffblue.cover.buildsystem.config.a.a] out: [INFO] -------------------------------------------------------
13:02:55.137 [INFO]   [Checking]    [maven:out]         [com.diffblue.cover.buildsystem.config.a.a] out: [INFO] Running DummyJUnitJupiterLauncherDiffblueTest3204607418332851565
13:02:55.179 [INFO]   [Checking]    [maven:out]         [com.diffblue.cover.buildsystem.config.a.a] out: [INFO] Tests run: 1, Failures: 0, Errors: 0, Skipped: 0, Time elapsed: 0.034 s -- in DummyJUnitJupiterLauncherDiffblueTest3204607418332851565
13:02:55.207 [INFO]   [Checking]    [maven:out]         [com.diffblue.cover.buildsystem.config.a.a] out: [INFO] 
13:02:55.207 [INFO]   [Checking]    [maven:out]         [com.diffblue.cover.buildsystem.config.a.a] out: [INFO] Results:
13:02:55.207 [INFO]   [Checking]    [maven:out]         [com.diffblue.cover.buildsystem.config.a.a] out: [INFO] 
13:02:55.207 [INFO]   [Checking]    [maven:out]         [com.diffblue.cover.buildsystem.config.a.a] out: [INFO] Tests run: 1, Failures: 0, Errors: 0, Skipped: 0
13:02:55.207 [INFO]   [Checking]    [maven:out]         [com.diffblue.cover.buildsystem.config.a.a] out: [INFO] 
13:02:55.210 [INFO]   [Checking]    [maven:out]         [com.diffblue.cover.buildsystem.internal.f.f] deserializing line [DIFFBLUE]{"__type":"com.diffblue.cover.buildsystem.model.DefaultEventMessage","project":"uk.gov.gchq.palisade:common","goal":"test","cause":null,"state":"SUCCESS"}
13:02:55.231 [INFO]   [Checking]    [maven:out]         [com.diffblue.cover.buildsystem.internal.f.f] deserializing line [DIFFBLUE]{"__type":"com.diffblue.cover.buildsystem.model.DefaultProjectModuleMessage","project":{"__type":"DefaultProjectModule","junitReport":["/home/jbergqvist/diffblue/Palisade-common/target/surefire-reports"],"jacocoReport":["/home/jbergqvist/diffblue/Palisade-common/target/site/jacoco/jacoco.xml"],"jacocoDestFile":["${sonar.jacoco.reportPath}","/home/jbergqvist/diffblue/Palisade-common/target/jacoco.exec"],"jacocoFormats":["xml"],"jacocoSkipped":false,"classpath":["/home/jbergqvist/diffblue/Palisade-common/target/classes","/home/jbergqvist/.m2/repository/com/typesafe/akka/akka-stream_2.13/2.6.10/akka-stream_2.13-2.6.10.jar","/home/jbergqvist/.m2/repository/org/scala-lang/scala-library/2.13.3/scala-library-2.13.3.jar","/home/jbergqvist/.m2/repository/com/typesafe/akka/akka-actor_2.13/2.6.10/akka-actor_2.13-2.6.10.jar","/home/jbergqvist/.m2/repository/com/typesafe/config/1.4.0/config-1.4.0.jar","/home/jbergqvist/.m2/repository/org/scala-lang/modules/scala-java8-compat_2.13/0.9.0/scala-java8-compat_2.13-0.9.0.jar","/home/jbergqvist/.m2/repository/com/typesafe/akka/akka-protobuf-v3_2.13/2.6.10/akka-protobuf-v3_2.13-2.6.10.jar","/home/jbergqvist/.m2/repository/org/reactivestreams/reactive-streams/1.0.3/reactive-streams-1.0.3.jar","/home/jbergqvist/.m2/repository/com/typesafe/ssl-config-core_2.13/0.4.2/ssl-config-core_2.13-0.4.2.jar","/home/jbergqvist/.m2/repository/org/scala-lang/modules/scala-parser-combinators_2.13/1.1.2/scala-parser-combinators_2.13-1.1.2.jar","/home/jbergqvist/.m2/repository/org/junit/jupiter/junit-jupiter-engine/5.13.4/junit-jupiter-engine-5.13.4.jar","/home/jbergqvist/.m2/repository/org/junit/platform/junit-platform-engine/1.13.4/junit-platform-engine-1.13.4.jar","/home/jbergqvist/.m2/repository/org/opentest4j/opentest4j/1.3.0/opentest4j-1.3.0.jar","/home/jbergqvist/.m2/repository/org/junit/platform/junit-platform-commons/1.13.4/junit-platform-commons-1.13.4.jar","/home/jbergqvist/.m2/repository/org/junit/jupiter/junit-jupiter-api/5.13.4/junit-jupiter-api-5.13.4.jar","/home/jbergqvist/.m2/repository/org/apiguardian/apiguardian-api/1.1.2/apiguardian-api-1.1.2.jar","/home/jbergqvist/.m2/repository/org/mockito/mockito-core/5.20.0/mockito-core-5.20.0.jar","/home/jbergqvist/.m2/repository/net/bytebuddy/byte-buddy/1.17.7/byte-buddy-1.17.7.jar","/home/jbergqvist/.m2/repository/net/bytebuddy/byte-buddy-agent/1.17.7/byte-buddy-agent-1.17.7.jar","/home/jbergqvist/.m2/repository/org/objenesis/objenesis/3.3/objenesis-3.3.jar","/home/jbergqvist/.m2/repository/org/mockito/mockito-junit-jupiter/5.20.0/mockito-junit-jupiter-5.20.0.jar","/home/jbergqvist/.m2/repository/com/fasterxml/jackson/core/jackson-databind/2.11.0/jackson-databind-2.11.0.jar","/home/jbergqvist/.m2/repository/com/fasterxml/jackson/core/jackson-annotations/2.11.0/jackson-annotations-2.11.0.jar","/home/jbergqvist/.m2/repository/com/fasterxml/jackson/core/jackson-core/2.11.0/jackson-core-2.11.0.jar","/home/jbergqvist/.m2/repository/org/slf4j/slf4j-api/1.7.25/slf4j-api-1.7.25.jar","/home/jbergqvist/.m2/repository/com/diffblue/cover/cover-annotations/1.8.0/cover-annotations-1.8.0.jar"],"complianceLevel":"11","productionSources":["/home/jbergqvist/diffblue/Palisade-common/src/main/java"],"testSources":["/home/jbergqvist/diffblue/Palisade-common/src/test/java"],"productionClasses":"/home/jbergqvist/diffblue/Palisade-common/target/classes","testClasses":"/home/jbergqvist/diffblue/Palisade-common/target/test-classes","sourceToBuildPathMap":null,"testSourceToBuildPathMap":null,"buildDirectory":"/home/jbergqvist/diffblue/Palisade-common/target","plugins":[{"__type":"DefaultPlugin","groupId":"org.apache.maven.plugins","artefactId":"maven-compiler-plugin","version":"3.8.0","pluginClassName":null},{"__type":"DefaultPlugin","groupId":"org.apache.maven.plugins","artefactId":"maven-javadoc-plugin","version":"3.1.0","pluginClassName":null},{"__type":"DefaultPlugin","groupId":"org.apache.maven.plugins","artefactId":"maven-dependency-plugin","version":"3.1.2","pluginClassName":null},{"__type":"DefaultPlugin","groupId":"org.codehaus.mojo","artefactId":"flatten-maven-plugin","version":"1.1.0","pluginClassName":null},{"__type":"DefaultPlugin","groupId":"org.codehaus.mojo","artefactId":"license-maven-plugin","version":"2.0.0","pluginClassName":null},{"__type":"DefaultPlugin","groupId":"org.jacoco","artefactId":"jacoco-maven-plugin","version":"0.8.5","pluginClassName":null},{"__type":"DefaultPlugin","groupId":"org.apache.maven.plugins","artefactId":"maven-checkstyle-plugin","version":"3.1.0","pluginClassName":null},{"__type":"DefaultPlugin","groupId":"org.apache.maven.plugins","artefactId":"maven-clean-plugin","version":"3.2.0","pluginClassName":null},{"__type":"DefaultPlugin","groupId":"org.apache.maven.plugins","artefactId":"maven-resources-plugin","version":"3.3.1","pluginClassName":null},{"__type":"DefaultPlugin","groupId":"org.apache.maven.plugins","artefactId":"maven-jar-plugin","version":"3.4.1","pluginClassName":null},{"__type":"DefaultPlugin","groupId":"org.apache.maven.plugins","artefactId":"maven-surefire-plugin","version":"3.2.5","pluginClassName":null},{"__type":"DefaultPlugin","groupId":"org.apache.maven.plugins","artefactId":"maven-install-plugin","version":"3.1.2","pluginClassName":null},{"__type":"DefaultPlugin","groupId":"org.apache.maven.plugins","artefactId":"maven-deploy-plugin","version":"3.1.2","pluginClassName":null},{"__type":"DefaultPlugin","groupId":"org.apache.maven.plugins","artefactId":"maven-site-plugin","version":"3.12.1","pluginClassName":null}],"version":"3.9.12","encoding":"UTF-8","name":"maven","subModules":[],"simpleModuleName":null,"parentModuleName":null,"location":"/home/jbergqvist/diffblue/Palisade-common","fullModuleName":"uk.gov.gchq.palisade:common"}}
13:02:55.235 [INFO]   [Checking]    [maven:out]         [com.diffblue.cover.buildsystem.config.a.a] out: [INFO] ------------------------------------------------------------------------
13:02:55.235 [INFO]   [Checking]    [maven:out]         [com.diffblue.cover.buildsystem.config.a.a] out: [INFO] BUILD SUCCESS
13:02:55.235 [INFO]   [Checking]    [maven:out]         [com.diffblue.cover.buildsystem.config.a.a] out: [INFO] ------------------------------------------------------------------------
13:02:55.235 [INFO]   [Checking]    [maven:out]         [com.diffblue.cover.buildsystem.config.a.a] out: [INFO] Total time:  5.048 s
13:02:55.235 [INFO]   [Checking]    [maven:out]         [com.diffblue.cover.buildsystem.config.a.a] out: [INFO] Finished at: 2026-01-12T13:02:55Z
13:02:55.236 [INFO]   [Checking]    [maven:out]         [com.diffblue.cover.buildsystem.config.a.a] out: [INFO] ------------------------------------------------------------------------
13:02:55.236 [INFO]   [Checking]    [maven:out]         [com.diffblue.cover.buildsystem.internal.f.f] deserializing line [DIFFBLUE]{"__type":"com.diffblue.cover.buildsystem.model.ProjectInfoMessage","projectName":"uk.gov.gchq.palisade:common","productionSources":["/home/jbergqvist/diffblue/Palisade-common/src/main/java","/home/jbergqvist/diffblue/Palisade-common/target/generated-sources/annotations"],"testSources":["/home/jbergqvist/diffblue/Palisade-common/src/test/java","/home/jbergqvist/diffblue/Palisade-common/target/generated-test-sources/test-annotations"],"location":"/home/jbergqvist/diffblue/Palisade-common"}
13:02:55.265 [INFO]   [Checking]    [main]              [com.diffblue.cover.buildsystem.internal.f.d] maven:err process not stopped, joining thread
13:02:55.266 [INFO]   [Checking]    [main]              [com.diffblue.cover.buildsystem.internal.f.d] maven:out process not stopped, joining thread
13:02:55.266 [DEBUG]  [Checking]    [main]              [com.diffblue.cover.buildsystem.config.a.a] Executor spent 5s on command "/home/jbergqvist/.sdkman/candidates/maven/current/bin/mvn -Dmaven.ext.class.path=/opt/cover/cover-buildsystem-maven-spy-jar-with-dependencies.jar -Dcom.diffblue.cover.skipTests=true -DskipTestOptimizer --batch-mode --projects=uk.gov.gchq.palisade:common --global-settings=/home/jbergqvist/.sdkman/candidates/maven/current/conf/settings.xml -Dcheckstyle.skip=true test -DfailIfNoTests=false -Dsurefire.failIfNoSpecifiedTests=false -Dmaven.test.failure.ignore=True -Dtest=DummyJUnitJupiterLauncherDiffblueTest3204607418332851565"
13:02:55.266 [DEBUG]  [Checking]    [main]              [com.diffblue.cover.configuration.e] Purging written files... [/home/jbergqvist/diffblue/Palisade-common/src/test/java/DummyJUnitJupiterLauncherDiffblueTest3204607418332851565.java]
13:02:55.266 [DEBUG]  [Checking]    [main]              [com.diffblue.cover.configuration.e] Attempting to find class files '[DummyJUnitJupiterLauncherDiffblueTest3204607418332851565.class]' in '/home/jbergqvist/diffblue/Palisade-common/target/classes'
13:02:55.267 [DEBUG]  [Checking]    [main]              [com.diffblue.cover.configuration.e] Attempting to find class files '[DummyJUnitJupiterLauncherDiffblueTest3204607418332851565.class]' in '/home/jbergqvist/diffblue/Palisade-common/target/test-classes'
13:02:55.267 [DEBUG]  [Checking]    [main]              [com.diffblue.cover.configuration.e] Found /home/jbergqvist/diffblue/Palisade-common/target/test-classes/DummyJUnitJupiterLauncherDiffblueTest3204607418332851565.class, scheduling deletion
13:02:55.268 [DEBUG]  [Checking]    [main]              [com.diffblue.cover.configuration.a.e] DetectorCache miss DETECTED_JUNIT_JUPITER_LAUNCHER
13:02:55.268 [DEBUG]  [Checking]    [main]              [com.diffblue.cover.configuration.cache.a] Writing cache to /home/jbergqvist/diffblue/Palisade-common/.diffblue/cache/env.json containing 12 items
13:02:55.273 [DEBUG]  [Checking]    [main]              [com.diffblue.cover.commons.l.d] Processing rule com.diffblue.cover.configuration.a.o took 5817ms
13:02:55.273 [DEBUG]  [Checking]    [main]              [com.diffblue.cover.configuration.a.e] DetectorCache miss DETECTED_JUNIT_LAUNCHER
13:02:55.273 [DEBUG]  [Checking]    [main]              [com.diffblue.cover.configuration.cache.a] Writing cache to /home/jbergqvist/diffblue/Palisade-common/.diffblue/cache/env.json containing 12 items
13:02:55.277 [DEBUG]  [Checking]    [main]              [com.diffblue.cover.configuration.a.e] DetectorCache miss DETECTED_TESTNG_LAUNCHER
13:02:55.277 [DEBUG]  [Checking]    [main]              [com.diffblue.cover.configuration.cache.a] Writing cache to /home/jbergqvist/diffblue/Palisade-common/.diffblue/cache/env.json containing 12 items
13:02:55.492 [DEBUG]  [Checking]    [main]              [com.diffblue.cover.commons.dependency.a.b] Detected Jackson Databind version 2.11.0 (via jar:file:/home/jbergqvist/.m2/repository/com/fasterxml/jackson/core/jackson-databind/2.11.0/jackson-databind-2.11.0.jar!/com/fasterxml/jackson/databind/type/MapType.class)
13:02:55.493 [INFO]   [Checking]    [main]              [com.diffblue.cover.ui.controller.r] Detected Jackson Databind version 2.11.0
13:02:55.503 [DEBUG]  [Checking]    [main]              [com.diffblue.cover.configuration.a.z] Java home guessed from System property: /home/jbergqvist/.sdkman/candidates/java/11.0.29-amzn
13:02:55.504 [INFO]   [Checking]    [main]              [com.diffblue.cover.ui.controller.r] Detected JVM architecture: 64-Bit
13:02:55.504 [DEBUG]  [Checking]    [main]              [com.diffblue.cover.configuration.a.e] DetectorCache miss JaCoCo execution
13:02:55.504 [DEBUG]  [Checking]    [main]              [com.diffblue.cover.configuration.cache.a] Writing cache to /home/jbergqvist/diffblue/Palisade-common/.diffblue/cache/env.json containing 12 items
13:02:55.512 [DEBUG]  [Checking]    [main]              [com.diffblue.cover.buildsystem.config.registry.Registry] checking if /home/jbergqvist/diffblue/Palisade-common/DiffblueBuild.yaml exists...
13:02:55.512 [DEBUG]  [Checking]    [main]              [com.diffblue.cover.buildsystem.config.registry.Registry] checking if /home/jbergqvist/diffblue/Palisade-common/DiffblueBuild.yml exists...
13:02:55.512 [INFO]   [Checking]    [main]              [com.diffblue.cover.buildsystem.config.registry.Registry] Using default build rules as no custom rules found in any of [/home/jbergqvist/diffblue/Palisade-common]
13:02:55.512 [DEBUG]  [Checking]    [main]              [com.diffblue.cover.buildsystem.config.registry.Registry] Build execution request for Coverage Phase
13:02:55.512 [INFO]   [Checking]    [main]              [com.diffblue.cover.buildsystem.config.a.a] Attempting to invoke mvnw in working directory: /home/jbergqvist/diffblue/Palisade-common
13:02:55.513 [INFO]   [Checking]    [main]              [com.diffblue.cover.buildsystem.config.a.a] Attempting to invoke /home/jbergqvist/.sdkman/candidates/maven/current/bin/mvn in working directory: /home/jbergqvist/diffblue/Palisade-common
13:02:55.513 [INFO]   [Checking]    [main]              [com.diffblue.cover.buildsystem.config.a.a] Started "/home/jbergqvist/.sdkman/candidates/maven/current/bin/mvn -Dmaven.ext.class.path=/opt/cover/cover-buildsystem-maven-spy-jar-with-dependencies.jar -Dcom.diffblue.cover.skipTests=true -DskipTestOptimizer --batch-mode --projects=uk.gov.gchq.palisade:common --global-settings=/home/jbergqvist/.sdkman/candidates/maven/current/conf/settings.xml -Dcheckstyle.skip=true org.jacoco:jacoco-maven-plugin:0.8.5:prepare-agent -Djacoco.skip=false test -DfailIfNoTests=false -Dsurefire.failIfNoSpecifiedTests=false -Dmaven.test.failure.ignore=True -Dtest=DiffblueDummyCoverageJupiterDiffblueTest org.jacoco:jacoco-maven-plugin:0.8.5:report -Djacoco.skip=false"
13:02:56.275 [INFO]   [Checking]    [maven:out]         [com.diffblue.cover.buildsystem.config.a.a] out: [INFO] Scanning for projects...
13:02:56.367 [INFO]   [Checking]    [maven:out]         [com.diffblue.cover.buildsystem.config.a.a] out: [INFO] 
13:02:56.367 [INFO]   [Checking]    [maven:out]         [com.diffblue.cover.buildsystem.config.a.a] out: [INFO] --------------------< uk.gov.gchq.palisade:common >---------------------
13:02:56.367 [INFO]   [Checking]    [maven:out]         [com.diffblue.cover.buildsystem.config.a.a] out: [INFO] Building GCHQ Palisade Common Library 0.5.2-SNAPSHOT
13:02:56.367 [INFO]   [Checking]    [maven:out]         [com.diffblue.cover.buildsystem.config.a.a] out: [INFO]   from pom.xml
13:02:56.367 [INFO]   [Checking]    [maven:out]         [com.diffblue.cover.buildsystem.config.a.a] out: [INFO] --------------------------------[ jar ]---------------------------------
13:02:56.598 [INFO]   [Checking]    [maven:out]         [com.diffblue.cover.buildsystem.internal.f.f] deserializing line [DIFFBLUE]{"__type":"com.diffblue.cover.buildsystem.model.DefaultEventMessage","project":"uk.gov.gchq.palisade:common","goal":"prepare-agent","cause":null,"state":"STARTED"}
13:02:56.599 [INFO]   [Checking]    [maven:out]         [com.diffblue.cover.buildsystem.config.a.a] out: [INFO] 
13:02:56.600 [INFO]   [Checking]    [maven:out]         [com.diffblue.cover.buildsystem.config.a.a] out: [INFO] --- jacoco:0.8.5:prepare-agent (default-cli) @ common ---
13:02:56.833 [INFO]   [Checking]    [maven:out]         [com.diffblue.cover.buildsystem.config.a.a] out: [INFO] argLine set to -javaagent:/home/jbergqvist/.m2/repository/org/jacoco/org.jacoco.agent/0.8.5/org.jacoco.agent-0.8.5-runtime.jar=destfile=/home/jbergqvist/diffblue/Palisade-common/target/jacoco.exec,append=true
13:02:56.835 [INFO]   [Checking]    [maven:out]         [com.diffblue.cover.buildsystem.internal.f.f] deserializing line [DIFFBLUE]{"__type":"com.diffblue.cover.buildsystem.model.DefaultEventMessage","project":"uk.gov.gchq.palisade:common","goal":"prepare-agent","cause":null,"state":"SUCCESS"}
13:02:56.836 [INFO]   [Checking]    [maven:out]         [com.diffblue.cover.buildsystem.internal.f.f] deserializing line [DIFFBLUE]{"__type":"com.diffblue.cover.buildsystem.model.DefaultEventMessage","project":"uk.gov.gchq.palisade:common","goal":"prepare-agent","cause":null,"state":"STARTED"}
13:02:56.838 [INFO]   [Checking]    [maven:out]         [com.diffblue.cover.buildsystem.config.a.a] out: [INFO] 
13:02:56.838 [INFO]   [Checking]    [maven:out]         [com.diffblue.cover.buildsystem.config.a.a] out: [INFO] --- jacoco:0.8.5:prepare-agent (agent) @ common ---
13:02:56.838 [INFO]   [Checking]    [maven:out]         [com.diffblue.cover.buildsystem.config.a.a] out: [INFO] argLine set to -javaagent:/home/jbergqvist/.m2/repository/org/jacoco/org.jacoco.agent/0.8.5/org.jacoco.agent-0.8.5-runtime.jar=destfile=/home/jbergqvist/diffblue/Palisade-common/target/jacoco.exec,append=true
13:02:56.839 [INFO]   [Checking]    [maven:out]         [com.diffblue.cover.buildsystem.internal.f.f] deserializing line [DIFFBLUE]{"__type":"com.diffblue.cover.buildsystem.model.DefaultEventMessage","project":"uk.gov.gchq.palisade:common","goal":"prepare-agent","cause":null,"state":"SUCCESS"}
13:02:56.840 [INFO]   [Checking]    [maven:out]         [com.diffblue.cover.buildsystem.internal.f.f] deserializing line [DIFFBLUE]{"__type":"com.diffblue.cover.buildsystem.model.DefaultEventMessage","project":"uk.gov.gchq.palisade:common","goal":"resources","cause":null,"state":"STARTED"}
13:02:56.842 [INFO]   [Checking]    [maven:out]         [com.diffblue.cover.buildsystem.config.a.a] out: [INFO] 
13:02:56.842 [INFO]   [Checking]    [maven:out]         [com.diffblue.cover.buildsystem.config.a.a] out: [INFO] --- resources:3.3.1:resources (default-resources) @ common ---
13:02:56.890 [INFO]   [Checking]    [maven:out]         [com.diffblue.cover.buildsystem.config.a.a] out: [INFO] Copying 1 resource from src/main/resources to target/classes
13:02:56.893 [INFO]   [Checking]    [maven:out]         [com.diffblue.cover.buildsystem.internal.f.f] deserializing line [DIFFBLUE]{"__type":"com.diffblue.cover.buildsystem.model.DefaultEventMessage","project":"uk.gov.gchq.palisade:common","goal":"resources","cause":null,"state":"SUCCESS"}
13:02:56.894 [INFO]   [Checking]    [maven:out]         [com.diffblue.cover.buildsystem.internal.f.f] deserializing line [DIFFBLUE]{"__type":"com.diffblue.cover.buildsystem.model.DefaultEventMessage","project":"uk.gov.gchq.palisade:common","goal":"flatten","cause":null,"state":"STARTED"}
13:02:56.895 [INFO]   [Checking]    [maven:out]         [com.diffblue.cover.buildsystem.config.a.a] out: [INFO] 
13:02:56.895 [INFO]   [Checking]    [maven:out]         [com.diffblue.cover.buildsystem.config.a.a] out: [INFO] --- flatten:1.1.0:flatten (flatten) @ common ---
13:02:56.996 [INFO]   [Checking]    [maven:out]         [com.diffblue.cover.buildsystem.config.a.a] out: [INFO] Generating flattened POM of project uk.gov.gchq.palisade:common:jar:0.5.2-SNAPSHOT...
13:02:57.040 [INFO]   [Checking]    [maven:out]         [com.diffblue.cover.buildsystem.internal.f.f] deserializing line [DIFFBLUE]{"__type":"com.diffblue.cover.buildsystem.model.DefaultEventMessage","project":"uk.gov.gchq.palisade:common","goal":"flatten","cause":null,"state":"SUCCESS"}
13:02:57.042 [INFO]   [Checking]    [maven:out]         [com.diffblue.cover.buildsystem.internal.f.f] deserializing line [DIFFBLUE]{"__type":"com.diffblue.cover.buildsystem.model.DefaultEventMessage","project":"uk.gov.gchq.palisade:common","goal":"compile","cause":null,"state":"STARTED"}
13:02:57.043 [INFO]   [Checking]    [maven:out]         [com.diffblue.cover.buildsystem.config.a.a] out: [INFO] 
13:02:57.043 [INFO]   [Checking]    [maven:out]         [com.diffblue.cover.buildsystem.config.a.a] out: [INFO] --- compiler:3.8.0:compile (default-compile) @ common ---
13:02:57.151 [INFO]   [Checking]    [maven:out]         [com.diffblue.cover.buildsystem.config.a.a] out: [INFO] Changes detected - recompiling the module!
13:02:57.156 [INFO]   [Checking]    [maven:out]         [com.diffblue.cover.buildsystem.config.a.a] out: [INFO] Compiling 23 source files to /home/jbergqvist/diffblue/Palisade-common/target/classes
13:02:57.801 [INFO]   [Checking]    [maven:out]         [com.diffblue.cover.buildsystem.internal.f.f] deserializing line [DIFFBLUE]{"__type":"com.diffblue.cover.buildsystem.model.DefaultEventMessage","project":"uk.gov.gchq.palisade:common","goal":"compile","cause":null,"state":"SUCCESS"}
13:02:57.803 [INFO]   [Checking]    [maven:out]         [com.diffblue.cover.buildsystem.internal.f.f] deserializing line [DIFFBLUE]{"__type":"com.diffblue.cover.buildsystem.model.DefaultEventMessage","project":"uk.gov.gchq.palisade:common","goal":"javadoc-no-fork","cause":null,"state":"STARTED"}
13:02:57.805 [INFO]   [Checking]    [maven:out]         [com.diffblue.cover.buildsystem.config.a.a] out: [INFO] 
13:02:57.805 [INFO]   [Checking]    [maven:out]         [com.diffblue.cover.buildsystem.config.a.a] out: [INFO] --- javadoc:3.1.0:javadoc-no-fork (javadoc-compile) @ common ---
13:02:59.410 [INFO]   [Checking]    [maven:out]         [com.diffblue.cover.buildsystem.internal.f.f] deserializing line [DIFFBLUE]{"__type":"com.diffblue.cover.buildsystem.model.DefaultEventMessage","project":"uk.gov.gchq.palisade:common","goal":"javadoc-no-fork","cause":null,"state":"SUCCESS"}
13:02:59.411 [INFO]   [Checking]    [maven:out]         [com.diffblue.cover.buildsystem.internal.f.f] deserializing line [DIFFBLUE]{"__type":"com.diffblue.cover.buildsystem.model.DefaultEventMessage","project":"uk.gov.gchq.palisade:common","goal":"aggregate-no-fork","cause":null,"state":"STARTED"}
13:02:59.412 [INFO]   [Checking]    [maven:out]         [com.diffblue.cover.buildsystem.config.a.a] out: [INFO] 
13:02:59.412 [INFO]   [Checking]    [maven:out]         [com.diffblue.cover.buildsystem.config.a.a] out: [INFO] --- javadoc:3.1.0:aggregate-no-fork (javadoc-compile) @ common ---
13:03:00.777 [INFO]   [Checking]    [maven:out]         [com.diffblue.cover.buildsystem.internal.f.f] deserializing line [DIFFBLUE]{"__type":"com.diffblue.cover.buildsystem.model.DefaultEventMessage","project":"uk.gov.gchq.palisade:common","goal":"aggregate-no-fork","cause":null,"state":"SUCCESS"}
13:03:00.779 [INFO]   [Checking]    [maven:out]         [com.diffblue.cover.buildsystem.internal.f.f] deserializing line [DIFFBLUE]{"__type":"com.diffblue.cover.buildsystem.model.DefaultEventMessage","project":"uk.gov.gchq.palisade:common","goal":"testResources","cause":null,"state":"STARTED"}
13:03:00.780 [INFO]   [Checking]    [maven:out]         [com.diffblue.cover.buildsystem.config.a.a] out: [INFO] 
13:03:00.780 [INFO]   [Checking]    [maven:out]         [com.diffblue.cover.buildsystem.config.a.a] out: [INFO] --- resources:3.3.1:testResources (default-testResources) @ common ---
13:03:00.781 [INFO]   [Checking]    [maven:out]         [com.diffblue.cover.buildsystem.config.a.a] out: [INFO] skip non existing resourceDirectory /home/jbergqvist/diffblue/Palisade-common/src/test/resources
13:03:00.782 [INFO]   [Checking]    [maven:out]         [com.diffblue.cover.buildsystem.internal.f.f] deserializing line [DIFFBLUE]{"__type":"com.diffblue.cover.buildsystem.model.DefaultEventMessage","project":"uk.gov.gchq.palisade:common","goal":"testResources","cause":null,"state":"SUCCESS"}
13:03:00.784 [INFO]   [Checking]    [maven:out]         [com.diffblue.cover.buildsystem.internal.f.f] deserializing line [DIFFBLUE]{"__type":"com.diffblue.cover.buildsystem.model.DefaultEventMessage","project":"uk.gov.gchq.palisade:common","goal":"testCompile","cause":null,"state":"STARTED"}
13:03:00.785 [INFO]   [Checking]    [maven:out]         [com.diffblue.cover.buildsystem.config.a.a] out: [INFO] 
13:03:00.785 [INFO]   [Checking]    [maven:out]         [com.diffblue.cover.buildsystem.config.a.a] out: [INFO] --- compiler:3.8.0:testCompile (default-testCompile) @ common ---
13:03:00.787 [INFO]   [Checking]    [maven:out]         [com.diffblue.cover.buildsystem.config.a.a] out: [INFO] Changes detected - recompiling the module!
13:03:00.788 [INFO]   [Checking]    [maven:out]         [com.diffblue.cover.buildsystem.config.a.a] out: [INFO] Compiling 4 source files to /home/jbergqvist/diffblue/Palisade-common/target/test-classes
13:03:00.855 [INFO]   [Checking]    [maven:out]         [com.diffblue.cover.buildsystem.internal.f.f] deserializing line [DIFFBLUE]{"__type":"com.diffblue.cover.buildsystem.model.DefaultEventMessage","project":"uk.gov.gchq.palisade:common","goal":"testCompile","cause":null,"state":"SUCCESS"}
13:03:00.857 [INFO]   [Checking]    [maven:out]         [com.diffblue.cover.buildsystem.internal.f.f] deserializing line [DIFFBLUE]{"__type":"com.diffblue.cover.buildsystem.model.DefaultEventMessage","project":"uk.gov.gchq.palisade:common","goal":"test","cause":null,"state":"STARTED"}
13:03:00.858 [INFO]   [Checking]    [maven:out]         [com.diffblue.cover.buildsystem.config.a.a] out: [INFO] 
13:03:00.858 [INFO]   [Checking]    [maven:out]         [com.diffblue.cover.buildsystem.config.a.a] out: [INFO] --- surefire:3.2.5:test (default-test) @ common ---
13:03:00.955 [INFO]   [Checking]    [maven:out]         [com.diffblue.cover.buildsystem.config.a.a] out: [INFO] Using auto detected provider org.apache.maven.surefire.junitplatform.JUnitPlatformProvider
13:03:00.989 [INFO]   [Checking]    [maven:out]         [com.diffblue.cover.buildsystem.config.a.a] out: [INFO] 
13:03:00.989 [INFO]   [Checking]    [maven:out]         [com.diffblue.cover.buildsystem.config.a.a] out: [INFO] -------------------------------------------------------
13:03:00.989 [INFO]   [Checking]    [maven:out]         [com.diffblue.cover.buildsystem.config.a.a] out: [INFO]  T E S T S
13:03:00.989 [INFO]   [Checking]    [maven:out]         [com.diffblue.cover.buildsystem.config.a.a] out: [INFO] -------------------------------------------------------
13:03:01.606 [INFO]   [Checking]    [maven:out]         [com.diffblue.cover.buildsystem.config.a.a] out: [INFO] Running DiffblueDummyCoverageJupiterDiffblueTest
13:03:01.655 [INFO]   [Checking]    [maven:out]         [com.diffblue.cover.buildsystem.config.a.a] out: [INFO] Tests run: 1, Failures: 0, Errors: 0, Skipped: 0, Time elapsed: 0.040 s -- in DiffblueDummyCoverageJupiterDiffblueTest
13:03:01.686 [INFO]   [Checking]    [maven:out]         [com.diffblue.cover.buildsystem.config.a.a] out: [INFO] 
13:03:01.686 [INFO]   [Checking]    [maven:out]         [com.diffblue.cover.buildsystem.config.a.a] out: [INFO] Results:
13:03:01.686 [INFO]   [Checking]    [maven:out]         [com.diffblue.cover.buildsystem.config.a.a] out: [INFO] 
13:03:01.686 [INFO]   [Checking]    [maven:out]         [com.diffblue.cover.buildsystem.config.a.a] out: [INFO] Tests run: 1, Failures: 0, Errors: 0, Skipped: 0
13:03:01.686 [INFO]   [Checking]    [maven:out]         [com.diffblue.cover.buildsystem.config.a.a] out: [INFO] 
13:03:01.689 [INFO]   [Checking]    [maven:out]         [com.diffblue.cover.buildsystem.internal.f.f] deserializing line [DIFFBLUE]{"__type":"com.diffblue.cover.buildsystem.model.DefaultEventMessage","project":"uk.gov.gchq.palisade:common","goal":"test","cause":null,"state":"SUCCESS"}
13:03:01.690 [INFO]   [Checking]    [maven:out]         [com.diffblue.cover.buildsystem.internal.f.f] deserializing line [DIFFBLUE]{"__type":"com.diffblue.cover.buildsystem.model.DefaultEventMessage","project":"uk.gov.gchq.palisade:common","goal":"report","cause":null,"state":"STARTED"}
13:03:01.691 [INFO]   [Checking]    [maven:out]         [com.diffblue.cover.buildsystem.config.a.a] out: [INFO] 
13:03:01.691 [INFO]   [Checking]    [maven:out]         [com.diffblue.cover.buildsystem.config.a.a] out: [INFO] --- jacoco:0.8.5:report (default-cli) @ common ---
13:03:01.726 [INFO]   [Checking]    [maven:out]         [com.diffblue.cover.buildsystem.config.a.a] out: [INFO] Loading execution data file /home/jbergqvist/diffblue/Palisade-common/target/jacoco.exec
13:03:01.782 [INFO]   [Checking]    [maven:out]         [com.diffblue.cover.buildsystem.config.a.a] out: [INFO] Analyzed bundle 'GCHQ Palisade Common Library' with 26 classes
13:03:01.831 [INFO]   [Checking]    [maven:out]         [com.diffblue.cover.buildsystem.internal.f.f] deserializing line [DIFFBLUE]{"__type":"com.diffblue.cover.buildsystem.model.DefaultEventMessage","project":"uk.gov.gchq.palisade:common","goal":"report","cause":null,"state":"SUCCESS"}
13:03:01.851 [INFO]   [Checking]    [maven:out]         [com.diffblue.cover.buildsystem.internal.f.f] deserializing line [DIFFBLUE]{"__type":"com.diffblue.cover.buildsystem.model.DefaultProjectModuleMessage","project":{"__type":"DefaultProjectModule","junitReport":["/home/jbergqvist/diffblue/Palisade-common/target/surefire-reports"],"jacocoReport":["/home/jbergqvist/diffblue/Palisade-common/target/site/jacoco/jacoco.xml"],"jacocoDestFile":["${sonar.jacoco.reportPath}","/home/jbergqvist/diffblue/Palisade-common/target/jacoco.exec"],"jacocoFormats":["xml"],"jacocoSkipped":false,"classpath":["/home/jbergqvist/diffblue/Palisade-common/target/classes","/home/jbergqvist/.m2/repository/com/typesafe/akka/akka-stream_2.13/2.6.10/akka-stream_2.13-2.6.10.jar","/home/jbergqvist/.m2/repository/org/scala-lang/scala-library/2.13.3/scala-library-2.13.3.jar","/home/jbergqvist/.m2/repository/com/typesafe/akka/akka-actor_2.13/2.6.10/akka-actor_2.13-2.6.10.jar","/home/jbergqvist/.m2/repository/com/typesafe/config/1.4.0/config-1.4.0.jar","/home/jbergqvist/.m2/repository/org/scala-lang/modules/scala-java8-compat_2.13/0.9.0/scala-java8-compat_2.13-0.9.0.jar","/home/jbergqvist/.m2/repository/com/typesafe/akka/akka-protobuf-v3_2.13/2.6.10/akka-protobuf-v3_2.13-2.6.10.jar","/home/jbergqvist/.m2/repository/org/reactivestreams/reactive-streams/1.0.3/reactive-streams-1.0.3.jar","/home/jbergqvist/.m2/repository/com/typesafe/ssl-config-core_2.13/0.4.2/ssl-config-core_2.13-0.4.2.jar","/home/jbergqvist/.m2/repository/org/scala-lang/modules/scala-parser-combinators_2.13/1.1.2/scala-parser-combinators_2.13-1.1.2.jar","/home/jbergqvist/.m2/repository/org/junit/jupiter/junit-jupiter-engine/5.13.4/junit-jupiter-engine-5.13.4.jar","/home/jbergqvist/.m2/repository/org/junit/platform/junit-platform-engine/1.13.4/junit-platform-engine-1.13.4.jar","/home/jbergqvist/.m2/repository/org/opentest4j/opentest4j/1.3.0/opentest4j-1.3.0.jar","/home/jbergqvist/.m2/repository/org/junit/platform/junit-platform-commons/1.13.4/junit-platform-commons-1.13.4.jar","/home/jbergqvist/.m2/repository/org/junit/jupiter/junit-jupiter-api/5.13.4/junit-jupiter-api-5.13.4.jar","/home/jbergqvist/.m2/repository/org/apiguardian/apiguardian-api/1.1.2/apiguardian-api-1.1.2.jar","/home/jbergqvist/.m2/repository/org/mockito/mockito-core/5.20.0/mockito-core-5.20.0.jar","/home/jbergqvist/.m2/repository/net/bytebuddy/byte-buddy/1.17.7/byte-buddy-1.17.7.jar","/home/jbergqvist/.m2/repository/net/bytebuddy/byte-buddy-agent/1.17.7/byte-buddy-agent-1.17.7.jar","/home/jbergqvist/.m2/repository/org/objenesis/objenesis/3.3/objenesis-3.3.jar","/home/jbergqvist/.m2/repository/org/mockito/mockito-junit-jupiter/5.20.0/mockito-junit-jupiter-5.20.0.jar","/home/jbergqvist/.m2/repository/com/fasterxml/jackson/core/jackson-databind/2.11.0/jackson-databind-2.11.0.jar","/home/jbergqvist/.m2/repository/com/fasterxml/jackson/core/jackson-annotations/2.11.0/jackson-annotations-2.11.0.jar","/home/jbergqvist/.m2/repository/com/fasterxml/jackson/core/jackson-core/2.11.0/jackson-core-2.11.0.jar","/home/jbergqvist/.m2/repository/org/slf4j/slf4j-api/1.7.25/slf4j-api-1.7.25.jar","/home/jbergqvist/.m2/repository/com/diffblue/cover/cover-annotations/1.8.0/cover-annotations-1.8.0.jar"],"complianceLevel":"11","productionSources":["/home/jbergqvist/diffblue/Palisade-common/src/main/java"],"testSources":["/home/jbergqvist/diffblue/Palisade-common/src/test/java"],"productionClasses":"/home/jbergqvist/diffblue/Palisade-common/target/classes","testClasses":"/home/jbergqvist/diffblue/Palisade-common/target/test-classes","sourceToBuildPathMap":null,"testSourceToBuildPathMap":null,"buildDirectory":"/home/jbergqvist/diffblue/Palisade-common/target","plugins":[{"__type":"DefaultPlugin","groupId":"org.apache.maven.plugins","artefactId":"maven-compiler-plugin","version":"3.8.0","pluginClassName":null},{"__type":"DefaultPlugin","groupId":"org.apache.maven.plugins","artefactId":"maven-javadoc-plugin","version":"3.1.0","pluginClassName":null},{"__type":"DefaultPlugin","groupId":"org.apache.maven.plugins","artefactId":"maven-dependency-plugin","version":"3.1.2","pluginClassName":null},{"__type":"DefaultPlugin","groupId":"org.codehaus.mojo","artefactId":"flatten-maven-plugin","version":"1.1.0","pluginClassName":null},{"__type":"DefaultPlugin","groupId":"org.codehaus.mojo","artefactId":"license-maven-plugin","version":"2.0.0","pluginClassName":null},{"__type":"DefaultPlugin","groupId":"org.jacoco","artefactId":"jacoco-maven-plugin","version":"0.8.5","pluginClassName":null},{"__type":"DefaultPlugin","groupId":"org.apache.maven.plugins","artefactId":"maven-checkstyle-plugin","version":"3.1.0","pluginClassName":null},{"__type":"DefaultPlugin","groupId":"org.apache.maven.plugins","artefactId":"maven-clean-plugin","version":"3.2.0","pluginClassName":null},{"__type":"DefaultPlugin","groupId":"org.apache.maven.plugins","artefactId":"maven-resources-plugin","version":"3.3.1","pluginClassName":null},{"__type":"DefaultPlugin","groupId":"org.apache.maven.plugins","artefactId":"maven-jar-plugin","version":"3.4.1","pluginClassName":null},{"__type":"DefaultPlugin","groupId":"org.apache.maven.plugins","artefactId":"maven-surefire-plugin","version":"3.2.5","pluginClassName":null},{"__type":"DefaultPlugin","groupId":"org.apache.maven.plugins","artefactId":"maven-install-plugin","version":"3.1.2","pluginClassName":null},{"__type":"DefaultPlugin","groupId":"org.apache.maven.plugins","artefactId":"maven-deploy-plugin","version":"3.1.2","pluginClassName":null},{"__type":"DefaultPlugin","groupId":"org.apache.maven.plugins","artefactId":"maven-site-plugin","version":"3.12.1","pluginClassName":null}],"version":"3.9.12","encoding":"UTF-8","name":"maven","subModules":[],"simpleModuleName":null,"parentModuleName":null,"location":"/home/jbergqvist/diffblue/Palisade-common","fullModuleName":"uk.gov.gchq.palisade:common"}}
13:03:01.854 [INFO]   [Checking]    [maven:out]         [com.diffblue.cover.buildsystem.config.a.a] out: [INFO] ------------------------------------------------------------------------
13:03:01.854 [INFO]   [Checking]    [maven:out]         [com.diffblue.cover.buildsystem.config.a.a] out: [INFO] BUILD SUCCESS
13:03:01.854 [INFO]   [Checking]    [maven:out]         [com.diffblue.cover.buildsystem.config.a.a] out: [INFO] ------------------------------------------------------------------------
13:03:01.854 [INFO]   [Checking]    [maven:out]         [com.diffblue.cover.buildsystem.config.a.a] out: [INFO] Total time:  5.592 s
13:03:01.854 [INFO]   [Checking]    [maven:out]         [com.diffblue.cover.buildsystem.config.a.a] out: [INFO] Finished at: 2026-01-12T13:03:01Z
13:03:01.854 [INFO]   [Checking]    [maven:out]         [com.diffblue.cover.buildsystem.config.a.a] out: [INFO] ------------------------------------------------------------------------
13:03:01.855 [INFO]   [Checking]    [maven:out]         [com.diffblue.cover.buildsystem.internal.f.f] deserializing line [DIFFBLUE]{"__type":"com.diffblue.cover.buildsystem.model.ProjectInfoMessage","projectName":"uk.gov.gchq.palisade:common","productionSources":["/home/jbergqvist/diffblue/Palisade-common/src/main/java","/home/jbergqvist/diffblue/Palisade-common/target/generated-sources/annotations"],"testSources":["/home/jbergqvist/diffblue/Palisade-common/src/test/java","/home/jbergqvist/diffblue/Palisade-common/target/generated-test-sources/test-annotations"],"location":"/home/jbergqvist/diffblue/Palisade-common"}
13:03:01.895 [INFO]   [Checking]    [main]              [com.diffblue.cover.buildsystem.internal.f.d] maven:err process not stopped, joining thread
13:03:01.895 [INFO]   [Checking]    [main]              [com.diffblue.cover.buildsystem.internal.f.d] maven:out process not stopped, joining thread
13:03:01.895 [DEBUG]  [Checking]    [main]              [com.diffblue.cover.buildsystem.config.a.a] Executor spent 6s on command "/home/jbergqvist/.sdkman/candidates/maven/current/bin/mvn -Dmaven.ext.class.path=/opt/cover/cover-buildsystem-maven-spy-jar-with-dependencies.jar -Dcom.diffblue.cover.skipTests=true -DskipTestOptimizer --batch-mode --projects=uk.gov.gchq.palisade:common --global-settings=/home/jbergqvist/.sdkman/candidates/maven/current/conf/settings.xml -Dcheckstyle.skip=true org.jacoco:jacoco-maven-plugin:0.8.5:prepare-agent -Djacoco.skip=false test -DfailIfNoTests=false -Dsurefire.failIfNoSpecifiedTests=false -Dmaven.test.failure.ignore=True -Dtest=DiffblueDummyCoverageJupiterDiffblueTest org.jacoco:jacoco-maven-plugin:0.8.5:report -Djacoco.skip=false"
13:03:01.996 [DEBUG]  [Checking]    [main]              [com.diffblue.cover.buildsystem.config.registry.Registry] checking if /home/jbergqvist/diffblue/Palisade-common/DiffblueBuild.yaml exists...
13:03:01.996 [DEBUG]  [Checking]    [main]              [com.diffblue.cover.buildsystem.config.registry.Registry] checking if /home/jbergqvist/diffblue/Palisade-common/DiffblueBuild.yml exists...
13:03:01.996 [INFO]   [Checking]    [main]              [com.diffblue.cover.buildsystem.config.registry.Registry] Using default build rules as no custom rules found in any of [/home/jbergqvist/diffblue/Palisade-common]
13:03:01.996 [DEBUG]  [Checking]    [main]              [com.diffblue.cover.buildsystem.config.registry.Registry] Build execution request for Coverage Phase
13:03:01.996 [INFO]   [Checking]    [main]              [com.diffblue.cover.buildsystem.config.a.a] Attempting to invoke mvnw in working directory: /home/jbergqvist/diffblue/Palisade-common
13:03:01.997 [INFO]   [Checking]    [main]              [com.diffblue.cover.buildsystem.config.a.a] Attempting to invoke /home/jbergqvist/.sdkman/candidates/maven/current/bin/mvn in working directory: /home/jbergqvist/diffblue/Palisade-common
13:03:01.997 [INFO]   [Checking]    [main]              [com.diffblue.cover.buildsystem.config.a.a] Started "/home/jbergqvist/.sdkman/candidates/maven/current/bin/mvn -Dmaven.ext.class.path=/opt/cover/cover-buildsystem-maven-spy-jar-with-dependencies.jar -Dcom.diffblue.cover.skipTests=true -DskipTestOptimizer --batch-mode --projects=uk.gov.gchq.palisade:common --global-settings=/home/jbergqvist/.sdkman/candidates/maven/current/conf/settings.xml -Dcheckstyle.skip=true org.jacoco:jacoco-maven-plugin:0.8.5:prepare-agent -Djacoco.skip=false test -DfailIfNoTests=false -Dsurefire.failIfNoSpecifiedTests=false -Dmaven.test.failure.ignore=True -Dtest=!*DiffblueTest,**/DiffblueDummy* org.jacoco:jacoco-maven-plugin:0.8.5:report -Djacoco.skip=false"
13:03:02.749 [INFO]   [Checking]    [maven:out]         [com.diffblue.cover.buildsystem.config.a.a] out: [INFO] Scanning for projects...
13:03:02.839 [INFO]   [Checking]    [maven:out]         [com.diffblue.cover.buildsystem.config.a.a] out: [INFO] 
13:03:02.839 [INFO]   [Checking]    [maven:out]         [com.diffblue.cover.buildsystem.config.a.a] out: [INFO] --------------------< uk.gov.gchq.palisade:common >---------------------
13:03:02.839 [INFO]   [Checking]    [maven:out]         [com.diffblue.cover.buildsystem.config.a.a] out: [INFO] Building GCHQ Palisade Common Library 0.5.2-SNAPSHOT
13:03:02.839 [INFO]   [Checking]    [maven:out]         [com.diffblue.cover.buildsystem.config.a.a] out: [INFO]   from pom.xml
13:03:02.839 [INFO]   [Checking]    [maven:out]         [com.diffblue.cover.buildsystem.config.a.a] out: [INFO] --------------------------------[ jar ]---------------------------------
13:03:03.078 [INFO]   [Checking]    [maven:out]         [com.diffblue.cover.buildsystem.internal.f.f] deserializing line [DIFFBLUE]{"__type":"com.diffblue.cover.buildsystem.model.DefaultEventMessage","project":"uk.gov.gchq.palisade:common","goal":"prepare-agent","cause":null,"state":"STARTED"}
13:03:03.079 [INFO]   [Checking]    [maven:out]         [com.diffblue.cover.buildsystem.config.a.a] out: [INFO] 
13:03:03.079 [INFO]   [Checking]    [maven:out]         [com.diffblue.cover.buildsystem.config.a.a] out: [INFO] --- jacoco:0.8.5:prepare-agent (default-cli) @ common ---
13:03:03.342 [INFO]   [Checking]    [maven:out]         [com.diffblue.cover.buildsystem.config.a.a] out: [INFO] argLine set to -javaagent:/home/jbergqvist/.m2/repository/org/jacoco/org.jacoco.agent/0.8.5/org.jacoco.agent-0.8.5-runtime.jar=destfile=/home/jbergqvist/diffblue/Palisade-common/target/jacoco.exec,append=true
13:03:03.344 [INFO]   [Checking]    [maven:out]         [com.diffblue.cover.buildsystem.internal.f.f] deserializing line [DIFFBLUE]{"__type":"com.diffblue.cover.buildsystem.model.DefaultEventMessage","project":"uk.gov.gchq.palisade:common","goal":"prepare-agent","cause":null,"state":"SUCCESS"}
13:03:03.345 [INFO]   [Checking]    [maven:out]         [com.diffblue.cover.buildsystem.internal.f.f] deserializing line [DIFFBLUE]{"__type":"com.diffblue.cover.buildsystem.model.DefaultEventMessage","project":"uk.gov.gchq.palisade:common","goal":"prepare-agent","cause":null,"state":"STARTED"}
13:03:03.346 [INFO]   [Checking]    [maven:out]         [com.diffblue.cover.buildsystem.config.a.a] out: [INFO] 
13:03:03.346 [INFO]   [Checking]    [maven:out]         [com.diffblue.cover.buildsystem.config.a.a] out: [INFO] --- jacoco:0.8.5:prepare-agent (agent) @ common ---
13:03:03.346 [INFO]   [Checking]    [maven:out]         [com.diffblue.cover.buildsystem.config.a.a] out: [INFO] argLine set to -javaagent:/home/jbergqvist/.m2/repository/org/jacoco/org.jacoco.agent/0.8.5/org.jacoco.agent-0.8.5-runtime.jar=destfile=/home/jbergqvist/diffblue/Palisade-common/target/jacoco.exec,append=true
13:03:03.348 [INFO]   [Checking]    [maven:out]         [com.diffblue.cover.buildsystem.internal.f.f] deserializing line [DIFFBLUE]{"__type":"com.diffblue.cover.buildsystem.model.DefaultEventMessage","project":"uk.gov.gchq.palisade:common","goal":"prepare-agent","cause":null,"state":"SUCCESS"}
13:03:03.349 [INFO]   [Checking]    [maven:out]         [com.diffblue.cover.buildsystem.internal.f.f] deserializing line [DIFFBLUE]{"__type":"com.diffblue.cover.buildsystem.model.DefaultEventMessage","project":"uk.gov.gchq.palisade:common","goal":"resources","cause":null,"state":"STARTED"}
13:03:03.349 [INFO]   [Checking]    [maven:out]         [com.diffblue.cover.buildsystem.config.a.a] out: [INFO] 
13:03:03.349 [INFO]   [Checking]    [maven:out]         [com.diffblue.cover.buildsystem.config.a.a] out: [INFO] --- resources:3.3.1:resources (default-resources) @ common ---
13:03:03.403 [INFO]   [Checking]    [maven:out]         [com.diffblue.cover.buildsystem.config.a.a] out: [INFO] Copying 1 resource from src/main/resources to target/classes
13:03:03.406 [INFO]   [Checking]    [maven:out]         [com.diffblue.cover.buildsystem.internal.f.f] deserializing line [DIFFBLUE]{"__type":"com.diffblue.cover.buildsystem.model.DefaultEventMessage","project":"uk.gov.gchq.palisade:common","goal":"resources","cause":null,"state":"SUCCESS"}
13:03:03.407 [INFO]   [Checking]    [maven:out]         [com.diffblue.cover.buildsystem.internal.f.f] deserializing line [DIFFBLUE]{"__type":"com.diffblue.cover.buildsystem.model.DefaultEventMessage","project":"uk.gov.gchq.palisade:common","goal":"flatten","cause":null,"state":"STARTED"}
13:03:03.408 [INFO]   [Checking]    [maven:out]         [com.diffblue.cover.buildsystem.config.a.a] out: [INFO] 
13:03:03.408 [INFO]   [Checking]    [maven:out]         [com.diffblue.cover.buildsystem.config.a.a] out: [INFO] --- flatten:1.1.0:flatten (flatten) @ common ---
13:03:03.507 [INFO]   [Checking]    [maven:out]         [com.diffblue.cover.buildsystem.config.a.a] out: [INFO] Generating flattened POM of project uk.gov.gchq.palisade:common:jar:0.5.2-SNAPSHOT...
13:03:03.551 [INFO]   [Checking]    [maven:out]         [com.diffblue.cover.buildsystem.internal.f.f] deserializing line [DIFFBLUE]{"__type":"com.diffblue.cover.buildsystem.model.DefaultEventMessage","project":"uk.gov.gchq.palisade:common","goal":"flatten","cause":null,"state":"SUCCESS"}
13:03:03.553 [INFO]   [Checking]    [maven:out]         [com.diffblue.cover.buildsystem.internal.f.f] deserializing line [DIFFBLUE]{"__type":"com.diffblue.cover.buildsystem.model.DefaultEventMessage","project":"uk.gov.gchq.palisade:common","goal":"compile","cause":null,"state":"STARTED"}
13:03:03.554 [INFO]   [Checking]    [maven:out]         [com.diffblue.cover.buildsystem.config.a.a] out: [INFO] 
13:03:03.554 [INFO]   [Checking]    [maven:out]         [com.diffblue.cover.buildsystem.config.a.a] out: [INFO] --- compiler:3.8.0:compile (default-compile) @ common ---
13:03:03.675 [INFO]   [Checking]    [maven:out]         [com.diffblue.cover.buildsystem.config.a.a] out: [INFO] Changes detected - recompiling the module!
13:03:03.677 [INFO]   [Checking]    [maven:out]         [com.diffblue.cover.buildsystem.config.a.a] out: [INFO] Compiling 23 source files to /home/jbergqvist/diffblue/Palisade-common/target/classes
13:03:04.324 [INFO]   [Checking]    [maven:out]         [com.diffblue.cover.buildsystem.internal.f.f] deserializing line [DIFFBLUE]{"__type":"com.diffblue.cover.buildsystem.model.DefaultEventMessage","project":"uk.gov.gchq.palisade:common","goal":"compile","cause":null,"state":"SUCCESS"}
13:03:04.326 [INFO]   [Checking]    [maven:out]         [com.diffblue.cover.buildsystem.internal.f.f] deserializing line [DIFFBLUE]{"__type":"com.diffblue.cover.buildsystem.model.DefaultEventMessage","project":"uk.gov.gchq.palisade:common","goal":"javadoc-no-fork","cause":null,"state":"STARTED"}
13:03:04.327 [INFO]   [Checking]    [maven:out]         [com.diffblue.cover.buildsystem.config.a.a] out: [INFO] 
13:03:04.327 [INFO]   [Checking]    [maven:out]         [com.diffblue.cover.buildsystem.config.a.a] out: [INFO] --- javadoc:3.1.0:javadoc-no-fork (javadoc-compile) @ common ---
13:03:05.890 [INFO]   [Checking]    [maven:out]         [com.diffblue.cover.buildsystem.internal.f.f] deserializing line [DIFFBLUE]{"__type":"com.diffblue.cover.buildsystem.model.DefaultEventMessage","project":"uk.gov.gchq.palisade:common","goal":"javadoc-no-fork","cause":null,"state":"SUCCESS"}
13:03:05.891 [INFO]   [Checking]    [maven:out]         [com.diffblue.cover.buildsystem.internal.f.f] deserializing line [DIFFBLUE]{"__type":"com.diffblue.cover.buildsystem.model.DefaultEventMessage","project":"uk.gov.gchq.palisade:common","goal":"aggregate-no-fork","cause":null,"state":"STARTED"}
13:03:05.892 [INFO]   [Checking]    [maven:out]         [com.diffblue.cover.buildsystem.config.a.a] out: [INFO] 
13:03:05.892 [INFO]   [Checking]    [maven:out]         [com.diffblue.cover.buildsystem.config.a.a] out: [INFO] --- javadoc:3.1.0:aggregate-no-fork (javadoc-compile) @ common ---
13:03:07.214 [INFO]   [Checking]    [maven:out]         [com.diffblue.cover.buildsystem.internal.f.f] deserializing line [DIFFBLUE]{"__type":"com.diffblue.cover.buildsystem.model.DefaultEventMessage","project":"uk.gov.gchq.palisade:common","goal":"aggregate-no-fork","cause":null,"state":"SUCCESS"}
13:03:07.215 [INFO]   [Checking]    [maven:out]         [com.diffblue.cover.buildsystem.internal.f.f] deserializing line [DIFFBLUE]{"__type":"com.diffblue.cover.buildsystem.model.DefaultEventMessage","project":"uk.gov.gchq.palisade:common","goal":"testResources","cause":null,"state":"STARTED"}
13:03:07.215 [INFO]   [Checking]    [maven:out]         [com.diffblue.cover.buildsystem.config.a.a] out: [INFO] 
13:03:07.215 [INFO]   [Checking]    [maven:out]         [com.diffblue.cover.buildsystem.config.a.a] out: [INFO] --- resources:3.3.1:testResources (default-testResources) @ common ---
13:03:07.216 [INFO]   [Checking]    [maven:out]         [com.diffblue.cover.buildsystem.config.a.a] out: [INFO] skip non existing resourceDirectory /home/jbergqvist/diffblue/Palisade-common/src/test/resources
13:03:07.218 [INFO]   [Checking]    [maven:out]         [com.diffblue.cover.buildsystem.internal.f.f] deserializing line [DIFFBLUE]{"__type":"com.diffblue.cover.buildsystem.model.DefaultEventMessage","project":"uk.gov.gchq.palisade:common","goal":"testResources","cause":null,"state":"SUCCESS"}
13:03:07.218 [INFO]   [Checking]    [maven:out]         [com.diffblue.cover.buildsystem.internal.f.f] deserializing line [DIFFBLUE]{"__type":"com.diffblue.cover.buildsystem.model.DefaultEventMessage","project":"uk.gov.gchq.palisade:common","goal":"testCompile","cause":null,"state":"STARTED"}
13:03:07.219 [INFO]   [Checking]    [maven:out]         [com.diffblue.cover.buildsystem.config.a.a] out: [INFO] 
13:03:07.219 [INFO]   [Checking]    [maven:out]         [com.diffblue.cover.buildsystem.config.a.a] out: [INFO] --- compiler:3.8.0:testCompile (default-testCompile) @ common ---
13:03:07.222 [INFO]   [Checking]    [maven:out]         [com.diffblue.cover.buildsystem.config.a.a] out: [INFO] Changes detected - recompiling the module!
13:03:07.222 [INFO]   [Checking]    [maven:out]         [com.diffblue.cover.buildsystem.config.a.a] out: [INFO] Compiling 4 source files to /home/jbergqvist/diffblue/Palisade-common/target/test-classes
13:03:07.294 [INFO]   [Checking]    [maven:out]         [com.diffblue.cover.buildsystem.internal.f.f] deserializing line [DIFFBLUE]{"__type":"com.diffblue.cover.buildsystem.model.DefaultEventMessage","project":"uk.gov.gchq.palisade:common","goal":"testCompile","cause":null,"state":"SUCCESS"}
13:03:07.296 [INFO]   [Checking]    [maven:out]         [com.diffblue.cover.buildsystem.internal.f.f] deserializing line [DIFFBLUE]{"__type":"com.diffblue.cover.buildsystem.model.DefaultEventMessage","project":"uk.gov.gchq.palisade:common","goal":"test","cause":null,"state":"STARTED"}
13:03:07.298 [INFO]   [Checking]    [maven:out]         [com.diffblue.cover.buildsystem.config.a.a] out: [INFO] 
13:03:07.298 [INFO]   [Checking]    [maven:out]         [com.diffblue.cover.buildsystem.config.a.a] out: [INFO] --- surefire:3.2.5:test (default-test) @ common ---
13:03:07.400 [INFO]   [Checking]    [maven:out]         [com.diffblue.cover.buildsystem.config.a.a] out: [INFO] Using auto detected provider org.apache.maven.surefire.junitplatform.JUnitPlatformProvider
13:03:07.425 [INFO]   [Checking]    [maven:out]         [com.diffblue.cover.buildsystem.config.a.a] out: [INFO] 
13:03:07.426 [INFO]   [Checking]    [maven:out]         [com.diffblue.cover.buildsystem.config.a.a] out: [INFO] -------------------------------------------------------
13:03:07.426 [INFO]   [Checking]    [maven:out]         [com.diffblue.cover.buildsystem.config.a.a] out: [INFO]  T E S T S
13:03:07.426 [INFO]   [Checking]    [maven:out]         [com.diffblue.cover.buildsystem.config.a.a] out: [INFO] -------------------------------------------------------
13:03:08.048 [INFO]   [Checking]    [maven:out]         [com.diffblue.cover.buildsystem.config.a.a] out: [INFO] Running DiffblueDummyCoverageJupiterTest
13:03:08.098 [INFO]   [Checking]    [maven:out]         [com.diffblue.cover.buildsystem.config.a.a] out: [INFO] Tests run: 1, Failures: 0, Errors: 0, Skipped: 0, Time elapsed: 0.038 s -- in DiffblueDummyCoverageJupiterTest
13:03:08.138 [INFO]   [Checking]    [maven:out]         [com.diffblue.cover.buildsystem.config.a.a] out: [INFO] 
13:03:08.138 [INFO]   [Checking]    [maven:out]         [com.diffblue.cover.buildsystem.config.a.a] out: [INFO] Results:
13:03:08.138 [INFO]   [Checking]    [maven:out]         [com.diffblue.cover.buildsystem.config.a.a] out: [INFO] 
13:03:08.138 [INFO]   [Checking]    [maven:out]         [com.diffblue.cover.buildsystem.config.a.a] out: [INFO] Tests run: 1, Failures: 0, Errors: 0, Skipped: 0
13:03:08.138 [INFO]   [Checking]    [maven:out]         [com.diffblue.cover.buildsystem.config.a.a] out: [INFO] 
13:03:08.141 [INFO]   [Checking]    [maven:out]         [com.diffblue.cover.buildsystem.internal.f.f] deserializing line [DIFFBLUE]{"__type":"com.diffblue.cover.buildsystem.model.DefaultEventMessage","project":"uk.gov.gchq.palisade:common","goal":"test","cause":null,"state":"SUCCESS"}
13:03:08.142 [INFO]   [Checking]    [maven:out]         [com.diffblue.cover.buildsystem.internal.f.f] deserializing line [DIFFBLUE]{"__type":"com.diffblue.cover.buildsystem.model.DefaultEventMessage","project":"uk.gov.gchq.palisade:common","goal":"report","cause":null,"state":"STARTED"}
13:03:08.143 [INFO]   [Checking]    [maven:out]         [com.diffblue.cover.buildsystem.config.a.a] out: [INFO] 
13:03:08.143 [INFO]   [Checking]    [maven:out]         [com.diffblue.cover.buildsystem.config.a.a] out: [INFO] --- jacoco:0.8.5:report (default-cli) @ common ---
13:03:08.178 [INFO]   [Checking]    [maven:out]         [com.diffblue.cover.buildsystem.config.a.a] out: [INFO] Loading execution data file /home/jbergqvist/diffblue/Palisade-common/target/jacoco.exec
13:03:08.237 [INFO]   [Checking]    [maven:out]         [com.diffblue.cover.buildsystem.config.a.a] out: [INFO] Analyzed bundle 'GCHQ Palisade Common Library' with 26 classes
13:03:08.284 [INFO]   [Checking]    [maven:out]         [com.diffblue.cover.buildsystem.internal.f.f] deserializing line [DIFFBLUE]{"__type":"com.diffblue.cover.buildsystem.model.DefaultEventMessage","project":"uk.gov.gchq.palisade:common","goal":"report","cause":null,"state":"SUCCESS"}
13:03:08.305 [INFO]   [Checking]    [maven:out]         [com.diffblue.cover.buildsystem.internal.f.f] deserializing line [DIFFBLUE]{"__type":"com.diffblue.cover.buildsystem.model.DefaultProjectModuleMessage","project":{"__type":"DefaultProjectModule","junitReport":["/home/jbergqvist/diffblue/Palisade-common/target/surefire-reports"],"jacocoReport":["/home/jbergqvist/diffblue/Palisade-common/target/site/jacoco/jacoco.xml"],"jacocoDestFile":["${sonar.jacoco.reportPath}","/home/jbergqvist/diffblue/Palisade-common/target/jacoco.exec"],"jacocoFormats":["xml"],"jacocoSkipped":false,"classpath":["/home/jbergqvist/diffblue/Palisade-common/target/classes","/home/jbergqvist/.m2/repository/com/typesafe/akka/akka-stream_2.13/2.6.10/akka-stream_2.13-2.6.10.jar","/home/jbergqvist/.m2/repository/org/scala-lang/scala-library/2.13.3/scala-library-2.13.3.jar","/home/jbergqvist/.m2/repository/com/typesafe/akka/akka-actor_2.13/2.6.10/akka-actor_2.13-2.6.10.jar","/home/jbergqvist/.m2/repository/com/typesafe/config/1.4.0/config-1.4.0.jar","/home/jbergqvist/.m2/repository/org/scala-lang/modules/scala-java8-compat_2.13/0.9.0/scala-java8-compat_2.13-0.9.0.jar","/home/jbergqvist/.m2/repository/com/typesafe/akka/akka-protobuf-v3_2.13/2.6.10/akka-protobuf-v3_2.13-2.6.10.jar","/home/jbergqvist/.m2/repository/org/reactivestreams/reactive-streams/1.0.3/reactive-streams-1.0.3.jar","/home/jbergqvist/.m2/repository/com/typesafe/ssl-config-core_2.13/0.4.2/ssl-config-core_2.13-0.4.2.jar","/home/jbergqvist/.m2/repository/org/scala-lang/modules/scala-parser-combinators_2.13/1.1.2/scala-parser-combinators_2.13-1.1.2.jar","/home/jbergqvist/.m2/repository/org/junit/jupiter/junit-jupiter-engine/5.13.4/junit-jupiter-engine-5.13.4.jar","/home/jbergqvist/.m2/repository/org/junit/platform/junit-platform-engine/1.13.4/junit-platform-engine-1.13.4.jar","/home/jbergqvist/.m2/repository/org/opentest4j/opentest4j/1.3.0/opentest4j-1.3.0.jar","/home/jbergqvist/.m2/repository/org/junit/platform/junit-platform-commons/1.13.4/junit-platform-commons-1.13.4.jar","/home/jbergqvist/.m2/repository/org/junit/jupiter/junit-jupiter-api/5.13.4/junit-jupiter-api-5.13.4.jar","/home/jbergqvist/.m2/repository/org/apiguardian/apiguardian-api/1.1.2/apiguardian-api-1.1.2.jar","/home/jbergqvist/.m2/repository/org/mockito/mockito-core/5.20.0/mockito-core-5.20.0.jar","/home/jbergqvist/.m2/repository/net/bytebuddy/byte-buddy/1.17.7/byte-buddy-1.17.7.jar","/home/jbergqvist/.m2/repository/net/bytebuddy/byte-buddy-agent/1.17.7/byte-buddy-agent-1.17.7.jar","/home/jbergqvist/.m2/repository/org/objenesis/objenesis/3.3/objenesis-3.3.jar","/home/jbergqvist/.m2/repository/org/mockito/mockito-junit-jupiter/5.20.0/mockito-junit-jupiter-5.20.0.jar","/home/jbergqvist/.m2/repository/com/fasterxml/jackson/core/jackson-databind/2.11.0/jackson-databind-2.11.0.jar","/home/jbergqvist/.m2/repository/com/fasterxml/jackson/core/jackson-annotations/2.11.0/jackson-annotations-2.11.0.jar","/home/jbergqvist/.m2/repository/com/fasterxml/jackson/core/jackson-core/2.11.0/jackson-core-2.11.0.jar","/home/jbergqvist/.m2/repository/org/slf4j/slf4j-api/1.7.25/slf4j-api-1.7.25.jar","/home/jbergqvist/.m2/repository/com/diffblue/cover/cover-annotations/1.8.0/cover-annotations-1.8.0.jar"],"complianceLevel":"11","productionSources":["/home/jbergqvist/diffblue/Palisade-common/src/main/java"],"testSources":["/home/jbergqvist/diffblue/Palisade-common/src/test/java"],"productionClasses":"/home/jbergqvist/diffblue/Palisade-common/target/classes","testClasses":"/home/jbergqvist/diffblue/Palisade-common/target/test-classes","sourceToBuildPathMap":null,"testSourceToBuildPathMap":null,"buildDirectory":"/home/jbergqvist/diffblue/Palisade-common/target","plugins":[{"__type":"DefaultPlugin","groupId":"org.apache.maven.plugins","artefactId":"maven-compiler-plugin","version":"3.8.0","pluginClassName":null},{"__type":"DefaultPlugin","groupId":"org.apache.maven.plugins","artefactId":"maven-javadoc-plugin","version":"3.1.0","pluginClassName":null},{"__type":"DefaultPlugin","groupId":"org.apache.maven.plugins","artefactId":"maven-dependency-plugin","version":"3.1.2","pluginClassName":null},{"__type":"DefaultPlugin","groupId":"org.codehaus.mojo","artefactId":"flatten-maven-plugin","version":"1.1.0","pluginClassName":null},{"__type":"DefaultPlugin","groupId":"org.codehaus.mojo","artefactId":"license-maven-plugin","version":"2.0.0","pluginClassName":null},{"__type":"DefaultPlugin","groupId":"org.jacoco","artefactId":"jacoco-maven-plugin","version":"0.8.5","pluginClassName":null},{"__type":"DefaultPlugin","groupId":"org.apache.maven.plugins","artefactId":"maven-checkstyle-plugin","version":"3.1.0","pluginClassName":null},{"__type":"DefaultPlugin","groupId":"org.apache.maven.plugins","artefactId":"maven-clean-plugin","version":"3.2.0","pluginClassName":null},{"__type":"DefaultPlugin","groupId":"org.apache.maven.plugins","artefactId":"maven-resources-plugin","version":"3.3.1","pluginClassName":null},{"__type":"DefaultPlugin","groupId":"org.apache.maven.plugins","artefactId":"maven-jar-plugin","version":"3.4.1","pluginClassName":null},{"__type":"DefaultPlugin","groupId":"org.apache.maven.plugins","artefactId":"maven-surefire-plugin","version":"3.2.5","pluginClassName":null},{"__type":"DefaultPlugin","groupId":"org.apache.maven.plugins","artefactId":"maven-install-plugin","version":"3.1.2","pluginClassName":null},{"__type":"DefaultPlugin","groupId":"org.apache.maven.plugins","artefactId":"maven-deploy-plugin","version":"3.1.2","pluginClassName":null},{"__type":"DefaultPlugin","groupId":"org.apache.maven.plugins","artefactId":"maven-site-plugin","version":"3.12.1","pluginClassName":null}],"version":"3.9.12","encoding":"UTF-8","name":"maven","subModules":[],"simpleModuleName":null,"parentModuleName":null,"location":"/home/jbergqvist/diffblue/Palisade-common","fullModuleName":"uk.gov.gchq.palisade:common"}}
13:03:08.307 [INFO]   [Checking]    [maven:out]         [com.diffblue.cover.buildsystem.config.a.a] out: [INFO] ------------------------------------------------------------------------
13:03:08.307 [INFO]   [Checking]    [maven:out]         [com.diffblue.cover.buildsystem.config.a.a] out: [INFO] BUILD SUCCESS
13:03:08.308 [INFO]   [Checking]    [maven:out]         [com.diffblue.cover.buildsystem.config.a.a] out: [INFO] ------------------------------------------------------------------------
13:03:08.308 [INFO]   [Checking]    [maven:out]         [com.diffblue.cover.buildsystem.config.a.a] out: [INFO] Total time:  5.570 s
13:03:08.308 [INFO]   [Checking]    [maven:out]         [com.diffblue.cover.buildsystem.config.a.a] out: [INFO] Finished at: 2026-01-12T13:03:08Z
13:03:08.308 [INFO]   [Checking]    [maven:out]         [com.diffblue.cover.buildsystem.config.a.a] out: [INFO] ------------------------------------------------------------------------
13:03:08.308 [INFO]   [Checking]    [maven:out]         [com.diffblue.cover.buildsystem.internal.f.f] deserializing line [DIFFBLUE]{"__type":"com.diffblue.cover.buildsystem.model.ProjectInfoMessage","projectName":"uk.gov.gchq.palisade:common","productionSources":["/home/jbergqvist/diffblue/Palisade-common/src/main/java","/home/jbergqvist/diffblue/Palisade-common/target/generated-sources/annotations"],"testSources":["/home/jbergqvist/diffblue/Palisade-common/src/test/java","/home/jbergqvist/diffblue/Palisade-common/target/generated-test-sources/test-annotations"],"location":"/home/jbergqvist/diffblue/Palisade-common"}
13:03:08.349 [INFO]   [Checking]    [main]              [com.diffblue.cover.buildsystem.internal.f.d] maven:err process not stopped, joining thread
13:03:08.350 [INFO]   [Checking]    [main]              [com.diffblue.cover.buildsystem.internal.f.d] maven:out process not stopped, joining thread
13:03:08.350 [DEBUG]  [Checking]    [main]              [com.diffblue.cover.buildsystem.config.a.a] Executor spent 6s on command "/home/jbergqvist/.sdkman/candidates/maven/current/bin/mvn -Dmaven.ext.class.path=/opt/cover/cover-buildsystem-maven-spy-jar-with-dependencies.jar -Dcom.diffblue.cover.skipTests=true -DskipTestOptimizer --batch-mode --projects=uk.gov.gchq.palisade:common --global-settings=/home/jbergqvist/.sdkman/candidates/maven/current/conf/settings.xml -Dcheckstyle.skip=true org.jacoco:jacoco-maven-plugin:0.8.5:prepare-agent -Djacoco.skip=false test -DfailIfNoTests=false -Dsurefire.failIfNoSpecifiedTests=false -Dmaven.test.failure.ignore=True -Dtest=!*DiffblueTest,**/DiffblueDummy* org.jacoco:jacoco-maven-plugin:0.8.5:report -Djacoco.skip=false"
13:03:08.382 [DEBUG]  [Checking]    [main]              [com.diffblue.cover.configuration.e] Purging written files... [/home/jbergqvist/diffblue/Palisade-common/src/main/java/DiffblueDummyCoverageClass.java, /home/jbergqvist/diffblue/Palisade-common/src/test/java/DiffblueDummyCoverageJupiterDiffblueTest.java, /home/jbergqvist/diffblue/Palisade-common/src/test/java/DiffblueDummyCoverageJupiterTest.java]
13:03:08.382 [DEBUG]  [Checking]    [main]              [com.diffblue.cover.configuration.e] Attempting to find class files '[DiffblueDummyCoverageClass.class, DiffblueDummyCoverageJupiterDiffblueTest.class, DiffblueDummyCoverageJupiterTest.class]' in '/home/jbergqvist/diffblue/Palisade-common/target/classes'
13:03:08.383 [DEBUG]  [Checking]    [main]              [com.diffblue.cover.configuration.e] Found /home/jbergqvist/diffblue/Palisade-common/target/classes/DiffblueDummyCoverageClass.class, scheduling deletion
13:03:08.383 [DEBUG]  [Checking]    [main]              [com.diffblue.cover.configuration.e] Attempting to find class files '[DiffblueDummyCoverageClass.class, DiffblueDummyCoverageJupiterDiffblueTest.class, DiffblueDummyCoverageJupiterTest.class]' in '/home/jbergqvist/diffblue/Palisade-common/target/test-classes'
13:03:08.383 [DEBUG]  [Checking]    [main]              [com.diffblue.cover.configuration.e] Found /home/jbergqvist/diffblue/Palisade-common/target/test-classes/DiffblueDummyCoverageJupiterTest.class, scheduling deletion
13:03:08.383 [DEBUG]  [Checking]    [main]              [com.diffblue.cover.configuration.e] Found /home/jbergqvist/diffblue/Palisade-common/target/test-classes/DiffblueDummyCoverageJupiterDiffblueTest.class, scheduling deletion
13:03:08.383 [DEBUG]  [Checking]    [main]              [com.diffblue.cover.configuration.a.e] DetectorCache miss JaCoCo execution
13:03:08.383 [DEBUG]  [Checking]    [main]              [com.diffblue.cover.configuration.cache.a] Writing cache to /home/jbergqvist/diffblue/Palisade-common/.diffblue/cache/env.json containing 12 items
13:03:08.387 [DEBUG]  [Checking]    [main]              [com.diffblue.cover.commons.l.d] Processing rule com.diffblue.cover.configuration.a.u took 12878ms
13:03:08.407 [DEBUG]  [Checking]    [main]              [com.diffblue.cover.commons.dependency.a.b] Detected Cover Annotations version 1.8.0 (via jar:file:/home/jbergqvist/.m2/repository/com/diffblue/cover/cover-annotations/1.8.0/cover-annotations-1.8.0.jar!/META-INF/maven/com.diffblue.cover/cover-annotations/pom.properties)
13:03:08.408 [INFO]   [Checking]    [main]              [com.diffblue.cover.ui.controller.r] Detected Cover Annotations version 1.8.0
13:03:08.482 [DEBUG]  [Checking]    [main]              [com.diffblue.cover.commons.configuration.e] Property cover.llm.complete has not been set, and no default value provided
13:03:08.483 [DEBUG]  [Checking]    [main]              [com.diffblue.cover.commons.configuration.e] Property cover.llm.objects has not been set, and no default value provided
13:03:08.483 [DEBUG]  [Checking]    [main]              [com.diffblue.cover.commons.configuration.e] Property cover.llm.strings has not been set, and no default value provided
13:03:08.483 [DEBUG]  [Checking]    [main]              [com.diffblue.cover.commons.configuration.e] Property cover.llm.postprocessing has not been set, and no default value provided
13:03:08.485 [DEBUG]  [Checking]    [main]              [com.diffblue.cover.commons.configuration.e] Property cover.reports.upload.url has not been set, and no default value provided
13:03:08.490 [INFO]   [Checking]    [main]              [com.diffblue.cover.ui.controller.r] Selected Java language compliance level: 11
13:03:08.490 [INFO]   [Checking]    [main]              [com.diffblue.cover.ui.controller.r] Selected test validation: enabled
13:03:08.519 [DEBUG]  [Checking]    [main]              [com.diffblue.cover.commons.configuration.e] Property cover.experimental.sandbox has not been set, using default value false
13:03:08.879 [INFO]   [Checking]    [main]              [com.diffblue.cover.ui.controller.r] Prefixes for filtering classes/methods:
13:03:08.884 [INFO]   [Checking]    [main]              [com.diffblue.cover.ui.controller.r] - uk.gov.gchq.palisade
13:03:08.885 [INFO]   [Checking]    [main]              [com.diffblue.cover.ui.controller.r] - uk.gov.gchq.palisade.data.serialise
13:03:08.886 [INFO]   [Checking]    [main]              [com.diffblue.cover.ui.controller.r] - uk.gov.gchq.palisade.resource
13:03:08.887 [INFO]   [Checking]    [main]              [com.diffblue.cover.ui.controller.r] - uk.gov.gchq.palisade.resource.impl
13:03:08.888 [INFO]   [Checking]    [main]              [com.diffblue.cover.ui.controller.r] - uk.gov.gchq.palisade.rule
13:03:08.889 [INFO]   [Checking]    [main]              [com.diffblue.cover.ui.controller.r] - uk.gov.gchq.palisade.user
13:03:08.890 [INFO]   [Checking]    [main]              [com.diffblue.cover.ui.controller.r] - uk.gov.gchq.palisade.util
13:03:08.891 [INFO]   [Checking]    [main]              [com.diffblue.cover.ui.controller.r] Gathering methods to test...
13:03:09.503 [DEBUG]  [Checking]    [main]              [com.diffblue.cover.commons.l.d] Processing rule com.diffblue.cover.ui.configuration.CliEntryPointsSelector took 1012ms
13:03:09.507 [DEBUG]  [Checking]    [main]              [com.diffblue.cover.commons.l.d] Inference engine finished in 26948ms
13:03:09.531 [INFO]   [Reporting]   [main]              [com.diffblue.cover.ui.e] 
13:03:09.531 [INFO]   [Reporting]   [main]              [com.diffblue.cover.ui.e] Environment summary for module: uk.gov.gchq.palisade:common
13:03:09.531 [INFO]   [Reporting]   [main]              [com.diffblue.cover.ui.e] -----------------------------------------------------------
13:03:09.532 [INFO]   [Reporting]   [main]              [com.diffblue.cover.ui.e] Java version                   11.0.29                       SUCCESS        
13:03:09.532 [INFO]   [Reporting]   [main]              [com.diffblue.cover.ui.e] Build system                   Maven                         SUCCESS        
13:03:09.532 [INFO]   [Reporting]   [main]              [com.diffblue.cover.ui.e] Mocking Framework              Mockito Core 5.20.0           SUCCESS        
13:03:09.532 [INFO]   [Reporting]   [main]              [com.diffblue.cover.ui.e] Surefire version               3.2.5                         SUCCESS        
13:03:09.532 [INFO]   [Reporting]   [main]              [com.diffblue.cover.ui.e] Testing framework              JUnit Jupiter                 SUCCESS        
13:03:09.532 [INFO]   [Reporting]   [main]              [com.diffblue.cover.ui.e] Mockito JUnit Jupiter version  5.20.0                        SUCCESS        
13:03:09.532 [INFO]   [Reporting]   [main]              [com.diffblue.cover.ui.e] JavaEE version                 Skipped                       -----          
13:03:09.532 [INFO]   [Reporting]   [main]              [com.diffblue.cover.ui.e] OSGi Annotations               Not Detected                  -----          
13:03:09.532 [INFO]   [Reporting]   [main]              [com.diffblue.cover.ui.e] Javax WS RS API                Not Detected                  -----          
13:03:09.532 [INFO]   [Reporting]   [main]              [com.diffblue.cover.ui.e] Jakarta RESTful WS API         Not Detected                  -----          
13:03:09.532 [INFO]   [Reporting]   [main]              [com.diffblue.cover.ui.e] Jersey Server                  Not Detected                  -----          
13:03:09.532 [INFO]   [Reporting]   [main]              [com.diffblue.cover.ui.e] Jersey Test Framework          Not Detected                  -----          
13:03:09.532 [INFO]   [Reporting]   [main]              [com.diffblue.cover.ui.e] Jersey Test Provider InMemory  Not Detected                  -----          
13:03:09.532 [INFO]   [Reporting]   [main]              [com.diffblue.cover.ui.e] Guice Framework                Not Detected                  -----          
13:03:09.532 [INFO]   [Reporting]   [main]              [com.diffblue.cover.ui.e] JaCoCo plugin version          0.8.5                         SUCCESS        
13:03:09.532 [INFO]   [Reporting]   [main]              [com.diffblue.cover.ui.e] Launcher                       JUnit Jupiter                 SUCCESS        
13:03:09.532 [INFO]   [Reporting]   [main]              [com.diffblue.cover.ui.e] Quarkus                        Not Detected                  -----          
13:03:09.532 [INFO]   [Reporting]   [main]              [com.diffblue.cover.ui.e] Test validation                Enabled                       SUCCESS        
13:03:09.532 [INFO]   [Reporting]   [main]              [com.diffblue.cover.ui.e] Hamcrest                       Not Detected                  -----          
13:03:09.532 [INFO]   [Reporting]   [main]              [com.diffblue.cover.ui.e] Spring Core                    Not Detected                  -----          
13:03:09.532 [INFO]   [Reporting]   [main]              [com.diffblue.cover.ui.e] Spring Boot                    Skipped                       -----          
13:03:09.532 [INFO]   [Reporting]   [main]              [com.diffblue.cover.ui.e] Spring Boot Starter Webflux    Skipped                       -----          
13:03:09.532 [INFO]   [Reporting]   [main]              [com.diffblue.cover.ui.e] Spring Boot Test Autoconfigure Skipped                       -----          
13:03:09.532 [INFO]   [Reporting]   [main]              [com.diffblue.cover.ui.e] Spring Boot Test               Skipped                       -----          
13:03:09.532 [INFO]   [Reporting]   [main]              [com.diffblue.cover.ui.e] Spring Web                     Skipped                       -----          
13:03:09.532 [INFO]   [Reporting]   [main]              [com.diffblue.cover.ui.e] Spring Security Web            Skipped                       -----          
13:03:09.532 [INFO]   [Reporting]   [main]              [com.diffblue.cover.ui.e] Spring Test                    Skipped                       -----          
13:03:09.532 [INFO]   [Reporting]   [main]              [com.diffblue.cover.ui.e] 
13:03:09.532 [INFO]   [Reporting]   [main]              [com.diffblue.cover.ui.e] Environment check status: SUCCESS
13:03:09.658 [DEBUG]  [Creating]    [pool-3-thread-1]   [com.diffblue.cover.m.a.e] Configuration:
Module: 
Configuration: 
 features=[COVERAGE_REPORTS, TESTING_FRAMEWORK_JUNIT_JUPITER5, MOCKING, MOCKITO_SESSION, MOCKITO_DI, INLINE_MOCK_MAKER, INCLUDE_SYSTEM_ENVIRONMENT_VARIABLES, INLINING, INLINE_ACT_INTO_ASSERT, INLINE_ARRANGE_INTO_ACT_ASSERT, INLINE_CHAINED_MEMBER_ACCESSES, INLINE_CONSTRUCTORS, INLINE_IMMEDIATE_VALUES, JOIN_SIMPLE_TESTS, SHOW_SECTION_COMMENTS, NEW_DIFFBLUE_COVERAGE_ONLY, REPORT, SANDBOXING, DESCRIPTIVE_TEST_NAMES, SPRING_TESTS_ENABLED, SPRING_BOOT_TESTS_ENABLED, VALIDATION, ANALYZER_SERVICE, VERIFICATION, HAS_METHOD_GROUP_ANNOTATION, TAG_WITH_CONTRIBUTION_FROM_DIFFBLUE, TAG_WITH_MANAGED_BY_DIFFBLUE]
 analyzerServiceIdleTimeout=PT2M
 coverReportsBaseUrl=Optional.empty
 environmentVariables={}
 complianceLevel=11
 fuzzingIterations=1000
 jacocoCommandDiffblue=Optional.empty
 jacocoCommandManual=Optional.empty
 jacocoXmlTestReport=Optional.empty
 jacocoXmlTestReportDiffblue=/home/jbergqvist/diffblue/Palisade-common/.diffblue/reports/diffblue-tests-jacoco-report.xml
 jacocoXmlTestReportManual=/home/jbergqvist/diffblue/Palisade-common/.diffblue/reports/manual-tests-jacoco-report.xml
 sandboxAllowedJavaNativeInterfacePrefixes=[]
 mockingFramework=MOCKITO_5_0_0
 mockClasses=[]
 mockStaticClasses=[]
 workingDirectory=/home/jbergqvist/diffblue/Palisade-common
 classpath=Classpath(27 full entries, 1 code under test entries, 1 test build entries)
 warningsToSuppress=[]
 perMethodTimeouts=Timeouts{softTimeout=PT20S, initialExecutionTimeout=PT20S, hardTimeout=PT1M, springStartupTimeout=PT4M}
 reportFile=/home/jbergqvist/diffblue/Palisade-common/.diffblue/reports/report.json
 activeProfiles=[]
 classScheme=${CLASS}DiffblueTest
 diffblueClassScheme=${CLASS}DiffblueTest
 methodScheme=test${INNER}${UNIT}${_}${GIVEN}${_}${WHEN}${_}${THEN}
 springConfigurationClasses=[]
 testOutputDirectory=/home/jbergqvist/diffblue/Palisade-common/src/test/java
 validationCommand=Optional.empty
 validationTimeout=PT30M
 jacocoVersion=0.8.5
 observerMethodSpecification=MethodSpecification[excludedPrefixes=[]]
 excludeMethodSpecification=MethodSpecification[excludedPrefixes=[]]
 analyzerServiceRestartFrequency=50
 jerseyFramework=null
 launcher=/home/jbergqvist/.m2/repository/org/junit/platform/junit-platform-launcher/1.13.4/junit-platform-launcher-1.13.4.jar
 maxCountOfAssertionsPerTest=2147483647
 remoteAi=RemoteAiConfig{complete=null, objects=null, strings=null, postprocessing='true'}

13:03:09.660 [INFO]   [Creating]    [pool-3-thread-1]   [com.diffblue.cover.ui.b.b] Found 131 callable methods in 25 classes
13:03:09.661 [INFO]   [Creating]    [pool-3-thread-1]   [com.diffblue.cover.m.a.b] 
13:03:09.662 [INFO]   [Creating]    [pool-3-thread-1]   [com.diffblue.cover.m.a.b] Creating tests:
13:03:09.662 [INFO]   [Creating]    [pool-3-thread-1]   [com.diffblue.cover.m.a.b] ---------------
13:03:09.667 [INFO]   [Creating]    [pool-3-thread-1]   [com.diffblue.cover.m.a.b] 
================================================================================
= Starting analysis for class 'uk.gov.gchq.palisade.Context'
================================================================================
13:03:09.667 [INFO]   [Creating]    [pool-3-thread-1]   [com.diffblue.cover.m.a.b] Filtering out non-testable methods...
13:03:10.146 [INFO]   [Creating]    [pool-3-thread-1]   [com.diffblue.cover.ui.b.b]       [1/131] uk.gov.gchq.palisade.Context.contents
13:03:10.146 [INFO]   [Creating]    [pool-3-thread-1]   [com.diffblue.cover.ui.b.b]       [1/131]   T024: Generated method
13:03:10.146 [DEBUG]  [Creating]    [pool-3-thread-1]   [com.diffblue.cover.ui.b.b]       [1/131]   (at least 2 lines uncovered in this method)
13:03:10.146 [INFO]   [Creating]    [pool-3-thread-1]   [com.diffblue.cover.ui.b.b]       [1/131]     Indicates that the method is generated by some framework or tool and should not
13:03:10.146 [INFO]   [Creating]    [pool-3-thread-1]   [com.diffblue.cover.ui.b.b]       [1/131]     be tested explicitly. The expectation is that the generator itself should be
13:03:10.146 [INFO]   [Creating]    [pool-3-thread-1]   [com.diffblue.cover.ui.b.b]       [1/131]     tested and not each piece of code it produces.
13:03:10.146 [INFO]   [Creating]    [pool-3-thread-1]   [com.diffblue.cover.ui.b.b]       [1/131]     Currently, this includes methods identified generated by Lombok, Protobuf,
13:03:10.146 [INFO]   [Creating]    [pool-3-thread-1]   [com.diffblue.cover.ui.b.b]       [1/131]     Grpc, Hibernate, or annotated with a custom '@Generated' annotation
13:03:10.146 [INFO]   [Creating]    [pool-3-thread-1]   [com.diffblue.cover.ui.b.b]       [1/131]     (as long as the custom annotation has 'RUNTIME' or 'CLASS' retention).
13:03:10.146 [INFO]   [Creating]    [pool-3-thread-1]   [com.diffblue.cover.ui.b.b]       [1/131]     Diffblue Cover considers these methods as not directly callable.
13:03:10.151 [INFO]   [Creating]    [pool-3-thread-1]   [com.diffblue.cover.ui.b.b]       [2/131] uk.gov.gchq.palisade.Context.equals
13:03:10.151 [INFO]   [Creating]    [pool-3-thread-1]   [com.diffblue.cover.ui.b.b]       [2/131]   T024: Generated method
13:03:10.151 [DEBUG]  [Creating]    [pool-3-thread-1]   [com.diffblue.cover.ui.b.b]       [2/131]   (at least 6 lines uncovered in this method)
13:03:10.151 [INFO]   [Creating]    [pool-3-thread-1]   [com.diffblue.cover.ui.b.b]       [2/131]     Indicates that the method is generated by some framework or tool and should not
13:03:10.151 [INFO]   [Creating]    [pool-3-thread-1]   [com.diffblue.cover.ui.b.b]       [2/131]     be tested explicitly. The expectation is that the generator itself should be
13:03:10.151 [INFO]   [Creating]    [pool-3-thread-1]   [com.diffblue.cover.ui.b.b]       [2/131]     tested and not each piece of code it produces.
13:03:10.151 [INFO]   [Creating]    [pool-3-thread-1]   [com.diffblue.cover.ui.b.b]       [2/131]     Currently, this includes methods identified generated by Lombok, Protobuf,
13:03:10.151 [INFO]   [Creating]    [pool-3-thread-1]   [com.diffblue.cover.ui.b.b]       [2/131]     Grpc, Hibernate, or annotated with a custom '@Generated' annotation
13:03:10.151 [INFO]   [Creating]    [pool-3-thread-1]   [com.diffblue.cover.ui.b.b]       [2/131]     (as long as the custom annotation has 'RUNTIME' or 'CLASS' retention).
13:03:10.151 [INFO]   [Creating]    [pool-3-thread-1]   [com.diffblue.cover.ui.b.b]       [2/131]     Diffblue Cover considers these methods as not directly callable.
13:03:10.158 [INFO]   [Creating]    [pool-3-thread-1]   [com.diffblue.cover.ui.b.b]       [3/131] uk.gov.gchq.palisade.Context.get
13:03:10.158 [INFO]   [Creating]    [pool-3-thread-1]   [com.diffblue.cover.ui.b.b]       [3/131]   T024: Generated method
13:03:10.158 [DEBUG]  [Creating]    [pool-3-thread-1]   [com.diffblue.cover.ui.b.b]       [3/131]   (at least 1 line uncovered in this method)
13:03:10.158 [INFO]   [Creating]    [pool-3-thread-1]   [com.diffblue.cover.ui.b.b]       [3/131]     Indicates that the method is generated by some framework or tool and should not
13:03:10.158 [INFO]   [Creating]    [pool-3-thread-1]   [com.diffblue.cover.ui.b.b]       [3/131]     be tested explicitly. The expectation is that the generator itself should be
13:03:10.158 [INFO]   [Creating]    [pool-3-thread-1]   [com.diffblue.cover.ui.b.b]       [3/131]     tested and not each piece of code it produces.
13:03:10.158 [INFO]   [Creating]    [pool-3-thread-1]   [com.diffblue.cover.ui.b.b]       [3/131]     Currently, this includes methods identified generated by Lombok, Protobuf,
13:03:10.158 [INFO]   [Creating]    [pool-3-thread-1]   [com.diffblue.cover.ui.b.b]       [3/131]     Grpc, Hibernate, or annotated with a custom '@Generated' annotation
13:03:10.158 [INFO]   [Creating]    [pool-3-thread-1]   [com.diffblue.cover.ui.b.b]       [3/131]     (as long as the custom annotation has 'RUNTIME' or 'CLASS' retention).
13:03:10.158 [INFO]   [Creating]    [pool-3-thread-1]   [com.diffblue.cover.ui.b.b]       [3/131]     Diffblue Cover considers these methods as not directly callable.
13:03:10.163 [INFO]   [Creating]    [pool-3-thread-1]   [com.diffblue.cover.ui.b.b]       [4/131] uk.gov.gchq.palisade.Context.getContents
13:03:10.163 [INFO]   [Creating]    [pool-3-thread-1]   [com.diffblue.cover.ui.b.b]       [4/131]   T024: Generated method
13:03:10.163 [DEBUG]  [Creating]    [pool-3-thread-1]   [com.diffblue.cover.ui.b.b]       [4/131]   (at least 1 line uncovered in this method)
13:03:10.163 [INFO]   [Creating]    [pool-3-thread-1]   [com.diffblue.cover.ui.b.b]       [4/131]     Indicates that the method is generated by some framework or tool and should not
13:03:10.164 [INFO]   [Creating]    [pool-3-thread-1]   [com.diffblue.cover.ui.b.b]       [4/131]     be tested explicitly. The expectation is that the generator itself should be
13:03:10.164 [INFO]   [Creating]    [pool-3-thread-1]   [com.diffblue.cover.ui.b.b]       [4/131]     tested and not each piece of code it produces.
13:03:10.164 [INFO]   [Creating]    [pool-3-thread-1]   [com.diffblue.cover.ui.b.b]       [4/131]     Currently, this includes methods identified generated by Lombok, Protobuf,
13:03:10.164 [INFO]   [Creating]    [pool-3-thread-1]   [com.diffblue.cover.ui.b.b]       [4/131]     Grpc, Hibernate, or annotated with a custom '@Generated' annotation
13:03:10.164 [INFO]   [Creating]    [pool-3-thread-1]   [com.diffblue.cover.ui.b.b]       [4/131]     (as long as the custom annotation has 'RUNTIME' or 'CLASS' retention).
13:03:10.164 [INFO]   [Creating]    [pool-3-thread-1]   [com.diffblue.cover.ui.b.b]       [4/131]     Diffblue Cover considers these methods as not directly callable.
13:03:10.171 [INFO]   [Creating]    [pool-3-thread-1]   [com.diffblue.cover.ui.b.b]       [5/131] uk.gov.gchq.palisade.Context.getContentsCopy
13:03:10.171 [INFO]   [Creating]    [pool-3-thread-1]   [com.diffblue.cover.ui.b.b]       [5/131]   T024: Generated method
13:03:10.171 [DEBUG]  [Creating]    [pool-3-thread-1]   [com.diffblue.cover.ui.b.b]       [5/131]   (at least 1 line uncovered in this method)
13:03:10.171 [INFO]   [Creating]    [pool-3-thread-1]   [com.diffblue.cover.ui.b.b]       [5/131]     Indicates that the method is generated by some framework or tool and should not
13:03:10.171 [INFO]   [Creating]    [pool-3-thread-1]   [com.diffblue.cover.ui.b.b]       [5/131]     be tested explicitly. The expectation is that the generator itself should be
13:03:10.171 [INFO]   [Creating]    [pool-3-thread-1]   [com.diffblue.cover.ui.b.b]       [5/131]     tested and not each piece of code it produces.
13:03:10.171 [INFO]   [Creating]    [pool-3-thread-1]   [com.diffblue.cover.ui.b.b]       [5/131]     Currently, this includes methods identified generated by Lombok, Protobuf,
13:03:10.171 [INFO]   [Creating]    [pool-3-thread-1]   [com.diffblue.cover.ui.b.b]       [5/131]     Grpc, Hibernate, or annotated with a custom '@Generated' annotation
13:03:10.171 [INFO]   [Creating]    [pool-3-thread-1]   [com.diffblue.cover.ui.b.b]       [5/131]     (as long as the custom annotation has 'RUNTIME' or 'CLASS' retention).
13:03:10.171 [INFO]   [Creating]    [pool-3-thread-1]   [com.diffblue.cover.ui.b.b]       [5/131]     Diffblue Cover considers these methods as not directly callable.
13:03:10.178 [INFO]   [Creating]    [pool-3-thread-1]   [com.diffblue.cover.ui.b.b]       [6/131] uk.gov.gchq.palisade.Context.hashCode
13:03:10.178 [INFO]   [Creating]    [pool-3-thread-1]   [com.diffblue.cover.ui.b.b]       [6/131]   T024: Generated method
13:03:10.178 [DEBUG]  [Creating]    [pool-3-thread-1]   [com.diffblue.cover.ui.b.b]       [6/131]   (at least 1 line uncovered in this method)
13:03:10.178 [INFO]   [Creating]    [pool-3-thread-1]   [com.diffblue.cover.ui.b.b]       [6/131]     Indicates that the method is generated by some framework or tool and should not
13:03:10.178 [INFO]   [Creating]    [pool-3-thread-1]   [com.diffblue.cover.ui.b.b]       [6/131]     be tested explicitly. The expectation is that the generator itself should be
13:03:10.178 [INFO]   [Creating]    [pool-3-thread-1]   [com.diffblue.cover.ui.b.b]       [6/131]     tested and not each piece of code it produces.
13:03:10.178 [INFO]   [Creating]    [pool-3-thread-1]   [com.diffblue.cover.ui.b.b]       [6/131]     Currently, this includes methods identified generated by Lombok, Protobuf,
13:03:10.178 [INFO]   [Creating]    [pool-3-thread-1]   [com.diffblue.cover.ui.b.b]       [6/131]     Grpc, Hibernate, or annotated with a custom '@Generated' annotation
13:03:10.178 [INFO]   [Creating]    [pool-3-thread-1]   [com.diffblue.cover.ui.b.b]       [6/131]     (as long as the custom annotation has 'RUNTIME' or 'CLASS' retention).
13:03:10.178 [INFO]   [Creating]    [pool-3-thread-1]   [com.diffblue.cover.ui.b.b]       [6/131]     Diffblue Cover considers these methods as not directly callable.
13:03:10.182 [INFO]   [Creating]    [pool-3-thread-1]   [com.diffblue.cover.ui.b.b]       [7/131] uk.gov.gchq.palisade.Context.purpose
13:03:10.182 [INFO]   [Creating]    [pool-3-thread-1]   [com.diffblue.cover.ui.b.b]       [7/131]   T024: Generated method
13:03:10.182 [DEBUG]  [Creating]    [pool-3-thread-1]   [com.diffblue.cover.ui.b.b]       [7/131]   (at least 2 lines uncovered in this method)
13:03:10.182 [INFO]   [Creating]    [pool-3-thread-1]   [com.diffblue.cover.ui.b.b]       [7/131]     Indicates that the method is generated by some framework or tool and should not
13:03:10.182 [INFO]   [Creating]    [pool-3-thread-1]   [com.diffblue.cover.ui.b.b]       [7/131]     be tested explicitly. The expectation is that the generator itself should be
13:03:10.182 [INFO]   [Creating]    [pool-3-thread-1]   [com.diffblue.cover.ui.b.b]       [7/131]     tested and not each piece of code it produces.
13:03:10.182 [INFO]   [Creating]    [pool-3-thread-1]   [com.diffblue.cover.ui.b.b]       [7/131]     Currently, this includes methods identified generated by Lombok, Protobuf,
13:03:10.182 [INFO]   [Creating]    [pool-3-thread-1]   [com.diffblue.cover.ui.b.b]       [7/131]     Grpc, Hibernate, or annotated with a custom '@Generated' annotation
13:03:10.182 [INFO]   [Creating]    [pool-3-thread-1]   [com.diffblue.cover.ui.b.b]       [7/131]     (as long as the custom annotation has 'RUNTIME' or 'CLASS' retention).
13:03:10.182 [INFO]   [Creating]    [pool-3-thread-1]   [com.diffblue.cover.ui.b.b]       [7/131]     Diffblue Cover considers these methods as not directly callable.
13:03:10.188 [INFO]   [Creating]    [pool-3-thread-1]   [com.diffblue.cover.ui.b.b]       [8/131] uk.gov.gchq.palisade.Context.put
13:03:10.188 [INFO]   [Creating]    [pool-3-thread-1]   [com.diffblue.cover.ui.b.b]       [8/131]   T024: Generated method
13:03:10.188 [DEBUG]  [Creating]    [pool-3-thread-1]   [com.diffblue.cover.ui.b.b]       [8/131]   (at least 4 lines uncovered in this method)
13:03:10.188 [INFO]   [Creating]    [pool-3-thread-1]   [com.diffblue.cover.ui.b.b]       [8/131]     Indicates that the method is generated by some framework or tool and should not
13:03:10.188 [INFO]   [Creating]    [pool-3-thread-1]   [com.diffblue.cover.ui.b.b]       [8/131]     be tested explicitly. The expectation is that the generator itself should be
13:03:10.188 [INFO]   [Creating]    [pool-3-thread-1]   [com.diffblue.cover.ui.b.b]       [8/131]     tested and not each piece of code it produces.
13:03:10.188 [INFO]   [Creating]    [pool-3-thread-1]   [com.diffblue.cover.ui.b.b]       [8/131]     Currently, this includes methods identified generated by Lombok, Protobuf,
13:03:10.188 [INFO]   [Creating]    [pool-3-thread-1]   [com.diffblue.cover.ui.b.b]       [8/131]     Grpc, Hibernate, or annotated with a custom '@Generated' annotation
13:03:10.188 [INFO]   [Creating]    [pool-3-thread-1]   [com.diffblue.cover.ui.b.b]       [8/131]     (as long as the custom annotation has 'RUNTIME' or 'CLASS' retention).
13:03:10.188 [INFO]   [Creating]    [pool-3-thread-1]   [com.diffblue.cover.ui.b.b]       [8/131]     Diffblue Cover considers these methods as not directly callable.
13:03:10.193 [INFO]   [Creating]    [pool-3-thread-1]   [com.diffblue.cover.ui.b.b]       [9/131] uk.gov.gchq.palisade.Context.putIfAbsent
13:03:10.193 [INFO]   [Creating]    [pool-3-thread-1]   [com.diffblue.cover.ui.b.b]       [9/131]   T024: Generated method
13:03:10.193 [DEBUG]  [Creating]    [pool-3-thread-1]   [com.diffblue.cover.ui.b.b]       [9/131]   (at least 4 lines uncovered in this method)
13:03:10.193 [INFO]   [Creating]    [pool-3-thread-1]   [com.diffblue.cover.ui.b.b]       [9/131]     Indicates that the method is generated by some framework or tool and should not
13:03:10.193 [INFO]   [Creating]    [pool-3-thread-1]   [com.diffblue.cover.ui.b.b]       [9/131]     be tested explicitly. The expectation is that the generator itself should be
13:03:10.193 [INFO]   [Creating]    [pool-3-thread-1]   [com.diffblue.cover.ui.b.b]       [9/131]     tested and not each piece of code it produces.
13:03:10.193 [INFO]   [Creating]    [pool-3-thread-1]   [com.diffblue.cover.ui.b.b]       [9/131]     Currently, this includes methods identified generated by Lombok, Protobuf,
13:03:10.193 [INFO]   [Creating]    [pool-3-thread-1]   [com.diffblue.cover.ui.b.b]       [9/131]     Grpc, Hibernate, or annotated with a custom '@Generated' annotation
13:03:10.193 [INFO]   [Creating]    [pool-3-thread-1]   [com.diffblue.cover.ui.b.b]       [9/131]     (as long as the custom annotation has 'RUNTIME' or 'CLASS' retention).
13:03:10.193 [INFO]   [Creating]    [pool-3-thread-1]   [com.diffblue.cover.ui.b.b]       [9/131]     Diffblue Cover considers these methods as not directly callable.
13:03:10.196 [INFO]   [Creating]    [pool-3-thread-1]   [com.diffblue.cover.ui.b.b]      [10/131] uk.gov.gchq.palisade.Context.setContents
13:03:10.197 [INFO]   [Creating]    [pool-3-thread-1]   [com.diffblue.cover.ui.b.b]      [10/131]   T024: Generated method
13:03:10.197 [DEBUG]  [Creating]    [pool-3-thread-1]   [com.diffblue.cover.ui.b.b]      [10/131]   (at least 3 lines uncovered in this method)
13:03:10.197 [INFO]   [Creating]    [pool-3-thread-1]   [com.diffblue.cover.ui.b.b]      [10/131]     Indicates that the method is generated by some framework or tool and should not
13:03:10.197 [INFO]   [Creating]    [pool-3-thread-1]   [com.diffblue.cover.ui.b.b]      [10/131]     be tested explicitly. The expectation is that the generator itself should be
13:03:10.197 [INFO]   [Creating]    [pool-3-thread-1]   [com.diffblue.cover.ui.b.b]      [10/131]     tested and not each piece of code it produces.
13:03:10.197 [INFO]   [Creating]    [pool-3-thread-1]   [com.diffblue.cover.ui.b.b]      [10/131]     Currently, this includes methods identified generated by Lombok, Protobuf,
13:03:10.197 [INFO]   [Creating]    [pool-3-thread-1]   [com.diffblue.cover.ui.b.b]      [10/131]     Grpc, Hibernate, or annotated with a custom '@Generated' annotation
13:03:10.197 [INFO]   [Creating]    [pool-3-thread-1]   [com.diffblue.cover.ui.b.b]      [10/131]     (as long as the custom annotation has 'RUNTIME' or 'CLASS' retention).
13:03:10.197 [INFO]   [Creating]    [pool-3-thread-1]   [com.diffblue.cover.ui.b.b]      [10/131]     Diffblue Cover considers these methods as not directly callable.
13:03:10.200 [INFO]   [Creating]    [pool-3-thread-1]   [com.diffblue.cover.ui.b.b]      [11/131] uk.gov.gchq.palisade.Context.toString
13:03:10.200 [INFO]   [Creating]    [pool-3-thread-1]   [com.diffblue.cover.ui.b.b]      [11/131]   T024: Generated method
13:03:10.200 [DEBUG]  [Creating]    [pool-3-thread-1]   [com.diffblue.cover.ui.b.b]      [11/131]   (at least 4 lines uncovered in this method)
13:03:10.200 [INFO]   [Creating]    [pool-3-thread-1]   [com.diffblue.cover.ui.b.b]      [11/131]     Indicates that the method is generated by some framework or tool and should not
13:03:10.200 [INFO]   [Creating]    [pool-3-thread-1]   [com.diffblue.cover.ui.b.b]      [11/131]     be tested explicitly. The expectation is that the generator itself should be
13:03:10.200 [INFO]   [Creating]    [pool-3-thread-1]   [com.diffblue.cover.ui.b.b]      [11/131]     tested and not each piece of code it produces.
13:03:10.200 [INFO]   [Creating]    [pool-3-thread-1]   [com.diffblue.cover.ui.b.b]      [11/131]     Currently, this includes methods identified generated by Lombok, Protobuf,
13:03:10.200 [INFO]   [Creating]    [pool-3-thread-1]   [com.diffblue.cover.ui.b.b]      [11/131]     Grpc, Hibernate, or annotated with a custom '@Generated' annotation
13:03:10.200 [INFO]   [Creating]    [pool-3-thread-1]   [com.diffblue.cover.ui.b.b]      [11/131]     (as long as the custom annotation has 'RUNTIME' or 'CLASS' retention).
13:03:10.200 [INFO]   [Creating]    [pool-3-thread-1]   [com.diffblue.cover.ui.b.b]      [11/131]     Diffblue Cover considers these methods as not directly callable.
13:03:10.317 [DEBUG]  [Creating]    [pool-3-thread-1]   [com.diffblue.combiner.d.j] Using Javaparser to combine tests
13:03:10.363 [INFO]   [Creating]    [pool-3-thread-1]   [com.diffblue.cover.m.a.b] Filtering of methods complete. Creating analysis request
13:03:10.364 [INFO]   [Creating]    [pool-3-thread-1]   [com.diffblue.cover.service.c] Attempting to get service client, retry 1.
13:03:10.367 [INFO]   [Creating]    [pool-3-thread-1]   [com.diffblue.cover.service.c] Starting monitoring server.
13:03:10.493 [INFO]   [Creating]    [pool-3-thread-1]   [com.diffblue.cover.service.c] Monitoring server listening on localhost/127.0.0.1:40013
13:03:10.547 [INFO]   [Creating]    [pool-3-thread-1]   [com.diffblue.cover.service.c] Starting analyzer server process...
13:03:10.548 [INFO]   [Creating]    [pool-3-thread-1]   [com.diffblue.cover.service.c] Server command-line: /home/jbergqvist/.sdkman/candidates/java/11.0.29-amzn/bin/java -XX:+IgnoreUnrecognizedVMOptions -Djdk.attach.allowAttachSelf=true -Djdk.jar.maxSignatureFileSize=100000000 -ea -javaagent:/opt/cover/launcher-shared-jar.jar -Dlogback.configurationFile=/tmp/diffblue/config/logback-remote-service.xml -Dcom.diffblue.springIsolationJar=/opt/cover/cover-isolation-layer.jar -Dcover.jar.path=/opt/cover/cover-service-analyzer.jar -Dcom.diffblue.assertionSuggestionJar=/opt/cover/cover-service-analyzer.jar -Dcover.main.class=com.diffblue.cover.service.analyzer.Main -jar /opt/cover/launcher-shared-jar.jar --service-lifespan 120 --monitoring-service-port 40013 --index-service-port 40013 --debug-log
13:03:10.549 [INFO]   [Creating]    [pool-3-thread-1]   [com.diffblue.cover.service.c] Server started. Waiting up to 300 seconds for a connection to be established...
13:03:11.320 [DEBUG]  [Creating]    [nullmain]          [com.diffblue.cover.service.analyzer.Main] Service heap size: 16016 MB
13:03:11.394 [INFO]   [Creating]    [nullmain]          [com.diffblue.cover.service.a.a.b] Starting new remote monitor client
13:03:12.071 [INFO]   [Creating]    [analyzer-service:main][com.diffblue.cover.service.a.a.b] Attempting to start remote server.
13:03:12.077 [DEBUG]  [Creating]    [analyzer-service:main][com.diffblue.cover.service.analyzer.a.c] Watchdog reset
13:03:12.223 [INFO]   [Creating]    [analyzer-service:main][com.diffblue.cover.service.a.a.a] Server started, listening on localhost/127.0.0.1:35843
13:03:12.228 [INFO]   [Creating]    [pool-3-thread-1]   [com.diffblue.cover.service.c] Expect analyzer service to be listening on port 35843.
13:03:12.230 [DEBUG]  [Creating]    [analyzer-service:main][com.diffblue.cover.service.analyzer.a.c] Watchdog reset
13:03:12.909 [DEBUG]  [Creating]    [analyzer-service:grpc-default-executor-0][com.diffblue.cover.service.analyzer.a.c] Watchdog reset
13:03:12.917 [INFO]   [Creating]    [pool-3-thread-1]   [com.diffblue.cover.service.c] Started analyzer service and client retrieved.
13:03:13.142 [DEBUG]  [Creating]    [analyzer-service:grpc-default-executor-1][com.diffblue.cover.service.analyzer.a.c] Watchdog reset
13:03:13.184 [DEBUG]  [Creating]    [analyzer-service:grpc-default-executor-1][com.diffblue.cover.commons.configuration.e] Loading properties from resources
13:03:13.185 [DEBUG]  [Creating]    [analyzer-service:grpc-default-executor-1][com.diffblue.cover.commons.configuration.e] Loading properties from installation directory
13:03:13.185 [DEBUG]  [Creating]    [analyzer-service:grpc-default-executor-1][com.diffblue.cover.commons.configuration.e] /opt/cover/cover.properties doesn't exist
13:03:13.185 [DEBUG]  [Creating]    [analyzer-service:grpc-default-executor-1][com.diffblue.cover.commons.configuration.e] Loading properties from user home directory
13:03:13.186 [DEBUG]  [Creating]    [analyzer-service:grpc-default-executor-1][com.diffblue.cover.commons.configuration.e] /home/jbergqvist/.diffblue/cover.properties doesn't exist
13:03:13.186 [DEBUG]  [Creating]    [analyzer-service:grpc-default-executor-1][com.diffblue.cover.commons.configuration.e] Loaded properties
13:03:13.187 [DEBUG]  [Creating]    [analyzer-service:grpc-default-executor-1][com.diffblue.cover.commons.configuration.e] Property cover.disableEnvironmentCache has not been set, using default value false
13:03:13.188 [DEBUG]  [Creating]    [analyzer-service:grpc-default-executor-1][com.diffblue.cover.commons.configuration.e] Property cover.dfa.disabled has not been set, using default value false
13:03:13.190 [DEBUG]  [Creating]    [analyzer-service:grpc-default-executor-1][com.diffblue.cover.commons.configuration.e] Checking Cover Property dfa.disabled under alias disable.dfa
13:03:13.190 [DEBUG]  [Creating]    [analyzer-service:grpc-default-executor-1][com.diffblue.cover.commons.configuration.e] Property disable.dfa has not been set, using default value false
13:03:13.227 [DEBUG]  [Creating]    [analyzer-service:grpc-default-executor-1][com.diffblue.cover.commons.configuration.e] Property cover.experimental.sandbox has not been set, using default value false
13:03:15.073 [DEBUG]  [Creating]    [analyzer-service:grpc-default-executor-1][com.diffblue.cover.service.analyzer.a.c] Watchdog reset
13:03:15.090 [DEBUG]  [Creating]    [analyzer-service:grpc-default-executor-1][com.diffblue.cover.commons.configuration.e] Property cover.extraLogging has not been set, and no default value provided
13:03:15.091 [DEBUG]  [Creating]    [analyzer-service:grpc-default-executor-1][com.diffblue.cover.commons.configuration.e] Checking Cover Property extraLogging under alias extra.logging
13:03:15.091 [DEBUG]  [Creating]    [analyzer-service:grpc-default-executor-1][com.diffblue.cover.commons.configuration.e] Property extra.logging has not been set, and no default value provided
13:03:15.119 [DEBUG]  [Creating]    [analyzer-service:grpc-default-executor-1][com.diffblue.fuzztest.e.a] Class information:
13:03:15.131 [DEBUG]  [Creating]    [analyzer-service:grpc-default-executor-1][com.diffblue.fuzztest.e.a]   Class annotations: @com.fasterxml.jackson.annotation.JsonTypeInfo(property="", include=PROPERTY, visible=false, defaultImpl=com.fasterxml.jackson.annotation.JsonTypeInfo.class, use=CLASS)
13:03:15.132 [DEBUG]  [Creating]    [analyzer-service:grpc-default-executor-1][com.diffblue.fuzztest.e.a]   Fields: private static final java.lang.String uk.gov.gchq.palisade.Context.PURPOSE, private java.util.Map uk.gov.gchq.palisade.Context.contents
13:03:15.132 [DEBUG]  [Creating]    [analyzer-service:grpc-default-executor-1][com.diffblue.fuzztest.e.a]   Constructors: public uk.gov.gchq.palisade.Context(), public uk.gov.gchq.palisade.Context(java.util.Map)
13:03:15.133 [DEBUG]  [Creating]    [analyzer-service:grpc-default-executor-1][com.diffblue.fuzztest.e.a]   Methods: public uk.gov.gchq.palisade.Context uk.gov.gchq.palisade.Context.contents(java.util.Map), public boolean uk.gov.gchq.palisade.Context.equals(java.lang.Object), public java.lang.Object uk.gov.gchq.palisade.Context.get(java.lang.String), public java.util.Map uk.gov.gchq.palisade.Context.getContents(), public java.util.Map uk.gov.gchq.palisade.Context.getContentsCopy(), public java.lang.String uk.gov.gchq.palisade.Context.getPurpose(), public int uk.gov.gchq.palisade.Context.hashCode(), public uk.gov.gchq.palisade.Context uk.gov.gchq.palisade.Context.purpose(java.lang.String), public uk.gov.gchq.palisade.Context uk.gov.gchq.palisade.Context.put(java.lang.String,java.lang.Object), public uk.gov.gchq.palisade.Context uk.gov.gchq.palisade.Context.putIfAbsent(java.lang.String,java.lang.Object), public void uk.gov.gchq.palisade.Context.setContents(java.util.Map), public java.lang.String uk.gov.gchq.palisade.Context.toString()
13:03:16.007 [DEBUG]  [Creating]    [analyzer-service:grpc-default-executor-1][com.diffblue.cover.service.analyzer.a.c] Watchdog reset
13:03:16.291 [DEBUG]  [Creating]    [analyzer-service:grpc-default-executor-1][com.diffblue.cover.service.analyzer.a.c] Watchdog reset
13:03:16.319 [DEBUG]  [Creating]    [analyzer-service:TimedExecutor-6][com.diffblue.fuzztest.g.e] 
================================================================================
= Creating tests for 'uk.gov.gchq.palisade.Context.<init>:()V' using 'SiM (!sp, fnm, df)'
================================================================================
13:03:16.333 [DEBUG]  [Creating]    [analyzer-service:TimedExecutor-6][com.diffblue.cover.f.e.ad] Looking for xml files in /home/jbergqvist/diffblue/Palisade-common/target/classes
13:03:16.337 [DEBUG]  [Creating]    [analyzer-service:TimedExecutor-6][com.diffblue.cover.f.e.ad] Looking for xml files in /home/jbergqvist/diffblue/Palisade-common/target/test-classes
13:03:16.338 [DEBUG]  [Creating]    [analyzer-service:TimedExecutor-6][com.diffblue.cover.f.e.ad] Processed all XML files: 0 Time: 27μs
13:03:16.341 [DEBUG]  [Creating]    [analyzer-service:TimedExecutor-6][com.diffblue.cover.commons.configuration.e] Property cover.spring.autowiredAlternative has not been set, and no default value provided
13:03:16.341 [DEBUG]  [Creating]    [analyzer-service:TimedExecutor-6][com.diffblue.cover.commons.configuration.e] Checking Cover Property spring.autowiredAlternative under alias autowired.alternative
13:03:16.341 [DEBUG]  [Creating]    [analyzer-service:TimedExecutor-6][com.diffblue.cover.commons.configuration.e] Property autowired.alternative has not been set, and no default value provided
13:03:16.944 [DEBUG]  [Creating]    [analyzer-service:TimedExecutor-6][com.diffblue.cover.service.analyzer.a.c] Watchdog reset
13:03:18.696 [DEBUG]  [Creating]    [analyzer-service:TimedExecutor-6][com.diffblue.fuzztest.g.ap] Test file does not exist: /home/jbergqvist/diffblue/Palisade-common/src/test/java/uk/gov/gchq/palisade/ContextDiffblueTest.java
13:03:18.696 [DEBUG]  [Creating]    [analyzer-service:TimedExecutor-6][com.diffblue.fuzztest.g.e] 
================================================================================
= Trying DI configuration EmptyDependencyInjectionTirConfiguration for uk.gov.gchq.palisade.Context.<init>:()V
================================================================================
13:03:18.703 [DEBUG]  [Creating]    [analyzer-service:TimedExecutor-6][com.diffblue.cover.commons.dependency.a.b] Detected Mockito Core version 5.20.0 (via jar:file:/home/jbergqvist/.m2/repository/org/mockito/mockito-core/5.20.0/mockito-core-5.20.0.jar!/org/mockito/Mockito.class)
13:03:19.726 [DEBUG]  [Creating]    [analyzer-service:TimedExecutor-6][com.diffblue.cover.service.analyzer.a.c] Watchdog reset
13:03:19.748 [DEBUG]  [Creating]    [analyzer-service:TimedExecutor-6][com.diffblue.fuzztest.b.f] Refinement loop done: 1 seeds, 1+0 new+accumulated tests, 1+0 tests+partial tests, 1/1000 its
13:03:19.893 [DEBUG]  [Creating]    [analyzer-service:TimedExecutor-6][com.diffblue.fuzztest.g.e] DI configuration 'com.diffblue.tir.p' generated tests: 1
13:03:19.893 [DEBUG]  [Creating]    [analyzer-service:TimedExecutor-6][com.diffblue.fuzztest.g.e] Enabling descriptive test naming
13:03:20.281 [DEBUG]  [Creating]    [analyzer-service:grpc-default-executor-1][com.diffblue.fuzztest.e.c] Created 1+0 tests and partial tests via 'SiM (!sp, fnm, df)' SiM fallback 1/2, returning all 1
13:03:20.646 [DEBUG]  [Creating]    [analyzer-service:grpc-default-executor-1][com.diffblue.cover.service.analyzer.a.c] Watchdog reset
13:03:20.671 [DEBUG]  [Creating]    [pool-3-thread-1]   [com.diffblue.cover.m.a.b] in processAnalysisResult for uk.gov.gchq.palisade.Context.<init>:()V
13:03:20.672 [DEBUG]  [Creating]    [pool-3-thread-1]   [com.diffblue.combiner.d.j] Using Javaparser to combine tests
13:03:22.132 [DEBUG]  [Creating]    [pool-6-thread-1]   [com.diffblue.cover.l.a.c] EdgeCoverageRuntime contains 11 edges
13:03:22.134 [DEBUG]  [Creating]    [pool-3-thread-1]   [com.diffblue.combiner.a.c] Adding changeSet to account as new: Optional[uk.gov.gchq.palisade.Context.<init>:()V]
13:03:22.226 [DEBUG]  [Creating]    [analyzer-service:grpc-default-executor-1][com.diffblue.cover.service.analyzer.a.c] Watchdog reset
13:03:22.227 [DEBUG]  [Creating]    [analyzer-service:TimedExecutor-7][com.diffblue.fuzztest.g.e] 
================================================================================
= Creating tests for 'uk.gov.gchq.palisade.Context.<init>:(Ljava/util/Map;)V' using 'SiM (!sp, fnm, df)'
================================================================================
13:03:22.315 [DEBUG]  [Creating]    [analyzer-service:TimedExecutor-7][com.diffblue.fuzztest.g.ap] Parsed existing test class at /home/jbergqvist/diffblue/Palisade-common/src/test/java/uk/gov/gchq/palisade/ContextDiffblueTest.java: found 0 annotations
13:03:22.315 [DEBUG]  [Creating]    [analyzer-service:TimedExecutor-7][com.diffblue.fuzztest.g.e] 
================================================================================
= Trying DI configuration EmptyDependencyInjectionTirConfiguration for uk.gov.gchq.palisade.Context.<init>:(Ljava/util/Map;)V
================================================================================
13:03:23.563 [DEBUG]  [Creating]    [analyzer-service:TimedExecutor-7][com.diffblue.cover.service.analyzer.a.c] Watchdog reset
13:03:24.339 [DEBUG]  [Creating]    [analyzer-service:TimedExecutor-7][com.diffblue.cover.service.analyzer.a.c] Watchdog reset
13:03:25.234 [DEBUG]  [Creating]    [analyzer-service:TimedExecutor-7][com.diffblue.cover.service.analyzer.a.c] Watchdog reset
13:03:25.311 [DEBUG]  [Creating]    [analyzer-service:TimedExecutor-7][com.diffblue.fuzztest.b.f] Refinement loop done: 1 seeds, 1+0 new+accumulated tests, 1+0 tests+partial tests, 181/1000 its
13:03:25.381 [DEBUG]  [Creating]    [analyzer-service:TimedExecutor-7][com.diffblue.fuzztest.g.e] DI configuration 'com.diffblue.tir.p' generated tests: 1
13:03:25.382 [DEBUG]  [Creating]    [analyzer-service:TimedExecutor-7][com.diffblue.fuzztest.g.e] Enabling descriptive test naming
13:03:25.385 [DEBUG]  [Creating]    [analyzer-service:grpc-default-executor-1][com.diffblue.fuzztest.e.c] Created 1+0 tests and partial tests via 'SiM (!sp, fnm, df)' SiM fallback 1/2, returning all 1
13:03:25.421 [DEBUG]  [Creating]    [pool-3-thread-1]   [com.diffblue.cover.m.a.b] in processAnalysisResult for uk.gov.gchq.palisade.Context.<init>:(Ljava/util/Map;)V
13:03:25.422 [DEBUG]  [Creating]    [pool-3-thread-1]   [com.diffblue.cover.r.d] Finished with MethodGroup: <init>, countOfTests: 1, countOfMethodsTested: 1 TestGenerationAccount: a[countOfRemoved=0, countOfUnchanged=0, countOfUpdated=0, countOfNew=1]
13:03:25.423 [INFO]   [Creating]    [pool-3-thread-1]   [com.diffblue.cover.ui.b.b]      [12/131] uk.gov.gchq.palisade.Context.<init>
13:03:25.423 [INFO]   [Creating]    [pool-3-thread-1]   [com.diffblue.cover.ui.b.b]      [12/131]   Tests created: 1
13:03:25.423 [DEBUG]  [Creating]    [pool-3-thread-1]   [com.diffblue.combiner.d.j] Using Javaparser to combine tests
13:03:25.520 [DEBUG]  [Creating]    [pool-6-thread-2]   [com.diffblue.cover.l.a.c] EdgeCoverageRuntime contains 12 edges
13:03:25.521 [DEBUG]  [Creating]    [pool-3-thread-1]   [com.diffblue.combiner.a.c] Adding changeSet to account as new: Optional[uk.gov.gchq.palisade.Context.<init>:(Ljava/util/Map;)V]
13:03:25.551 [DEBUG]  [Creating]    [analyzer-service:grpc-default-executor-1][com.diffblue.cover.service.analyzer.a.c] Watchdog reset
13:03:25.552 [DEBUG]  [Creating]    [analyzer-service:TimedExecutor-8][com.diffblue.fuzztest.g.e] 
================================================================================
= Creating tests for 'uk.gov.gchq.palisade.Context.getPurpose:()Ljava/lang/String;' using 'SiM (!sp, fnm, df)'
================================================================================
13:03:25.563 [DEBUG]  [Creating]    [analyzer-service:TimedExecutor-8][com.diffblue.fuzztest.g.ap] Parsed existing test class at /home/jbergqvist/diffblue/Palisade-common/src/test/java/uk/gov/gchq/palisade/ContextDiffblueTest.java: found 0 annotations
13:03:25.564 [DEBUG]  [Creating]    [analyzer-service:TimedExecutor-8][com.diffblue.fuzztest.g.e] 
================================================================================
= Trying DI configuration EmptyDependencyInjectionTirConfiguration for uk.gov.gchq.palisade.Context.getPurpose:()Ljava/lang/String;
================================================================================
13:03:26.237 [DEBUG]  [Creating]    [analyzer-service:TimedExecutor-8][com.diffblue.fuzztest.b.f] Refinement loop done: 2 seeds, 2+0 new+accumulated tests, 2+0 tests+partial tests, 414/1000 its
13:03:26.310 [DEBUG]  [Creating]    [analyzer-service:TimedExecutor-8][com.diffblue.fuzztest.g.e] DI configuration 'com.diffblue.tir.p' generated tests: 2
13:03:26.310 [DEBUG]  [Creating]    [analyzer-service:TimedExecutor-8][com.diffblue.fuzztest.g.e] Enabling descriptive test naming
13:03:26.324 [DEBUG]  [Creating]    [analyzer-service:grpc-default-executor-1][com.diffblue.fuzztest.e.c] Created 2+0 tests and partial tests via 'SiM (!sp, fnm, df)' SiM fallback 1/2, returning all 2
13:03:26.373 [DEBUG]  [Creating]    [analyzer-service:grpc-default-executor-1][com.diffblue.cover.service.analyzer.a.c] Watchdog reset
13:03:26.379 [DEBUG]  [Creating]    [pool-3-thread-1]   [com.diffblue.cover.m.a.b] in processAnalysisResult for uk.gov.gchq.palisade.Context.getPurpose:()Ljava/lang/String;
13:03:26.379 [DEBUG]  [Creating]    [pool-3-thread-1]   [com.diffblue.cover.r.d] Finished with MethodGroup: <init>, countOfTests: 1, countOfMethodsTested: 1 TestGenerationAccount: a[countOfRemoved=0, countOfUnchanged=0, countOfUpdated=0, countOfNew=2]
13:03:26.380 [INFO]   [Creating]    [pool-3-thread-1]   [com.diffblue.cover.ui.b.b]      [13/131] uk.gov.gchq.palisade.Context.<init>
13:03:26.380 [INFO]   [Creating]    [pool-3-thread-1]   [com.diffblue.cover.ui.b.b]      [13/131]   Tests created: 1
13:03:26.380 [DEBUG]  [Creating]    [pool-3-thread-1]   [com.diffblue.combiner.d.j] Using Javaparser to combine tests
13:03:26.439 [DEBUG]  [Creating]    [pool-6-thread-3]   [com.diffblue.cover.l.a.c] EdgeCoverageRuntime contains 5 edges
13:03:26.439 [DEBUG]  [Creating]    [pool-3-thread-1]   [com.diffblue.combiner.a.c] Adding changeSet to account as new: Optional[uk.gov.gchq.palisade.Context.getPurpose:()Ljava/lang/String;]
13:03:26.459 [DEBUG]  [Creating]    [pool-3-thread-1]   [com.diffblue.combiner.d.j] Using Javaparser to combine tests
13:03:26.548 [DEBUG]  [Creating]    [pool-6-thread-4]   [com.diffblue.cover.l.a.c] EdgeCoverageRuntime contains 9 edges
13:03:26.548 [DEBUG]  [Creating]    [pool-3-thread-1]   [com.diffblue.combiner.a.c] Adding changeSet to account as new: Optional[uk.gov.gchq.palisade.Context.getPurpose:()Ljava/lang/String;]
13:03:26.581 [DEBUG]  [Creating]    [pool-3-thread-1]   [com.diffblue.cover.r.d] Finished with MethodGroup: getPurpose, countOfTests: 2, countOfMethodsTested: 1 TestGenerationAccount: a[countOfRemoved=0, countOfUnchanged=0, countOfUpdated=0, countOfNew=4]
13:03:26.580 [DEBUG]  [Creating]    [analyzer-service:grpc-default-executor-1][com.diffblue.cover.service.analyzer.a.c] Watchdog reset
13:03:26.581 [INFO]   [Creating]    [pool-3-thread-1]   [com.diffblue.cover.ui.b.b]      [14/131] uk.gov.gchq.palisade.Context.getPurpose
13:03:26.581 [INFO]   [Creating]    [pool-3-thread-1]   [com.diffblue.cover.ui.b.b]      [14/131]   Tests created: 2
13:03:26.587 [INFO]   [Creating]    [pool-3-thread-1]   [com.diffblue.cover.ui.b.b]  [1/25] uk.gov.gchq.palisade.Context
13:03:26.587 [INFO]   [Creating]    [pool-3-thread-1]   [com.diffblue.cover.ui.b.b]  [1/25]   Tests created: 4
13:03:26.587 [DEBUG]  [Creating]    [pool-3-thread-1]   [com.diffblue.cover.ui.b.b]  [1/25]   (at least 29 lines uncovered in this class)
13:03:26.589 [INFO]   [Creating]    [pool-3-thread-1]   [com.diffblue.cover.m.a.b] 
================================================================================
= Starting analysis for class 'uk.gov.gchq.palisade.data.serialise.Serialiser'
================================================================================
13:03:26.589 [INFO]   [Creating]    [pool-3-thread-1]   [com.diffblue.cover.m.a.b] Filtering out non-testable methods...
13:03:26.600 [INFO]   [Creating]    [pool-3-thread-1]   [com.diffblue.cover.ui.b.b]      [15/131] uk.gov.gchq.palisade.data.serialise.Serialiser.deserialiseFlow
13:03:26.600 [INFO]   [Creating]    [pool-3-thread-1]   [com.diffblue.cover.ui.b.b]      [15/131]   T009: No implementation for abstract class
13:03:26.600 [DEBUG]  [Creating]    [pool-3-thread-1]   [com.diffblue.cover.ui.b.b]      [15/131]   (at least 1 line uncovered in this method)
13:03:26.600 [INFO]   [Creating]    [pool-3-thread-1]   [com.diffblue.cover.ui.b.b]      [15/131]     The method is a non-abstract instance method in an abstract class or
13:03:26.600 [INFO]   [Creating]    [pool-3-thread-1]   [com.diffblue.cover.ui.b.b]      [15/131]     a default method in an interface. Diffblue Cover would test such methods
13:03:26.600 [INFO]   [Creating]    [pool-3-thread-1]   [com.diffblue.cover.ui.b.b]      [15/131]     by using an implementation of that abstract class or interface. However,
13:03:26.600 [INFO]   [Creating]    [pool-3-thread-1]   [com.diffblue.cover.ui.b.b]      [15/131]     no such implementation has been found.
13:03:26.600 [INFO]   [Creating]    [pool-3-thread-1]   [com.diffblue.cover.ui.b.b]      [15/131]     Please provide an implementation for the abstract class or interface.
13:03:26.600 [INFO]   [Creating]    [pool-3-thread-1]   [com.diffblue.cover.ui.b.b]      [15/131]     See https://diff.blue/T009 to resolve this issue.
13:03:26.602 [INFO]   [Creating]    [pool-3-thread-1]   [com.diffblue.cover.ui.b.b]      [16/131] uk.gov.gchq.palisade.data.serialise.Serialiser.serialiseFlow
13:03:26.602 [INFO]   [Creating]    [pool-3-thread-1]   [com.diffblue.cover.ui.b.b]      [16/131]   T009: No implementation for abstract class
13:03:26.602 [DEBUG]  [Creating]    [pool-3-thread-1]   [com.diffblue.cover.ui.b.b]      [16/131]   (at least 1 line uncovered in this method)
13:03:26.602 [INFO]   [Creating]    [pool-3-thread-1]   [com.diffblue.cover.ui.b.b]      [16/131]     The method is a non-abstract instance method in an abstract class or
13:03:26.602 [INFO]   [Creating]    [pool-3-thread-1]   [com.diffblue.cover.ui.b.b]      [16/131]     a default method in an interface. Diffblue Cover would test such methods
13:03:26.602 [INFO]   [Creating]    [pool-3-thread-1]   [com.diffblue.cover.ui.b.b]      [16/131]     by using an implementation of that abstract class or interface. However,
13:03:26.602 [INFO]   [Creating]    [pool-3-thread-1]   [com.diffblue.cover.ui.b.b]      [16/131]     no such implementation has been found.
13:03:26.602 [INFO]   [Creating]    [pool-3-thread-1]   [com.diffblue.cover.ui.b.b]      [16/131]     Please provide an implementation for the abstract class or interface.
13:03:26.602 [INFO]   [Creating]    [pool-3-thread-1]   [com.diffblue.cover.ui.b.b]      [16/131]     See https://diff.blue/T009 to resolve this issue.
13:03:26.604 [DEBUG]  [Creating]    [pool-3-thread-1]   [com.diffblue.combiner.d.j] Using Javaparser to combine tests
13:03:26.605 [INFO]   [Creating]    [pool-3-thread-1]   [com.diffblue.cover.m.a.b] Filtering of methods complete. Creating analysis request
13:03:26.605 [INFO]   [Creating]    [pool-3-thread-1]   [com.diffblue.cover.service.c] Attempting to get service client, retry 1.
13:03:26.648 [DEBUG]  [Creating]    [analyzer-service:grpc-default-executor-1][com.diffblue.fuzztest.e.a] Class information:
13:03:26.648 [DEBUG]  [Creating]    [analyzer-service:grpc-default-executor-1][com.diffblue.fuzztest.e.a]   Fields: public static final org.slf4j.Logger uk.gov.gchq.palisade.data.serialise.Serialiser.LOGGER
13:03:26.649 [DEBUG]  [Creating]    [analyzer-service:grpc-default-executor-1][com.diffblue.fuzztest.e.a]   Constructors: 
13:03:26.676 [DEBUG]  [Creating]    [analyzer-service:grpc-default-executor-1][com.diffblue.fuzztest.e.a]   Methods: private static java.lang.Object uk.gov.gchq.palisade.data.serialise.Serialiser.$deserializeLambda$(java.lang.invoke.SerializedLambda), public static uk.gov.gchq.palisade.data.serialise.Serialiser uk.gov.gchq.palisade.data.serialise.Serialiser.create(java.lang.Class,java.lang.Class), public abstract java.util.stream.Stream uk.gov.gchq.palisade.data.serialise.Serialiser.deserialise(java.io.InputStream), public default akka.stream.javadsl.Flow uk.gov.gchq.palisade.data.serialise.Serialiser.deserialiseFlow(), private akka.stream.javadsl.Flow uk.gov.gchq.palisade.data.serialise.Serialiser.lambda$deserialiseFlow$1(akka.stream.Materializer,akka.stream.Attributes), private static java.util.stream.BaseStream uk.gov.gchq.palisade.data.serialise.Serialiser.lambda$deserialiseFlow$53520e23$1(java.util.stream.Stream) throws java.lang.Exception, private static akka.stream.Graph uk.gov.gchq.palisade.data.serialise.Serialiser.lambda$deserialiseFlow$a3bf7913$1(java.util.stream.Stream) throws java.lang.Exception, private akka.stream.javadsl.Flow uk.gov.gchq.palisade.data.serialise.Serialiser.lambda$serialiseFlow$0(akka.stream.Materializer,akka.stream.Attributes), private static akka.stream.Graph uk.gov.gchq.palisade.data.serialise.Serialiser.lambda$serialiseFlow$f0cd8ea3$1(java.io.InputStream) throws java.lang.Exception, private static java.io.InputStream uk.gov.gchq.palisade.data.serialise.Serialiser.lambda$serialiseFlow$f3dfe089$1(java.io.InputStream) throws java.lang.Exception, public abstract java.io.InputStream uk.gov.gchq.palisade.data.serialise.Serialiser.serialise(java.util.stream.Stream), public default akka.stream.javadsl.Flow uk.gov.gchq.palisade.data.serialise.Serialiser.serialiseFlow(), public static java.util.Optional uk.gov.gchq.palisade.data.serialise.Serialiser.tryCreate(java.lang.Class,java.lang.String)
13:03:26.693 [DEBUG]  [Creating]    [analyzer-service:TimedExecutor-15][com.diffblue.fuzztest.g.e] 
================================================================================
= Creating tests for 'uk.gov.gchq.palisade.data.serialise.Serialiser.create:(Ljava/lang/Class;Ljava/lang/Class;)Luk/gov/gchq/palisade/data/serialise/Serialiser;' using 'SiM (!sp, fnm, df)'
================================================================================
13:03:26.701 [DEBUG]  [Creating]    [analyzer-service:TimedExecutor-15][com.diffblue.fuzztest.g.ap] Test file does not exist: /home/jbergqvist/diffblue/Palisade-common/src/test/java/uk/gov/gchq/palisade/data/serialise/SerialiserDiffblueTest.java
13:03:26.701 [DEBUG]  [Creating]    [analyzer-service:TimedExecutor-15][com.diffblue.fuzztest.g.e] 
================================================================================
= Trying DI configuration EmptyDependencyInjectionTirConfiguration for uk.gov.gchq.palisade.data.serialise.Serialiser.create:(Ljava/lang/Class;Ljava/lang/Class;)Luk/gov/gchq/palisade/data/serialise/Serialiser;
================================================================================
13:03:27.029 [DEBUG]  [Creating]    [analyzer-service:TimedExecutor-15][com.diffblue.cover.service.analyzer.a.c] Watchdog reset
13:03:27.376 [DEBUG]  [Creating]    [analyzer-service:TimedExecutor-15][com.diffblue.cover.service.analyzer.a.c] Watchdog reset
13:03:27.908 [DEBUG]  [Creating]    [analyzer-service:TimedExecutor-15][com.diffblue.fuzztest.b.f] Refinement loop done: 1 seeds, 3+0 new+accumulated tests, 1+2 tests+partial tests, 521/1000 its
13:03:28.012 [DEBUG]  [Creating]    [analyzer-service:TimedExecutor-15][com.diffblue.fuzztest.g.e] DI configuration 'com.diffblue.tir.p' generated tests: 3
13:03:28.013 [DEBUG]  [Creating]    [analyzer-service:TimedExecutor-15][com.diffblue.fuzztest.g.e] Enabling descriptive test naming
13:03:28.021 [DEBUG]  [Creating]    [analyzer-service:grpc-default-executor-1][com.diffblue.fuzztest.e.c] Created 1+0 tests and partial tests via 'SiM (!sp, fnm, df)' SiM fallback 1/2, returning all 1
13:03:28.053 [DEBUG]  [Creating]    [analyzer-service:grpc-default-executor-1][com.diffblue.cover.service.analyzer.a.c] Watchdog reset
13:03:28.059 [DEBUG]  [Creating]    [pool-3-thread-1]   [com.diffblue.cover.m.a.b] in processAnalysisResult for uk.gov.gchq.palisade.data.serialise.Serialiser.create:(Ljava/lang/Class;Ljava/lang/Class;)Luk/gov/gchq/palisade/data/serialise/Serialiser;
13:03:28.059 [DEBUG]  [Creating]    [pool-3-thread-1]   [com.diffblue.combiner.d.j] Using Javaparser to combine tests
13:03:28.165 [DEBUG]  [Creating]    [pool-6-thread-5]   [com.diffblue.cover.l.a.c] EdgeCoverageRuntime contains 6 edges
13:03:28.165 [DEBUG]  [Creating]    [pool-3-thread-1]   [com.diffblue.combiner.a.c] Adding changeSet to account as new: Optional[uk.gov.gchq.palisade.data.serialise.Serialiser.create:(Ljava/lang/Class;Ljava/lang/Class;)Luk/gov/gchq/palisade/data/serialise/Serialiser;]
13:03:28.195 [DEBUG]  [Creating]    [analyzer-service:grpc-default-executor-1][com.diffblue.cover.service.analyzer.a.c] Watchdog reset
13:03:28.196 [DEBUG]  [Creating]    [analyzer-service:TimedExecutor-16][com.diffblue.fuzztest.g.e] 
================================================================================
= Creating tests for 'uk.gov.gchq.palisade.data.serialise.Serialiser.tryCreate:(Ljava/lang/Class;Ljava/lang/String;)Ljava/util/Optional;' using 'SiM (!sp, fnm, df)'
================================================================================
13:03:28.203 [DEBUG]  [Creating]    [analyzer-service:TimedExecutor-16][com.diffblue.fuzztest.g.ap] Parsed existing test class at /home/jbergqvist/diffblue/Palisade-common/src/test/java/uk/gov/gchq/palisade/data/serialise/SerialiserDiffblueTest.java: found 0 annotations
13:03:28.204 [DEBUG]  [Creating]    [analyzer-service:TimedExecutor-16][com.diffblue.fuzztest.g.e] 
================================================================================
= Trying DI configuration EmptyDependencyInjectionTirConfiguration for uk.gov.gchq.palisade.data.serialise.Serialiser.tryCreate:(Ljava/lang/Class;Ljava/lang/String;)Ljava/util/Optional;
================================================================================
13:03:28.762 [DEBUG]  [Creating]    [analyzer-service:TimedExecutor-16][com.diffblue.fuzztest.b.f] Refinement loop done: 1 seeds, 3+0 new+accumulated tests, 2+1 tests+partial tests, 934/1000 its
13:03:28.828 [DEBUG]  [Creating]    [analyzer-service:TimedExecutor-16][com.diffblue.fuzztest.g.e] DI configuration 'com.diffblue.tir.p' generated tests: 3
13:03:28.828 [DEBUG]  [Creating]    [analyzer-service:TimedExecutor-16][com.diffblue.fuzztest.g.e] Enabling descriptive test naming
13:03:28.834 [DEBUG]  [Creating]    [analyzer-service:grpc-default-executor-1][com.diffblue.fuzztest.e.c] Created 2+0 tests and partial tests via 'SiM (!sp, fnm, df)' SiM fallback 1/2, returning all 2
13:03:28.884 [DEBUG]  [Creating]    [pool-3-thread-1]   [com.diffblue.cover.m.a.b] in processAnalysisResult for uk.gov.gchq.palisade.data.serialise.Serialiser.tryCreate:(Ljava/lang/Class;Ljava/lang/String;)Ljava/util/Optional;
13:03:28.884 [DEBUG]  [Creating]    [pool-3-thread-1]   [com.diffblue.cover.r.d] Finished with MethodGroup: create, countOfTests: 1, countOfMethodsTested: 1 TestGenerationAccount: a[countOfRemoved=0, countOfUnchanged=0, countOfUpdated=0, countOfNew=5]
13:03:28.884 [INFO]   [Creating]    [pool-3-thread-1]   [com.diffblue.cover.ui.b.b]      [17/131] uk.gov.gchq.palisade.data.serialise.Serialiser.create
13:03:28.884 [INFO]   [Creating]    [pool-3-thread-1]   [com.diffblue.cover.ui.b.b]      [17/131]   Tests created: 1
13:03:28.884 [DEBUG]  [Creating]    [pool-3-thread-1]   [com.diffblue.combiner.d.j] Using Javaparser to combine tests
13:03:28.947 [DEBUG]  [Creating]    [pool-6-thread-6]   [com.diffblue.cover.l.a.c] EdgeCoverageRuntime contains 5 edges
13:03:28.948 [DEBUG]  [Creating]    [pool-3-thread-1]   [com.diffblue.combiner.a.c] Adding changeSet to account as new: Optional[uk.gov.gchq.palisade.data.serialise.Serialiser.tryCreate:(Ljava/lang/Class;Ljava/lang/String;)Ljava/util/Optional;]
13:03:28.979 [DEBUG]  [Creating]    [pool-3-thread-1]   [com.diffblue.combiner.d.j] Using Javaparser to combine tests
13:03:29.043 [DEBUG]  [Creating]    [pool-6-thread-7]   [com.diffblue.cover.l.a.c] EdgeCoverageRuntime contains 5 edges
13:03:29.044 [DEBUG]  [Creating]    [pool-3-thread-1]   [com.diffblue.combiner.a.c] Adding changeSet to account as new: Optional[uk.gov.gchq.palisade.data.serialise.Serialiser.tryCreate:(Ljava/lang/Class;Ljava/lang/String;)Ljava/util/Optional;]
13:03:29.078 [DEBUG]  [Creating]    [pool-3-thread-1]   [com.diffblue.cover.r.d] Finished with MethodGroup: tryCreate, countOfTests: 2, countOfMethodsTested: 1 TestGenerationAccount: a[countOfRemoved=0, countOfUnchanged=0, countOfUpdated=0, countOfNew=7]
13:03:29.076 [DEBUG]  [Creating]    [analyzer-service:grpc-default-executor-1][com.diffblue.cover.service.analyzer.a.c] Watchdog reset
13:03:29.078 [INFO]   [Creating]    [pool-3-thread-1]   [com.diffblue.cover.ui.b.b]      [18/131] uk.gov.gchq.palisade.data.serialise.Serialiser.tryCreate
13:03:29.078 [INFO]   [Creating]    [pool-3-thread-1]   [com.diffblue.cover.ui.b.b]      [18/131]   Tests created: 2
13:03:29.081 [INFO]   [Creating]    [pool-3-thread-1]   [com.diffblue.cover.ui.b.b]  [2/25] uk.gov.gchq.palisade.data.serialise.Serialiser
13:03:29.081 [INFO]   [Creating]    [pool-3-thread-1]   [com.diffblue.cover.ui.b.b]  [2/25]   Tests created: 3
13:03:29.081 [DEBUG]  [Creating]    [pool-3-thread-1]   [com.diffblue.cover.ui.b.b]  [2/25]   (at least 2 lines uncovered in this class)
13:03:29.082 [INFO]   [Creating]    [pool-3-thread-1]   [com.diffblue.cover.m.a.b] 
================================================================================
= Starting analysis for class 'uk.gov.gchq.palisade.resource.AbstractLeafResource'
================================================================================
13:03:29.082 [INFO]   [Creating]    [pool-3-thread-1]   [com.diffblue.cover.m.a.b] Filtering out non-testable methods...
13:03:29.088 [INFO]   [Creating]    [pool-3-thread-1]   [com.diffblue.cover.ui.b.b]      [19/131] uk.gov.gchq.palisade.resource.AbstractLeafResource.attribute
13:03:29.088 [INFO]   [Creating]    [pool-3-thread-1]   [com.diffblue.cover.ui.b.b]      [19/131]   T024: Generated method
13:03:29.088 [DEBUG]  [Creating]    [pool-3-thread-1]   [com.diffblue.cover.ui.b.b]      [19/131]   (at least 2 lines uncovered in this method)
13:03:29.088 [INFO]   [Creating]    [pool-3-thread-1]   [com.diffblue.cover.ui.b.b]      [19/131]     Indicates that the method is generated by some framework or tool and should not
13:03:29.088 [INFO]   [Creating]    [pool-3-thread-1]   [com.diffblue.cover.ui.b.b]      [19/131]     be tested explicitly. The expectation is that the generator itself should be
13:03:29.088 [INFO]   [Creating]    [pool-3-thread-1]   [com.diffblue.cover.ui.b.b]      [19/131]     tested and not each piece of code it produces.
13:03:29.088 [INFO]   [Creating]    [pool-3-thread-1]   [com.diffblue.cover.ui.b.b]      [19/131]     Currently, this includes methods identified generated by Lombok, Protobuf,
13:03:29.088 [INFO]   [Creating]    [pool-3-thread-1]   [com.diffblue.cover.ui.b.b]      [19/131]     Grpc, Hibernate, or annotated with a custom '@Generated' annotation
13:03:29.088 [INFO]   [Creating]    [pool-3-thread-1]   [com.diffblue.cover.ui.b.b]      [19/131]     (as long as the custom annotation has 'RUNTIME' or 'CLASS' retention).
13:03:29.088 [INFO]   [Creating]    [pool-3-thread-1]   [com.diffblue.cover.ui.b.b]      [19/131]     Diffblue Cover considers these methods as not directly callable.
13:03:29.091 [INFO]   [Creating]    [pool-3-thread-1]   [com.diffblue.cover.ui.b.b]      [20/131] uk.gov.gchq.palisade.resource.AbstractLeafResource.attributes
13:03:29.092 [INFO]   [Creating]    [pool-3-thread-1]   [com.diffblue.cover.ui.b.b]      [20/131]   T024: Generated method
13:03:29.092 [DEBUG]  [Creating]    [pool-3-thread-1]   [com.diffblue.cover.ui.b.b]      [20/131]   (at least 2 lines uncovered in this method)
13:03:29.092 [INFO]   [Creating]    [pool-3-thread-1]   [com.diffblue.cover.ui.b.b]      [20/131]     Indicates that the method is generated by some framework or tool and should not
13:03:29.092 [INFO]   [Creating]    [pool-3-thread-1]   [com.diffblue.cover.ui.b.b]      [20/131]     be tested explicitly. The expectation is that the generator itself should be
13:03:29.092 [INFO]   [Creating]    [pool-3-thread-1]   [com.diffblue.cover.ui.b.b]      [20/131]     tested and not each piece of code it produces.
13:03:29.092 [INFO]   [Creating]    [pool-3-thread-1]   [com.diffblue.cover.ui.b.b]      [20/131]     Currently, this includes methods identified generated by Lombok, Protobuf,
13:03:29.092 [INFO]   [Creating]    [pool-3-thread-1]   [com.diffblue.cover.ui.b.b]      [20/131]     Grpc, Hibernate, or annotated with a custom '@Generated' annotation
13:03:29.092 [INFO]   [Creating]    [pool-3-thread-1]   [com.diffblue.cover.ui.b.b]      [20/131]     (as long as the custom annotation has 'RUNTIME' or 'CLASS' retention).
13:03:29.092 [INFO]   [Creating]    [pool-3-thread-1]   [com.diffblue.cover.ui.b.b]      [20/131]     Diffblue Cover considers these methods as not directly callable.
13:03:29.095 [INFO]   [Creating]    [pool-3-thread-1]   [com.diffblue.cover.ui.b.b]      [21/131] uk.gov.gchq.palisade.resource.AbstractLeafResource.connectionDetail
13:03:29.095 [INFO]   [Creating]    [pool-3-thread-1]   [com.diffblue.cover.ui.b.b]      [21/131]   T024: Generated method
13:03:29.095 [DEBUG]  [Creating]    [pool-3-thread-1]   [com.diffblue.cover.ui.b.b]      [21/131]   (at least 2 lines uncovered in this method)
13:03:29.095 [INFO]   [Creating]    [pool-3-thread-1]   [com.diffblue.cover.ui.b.b]      [21/131]     Indicates that the method is generated by some framework or tool and should not
13:03:29.095 [INFO]   [Creating]    [pool-3-thread-1]   [com.diffblue.cover.ui.b.b]      [21/131]     be tested explicitly. The expectation is that the generator itself should be
13:03:29.095 [INFO]   [Creating]    [pool-3-thread-1]   [com.diffblue.cover.ui.b.b]      [21/131]     tested and not each piece of code it produces.
13:03:29.095 [INFO]   [Creating]    [pool-3-thread-1]   [com.diffblue.cover.ui.b.b]      [21/131]     Currently, this includes methods identified generated by Lombok, Protobuf,
13:03:29.095 [INFO]   [Creating]    [pool-3-thread-1]   [com.diffblue.cover.ui.b.b]      [21/131]     Grpc, Hibernate, or annotated with a custom '@Generated' annotation
13:03:29.095 [INFO]   [Creating]    [pool-3-thread-1]   [com.diffblue.cover.ui.b.b]      [21/131]     (as long as the custom annotation has 'RUNTIME' or 'CLASS' retention).
13:03:29.095 [INFO]   [Creating]    [pool-3-thread-1]   [com.diffblue.cover.ui.b.b]      [21/131]     Diffblue Cover considers these methods as not directly callable.
13:03:29.099 [INFO]   [Creating]    [pool-3-thread-1]   [com.diffblue.cover.ui.b.b]      [22/131] uk.gov.gchq.palisade.resource.AbstractLeafResource.equals
13:03:29.099 [INFO]   [Creating]    [pool-3-thread-1]   [com.diffblue.cover.ui.b.b]      [22/131]   T024: Generated method
13:03:29.099 [DEBUG]  [Creating]    [pool-3-thread-1]   [com.diffblue.cover.ui.b.b]      [22/131]   (at least 12 lines uncovered in this method)
13:03:29.099 [INFO]   [Creating]    [pool-3-thread-1]   [com.diffblue.cover.ui.b.b]      [22/131]     Indicates that the method is generated by some framework or tool and should not
13:03:29.099 [INFO]   [Creating]    [pool-3-thread-1]   [com.diffblue.cover.ui.b.b]      [22/131]     be tested explicitly. The expectation is that the generator itself should be
13:03:29.099 [INFO]   [Creating]    [pool-3-thread-1]   [com.diffblue.cover.ui.b.b]      [22/131]     tested and not each piece of code it produces.
13:03:29.099 [INFO]   [Creating]    [pool-3-thread-1]   [com.diffblue.cover.ui.b.b]      [22/131]     Currently, this includes methods identified generated by Lombok, Protobuf,
13:03:29.099 [INFO]   [Creating]    [pool-3-thread-1]   [com.diffblue.cover.ui.b.b]      [22/131]     Grpc, Hibernate, or annotated with a custom '@Generated' annotation
13:03:29.099 [INFO]   [Creating]    [pool-3-thread-1]   [com.diffblue.cover.ui.b.b]      [22/131]     (as long as the custom annotation has 'RUNTIME' or 'CLASS' retention).
13:03:29.099 [INFO]   [Creating]    [pool-3-thread-1]   [com.diffblue.cover.ui.b.b]      [22/131]     Diffblue Cover considers these methods as not directly callable.
13:03:29.103 [INFO]   [Creating]    [pool-3-thread-1]   [com.diffblue.cover.ui.b.b]      [23/131] uk.gov.gchq.palisade.resource.AbstractLeafResource.getAttribute
13:03:29.103 [INFO]   [Creating]    [pool-3-thread-1]   [com.diffblue.cover.ui.b.b]      [23/131]   T024: Generated method
13:03:29.103 [DEBUG]  [Creating]    [pool-3-thread-1]   [com.diffblue.cover.ui.b.b]      [23/131]   (at least 1 line uncovered in this method)
13:03:29.103 [INFO]   [Creating]    [pool-3-thread-1]   [com.diffblue.cover.ui.b.b]      [23/131]     Indicates that the method is generated by some framework or tool and should not
13:03:29.103 [INFO]   [Creating]    [pool-3-thread-1]   [com.diffblue.cover.ui.b.b]      [23/131]     be tested explicitly. The expectation is that the generator itself should be
13:03:29.103 [INFO]   [Creating]    [pool-3-thread-1]   [com.diffblue.cover.ui.b.b]      [23/131]     tested and not each piece of code it produces.
13:03:29.103 [INFO]   [Creating]    [pool-3-thread-1]   [com.diffblue.cover.ui.b.b]      [23/131]     Currently, this includes methods identified generated by Lombok, Protobuf,
13:03:29.103 [INFO]   [Creating]    [pool-3-thread-1]   [com.diffblue.cover.ui.b.b]      [23/131]     Grpc, Hibernate, or annotated with a custom '@Generated' annotation
13:03:29.103 [INFO]   [Creating]    [pool-3-thread-1]   [com.diffblue.cover.ui.b.b]      [23/131]     (as long as the custom annotation has 'RUNTIME' or 'CLASS' retention).
13:03:29.103 [INFO]   [Creating]    [pool-3-thread-1]   [com.diffblue.cover.ui.b.b]      [23/131]     Diffblue Cover considers these methods as not directly callable.
13:03:29.107 [INFO]   [Creating]    [pool-3-thread-1]   [com.diffblue.cover.ui.b.b]      [24/131] uk.gov.gchq.palisade.resource.AbstractLeafResource.getAttributes
13:03:29.108 [INFO]   [Creating]    [pool-3-thread-1]   [com.diffblue.cover.ui.b.b]      [24/131]   T024: Generated method
13:03:29.108 [DEBUG]  [Creating]    [pool-3-thread-1]   [com.diffblue.cover.ui.b.b]      [24/131]   (at least 1 line uncovered in this method)
13:03:29.108 [INFO]   [Creating]    [pool-3-thread-1]   [com.diffblue.cover.ui.b.b]      [24/131]     Indicates that the method is generated by some framework or tool and should not
13:03:29.108 [INFO]   [Creating]    [pool-3-thread-1]   [com.diffblue.cover.ui.b.b]      [24/131]     be tested explicitly. The expectation is that the generator itself should be
13:03:29.108 [INFO]   [Creating]    [pool-3-thread-1]   [com.diffblue.cover.ui.b.b]      [24/131]     tested and not each piece of code it produces.
13:03:29.108 [INFO]   [Creating]    [pool-3-thread-1]   [com.diffblue.cover.ui.b.b]      [24/131]     Currently, this includes methods identified generated by Lombok, Protobuf,
13:03:29.108 [INFO]   [Creating]    [pool-3-thread-1]   [com.diffblue.cover.ui.b.b]      [24/131]     Grpc, Hibernate, or annotated with a custom '@Generated' annotation
13:03:29.108 [INFO]   [Creating]    [pool-3-thread-1]   [com.diffblue.cover.ui.b.b]      [24/131]     (as long as the custom annotation has 'RUNTIME' or 'CLASS' retention).
13:03:29.108 [INFO]   [Creating]    [pool-3-thread-1]   [com.diffblue.cover.ui.b.b]      [24/131]     Diffblue Cover considers these methods as not directly callable.
13:03:29.111 [INFO]   [Creating]    [pool-3-thread-1]   [com.diffblue.cover.ui.b.b]      [25/131] uk.gov.gchq.palisade.resource.AbstractLeafResource.getConnectionDetail
13:03:29.111 [INFO]   [Creating]    [pool-3-thread-1]   [com.diffblue.cover.ui.b.b]      [25/131]   T024: Generated method
13:03:29.111 [DEBUG]  [Creating]    [pool-3-thread-1]   [com.diffblue.cover.ui.b.b]      [25/131]   (at least 1 line uncovered in this method)
13:03:29.111 [INFO]   [Creating]    [pool-3-thread-1]   [com.diffblue.cover.ui.b.b]      [25/131]     Indicates that the method is generated by some framework or tool and should not
13:03:29.111 [INFO]   [Creating]    [pool-3-thread-1]   [com.diffblue.cover.ui.b.b]      [25/131]     be tested explicitly. The expectation is that the generator itself should be
13:03:29.111 [INFO]   [Creating]    [pool-3-thread-1]   [com.diffblue.cover.ui.b.b]      [25/131]     tested and not each piece of code it produces.
13:03:29.111 [INFO]   [Creating]    [pool-3-thread-1]   [com.diffblue.cover.ui.b.b]      [25/131]     Currently, this includes methods identified generated by Lombok, Protobuf,
13:03:29.111 [INFO]   [Creating]    [pool-3-thread-1]   [com.diffblue.cover.ui.b.b]      [25/131]     Grpc, Hibernate, or annotated with a custom '@Generated' annotation
13:03:29.111 [INFO]   [Creating]    [pool-3-thread-1]   [com.diffblue.cover.ui.b.b]      [25/131]     (as long as the custom annotation has 'RUNTIME' or 'CLASS' retention).
13:03:29.111 [INFO]   [Creating]    [pool-3-thread-1]   [com.diffblue.cover.ui.b.b]      [25/131]     Diffblue Cover considers these methods as not directly callable.
13:03:29.115 [INFO]   [Creating]    [pool-3-thread-1]   [com.diffblue.cover.ui.b.b]      [26/131] uk.gov.gchq.palisade.resource.AbstractLeafResource.getSerialisedFormat
13:03:29.115 [INFO]   [Creating]    [pool-3-thread-1]   [com.diffblue.cover.ui.b.b]      [26/131]   T024: Generated method
13:03:29.115 [DEBUG]  [Creating]    [pool-3-thread-1]   [com.diffblue.cover.ui.b.b]      [26/131]   (at least 1 line uncovered in this method)
13:03:29.115 [INFO]   [Creating]    [pool-3-thread-1]   [com.diffblue.cover.ui.b.b]      [26/131]     Indicates that the method is generated by some framework or tool and should not
13:03:29.115 [INFO]   [Creating]    [pool-3-thread-1]   [com.diffblue.cover.ui.b.b]      [26/131]     be tested explicitly. The expectation is that the generator itself should be
13:03:29.115 [INFO]   [Creating]    [pool-3-thread-1]   [com.diffblue.cover.ui.b.b]      [26/131]     tested and not each piece of code it produces.
13:03:29.115 [INFO]   [Creating]    [pool-3-thread-1]   [com.diffblue.cover.ui.b.b]      [26/131]     Currently, this includes methods identified generated by Lombok, Protobuf,
13:03:29.115 [INFO]   [Creating]    [pool-3-thread-1]   [com.diffblue.cover.ui.b.b]      [26/131]     Grpc, Hibernate, or annotated with a custom '@Generated' annotation
13:03:29.115 [INFO]   [Creating]    [pool-3-thread-1]   [com.diffblue.cover.ui.b.b]      [26/131]     (as long as the custom annotation has 'RUNTIME' or 'CLASS' retention).
13:03:29.115 [INFO]   [Creating]    [pool-3-thread-1]   [com.diffblue.cover.ui.b.b]      [26/131]     Diffblue Cover considers these methods as not directly callable.
13:03:29.118 [INFO]   [Creating]    [pool-3-thread-1]   [com.diffblue.cover.ui.b.b]      [27/131] uk.gov.gchq.palisade.resource.AbstractLeafResource.getType
13:03:29.118 [INFO]   [Creating]    [pool-3-thread-1]   [com.diffblue.cover.ui.b.b]      [27/131]   T024: Generated method
13:03:29.118 [DEBUG]  [Creating]    [pool-3-thread-1]   [com.diffblue.cover.ui.b.b]      [27/131]   (at least 1 line uncovered in this method)
13:03:29.118 [INFO]   [Creating]    [pool-3-thread-1]   [com.diffblue.cover.ui.b.b]      [27/131]     Indicates that the method is generated by some framework or tool and should not
13:03:29.118 [INFO]   [Creating]    [pool-3-thread-1]   [com.diffblue.cover.ui.b.b]      [27/131]     be tested explicitly. The expectation is that the generator itself should be
13:03:29.118 [INFO]   [Creating]    [pool-3-thread-1]   [com.diffblue.cover.ui.b.b]      [27/131]     tested and not each piece of code it produces.
13:03:29.118 [INFO]   [Creating]    [pool-3-thread-1]   [com.diffblue.cover.ui.b.b]      [27/131]     Currently, this includes methods identified generated by Lombok, Protobuf,
13:03:29.118 [INFO]   [Creating]    [pool-3-thread-1]   [com.diffblue.cover.ui.b.b]      [27/131]     Grpc, Hibernate, or annotated with a custom '@Generated' annotation
13:03:29.118 [INFO]   [Creating]    [pool-3-thread-1]   [com.diffblue.cover.ui.b.b]      [27/131]     (as long as the custom annotation has 'RUNTIME' or 'CLASS' retention).
13:03:29.118 [INFO]   [Creating]    [pool-3-thread-1]   [com.diffblue.cover.ui.b.b]      [27/131]     Diffblue Cover considers these methods as not directly callable.
13:03:29.122 [INFO]   [Creating]    [pool-3-thread-1]   [com.diffblue.cover.ui.b.b]      [28/131] uk.gov.gchq.palisade.resource.AbstractLeafResource.hashCode
13:03:29.122 [INFO]   [Creating]    [pool-3-thread-1]   [com.diffblue.cover.ui.b.b]      [28/131]   T024: Generated method
13:03:29.122 [DEBUG]  [Creating]    [pool-3-thread-1]   [com.diffblue.cover.ui.b.b]      [28/131]   (at least 1 line uncovered in this method)
13:03:29.122 [INFO]   [Creating]    [pool-3-thread-1]   [com.diffblue.cover.ui.b.b]      [28/131]     Indicates that the method is generated by some framework or tool and should not
13:03:29.122 [INFO]   [Creating]    [pool-3-thread-1]   [com.diffblue.cover.ui.b.b]      [28/131]     be tested explicitly. The expectation is that the generator itself should be
13:03:29.122 [INFO]   [Creating]    [pool-3-thread-1]   [com.diffblue.cover.ui.b.b]      [28/131]     tested and not each piece of code it produces.
13:03:29.122 [INFO]   [Creating]    [pool-3-thread-1]   [com.diffblue.cover.ui.b.b]      [28/131]     Currently, this includes methods identified generated by Lombok, Protobuf,
13:03:29.122 [INFO]   [Creating]    [pool-3-thread-1]   [com.diffblue.cover.ui.b.b]      [28/131]     Grpc, Hibernate, or annotated with a custom '@Generated' annotation
13:03:29.122 [INFO]   [Creating]    [pool-3-thread-1]   [com.diffblue.cover.ui.b.b]      [28/131]     (as long as the custom annotation has 'RUNTIME' or 'CLASS' retention).
13:03:29.122 [INFO]   [Creating]    [pool-3-thread-1]   [com.diffblue.cover.ui.b.b]      [28/131]     Diffblue Cover considers these methods as not directly callable.
13:03:29.126 [INFO]   [Creating]    [pool-3-thread-1]   [com.diffblue.cover.ui.b.b]      [29/131] uk.gov.gchq.palisade.resource.AbstractLeafResource.isAttributeSet
13:03:29.126 [INFO]   [Creating]    [pool-3-thread-1]   [com.diffblue.cover.ui.b.b]      [29/131]   T024: Generated method
13:03:29.127 [DEBUG]  [Creating]    [pool-3-thread-1]   [com.diffblue.cover.ui.b.b]      [29/131]   (at least 1 line uncovered in this method)
13:03:29.127 [INFO]   [Creating]    [pool-3-thread-1]   [com.diffblue.cover.ui.b.b]      [29/131]     Indicates that the method is generated by some framework or tool and should not
13:03:29.127 [INFO]   [Creating]    [pool-3-thread-1]   [com.diffblue.cover.ui.b.b]      [29/131]     be tested explicitly. The expectation is that the generator itself should be
13:03:29.127 [INFO]   [Creating]    [pool-3-thread-1]   [com.diffblue.cover.ui.b.b]      [29/131]     tested and not each piece of code it produces.
13:03:29.127 [INFO]   [Creating]    [pool-3-thread-1]   [com.diffblue.cover.ui.b.b]      [29/131]     Currently, this includes methods identified generated by Lombok, Protobuf,
13:03:29.127 [INFO]   [Creating]    [pool-3-thread-1]   [com.diffblue.cover.ui.b.b]      [29/131]     Grpc, Hibernate, or annotated with a custom '@Generated' annotation
13:03:29.127 [INFO]   [Creating]    [pool-3-thread-1]   [com.diffblue.cover.ui.b.b]      [29/131]     (as long as the custom annotation has 'RUNTIME' or 'CLASS' retention).
13:03:29.127 [INFO]   [Creating]    [pool-3-thread-1]   [com.diffblue.cover.ui.b.b]      [29/131]     Diffblue Cover considers these methods as not directly callable.
13:03:29.130 [INFO]   [Creating]    [pool-3-thread-1]   [com.diffblue.cover.ui.b.b]      [30/131] uk.gov.gchq.palisade.resource.AbstractLeafResource.serialisedFormat
13:03:29.130 [INFO]   [Creating]    [pool-3-thread-1]   [com.diffblue.cover.ui.b.b]      [30/131]   T024: Generated method
13:03:29.131 [DEBUG]  [Creating]    [pool-3-thread-1]   [com.diffblue.cover.ui.b.b]      [30/131]   (at least 2 lines uncovered in this method)
13:03:29.131 [INFO]   [Creating]    [pool-3-thread-1]   [com.diffblue.cover.ui.b.b]      [30/131]     Indicates that the method is generated by some framework or tool and should not
13:03:29.131 [INFO]   [Creating]    [pool-3-thread-1]   [com.diffblue.cover.ui.b.b]      [30/131]     be tested explicitly. The expectation is that the generator itself should be
13:03:29.131 [INFO]   [Creating]    [pool-3-thread-1]   [com.diffblue.cover.ui.b.b]      [30/131]     tested and not each piece of code it produces.
13:03:29.131 [INFO]   [Creating]    [pool-3-thread-1]   [com.diffblue.cover.ui.b.b]      [30/131]     Currently, this includes methods identified generated by Lombok, Protobuf,
13:03:29.131 [INFO]   [Creating]    [pool-3-thread-1]   [com.diffblue.cover.ui.b.b]      [30/131]     Grpc, Hibernate, or annotated with a custom '@Generated' annotation
13:03:29.131 [INFO]   [Creating]    [pool-3-thread-1]   [com.diffblue.cover.ui.b.b]      [30/131]     (as long as the custom annotation has 'RUNTIME' or 'CLASS' retention).
13:03:29.131 [INFO]   [Creating]    [pool-3-thread-1]   [com.diffblue.cover.ui.b.b]      [30/131]     Diffblue Cover considers these methods as not directly callable.
13:03:29.134 [INFO]   [Creating]    [pool-3-thread-1]   [com.diffblue.cover.ui.b.b]      [31/131] uk.gov.gchq.palisade.resource.AbstractLeafResource.setAttribute
13:03:29.134 [INFO]   [Creating]    [pool-3-thread-1]   [com.diffblue.cover.ui.b.b]      [31/131]   T024: Generated method
13:03:29.134 [DEBUG]  [Creating]    [pool-3-thread-1]   [com.diffblue.cover.ui.b.b]      [31/131]   (at least 4 lines uncovered in this method)
13:03:29.134 [INFO]   [Creating]    [pool-3-thread-1]   [com.diffblue.cover.ui.b.b]      [31/131]     Indicates that the method is generated by some framework or tool and should not
13:03:29.134 [INFO]   [Creating]    [pool-3-thread-1]   [com.diffblue.cover.ui.b.b]      [31/131]     be tested explicitly. The expectation is that the generator itself should be
13:03:29.134 [INFO]   [Creating]    [pool-3-thread-1]   [com.diffblue.cover.ui.b.b]      [31/131]     tested and not each piece of code it produces.
13:03:29.134 [INFO]   [Creating]    [pool-3-thread-1]   [com.diffblue.cover.ui.b.b]      [31/131]     Currently, this includes methods identified generated by Lombok, Protobuf,
13:03:29.134 [INFO]   [Creating]    [pool-3-thread-1]   [com.diffblue.cover.ui.b.b]      [31/131]     Grpc, Hibernate, or annotated with a custom '@Generated' annotation
13:03:29.134 [INFO]   [Creating]    [pool-3-thread-1]   [com.diffblue.cover.ui.b.b]      [31/131]     (as long as the custom annotation has 'RUNTIME' or 'CLASS' retention).
13:03:29.134 [INFO]   [Creating]    [pool-3-thread-1]   [com.diffblue.cover.ui.b.b]      [31/131]     Diffblue Cover considers these methods as not directly callable.
13:03:29.138 [INFO]   [Creating]    [pool-3-thread-1]   [com.diffblue.cover.ui.b.b]      [32/131] uk.gov.gchq.palisade.resource.AbstractLeafResource.setAttributes
13:03:29.138 [INFO]   [Creating]    [pool-3-thread-1]   [com.diffblue.cover.ui.b.b]      [32/131]   T024: Generated method
13:03:29.138 [DEBUG]  [Creating]    [pool-3-thread-1]   [com.diffblue.cover.ui.b.b]      [32/131]   (at least 3 lines uncovered in this method)
13:03:29.138 [INFO]   [Creating]    [pool-3-thread-1]   [com.diffblue.cover.ui.b.b]      [32/131]     Indicates that the method is generated by some framework or tool and should not
13:03:29.138 [INFO]   [Creating]    [pool-3-thread-1]   [com.diffblue.cover.ui.b.b]      [32/131]     be tested explicitly. The expectation is that the generator itself should be
13:03:29.138 [INFO]   [Creating]    [pool-3-thread-1]   [com.diffblue.cover.ui.b.b]      [32/131]     tested and not each piece of code it produces.
13:03:29.138 [INFO]   [Creating]    [pool-3-thread-1]   [com.diffblue.cover.ui.b.b]      [32/131]     Currently, this includes methods identified generated by Lombok, Protobuf,
13:03:29.138 [INFO]   [Creating]    [pool-3-thread-1]   [com.diffblue.cover.ui.b.b]      [32/131]     Grpc, Hibernate, or annotated with a custom '@Generated' annotation
13:03:29.138 [INFO]   [Creating]    [pool-3-thread-1]   [com.diffblue.cover.ui.b.b]      [32/131]     (as long as the custom annotation has 'RUNTIME' or 'CLASS' retention).
13:03:29.138 [INFO]   [Creating]    [pool-3-thread-1]   [com.diffblue.cover.ui.b.b]      [32/131]     Diffblue Cover considers these methods as not directly callable.
13:03:29.142 [INFO]   [Creating]    [pool-3-thread-1]   [com.diffblue.cover.ui.b.b]      [33/131] uk.gov.gchq.palisade.resource.AbstractLeafResource.setConnectionDetail
13:03:29.142 [INFO]   [Creating]    [pool-3-thread-1]   [com.diffblue.cover.ui.b.b]      [33/131]   T024: Generated method
13:03:29.142 [DEBUG]  [Creating]    [pool-3-thread-1]   [com.diffblue.cover.ui.b.b]      [33/131]   (at least 3 lines uncovered in this method)
13:03:29.142 [INFO]   [Creating]    [pool-3-thread-1]   [com.diffblue.cover.ui.b.b]      [33/131]     Indicates that the method is generated by some framework or tool and should not
13:03:29.142 [INFO]   [Creating]    [pool-3-thread-1]   [com.diffblue.cover.ui.b.b]      [33/131]     be tested explicitly. The expectation is that the generator itself should be
13:03:29.142 [INFO]   [Creating]    [pool-3-thread-1]   [com.diffblue.cover.ui.b.b]      [33/131]     tested and not each piece of code it produces.
13:03:29.142 [INFO]   [Creating]    [pool-3-thread-1]   [com.diffblue.cover.ui.b.b]      [33/131]     Currently, this includes methods identified generated by Lombok, Protobuf,
13:03:29.142 [INFO]   [Creating]    [pool-3-thread-1]   [com.diffblue.cover.ui.b.b]      [33/131]     Grpc, Hibernate, or annotated with a custom '@Generated' annotation
13:03:29.142 [INFO]   [Creating]    [pool-3-thread-1]   [com.diffblue.cover.ui.b.b]      [33/131]     (as long as the custom annotation has 'RUNTIME' or 'CLASS' retention).
13:03:29.142 [INFO]   [Creating]    [pool-3-thread-1]   [com.diffblue.cover.ui.b.b]      [33/131]     Diffblue Cover considers these methods as not directly callable.
13:03:29.145 [INFO]   [Creating]    [pool-3-thread-1]   [com.diffblue.cover.ui.b.b]      [34/131] uk.gov.gchq.palisade.resource.AbstractLeafResource.setSerialisedFormat
13:03:29.145 [INFO]   [Creating]    [pool-3-thread-1]   [com.diffblue.cover.ui.b.b]      [34/131]   T024: Generated method
13:03:29.145 [DEBUG]  [Creating]    [pool-3-thread-1]   [com.diffblue.cover.ui.b.b]      [34/131]   (at least 3 lines uncovered in this method)
13:03:29.145 [INFO]   [Creating]    [pool-3-thread-1]   [com.diffblue.cover.ui.b.b]      [34/131]     Indicates that the method is generated by some framework or tool and should not
13:03:29.145 [INFO]   [Creating]    [pool-3-thread-1]   [com.diffblue.cover.ui.b.b]      [34/131]     be tested explicitly. The expectation is that the generator itself should be
13:03:29.145 [INFO]   [Creating]    [pool-3-thread-1]   [com.diffblue.cover.ui.b.b]      [34/131]     tested and not each piece of code it produces.
13:03:29.145 [INFO]   [Creating]    [pool-3-thread-1]   [com.diffblue.cover.ui.b.b]      [34/131]     Currently, this includes methods identified generated by Lombok, Protobuf,
13:03:29.145 [INFO]   [Creating]    [pool-3-thread-1]   [com.diffblue.cover.ui.b.b]      [34/131]     Grpc, Hibernate, or annotated with a custom '@Generated' annotation
13:03:29.145 [INFO]   [Creating]    [pool-3-thread-1]   [com.diffblue.cover.ui.b.b]      [34/131]     (as long as the custom annotation has 'RUNTIME' or 'CLASS' retention).
13:03:29.145 [INFO]   [Creating]    [pool-3-thread-1]   [com.diffblue.cover.ui.b.b]      [34/131]     Diffblue Cover considers these methods as not directly callable.
13:03:29.148 [INFO]   [Creating]    [pool-3-thread-1]   [com.diffblue.cover.ui.b.b]      [35/131] uk.gov.gchq.palisade.resource.AbstractLeafResource.setType
13:03:29.148 [INFO]   [Creating]    [pool-3-thread-1]   [com.diffblue.cover.ui.b.b]      [35/131]   T024: Generated method
13:03:29.148 [DEBUG]  [Creating]    [pool-3-thread-1]   [com.diffblue.cover.ui.b.b]      [35/131]   (at least 3 lines uncovered in this method)
13:03:29.148 [INFO]   [Creating]    [pool-3-thread-1]   [com.diffblue.cover.ui.b.b]      [35/131]     Indicates that the method is generated by some framework or tool and should not
13:03:29.148 [INFO]   [Creating]    [pool-3-thread-1]   [com.diffblue.cover.ui.b.b]      [35/131]     be tested explicitly. The expectation is that the generator itself should be
13:03:29.148 [INFO]   [Creating]    [pool-3-thread-1]   [com.diffblue.cover.ui.b.b]      [35/131]     tested and not each piece of code it produces.
13:03:29.148 [INFO]   [Creating]    [pool-3-thread-1]   [com.diffblue.cover.ui.b.b]      [35/131]     Currently, this includes methods identified generated by Lombok, Protobuf,
13:03:29.148 [INFO]   [Creating]    [pool-3-thread-1]   [com.diffblue.cover.ui.b.b]      [35/131]     Grpc, Hibernate, or annotated with a custom '@Generated' annotation
13:03:29.148 [INFO]   [Creating]    [pool-3-thread-1]   [com.diffblue.cover.ui.b.b]      [35/131]     (as long as the custom annotation has 'RUNTIME' or 'CLASS' retention).
13:03:29.148 [INFO]   [Creating]    [pool-3-thread-1]   [com.diffblue.cover.ui.b.b]      [35/131]     Diffblue Cover considers these methods as not directly callable.
13:03:29.152 [INFO]   [Creating]    [pool-3-thread-1]   [com.diffblue.cover.ui.b.b]      [36/131] uk.gov.gchq.palisade.resource.AbstractLeafResource.toString
13:03:29.152 [INFO]   [Creating]    [pool-3-thread-1]   [com.diffblue.cover.ui.b.b]      [36/131]   T024: Generated method
13:03:29.152 [DEBUG]  [Creating]    [pool-3-thread-1]   [com.diffblue.cover.ui.b.b]      [36/131]   (at least 8 lines uncovered in this method)
13:03:29.152 [INFO]   [Creating]    [pool-3-thread-1]   [com.diffblue.cover.ui.b.b]      [36/131]     Indicates that the method is generated by some framework or tool and should not
13:03:29.152 [INFO]   [Creating]    [pool-3-thread-1]   [com.diffblue.cover.ui.b.b]      [36/131]     be tested explicitly. The expectation is that the generator itself should be
13:03:29.152 [INFO]   [Creating]    [pool-3-thread-1]   [com.diffblue.cover.ui.b.b]      [36/131]     tested and not each piece of code it produces.
13:03:29.152 [INFO]   [Creating]    [pool-3-thread-1]   [com.diffblue.cover.ui.b.b]      [36/131]     Currently, this includes methods identified generated by Lombok, Protobuf,
13:03:29.152 [INFO]   [Creating]    [pool-3-thread-1]   [com.diffblue.cover.ui.b.b]      [36/131]     Grpc, Hibernate, or annotated with a custom '@Generated' annotation
13:03:29.152 [INFO]   [Creating]    [pool-3-thread-1]   [com.diffblue.cover.ui.b.b]      [36/131]     (as long as the custom annotation has 'RUNTIME' or 'CLASS' retention).
13:03:29.152 [INFO]   [Creating]    [pool-3-thread-1]   [com.diffblue.cover.ui.b.b]      [36/131]     Diffblue Cover considers these methods as not directly callable.
13:03:29.155 [INFO]   [Creating]    [pool-3-thread-1]   [com.diffblue.cover.ui.b.b]      [37/131] uk.gov.gchq.palisade.resource.AbstractLeafResource.type
13:03:29.156 [INFO]   [Creating]    [pool-3-thread-1]   [com.diffblue.cover.ui.b.b]      [37/131]   T024: Generated method
13:03:29.156 [DEBUG]  [Creating]    [pool-3-thread-1]   [com.diffblue.cover.ui.b.b]      [37/131]   (at least 2 lines uncovered in this method)
13:03:29.156 [INFO]   [Creating]    [pool-3-thread-1]   [com.diffblue.cover.ui.b.b]      [37/131]     Indicates that the method is generated by some framework or tool and should not
13:03:29.156 [INFO]   [Creating]    [pool-3-thread-1]   [com.diffblue.cover.ui.b.b]      [37/131]     be tested explicitly. The expectation is that the generator itself should be
13:03:29.156 [INFO]   [Creating]    [pool-3-thread-1]   [com.diffblue.cover.ui.b.b]      [37/131]     tested and not each piece of code it produces.
13:03:29.156 [INFO]   [Creating]    [pool-3-thread-1]   [com.diffblue.cover.ui.b.b]      [37/131]     Currently, this includes methods identified generated by Lombok, Protobuf,
13:03:29.156 [INFO]   [Creating]    [pool-3-thread-1]   [com.diffblue.cover.ui.b.b]      [37/131]     Grpc, Hibernate, or annotated with a custom '@Generated' annotation
13:03:29.156 [INFO]   [Creating]    [pool-3-thread-1]   [com.diffblue.cover.ui.b.b]      [37/131]     (as long as the custom annotation has 'RUNTIME' or 'CLASS' retention).
13:03:29.156 [INFO]   [Creating]    [pool-3-thread-1]   [com.diffblue.cover.ui.b.b]      [37/131]     Diffblue Cover considers these methods as not directly callable.
13:03:29.156 [INFO]   [Creating]    [pool-3-thread-1]   [com.diffblue.cover.ui.b.b]  [3/25] uk.gov.gchq.palisade.resource.AbstractLeafResource
13:03:29.156 [INFO]   [Creating]    [pool-3-thread-1]   [com.diffblue.cover.ui.b.b]  [3/25]   Tests created: 0
13:03:29.156 [DEBUG]  [Creating]    [pool-3-thread-1]   [com.diffblue.cover.ui.b.b]  [3/25]   (at least 53 lines uncovered in this class)
13:03:29.156 [INFO]   [Creating]    [pool-3-thread-1]   [com.diffblue.cover.m.a.b] No testable methods
13:03:29.156 [INFO]   [Creating]    [pool-3-thread-1]   [com.diffblue.cover.m.a.b] 
================================================================================
= Starting analysis for class 'uk.gov.gchq.palisade.resource.AbstractResource'
================================================================================
13:03:29.156 [INFO]   [Creating]    [pool-3-thread-1]   [com.diffblue.cover.m.a.b] Filtering out non-testable methods...
13:03:30.906 [INFO]   [Creating]    [pool-3-thread-1]   [com.diffblue.cover.ui.b.b]      [38/131] uk.gov.gchq.palisade.resource.AbstractResource.equals
13:03:30.906 [INFO]   [Creating]    [pool-3-thread-1]   [com.diffblue.cover.ui.b.b]      [38/131]   T024: Generated method
13:03:30.906 [DEBUG]  [Creating]    [pool-3-thread-1]   [com.diffblue.cover.ui.b.b]      [38/131]   (at least 6 lines uncovered in this method)
13:03:30.906 [INFO]   [Creating]    [pool-3-thread-1]   [com.diffblue.cover.ui.b.b]      [38/131]     Indicates that the method is generated by some framework or tool and should not
13:03:30.906 [INFO]   [Creating]    [pool-3-thread-1]   [com.diffblue.cover.ui.b.b]      [38/131]     be tested explicitly. The expectation is that the generator itself should be
13:03:30.906 [INFO]   [Creating]    [pool-3-thread-1]   [com.diffblue.cover.ui.b.b]      [38/131]     tested and not each piece of code it produces.
13:03:30.906 [INFO]   [Creating]    [pool-3-thread-1]   [com.diffblue.cover.ui.b.b]      [38/131]     Currently, this includes methods identified generated by Lombok, Protobuf,
13:03:30.906 [INFO]   [Creating]    [pool-3-thread-1]   [com.diffblue.cover.ui.b.b]      [38/131]     Grpc, Hibernate, or annotated with a custom '@Generated' annotation
13:03:30.906 [INFO]   [Creating]    [pool-3-thread-1]   [com.diffblue.cover.ui.b.b]      [38/131]     (as long as the custom annotation has 'RUNTIME' or 'CLASS' retention).
13:03:30.906 [INFO]   [Creating]    [pool-3-thread-1]   [com.diffblue.cover.ui.b.b]      [38/131]     Diffblue Cover considers these methods as not directly callable.
13:03:30.907 [INFO]   [Creating]    [pool-3-thread-1]   [com.diffblue.cover.ui.b.b]      [39/131] uk.gov.gchq.palisade.resource.AbstractResource.getId
13:03:30.907 [INFO]   [Creating]    [pool-3-thread-1]   [com.diffblue.cover.ui.b.b]      [39/131]   T024: Generated method
13:03:30.907 [DEBUG]  [Creating]    [pool-3-thread-1]   [com.diffblue.cover.ui.b.b]      [39/131]   (at least 1 line uncovered in this method)
13:03:30.907 [INFO]   [Creating]    [pool-3-thread-1]   [com.diffblue.cover.ui.b.b]      [39/131]     Indicates that the method is generated by some framework or tool and should not
13:03:30.907 [INFO]   [Creating]    [pool-3-thread-1]   [com.diffblue.cover.ui.b.b]      [39/131]     be tested explicitly. The expectation is that the generator itself should be
13:03:30.907 [INFO]   [Creating]    [pool-3-thread-1]   [com.diffblue.cover.ui.b.b]      [39/131]     tested and not each piece of code it produces.
13:03:30.907 [INFO]   [Creating]    [pool-3-thread-1]   [com.diffblue.cover.ui.b.b]      [39/131]     Currently, this includes methods identified generated by Lombok, Protobuf,
13:03:30.907 [INFO]   [Creating]    [pool-3-thread-1]   [com.diffblue.cover.ui.b.b]      [39/131]     Grpc, Hibernate, or annotated with a custom '@Generated' annotation
13:03:30.907 [INFO]   [Creating]    [pool-3-thread-1]   [com.diffblue.cover.ui.b.b]      [39/131]     (as long as the custom annotation has 'RUNTIME' or 'CLASS' retention).
13:03:30.907 [INFO]   [Creating]    [pool-3-thread-1]   [com.diffblue.cover.ui.b.b]      [39/131]     Diffblue Cover considers these methods as not directly callable.
13:03:30.909 [INFO]   [Creating]    [pool-3-thread-1]   [com.diffblue.cover.ui.b.b]      [40/131] uk.gov.gchq.palisade.resource.AbstractResource.hashCode
13:03:30.909 [INFO]   [Creating]    [pool-3-thread-1]   [com.diffblue.cover.ui.b.b]      [40/131]   T024: Generated method
13:03:30.909 [DEBUG]  [Creating]    [pool-3-thread-1]   [com.diffblue.cover.ui.b.b]      [40/131]   (at least 1 line uncovered in this method)
13:03:30.909 [INFO]   [Creating]    [pool-3-thread-1]   [com.diffblue.cover.ui.b.b]      [40/131]     Indicates that the method is generated by some framework or tool and should not
13:03:30.909 [INFO]   [Creating]    [pool-3-thread-1]   [com.diffblue.cover.ui.b.b]      [40/131]     be tested explicitly. The expectation is that the generator itself should be
13:03:30.909 [INFO]   [Creating]    [pool-3-thread-1]   [com.diffblue.cover.ui.b.b]      [40/131]     tested and not each piece of code it produces.
13:03:30.909 [INFO]   [Creating]    [pool-3-thread-1]   [com.diffblue.cover.ui.b.b]      [40/131]     Currently, this includes methods identified generated by Lombok, Protobuf,
13:03:30.909 [INFO]   [Creating]    [pool-3-thread-1]   [com.diffblue.cover.ui.b.b]      [40/131]     Grpc, Hibernate, or annotated with a custom '@Generated' annotation
13:03:30.909 [INFO]   [Creating]    [pool-3-thread-1]   [com.diffblue.cover.ui.b.b]      [40/131]     (as long as the custom annotation has 'RUNTIME' or 'CLASS' retention).
13:03:30.909 [INFO]   [Creating]    [pool-3-thread-1]   [com.diffblue.cover.ui.b.b]      [40/131]     Diffblue Cover considers these methods as not directly callable.
13:03:30.910 [INFO]   [Creating]    [pool-3-thread-1]   [com.diffblue.cover.ui.b.b]      [41/131] uk.gov.gchq.palisade.resource.AbstractResource.id
13:03:30.910 [INFO]   [Creating]    [pool-3-thread-1]   [com.diffblue.cover.ui.b.b]      [41/131]   T024: Generated method
13:03:30.910 [DEBUG]  [Creating]    [pool-3-thread-1]   [com.diffblue.cover.ui.b.b]      [41/131]   (at least 2 lines uncovered in this method)
13:03:30.910 [INFO]   [Creating]    [pool-3-thread-1]   [com.diffblue.cover.ui.b.b]      [41/131]     Indicates that the method is generated by some framework or tool and should not
13:03:30.910 [INFO]   [Creating]    [pool-3-thread-1]   [com.diffblue.cover.ui.b.b]      [41/131]     be tested explicitly. The expectation is that the generator itself should be
13:03:30.910 [INFO]   [Creating]    [pool-3-thread-1]   [com.diffblue.cover.ui.b.b]      [41/131]     tested and not each piece of code it produces.
13:03:30.910 [INFO]   [Creating]    [pool-3-thread-1]   [com.diffblue.cover.ui.b.b]      [41/131]     Currently, this includes methods identified generated by Lombok, Protobuf,
13:03:30.910 [INFO]   [Creating]    [pool-3-thread-1]   [com.diffblue.cover.ui.b.b]      [41/131]     Grpc, Hibernate, or annotated with a custom '@Generated' annotation
13:03:30.910 [INFO]   [Creating]    [pool-3-thread-1]   [com.diffblue.cover.ui.b.b]      [41/131]     (as long as the custom annotation has 'RUNTIME' or 'CLASS' retention).
13:03:30.910 [INFO]   [Creating]    [pool-3-thread-1]   [com.diffblue.cover.ui.b.b]      [41/131]     Diffblue Cover considers these methods as not directly callable.
13:03:30.912 [INFO]   [Creating]    [pool-3-thread-1]   [com.diffblue.cover.ui.b.b]      [42/131] uk.gov.gchq.palisade.resource.AbstractResource.setId
13:03:30.912 [INFO]   [Creating]    [pool-3-thread-1]   [com.diffblue.cover.ui.b.b]      [42/131]   T024: Generated method
13:03:30.912 [DEBUG]  [Creating]    [pool-3-thread-1]   [com.diffblue.cover.ui.b.b]      [42/131]   (at least 3 lines uncovered in this method)
13:03:30.912 [INFO]   [Creating]    [pool-3-thread-1]   [com.diffblue.cover.ui.b.b]      [42/131]     Indicates that the method is generated by some framework or tool and should not
13:03:30.912 [INFO]   [Creating]    [pool-3-thread-1]   [com.diffblue.cover.ui.b.b]      [42/131]     be tested explicitly. The expectation is that the generator itself should be
13:03:30.912 [INFO]   [Creating]    [pool-3-thread-1]   [com.diffblue.cover.ui.b.b]      [42/131]     tested and not each piece of code it produces.
13:03:30.912 [INFO]   [Creating]    [pool-3-thread-1]   [com.diffblue.cover.ui.b.b]      [42/131]     Currently, this includes methods identified generated by Lombok, Protobuf,
13:03:30.912 [INFO]   [Creating]    [pool-3-thread-1]   [com.diffblue.cover.ui.b.b]      [42/131]     Grpc, Hibernate, or annotated with a custom '@Generated' annotation
13:03:30.912 [INFO]   [Creating]    [pool-3-thread-1]   [com.diffblue.cover.ui.b.b]      [42/131]     (as long as the custom annotation has 'RUNTIME' or 'CLASS' retention).
13:03:30.912 [INFO]   [Creating]    [pool-3-thread-1]   [com.diffblue.cover.ui.b.b]      [42/131]     Diffblue Cover considers these methods as not directly callable.
13:03:30.913 [INFO]   [Creating]    [pool-3-thread-1]   [com.diffblue.cover.ui.b.b]      [43/131] uk.gov.gchq.palisade.resource.AbstractResource.toString
13:03:30.913 [INFO]   [Creating]    [pool-3-thread-1]   [com.diffblue.cover.ui.b.b]      [43/131]   T024: Generated method
13:03:30.913 [DEBUG]  [Creating]    [pool-3-thread-1]   [com.diffblue.cover.ui.b.b]      [43/131]   (at least 5 lines uncovered in this method)
13:03:30.913 [INFO]   [Creating]    [pool-3-thread-1]   [com.diffblue.cover.ui.b.b]      [43/131]     Indicates that the method is generated by some framework or tool and should not
13:03:30.914 [INFO]   [Creating]    [pool-3-thread-1]   [com.diffblue.cover.ui.b.b]      [43/131]     be tested explicitly. The expectation is that the generator itself should be
13:03:30.914 [INFO]   [Creating]    [pool-3-thread-1]   [com.diffblue.cover.ui.b.b]      [43/131]     tested and not each piece of code it produces.
13:03:30.914 [INFO]   [Creating]    [pool-3-thread-1]   [com.diffblue.cover.ui.b.b]      [43/131]     Currently, this includes methods identified generated by Lombok, Protobuf,
13:03:30.914 [INFO]   [Creating]    [pool-3-thread-1]   [com.diffblue.cover.ui.b.b]      [43/131]     Grpc, Hibernate, or annotated with a custom '@Generated' annotation
13:03:30.914 [INFO]   [Creating]    [pool-3-thread-1]   [com.diffblue.cover.ui.b.b]      [43/131]     (as long as the custom annotation has 'RUNTIME' or 'CLASS' retention).
13:03:30.914 [INFO]   [Creating]    [pool-3-thread-1]   [com.diffblue.cover.ui.b.b]      [43/131]     Diffblue Cover considers these methods as not directly callable.
13:03:30.914 [DEBUG]  [Creating]    [pool-3-thread-1]   [com.diffblue.combiner.d.j] Using Javaparser to combine tests
13:03:30.915 [INFO]   [Creating]    [pool-3-thread-1]   [com.diffblue.cover.m.a.b] Filtering of methods complete. Creating analysis request
13:03:30.915 [INFO]   [Creating]    [pool-3-thread-1]   [com.diffblue.cover.service.c] Attempting to get service client, retry 1.
13:03:30.916 [DEBUG]  [Creating]    [analyzer-service:grpc-default-executor-1][com.diffblue.cover.service.analyzer.a.c] Watchdog reset
13:03:30.935 [DEBUG]  [Creating]    [analyzer-service:grpc-default-executor-1][com.diffblue.fuzztest.e.a] Class information:
13:03:30.935 [DEBUG]  [Creating]    [analyzer-service:grpc-default-executor-1][com.diffblue.fuzztest.e.a]   Implements: interface uk.gov.gchq.palisade.resource.Resource
13:03:30.935 [DEBUG]  [Creating]    [analyzer-service:grpc-default-executor-1][com.diffblue.fuzztest.e.a]   Fields: private static final java.util.Comparator uk.gov.gchq.palisade.resource.AbstractResource.COMP, protected java.lang.String uk.gov.gchq.palisade.resource.AbstractResource.id
13:03:30.935 [DEBUG]  [Creating]    [analyzer-service:grpc-default-executor-1][com.diffblue.fuzztest.e.a]   Constructors: protected uk.gov.gchq.palisade.resource.AbstractResource()
13:03:30.936 [DEBUG]  [Creating]    [analyzer-service:grpc-default-executor-1][com.diffblue.fuzztest.e.a]   Methods: public int uk.gov.gchq.palisade.resource.AbstractResource.compareTo(java.lang.Object), public int uk.gov.gchq.palisade.resource.AbstractResource.compareTo(uk.gov.gchq.palisade.resource.Resource), public boolean uk.gov.gchq.palisade.resource.AbstractResource.equals(java.lang.Object), public java.lang.String uk.gov.gchq.palisade.resource.AbstractResource.getId(), public int uk.gov.gchq.palisade.resource.AbstractResource.hashCode(), public uk.gov.gchq.palisade.resource.AbstractResource uk.gov.gchq.palisade.resource.AbstractResource.id(java.lang.String), public uk.gov.gchq.palisade.resource.Resource uk.gov.gchq.palisade.resource.AbstractResource.id(java.lang.String), public void uk.gov.gchq.palisade.resource.AbstractResource.setId(java.lang.String), public java.lang.String uk.gov.gchq.palisade.resource.AbstractResource.toString()
13:03:30.954 [DEBUG]  [Creating]    [analyzer-service:TimedExecutor-23][com.diffblue.fuzztest.g.e] 
================================================================================
= Creating tests for 'uk.gov.gchq.palisade.resource.AbstractResource.compareTo:(Luk/gov/gchq/palisade/resource/Resource;)I' using 'SiM (!sp, fnm, df)'
================================================================================
13:03:30.958 [DEBUG]  [Creating]    [analyzer-service:TimedExecutor-23][com.diffblue.fuzztest.g.ap] Test file does not exist: /home/jbergqvist/diffblue/Palisade-common/src/test/java/uk/gov/gchq/palisade/resource/AbstractResourceDiffblueTest.java
13:03:30.958 [DEBUG]  [Creating]    [analyzer-service:TimedExecutor-23][com.diffblue.fuzztest.g.e] 
================================================================================
= Trying DI configuration EmptyDependencyInjectionTirConfiguration for uk.gov.gchq.palisade.resource.AbstractResource.compareTo:(Luk/gov/gchq/palisade/resource/Resource;)I
================================================================================
13:03:31.195 [DEBUG]  [Creating]    [analyzer-service:TimedExecutor-23][com.diffblue.cover.service.analyzer.a.c] Watchdog reset
13:03:31.739 [DEBUG]  [Creating]    [analyzer-service:TimedExecutor-23][com.diffblue.fuzztest.b.f] Refinement loop done: 2 seeds, 2+0 new+accumulated tests, 1+1 tests+partial tests, 504/1000 its
13:03:31.830 [DEBUG]  [Creating]    [analyzer-service:TimedExecutor-23][com.diffblue.fuzztest.g.e] DI configuration 'com.diffblue.tir.p' generated tests: 2
13:03:31.830 [DEBUG]  [Creating]    [analyzer-service:TimedExecutor-23][com.diffblue.fuzztest.g.e] Enabling descriptive test naming
13:03:31.838 [DEBUG]  [Creating]    [analyzer-service:grpc-default-executor-1][com.diffblue.fuzztest.e.c] Created 1+0 tests and partial tests via 'SiM (!sp, fnm, df)' SiM fallback 1/2, returning all 1
13:03:31.869 [DEBUG]  [Creating]    [pool-3-thread-1]   [com.diffblue.cover.m.a.b] in processAnalysisResult for uk.gov.gchq.palisade.resource.AbstractResource.compareTo:(Luk/gov/gchq/palisade/resource/Resource;)I
13:03:31.870 [DEBUG]  [Creating]    [pool-3-thread-1]   [com.diffblue.combiner.d.j] Using Javaparser to combine tests
13:03:31.941 [DEBUG]  [Creating]    [pool-6-thread-8]   [com.diffblue.cover.l.a.c] EdgeCoverageRuntime contains 6 edges
13:03:31.941 [DEBUG]  [Creating]    [pool-3-thread-1]   [com.diffblue.combiner.a.c] Adding changeSet to account as new: Optional[uk.gov.gchq.palisade.resource.AbstractResource.compareTo:(Luk/gov/gchq/palisade/resource/Resource;)I]
13:03:31.976 [DEBUG]  [Creating]    [pool-3-thread-1]   [com.diffblue.cover.r.d] Finished with MethodGroup: compareTo, countOfTests: 1, countOfMethodsTested: 1 TestGenerationAccount: a[countOfRemoved=0, countOfUnchanged=0, countOfUpdated=0, countOfNew=8]
13:03:31.975 [DEBUG]  [Creating]    [analyzer-service:grpc-default-executor-1][com.diffblue.cover.service.analyzer.a.c] Watchdog reset
13:03:31.976 [INFO]   [Creating]    [pool-3-thread-1]   [com.diffblue.cover.ui.b.b]      [44/131] uk.gov.gchq.palisade.resource.AbstractResource.compareTo
13:03:31.977 [INFO]   [Creating]    [pool-3-thread-1]   [com.diffblue.cover.ui.b.b]      [44/131]   Tests created: 1
13:03:31.979 [INFO]   [Creating]    [pool-3-thread-1]   [com.diffblue.cover.ui.b.b]  [4/25] uk.gov.gchq.palisade.resource.AbstractResource
13:03:31.979 [INFO]   [Creating]    [pool-3-thread-1]   [com.diffblue.cover.ui.b.b]  [4/25]   Tests created: 1
13:03:31.979 [DEBUG]  [Creating]    [pool-3-thread-1]   [com.diffblue.cover.ui.b.b]  [4/25]   (at least 18 lines uncovered in this class)
13:03:31.980 [INFO]   [Creating]    [pool-3-thread-1]   [com.diffblue.cover.m.a.b] 
================================================================================
= Starting analysis for class 'uk.gov.gchq.palisade.resource.impl.DirectoryResource'
================================================================================
13:03:31.980 [INFO]   [Creating]    [pool-3-thread-1]   [com.diffblue.cover.m.a.b] Filtering out non-testable methods...
13:03:31.982 [DEBUG]  [Creating]    [pool-3-thread-1]   [com.diffblue.combiner.d.j] Using Javaparser to combine tests
13:03:31.983 [INFO]   [Creating]    [pool-3-thread-1]   [com.diffblue.cover.m.a.b] Filtering of methods complete. Creating analysis request
13:03:31.983 [INFO]   [Creating]    [pool-3-thread-1]   [com.diffblue.cover.service.c] Attempting to get service client, retry 1.
13:03:32.007 [DEBUG]  [Creating]    [analyzer-service:grpc-default-executor-1][com.diffblue.fuzztest.e.a] Class information:
13:03:32.007 [DEBUG]  [Creating]    [analyzer-service:grpc-default-executor-1][com.diffblue.fuzztest.e.a]   Implements: interface uk.gov.gchq.palisade.resource.ChildResource, interface uk.gov.gchq.palisade.resource.ParentResource
13:03:32.008 [DEBUG]  [Creating]    [analyzer-service:grpc-default-executor-1][com.diffblue.fuzztest.e.a]   Extends: class uk.gov.gchq.palisade.resource.AbstractResource
13:03:32.008 [DEBUG]  [Creating]    [analyzer-service:grpc-default-executor-1][com.diffblue.fuzztest.e.a]   Fields: private static final long uk.gov.gchq.palisade.resource.impl.DirectoryResource.serialVersionUID
13:03:32.008 [DEBUG]  [Creating]    [analyzer-service:grpc-default-executor-1][com.diffblue.fuzztest.e.a]   Constructors: public uk.gov.gchq.palisade.resource.impl.DirectoryResource()
13:03:32.008 [DEBUG]  [Creating]    [analyzer-service:grpc-default-executor-1][com.diffblue.fuzztest.e.a]   Methods: public uk.gov.gchq.palisade.resource.ParentResource uk.gov.gchq.palisade.resource.impl.DirectoryResource.getParent(), public uk.gov.gchq.palisade.resource.AbstractResource uk.gov.gchq.palisade.resource.impl.DirectoryResource.id(java.lang.String), public uk.gov.gchq.palisade.resource.Resource uk.gov.gchq.palisade.resource.impl.DirectoryResource.id(java.lang.String), public uk.gov.gchq.palisade.resource.impl.DirectoryResource uk.gov.gchq.palisade.resource.impl.DirectoryResource.id(java.lang.String)
13:03:32.024 [DEBUG]  [Creating]    [analyzer-service:TimedExecutor-30][com.diffblue.fuzztest.g.e] 
================================================================================
= Creating tests for 'uk.gov.gchq.palisade.resource.impl.DirectoryResource.<init>:()V' using 'TrM (!sp, !fnm, df)'
================================================================================
13:03:32.024 [DEBUG]  [Creating]    [analyzer-service:TimedExecutor-30][com.diffblue.fuzztest.g.e] 
================================================================================
= Trying DI configuration EmptyDependencyInjectionTirConfiguration for uk.gov.gchq.palisade.resource.impl.DirectoryResource.<init>:()V
================================================================================
13:03:32.100 [DEBUG]  [Creating]    [analyzer-service:TimedExecutor-30][com.diffblue.fuzztest.g.e] DI configuration 'com.diffblue.tir.p' generated tests: 1
13:03:32.100 [DEBUG]  [Creating]    [analyzer-service:TimedExecutor-30][com.diffblue.fuzztest.g.e] Enabling descriptive test naming
13:03:32.103 [DEBUG]  [Creating]    [analyzer-service:grpc-default-executor-1][com.diffblue.fuzztest.e.c] Created 1+0 tests and partial tests via 'TrM (!sp, !fnm, df)' , returning all 1
13:03:32.122 [DEBUG]  [Creating]    [pool-3-thread-1]   [com.diffblue.cover.m.a.b] in processAnalysisResult for uk.gov.gchq.palisade.resource.impl.DirectoryResource.<init>:()V
13:03:32.122 [DEBUG]  [Creating]    [pool-3-thread-1]   [com.diffblue.combiner.d.j] Using Javaparser to combine tests
13:03:32.177 [DEBUG]  [Creating]    [pool-6-thread-9]   [com.diffblue.cover.l.a.c] EdgeCoverageRuntime contains 5 edges
13:03:32.178 [DEBUG]  [Creating]    [pool-3-thread-1]   [com.diffblue.combiner.a.c] Adding changeSet to account as new: Optional[uk.gov.gchq.palisade.resource.impl.DirectoryResource.<init>:()V]
13:03:32.191 [DEBUG]  [Creating]    [analyzer-service:TimedExecutor-31][com.diffblue.fuzztest.g.e] 
================================================================================
= Creating tests for 'uk.gov.gchq.palisade.resource.impl.DirectoryResource.getParent:()Luk/gov/gchq/palisade/resource/ParentResource;' using 'SiM (!sp, fnm, df)'
================================================================================
13:03:32.196 [DEBUG]  [Creating]    [analyzer-service:TimedExecutor-31][com.diffblue.fuzztest.g.ap] Parsed existing test class at /home/jbergqvist/diffblue/Palisade-common/src/test/java/uk/gov/gchq/palisade/resource/impl/DirectoryResourceDiffblueTest.java: found 0 annotations
13:03:32.196 [DEBUG]  [Creating]    [analyzer-service:TimedExecutor-31][com.diffblue.fuzztest.g.e] 
================================================================================
= Trying DI configuration EmptyDependencyInjectionTirConfiguration for uk.gov.gchq.palisade.resource.impl.DirectoryResource.getParent:()Luk/gov/gchq/palisade/resource/ParentResource;
================================================================================
13:03:32.600 [DEBUG]  [Creating]    [analyzer-service:TimedExecutor-31][com.diffblue.fuzztest.b.f] Refinement loop done: 1 seeds, 3+0 new+accumulated tests, 1+2 tests+partial tests, 504/1000 its
13:03:32.664 [DEBUG]  [Creating]    [analyzer-service:TimedExecutor-31][com.diffblue.fuzztest.g.e] DI configuration 'com.diffblue.tir.p' generated tests: 3
13:03:32.664 [DEBUG]  [Creating]    [analyzer-service:TimedExecutor-31][com.diffblue.fuzztest.g.e] Enabling descriptive test naming
13:03:32.669 [DEBUG]  [Creating]    [analyzer-service:grpc-default-executor-1][com.diffblue.fuzztest.e.c] Created 1+0 tests and partial tests via 'SiM (!sp, fnm, df)' SiM fallback 1/2, returning all 1
13:03:32.693 [DEBUG]  [Creating]    [pool-3-thread-1]   [com.diffblue.cover.m.a.b] in processAnalysisResult for uk.gov.gchq.palisade.resource.impl.DirectoryResource.getParent:()Luk/gov/gchq/palisade/resource/ParentResource;
13:03:32.693 [DEBUG]  [Creating]    [pool-3-thread-1]   [com.diffblue.cover.r.d] Finished with MethodGroup: <init>, countOfTests: 1, countOfMethodsTested: 1 TestGenerationAccount: a[countOfRemoved=0, countOfUnchanged=0, countOfUpdated=0, countOfNew=9]
13:03:32.693 [INFO]   [Creating]    [pool-3-thread-1]   [com.diffblue.cover.ui.b.b]      [45/131] uk.gov.gchq.palisade.resource.impl.DirectoryResource.<init>
13:03:32.693 [INFO]   [Creating]    [pool-3-thread-1]   [com.diffblue.cover.ui.b.b]      [45/131]   Tests created: 1
13:03:32.693 [DEBUG]  [Creating]    [pool-3-thread-1]   [com.diffblue.combiner.d.j] Using Javaparser to combine tests
13:03:32.752 [DEBUG]  [Creating]    [pool-6-thread-10]  [com.diffblue.cover.l.a.c] EdgeCoverageRuntime contains 7 edges
13:03:32.753 [DEBUG]  [Creating]    [pool-3-thread-1]   [com.diffblue.combiner.a.c] Adding changeSet to account as new: Optional[uk.gov.gchq.palisade.resource.impl.DirectoryResource.getParent:()Luk/gov/gchq/palisade/resource/ParentResource;]
13:03:32.777 [DEBUG]  [Creating]    [analyzer-service:TimedExecutor-32][com.diffblue.fuzztest.g.e] 
================================================================================
= Creating tests for 'uk.gov.gchq.palisade.resource.impl.DirectoryResource.id:(Ljava/lang/String;)Luk/gov/gchq/palisade/resource/impl/DirectoryResource;' using 'SiM (!sp, fnm, df)'
================================================================================
13:03:32.783 [DEBUG]  [Creating]    [analyzer-service:TimedExecutor-32][com.diffblue.fuzztest.g.ap] Parsed existing test class at /home/jbergqvist/diffblue/Palisade-common/src/test/java/uk/gov/gchq/palisade/resource/impl/DirectoryResourceDiffblueTest.java: found 0 annotations
13:03:32.783 [DEBUG]  [Creating]    [analyzer-service:TimedExecutor-32][com.diffblue.fuzztest.g.e] 
================================================================================
= Trying DI configuration EmptyDependencyInjectionTirConfiguration for uk.gov.gchq.palisade.resource.impl.DirectoryResource.id:(Ljava/lang/String;)Luk/gov/gchq/palisade/resource/impl/DirectoryResource;
================================================================================
13:03:33.056 [DEBUG]  [Creating]    [analyzer-service:TimedExecutor-32][com.diffblue.fuzztest.b.f] Refinement loop done: 2 seeds, 2+0 new+accumulated tests, 2+0 tests+partial tests, 480/1000 its
13:03:33.107 [DEBUG]  [Creating]    [analyzer-service:TimedExecutor-32][com.diffblue.fuzztest.g.e] DI configuration 'com.diffblue.tir.p' generated tests: 2
13:03:33.107 [DEBUG]  [Creating]    [analyzer-service:TimedExecutor-32][com.diffblue.fuzztest.g.e] Enabling descriptive test naming
13:03:33.112 [DEBUG]  [Creating]    [analyzer-service:grpc-default-executor-1][com.diffblue.fuzztest.e.c] Created 2+0 tests and partial tests via 'SiM (!sp, fnm, df)' SiM fallback 1/2, returning all 2
13:03:33.145 [DEBUG]  [Creating]    [pool-3-thread-1]   [com.diffblue.cover.m.a.b] in processAnalysisResult for uk.gov.gchq.palisade.resource.impl.DirectoryResource.id:(Ljava/lang/String;)Luk/gov/gchq/palisade/resource/impl/DirectoryResource;
13:03:33.145 [DEBUG]  [Creating]    [pool-3-thread-1]   [com.diffblue.cover.r.d] Finished with MethodGroup: getParent, countOfTests: 1, countOfMethodsTested: 1 TestGenerationAccount: a[countOfRemoved=0, countOfUnchanged=0, countOfUpdated=0, countOfNew=10]
13:03:33.145 [INFO]   [Creating]    [pool-3-thread-1]   [com.diffblue.cover.ui.b.b]      [46/131] uk.gov.gchq.palisade.resource.impl.DirectoryResource.getParent
13:03:33.145 [INFO]   [Creating]    [pool-3-thread-1]   [com.diffblue.cover.ui.b.b]      [46/131]   Tests created: 1
13:03:33.145 [DEBUG]  [Creating]    [pool-3-thread-1]   [com.diffblue.combiner.d.j] Using Javaparser to combine tests
13:03:33.194 [DEBUG]  [Creating]    [pool-6-thread-11]  [com.diffblue.cover.l.a.c] EdgeCoverageRuntime contains 7 edges
13:03:33.195 [DEBUG]  [Creating]    [pool-3-thread-1]   [com.diffblue.combiner.a.c] Adding changeSet to account as new: Optional[uk.gov.gchq.palisade.resource.impl.DirectoryResource.id:(Ljava/lang/String;)Luk/gov/gchq/palisade/resource/impl/DirectoryResource;]
13:03:33.217 [DEBUG]  [Creating]    [pool-3-thread-1]   [com.diffblue.combiner.d.j] Using Javaparser to combine tests
13:03:33.266 [DEBUG]  [Creating]    [pool-6-thread-12]  [com.diffblue.cover.l.a.c] EdgeCoverageRuntime contains 7 edges
13:03:33.267 [DEBUG]  [Creating]    [pool-3-thread-1]   [com.diffblue.combiner.a.c] Adding changeSet to account as new: Optional[uk.gov.gchq.palisade.resource.impl.DirectoryResource.id:(Ljava/lang/String;)Luk/gov/gchq/palisade/resource/impl/DirectoryResource;]
13:03:33.292 [DEBUG]  [Creating]    [analyzer-service:grpc-default-executor-1][com.diffblue.cover.service.analyzer.a.c] Watchdog reset
13:03:33.293 [DEBUG]  [Creating]    [pool-3-thread-1]   [com.diffblue.cover.r.d] Finished with MethodGroup: id, countOfTests: 2, countOfMethodsTested: 1 TestGenerationAccount: a[countOfRemoved=0, countOfUnchanged=0, countOfUpdated=0, countOfNew=12]
13:03:33.294 [INFO]   [Creating]    [pool-3-thread-1]   [com.diffblue.cover.ui.b.b]      [47/131] uk.gov.gchq.palisade.resource.impl.DirectoryResource.id
13:03:33.294 [INFO]   [Creating]    [pool-3-thread-1]   [com.diffblue.cover.ui.b.b]      [47/131]   Tests created: 2
13:03:33.298 [INFO]   [Creating]    [pool-3-thread-1]   [com.diffblue.cover.ui.b.b]  [5/25] uk.gov.gchq.palisade.resource.impl.DirectoryResource
13:03:33.298 [INFO]   [Creating]    [pool-3-thread-1]   [com.diffblue.cover.ui.b.b]  [5/25]   Tests created: 4
13:03:33.299 [INFO]   [Creating]    [pool-3-thread-1]   [com.diffblue.cover.m.a.b] 
================================================================================
= Starting analysis for class 'uk.gov.gchq.palisade.resource.impl.FileResource'
================================================================================
13:03:33.299 [INFO]   [Creating]    [pool-3-thread-1]   [com.diffblue.cover.m.a.b] Filtering out non-testable methods...
13:03:33.307 [DEBUG]  [Creating]    [pool-3-thread-1]   [com.diffblue.combiner.d.j] Using Javaparser to combine tests
13:03:33.308 [INFO]   [Creating]    [pool-3-thread-1]   [com.diffblue.cover.m.a.b] Filtering of methods complete. Creating analysis request
13:03:33.308 [INFO]   [Creating]    [pool-3-thread-1]   [com.diffblue.cover.service.c] Attempting to get service client, retry 1.
13:03:33.329 [DEBUG]  [Creating]    [analyzer-service:grpc-default-executor-1][com.diffblue.fuzztest.e.a] Class information:
13:03:33.329 [DEBUG]  [Creating]    [analyzer-service:grpc-default-executor-1][com.diffblue.fuzztest.e.a]   Extends: class uk.gov.gchq.palisade.resource.AbstractLeafResource
13:03:33.329 [DEBUG]  [Creating]    [analyzer-service:grpc-default-executor-1][com.diffblue.fuzztest.e.a]   Fields: private static final long uk.gov.gchq.palisade.resource.impl.FileResource.serialVersionUID
13:03:33.329 [DEBUG]  [Creating]    [analyzer-service:grpc-default-executor-1][com.diffblue.fuzztest.e.a]   Constructors: public uk.gov.gchq.palisade.resource.impl.FileResource()
13:03:33.329 [DEBUG]  [Creating]    [analyzer-service:grpc-default-executor-1][com.diffblue.fuzztest.e.a]   Methods: public uk.gov.gchq.palisade.resource.AbstractLeafResource uk.gov.gchq.palisade.resource.impl.FileResource.attribute(java.lang.String,java.lang.String), public uk.gov.gchq.palisade.resource.impl.FileResource uk.gov.gchq.palisade.resource.impl.FileResource.attribute(java.lang.String,java.lang.String), public uk.gov.gchq.palisade.resource.AbstractLeafResource uk.gov.gchq.palisade.resource.impl.FileResource.attributes(java.util.Map), public uk.gov.gchq.palisade.resource.LeafResource uk.gov.gchq.palisade.resource.impl.FileResource.attributes(java.util.Map), public uk.gov.gchq.palisade.resource.impl.FileResource uk.gov.gchq.palisade.resource.impl.FileResource.attributes(java.util.Map), public uk.gov.gchq.palisade.resource.AbstractLeafResource uk.gov.gchq.palisade.resource.impl.FileResource.connectionDetail(uk.gov.gchq.palisade.resource.ConnectionDetail), public uk.gov.gchq.palisade.resource.LeafResource uk.gov.gchq.palisade.resource.impl.FileResource.connectionDetail(uk.gov.gchq.palisade.resource.ConnectionDetail), public uk.gov.gchq.palisade.resource.impl.FileResource uk.gov.gchq.palisade.resource.impl.FileResource.connectionDetail(uk.gov.gchq.palisade.resource.ConnectionDetail), public uk.gov.gchq.palisade.resource.ParentResource uk.gov.gchq.palisade.resource.impl.FileResource.getParent(), public uk.gov.gchq.palisade.resource.AbstractResource uk.gov.gchq.palisade.resource.impl.FileResource.id(java.lang.String), public uk.gov.gchq.palisade.resource.Resource uk.gov.gchq.palisade.resource.impl.FileResource.id(java.lang.String), public uk.gov.gchq.palisade.resource.impl.FileResource uk.gov.gchq.palisade.resource.impl.FileResource.id(java.lang.String), public uk.gov.gchq.palisade.resource.AbstractLeafResource uk.gov.gchq.palisade.resource.impl.FileResource.serialisedFormat(java.lang.String), public uk.gov.gchq.palisade.resource.LeafResource uk.gov.gchq.palisade.resource.impl.FileResource.serialisedFormat(java.lang.String), public uk.gov.gchq.palisade.resource.impl.FileResource uk.gov.gchq.palisade.resource.impl.FileResource.serialisedFormat(java.lang.String), public uk.gov.gchq.palisade.resource.AbstractLeafResource uk.gov.gchq.palisade.resource.impl.FileResource.type(java.lang.String), public uk.gov.gchq.palisade.resource.LeafResource uk.gov.gchq.palisade.resource.impl.FileResource.type(java.lang.String), public uk.gov.gchq.palisade.resource.impl.FileResource uk.gov.gchq.palisade.resource.impl.FileResource.type(java.lang.String)
13:03:33.351 [DEBUG]  [Creating]    [analyzer-service:TimedExecutor-39][com.diffblue.fuzztest.g.e] 
================================================================================
= Creating tests for 'uk.gov.gchq.palisade.resource.impl.FileResource.<init>:()V' using 'TrM (!sp, !fnm, df)'
================================================================================
13:03:33.351 [DEBUG]  [Creating]    [analyzer-service:TimedExecutor-39][com.diffblue.fuzztest.g.e] 
================================================================================
= Trying DI configuration EmptyDependencyInjectionTirConfiguration for uk.gov.gchq.palisade.resource.impl.FileResource.<init>:()V
================================================================================
13:03:33.386 [DEBUG]  [Creating]    [analyzer-service:TimedExecutor-39][com.diffblue.fuzztest.g.e] DI configuration 'com.diffblue.tir.p' generated tests: 1
13:03:33.386 [DEBUG]  [Creating]    [analyzer-service:TimedExecutor-39][com.diffblue.fuzztest.g.e] Enabling descriptive test naming
13:03:33.388 [DEBUG]  [Creating]    [analyzer-service:grpc-default-executor-1][com.diffblue.fuzztest.e.c] Created 1+0 tests and partial tests via 'TrM (!sp, !fnm, df)' , returning all 1
13:03:33.412 [DEBUG]  [Creating]    [pool-3-thread-1]   [com.diffblue.cover.m.a.b] in processAnalysisResult for uk.gov.gchq.palisade.resource.impl.FileResource.<init>:()V
13:03:33.413 [DEBUG]  [Creating]    [pool-3-thread-1]   [com.diffblue.combiner.d.j] Using Javaparser to combine tests
13:03:33.469 [DEBUG]  [Creating]    [pool-6-thread-13]  [com.diffblue.cover.l.a.c] EdgeCoverageRuntime contains 14 edges
13:03:33.470 [DEBUG]  [Creating]    [pool-3-thread-1]   [com.diffblue.combiner.a.c] Adding changeSet to account as new: Optional[uk.gov.gchq.palisade.resource.impl.FileResource.<init>:()V]
13:03:33.492 [DEBUG]  [Creating]    [analyzer-service:TimedExecutor-40][com.diffblue.fuzztest.g.e] 
================================================================================
= Creating tests for 'uk.gov.gchq.palisade.resource.impl.FileResource.attribute:(Ljava/lang/String;Ljava/lang/String;)Luk/gov/gchq/palisade/resource/impl/FileResource;' using 'SiM (!sp, fnm, df)'
================================================================================
13:03:33.497 [DEBUG]  [Creating]    [analyzer-service:TimedExecutor-40][com.diffblue.fuzztest.g.ap] Parsed existing test class at /home/jbergqvist/diffblue/Palisade-common/src/test/java/uk/gov/gchq/palisade/resource/impl/FileResourceDiffblueTest.java: found 0 annotations
13:03:33.497 [DEBUG]  [Creating]    [analyzer-service:TimedExecutor-40][com.diffblue.fuzztest.g.e] 
================================================================================
= Trying DI configuration EmptyDependencyInjectionTirConfiguration for uk.gov.gchq.palisade.resource.impl.FileResource.attribute:(Ljava/lang/String;Ljava/lang/String;)Luk/gov/gchq/palisade/resource/impl/FileResource;
================================================================================
13:03:33.815 [DEBUG]  [Creating]    [analyzer-service:TimedExecutor-40][com.diffblue.fuzztest.b.f] Refinement loop done: 2 seeds, 1+0 new+accumulated tests, 1+0 tests+partial tests, 423/1000 its
13:03:33.884 [DEBUG]  [Creating]    [analyzer-service:TimedExecutor-40][com.diffblue.fuzztest.g.e] DI configuration 'com.diffblue.tir.p' generated tests: 1
13:03:33.884 [DEBUG]  [Creating]    [analyzer-service:TimedExecutor-40][com.diffblue.fuzztest.g.e] Enabling descriptive test naming
13:03:33.886 [DEBUG]  [Creating]    [analyzer-service:grpc-default-executor-1][com.diffblue.fuzztest.e.c] Created 1+0 tests and partial tests via 'SiM (!sp, fnm, df)' SiM fallback 1/2, returning all 1
13:03:33.902 [DEBUG]  [Creating]    [pool-3-thread-1]   [com.diffblue.cover.m.a.b] in processAnalysisResult for uk.gov.gchq.palisade.resource.impl.FileResource.attribute:(Ljava/lang/String;Ljava/lang/String;)Luk/gov/gchq/palisade/resource/impl/FileResource;
13:03:33.902 [DEBUG]  [Creating]    [pool-3-thread-1]   [com.diffblue.cover.r.d] Finished with MethodGroup: <init>, countOfTests: 1, countOfMethodsTested: 1 TestGenerationAccount: a[countOfRemoved=0, countOfUnchanged=0, countOfUpdated=0, countOfNew=13]
13:03:33.902 [INFO]   [Creating]    [pool-3-thread-1]   [com.diffblue.cover.ui.b.b]      [48/131] uk.gov.gchq.palisade.resource.impl.FileResource.<init>
13:03:33.902 [INFO]   [Creating]    [pool-3-thread-1]   [com.diffblue.cover.ui.b.b]      [48/131]   Tests created: 1
13:03:33.902 [DEBUG]  [Creating]    [pool-3-thread-1]   [com.diffblue.combiner.d.j] Using Javaparser to combine tests
13:03:33.948 [DEBUG]  [Creating]    [pool-6-thread-14]  [com.diffblue.cover.l.a.c] EdgeCoverageRuntime contains 5 edges
13:03:33.948 [DEBUG]  [Creating]    [pool-3-thread-1]   [com.diffblue.combiner.a.c] Adding changeSet to account as new: Optional[uk.gov.gchq.palisade.resource.impl.FileResource.attribute:(Ljava/lang/String;Ljava/lang/String;)Luk/gov/gchq/palisade/resource/impl/FileResource;]
13:03:33.964 [DEBUG]  [Creating]    [analyzer-service:TimedExecutor-41][com.diffblue.fuzztest.g.e] 
================================================================================
= Creating tests for 'uk.gov.gchq.palisade.resource.impl.FileResource.attributes:(Ljava/util/Map;)Luk/gov/gchq/palisade/resource/impl/FileResource;' using 'SiM (!sp, fnm, df)'
================================================================================
13:03:33.971 [DEBUG]  [Creating]    [analyzer-service:TimedExecutor-41][com.diffblue.fuzztest.g.ap] Parsed existing test class at /home/jbergqvist/diffblue/Palisade-common/src/test/java/uk/gov/gchq/palisade/resource/impl/FileResourceDiffblueTest.java: found 0 annotations
13:03:33.971 [DEBUG]  [Creating]    [analyzer-service:TimedExecutor-41][com.diffblue.fuzztest.g.e] 
================================================================================
= Trying DI configuration EmptyDependencyInjectionTirConfiguration for uk.gov.gchq.palisade.resource.impl.FileResource.attributes:(Ljava/util/Map;)Luk/gov/gchq/palisade/resource/impl/FileResource;
================================================================================
13:03:34.460 [DEBUG]  [Creating]    [analyzer-service:TimedExecutor-41][com.diffblue.fuzztest.b.f] Refinement loop done: 1 seeds, 1+0 new+accumulated tests, 1+0 tests+partial tests, 501/1000 its
13:03:34.524 [DEBUG]  [Creating]    [analyzer-service:TimedExecutor-41][com.diffblue.fuzztest.g.e] DI configuration 'com.diffblue.tir.p' generated tests: 1
13:03:34.524 [DEBUG]  [Creating]    [analyzer-service:TimedExecutor-41][com.diffblue.fuzztest.g.e] Enabling descriptive test naming
13:03:34.526 [DEBUG]  [Creating]    [analyzer-service:grpc-default-executor-1][com.diffblue.fuzztest.e.c] Created 1+0 tests and partial tests via 'SiM (!sp, fnm, df)' SiM fallback 1/2, returning all 1
13:03:34.548 [DEBUG]  [Creating]    [pool-3-thread-1]   [com.diffblue.cover.m.a.b] in processAnalysisResult for uk.gov.gchq.palisade.resource.impl.FileResource.attributes:(Ljava/util/Map;)Luk/gov/gchq/palisade/resource/impl/FileResource;
13:03:34.548 [DEBUG]  [Creating]    [pool-3-thread-1]   [com.diffblue.cover.r.d] Finished with MethodGroup: attribute, countOfTests: 1, countOfMethodsTested: 1 TestGenerationAccount: a[countOfRemoved=0, countOfUnchanged=0, countOfUpdated=0, countOfNew=14]
13:03:34.548 [INFO]   [Creating]    [pool-3-thread-1]   [com.diffblue.cover.ui.b.b]      [49/131] uk.gov.gchq.palisade.resource.impl.FileResource.attribute
13:03:34.548 [INFO]   [Creating]    [pool-3-thread-1]   [com.diffblue.cover.ui.b.b]      [49/131]   Tests created: 1
13:03:34.549 [DEBUG]  [Creating]    [pool-3-thread-1]   [com.diffblue.combiner.d.j] Using Javaparser to combine tests
13:03:34.603 [DEBUG]  [Creating]    [pool-6-thread-15]  [com.diffblue.cover.l.a.c] EdgeCoverageRuntime contains 6 edges
13:03:34.604 [DEBUG]  [Creating]    [pool-3-thread-1]   [com.diffblue.combiner.a.c] Adding changeSet to account as new: Optional[uk.gov.gchq.palisade.resource.impl.FileResource.attributes:(Ljava/util/Map;)Luk/gov/gchq/palisade/resource/impl/FileResource;]
13:03:34.625 [DEBUG]  [Creating]    [analyzer-service:TimedExecutor-42][com.diffblue.fuzztest.g.e] 
================================================================================
= Creating tests for 'uk.gov.gchq.palisade.resource.impl.FileResource.connectionDetail:(Luk/gov/gchq/palisade/resource/ConnectionDetail;)Luk/gov/gchq/palisade/resource/impl/FileResource;' using 'SiM (!sp, fnm, df)'
================================================================================
13:03:34.634 [DEBUG]  [Creating]    [analyzer-service:TimedExecutor-42][com.diffblue.fuzztest.g.ap] Parsed existing test class at /home/jbergqvist/diffblue/Palisade-common/src/test/java/uk/gov/gchq/palisade/resource/impl/FileResourceDiffblueTest.java: found 0 annotations
13:03:34.634 [DEBUG]  [Creating]    [analyzer-service:TimedExecutor-42][com.diffblue.fuzztest.g.e] 
================================================================================
= Trying DI configuration EmptyDependencyInjectionTirConfiguration for uk.gov.gchq.palisade.resource.impl.FileResource.connectionDetail:(Luk/gov/gchq/palisade/resource/ConnectionDetail;)Luk/gov/gchq/palisade/resource/impl/FileResource;
================================================================================
13:03:34.977 [DEBUG]  [Creating]    [analyzer-service:TimedExecutor-42][com.diffblue.fuzztest.b.f] Refinement loop done: 1 seeds, 2+0 new+accumulated tests, 1+1 tests+partial tests, 513/1000 its
13:03:35.032 [DEBUG]  [Creating]    [analyzer-service:TimedExecutor-42][com.diffblue.fuzztest.g.e] DI configuration 'com.diffblue.tir.p' generated tests: 2
13:03:35.032 [DEBUG]  [Creating]    [analyzer-service:TimedExecutor-42][com.diffblue.fuzztest.g.e] Enabling descriptive test naming
13:03:35.036 [DEBUG]  [Creating]    [analyzer-service:grpc-default-executor-1][com.diffblue.fuzztest.e.c] Justification for mocking SiM fallback 1/2: 
  * uk.gov.gchq.palisade.resource.ConnectionDetail: SIMPLIFY_SETUP(Simplified setup: mocking can simplify the arrange section)
13:03:35.037 [DEBUG]  [Creating]    [analyzer-service:grpc-default-executor-1][com.diffblue.fuzztest.e.c] Created 1+0 tests and partial tests via 'SiM (!sp, fnm, df)' SiM fallback 1/2, returning all 1
13:03:35.059 [DEBUG]  [Creating]    [pool-3-thread-1]   [com.diffblue.cover.m.a.b] in processAnalysisResult for uk.gov.gchq.palisade.resource.impl.FileResource.connectionDetail:(Luk/gov/gchq/palisade/resource/ConnectionDetail;)Luk/gov/gchq/palisade/resource/impl/FileResource;
13:03:35.059 [DEBUG]  [Creating]    [pool-3-thread-1]   [com.diffblue.cover.r.d] Finished with MethodGroup: attributes, countOfTests: 1, countOfMethodsTested: 1 TestGenerationAccount: a[countOfRemoved=0, countOfUnchanged=0, countOfUpdated=0, countOfNew=15]
13:03:35.059 [INFO]   [Creating]    [pool-3-thread-1]   [com.diffblue.cover.ui.b.b]      [50/131] uk.gov.gchq.palisade.resource.impl.FileResource.attributes
13:03:35.059 [INFO]   [Creating]    [pool-3-thread-1]   [com.diffblue.cover.ui.b.b]      [50/131]   Tests created: 1
13:03:35.059 [DEBUG]  [Creating]    [pool-3-thread-1]   [com.diffblue.combiner.d.j] Using Javaparser to combine tests
13:03:35.536 [DEBUG]  [Creating]    [pool-6-thread-16]  [com.diffblue.cover.l.a.c] EdgeCoverageRuntime contains 8 edges
13:03:35.537 [DEBUG]  [Creating]    [pool-3-thread-1]   [com.diffblue.combiner.a.c] Adding changeSet to account as new: Optional[uk.gov.gchq.palisade.resource.impl.FileResource.connectionDetail:(Luk/gov/gchq/palisade/resource/ConnectionDetail;)Luk/gov/gchq/palisade/resource/impl/FileResource;]
13:03:35.575 [DEBUG]  [Creating]    [analyzer-service:grpc-default-executor-1][com.diffblue.cover.service.analyzer.a.c] Watchdog reset
13:03:35.575 [DEBUG]  [Creating]    [analyzer-service:TimedExecutor-43][com.diffblue.fuzztest.g.e] 
================================================================================
= Creating tests for 'uk.gov.gchq.palisade.resource.impl.FileResource.getParent:()Luk/gov/gchq/palisade/resource/ParentResource;' using 'SiM (!sp, fnm, df)'
================================================================================
13:03:35.583 [DEBUG]  [Creating]    [analyzer-service:TimedExecutor-43][com.diffblue.fuzztest.g.ap] Parsed existing test class at /home/jbergqvist/diffblue/Palisade-common/src/test/java/uk/gov/gchq/palisade/resource/impl/FileResourceDiffblueTest.java: found 0 annotations
13:03:35.584 [DEBUG]  [Creating]    [analyzer-service:TimedExecutor-43][com.diffblue.fuzztest.g.e] 
================================================================================
= Trying DI configuration EmptyDependencyInjectionTirConfiguration for uk.gov.gchq.palisade.resource.impl.FileResource.getParent:()Luk/gov/gchq/palisade/resource/ParentResource;
================================================================================
13:03:36.115 [DEBUG]  [Creating]    [analyzer-service:TimedExecutor-43][com.diffblue.fuzztest.b.f] Refinement loop done: 1 seeds, 3+0 new+accumulated tests, 1+2 tests+partial tests, 508/1000 its
13:03:36.195 [DEBUG]  [Creating]    [analyzer-service:TimedExecutor-43][com.diffblue.fuzztest.g.e] DI configuration 'com.diffblue.tir.p' generated tests: 3
13:03:36.195 [DEBUG]  [Creating]    [analyzer-service:TimedExecutor-43][com.diffblue.fuzztest.g.e] Enabling descriptive test naming
13:03:36.202 [DEBUG]  [Creating]    [analyzer-service:grpc-default-executor-1][com.diffblue.fuzztest.e.c] Created 1+0 tests and partial tests via 'SiM (!sp, fnm, df)' SiM fallback 1/2, returning all 1
13:03:36.233 [DEBUG]  [Creating]    [pool-3-thread-1]   [com.diffblue.cover.m.a.b] in processAnalysisResult for uk.gov.gchq.palisade.resource.impl.FileResource.getParent:()Luk/gov/gchq/palisade/resource/ParentResource;
13:03:36.233 [DEBUG]  [Creating]    [pool-3-thread-1]   [com.diffblue.cover.r.d] Finished with MethodGroup: connectionDetail, countOfTests: 1, countOfMethodsTested: 1 TestGenerationAccount: a[countOfRemoved=0, countOfUnchanged=0, countOfUpdated=0, countOfNew=16]
13:03:36.234 [INFO]   [Creating]    [pool-3-thread-1]   [com.diffblue.cover.ui.b.b]      [51/131] uk.gov.gchq.palisade.resource.impl.FileResource.connectionDetail
13:03:36.234 [INFO]   [Creating]    [pool-3-thread-1]   [com.diffblue.cover.ui.b.b]      [51/131]   Tests created: 1
13:03:36.234 [DEBUG]  [Creating]    [pool-3-thread-1]   [com.diffblue.combiner.d.j] Using Javaparser to combine tests
13:03:36.292 [DEBUG]  [Creating]    [pool-6-thread-17]  [com.diffblue.cover.l.a.c] EdgeCoverageRuntime contains 15 edges
13:03:36.292 [DEBUG]  [Creating]    [pool-3-thread-1]   [com.diffblue.combiner.a.c] Adding changeSet to account as new: Optional[uk.gov.gchq.palisade.resource.impl.FileResource.getParent:()Luk/gov/gchq/palisade/resource/ParentResource;]
13:03:36.336 [DEBUG]  [Creating]    [analyzer-service:grpc-default-executor-1][com.diffblue.cover.service.analyzer.a.c] Watchdog reset
13:03:36.336 [DEBUG]  [Creating]    [analyzer-service:TimedExecutor-44][com.diffblue.fuzztest.g.e] 
================================================================================
= Creating tests for 'uk.gov.gchq.palisade.resource.impl.FileResource.id:(Ljava/lang/String;)Luk/gov/gchq/palisade/resource/impl/FileResource;' using 'SiM (!sp, fnm, df)'
================================================================================
13:03:36.349 [DEBUG]  [Creating]    [analyzer-service:TimedExecutor-44][com.diffblue.fuzztest.g.ap] Parsed existing test class at /home/jbergqvist/diffblue/Palisade-common/src/test/java/uk/gov/gchq/palisade/resource/impl/FileResourceDiffblueTest.java: found 0 annotations
13:03:36.349 [DEBUG]  [Creating]    [analyzer-service:TimedExecutor-44][com.diffblue.fuzztest.g.e] 
================================================================================
= Trying DI configuration EmptyDependencyInjectionTirConfiguration for uk.gov.gchq.palisade.resource.impl.FileResource.id:(Ljava/lang/String;)Luk/gov/gchq/palisade/resource/impl/FileResource;
================================================================================
13:03:36.647 [DEBUG]  [Creating]    [analyzer-service:TimedExecutor-44][com.diffblue.fuzztest.b.f] Refinement loop done: 1 seeds, 1+0 new+accumulated tests, 1+0 tests+partial tests, 501/1000 its
13:03:36.692 [DEBUG]  [Creating]    [analyzer-service:TimedExecutor-44][com.diffblue.fuzztest.g.e] DI configuration 'com.diffblue.tir.p' generated tests: 1
13:03:36.692 [DEBUG]  [Creating]    [analyzer-service:TimedExecutor-44][com.diffblue.fuzztest.g.e] Enabling descriptive test naming
13:03:36.694 [DEBUG]  [Creating]    [analyzer-service:grpc-default-executor-1][com.diffblue.fuzztest.e.c] Created 1+0 tests and partial tests via 'SiM (!sp, fnm, df)' SiM fallback 1/2, returning all 1
13:03:36.710 [DEBUG]  [Creating]    [pool-3-thread-1]   [com.diffblue.cover.m.a.b] in processAnalysisResult for uk.gov.gchq.palisade.resource.impl.FileResource.id:(Ljava/lang/String;)Luk/gov/gchq/palisade/resource/impl/FileResource;
13:03:36.710 [DEBUG]  [Creating]    [pool-3-thread-1]   [com.diffblue.cover.r.d] Finished with MethodGroup: getParent, countOfTests: 1, countOfMethodsTested: 1 TestGenerationAccount: a[countOfRemoved=0, countOfUnchanged=0, countOfUpdated=0, countOfNew=17]
13:03:36.710 [INFO]   [Creating]    [pool-3-thread-1]   [com.diffblue.cover.ui.b.b]      [52/131] uk.gov.gchq.palisade.resource.impl.FileResource.getParent
13:03:36.710 [INFO]   [Creating]    [pool-3-thread-1]   [com.diffblue.cover.ui.b.b]      [52/131]   Tests created: 1
13:03:36.710 [DEBUG]  [Creating]    [pool-3-thread-1]   [com.diffblue.combiner.d.j] Using Javaparser to combine tests
13:03:36.754 [DEBUG]  [Creating]    [pool-6-thread-18]  [com.diffblue.cover.l.a.c] EdgeCoverageRuntime contains 7 edges
13:03:36.754 [DEBUG]  [Creating]    [pool-3-thread-1]   [com.diffblue.combiner.a.c] Adding changeSet to account as new: Optional[uk.gov.gchq.palisade.resource.impl.FileResource.id:(Ljava/lang/String;)Luk/gov/gchq/palisade/resource/impl/FileResource;]
13:03:36.783 [DEBUG]  [Creating]    [analyzer-service:TimedExecutor-45][com.diffblue.fuzztest.g.e] 
================================================================================
= Creating tests for 'uk.gov.gchq.palisade.resource.impl.FileResource.serialisedFormat:(Ljava/lang/String;)Luk/gov/gchq/palisade/resource/impl/FileResource;' using 'SiM (!sp, fnm, df)'
================================================================================
13:03:36.792 [DEBUG]  [Creating]    [analyzer-service:TimedExecutor-45][com.diffblue.fuzztest.g.ap] Parsed existing test class at /home/jbergqvist/diffblue/Palisade-common/src/test/java/uk/gov/gchq/palisade/resource/impl/FileResourceDiffblueTest.java: found 0 annotations
13:03:36.793 [DEBUG]  [Creating]    [analyzer-service:TimedExecutor-45][com.diffblue.fuzztest.g.e] 
================================================================================
= Trying DI configuration EmptyDependencyInjectionTirConfiguration for uk.gov.gchq.palisade.resource.impl.FileResource.serialisedFormat:(Ljava/lang/String;)Luk/gov/gchq/palisade/resource/impl/FileResource;
================================================================================
13:03:37.111 [DEBUG]  [Creating]    [analyzer-service:TimedExecutor-45][com.diffblue.fuzztest.b.f] Refinement loop done: 1 seeds, 1+0 new+accumulated tests, 1+0 tests+partial tests, 501/1000 its
13:03:37.176 [DEBUG]  [Creating]    [analyzer-service:TimedExecutor-45][com.diffblue.fuzztest.g.e] DI configuration 'com.diffblue.tir.p' generated tests: 1
13:03:37.176 [DEBUG]  [Creating]    [analyzer-service:TimedExecutor-45][com.diffblue.fuzztest.g.e] Enabling descriptive test naming
13:03:37.178 [DEBUG]  [Creating]    [analyzer-service:grpc-default-executor-1][com.diffblue.fuzztest.e.c] Created 1+0 tests and partial tests via 'SiM (!sp, fnm, df)' SiM fallback 1/2, returning all 1
13:03:37.195 [DEBUG]  [Creating]    [pool-3-thread-1]   [com.diffblue.cover.m.a.b] in processAnalysisResult for uk.gov.gchq.palisade.resource.impl.FileResource.serialisedFormat:(Ljava/lang/String;)Luk/gov/gchq/palisade/resource/impl/FileResource;
13:03:37.196 [DEBUG]  [Creating]    [pool-3-thread-1]   [com.diffblue.cover.r.d] Finished with MethodGroup: id, countOfTests: 1, countOfMethodsTested: 1 TestGenerationAccount: a[countOfRemoved=0, countOfUnchanged=0, countOfUpdated=0, countOfNew=18]
13:03:37.196 [INFO]   [Creating]    [pool-3-thread-1]   [com.diffblue.cover.ui.b.b]      [53/131] uk.gov.gchq.palisade.resource.impl.FileResource.id
13:03:37.196 [INFO]   [Creating]    [pool-3-thread-1]   [com.diffblue.cover.ui.b.b]      [53/131]   Tests created: 1
13:03:37.196 [DEBUG]  [Creating]    [pool-3-thread-1]   [com.diffblue.combiner.d.j] Using Javaparser to combine tests
13:03:37.241 [DEBUG]  [Creating]    [pool-6-thread-19]  [com.diffblue.cover.l.a.c] EdgeCoverageRuntime contains 7 edges
13:03:37.242 [DEBUG]  [Creating]    [pool-3-thread-1]   [com.diffblue.combiner.a.c] Adding changeSet to account as new: Optional[uk.gov.gchq.palisade.resource.impl.FileResource.serialisedFormat:(Ljava/lang/String;)Luk/gov/gchq/palisade/resource/impl/FileResource;]
13:03:37.273 [DEBUG]  [Creating]    [analyzer-service:TimedExecutor-46][com.diffblue.fuzztest.g.e] 
================================================================================
= Creating tests for 'uk.gov.gchq.palisade.resource.impl.FileResource.type:(Ljava/lang/String;)Luk/gov/gchq/palisade/resource/impl/FileResource;' using 'SiM (!sp, fnm, df)'
================================================================================
13:03:37.283 [DEBUG]  [Creating]    [analyzer-service:TimedExecutor-46][com.diffblue.fuzztest.g.ap] Parsed existing test class at /home/jbergqvist/diffblue/Palisade-common/src/test/java/uk/gov/gchq/palisade/resource/impl/FileResourceDiffblueTest.java: found 0 annotations
13:03:37.283 [DEBUG]  [Creating]    [analyzer-service:TimedExecutor-46][com.diffblue.fuzztest.g.e] 
================================================================================
= Trying DI configuration EmptyDependencyInjectionTirConfiguration for uk.gov.gchq.palisade.resource.impl.FileResource.type:(Ljava/lang/String;)Luk/gov/gchq/palisade/resource/impl/FileResource;
================================================================================
13:03:37.579 [DEBUG]  [Creating]    [analyzer-service:TimedExecutor-46][com.diffblue.fuzztest.b.f] Refinement loop done: 1 seeds, 1+0 new+accumulated tests, 1+0 tests+partial tests, 501/1000 its
13:03:37.636 [DEBUG]  [Creating]    [analyzer-service:TimedExecutor-46][com.diffblue.fuzztest.g.e] DI configuration 'com.diffblue.tir.p' generated tests: 1
13:03:37.636 [DEBUG]  [Creating]    [analyzer-service:TimedExecutor-46][com.diffblue.fuzztest.g.e] Enabling descriptive test naming
13:03:37.637 [DEBUG]  [Creating]    [analyzer-service:grpc-default-executor-1][com.diffblue.fuzztest.e.c] Created 1+0 tests and partial tests via 'SiM (!sp, fnm, df)' SiM fallback 1/2, returning all 1
13:03:37.655 [DEBUG]  [Creating]    [pool-3-thread-1]   [com.diffblue.cover.m.a.b] in processAnalysisResult for uk.gov.gchq.palisade.resource.impl.FileResource.type:(Ljava/lang/String;)Luk/gov/gchq/palisade/resource/impl/FileResource;
13:03:37.655 [DEBUG]  [Creating]    [pool-3-thread-1]   [com.diffblue.cover.r.d] Finished with MethodGroup: serialisedFormat, countOfTests: 1, countOfMethodsTested: 1 TestGenerationAccount: a[countOfRemoved=0, countOfUnchanged=0, countOfUpdated=0, countOfNew=19]
13:03:37.655 [INFO]   [Creating]    [pool-3-thread-1]   [com.diffblue.cover.ui.b.b]      [54/131] uk.gov.gchq.palisade.resource.impl.FileResource.serialisedFormat
13:03:37.655 [INFO]   [Creating]    [pool-3-thread-1]   [com.diffblue.cover.ui.b.b]      [54/131]   Tests created: 1
13:03:37.655 [DEBUG]  [Creating]    [pool-3-thread-1]   [com.diffblue.combiner.d.j] Using Javaparser to combine tests
13:03:37.697 [DEBUG]  [Creating]    [pool-6-thread-20]  [com.diffblue.cover.l.a.c] EdgeCoverageRuntime contains 7 edges
13:03:37.697 [DEBUG]  [Creating]    [pool-3-thread-1]   [com.diffblue.combiner.a.c] Adding changeSet to account as new: Optional[uk.gov.gchq.palisade.resource.impl.FileResource.type:(Ljava/lang/String;)Luk/gov/gchq/palisade/resource/impl/FileResource;]
13:03:37.728 [DEBUG]  [Creating]    [pool-3-thread-1]   [com.diffblue.cover.r.d] Finished with MethodGroup: type, countOfTests: 1, countOfMethodsTested: 1 TestGenerationAccount: a[countOfRemoved=0, countOfUnchanged=0, countOfUpdated=0, countOfNew=20]
13:03:37.728 [INFO]   [Creating]    [pool-3-thread-1]   [com.diffblue.cover.ui.b.b]      [55/131] uk.gov.gchq.palisade.resource.impl.FileResource.type
13:03:37.728 [INFO]   [Creating]    [pool-3-thread-1]   [com.diffblue.cover.ui.b.b]      [55/131]   Tests created: 1
13:03:37.730 [INFO]   [Creating]    [pool-3-thread-1]   [com.diffblue.cover.ui.b.b]  [6/25] uk.gov.gchq.palisade.resource.impl.FileResource
13:03:37.731 [INFO]   [Creating]    [pool-3-thread-1]   [com.diffblue.cover.ui.b.b]  [6/25]   Tests created: 8
13:03:37.732 [INFO]   [Creating]    [pool-3-thread-1]   [com.diffblue.cover.m.a.b] 
================================================================================
= Starting analysis for class 'uk.gov.gchq.palisade.resource.impl.SimpleConnectionDetail'
================================================================================
13:03:37.732 [INFO]   [Creating]    [pool-3-thread-1]   [com.diffblue.cover.m.a.b] Filtering out non-testable methods...
13:03:37.735 [INFO]   [Creating]    [pool-3-thread-1]   [com.diffblue.cover.ui.b.b]      [56/131] uk.gov.gchq.palisade.resource.impl.SimpleConnectionDetail.createConnection
13:03:37.735 [INFO]   [Creating]    [pool-3-thread-1]   [com.diffblue.cover.ui.b.b]      [56/131]   T024: Generated method
13:03:37.735 [DEBUG]  [Creating]    [pool-3-thread-1]   [com.diffblue.cover.ui.b.b]      [56/131]   (at least 1 line uncovered in this method)
13:03:37.735 [INFO]   [Creating]    [pool-3-thread-1]   [com.diffblue.cover.ui.b.b]      [56/131]     Indicates that the method is generated by some framework or tool and should not
13:03:37.735 [INFO]   [Creating]    [pool-3-thread-1]   [com.diffblue.cover.ui.b.b]      [56/131]     be tested explicitly. The expectation is that the generator itself should be
13:03:37.735 [INFO]   [Creating]    [pool-3-thread-1]   [com.diffblue.cover.ui.b.b]      [56/131]     tested and not each piece of code it produces.
13:03:37.735 [INFO]   [Creating]    [pool-3-thread-1]   [com.diffblue.cover.ui.b.b]      [56/131]     Currently, this includes methods identified generated by Lombok, Protobuf,
13:03:37.735 [INFO]   [Creating]    [pool-3-thread-1]   [com.diffblue.cover.ui.b.b]      [56/131]     Grpc, Hibernate, or annotated with a custom '@Generated' annotation
13:03:37.735 [INFO]   [Creating]    [pool-3-thread-1]   [com.diffblue.cover.ui.b.b]      [56/131]     (as long as the custom annotation has 'RUNTIME' or 'CLASS' retention).
13:03:37.735 [INFO]   [Creating]    [pool-3-thread-1]   [com.diffblue.cover.ui.b.b]      [56/131]     Diffblue Cover considers these methods as not directly callable.
13:03:37.737 [INFO]   [Creating]    [pool-3-thread-1]   [com.diffblue.cover.ui.b.b]      [57/131] uk.gov.gchq.palisade.resource.impl.SimpleConnectionDetail.equals
13:03:37.737 [INFO]   [Creating]    [pool-3-thread-1]   [com.diffblue.cover.ui.b.b]      [57/131]   T024: Generated method
13:03:37.737 [DEBUG]  [Creating]    [pool-3-thread-1]   [com.diffblue.cover.ui.b.b]      [57/131]   (at least 6 lines uncovered in this method)
13:03:37.737 [INFO]   [Creating]    [pool-3-thread-1]   [com.diffblue.cover.ui.b.b]      [57/131]     Indicates that the method is generated by some framework or tool and should not
13:03:37.737 [INFO]   [Creating]    [pool-3-thread-1]   [com.diffblue.cover.ui.b.b]      [57/131]     be tested explicitly. The expectation is that the generator itself should be
13:03:37.737 [INFO]   [Creating]    [pool-3-thread-1]   [com.diffblue.cover.ui.b.b]      [57/131]     tested and not each piece of code it produces.
13:03:37.737 [INFO]   [Creating]    [pool-3-thread-1]   [com.diffblue.cover.ui.b.b]      [57/131]     Currently, this includes methods identified generated by Lombok, Protobuf,
13:03:37.737 [INFO]   [Creating]    [pool-3-thread-1]   [com.diffblue.cover.ui.b.b]      [57/131]     Grpc, Hibernate, or annotated with a custom '@Generated' annotation
13:03:37.737 [INFO]   [Creating]    [pool-3-thread-1]   [com.diffblue.cover.ui.b.b]      [57/131]     (as long as the custom annotation has 'RUNTIME' or 'CLASS' retention).
13:03:37.737 [INFO]   [Creating]    [pool-3-thread-1]   [com.diffblue.cover.ui.b.b]      [57/131]     Diffblue Cover considers these methods as not directly callable.
13:03:37.738 [INFO]   [Creating]    [pool-3-thread-1]   [com.diffblue.cover.ui.b.b]      [58/131] uk.gov.gchq.palisade.resource.impl.SimpleConnectionDetail.getServiceName
13:03:37.739 [INFO]   [Creating]    [pool-3-thread-1]   [com.diffblue.cover.ui.b.b]      [58/131]   T024: Generated method
13:03:37.739 [DEBUG]  [Creating]    [pool-3-thread-1]   [com.diffblue.cover.ui.b.b]      [58/131]   (at least 1 line uncovered in this method)
13:03:37.739 [INFO]   [Creating]    [pool-3-thread-1]   [com.diffblue.cover.ui.b.b]      [58/131]     Indicates that the method is generated by some framework or tool and should not
13:03:37.739 [INFO]   [Creating]    [pool-3-thread-1]   [com.diffblue.cover.ui.b.b]      [58/131]     be tested explicitly. The expectation is that the generator itself should be
13:03:37.739 [INFO]   [Creating]    [pool-3-thread-1]   [com.diffblue.cover.ui.b.b]      [58/131]     tested and not each piece of code it produces.
13:03:37.739 [INFO]   [Creating]    [pool-3-thread-1]   [com.diffblue.cover.ui.b.b]      [58/131]     Currently, this includes methods identified generated by Lombok, Protobuf,
13:03:37.739 [INFO]   [Creating]    [pool-3-thread-1]   [com.diffblue.cover.ui.b.b]      [58/131]     Grpc, Hibernate, or annotated with a custom '@Generated' annotation
13:03:37.739 [INFO]   [Creating]    [pool-3-thread-1]   [com.diffblue.cover.ui.b.b]      [58/131]     (as long as the custom annotation has 'RUNTIME' or 'CLASS' retention).
13:03:37.739 [INFO]   [Creating]    [pool-3-thread-1]   [com.diffblue.cover.ui.b.b]      [58/131]     Diffblue Cover considers these methods as not directly callable.
13:03:37.740 [INFO]   [Creating]    [pool-3-thread-1]   [com.diffblue.cover.ui.b.b]      [59/131] uk.gov.gchq.palisade.resource.impl.SimpleConnectionDetail.hashCode
13:03:37.740 [INFO]   [Creating]    [pool-3-thread-1]   [com.diffblue.cover.ui.b.b]      [59/131]   T024: Generated method
13:03:37.740 [DEBUG]  [Creating]    [pool-3-thread-1]   [com.diffblue.cover.ui.b.b]      [59/131]   (at least 1 line uncovered in this method)
13:03:37.740 [INFO]   [Creating]    [pool-3-thread-1]   [com.diffblue.cover.ui.b.b]      [59/131]     Indicates that the method is generated by some framework or tool and should not
13:03:37.740 [INFO]   [Creating]    [pool-3-thread-1]   [com.diffblue.cover.ui.b.b]      [59/131]     be tested explicitly. The expectation is that the generator itself should be
13:03:37.740 [INFO]   [Creating]    [pool-3-thread-1]   [com.diffblue.cover.ui.b.b]      [59/131]     tested and not each piece of code it produces.
13:03:37.740 [INFO]   [Creating]    [pool-3-thread-1]   [com.diffblue.cover.ui.b.b]      [59/131]     Currently, this includes methods identified generated by Lombok, Protobuf,
13:03:37.740 [INFO]   [Creating]    [pool-3-thread-1]   [com.diffblue.cover.ui.b.b]      [59/131]     Grpc, Hibernate, or annotated with a custom '@Generated' annotation
13:03:37.740 [INFO]   [Creating]    [pool-3-thread-1]   [com.diffblue.cover.ui.b.b]      [59/131]     (as long as the custom annotation has 'RUNTIME' or 'CLASS' retention).
13:03:37.740 [INFO]   [Creating]    [pool-3-thread-1]   [com.diffblue.cover.ui.b.b]      [59/131]     Diffblue Cover considers these methods as not directly callable.
13:03:37.741 [INFO]   [Creating]    [pool-3-thread-1]   [com.diffblue.cover.ui.b.b]      [60/131] uk.gov.gchq.palisade.resource.impl.SimpleConnectionDetail.serviceName
13:03:37.741 [INFO]   [Creating]    [pool-3-thread-1]   [com.diffblue.cover.ui.b.b]      [60/131]   T024: Generated method
13:03:37.741 [DEBUG]  [Creating]    [pool-3-thread-1]   [com.diffblue.cover.ui.b.b]      [60/131]   (at least 2 lines uncovered in this method)
13:03:37.741 [INFO]   [Creating]    [pool-3-thread-1]   [com.diffblue.cover.ui.b.b]      [60/131]     Indicates that the method is generated by some framework or tool and should not
13:03:37.741 [INFO]   [Creating]    [pool-3-thread-1]   [com.diffblue.cover.ui.b.b]      [60/131]     be tested explicitly. The expectation is that the generator itself should be
13:03:37.741 [INFO]   [Creating]    [pool-3-thread-1]   [com.diffblue.cover.ui.b.b]      [60/131]     tested and not each piece of code it produces.
13:03:37.741 [INFO]   [Creating]    [pool-3-thread-1]   [com.diffblue.cover.ui.b.b]      [60/131]     Currently, this includes methods identified generated by Lombok, Protobuf,
13:03:37.741 [INFO]   [Creating]    [pool-3-thread-1]   [com.diffblue.cover.ui.b.b]      [60/131]     Grpc, Hibernate, or annotated with a custom '@Generated' annotation
13:03:37.741 [INFO]   [Creating]    [pool-3-thread-1]   [com.diffblue.cover.ui.b.b]      [60/131]     (as long as the custom annotation has 'RUNTIME' or 'CLASS' retention).
13:03:37.741 [INFO]   [Creating]    [pool-3-thread-1]   [com.diffblue.cover.ui.b.b]      [60/131]     Diffblue Cover considers these methods as not directly callable.
13:03:37.743 [INFO]   [Creating]    [pool-3-thread-1]   [com.diffblue.cover.ui.b.b]      [61/131] uk.gov.gchq.palisade.resource.impl.SimpleConnectionDetail.setServiceName
13:03:37.743 [INFO]   [Creating]    [pool-3-thread-1]   [com.diffblue.cover.ui.b.b]      [61/131]   T024: Generated method
13:03:37.743 [DEBUG]  [Creating]    [pool-3-thread-1]   [com.diffblue.cover.ui.b.b]      [61/131]   (at least 3 lines uncovered in this method)
13:03:37.743 [INFO]   [Creating]    [pool-3-thread-1]   [com.diffblue.cover.ui.b.b]      [61/131]     Indicates that the method is generated by some framework or tool and should not
13:03:37.743 [INFO]   [Creating]    [pool-3-thread-1]   [com.diffblue.cover.ui.b.b]      [61/131]     be tested explicitly. The expectation is that the generator itself should be
13:03:37.743 [INFO]   [Creating]    [pool-3-thread-1]   [com.diffblue.cover.ui.b.b]      [61/131]     tested and not each piece of code it produces.
13:03:37.743 [INFO]   [Creating]    [pool-3-thread-1]   [com.diffblue.cover.ui.b.b]      [61/131]     Currently, this includes methods identified generated by Lombok, Protobuf,
13:03:37.743 [INFO]   [Creating]    [pool-3-thread-1]   [com.diffblue.cover.ui.b.b]      [61/131]     Grpc, Hibernate, or annotated with a custom '@Generated' annotation
13:03:37.743 [INFO]   [Creating]    [pool-3-thread-1]   [com.diffblue.cover.ui.b.b]      [61/131]     (as long as the custom annotation has 'RUNTIME' or 'CLASS' retention).
13:03:37.743 [INFO]   [Creating]    [pool-3-thread-1]   [com.diffblue.cover.ui.b.b]      [61/131]     Diffblue Cover considers these methods as not directly callable.
13:03:37.745 [INFO]   [Creating]    [pool-3-thread-1]   [com.diffblue.cover.ui.b.b]      [62/131] uk.gov.gchq.palisade.resource.impl.SimpleConnectionDetail.toString
13:03:37.745 [INFO]   [Creating]    [pool-3-thread-1]   [com.diffblue.cover.ui.b.b]      [62/131]   T024: Generated method
13:03:37.745 [DEBUG]  [Creating]    [pool-3-thread-1]   [com.diffblue.cover.ui.b.b]      [62/131]   (at least 5 lines uncovered in this method)
13:03:37.745 [INFO]   [Creating]    [pool-3-thread-1]   [com.diffblue.cover.ui.b.b]      [62/131]     Indicates that the method is generated by some framework or tool and should not
13:03:37.745 [INFO]   [Creating]    [pool-3-thread-1]   [com.diffblue.cover.ui.b.b]      [62/131]     be tested explicitly. The expectation is that the generator itself should be
13:03:37.745 [INFO]   [Creating]    [pool-3-thread-1]   [com.diffblue.cover.ui.b.b]      [62/131]     tested and not each piece of code it produces.
13:03:37.745 [INFO]   [Creating]    [pool-3-thread-1]   [com.diffblue.cover.ui.b.b]      [62/131]     Currently, this includes methods identified generated by Lombok, Protobuf,
13:03:37.745 [INFO]   [Creating]    [pool-3-thread-1]   [com.diffblue.cover.ui.b.b]      [62/131]     Grpc, Hibernate, or annotated with a custom '@Generated' annotation
13:03:37.745 [INFO]   [Creating]    [pool-3-thread-1]   [com.diffblue.cover.ui.b.b]      [62/131]     (as long as the custom annotation has 'RUNTIME' or 'CLASS' retention).
13:03:37.745 [INFO]   [Creating]    [pool-3-thread-1]   [com.diffblue.cover.ui.b.b]      [62/131]     Diffblue Cover considers these methods as not directly callable.
13:03:37.746 [DEBUG]  [Creating]    [pool-3-thread-1]   [com.diffblue.combiner.d.j] Using Javaparser to combine tests
13:03:37.746 [INFO]   [Creating]    [pool-3-thread-1]   [com.diffblue.cover.m.a.b] Filtering of methods complete. Creating analysis request
13:03:37.746 [INFO]   [Creating]    [pool-3-thread-1]   [com.diffblue.cover.service.c] Attempting to get service client, retry 1.
13:03:37.764 [DEBUG]  [Creating]    [analyzer-service:grpc-default-executor-1][com.diffblue.fuzztest.e.a] Class information:
13:03:37.764 [DEBUG]  [Creating]    [analyzer-service:grpc-default-executor-1][com.diffblue.fuzztest.e.a]   Implements: interface uk.gov.gchq.palisade.resource.ConnectionDetail
13:03:37.764 [DEBUG]  [Creating]    [analyzer-service:grpc-default-executor-1][com.diffblue.fuzztest.e.a]   Fields: private static final long uk.gov.gchq.palisade.resource.impl.SimpleConnectionDetail.serialVersionUID, private java.lang.String uk.gov.gchq.palisade.resource.impl.SimpleConnectionDetail.serviceName
13:03:37.764 [DEBUG]  [Creating]    [analyzer-service:grpc-default-executor-1][com.diffblue.fuzztest.e.a]   Constructors: public uk.gov.gchq.palisade.resource.impl.SimpleConnectionDetail()
13:03:37.764 [DEBUG]  [Creating]    [analyzer-service:grpc-default-executor-1][com.diffblue.fuzztest.e.a]   Methods: public java.lang.String uk.gov.gchq.palisade.resource.impl.SimpleConnectionDetail.createConnection(), public boolean uk.gov.gchq.palisade.resource.impl.SimpleConnectionDetail.equals(java.lang.Object), public java.lang.String uk.gov.gchq.palisade.resource.impl.SimpleConnectionDetail.getServiceName(), public int uk.gov.gchq.palisade.resource.impl.SimpleConnectionDetail.hashCode(), public uk.gov.gchq.palisade.resource.impl.SimpleConnectionDetail uk.gov.gchq.palisade.resource.impl.SimpleConnectionDetail.serviceName(java.lang.String), public void uk.gov.gchq.palisade.resource.impl.SimpleConnectionDetail.setServiceName(java.lang.String), public java.lang.String uk.gov.gchq.palisade.resource.impl.SimpleConnectionDetail.toString()
13:03:37.769 [DEBUG]  [Creating]    [analyzer-service:TimedExecutor-53][com.diffblue.fuzztest.g.e] 
================================================================================
= Creating tests for 'uk.gov.gchq.palisade.resource.impl.SimpleConnectionDetail.<init>:()V' using 'TrM (!sp, !fnm, df)'
================================================================================
13:03:37.769 [DEBUG]  [Creating]    [analyzer-service:TimedExecutor-53][com.diffblue.fuzztest.g.e] 
================================================================================
= Trying DI configuration EmptyDependencyInjectionTirConfiguration for uk.gov.gchq.palisade.resource.impl.SimpleConnectionDetail.<init>:()V
================================================================================
13:03:37.787 [DEBUG]  [Creating]    [analyzer-service:TimedExecutor-53][com.diffblue.fuzztest.g.e] DI configuration 'com.diffblue.tir.p' generated tests: 1
13:03:37.787 [DEBUG]  [Creating]    [analyzer-service:TimedExecutor-53][com.diffblue.fuzztest.g.e] Enabling descriptive test naming
13:03:37.788 [DEBUG]  [Creating]    [analyzer-service:grpc-default-executor-1][com.diffblue.fuzztest.e.c] Created 1+0 tests and partial tests via 'TrM (!sp, !fnm, df)' , returning all 1
13:03:37.803 [DEBUG]  [Creating]    [pool-3-thread-1]   [com.diffblue.cover.m.a.b] in processAnalysisResult for uk.gov.gchq.palisade.resource.impl.SimpleConnectionDetail.<init>:()V
13:03:37.803 [DEBUG]  [Creating]    [pool-3-thread-1]   [com.diffblue.combiner.d.j] Using Javaparser to combine tests
13:03:37.859 [DEBUG]  [Creating]    [pool-6-thread-21]  [com.diffblue.cover.l.a.c] EdgeCoverageRuntime contains 5 edges
13:03:37.859 [DEBUG]  [Creating]    [pool-3-thread-1]   [com.diffblue.combiner.a.c] Adding changeSet to account as new: Optional[uk.gov.gchq.palisade.resource.impl.SimpleConnectionDetail.<init>:()V]
13:03:37.869 [DEBUG]  [Creating]    [pool-3-thread-1]   [com.diffblue.cover.r.d] Finished with MethodGroup: <init>, countOfTests: 1, countOfMethodsTested: 1 TestGenerationAccount: a[countOfRemoved=0, countOfUnchanged=0, countOfUpdated=0, countOfNew=21]
13:03:37.869 [INFO]   [Creating]    [pool-3-thread-1]   [com.diffblue.cover.ui.b.b]      [63/131] uk.gov.gchq.palisade.resource.impl.SimpleConnectionDetail.<init>
13:03:37.869 [INFO]   [Creating]    [pool-3-thread-1]   [com.diffblue.cover.ui.b.b]      [63/131]   Tests created: 1
13:03:37.871 [INFO]   [Creating]    [pool-3-thread-1]   [com.diffblue.cover.ui.b.b]  [7/25] uk.gov.gchq.palisade.resource.impl.SimpleConnectionDetail
13:03:37.871 [INFO]   [Creating]    [pool-3-thread-1]   [com.diffblue.cover.ui.b.b]  [7/25]   Tests created: 1
13:03:37.872 [DEBUG]  [Creating]    [pool-3-thread-1]   [com.diffblue.cover.ui.b.b]  [7/25]   (at least 19 lines uncovered in this class)
13:03:37.873 [INFO]   [Creating]    [pool-3-thread-1]   [com.diffblue.cover.m.a.b] 
================================================================================
= Starting analysis for class 'uk.gov.gchq.palisade.resource.impl.SystemResource'
================================================================================
13:03:37.873 [INFO]   [Creating]    [pool-3-thread-1]   [com.diffblue.cover.m.a.b] Filtering out non-testable methods...
13:03:37.875 [DEBUG]  [Creating]    [pool-3-thread-1]   [com.diffblue.combiner.d.j] Using Javaparser to combine tests
13:03:37.875 [INFO]   [Creating]    [pool-3-thread-1]   [com.diffblue.cover.m.a.b] Filtering of methods complete. Creating analysis request
13:03:37.875 [INFO]   [Creating]    [pool-3-thread-1]   [com.diffblue.cover.service.c] Attempting to get service client, retry 1.
13:03:37.889 [DEBUG]  [Creating]    [analyzer-service:grpc-default-executor-1][com.diffblue.fuzztest.e.a] Class information:
13:03:37.889 [DEBUG]  [Creating]    [analyzer-service:grpc-default-executor-1][com.diffblue.fuzztest.e.a]   Implements: interface uk.gov.gchq.palisade.resource.ParentResource
13:03:37.889 [DEBUG]  [Creating]    [analyzer-service:grpc-default-executor-1][com.diffblue.fuzztest.e.a]   Extends: class uk.gov.gchq.palisade.resource.AbstractResource
13:03:37.889 [DEBUG]  [Creating]    [analyzer-service:grpc-default-executor-1][com.diffblue.fuzztest.e.a]   Fields: private static final long uk.gov.gchq.palisade.resource.impl.SystemResource.serialVersionUID
13:03:37.890 [DEBUG]  [Creating]    [analyzer-service:grpc-default-executor-1][com.diffblue.fuzztest.e.a]   Constructors: public uk.gov.gchq.palisade.resource.impl.SystemResource()
13:03:37.890 [DEBUG]  [Creating]    [analyzer-service:grpc-default-executor-1][com.diffblue.fuzztest.e.a]   Methods: public uk.gov.gchq.palisade.resource.AbstractResource uk.gov.gchq.palisade.resource.impl.SystemResource.id(java.lang.String), public uk.gov.gchq.palisade.resource.Resource uk.gov.gchq.palisade.resource.impl.SystemResource.id(java.lang.String), public uk.gov.gchq.palisade.resource.impl.SystemResource uk.gov.gchq.palisade.resource.impl.SystemResource.id(java.lang.String)
13:03:37.897 [DEBUG]  [Creating]    [analyzer-service:TimedExecutor-60][com.diffblue.fuzztest.g.e] 
================================================================================
= Creating tests for 'uk.gov.gchq.palisade.resource.impl.SystemResource.<init>:()V' using 'TrM (!sp, !fnm, df)'
================================================================================
13:03:37.897 [DEBUG]  [Creating]    [analyzer-service:TimedExecutor-60][com.diffblue.fuzztest.g.e] 
================================================================================
= Trying DI configuration EmptyDependencyInjectionTirConfiguration for uk.gov.gchq.palisade.resource.impl.SystemResource.<init>:()V
================================================================================
13:03:37.916 [DEBUG]  [Creating]    [analyzer-service:TimedExecutor-60][com.diffblue.fuzztest.g.e] DI configuration 'com.diffblue.tir.p' generated tests: 1
13:03:37.916 [DEBUG]  [Creating]    [analyzer-service:TimedExecutor-60][com.diffblue.fuzztest.g.e] Enabling descriptive test naming
13:03:37.917 [DEBUG]  [Creating]    [analyzer-service:grpc-default-executor-1][com.diffblue.fuzztest.e.c] Created 1+0 tests and partial tests via 'TrM (!sp, !fnm, df)' , returning all 1
13:03:37.933 [DEBUG]  [Creating]    [pool-3-thread-1]   [com.diffblue.cover.m.a.b] in processAnalysisResult for uk.gov.gchq.palisade.resource.impl.SystemResource.<init>:()V
13:03:37.933 [DEBUG]  [Creating]    [pool-3-thread-1]   [com.diffblue.combiner.d.j] Using Javaparser to combine tests
13:03:37.976 [DEBUG]  [Creating]    [pool-6-thread-22]  [com.diffblue.cover.l.a.c] EdgeCoverageRuntime contains 5 edges
13:03:37.977 [DEBUG]  [Creating]    [pool-3-thread-1]   [com.diffblue.combiner.a.c] Adding changeSet to account as new: Optional[uk.gov.gchq.palisade.resource.impl.SystemResource.<init>:()V]
13:03:37.986 [DEBUG]  [Creating]    [analyzer-service:TimedExecutor-61][com.diffblue.fuzztest.g.e] 
================================================================================
= Creating tests for 'uk.gov.gchq.palisade.resource.impl.SystemResource.id:(Ljava/lang/String;)Luk/gov/gchq/palisade/resource/impl/SystemResource;' using 'SiM (!sp, fnm, df)'
================================================================================
13:03:37.988 [DEBUG]  [Creating]    [analyzer-service:TimedExecutor-61][com.diffblue.fuzztest.g.ap] Parsed existing test class at /home/jbergqvist/diffblue/Palisade-common/src/test/java/uk/gov/gchq/palisade/resource/impl/SystemResourceDiffblueTest.java: found 0 annotations
13:03:37.988 [DEBUG]  [Creating]    [analyzer-service:TimedExecutor-61][com.diffblue.fuzztest.g.e] 
================================================================================
= Trying DI configuration EmptyDependencyInjectionTirConfiguration for uk.gov.gchq.palisade.resource.impl.SystemResource.id:(Ljava/lang/String;)Luk/gov/gchq/palisade/resource/impl/SystemResource;
================================================================================
13:03:38.178 [DEBUG]  [Creating]    [analyzer-service:TimedExecutor-61][com.diffblue.fuzztest.b.f] Refinement loop done: 2 seeds, 2+0 new+accumulated tests, 2+0 tests+partial tests, 371/1000 its
13:03:38.229 [DEBUG]  [Creating]    [analyzer-service:TimedExecutor-61][com.diffblue.fuzztest.g.e] DI configuration 'com.diffblue.tir.p' generated tests: 2
13:03:38.230 [DEBUG]  [Creating]    [analyzer-service:TimedExecutor-61][com.diffblue.fuzztest.g.e] Enabling descriptive test naming
13:03:38.255 [DEBUG]  [Creating]    [analyzer-service:grpc-default-executor-1][com.diffblue.fuzztest.e.c] Created 2+0 tests and partial tests via 'SiM (!sp, fnm, df)' SiM fallback 1/2, returning all 2
13:03:38.294 [DEBUG]  [Creating]    [pool-3-thread-1]   [com.diffblue.cover.m.a.b] in processAnalysisResult for uk.gov.gchq.palisade.resource.impl.SystemResource.id:(Ljava/lang/String;)Luk/gov/gchq/palisade/resource/impl/SystemResource;
13:03:38.294 [DEBUG]  [Creating]    [pool-3-thread-1]   [com.diffblue.cover.r.d] Finished with MethodGroup: <init>, countOfTests: 1, countOfMethodsTested: 1 TestGenerationAccount: a[countOfRemoved=0, countOfUnchanged=0, countOfUpdated=0, countOfNew=22]
13:03:38.294 [INFO]   [Creating]    [pool-3-thread-1]   [com.diffblue.cover.ui.b.b]      [64/131] uk.gov.gchq.palisade.resource.impl.SystemResource.<init>
13:03:38.294 [INFO]   [Creating]    [pool-3-thread-1]   [com.diffblue.cover.ui.b.b]      [64/131]   Tests created: 1
13:03:38.294 [DEBUG]  [Creating]    [pool-3-thread-1]   [com.diffblue.combiner.d.j] Using Javaparser to combine tests
13:03:38.337 [DEBUG]  [Creating]    [pool-6-thread-23]  [com.diffblue.cover.l.a.c] EdgeCoverageRuntime contains 7 edges
13:03:38.338 [DEBUG]  [Creating]    [pool-3-thread-1]   [com.diffblue.combiner.a.c] Adding changeSet to account as new: Optional[uk.gov.gchq.palisade.resource.impl.SystemResource.id:(Ljava/lang/String;)Luk/gov/gchq/palisade/resource/impl/SystemResource;]
13:03:38.359 [DEBUG]  [Creating]    [pool-3-thread-1]   [com.diffblue.combiner.d.j] Using Javaparser to combine tests
13:03:38.402 [DEBUG]  [Creating]    [pool-6-thread-24]  [com.diffblue.cover.l.a.c] EdgeCoverageRuntime contains 7 edges
13:03:38.402 [DEBUG]  [Creating]    [pool-3-thread-1]   [com.diffblue.combiner.a.c] Adding changeSet to account as new: Optional[uk.gov.gchq.palisade.resource.impl.SystemResource.id:(Ljava/lang/String;)Luk/gov/gchq/palisade/resource/impl/SystemResource;]
13:03:38.420 [DEBUG]  [Creating]    [analyzer-service:grpc-default-executor-1][com.diffblue.cover.service.analyzer.a.c] Watchdog reset
13:03:38.421 [DEBUG]  [Creating]    [pool-3-thread-1]   [com.diffblue.cover.r.d] Finished with MethodGroup: id, countOfTests: 2, countOfMethodsTested: 1 TestGenerationAccount: a[countOfRemoved=0, countOfUnchanged=0, countOfUpdated=0, countOfNew=24]
13:03:38.421 [INFO]   [Creating]    [pool-3-thread-1]   [com.diffblue.cover.ui.b.b]      [65/131] uk.gov.gchq.palisade.resource.impl.SystemResource.id
13:03:38.421 [INFO]   [Creating]    [pool-3-thread-1]   [com.diffblue.cover.ui.b.b]      [65/131]   Tests created: 2
13:03:38.423 [INFO]   [Creating]    [pool-3-thread-1]   [com.diffblue.cover.ui.b.b]  [8/25] uk.gov.gchq.palisade.resource.impl.SystemResource
13:03:38.423 [INFO]   [Creating]    [pool-3-thread-1]   [com.diffblue.cover.ui.b.b]  [8/25]   Tests created: 3
13:03:38.424 [INFO]   [Creating]    [pool-3-thread-1]   [com.diffblue.cover.m.a.b] 
================================================================================
= Starting analysis for class 'uk.gov.gchq.palisade.rule.Rule'
================================================================================
13:03:38.424 [INFO]   [Creating]    [pool-3-thread-1]   [com.diffblue.cover.m.a.b] Filtering out non-testable methods...
13:03:38.426 [INFO]   [Creating]    [pool-3-thread-1]   [com.diffblue.cover.ui.b.b]      [66/131] uk.gov.gchq.palisade.rule.Rule.isApplicable
13:03:38.426 [INFO]   [Creating]    [pool-3-thread-1]   [com.diffblue.cover.ui.b.b]      [66/131]   T009: No implementation for abstract class
13:03:38.426 [DEBUG]  [Creating]    [pool-3-thread-1]   [com.diffblue.cover.ui.b.b]      [66/131]   (at least 1 line uncovered in this method)
13:03:38.426 [INFO]   [Creating]    [pool-3-thread-1]   [com.diffblue.cover.ui.b.b]      [66/131]     The method is a non-abstract instance method in an abstract class or
13:03:38.426 [INFO]   [Creating]    [pool-3-thread-1]   [com.diffblue.cover.ui.b.b]      [66/131]     a default method in an interface. Diffblue Cover would test such methods
13:03:38.426 [INFO]   [Creating]    [pool-3-thread-1]   [com.diffblue.cover.ui.b.b]      [66/131]     by using an implementation of that abstract class or interface. However,
13:03:38.426 [INFO]   [Creating]    [pool-3-thread-1]   [com.diffblue.cover.ui.b.b]      [66/131]     no such implementation has been found.
13:03:38.426 [INFO]   [Creating]    [pool-3-thread-1]   [com.diffblue.cover.ui.b.b]      [66/131]     Please provide an implementation for the abstract class or interface.
13:03:38.426 [INFO]   [Creating]    [pool-3-thread-1]   [com.diffblue.cover.ui.b.b]      [66/131]     See https://diff.blue/T009 to resolve this issue.
13:03:38.426 [INFO]   [Creating]    [pool-3-thread-1]   [com.diffblue.cover.ui.b.b]  [9/25] uk.gov.gchq.palisade.rule.Rule
13:03:38.426 [INFO]   [Creating]    [pool-3-thread-1]   [com.diffblue.cover.ui.b.b]  [9/25]   Tests created: 0
13:03:38.426 [DEBUG]  [Creating]    [pool-3-thread-1]   [com.diffblue.cover.ui.b.b]  [9/25]   (at least 1 line uncovered in this class)
13:03:38.426 [INFO]   [Creating]    [pool-3-thread-1]   [com.diffblue.cover.m.a.b] No testable methods
13:03:38.426 [INFO]   [Creating]    [pool-3-thread-1]   [com.diffblue.cover.m.a.b] 
================================================================================
= Starting analysis for class 'uk.gov.gchq.palisade.rule.Rules'
================================================================================
13:03:38.426 [INFO]   [Creating]    [pool-3-thread-1]   [com.diffblue.cover.m.a.b] Filtering out non-testable methods...
13:03:38.429 [INFO]   [Creating]    [pool-3-thread-1]   [com.diffblue.cover.ui.b.b]      [67/131] uk.gov.gchq.palisade.rule.Rules.addRule
13:03:38.429 [INFO]   [Creating]    [pool-3-thread-1]   [com.diffblue.cover.ui.b.b]      [67/131]   T024: Generated method
13:03:38.429 [DEBUG]  [Creating]    [pool-3-thread-1]   [com.diffblue.cover.ui.b.b]      [67/131]   (at least 4 lines uncovered in this method)
13:03:38.429 [INFO]   [Creating]    [pool-3-thread-1]   [com.diffblue.cover.ui.b.b]      [67/131]     Indicates that the method is generated by some framework or tool and should not
13:03:38.429 [INFO]   [Creating]    [pool-3-thread-1]   [com.diffblue.cover.ui.b.b]      [67/131]     be tested explicitly. The expectation is that the generator itself should be
13:03:38.429 [INFO]   [Creating]    [pool-3-thread-1]   [com.diffblue.cover.ui.b.b]      [67/131]     tested and not each piece of code it produces.
13:03:38.429 [INFO]   [Creating]    [pool-3-thread-1]   [com.diffblue.cover.ui.b.b]      [67/131]     Currently, this includes methods identified generated by Lombok, Protobuf,
13:03:38.429 [INFO]   [Creating]    [pool-3-thread-1]   [com.diffblue.cover.ui.b.b]      [67/131]     Grpc, Hibernate, or annotated with a custom '@Generated' annotation
13:03:38.429 [INFO]   [Creating]    [pool-3-thread-1]   [com.diffblue.cover.ui.b.b]      [67/131]     (as long as the custom annotation has 'RUNTIME' or 'CLASS' retention).
13:03:38.429 [INFO]   [Creating]    [pool-3-thread-1]   [com.diffblue.cover.ui.b.b]      [67/131]     Diffblue Cover considers these methods as not directly callable.
13:03:38.430 [INFO]   [Creating]    [pool-3-thread-1]   [com.diffblue.cover.ui.b.b]      [68/131] uk.gov.gchq.palisade.rule.Rules.addRules
13:03:38.430 [INFO]   [Creating]    [pool-3-thread-1]   [com.diffblue.cover.ui.b.b]      [68/131]   T024: Generated method
13:03:38.430 [DEBUG]  [Creating]    [pool-3-thread-1]   [com.diffblue.cover.ui.b.b]      [68/131]   (at least 3 lines uncovered in this method)
13:03:38.430 [INFO]   [Creating]    [pool-3-thread-1]   [com.diffblue.cover.ui.b.b]      [68/131]     Indicates that the method is generated by some framework or tool and should not
13:03:38.430 [INFO]   [Creating]    [pool-3-thread-1]   [com.diffblue.cover.ui.b.b]      [68/131]     be tested explicitly. The expectation is that the generator itself should be
13:03:38.430 [INFO]   [Creating]    [pool-3-thread-1]   [com.diffblue.cover.ui.b.b]      [68/131]     tested and not each piece of code it produces.
13:03:38.430 [INFO]   [Creating]    [pool-3-thread-1]   [com.diffblue.cover.ui.b.b]      [68/131]     Currently, this includes methods identified generated by Lombok, Protobuf,
13:03:38.430 [INFO]   [Creating]    [pool-3-thread-1]   [com.diffblue.cover.ui.b.b]      [68/131]     Grpc, Hibernate, or annotated with a custom '@Generated' annotation
13:03:38.430 [INFO]   [Creating]    [pool-3-thread-1]   [com.diffblue.cover.ui.b.b]      [68/131]     (as long as the custom annotation has 'RUNTIME' or 'CLASS' retention).
13:03:38.430 [INFO]   [Creating]    [pool-3-thread-1]   [com.diffblue.cover.ui.b.b]      [68/131]     Diffblue Cover considers these methods as not directly callable.
13:03:38.432 [INFO]   [Creating]    [pool-3-thread-1]   [com.diffblue.cover.ui.b.b]      [69/131] uk.gov.gchq.palisade.rule.Rules.getMessage
13:03:38.433 [INFO]   [Creating]    [pool-3-thread-1]   [com.diffblue.cover.ui.b.b]      [69/131]   T024: Generated method
13:03:38.433 [DEBUG]  [Creating]    [pool-3-thread-1]   [com.diffblue.cover.ui.b.b]      [69/131]   (at least 1 line uncovered in this method)
13:03:38.433 [INFO]   [Creating]    [pool-3-thread-1]   [com.diffblue.cover.ui.b.b]      [69/131]     Indicates that the method is generated by some framework or tool and should not
13:03:38.433 [INFO]   [Creating]    [pool-3-thread-1]   [com.diffblue.cover.ui.b.b]      [69/131]     be tested explicitly. The expectation is that the generator itself should be
13:03:38.433 [INFO]   [Creating]    [pool-3-thread-1]   [com.diffblue.cover.ui.b.b]      [69/131]     tested and not each piece of code it produces.
13:03:38.433 [INFO]   [Creating]    [pool-3-thread-1]   [com.diffblue.cover.ui.b.b]      [69/131]     Currently, this includes methods identified generated by Lombok, Protobuf,
13:03:38.433 [INFO]   [Creating]    [pool-3-thread-1]   [com.diffblue.cover.ui.b.b]      [69/131]     Grpc, Hibernate, or annotated with a custom '@Generated' annotation
13:03:38.433 [INFO]   [Creating]    [pool-3-thread-1]   [com.diffblue.cover.ui.b.b]      [69/131]     (as long as the custom annotation has 'RUNTIME' or 'CLASS' retention).
13:03:38.433 [INFO]   [Creating]    [pool-3-thread-1]   [com.diffblue.cover.ui.b.b]      [69/131]     Diffblue Cover considers these methods as not directly callable.
13:03:38.434 [INFO]   [Creating]    [pool-3-thread-1]   [com.diffblue.cover.ui.b.b]      [70/131] uk.gov.gchq.palisade.rule.Rules.getRules
13:03:38.434 [INFO]   [Creating]    [pool-3-thread-1]   [com.diffblue.cover.ui.b.b]      [70/131]   T024: Generated method
13:03:38.434 [DEBUG]  [Creating]    [pool-3-thread-1]   [com.diffblue.cover.ui.b.b]      [70/131]   (at least 1 line uncovered in this method)
13:03:38.434 [INFO]   [Creating]    [pool-3-thread-1]   [com.diffblue.cover.ui.b.b]      [70/131]     Indicates that the method is generated by some framework or tool and should not
13:03:38.434 [INFO]   [Creating]    [pool-3-thread-1]   [com.diffblue.cover.ui.b.b]      [70/131]     be tested explicitly. The expectation is that the generator itself should be
13:03:38.434 [INFO]   [Creating]    [pool-3-thread-1]   [com.diffblue.cover.ui.b.b]      [70/131]     tested and not each piece of code it produces.
13:03:38.434 [INFO]   [Creating]    [pool-3-thread-1]   [com.diffblue.cover.ui.b.b]      [70/131]     Currently, this includes methods identified generated by Lombok, Protobuf,
13:03:38.434 [INFO]   [Creating]    [pool-3-thread-1]   [com.diffblue.cover.ui.b.b]      [70/131]     Grpc, Hibernate, or annotated with a custom '@Generated' annotation
13:03:38.434 [INFO]   [Creating]    [pool-3-thread-1]   [com.diffblue.cover.ui.b.b]      [70/131]     (as long as the custom annotation has 'RUNTIME' or 'CLASS' retention).
13:03:38.434 [INFO]   [Creating]    [pool-3-thread-1]   [com.diffblue.cover.ui.b.b]      [70/131]     Diffblue Cover considers these methods as not directly callable.
13:03:38.435 [INFO]   [Creating]    [pool-3-thread-1]   [com.diffblue.cover.ui.b.b]      [71/131] uk.gov.gchq.palisade.rule.Rules.hashCode
13:03:38.435 [INFO]   [Creating]    [pool-3-thread-1]   [com.diffblue.cover.ui.b.b]      [71/131]   T024: Generated method
13:03:38.435 [DEBUG]  [Creating]    [pool-3-thread-1]   [com.diffblue.cover.ui.b.b]      [71/131]   (at least 1 line uncovered in this method)
13:03:38.435 [INFO]   [Creating]    [pool-3-thread-1]   [com.diffblue.cover.ui.b.b]      [71/131]     Indicates that the method is generated by some framework or tool and should not
13:03:38.435 [INFO]   [Creating]    [pool-3-thread-1]   [com.diffblue.cover.ui.b.b]      [71/131]     be tested explicitly. The expectation is that the generator itself should be
13:03:38.435 [INFO]   [Creating]    [pool-3-thread-1]   [com.diffblue.cover.ui.b.b]      [71/131]     tested and not each piece of code it produces.
13:03:38.435 [INFO]   [Creating]    [pool-3-thread-1]   [com.diffblue.cover.ui.b.b]      [71/131]     Currently, this includes methods identified generated by Lombok, Protobuf,
13:03:38.435 [INFO]   [Creating]    [pool-3-thread-1]   [com.diffblue.cover.ui.b.b]      [71/131]     Grpc, Hibernate, or annotated with a custom '@Generated' annotation
13:03:38.435 [INFO]   [Creating]    [pool-3-thread-1]   [com.diffblue.cover.ui.b.b]      [71/131]     (as long as the custom annotation has 'RUNTIME' or 'CLASS' retention).
13:03:38.435 [INFO]   [Creating]    [pool-3-thread-1]   [com.diffblue.cover.ui.b.b]      [71/131]     Diffblue Cover considers these methods as not directly callable.
13:03:38.437 [INFO]   [Creating]    [pool-3-thread-1]   [com.diffblue.cover.ui.b.b]      [72/131] uk.gov.gchq.palisade.rule.Rules.message
13:03:38.437 [INFO]   [Creating]    [pool-3-thread-1]   [com.diffblue.cover.ui.b.b]      [72/131]   T024: Generated method
13:03:38.437 [DEBUG]  [Creating]    [pool-3-thread-1]   [com.diffblue.cover.ui.b.b]      [72/131]   (at least 2 lines uncovered in this method)
13:03:38.437 [INFO]   [Creating]    [pool-3-thread-1]   [com.diffblue.cover.ui.b.b]      [72/131]     Indicates that the method is generated by some framework or tool and should not
13:03:38.437 [INFO]   [Creating]    [pool-3-thread-1]   [com.diffblue.cover.ui.b.b]      [72/131]     be tested explicitly. The expectation is that the generator itself should be
13:03:38.437 [INFO]   [Creating]    [pool-3-thread-1]   [com.diffblue.cover.ui.b.b]      [72/131]     tested and not each piece of code it produces.
13:03:38.437 [INFO]   [Creating]    [pool-3-thread-1]   [com.diffblue.cover.ui.b.b]      [72/131]     Currently, this includes methods identified generated by Lombok, Protobuf,
13:03:38.437 [INFO]   [Creating]    [pool-3-thread-1]   [com.diffblue.cover.ui.b.b]      [72/131]     Grpc, Hibernate, or annotated with a custom '@Generated' annotation
13:03:38.437 [INFO]   [Creating]    [pool-3-thread-1]   [com.diffblue.cover.ui.b.b]      [72/131]     (as long as the custom annotation has 'RUNTIME' or 'CLASS' retention).
13:03:38.437 [INFO]   [Creating]    [pool-3-thread-1]   [com.diffblue.cover.ui.b.b]      [72/131]     Diffblue Cover considers these methods as not directly callable.
13:03:38.438 [INFO]   [Creating]    [pool-3-thread-1]   [com.diffblue.cover.ui.b.b]      [73/131] uk.gov.gchq.palisade.rule.Rules.rules
13:03:38.439 [INFO]   [Creating]    [pool-3-thread-1]   [com.diffblue.cover.ui.b.b]      [73/131]   T024: Generated method
13:03:38.439 [DEBUG]  [Creating]    [pool-3-thread-1]   [com.diffblue.cover.ui.b.b]      [73/131]   (at least 2 lines uncovered in this method)
13:03:38.439 [INFO]   [Creating]    [pool-3-thread-1]   [com.diffblue.cover.ui.b.b]      [73/131]     Indicates that the method is generated by some framework or tool and should not
13:03:38.439 [INFO]   [Creating]    [pool-3-thread-1]   [com.diffblue.cover.ui.b.b]      [73/131]     be tested explicitly. The expectation is that the generator itself should be
13:03:38.439 [INFO]   [Creating]    [pool-3-thread-1]   [com.diffblue.cover.ui.b.b]      [73/131]     tested and not each piece of code it produces.
13:03:38.439 [INFO]   [Creating]    [pool-3-thread-1]   [com.diffblue.cover.ui.b.b]      [73/131]     Currently, this includes methods identified generated by Lombok, Protobuf,
13:03:38.439 [INFO]   [Creating]    [pool-3-thread-1]   [com.diffblue.cover.ui.b.b]      [73/131]     Grpc, Hibernate, or annotated with a custom '@Generated' annotation
13:03:38.439 [INFO]   [Creating]    [pool-3-thread-1]   [com.diffblue.cover.ui.b.b]      [73/131]     (as long as the custom annotation has 'RUNTIME' or 'CLASS' retention).
13:03:38.439 [INFO]   [Creating]    [pool-3-thread-1]   [com.diffblue.cover.ui.b.b]      [73/131]     Diffblue Cover considers these methods as not directly callable.
13:03:38.441 [INFO]   [Creating]    [pool-3-thread-1]   [com.diffblue.cover.ui.b.b]      [74/131] uk.gov.gchq.palisade.rule.Rules.setMessage
13:03:38.441 [INFO]   [Creating]    [pool-3-thread-1]   [com.diffblue.cover.ui.b.b]      [74/131]   T024: Generated method
13:03:38.441 [DEBUG]  [Creating]    [pool-3-thread-1]   [com.diffblue.cover.ui.b.b]      [74/131]   (at least 3 lines uncovered in this method)
13:03:38.441 [INFO]   [Creating]    [pool-3-thread-1]   [com.diffblue.cover.ui.b.b]      [74/131]     Indicates that the method is generated by some framework or tool and should not
13:03:38.441 [INFO]   [Creating]    [pool-3-thread-1]   [com.diffblue.cover.ui.b.b]      [74/131]     be tested explicitly. The expectation is that the generator itself should be
13:03:38.441 [INFO]   [Creating]    [pool-3-thread-1]   [com.diffblue.cover.ui.b.b]      [74/131]     tested and not each piece of code it produces.
13:03:38.441 [INFO]   [Creating]    [pool-3-thread-1]   [com.diffblue.cover.ui.b.b]      [74/131]     Currently, this includes methods identified generated by Lombok, Protobuf,
13:03:38.441 [INFO]   [Creating]    [pool-3-thread-1]   [com.diffblue.cover.ui.b.b]      [74/131]     Grpc, Hibernate, or annotated with a custom '@Generated' annotation
13:03:38.441 [INFO]   [Creating]    [pool-3-thread-1]   [com.diffblue.cover.ui.b.b]      [74/131]     (as long as the custom annotation has 'RUNTIME' or 'CLASS' retention).
13:03:38.441 [INFO]   [Creating]    [pool-3-thread-1]   [com.diffblue.cover.ui.b.b]      [74/131]     Diffblue Cover considers these methods as not directly callable.
13:03:38.442 [INFO]   [Creating]    [pool-3-thread-1]   [com.diffblue.cover.ui.b.b]      [75/131] uk.gov.gchq.palisade.rule.Rules.setRules
13:03:38.442 [INFO]   [Creating]    [pool-3-thread-1]   [com.diffblue.cover.ui.b.b]      [75/131]   T024: Generated method
13:03:38.442 [DEBUG]  [Creating]    [pool-3-thread-1]   [com.diffblue.cover.ui.b.b]      [75/131]   (at least 3 lines uncovered in this method)
13:03:38.442 [INFO]   [Creating]    [pool-3-thread-1]   [com.diffblue.cover.ui.b.b]      [75/131]     Indicates that the method is generated by some framework or tool and should not
13:03:38.442 [INFO]   [Creating]    [pool-3-thread-1]   [com.diffblue.cover.ui.b.b]      [75/131]     be tested explicitly. The expectation is that the generator itself should be
13:03:38.442 [INFO]   [Creating]    [pool-3-thread-1]   [com.diffblue.cover.ui.b.b]      [75/131]     tested and not each piece of code it produces.
13:03:38.442 [INFO]   [Creating]    [pool-3-thread-1]   [com.diffblue.cover.ui.b.b]      [75/131]     Currently, this includes methods identified generated by Lombok, Protobuf,
13:03:38.442 [INFO]   [Creating]    [pool-3-thread-1]   [com.diffblue.cover.ui.b.b]      [75/131]     Grpc, Hibernate, or annotated with a custom '@Generated' annotation
13:03:38.442 [INFO]   [Creating]    [pool-3-thread-1]   [com.diffblue.cover.ui.b.b]      [75/131]     (as long as the custom annotation has 'RUNTIME' or 'CLASS' retention).
13:03:38.442 [INFO]   [Creating]    [pool-3-thread-1]   [com.diffblue.cover.ui.b.b]      [75/131]     Diffblue Cover considers these methods as not directly callable.
13:03:38.443 [INFO]   [Creating]    [pool-3-thread-1]   [com.diffblue.cover.ui.b.b]      [76/131] uk.gov.gchq.palisade.rule.Rules.toString
13:03:38.443 [INFO]   [Creating]    [pool-3-thread-1]   [com.diffblue.cover.ui.b.b]      [76/131]   T024: Generated method
13:03:38.443 [DEBUG]  [Creating]    [pool-3-thread-1]   [com.diffblue.cover.ui.b.b]      [76/131]   (at least 5 lines uncovered in this method)
13:03:38.443 [INFO]   [Creating]    [pool-3-thread-1]   [com.diffblue.cover.ui.b.b]      [76/131]     Indicates that the method is generated by some framework or tool and should not
13:03:38.443 [INFO]   [Creating]    [pool-3-thread-1]   [com.diffblue.cover.ui.b.b]      [76/131]     be tested explicitly. The expectation is that the generator itself should be
13:03:38.443 [INFO]   [Creating]    [pool-3-thread-1]   [com.diffblue.cover.ui.b.b]      [76/131]     tested and not each piece of code it produces.
13:03:38.444 [INFO]   [Creating]    [pool-3-thread-1]   [com.diffblue.cover.ui.b.b]      [76/131]     Currently, this includes methods identified generated by Lombok, Protobuf,
13:03:38.444 [INFO]   [Creating]    [pool-3-thread-1]   [com.diffblue.cover.ui.b.b]      [76/131]     Grpc, Hibernate, or annotated with a custom '@Generated' annotation
13:03:38.444 [INFO]   [Creating]    [pool-3-thread-1]   [com.diffblue.cover.ui.b.b]      [76/131]     (as long as the custom annotation has 'RUNTIME' or 'CLASS' retention).
13:03:38.444 [INFO]   [Creating]    [pool-3-thread-1]   [com.diffblue.cover.ui.b.b]      [76/131]     Diffblue Cover considers these methods as not directly callable.
13:03:38.444 [DEBUG]  [Creating]    [pool-3-thread-1]   [com.diffblue.combiner.d.j] Using Javaparser to combine tests
13:03:38.444 [INFO]   [Creating]    [pool-3-thread-1]   [com.diffblue.cover.m.a.b] Filtering of methods complete. Creating analysis request
13:03:38.444 [INFO]   [Creating]    [pool-3-thread-1]   [com.diffblue.cover.service.c] Attempting to get service client, retry 1.
13:03:38.463 [DEBUG]  [Creating]    [analyzer-service:grpc-default-executor-1][com.diffblue.fuzztest.e.a] Class information:
13:03:38.463 [DEBUG]  [Creating]    [analyzer-service:grpc-default-executor-1][com.diffblue.fuzztest.e.a]   Implements: interface java.io.Serializable
13:03:38.463 [DEBUG]  [Creating]    [analyzer-service:grpc-default-executor-1][com.diffblue.fuzztest.e.a]   Fields: private static final java.lang.String uk.gov.gchq.palisade.rule.Rules.ID_CANNOT_BE_NULL, public static final java.lang.String uk.gov.gchq.palisade.rule.Rules.NO_RULES_SET, private static final java.lang.String uk.gov.gchq.palisade.rule.Rules.RULE_CANNOT_BE_NULL, private java.lang.String uk.gov.gchq.palisade.rule.Rules.message, private java.util.LinkedHashMap uk.gov.gchq.palisade.rule.Rules.rulesMap, private static final long uk.gov.gchq.palisade.rule.Rules.serialVersionUID
13:03:38.464 [DEBUG]  [Creating]    [analyzer-service:grpc-default-executor-1][com.diffblue.fuzztest.e.a]   Constructors: public uk.gov.gchq.palisade.rule.Rules()
13:03:38.465 [DEBUG]  [Creating]    [analyzer-service:grpc-default-executor-1][com.diffblue.fuzztest.e.a]   Methods: public uk.gov.gchq.palisade.rule.Rules uk.gov.gchq.palisade.rule.Rules.addRule(java.lang.String,uk.gov.gchq.palisade.rule.Rule), public uk.gov.gchq.palisade.rule.Rules uk.gov.gchq.palisade.rule.Rules.addRules(java.util.Map), public boolean uk.gov.gchq.palisade.rule.Rules.containsRules(), public boolean uk.gov.gchq.palisade.rule.Rules.equals(java.lang.Object), public java.lang.String uk.gov.gchq.palisade.rule.Rules.getMessage(), public java.util.Map uk.gov.gchq.palisade.rule.Rules.getRules(), public int uk.gov.gchq.palisade.rule.Rules.hashCode(), private static java.util.Optional uk.gov.gchq.palisade.rule.Rules.lambda$equals$0(java.util.Optional), private static java.util.Optional uk.gov.gchq.palisade.rule.Rules.lambda$equals$1(java.util.Optional), public uk.gov.gchq.palisade.rule.Rules uk.gov.gchq.palisade.rule.Rules.message(java.lang.String), public uk.gov.gchq.palisade.rule.Rules uk.gov.gchq.palisade.rule.Rules.rules(java.util.Map), public void uk.gov.gchq.palisade.rule.Rules.setMessage(java.lang.String), public void uk.gov.gchq.palisade.rule.Rules.setRules(java.util.Map), public java.lang.String uk.gov.gchq.palisade.rule.Rules.toString()
13:03:42.533 [DEBUG]  [Creating]    [analyzer-service:grpc-default-executor-1][com.diffblue.cover.service.analyzer.a.c] Watchdog reset
13:03:42.667 [DEBUG]  [Creating]    [analyzer-service:grpc-default-executor-1][com.diffblue.cover.service.analyzer.a.c] Watchdog reset
13:03:42.896 [DEBUG]  [Creating]    [analyzer-service:grpc-default-executor-1][com.diffblue.cover.service.analyzer.a.c] Watchdog reset
13:03:42.898 [DEBUG]  [Creating]    [analyzer-service:TimedExecutor-68][com.diffblue.fuzztest.g.e] 
================================================================================
= Creating tests for 'uk.gov.gchq.palisade.rule.Rules.<init>:()V' using 'TrM (!sp, !fnm, df)'
================================================================================
13:03:42.898 [DEBUG]  [Creating]    [analyzer-service:TimedExecutor-68][com.diffblue.fuzztest.g.e] 
================================================================================
= Trying DI configuration EmptyDependencyInjectionTirConfiguration for uk.gov.gchq.palisade.rule.Rules.<init>:()V
================================================================================
13:03:43.041 [DEBUG]  [Creating]    [analyzer-service:TimedExecutor-68][com.diffblue.cover.service.analyzer.a.c] Watchdog reset
13:03:43.056 [DEBUG]  [Creating]    [analyzer-service:TimedExecutor-68][com.diffblue.fuzztest.g.e] DI configuration 'com.diffblue.tir.p' generated tests: 1
13:03:43.056 [DEBUG]  [Creating]    [analyzer-service:TimedExecutor-68][com.diffblue.fuzztest.g.e] Enabling descriptive test naming
13:03:43.058 [DEBUG]  [Creating]    [analyzer-service:grpc-default-executor-1][com.diffblue.fuzztest.e.c] Created 1+0 tests and partial tests via 'TrM (!sp, !fnm, df)' , returning all 1
13:03:43.076 [DEBUG]  [Creating]    [pool-3-thread-1]   [com.diffblue.cover.m.a.b] in processAnalysisResult for uk.gov.gchq.palisade.rule.Rules.<init>:()V
13:03:43.076 [DEBUG]  [Creating]    [pool-3-thread-1]   [com.diffblue.combiner.d.j] Using Javaparser to combine tests
13:03:43.127 [DEBUG]  [Creating]    [pool-6-thread-25]  [com.diffblue.cover.l.a.c] EdgeCoverageRuntime contains 8 edges
13:03:43.127 [DEBUG]  [Creating]    [pool-3-thread-1]   [com.diffblue.combiner.a.c] Adding changeSet to account as new: Optional[uk.gov.gchq.palisade.rule.Rules.<init>:()V]
13:03:43.148 [DEBUG]  [Creating]    [analyzer-service:TimedExecutor-69][com.diffblue.fuzztest.g.e] 
================================================================================
= Creating tests for 'uk.gov.gchq.palisade.rule.Rules.equals:(Ljava/lang/Object;)Z' using 'EqH (!sp, !fnm, df)'
================================================================================
13:03:43.154 [DEBUG]  [Creating]    [analyzer-service:TimedExecutor-69][com.diffblue.fuzztest.g.ap] Parsed existing test class at /home/jbergqvist/diffblue/Palisade-common/src/test/java/uk/gov/gchq/palisade/rule/RulesDiffblueTest.java: found 0 annotations
13:03:43.154 [DEBUG]  [Creating]    [analyzer-service:TimedExecutor-69][com.diffblue.fuzztest.g.e] 
================================================================================
= Trying DI configuration com.diffblue.cover.f.e.aa@20 for uk.gov.gchq.palisade.rule.Rules.equals:(Ljava/lang/Object;)Z
================================================================================
13:03:44.101 [DEBUG]  [Creating]    [analyzer-service:TimedExecutor-69][com.diffblue.fuzztest.b.f] Refinement loop done: 1 seeds, 5+0 new+accumulated tests, 5+0 tests+partial tests, 538/1000 its
13:03:44.152 [DEBUG]  [Creating]    [analyzer-service:TimedExecutor-69][com.diffblue.fuzztest.g.e] DI configuration 'com.diffblue.cover.f.e.aa' generated tests: 8
13:03:44.152 [DEBUG]  [Creating]    [analyzer-service:TimedExecutor-69][com.diffblue.fuzztest.g.e] 
================================================================================
= Trying DI configuration EmptyDependencyInjectionTirConfiguration for uk.gov.gchq.palisade.rule.Rules.equals:(Ljava/lang/Object;)Z
================================================================================
13:03:44.745 [DEBUG]  [Creating]    [analyzer-service:TimedExecutor-69][com.diffblue.fuzztest.b.f] Refinement loop done: 1 seeds, 5+0 new+accumulated tests, 5+0 tests+partial tests, 538/1000 its
13:03:44.887 [DEBUG]  [Creating]    [analyzer-service:grpc-default-executor-1][com.diffblue.fuzztest.e.c] Justification for mocking : 
  * uk.gov.gchq.palisade.rule.Rule<java.io.Serializable>: SIMPLIFY_SETUP(Simplified setup: mocking can simplify the arrange section)
13:03:44.887 [DEBUG]  [Creating]    [analyzer-service:grpc-default-executor-1][com.diffblue.fuzztest.e.c] Created 8+0 tests and partial tests via 'EqH (!sp, !fnm, df)' , returning all 8
13:03:44.980 [DEBUG]  [Creating]    [analyzer-service:grpc-default-executor-1][com.diffblue.cover.service.analyzer.a.c] Watchdog reset
13:03:44.986 [DEBUG]  [Creating]    [pool-3-thread-1]   [com.diffblue.cover.m.a.b] in processAnalysisResult for uk.gov.gchq.palisade.rule.Rules.equals:(Ljava/lang/Object;)Z
13:03:44.986 [DEBUG]  [Creating]    [pool-3-thread-1]   [com.diffblue.cover.r.d] Finished with MethodGroup: <init>, countOfTests: 1, countOfMethodsTested: 1 TestGenerationAccount: a[countOfRemoved=0, countOfUnchanged=0, countOfUpdated=0, countOfNew=25]
13:03:44.986 [INFO]   [Creating]    [pool-3-thread-1]   [com.diffblue.cover.ui.b.b]      [77/131] uk.gov.gchq.palisade.rule.Rules.<init>
13:03:44.986 [INFO]   [Creating]    [pool-3-thread-1]   [com.diffblue.cover.ui.b.b]      [77/131]   Tests created: 1
13:03:44.986 [DEBUG]  [Creating]    [pool-3-thread-1]   [com.diffblue.combiner.d.j] Using Javaparser to combine tests
13:03:45.031 [DEBUG]  [Creating]    [pool-6-thread-26]  [com.diffblue.cover.l.a.c] EdgeCoverageRuntime contains 4 edges
13:03:45.032 [DEBUG]  [Creating]    [pool-3-thread-1]   [com.diffblue.combiner.a.c] Adding changeSet to account as new: Optional[uk.gov.gchq.palisade.rule.Rules.equals:(Ljava/lang/Object;)Z]
13:03:45.042 [DEBUG]  [Creating]    [pool-3-thread-1]   [com.diffblue.combiner.d.j] Using Javaparser to combine tests
13:03:45.081 [DEBUG]  [Creating]    [pool-6-thread-27]  [com.diffblue.cover.l.a.c] EdgeCoverageRuntime contains 4 edges
13:03:45.081 [DEBUG]  [Creating]    [pool-3-thread-1]   [com.diffblue.combiner.a.c] Adding changeSet to account as new: Optional[uk.gov.gchq.palisade.rule.Rules.equals:(Ljava/lang/Object;)Z]
13:03:45.092 [DEBUG]  [Creating]    [pool-3-thread-1]   [com.diffblue.combiner.d.j] Using Javaparser to combine tests
13:03:45.132 [DEBUG]  [Creating]    [pool-6-thread-28]  [com.diffblue.cover.l.a.c] EdgeCoverageRuntime contains 7 edges
13:03:45.132 [DEBUG]  [Creating]    [pool-3-thread-1]   [com.diffblue.combiner.a.c] Adding changeSet to account as new: Optional[uk.gov.gchq.palisade.rule.Rules.equals:(Ljava/lang/Object;)Z]
13:03:45.148 [DEBUG]  [Creating]    [pool-3-thread-1]   [com.diffblue.combiner.d.j] Using Javaparser to combine tests
13:03:45.189 [DEBUG]  [Creating]    [pool-6-thread-29]  [com.diffblue.cover.l.a.c] EdgeCoverageRuntime contains 8 edges
13:03:45.189 [DEBUG]  [Creating]    [pool-3-thread-1]   [com.diffblue.combiner.a.c] Adding changeSet to account as new: Optional[uk.gov.gchq.palisade.rule.Rules.equals:(Ljava/lang/Object;)Z]
13:03:45.206 [DEBUG]  [Creating]    [pool-3-thread-1]   [com.diffblue.combiner.d.j] Using Javaparser to combine tests
13:03:45.377 [DEBUG]  [Creating]    [pool-6-thread-30]  [com.diffblue.cover.l.a.c] EdgeCoverageRuntime contains 7 edges
13:03:45.378 [DEBUG]  [Creating]    [pool-3-thread-1]   [com.diffblue.combiner.a.c] Adding changeSet to account as new: Optional[uk.gov.gchq.palisade.rule.Rules.equals:(Ljava/lang/Object;)Z]
13:03:45.411 [DEBUG]  [Creating]    [pool-3-thread-1]   [com.diffblue.combiner.d.j] Using Javaparser to combine tests
13:03:45.466 [DEBUG]  [Creating]    [pool-6-thread-31]  [com.diffblue.cover.l.a.c] EdgeCoverageRuntime contains 9 edges
13:03:45.466 [DEBUG]  [Creating]    [pool-3-thread-1]   [com.diffblue.combiner.a.c] Adding changeSet to account as new: Optional[uk.gov.gchq.palisade.rule.Rules.equals:(Ljava/lang/Object;)Z]
13:03:45.489 [DEBUG]  [Creating]    [pool-3-thread-1]   [com.diffblue.combiner.d.j] Using Javaparser to combine tests
13:03:45.533 [DEBUG]  [Creating]    [pool-6-thread-32]  [com.diffblue.cover.l.a.c] EdgeCoverageRuntime contains 7 edges
13:03:45.533 [DEBUG]  [Creating]    [pool-3-thread-1]   [com.diffblue.combiner.a.c] Adding changeSet to account as new: Optional[uk.gov.gchq.palisade.rule.Rules.equals:(Ljava/lang/Object;)Z]
13:03:45.555 [DEBUG]  [Creating]    [pool-3-thread-1]   [com.diffblue.combiner.d.j] Using Javaparser to combine tests
13:03:45.600 [DEBUG]  [Creating]    [pool-6-thread-33]  [com.diffblue.cover.l.a.c] EdgeCoverageRuntime contains 9 edges
13:03:45.600 [DEBUG]  [Creating]    [pool-3-thread-1]   [com.diffblue.combiner.a.c] Adding changeSet to account as new: Optional[uk.gov.gchq.palisade.rule.Rules.equals:(Ljava/lang/Object;)Z]
13:03:45.628 [DEBUG]  [Creating]    [analyzer-service:grpc-default-executor-1][com.diffblue.cover.service.analyzer.a.c] Watchdog reset
13:03:45.629 [DEBUG]  [Creating]    [analyzer-service:TimedExecutor-70][com.diffblue.fuzztest.g.e] 
================================================================================
= Creating tests for 'uk.gov.gchq.palisade.rule.Rules.containsRules:()Z' using 'SiM (!sp, fnm, df)'
================================================================================
13:03:45.641 [DEBUG]  [Creating]    [analyzer-service:TimedExecutor-70][com.diffblue.fuzztest.g.ap] Parsed existing test class at /home/jbergqvist/diffblue/Palisade-common/src/test/java/uk/gov/gchq/palisade/rule/RulesDiffblueTest.java: found 0 annotations
13:03:45.641 [DEBUG]  [Creating]    [analyzer-service:TimedExecutor-70][com.diffblue.fuzztest.g.e] 
================================================================================
= Trying DI configuration EmptyDependencyInjectionTirConfiguration for uk.gov.gchq.palisade.rule.Rules.containsRules:()Z
================================================================================
13:03:45.962 [DEBUG]  [Creating]    [analyzer-service:TimedExecutor-70][com.diffblue.fuzztest.b.f] Refinement loop done: 1 seeds, 2+0 new+accumulated tests, 2+0 tests+partial tests, 504/1000 its
13:03:46.020 [DEBUG]  [Creating]    [analyzer-service:TimedExecutor-70][com.diffblue.fuzztest.g.e] DI configuration 'com.diffblue.tir.p' generated tests: 2
13:03:46.020 [DEBUG]  [Creating]    [analyzer-service:TimedExecutor-70][com.diffblue.fuzztest.g.e] Enabling descriptive test naming
13:03:46.025 [DEBUG]  [Creating]    [analyzer-service:grpc-default-executor-1][com.diffblue.fuzztest.e.c] Justification for mocking SiM fallback 1/2: 
  * uk.gov.gchq.palisade.rule.Rule<java.io.Serializable>: SIMPLIFY_SETUP(Simplified setup: mocking can simplify the arrange section)
13:03:46.026 [DEBUG]  [Creating]    [analyzer-service:grpc-default-executor-1][com.diffblue.fuzztest.e.c] Created 2+0 tests and partial tests via 'SiM (!sp, fnm, df)' SiM fallback 1/2, returning all 2
13:03:46.056 [DEBUG]  [Creating]    [pool-3-thread-1]   [com.diffblue.cover.m.a.b] in processAnalysisResult for uk.gov.gchq.palisade.rule.Rules.containsRules:()Z
13:03:46.057 [DEBUG]  [Creating]    [pool-3-thread-1]   [com.diffblue.cover.r.d] Finished with MethodGroup: equals, countOfTests: 8, countOfMethodsTested: 1 TestGenerationAccount: a[countOfRemoved=0, countOfUnchanged=0, countOfUpdated=0, countOfNew=33]
13:03:46.057 [INFO]   [Creating]    [pool-3-thread-1]   [com.diffblue.cover.ui.b.b]      [78/131] uk.gov.gchq.palisade.rule.Rules.equals
13:03:46.057 [INFO]   [Creating]    [pool-3-thread-1]   [com.diffblue.cover.ui.b.b]      [78/131]   Tests created: 8
13:03:46.057 [DEBUG]  [Creating]    [pool-3-thread-1]   [com.diffblue.combiner.d.j] Using Javaparser to combine tests
13:03:46.114 [DEBUG]  [Creating]    [pool-6-thread-34]  [com.diffblue.cover.l.a.c] EdgeCoverageRuntime contains 5 edges
13:03:46.114 [DEBUG]  [Creating]    [pool-3-thread-1]   [com.diffblue.combiner.a.c] Adding changeSet to account as new: Optional[uk.gov.gchq.palisade.rule.Rules.containsRules:()Z]
13:03:46.135 [DEBUG]  [Creating]    [pool-3-thread-1]   [com.diffblue.combiner.d.j] Using Javaparser to combine tests
13:03:46.179 [DEBUG]  [Creating]    [pool-6-thread-35]  [com.diffblue.cover.l.a.c] EdgeCoverageRuntime contains 7 edges
13:03:46.179 [DEBUG]  [Creating]    [pool-3-thread-1]   [com.diffblue.combiner.a.c] Adding changeSet to account as new: Optional[uk.gov.gchq.palisade.rule.Rules.containsRules:()Z]
13:03:46.205 [DEBUG]  [Creating]    [pool-3-thread-1]   [com.diffblue.cover.r.d] Finished with MethodGroup: containsRules, countOfTests: 2, countOfMethodsTested: 1 TestGenerationAccount: a[countOfRemoved=0, countOfUnchanged=0, countOfUpdated=0, countOfNew=35]
13:03:46.204 [DEBUG]  [Creating]    [analyzer-service:grpc-default-executor-1][com.diffblue.cover.service.analyzer.a.c] Watchdog reset
13:03:46.205 [INFO]   [Creating]    [pool-3-thread-1]   [com.diffblue.cover.ui.b.b]      [79/131] uk.gov.gchq.palisade.rule.Rules.containsRules
13:03:46.205 [INFO]   [Creating]    [pool-3-thread-1]   [com.diffblue.cover.ui.b.b]      [79/131]   Tests created: 2
13:03:46.207 [INFO]   [Creating]    [pool-3-thread-1]   [com.diffblue.cover.ui.b.b] [10/25] uk.gov.gchq.palisade.rule.Rules
13:03:46.207 [INFO]   [Creating]    [pool-3-thread-1]   [com.diffblue.cover.ui.b.b] [10/25]   Tests created: 11
13:03:46.207 [DEBUG]  [Creating]    [pool-3-thread-1]   [com.diffblue.cover.ui.b.b] [10/25]   (at least 25 lines uncovered in this class)
13:03:46.209 [INFO]   [Creating]    [pool-3-thread-1]   [com.diffblue.cover.m.a.b] 
================================================================================
= Starting analysis for class 'uk.gov.gchq.palisade.user.User'
================================================================================
13:03:46.209 [INFO]   [Creating]    [pool-3-thread-1]   [com.diffblue.cover.m.a.b] Filtering out non-testable methods...
13:03:46.214 [INFO]   [Creating]    [pool-3-thread-1]   [com.diffblue.cover.ui.b.b]      [80/131] uk.gov.gchq.palisade.user.User.addAuths
13:03:46.214 [INFO]   [Creating]    [pool-3-thread-1]   [com.diffblue.cover.ui.b.b]      [80/131]   T024: Generated method
13:03:46.214 [DEBUG]  [Creating]    [pool-3-thread-1]   [com.diffblue.cover.ui.b.b]      [80/131]   (at least 3 lines uncovered in this method)
13:03:46.214 [INFO]   [Creating]    [pool-3-thread-1]   [com.diffblue.cover.ui.b.b]      [80/131]     Indicates that the method is generated by some framework or tool and should not
13:03:46.214 [INFO]   [Creating]    [pool-3-thread-1]   [com.diffblue.cover.ui.b.b]      [80/131]     be tested explicitly. The expectation is that the generator itself should be
13:03:46.214 [INFO]   [Creating]    [pool-3-thread-1]   [com.diffblue.cover.ui.b.b]      [80/131]     tested and not each piece of code it produces.
13:03:46.214 [INFO]   [Creating]    [pool-3-thread-1]   [com.diffblue.cover.ui.b.b]      [80/131]     Currently, this includes methods identified generated by Lombok, Protobuf,
13:03:46.214 [INFO]   [Creating]    [pool-3-thread-1]   [com.diffblue.cover.ui.b.b]      [80/131]     Grpc, Hibernate, or annotated with a custom '@Generated' annotation
13:03:46.215 [INFO]   [Creating]    [pool-3-thread-1]   [com.diffblue.cover.ui.b.b]      [80/131]     (as long as the custom annotation has 'RUNTIME' or 'CLASS' retention).
13:03:46.215 [INFO]   [Creating]    [pool-3-thread-1]   [com.diffblue.cover.ui.b.b]      [80/131]     Diffblue Cover considers these methods as not directly callable.
13:03:46.216 [INFO]   [Creating]    [pool-3-thread-1]   [com.diffblue.cover.ui.b.b]      [81/131] uk.gov.gchq.palisade.user.User.addRoles
13:03:46.216 [INFO]   [Creating]    [pool-3-thread-1]   [com.diffblue.cover.ui.b.b]      [81/131]   T024: Generated method
13:03:46.216 [DEBUG]  [Creating]    [pool-3-thread-1]   [com.diffblue.cover.ui.b.b]      [81/131]   (at least 3 lines uncovered in this method)
13:03:46.216 [INFO]   [Creating]    [pool-3-thread-1]   [com.diffblue.cover.ui.b.b]      [81/131]     Indicates that the method is generated by some framework or tool and should not
13:03:46.216 [INFO]   [Creating]    [pool-3-thread-1]   [com.diffblue.cover.ui.b.b]      [81/131]     be tested explicitly. The expectation is that the generator itself should be
13:03:46.216 [INFO]   [Creating]    [pool-3-thread-1]   [com.diffblue.cover.ui.b.b]      [81/131]     tested and not each piece of code it produces.
13:03:46.216 [INFO]   [Creating]    [pool-3-thread-1]   [com.diffblue.cover.ui.b.b]      [81/131]     Currently, this includes methods identified generated by Lombok, Protobuf,
13:03:46.216 [INFO]   [Creating]    [pool-3-thread-1]   [com.diffblue.cover.ui.b.b]      [81/131]     Grpc, Hibernate, or annotated with a custom '@Generated' annotation
13:03:46.216 [INFO]   [Creating]    [pool-3-thread-1]   [com.diffblue.cover.ui.b.b]      [81/131]     (as long as the custom annotation has 'RUNTIME' or 'CLASS' retention).
13:03:46.216 [INFO]   [Creating]    [pool-3-thread-1]   [com.diffblue.cover.ui.b.b]      [81/131]     Diffblue Cover considers these methods as not directly callable.
13:03:46.218 [INFO]   [Creating]    [pool-3-thread-1]   [com.diffblue.cover.ui.b.b]      [82/131] uk.gov.gchq.palisade.user.User.auths
13:03:46.218 [INFO]   [Creating]    [pool-3-thread-1]   [com.diffblue.cover.ui.b.b]      [82/131]   T024: Generated method
13:03:46.218 [DEBUG]  [Creating]    [pool-3-thread-1]   [com.diffblue.cover.ui.b.b]      [82/131]   (at least 2 lines uncovered in this method)
13:03:46.218 [INFO]   [Creating]    [pool-3-thread-1]   [com.diffblue.cover.ui.b.b]      [82/131]     Indicates that the method is generated by some framework or tool and should not
13:03:46.218 [INFO]   [Creating]    [pool-3-thread-1]   [com.diffblue.cover.ui.b.b]      [82/131]     be tested explicitly. The expectation is that the generator itself should be
13:03:46.218 [INFO]   [Creating]    [pool-3-thread-1]   [com.diffblue.cover.ui.b.b]      [82/131]     tested and not each piece of code it produces.
13:03:46.218 [INFO]   [Creating]    [pool-3-thread-1]   [com.diffblue.cover.ui.b.b]      [82/131]     Currently, this includes methods identified generated by Lombok, Protobuf,
13:03:46.218 [INFO]   [Creating]    [pool-3-thread-1]   [com.diffblue.cover.ui.b.b]      [82/131]     Grpc, Hibernate, or annotated with a custom '@Generated' annotation
13:03:46.218 [INFO]   [Creating]    [pool-3-thread-1]   [com.diffblue.cover.ui.b.b]      [82/131]     (as long as the custom annotation has 'RUNTIME' or 'CLASS' retention).
13:03:46.218 [INFO]   [Creating]    [pool-3-thread-1]   [com.diffblue.cover.ui.b.b]      [82/131]     Diffblue Cover considers these methods as not directly callable.
13:03:46.219 [INFO]   [Creating]    [pool-3-thread-1]   [com.diffblue.cover.ui.b.b]      [83/131] uk.gov.gchq.palisade.user.User.auths
13:03:46.219 [INFO]   [Creating]    [pool-3-thread-1]   [com.diffblue.cover.ui.b.b]      [83/131]   T024: Generated method
13:03:46.219 [DEBUG]  [Creating]    [pool-3-thread-1]   [com.diffblue.cover.ui.b.b]      [83/131]   (at least 2 lines uncovered in this method)
13:03:46.219 [INFO]   [Creating]    [pool-3-thread-1]   [com.diffblue.cover.ui.b.b]      [83/131]     Indicates that the method is generated by some framework or tool and should not
13:03:46.219 [INFO]   [Creating]    [pool-3-thread-1]   [com.diffblue.cover.ui.b.b]      [83/131]     be tested explicitly. The expectation is that the generator itself should be
13:03:46.219 [INFO]   [Creating]    [pool-3-thread-1]   [com.diffblue.cover.ui.b.b]      [83/131]     tested and not each piece of code it produces.
13:03:46.219 [INFO]   [Creating]    [pool-3-thread-1]   [com.diffblue.cover.ui.b.b]      [83/131]     Currently, this includes methods identified generated by Lombok, Protobuf,
13:03:46.219 [INFO]   [Creating]    [pool-3-thread-1]   [com.diffblue.cover.ui.b.b]      [83/131]     Grpc, Hibernate, or annotated with a custom '@Generated' annotation
13:03:46.219 [INFO]   [Creating]    [pool-3-thread-1]   [com.diffblue.cover.ui.b.b]      [83/131]     (as long as the custom annotation has 'RUNTIME' or 'CLASS' retention).
13:03:46.219 [INFO]   [Creating]    [pool-3-thread-1]   [com.diffblue.cover.ui.b.b]      [83/131]     Diffblue Cover considers these methods as not directly callable.
13:03:46.221 [INFO]   [Creating]    [pool-3-thread-1]   [com.diffblue.cover.ui.b.b]      [84/131] uk.gov.gchq.palisade.user.User.equals
13:03:46.221 [INFO]   [Creating]    [pool-3-thread-1]   [com.diffblue.cover.ui.b.b]      [84/131]   T024: Generated method
13:03:46.221 [DEBUG]  [Creating]    [pool-3-thread-1]   [com.diffblue.cover.ui.b.b]      [84/131]   (at least 9 lines uncovered in this method)
13:03:46.221 [INFO]   [Creating]    [pool-3-thread-1]   [com.diffblue.cover.ui.b.b]      [84/131]     Indicates that the method is generated by some framework or tool and should not
13:03:46.221 [INFO]   [Creating]    [pool-3-thread-1]   [com.diffblue.cover.ui.b.b]      [84/131]     be tested explicitly. The expectation is that the generator itself should be
13:03:46.221 [INFO]   [Creating]    [pool-3-thread-1]   [com.diffblue.cover.ui.b.b]      [84/131]     tested and not each piece of code it produces.
13:03:46.221 [INFO]   [Creating]    [pool-3-thread-1]   [com.diffblue.cover.ui.b.b]      [84/131]     Currently, this includes methods identified generated by Lombok, Protobuf,
13:03:46.221 [INFO]   [Creating]    [pool-3-thread-1]   [com.diffblue.cover.ui.b.b]      [84/131]     Grpc, Hibernate, or annotated with a custom '@Generated' annotation
13:03:46.221 [INFO]   [Creating]    [pool-3-thread-1]   [com.diffblue.cover.ui.b.b]      [84/131]     (as long as the custom annotation has 'RUNTIME' or 'CLASS' retention).
13:03:46.221 [INFO]   [Creating]    [pool-3-thread-1]   [com.diffblue.cover.ui.b.b]      [84/131]     Diffblue Cover considers these methods as not directly callable.
13:03:46.223 [INFO]   [Creating]    [pool-3-thread-1]   [com.diffblue.cover.ui.b.b]      [85/131] uk.gov.gchq.palisade.user.User.getAuths
13:03:46.223 [INFO]   [Creating]    [pool-3-thread-1]   [com.diffblue.cover.ui.b.b]      [85/131]   T024: Generated method
13:03:46.223 [DEBUG]  [Creating]    [pool-3-thread-1]   [com.diffblue.cover.ui.b.b]      [85/131]   (at least 1 line uncovered in this method)
13:03:46.223 [INFO]   [Creating]    [pool-3-thread-1]   [com.diffblue.cover.ui.b.b]      [85/131]     Indicates that the method is generated by some framework or tool and should not
13:03:46.223 [INFO]   [Creating]    [pool-3-thread-1]   [com.diffblue.cover.ui.b.b]      [85/131]     be tested explicitly. The expectation is that the generator itself should be
13:03:46.223 [INFO]   [Creating]    [pool-3-thread-1]   [com.diffblue.cover.ui.b.b]      [85/131]     tested and not each piece of code it produces.
13:03:46.223 [INFO]   [Creating]    [pool-3-thread-1]   [com.diffblue.cover.ui.b.b]      [85/131]     Currently, this includes methods identified generated by Lombok, Protobuf,
13:03:46.223 [INFO]   [Creating]    [pool-3-thread-1]   [com.diffblue.cover.ui.b.b]      [85/131]     Grpc, Hibernate, or annotated with a custom '@Generated' annotation
13:03:46.223 [INFO]   [Creating]    [pool-3-thread-1]   [com.diffblue.cover.ui.b.b]      [85/131]     (as long as the custom annotation has 'RUNTIME' or 'CLASS' retention).
13:03:46.223 [INFO]   [Creating]    [pool-3-thread-1]   [com.diffblue.cover.ui.b.b]      [85/131]     Diffblue Cover considers these methods as not directly callable.
13:03:46.224 [INFO]   [Creating]    [pool-3-thread-1]   [com.diffblue.cover.ui.b.b]      [86/131] uk.gov.gchq.palisade.user.User.getRoles
13:03:46.224 [INFO]   [Creating]    [pool-3-thread-1]   [com.diffblue.cover.ui.b.b]      [86/131]   T024: Generated method
13:03:46.224 [DEBUG]  [Creating]    [pool-3-thread-1]   [com.diffblue.cover.ui.b.b]      [86/131]   (at least 1 line uncovered in this method)
13:03:46.224 [INFO]   [Creating]    [pool-3-thread-1]   [com.diffblue.cover.ui.b.b]      [86/131]     Indicates that the method is generated by some framework or tool and should not
13:03:46.224 [INFO]   [Creating]    [pool-3-thread-1]   [com.diffblue.cover.ui.b.b]      [86/131]     be tested explicitly. The expectation is that the generator itself should be
13:03:46.224 [INFO]   [Creating]    [pool-3-thread-1]   [com.diffblue.cover.ui.b.b]      [86/131]     tested and not each piece of code it produces.
13:03:46.224 [INFO]   [Creating]    [pool-3-thread-1]   [com.diffblue.cover.ui.b.b]      [86/131]     Currently, this includes methods identified generated by Lombok, Protobuf,
13:03:46.224 [INFO]   [Creating]    [pool-3-thread-1]   [com.diffblue.cover.ui.b.b]      [86/131]     Grpc, Hibernate, or annotated with a custom '@Generated' annotation
13:03:46.224 [INFO]   [Creating]    [pool-3-thread-1]   [com.diffblue.cover.ui.b.b]      [86/131]     (as long as the custom annotation has 'RUNTIME' or 'CLASS' retention).
13:03:46.224 [INFO]   [Creating]    [pool-3-thread-1]   [com.diffblue.cover.ui.b.b]      [86/131]     Diffblue Cover considers these methods as not directly callable.
13:03:46.225 [INFO]   [Creating]    [pool-3-thread-1]   [com.diffblue.cover.ui.b.b]      [87/131] uk.gov.gchq.palisade.user.User.getUserId
13:03:46.226 [INFO]   [Creating]    [pool-3-thread-1]   [com.diffblue.cover.ui.b.b]      [87/131]   T024: Generated method
13:03:46.226 [DEBUG]  [Creating]    [pool-3-thread-1]   [com.diffblue.cover.ui.b.b]      [87/131]   (at least 1 line uncovered in this method)
13:03:46.226 [INFO]   [Creating]    [pool-3-thread-1]   [com.diffblue.cover.ui.b.b]      [87/131]     Indicates that the method is generated by some framework or tool and should not
13:03:46.226 [INFO]   [Creating]    [pool-3-thread-1]   [com.diffblue.cover.ui.b.b]      [87/131]     be tested explicitly. The expectation is that the generator itself should be
13:03:46.226 [INFO]   [Creating]    [pool-3-thread-1]   [com.diffblue.cover.ui.b.b]      [87/131]     tested and not each piece of code it produces.
13:03:46.226 [INFO]   [Creating]    [pool-3-thread-1]   [com.diffblue.cover.ui.b.b]      [87/131]     Currently, this includes methods identified generated by Lombok, Protobuf,
13:03:46.226 [INFO]   [Creating]    [pool-3-thread-1]   [com.diffblue.cover.ui.b.b]      [87/131]     Grpc, Hibernate, or annotated with a custom '@Generated' annotation
13:03:46.226 [INFO]   [Creating]    [pool-3-thread-1]   [com.diffblue.cover.ui.b.b]      [87/131]     (as long as the custom annotation has 'RUNTIME' or 'CLASS' retention).
13:03:46.226 [INFO]   [Creating]    [pool-3-thread-1]   [com.diffblue.cover.ui.b.b]      [87/131]     Diffblue Cover considers these methods as not directly callable.
13:03:46.227 [INFO]   [Creating]    [pool-3-thread-1]   [com.diffblue.cover.ui.b.b]      [88/131] uk.gov.gchq.palisade.user.User.hashCode
13:03:46.227 [INFO]   [Creating]    [pool-3-thread-1]   [com.diffblue.cover.ui.b.b]      [88/131]   T024: Generated method
13:03:46.227 [DEBUG]  [Creating]    [pool-3-thread-1]   [com.diffblue.cover.ui.b.b]      [88/131]   (at least 1 line uncovered in this method)
13:03:46.227 [INFO]   [Creating]    [pool-3-thread-1]   [com.diffblue.cover.ui.b.b]      [88/131]     Indicates that the method is generated by some framework or tool and should not
13:03:46.227 [INFO]   [Creating]    [pool-3-thread-1]   [com.diffblue.cover.ui.b.b]      [88/131]     be tested explicitly. The expectation is that the generator itself should be
13:03:46.227 [INFO]   [Creating]    [pool-3-thread-1]   [com.diffblue.cover.ui.b.b]      [88/131]     tested and not each piece of code it produces.
13:03:46.227 [INFO]   [Creating]    [pool-3-thread-1]   [com.diffblue.cover.ui.b.b]      [88/131]     Currently, this includes methods identified generated by Lombok, Protobuf,
13:03:46.227 [INFO]   [Creating]    [pool-3-thread-1]   [com.diffblue.cover.ui.b.b]      [88/131]     Grpc, Hibernate, or annotated with a custom '@Generated' annotation
13:03:46.227 [INFO]   [Creating]    [pool-3-thread-1]   [com.diffblue.cover.ui.b.b]      [88/131]     (as long as the custom annotation has 'RUNTIME' or 'CLASS' retention).
13:03:46.227 [INFO]   [Creating]    [pool-3-thread-1]   [com.diffblue.cover.ui.b.b]      [88/131]     Diffblue Cover considers these methods as not directly callable.
13:03:46.228 [INFO]   [Creating]    [pool-3-thread-1]   [com.diffblue.cover.ui.b.b]      [89/131] uk.gov.gchq.palisade.user.User.roles
13:03:46.228 [INFO]   [Creating]    [pool-3-thread-1]   [com.diffblue.cover.ui.b.b]      [89/131]   T024: Generated method
13:03:46.228 [DEBUG]  [Creating]    [pool-3-thread-1]   [com.diffblue.cover.ui.b.b]      [89/131]   (at least 2 lines uncovered in this method)
13:03:46.228 [INFO]   [Creating]    [pool-3-thread-1]   [com.diffblue.cover.ui.b.b]      [89/131]     Indicates that the method is generated by some framework or tool and should not
13:03:46.228 [INFO]   [Creating]    [pool-3-thread-1]   [com.diffblue.cover.ui.b.b]      [89/131]     be tested explicitly. The expectation is that the generator itself should be
13:03:46.228 [INFO]   [Creating]    [pool-3-thread-1]   [com.diffblue.cover.ui.b.b]      [89/131]     tested and not each piece of code it produces.
13:03:46.228 [INFO]   [Creating]    [pool-3-thread-1]   [com.diffblue.cover.ui.b.b]      [89/131]     Currently, this includes methods identified generated by Lombok, Protobuf,
13:03:46.228 [INFO]   [Creating]    [pool-3-thread-1]   [com.diffblue.cover.ui.b.b]      [89/131]     Grpc, Hibernate, or annotated with a custom '@Generated' annotation
13:03:46.228 [INFO]   [Creating]    [pool-3-thread-1]   [com.diffblue.cover.ui.b.b]      [89/131]     (as long as the custom annotation has 'RUNTIME' or 'CLASS' retention).
13:03:46.228 [INFO]   [Creating]    [pool-3-thread-1]   [com.diffblue.cover.ui.b.b]      [89/131]     Diffblue Cover considers these methods as not directly callable.
13:03:46.229 [INFO]   [Creating]    [pool-3-thread-1]   [com.diffblue.cover.ui.b.b]      [90/131] uk.gov.gchq.palisade.user.User.roles
13:03:46.229 [INFO]   [Creating]    [pool-3-thread-1]   [com.diffblue.cover.ui.b.b]      [90/131]   T024: Generated method
13:03:46.229 [DEBUG]  [Creating]    [pool-3-thread-1]   [com.diffblue.cover.ui.b.b]      [90/131]   (at least 2 lines uncovered in this method)
13:03:46.229 [INFO]   [Creating]    [pool-3-thread-1]   [com.diffblue.cover.ui.b.b]      [90/131]     Indicates that the method is generated by some framework or tool and should not
13:03:46.229 [INFO]   [Creating]    [pool-3-thread-1]   [com.diffblue.cover.ui.b.b]      [90/131]     be tested explicitly. The expectation is that the generator itself should be
13:03:46.229 [INFO]   [Creating]    [pool-3-thread-1]   [com.diffblue.cover.ui.b.b]      [90/131]     tested and not each piece of code it produces.
13:03:46.229 [INFO]   [Creating]    [pool-3-thread-1]   [com.diffblue.cover.ui.b.b]      [90/131]     Currently, this includes methods identified generated by Lombok, Protobuf,
13:03:46.229 [INFO]   [Creating]    [pool-3-thread-1]   [com.diffblue.cover.ui.b.b]      [90/131]     Grpc, Hibernate, or annotated with a custom '@Generated' annotation
13:03:46.229 [INFO]   [Creating]    [pool-3-thread-1]   [com.diffblue.cover.ui.b.b]      [90/131]     (as long as the custom annotation has 'RUNTIME' or 'CLASS' retention).
13:03:46.229 [INFO]   [Creating]    [pool-3-thread-1]   [com.diffblue.cover.ui.b.b]      [90/131]     Diffblue Cover considers these methods as not directly callable.
13:03:46.230 [INFO]   [Creating]    [pool-3-thread-1]   [com.diffblue.cover.ui.b.b]      [91/131] uk.gov.gchq.palisade.user.User.setAuths
13:03:46.230 [INFO]   [Creating]    [pool-3-thread-1]   [com.diffblue.cover.ui.b.b]      [91/131]   T024: Generated method
13:03:46.230 [DEBUG]  [Creating]    [pool-3-thread-1]   [com.diffblue.cover.ui.b.b]      [91/131]   (at least 3 lines uncovered in this method)
13:03:46.230 [INFO]   [Creating]    [pool-3-thread-1]   [com.diffblue.cover.ui.b.b]      [91/131]     Indicates that the method is generated by some framework or tool and should not
13:03:46.230 [INFO]   [Creating]    [pool-3-thread-1]   [com.diffblue.cover.ui.b.b]      [91/131]     be tested explicitly. The expectation is that the generator itself should be
13:03:46.230 [INFO]   [Creating]    [pool-3-thread-1]   [com.diffblue.cover.ui.b.b]      [91/131]     tested and not each piece of code it produces.
13:03:46.230 [INFO]   [Creating]    [pool-3-thread-1]   [com.diffblue.cover.ui.b.b]      [91/131]     Currently, this includes methods identified generated by Lombok, Protobuf,
13:03:46.230 [INFO]   [Creating]    [pool-3-thread-1]   [com.diffblue.cover.ui.b.b]      [91/131]     Grpc, Hibernate, or annotated with a custom '@Generated' annotation
13:03:46.230 [INFO]   [Creating]    [pool-3-thread-1]   [com.diffblue.cover.ui.b.b]      [91/131]     (as long as the custom annotation has 'RUNTIME' or 'CLASS' retention).
13:03:46.231 [INFO]   [Creating]    [pool-3-thread-1]   [com.diffblue.cover.ui.b.b]      [91/131]     Diffblue Cover considers these methods as not directly callable.
13:03:46.232 [INFO]   [Creating]    [pool-3-thread-1]   [com.diffblue.cover.ui.b.b]      [92/131] uk.gov.gchq.palisade.user.User.setRoles
13:03:46.232 [INFO]   [Creating]    [pool-3-thread-1]   [com.diffblue.cover.ui.b.b]      [92/131]   T024: Generated method
13:03:46.232 [DEBUG]  [Creating]    [pool-3-thread-1]   [com.diffblue.cover.ui.b.b]      [92/131]   (at least 3 lines uncovered in this method)
13:03:46.232 [INFO]   [Creating]    [pool-3-thread-1]   [com.diffblue.cover.ui.b.b]      [92/131]     Indicates that the method is generated by some framework or tool and should not
13:03:46.232 [INFO]   [Creating]    [pool-3-thread-1]   [com.diffblue.cover.ui.b.b]      [92/131]     be tested explicitly. The expectation is that the generator itself should be
13:03:46.232 [INFO]   [Creating]    [pool-3-thread-1]   [com.diffblue.cover.ui.b.b]      [92/131]     tested and not each piece of code it produces.
13:03:46.232 [INFO]   [Creating]    [pool-3-thread-1]   [com.diffblue.cover.ui.b.b]      [92/131]     Currently, this includes methods identified generated by Lombok, Protobuf,
13:03:46.232 [INFO]   [Creating]    [pool-3-thread-1]   [com.diffblue.cover.ui.b.b]      [92/131]     Grpc, Hibernate, or annotated with a custom '@Generated' annotation
13:03:46.232 [INFO]   [Creating]    [pool-3-thread-1]   [com.diffblue.cover.ui.b.b]      [92/131]     (as long as the custom annotation has 'RUNTIME' or 'CLASS' retention).
13:03:46.232 [INFO]   [Creating]    [pool-3-thread-1]   [com.diffblue.cover.ui.b.b]      [92/131]     Diffblue Cover considers these methods as not directly callable.
13:03:46.233 [INFO]   [Creating]    [pool-3-thread-1]   [com.diffblue.cover.ui.b.b]      [93/131] uk.gov.gchq.palisade.user.User.setUserId
13:03:46.233 [INFO]   [Creating]    [pool-3-thread-1]   [com.diffblue.cover.ui.b.b]      [93/131]   T024: Generated method
13:03:46.233 [DEBUG]  [Creating]    [pool-3-thread-1]   [com.diffblue.cover.ui.b.b]      [93/131]   (at least 3 lines uncovered in this method)
13:03:46.233 [INFO]   [Creating]    [pool-3-thread-1]   [com.diffblue.cover.ui.b.b]      [93/131]     Indicates that the method is generated by some framework or tool and should not
13:03:46.233 [INFO]   [Creating]    [pool-3-thread-1]   [com.diffblue.cover.ui.b.b]      [93/131]     be tested explicitly. The expectation is that the generator itself should be
13:03:46.233 [INFO]   [Creating]    [pool-3-thread-1]   [com.diffblue.cover.ui.b.b]      [93/131]     tested and not each piece of code it produces.
13:03:46.233 [INFO]   [Creating]    [pool-3-thread-1]   [com.diffblue.cover.ui.b.b]      [93/131]     Currently, this includes methods identified generated by Lombok, Protobuf,
13:03:46.233 [INFO]   [Creating]    [pool-3-thread-1]   [com.diffblue.cover.ui.b.b]      [93/131]     Grpc, Hibernate, or annotated with a custom '@Generated' annotation
13:03:46.233 [INFO]   [Creating]    [pool-3-thread-1]   [com.diffblue.cover.ui.b.b]      [93/131]     (as long as the custom annotation has 'RUNTIME' or 'CLASS' retention).
13:03:46.233 [INFO]   [Creating]    [pool-3-thread-1]   [com.diffblue.cover.ui.b.b]      [93/131]     Diffblue Cover considers these methods as not directly callable.
13:03:46.234 [INFO]   [Creating]    [pool-3-thread-1]   [com.diffblue.cover.ui.b.b]      [94/131] uk.gov.gchq.palisade.user.User.toString
13:03:46.235 [INFO]   [Creating]    [pool-3-thread-1]   [com.diffblue.cover.ui.b.b]      [94/131]   T024: Generated method
13:03:46.235 [DEBUG]  [Creating]    [pool-3-thread-1]   [com.diffblue.cover.ui.b.b]      [94/131]   (at least 7 lines uncovered in this method)
13:03:46.235 [INFO]   [Creating]    [pool-3-thread-1]   [com.diffblue.cover.ui.b.b]      [94/131]     Indicates that the method is generated by some framework or tool and should not
13:03:46.235 [INFO]   [Creating]    [pool-3-thread-1]   [com.diffblue.cover.ui.b.b]      [94/131]     be tested explicitly. The expectation is that the generator itself should be
13:03:46.235 [INFO]   [Creating]    [pool-3-thread-1]   [com.diffblue.cover.ui.b.b]      [94/131]     tested and not each piece of code it produces.
13:03:46.235 [INFO]   [Creating]    [pool-3-thread-1]   [com.diffblue.cover.ui.b.b]      [94/131]     Currently, this includes methods identified generated by Lombok, Protobuf,
13:03:46.235 [INFO]   [Creating]    [pool-3-thread-1]   [com.diffblue.cover.ui.b.b]      [94/131]     Grpc, Hibernate, or annotated with a custom '@Generated' annotation
13:03:46.235 [INFO]   [Creating]    [pool-3-thread-1]   [com.diffblue.cover.ui.b.b]      [94/131]     (as long as the custom annotation has 'RUNTIME' or 'CLASS' retention).
13:03:46.235 [INFO]   [Creating]    [pool-3-thread-1]   [com.diffblue.cover.ui.b.b]      [94/131]     Diffblue Cover considers these methods as not directly callable.
13:03:46.236 [INFO]   [Creating]    [pool-3-thread-1]   [com.diffblue.cover.ui.b.b]      [95/131] uk.gov.gchq.palisade.user.User.userId
13:03:46.236 [INFO]   [Creating]    [pool-3-thread-1]   [com.diffblue.cover.ui.b.b]      [95/131]   T024: Generated method
13:03:46.236 [DEBUG]  [Creating]    [pool-3-thread-1]   [com.diffblue.cover.ui.b.b]      [95/131]   (at least 2 lines uncovered in this method)
13:03:46.236 [INFO]   [Creating]    [pool-3-thread-1]   [com.diffblue.cover.ui.b.b]      [95/131]     Indicates that the method is generated by some framework or tool and should not
13:03:46.236 [INFO]   [Creating]    [pool-3-thread-1]   [com.diffblue.cover.ui.b.b]      [95/131]     be tested explicitly. The expectation is that the generator itself should be
13:03:46.236 [INFO]   [Creating]    [pool-3-thread-1]   [com.diffblue.cover.ui.b.b]      [95/131]     tested and not each piece of code it produces.
13:03:46.236 [INFO]   [Creating]    [pool-3-thread-1]   [com.diffblue.cover.ui.b.b]      [95/131]     Currently, this includes methods identified generated by Lombok, Protobuf,
13:03:46.236 [INFO]   [Creating]    [pool-3-thread-1]   [com.diffblue.cover.ui.b.b]      [95/131]     Grpc, Hibernate, or annotated with a custom '@Generated' annotation
13:03:46.236 [INFO]   [Creating]    [pool-3-thread-1]   [com.diffblue.cover.ui.b.b]      [95/131]     (as long as the custom annotation has 'RUNTIME' or 'CLASS' retention).
13:03:46.236 [INFO]   [Creating]    [pool-3-thread-1]   [com.diffblue.cover.ui.b.b]      [95/131]     Diffblue Cover considers these methods as not directly callable.
13:03:46.238 [INFO]   [Creating]    [pool-3-thread-1]   [com.diffblue.cover.ui.b.b]      [96/131] uk.gov.gchq.palisade.user.User.userId
13:03:46.238 [INFO]   [Creating]    [pool-3-thread-1]   [com.diffblue.cover.ui.b.b]      [96/131]   T024: Generated method
13:03:46.238 [DEBUG]  [Creating]    [pool-3-thread-1]   [com.diffblue.cover.ui.b.b]      [96/131]   (at least 2 lines uncovered in this method)
13:03:46.238 [INFO]   [Creating]    [pool-3-thread-1]   [com.diffblue.cover.ui.b.b]      [96/131]     Indicates that the method is generated by some framework or tool and should not
13:03:46.238 [INFO]   [Creating]    [pool-3-thread-1]   [com.diffblue.cover.ui.b.b]      [96/131]     be tested explicitly. The expectation is that the generator itself should be
13:03:46.238 [INFO]   [Creating]    [pool-3-thread-1]   [com.diffblue.cover.ui.b.b]      [96/131]     tested and not each piece of code it produces.
13:03:46.238 [INFO]   [Creating]    [pool-3-thread-1]   [com.diffblue.cover.ui.b.b]      [96/131]     Currently, this includes methods identified generated by Lombok, Protobuf,
13:03:46.238 [INFO]   [Creating]    [pool-3-thread-1]   [com.diffblue.cover.ui.b.b]      [96/131]     Grpc, Hibernate, or annotated with a custom '@Generated' annotation
13:03:46.238 [INFO]   [Creating]    [pool-3-thread-1]   [com.diffblue.cover.ui.b.b]      [96/131]     (as long as the custom annotation has 'RUNTIME' or 'CLASS' retention).
13:03:46.238 [INFO]   [Creating]    [pool-3-thread-1]   [com.diffblue.cover.ui.b.b]      [96/131]     Diffblue Cover considers these methods as not directly callable.
13:03:46.239 [DEBUG]  [Creating]    [pool-3-thread-1]   [com.diffblue.combiner.d.j] Using Javaparser to combine tests
13:03:46.239 [INFO]   [Creating]    [pool-3-thread-1]   [com.diffblue.cover.m.a.b] Filtering of methods complete. Creating analysis request
13:03:46.239 [INFO]   [Creating]    [pool-3-thread-1]   [com.diffblue.cover.service.c] Attempting to get service client, retry 1.
13:03:46.256 [DEBUG]  [Creating]    [analyzer-service:grpc-default-executor-0][com.diffblue.fuzztest.e.a] Class information:
13:03:46.257 [DEBUG]  [Creating]    [analyzer-service:grpc-default-executor-0][com.diffblue.fuzztest.e.a]   Implements: interface java.io.Serializable
13:03:46.257 [DEBUG]  [Creating]    [analyzer-service:grpc-default-executor-0][com.diffblue.fuzztest.e.a]   Class annotations: @com.fasterxml.jackson.annotation.JsonTypeInfo(property="", include=PROPERTY, visible=false, defaultImpl=com.fasterxml.jackson.annotation.JsonTypeInfo.class, use=CLASS)
13:03:46.257 [DEBUG]  [Creating]    [analyzer-service:grpc-default-executor-0][com.diffblue.fuzztest.e.a]   Fields: private java.util.Set uk.gov.gchq.palisade.user.User.auths, private java.util.Set uk.gov.gchq.palisade.user.User.roles, private static final long uk.gov.gchq.palisade.user.User.serialVersionUID, private uk.gov.gchq.palisade.user.UserId uk.gov.gchq.palisade.user.User.userId
13:03:46.257 [DEBUG]  [Creating]    [analyzer-service:grpc-default-executor-0][com.diffblue.fuzztest.e.a]   Constructors: public uk.gov.gchq.palisade.user.User(), uk.gov.gchq.palisade.user.User(uk.gov.gchq.palisade.user.User)
13:03:46.257 [DEBUG]  [Creating]    [analyzer-service:grpc-default-executor-0][com.diffblue.fuzztest.e.a]   Methods: public uk.gov.gchq.palisade.user.User uk.gov.gchq.palisade.user.User.addAuths(java.util.Set), public uk.gov.gchq.palisade.user.User uk.gov.gchq.palisade.user.User.addRoles(java.util.Set), public uk.gov.gchq.palisade.user.User uk.gov.gchq.palisade.user.User.auths(java.util.Set), public uk.gov.gchq.palisade.user.User uk.gov.gchq.palisade.user.User.auths(java.lang.String[]), public boolean uk.gov.gchq.palisade.user.User.equals(java.lang.Object), public java.util.Set uk.gov.gchq.palisade.user.User.getAuths(), public java.util.Set uk.gov.gchq.palisade.user.User.getRoles(), public uk.gov.gchq.palisade.user.UserId uk.gov.gchq.palisade.user.User.getUserId(), public int uk.gov.gchq.palisade.user.User.hashCode(), public uk.gov.gchq.palisade.user.User uk.gov.gchq.palisade.user.User.roles(java.util.Set), public uk.gov.gchq.palisade.user.User uk.gov.gchq.palisade.user.User.roles(java.lang.String[]), public void uk.gov.gchq.palisade.user.User.setAuths(java.util.Set), public void uk.gov.gchq.palisade.user.User.setRoles(java.util.Set), public void uk.gov.gchq.palisade.user.User.setUserId(uk.gov.gchq.palisade.user.UserId), public java.lang.String uk.gov.gchq.palisade.user.User.toString(), public uk.gov.gchq.palisade.user.User uk.gov.gchq.palisade.user.User.userId(java.lang.String), public uk.gov.gchq.palisade.user.User uk.gov.gchq.palisade.user.User.userId(uk.gov.gchq.palisade.user.UserId)
13:03:46.266 [DEBUG]  [Creating]    [analyzer-service:TimedExecutor-77][com.diffblue.fuzztest.g.e] 
================================================================================
= Creating tests for 'uk.gov.gchq.palisade.user.User.<init>:()V' using 'TrM (!sp, !fnm, df)'
================================================================================
13:03:46.266 [DEBUG]  [Creating]    [analyzer-service:TimedExecutor-77][com.diffblue.fuzztest.g.e] 
================================================================================
= Trying DI configuration EmptyDependencyInjectionTirConfiguration for uk.gov.gchq.palisade.user.User.<init>:()V
================================================================================
13:03:46.309 [DEBUG]  [Creating]    [analyzer-service:TimedExecutor-77][com.diffblue.fuzztest.g.e] DI configuration 'com.diffblue.tir.p' generated tests: 1
13:03:46.310 [DEBUG]  [Creating]    [analyzer-service:TimedExecutor-77][com.diffblue.fuzztest.g.e] Enabling descriptive test naming
13:03:46.311 [DEBUG]  [Creating]    [analyzer-service:grpc-default-executor-0][com.diffblue.fuzztest.e.c] Created 1+0 tests and partial tests via 'TrM (!sp, !fnm, df)' , returning all 1
13:03:46.323 [DEBUG]  [Creating]    [pool-3-thread-1]   [com.diffblue.cover.m.a.b] in processAnalysisResult for uk.gov.gchq.palisade.user.User.<init>:()V
13:03:46.324 [DEBUG]  [Creating]    [pool-3-thread-1]   [com.diffblue.combiner.d.j] Using Javaparser to combine tests
13:03:46.375 [DEBUG]  [Creating]    [pool-6-thread-36]  [com.diffblue.cover.l.a.c] EdgeCoverageRuntime contains 5 edges
13:03:46.375 [DEBUG]  [Creating]    [pool-3-thread-1]   [com.diffblue.combiner.a.c] Adding changeSet to account as new: Optional[uk.gov.gchq.palisade.user.User.<init>:()V]
13:03:46.382 [DEBUG]  [Creating]    [analyzer-service:TimedExecutor-78][com.diffblue.fuzztest.g.e] 
================================================================================
= Creating tests for 'uk.gov.gchq.palisade.user.User.<init>:(Luk/gov/gchq/palisade/user/User;)V' using 'SiM (!sp, fnm, df)'
================================================================================
13:03:46.385 [DEBUG]  [Creating]    [analyzer-service:TimedExecutor-78][com.diffblue.fuzztest.g.ap] Parsed existing test class at /home/jbergqvist/diffblue/Palisade-common/src/test/java/uk/gov/gchq/palisade/user/UserDiffblueTest.java: found 0 annotations
13:03:46.385 [DEBUG]  [Creating]    [analyzer-service:TimedExecutor-78][com.diffblue.fuzztest.g.e] 
================================================================================
= Trying DI configuration EmptyDependencyInjectionTirConfiguration for uk.gov.gchq.palisade.user.User.<init>:(Luk/gov/gchq/palisade/user/User;)V
================================================================================
13:03:46.510 [DEBUG]  [Creating]    [analyzer-service:TimedExecutor-78][com.diffblue.fuzztest.b.f] Refinement loop done: 1 seeds, 2+0 new+accumulated tests, 1+1 tests+partial tests, 75/1000 its
13:03:46.544 [DEBUG]  [Creating]    [analyzer-service:TimedExecutor-78][com.diffblue.fuzztest.g.e] DI configuration 'com.diffblue.tir.p' generated tests: 2
13:03:46.545 [DEBUG]  [Creating]    [analyzer-service:TimedExecutor-78][com.diffblue.fuzztest.g.e] Enabling descriptive test naming
13:03:46.548 [DEBUG]  [Creating]    [analyzer-service:grpc-default-executor-0][com.diffblue.fuzztest.e.c] Created 1+0 tests and partial tests via 'SiM (!sp, fnm, df)' SiM fallback 1/2, returning all 1
13:03:46.564 [DEBUG]  [Creating]    [pool-3-thread-1]   [com.diffblue.cover.m.a.b] in processAnalysisResult for uk.gov.gchq.palisade.user.User.<init>:(Luk/gov/gchq/palisade/user/User;)V
13:03:46.564 [DEBUG]  [Creating]    [pool-3-thread-1]   [com.diffblue.cover.r.d] Finished with MethodGroup: <init>, countOfTests: 1, countOfMethodsTested: 1 TestGenerationAccount: a[countOfRemoved=0, countOfUnchanged=0, countOfUpdated=0, countOfNew=36]
13:03:46.564 [INFO]   [Creating]    [pool-3-thread-1]   [com.diffblue.cover.ui.b.b]      [97/131] uk.gov.gchq.palisade.user.User.<init>
13:03:46.564 [INFO]   [Creating]    [pool-3-thread-1]   [com.diffblue.cover.ui.b.b]      [97/131]   Tests created: 1
13:03:46.564 [DEBUG]  [Creating]    [pool-3-thread-1]   [com.diffblue.combiner.d.j] Using Javaparser to combine tests
13:03:46.608 [DEBUG]  [Creating]    [pool-6-thread-37]  [com.diffblue.cover.l.a.c] EdgeCoverageRuntime contains 12 edges
13:03:46.608 [DEBUG]  [Creating]    [pool-3-thread-1]   [com.diffblue.combiner.a.c] Adding changeSet to account as new: Optional[uk.gov.gchq.palisade.user.User.<init>:(Luk/gov/gchq/palisade/user/User;)V]
13:03:46.620 [DEBUG]  [Creating]    [pool-3-thread-1]   [com.diffblue.cover.r.d] Finished with MethodGroup: <init>, countOfTests: 1, countOfMethodsTested: 1 TestGenerationAccount: a[countOfRemoved=0, countOfUnchanged=0, countOfUpdated=0, countOfNew=37]
13:03:46.620 [INFO]   [Creating]    [pool-3-thread-1]   [com.diffblue.cover.ui.b.b]      [98/131] uk.gov.gchq.palisade.user.User.<init>
13:03:46.620 [INFO]   [Creating]    [pool-3-thread-1]   [com.diffblue.cover.ui.b.b]      [98/131]   Tests created: 1
13:03:46.621 [INFO]   [Creating]    [pool-3-thread-1]   [com.diffblue.cover.ui.b.b] [11/25] uk.gov.gchq.palisade.user.User
13:03:46.622 [INFO]   [Creating]    [pool-3-thread-1]   [com.diffblue.cover.ui.b.b] [11/25]   Tests created: 2
13:03:46.622 [DEBUG]  [Creating]    [pool-3-thread-1]   [com.diffblue.cover.ui.b.b] [11/25]   (at least 47 lines uncovered in this class)
13:03:46.622 [INFO]   [Creating]    [pool-3-thread-1]   [com.diffblue.cover.m.a.b] 
================================================================================
= Starting analysis for class 'uk.gov.gchq.palisade.user.UserId'
================================================================================
13:03:46.622 [INFO]   [Creating]    [pool-3-thread-1]   [com.diffblue.cover.m.a.b] Filtering out non-testable methods...
13:03:46.624 [INFO]   [Creating]    [pool-3-thread-1]   [com.diffblue.cover.ui.b.b]      [99/131] uk.gov.gchq.palisade.user.UserId.equals
13:03:46.624 [INFO]   [Creating]    [pool-3-thread-1]   [com.diffblue.cover.ui.b.b]      [99/131]   T024: Generated method
13:03:46.624 [DEBUG]  [Creating]    [pool-3-thread-1]   [com.diffblue.cover.ui.b.b]      [99/131]   (at least 6 lines uncovered in this method)
13:03:46.624 [INFO]   [Creating]    [pool-3-thread-1]   [com.diffblue.cover.ui.b.b]      [99/131]     Indicates that the method is generated by some framework or tool and should not
13:03:46.624 [INFO]   [Creating]    [pool-3-thread-1]   [com.diffblue.cover.ui.b.b]      [99/131]     be tested explicitly. The expectation is that the generator itself should be
13:03:46.624 [INFO]   [Creating]    [pool-3-thread-1]   [com.diffblue.cover.ui.b.b]      [99/131]     tested and not each piece of code it produces.
13:03:46.624 [INFO]   [Creating]    [pool-3-thread-1]   [com.diffblue.cover.ui.b.b]      [99/131]     Currently, this includes methods identified generated by Lombok, Protobuf,
13:03:46.624 [INFO]   [Creating]    [pool-3-thread-1]   [com.diffblue.cover.ui.b.b]      [99/131]     Grpc, Hibernate, or annotated with a custom '@Generated' annotation
13:03:46.624 [INFO]   [Creating]    [pool-3-thread-1]   [com.diffblue.cover.ui.b.b]      [99/131]     (as long as the custom annotation has 'RUNTIME' or 'CLASS' retention).
13:03:46.624 [INFO]   [Creating]    [pool-3-thread-1]   [com.diffblue.cover.ui.b.b]      [99/131]     Diffblue Cover considers these methods as not directly callable.
13:03:46.625 [INFO]   [Creating]    [pool-3-thread-1]   [com.diffblue.cover.ui.b.b]     [100/131] uk.gov.gchq.palisade.user.UserId.getId
13:03:46.625 [INFO]   [Creating]    [pool-3-thread-1]   [com.diffblue.cover.ui.b.b]     [100/131]   T024: Generated method
13:03:46.625 [DEBUG]  [Creating]    [pool-3-thread-1]   [com.diffblue.cover.ui.b.b]     [100/131]   (at least 1 line uncovered in this method)
13:03:46.625 [INFO]   [Creating]    [pool-3-thread-1]   [com.diffblue.cover.ui.b.b]     [100/131]     Indicates that the method is generated by some framework or tool and should not
13:03:46.625 [INFO]   [Creating]    [pool-3-thread-1]   [com.diffblue.cover.ui.b.b]     [100/131]     be tested explicitly. The expectation is that the generator itself should be
13:03:46.625 [INFO]   [Creating]    [pool-3-thread-1]   [com.diffblue.cover.ui.b.b]     [100/131]     tested and not each piece of code it produces.
13:03:46.625 [INFO]   [Creating]    [pool-3-thread-1]   [com.diffblue.cover.ui.b.b]     [100/131]     Currently, this includes methods identified generated by Lombok, Protobuf,
13:03:46.625 [INFO]   [Creating]    [pool-3-thread-1]   [com.diffblue.cover.ui.b.b]     [100/131]     Grpc, Hibernate, or annotated with a custom '@Generated' annotation
13:03:46.625 [INFO]   [Creating]    [pool-3-thread-1]   [com.diffblue.cover.ui.b.b]     [100/131]     (as long as the custom annotation has 'RUNTIME' or 'CLASS' retention).
13:03:46.625 [INFO]   [Creating]    [pool-3-thread-1]   [com.diffblue.cover.ui.b.b]     [100/131]     Diffblue Cover considers these methods as not directly callable.
13:03:46.626 [INFO]   [Creating]    [pool-3-thread-1]   [com.diffblue.cover.ui.b.b]     [101/131] uk.gov.gchq.palisade.user.UserId.hashCode
13:03:46.626 [INFO]   [Creating]    [pool-3-thread-1]   [com.diffblue.cover.ui.b.b]     [101/131]   T024: Generated method
13:03:46.626 [DEBUG]  [Creating]    [pool-3-thread-1]   [com.diffblue.cover.ui.b.b]     [101/131]   (at least 1 line uncovered in this method)
13:03:46.626 [INFO]   [Creating]    [pool-3-thread-1]   [com.diffblue.cover.ui.b.b]     [101/131]     Indicates that the method is generated by some framework or tool and should not
13:03:46.626 [INFO]   [Creating]    [pool-3-thread-1]   [com.diffblue.cover.ui.b.b]     [101/131]     be tested explicitly. The expectation is that the generator itself should be
13:03:46.626 [INFO]   [Creating]    [pool-3-thread-1]   [com.diffblue.cover.ui.b.b]     [101/131]     tested and not each piece of code it produces.
13:03:46.626 [INFO]   [Creating]    [pool-3-thread-1]   [com.diffblue.cover.ui.b.b]     [101/131]     Currently, this includes methods identified generated by Lombok, Protobuf,
13:03:46.626 [INFO]   [Creating]    [pool-3-thread-1]   [com.diffblue.cover.ui.b.b]     [101/131]     Grpc, Hibernate, or annotated with a custom '@Generated' annotation
13:03:46.626 [INFO]   [Creating]    [pool-3-thread-1]   [com.diffblue.cover.ui.b.b]     [101/131]     (as long as the custom annotation has 'RUNTIME' or 'CLASS' retention).
13:03:46.626 [INFO]   [Creating]    [pool-3-thread-1]   [com.diffblue.cover.ui.b.b]     [101/131]     Diffblue Cover considers these methods as not directly callable.
13:03:46.627 [INFO]   [Creating]    [pool-3-thread-1]   [com.diffblue.cover.ui.b.b]     [102/131] uk.gov.gchq.palisade.user.UserId.id
13:03:46.627 [INFO]   [Creating]    [pool-3-thread-1]   [com.diffblue.cover.ui.b.b]     [102/131]   T024: Generated method
13:03:46.627 [DEBUG]  [Creating]    [pool-3-thread-1]   [com.diffblue.cover.ui.b.b]     [102/131]   (at least 2 lines uncovered in this method)
13:03:46.627 [INFO]   [Creating]    [pool-3-thread-1]   [com.diffblue.cover.ui.b.b]     [102/131]     Indicates that the method is generated by some framework or tool and should not
13:03:46.627 [INFO]   [Creating]    [pool-3-thread-1]   [com.diffblue.cover.ui.b.b]     [102/131]     be tested explicitly. The expectation is that the generator itself should be
13:03:46.627 [INFO]   [Creating]    [pool-3-thread-1]   [com.diffblue.cover.ui.b.b]     [102/131]     tested and not each piece of code it produces.
13:03:46.627 [INFO]   [Creating]    [pool-3-thread-1]   [com.diffblue.cover.ui.b.b]     [102/131]     Currently, this includes methods identified generated by Lombok, Protobuf,
13:03:46.627 [INFO]   [Creating]    [pool-3-thread-1]   [com.diffblue.cover.ui.b.b]     [102/131]     Grpc, Hibernate, or annotated with a custom '@Generated' annotation
13:03:46.627 [INFO]   [Creating]    [pool-3-thread-1]   [com.diffblue.cover.ui.b.b]     [102/131]     (as long as the custom annotation has 'RUNTIME' or 'CLASS' retention).
13:03:46.627 [INFO]   [Creating]    [pool-3-thread-1]   [com.diffblue.cover.ui.b.b]     [102/131]     Diffblue Cover considers these methods as not directly callable.
13:03:46.628 [INFO]   [Creating]    [pool-3-thread-1]   [com.diffblue.cover.ui.b.b]     [103/131] uk.gov.gchq.palisade.user.UserId.setId
13:03:46.628 [INFO]   [Creating]    [pool-3-thread-1]   [com.diffblue.cover.ui.b.b]     [103/131]   T024: Generated method
13:03:46.628 [DEBUG]  [Creating]    [pool-3-thread-1]   [com.diffblue.cover.ui.b.b]     [103/131]   (at least 3 lines uncovered in this method)
13:03:46.628 [INFO]   [Creating]    [pool-3-thread-1]   [com.diffblue.cover.ui.b.b]     [103/131]     Indicates that the method is generated by some framework or tool and should not
13:03:46.628 [INFO]   [Creating]    [pool-3-thread-1]   [com.diffblue.cover.ui.b.b]     [103/131]     be tested explicitly. The expectation is that the generator itself should be
13:03:46.628 [INFO]   [Creating]    [pool-3-thread-1]   [com.diffblue.cover.ui.b.b]     [103/131]     tested and not each piece of code it produces.
13:03:46.628 [INFO]   [Creating]    [pool-3-thread-1]   [com.diffblue.cover.ui.b.b]     [103/131]     Currently, this includes methods identified generated by Lombok, Protobuf,
13:03:46.628 [INFO]   [Creating]    [pool-3-thread-1]   [com.diffblue.cover.ui.b.b]     [103/131]     Grpc, Hibernate, or annotated with a custom '@Generated' annotation
13:03:46.628 [INFO]   [Creating]    [pool-3-thread-1]   [com.diffblue.cover.ui.b.b]     [103/131]     (as long as the custom annotation has 'RUNTIME' or 'CLASS' retention).
13:03:46.628 [INFO]   [Creating]    [pool-3-thread-1]   [com.diffblue.cover.ui.b.b]     [103/131]     Diffblue Cover considers these methods as not directly callable.
13:03:46.630 [INFO]   [Creating]    [pool-3-thread-1]   [com.diffblue.cover.ui.b.b]     [104/131] uk.gov.gchq.palisade.user.UserId.toString
13:03:46.630 [INFO]   [Creating]    [pool-3-thread-1]   [com.diffblue.cover.ui.b.b]     [104/131]   T024: Generated method
13:03:46.630 [DEBUG]  [Creating]    [pool-3-thread-1]   [com.diffblue.cover.ui.b.b]     [104/131]   (at least 4 lines uncovered in this method)
13:03:46.630 [INFO]   [Creating]    [pool-3-thread-1]   [com.diffblue.cover.ui.b.b]     [104/131]     Indicates that the method is generated by some framework or tool and should not
13:03:46.630 [INFO]   [Creating]    [pool-3-thread-1]   [com.diffblue.cover.ui.b.b]     [104/131]     be tested explicitly. The expectation is that the generator itself should be
13:03:46.630 [INFO]   [Creating]    [pool-3-thread-1]   [com.diffblue.cover.ui.b.b]     [104/131]     tested and not each piece of code it produces.
13:03:46.630 [INFO]   [Creating]    [pool-3-thread-1]   [com.diffblue.cover.ui.b.b]     [104/131]     Currently, this includes methods identified generated by Lombok, Protobuf,
13:03:46.630 [INFO]   [Creating]    [pool-3-thread-1]   [com.diffblue.cover.ui.b.b]     [104/131]     Grpc, Hibernate, or annotated with a custom '@Generated' annotation
13:03:46.630 [INFO]   [Creating]    [pool-3-thread-1]   [com.diffblue.cover.ui.b.b]     [104/131]     (as long as the custom annotation has 'RUNTIME' or 'CLASS' retention).
13:03:46.630 [INFO]   [Creating]    [pool-3-thread-1]   [com.diffblue.cover.ui.b.b]     [104/131]     Diffblue Cover considers these methods as not directly callable.
13:03:46.630 [DEBUG]  [Creating]    [pool-3-thread-1]   [com.diffblue.combiner.d.j] Using Javaparser to combine tests
13:03:46.630 [INFO]   [Creating]    [pool-3-thread-1]   [com.diffblue.cover.m.a.b] Filtering of methods complete. Creating analysis request
13:03:46.630 [INFO]   [Creating]    [pool-3-thread-1]   [com.diffblue.cover.service.c] Attempting to get service client, retry 1.
13:03:46.646 [DEBUG]  [Creating]    [analyzer-service:grpc-default-executor-0][com.diffblue.fuzztest.e.a] Class information:
13:03:46.646 [DEBUG]  [Creating]    [analyzer-service:grpc-default-executor-0][com.diffblue.fuzztest.e.a]   Implements: interface java.io.Serializable
13:03:46.646 [DEBUG]  [Creating]    [analyzer-service:grpc-default-executor-0][com.diffblue.fuzztest.e.a]   Fields: private java.lang.String uk.gov.gchq.palisade.user.UserId.id, private static final long uk.gov.gchq.palisade.user.UserId.serialVersionUID
13:03:46.646 [DEBUG]  [Creating]    [analyzer-service:grpc-default-executor-0][com.diffblue.fuzztest.e.a]   Constructors: public uk.gov.gchq.palisade.user.UserId(), uk.gov.gchq.palisade.user.UserId(uk.gov.gchq.palisade.user.UserId)
13:03:46.646 [DEBUG]  [Creating]    [analyzer-service:grpc-default-executor-0][com.diffblue.fuzztest.e.a]   Methods: public boolean uk.gov.gchq.palisade.user.UserId.equals(java.lang.Object), public java.lang.String uk.gov.gchq.palisade.user.UserId.getId(), public int uk.gov.gchq.palisade.user.UserId.hashCode(), public uk.gov.gchq.palisade.user.UserId uk.gov.gchq.palisade.user.UserId.id(java.lang.String), public void uk.gov.gchq.palisade.user.UserId.setId(java.lang.String), public java.lang.String uk.gov.gchq.palisade.user.UserId.toString()
13:03:46.652 [DEBUG]  [Creating]    [analyzer-service:TimedExecutor-85][com.diffblue.fuzztest.g.e] 
================================================================================
= Creating tests for 'uk.gov.gchq.palisade.user.UserId.<init>:()V' using 'TrM (!sp, !fnm, df)'
================================================================================
13:03:46.652 [DEBUG]  [Creating]    [analyzer-service:TimedExecutor-85][com.diffblue.fuzztest.g.e] 
================================================================================
= Trying DI configuration EmptyDependencyInjectionTirConfiguration for uk.gov.gchq.palisade.user.UserId.<init>:()V
================================================================================
13:03:46.670 [DEBUG]  [Creating]    [analyzer-service:TimedExecutor-85][com.diffblue.fuzztest.g.e] DI configuration 'com.diffblue.tir.p' generated tests: 1
13:03:46.670 [DEBUG]  [Creating]    [analyzer-service:TimedExecutor-85][com.diffblue.fuzztest.g.e] Enabling descriptive test naming
13:03:46.671 [DEBUG]  [Creating]    [analyzer-service:grpc-default-executor-0][com.diffblue.fuzztest.e.c] Created 1+0 tests and partial tests via 'TrM (!sp, !fnm, df)' , returning all 1
13:03:46.687 [DEBUG]  [Creating]    [pool-3-thread-1]   [com.diffblue.cover.m.a.b] in processAnalysisResult for uk.gov.gchq.palisade.user.UserId.<init>:()V
13:03:46.687 [DEBUG]  [Creating]    [pool-3-thread-1]   [com.diffblue.combiner.d.j] Using Javaparser to combine tests
13:03:46.736 [DEBUG]  [Creating]    [pool-6-thread-38]  [com.diffblue.cover.l.a.c] EdgeCoverageRuntime contains 5 edges
13:03:46.737 [DEBUG]  [Creating]    [pool-3-thread-1]   [com.diffblue.combiner.a.c] Adding changeSet to account as new: Optional[uk.gov.gchq.palisade.user.UserId.<init>:()V]
13:03:46.746 [DEBUG]  [Creating]    [analyzer-service:TimedExecutor-86][com.diffblue.fuzztest.g.e] 
================================================================================
= Creating tests for 'uk.gov.gchq.palisade.user.UserId.<init>:(Luk/gov/gchq/palisade/user/UserId;)V' using 'SiM (!sp, fnm, df)'
================================================================================
13:03:46.748 [DEBUG]  [Creating]    [analyzer-service:TimedExecutor-86][com.diffblue.fuzztest.g.ap] Parsed existing test class at /home/jbergqvist/diffblue/Palisade-common/src/test/java/uk/gov/gchq/palisade/user/UserIdDiffblueTest.java: found 0 annotations
13:03:46.749 [DEBUG]  [Creating]    [analyzer-service:TimedExecutor-86][com.diffblue.fuzztest.g.e] 
================================================================================
= Trying DI configuration EmptyDependencyInjectionTirConfiguration for uk.gov.gchq.palisade.user.UserId.<init>:(Luk/gov/gchq/palisade/user/UserId;)V
================================================================================
13:03:46.801 [DEBUG]  [Creating]    [analyzer-service:TimedExecutor-86][com.diffblue.fuzztest.b.f] Refinement loop done: 1 seeds, 2+0 new+accumulated tests, 1+1 tests+partial tests, 99/1000 its
13:03:46.819 [DEBUG]  [Creating]    [analyzer-service:TimedExecutor-86][com.diffblue.fuzztest.g.e] DI configuration 'com.diffblue.tir.p' generated tests: 2
13:03:46.819 [DEBUG]  [Creating]    [analyzer-service:TimedExecutor-86][com.diffblue.fuzztest.g.e] Enabling descriptive test naming
13:03:46.821 [DEBUG]  [Creating]    [analyzer-service:grpc-default-executor-0][com.diffblue.fuzztest.e.c] Created 1+0 tests and partial tests via 'SiM (!sp, fnm, df)' SiM fallback 1/2, returning all 1
13:03:46.836 [DEBUG]  [Creating]    [pool-3-thread-1]   [com.diffblue.cover.m.a.b] in processAnalysisResult for uk.gov.gchq.palisade.user.UserId.<init>:(Luk/gov/gchq/palisade/user/UserId;)V
13:03:46.836 [DEBUG]  [Creating]    [pool-3-thread-1]   [com.diffblue.cover.r.d] Finished with MethodGroup: <init>, countOfTests: 1, countOfMethodsTested: 1 TestGenerationAccount: a[countOfRemoved=0, countOfUnchanged=0, countOfUpdated=0, countOfNew=38]
13:03:46.836 [INFO]   [Creating]    [pool-3-thread-1]   [com.diffblue.cover.ui.b.b]     [105/131] uk.gov.gchq.palisade.user.UserId.<init>
13:03:46.836 [INFO]   [Creating]    [pool-3-thread-1]   [com.diffblue.cover.ui.b.b]     [105/131]   Tests created: 1
13:03:46.836 [DEBUG]  [Creating]    [pool-3-thread-1]   [com.diffblue.combiner.d.j] Using Javaparser to combine tests
13:03:46.874 [DEBUG]  [Creating]    [pool-6-thread-39]  [com.diffblue.cover.l.a.c] EdgeCoverageRuntime contains 6 edges
13:03:46.874 [DEBUG]  [Creating]    [pool-3-thread-1]   [com.diffblue.combiner.a.c] Adding changeSet to account as new: Optional[uk.gov.gchq.palisade.user.UserId.<init>:(Luk/gov/gchq/palisade/user/UserId;)V]
13:03:46.883 [DEBUG]  [Creating]    [pool-3-thread-1]   [com.diffblue.cover.r.d] Finished with MethodGroup: <init>, countOfTests: 1, countOfMethodsTested: 1 TestGenerationAccount: a[countOfRemoved=0, countOfUnchanged=0, countOfUpdated=0, countOfNew=39]
13:03:46.883 [INFO]   [Creating]    [pool-3-thread-1]   [com.diffblue.cover.ui.b.b]     [106/131] uk.gov.gchq.palisade.user.UserId.<init>
13:03:46.883 [INFO]   [Creating]    [pool-3-thread-1]   [com.diffblue.cover.ui.b.b]     [106/131]   Tests created: 1
13:03:46.884 [INFO]   [Creating]    [pool-3-thread-1]   [com.diffblue.cover.ui.b.b] [12/25] uk.gov.gchq.palisade.user.UserId
13:03:46.885 [INFO]   [Creating]    [pool-3-thread-1]   [com.diffblue.cover.ui.b.b] [12/25]   Tests created: 2
13:03:46.885 [DEBUG]  [Creating]    [pool-3-thread-1]   [com.diffblue.cover.ui.b.b] [12/25]   (at least 17 lines uncovered in this class)
13:03:46.885 [INFO]   [Creating]    [pool-3-thread-1]   [com.diffblue.cover.m.a.b] 
================================================================================
= Starting analysis for class 'uk.gov.gchq.palisade.util.AbstractResourceBuilder'
================================================================================
13:03:46.885 [INFO]   [Creating]    [pool-3-thread-1]   [com.diffblue.cover.m.a.b] Filtering out non-testable methods...
13:03:46.891 [DEBUG]  [Creating]    [pool-3-thread-1]   [com.diffblue.combiner.d.j] Using Javaparser to combine tests
13:03:46.892 [INFO]   [Creating]    [pool-3-thread-1]   [com.diffblue.cover.m.a.b] Filtering of methods complete. Creating analysis request
13:03:46.892 [INFO]   [Creating]    [pool-3-thread-1]   [com.diffblue.cover.service.c] Attempting to get service client, retry 1.
13:03:46.906 [DEBUG]  [Creating]    [analyzer-service:grpc-default-executor-0][com.diffblue.fuzztest.e.a] Class information:
13:03:46.906 [DEBUG]  [Creating]    [analyzer-service:grpc-default-executor-0][com.diffblue.fuzztest.e.a]   Fields: private static final java.util.ServiceLoader uk.gov.gchq.palisade.util.AbstractResourceBuilder.LOADER, private static final org.slf4j.Logger uk.gov.gchq.palisade.util.AbstractResourceBuilder.LOGGER, private static final java.lang.String uk.gov.gchq.palisade.util.AbstractResourceBuilder.URI_PATH_SEPARATOR
13:03:46.906 [DEBUG]  [Creating]    [analyzer-service:grpc-default-executor-0][com.diffblue.fuzztest.e.a]   Constructors: public uk.gov.gchq.palisade.util.AbstractResourceBuilder()
13:03:46.906 [DEBUG]  [Creating]    [analyzer-service:grpc-default-executor-0][com.diffblue.fuzztest.e.a]   Methods: public abstract boolean uk.gov.gchq.palisade.util.AbstractResourceBuilder.accepts(java.net.URI), protected abstract uk.gov.gchq.palisade.resource.Resource uk.gov.gchq.palisade.util.AbstractResourceBuilder.build(java.net.URI), public uk.gov.gchq.palisade.resource.Resource uk.gov.gchq.palisade.util.AbstractResourceBuilder.buildNormal(java.net.URI), public static uk.gov.gchq.palisade.resource.Resource uk.gov.gchq.palisade.util.AbstractResourceBuilder.create(java.lang.String), public static uk.gov.gchq.palisade.resource.Resource uk.gov.gchq.palisade.util.AbstractResourceBuilder.create(java.net.URI), private static boolean uk.gov.gchq.palisade.util.AbstractResourceBuilder.lambda$create$0(java.net.URI,uk.gov.gchq.palisade.util.AbstractResourceBuilder), private static java.lang.IllegalArgumentException uk.gov.gchq.palisade.util.AbstractResourceBuilder.lambda$create$1(java.net.URI), public static void uk.gov.gchq.palisade.util.AbstractResourceBuilder.refreshProviders()
13:03:46.915 [DEBUG]  [Creating]    [analyzer-service:TimedExecutor-93][com.diffblue.fuzztest.g.e] 
================================================================================
= Creating tests for 'uk.gov.gchq.palisade.util.AbstractResourceBuilder.create:(Ljava/lang/String;)Luk/gov/gchq/palisade/resource/Resource;' using 'SiM (!sp, fnm, df)'
================================================================================
13:03:46.917 [DEBUG]  [Creating]    [analyzer-service:TimedExecutor-93][com.diffblue.fuzztest.g.ap] Test file does not exist: /home/jbergqvist/diffblue/Palisade-common/src/test/java/uk/gov/gchq/palisade/util/AbstractResourceBuilderDiffblueTest.java
13:03:46.917 [DEBUG]  [Creating]    [analyzer-service:TimedExecutor-93][com.diffblue.fuzztest.g.e] 
================================================================================
= Trying DI configuration EmptyDependencyInjectionTirConfiguration for uk.gov.gchq.palisade.util.AbstractResourceBuilder.create:(Ljava/lang/String;)Luk/gov/gchq/palisade/resource/Resource;
================================================================================
13:03:46.995 [DEBUG]  [Creating]    [analyzer-service:TimedExecutor-93][com.diffblue.fuzztest.b.f] Refinement loop done: 1 seeds, 2+0 new+accumulated tests, 1+1 tests+partial tests, 86/1000 its
13:03:47.039 [DEBUG]  [Creating]    [analyzer-service:TimedExecutor-93][com.diffblue.fuzztest.g.e] DI configuration 'com.diffblue.tir.p' generated tests: 2
13:03:47.039 [DEBUG]  [Creating]    [analyzer-service:TimedExecutor-93][com.diffblue.fuzztest.g.e] Enabling descriptive test naming
13:03:47.041 [DEBUG]  [Creating]    [analyzer-service:grpc-default-executor-0][com.diffblue.fuzztest.e.c] Created 1+0 tests and partial tests via 'SiM (!sp, fnm, df)' SiM fallback 1/2, returning all 1
13:03:47.056 [DEBUG]  [Creating]    [pool-3-thread-1]   [com.diffblue.cover.m.a.b] in processAnalysisResult for uk.gov.gchq.palisade.util.AbstractResourceBuilder.create:(Ljava/lang/String;)Luk/gov/gchq/palisade/resource/Resource;
13:03:47.056 [DEBUG]  [Creating]    [pool-3-thread-1]   [com.diffblue.combiner.d.j] Using Javaparser to combine tests
13:03:47.102 [DEBUG]  [Creating]    [pool-6-thread-40]  [com.diffblue.cover.l.a.c] EdgeCoverageRuntime contains 6 edges
13:03:47.102 [DEBUG]  [Creating]    [pool-3-thread-1]   [com.diffblue.combiner.a.c] Adding changeSet to account as new: Optional[uk.gov.gchq.palisade.util.AbstractResourceBuilder.create:(Ljava/lang/String;)Luk/gov/gchq/palisade/resource/Resource;]
13:03:47.112 [DEBUG]  [Creating]    [analyzer-service:TimedExecutor-94][com.diffblue.fuzztest.g.e] 
================================================================================
= Creating tests for 'uk.gov.gchq.palisade.util.AbstractResourceBuilder.create:(Ljava/net/URI;)Luk/gov/gchq/palisade/resource/Resource;' using 'SiM (!sp, fnm, df)'
================================================================================
13:03:47.115 [DEBUG]  [Creating]    [analyzer-service:TimedExecutor-94][com.diffblue.fuzztest.g.ap] Parsed existing test class at /home/jbergqvist/diffblue/Palisade-common/src/test/java/uk/gov/gchq/palisade/util/AbstractResourceBuilderDiffblueTest.java: found 0 annotations
13:03:47.115 [DEBUG]  [Creating]    [analyzer-service:TimedExecutor-94][com.diffblue.fuzztest.g.e] 
================================================================================
= Trying DI configuration EmptyDependencyInjectionTirConfiguration for uk.gov.gchq.palisade.util.AbstractResourceBuilder.create:(Ljava/net/URI;)Luk/gov/gchq/palisade/resource/Resource;
================================================================================
13:03:47.202 [DEBUG]  [Creating]    [analyzer-service:TimedExecutor-94][com.diffblue.fuzztest.b.f] Refinement loop done: 1 seeds, 1+0 new+accumulated tests, 1+0 tests+partial tests, 61/1000 its
13:03:47.290 [DEBUG]  [Creating]    [analyzer-service:TimedExecutor-94][com.diffblue.fuzztest.g.e] DI configuration 'com.diffblue.tir.p' generated no complete tests, trying another
13:03:47.290 [DEBUG]  [Creating]    [analyzer-service:TimedExecutor-94][com.diffblue.fuzztest.g.e] Incompleteness reason 'com.diffblue.cover.message.limitation.NonDeterministicMethodMessage' (cause: 'com.diffblue.cover.e.a'): Execution failed for an unknown reason
13:03:47.291 [DEBUG]  [Creating]    [analyzer-service:TimedExecutor-94][com.diffblue.fuzztest.g.e] Enabling descriptive test naming
13:03:47.293 [DEBUG]  [Creating]    [analyzer-service:TimedExecutor-95][com.diffblue.fuzztest.g.e] 
================================================================================
= Creating tests for 'uk.gov.gchq.palisade.util.AbstractResourceBuilder.create:(Ljava/net/URI;)Luk/gov/gchq/palisade/resource/Resource;' using 'SiM (!sp, !fnm, df)'
================================================================================
13:03:47.295 [DEBUG]  [Creating]    [analyzer-service:TimedExecutor-95][com.diffblue.fuzztest.g.ap] Parsed existing test class at /home/jbergqvist/diffblue/Palisade-common/src/test/java/uk/gov/gchq/palisade/util/AbstractResourceBuilderDiffblueTest.java: found 0 annotations
13:03:47.296 [DEBUG]  [Creating]    [analyzer-service:TimedExecutor-95][com.diffblue.fuzztest.g.e] 
================================================================================
= Trying DI configuration EmptyDependencyInjectionTirConfiguration for uk.gov.gchq.palisade.util.AbstractResourceBuilder.create:(Ljava/net/URI;)Luk/gov/gchq/palisade/resource/Resource;
================================================================================
13:03:47.343 [DEBUG]  [Creating]    [analyzer-service:TimedExecutor-95][com.diffblue.fuzztest.b.f] Refinement loop done: 1 seeds, 1+0 new+accumulated tests, 1+0 tests+partial tests, 61/1000 its
13:03:47.422 [DEBUG]  [Creating]    [analyzer-service:TimedExecutor-95][com.diffblue.fuzztest.g.e] DI configuration 'com.diffblue.tir.p' generated no complete tests, trying another
13:03:47.422 [DEBUG]  [Creating]    [analyzer-service:TimedExecutor-95][com.diffblue.fuzztest.g.e] Incompleteness reason 'com.diffblue.cover.message.limitation.NonDeterministicMethodMessage' (cause: 'com.diffblue.cover.e.a'): Execution failed for an unknown reason
13:03:47.422 [DEBUG]  [Creating]    [analyzer-service:TimedExecutor-95][com.diffblue.fuzztest.g.e] Enabling descriptive test naming
13:03:47.424 [DEBUG]  [Creating]    [analyzer-service:grpc-default-executor-0][com.diffblue.fuzztest.g.o] All 2 subs either threw or created only partial tests; returning the 1 partial tests created by 'SiM (!sp, fnm, df)'
13:03:47.424 [DEBUG]  [Creating]    [analyzer-service:grpc-default-executor-0][com.diffblue.fuzztest.e.c] Created 1 partial tests via 'SiM (!sp, fnm, df)' , here is the last one:
13:03:47.468 [DEBUG]  [Creating]    [analyzer-service:grpc-default-executor-0][com.diffblue.combiner.d.j] Using Javaparser to combine tests
13:03:47.866 [DEBUG]  [Creating]    [analyzer-service:grpc-default-executor-0][com.diffblue.fuzztest.e.c] == begin partial test ==
13:03:47.867 [DEBUG]  [Creating]    [analyzer-service:grpc-default-executor-0][com.diffblue.fuzztest.e.c] Test:
package uk.gov.gchq.palisade.util;

import static org.junit.jupiter.api.Assertions.assertEquals;
import static org.junit.jupiter.api.Assertions.assertNull;
import static org.junit.jupiter.api.Assertions.assertTrue;
import com.diffblue.cover.annotations.ManagedByDiffblue;
import com.diffblue.cover.annotations.MethodsUnderTest;
import java.net.URI;
import java.nio.file.Paths;
import org.junit.jupiter.api.Disabled;
import org.junit.jupiter.api.DisplayName;
import org.junit.jupiter.api.Tag;
import org.junit.jupiter.api.Test;
import uk.gov.gchq.palisade.resource.ParentResource;
import uk.gov.gchq.palisade.resource.Resource;
import uk.gov.gchq.palisade.resource.impl.DirectoryResource;
import uk.gov.gchq.palisade.resource.impl.FileResource;
import uk.gov.gchq.palisade.resource.impl.SystemResource;

class AbstractResourceBuilderDiffblueTest {
  /**
   * Test {@link AbstractResourceBuilder#create(URI)} with {@code resourceUri}.
   *
   * <p>Method under test: {@link AbstractResourceBuilder#create(URI)}
   */
  @Test
  @DisplayName("Test create(URI) with 'resourceUri'")
  @Disabled("TODO: Complete this test")
  @Tag("ContributionFromDiffblue")
  @ManagedByDiffblue
  @MethodsUnderTest({"Resource AbstractResourceBuilder.create(URI)"})
  void testCreateWithResourceUri() {
    // TODO: Diffblue Cover was only able to create a partial test for this method:
    //   Diffblue AI was unable to find a test

    // Arrange and Act
    Resource actualCreateResult =
        AbstractResourceBuilder.create(
            Paths.get(System.getProperty("java.io.tmpdir"), "test.txt").toUri());

    // Assert
    assertTrue(actualCreateResult instanceof FileResource);
    assertTrue(((FileResource) actualCreateResult).getAttributes().isEmpty());
    assertNull(((FileResource) actualCreateResult).getConnectionDetail());
    String actualId = actualCreateResult.getId();
    String expectedId =
        String.join(
            "", "file:", Paths.get(System.getProperty("java.io.tmpdir"), "test.txt").toString());
    assertEquals(expectedId, actualId);
    ParentResource parent = ((FileResource) actualCreateResult).getParent();
    assertTrue(parent instanceof DirectoryResource);
    String actualId2 = parent.getId();
    String expectedId2 = String.join("", "file:", System.getProperty("java.io.tmpdir"));
    assertEquals(expectedId2, actualId2);
    ParentResource parent2 = ((DirectoryResource) parent).getParent();
    assertTrue(parent2 instanceof SystemResource);
    assertEquals("file:/", parent2.getId());
    assertNull(((FileResource) actualCreateResult).getSerialisedFormat());
    assertNull(((FileResource) actualCreateResult).getType());
  }
}

13:03:47.867 [DEBUG]  [Creating]    [analyzer-service:grpc-default-executor-0][com.diffblue.fuzztest.e.c] == end partial test ==
13:03:47.873 [DEBUG]  [Creating]    [analyzer-service:grpc-default-executor-0][com.diffblue.cover.service.analyzer.a.c] Watchdog reset
13:03:47.877 [DEBUG]  [Creating]    [pool-3-thread-1]   [com.diffblue.cover.m.a.b] in processAnalysisResult for uk.gov.gchq.palisade.util.AbstractResourceBuilder.create:(Ljava/net/URI;)Luk/gov/gchq/palisade/resource/Resource;
13:03:47.878 [DEBUG]  [Creating]    [pool-3-thread-1]   [com.diffblue.cover.r.d] Finished with MethodGroup: create, countOfTests: 1, countOfMethodsTested: 1 TestGenerationAccount: a[countOfRemoved=0, countOfUnchanged=0, countOfUpdated=0, countOfNew=40]
13:03:47.878 [INFO]   [Creating]    [pool-3-thread-1]   [com.diffblue.cover.ui.b.b]     [107/131] uk.gov.gchq.palisade.util.AbstractResourceBuilder.create
13:03:47.878 [INFO]   [Creating]    [pool-3-thread-1]   [com.diffblue.cover.ui.b.b]     [107/131]   Tests created: 1
13:03:47.879 [DEBUG]  [Creating]    [analyzer-service:TimedExecutor-96][com.diffblue.fuzztest.g.e] 
================================================================================
= Creating tests for 'uk.gov.gchq.palisade.util.AbstractResourceBuilder.refreshProviders:()V' using 'SiM (!sp, fnm, df)'
================================================================================
13:03:47.882 [DEBUG]  [Creating]    [analyzer-service:TimedExecutor-96][com.diffblue.fuzztest.g.ap] Parsed existing test class at /home/jbergqvist/diffblue/Palisade-common/src/test/java/uk/gov/gchq/palisade/util/AbstractResourceBuilderDiffblueTest.java: found 0 annotations
13:03:47.883 [DEBUG]  [Creating]    [analyzer-service:TimedExecutor-96][com.diffblue.fuzztest.g.e] 
================================================================================
= Trying DI configuration EmptyDependencyInjectionTirConfiguration for uk.gov.gchq.palisade.util.AbstractResourceBuilder.refreshProviders:()V
================================================================================
13:03:47.898 [DEBUG]  [Creating]    [analyzer-service:TimedExecutor-96][com.diffblue.fuzztest.b.f] Refinement loop done: 1 seeds, 1+0 new+accumulated tests, 1+0 tests+partial tests, 1/1000 its
13:03:47.917 [DEBUG]  [Creating]    [analyzer-service:TimedExecutor-96][com.diffblue.fuzztest.g.e] DI configuration 'com.diffblue.tir.p' generated no complete tests, trying another
13:03:47.917 [DEBUG]  [Creating]    [analyzer-service:TimedExecutor-96][com.diffblue.fuzztest.g.e] Incompleteness reason 'com.diffblue.cover.message.limitation.NoMeaningfulAssertionMessage' (cause: 'none')
13:03:47.918 [DEBUG]  [Creating]    [analyzer-service:TimedExecutor-96][com.diffblue.fuzztest.g.e] Enabling descriptive test naming
13:03:47.919 [DEBUG]  [Creating]    [analyzer-service:TimedExecutor-97][com.diffblue.fuzztest.g.e] 
================================================================================
= Creating tests for 'uk.gov.gchq.palisade.util.AbstractResourceBuilder.refreshProviders:()V' using 'SiM (!sp, !fnm, df)'
================================================================================
13:03:47.921 [DEBUG]  [Creating]    [analyzer-service:TimedExecutor-97][com.diffblue.fuzztest.g.ap] Parsed existing test class at /home/jbergqvist/diffblue/Palisade-common/src/test/java/uk/gov/gchq/palisade/util/AbstractResourceBuilderDiffblueTest.java: found 0 annotations
13:03:47.921 [DEBUG]  [Creating]    [analyzer-service:TimedExecutor-97][com.diffblue.fuzztest.g.e] 
================================================================================
= Trying DI configuration EmptyDependencyInjectionTirConfiguration for uk.gov.gchq.palisade.util.AbstractResourceBuilder.refreshProviders:()V
================================================================================
13:03:47.936 [DEBUG]  [Creating]    [analyzer-service:TimedExecutor-97][com.diffblue.fuzztest.b.f] Refinement loop done: 1 seeds, 1+0 new+accumulated tests, 1+0 tests+partial tests, 1/1000 its
13:03:47.954 [DEBUG]  [Creating]    [analyzer-service:TimedExecutor-97][com.diffblue.fuzztest.g.e] DI configuration 'com.diffblue.tir.p' generated no complete tests, trying another
13:03:47.954 [DEBUG]  [Creating]    [analyzer-service:TimedExecutor-97][com.diffblue.fuzztest.g.e] Incompleteness reason 'com.diffblue.cover.message.limitation.NoMeaningfulAssertionMessage' (cause: 'none')
13:03:47.955 [DEBUG]  [Creating]    [analyzer-service:TimedExecutor-97][com.diffblue.fuzztest.g.e] Enabling descriptive test naming
13:03:47.955 [DEBUG]  [Creating]    [analyzer-service:grpc-default-executor-0][com.diffblue.fuzztest.g.o] All 2 subs either threw or created only partial tests; returning the 1 partial tests created by 'SiM (!sp, fnm, df)'
13:03:47.955 [DEBUG]  [Creating]    [analyzer-service:grpc-default-executor-0][com.diffblue.fuzztest.e.c] Created 1 partial tests via 'SiM (!sp, fnm, df)' , here is the last one:
13:03:47.960 [DEBUG]  [Creating]    [analyzer-service:grpc-default-executor-0][com.diffblue.combiner.d.j] Using Javaparser to combine tests
13:03:47.971 [DEBUG]  [Creating]    [analyzer-service:grpc-default-executor-0][com.diffblue.fuzztest.e.c] == begin partial test ==
13:03:47.971 [DEBUG]  [Creating]    [analyzer-service:grpc-default-executor-0][com.diffblue.fuzztest.e.c] Test:
package uk.gov.gchq.palisade.util;

import com.diffblue.cover.annotations.ManagedByDiffblue;
import com.diffblue.cover.annotations.MethodsUnderTest;
import org.junit.jupiter.api.DisplayName;
import org.junit.jupiter.api.Tag;
import org.junit.jupiter.api.Test;

class AbstractResourceBuilderDiffblueTest {
  /**
   * Test {@link AbstractResourceBuilder#refreshProviders()}.
   *
   * <p>Method under test: {@link AbstractResourceBuilder#refreshProviders()}
   */
  @Test
  @DisplayName("Test refreshProviders()")
  @Tag("ContributionFromDiffblue")
  @ManagedByDiffblue
  @MethodsUnderTest({"void AbstractResourceBuilder.refreshProviders()"})
  void testRefreshProviders() {
    // TODO: Diffblue Cover was only able to create a partial test for this method:
    //   Diffblue AI was unable to find a test

    // Arrange, Act and Assert
    AbstractResourceBuilder.refreshProviders();
  }
}

13:03:47.971 [DEBUG]  [Creating]    [analyzer-service:grpc-default-executor-0][com.diffblue.fuzztest.e.c] == end partial test ==
13:03:47.977 [DEBUG]  [Creating]    [pool-3-thread-1]   [com.diffblue.cover.m.a.b] in processAnalysisResult for uk.gov.gchq.palisade.util.AbstractResourceBuilder.refreshProviders:()V
13:03:47.977 [DEBUG]  [Creating]    [pool-3-thread-1]   [com.diffblue.cover.r.d] Finished with MethodGroup: create, countOfTests: 0, countOfMethodsTested: 0 TestGenerationAccount: a[countOfRemoved=0, countOfUnchanged=0, countOfUpdated=0, countOfNew=40]
13:03:47.979 [INFO]   [Creating]    [pool-3-thread-1]   [com.diffblue.cover.ui.b.b]     [108/131] uk.gov.gchq.palisade.util.AbstractResourceBuilder.create
13:03:47.979 [INFO]   [Creating]    [pool-3-thread-1]   [com.diffblue.cover.ui.b.b]     [108/131]   Diffblue AI was unable to find a test
13:03:47.979 [DEBUG]  [Creating]    [pool-3-thread-1]   [com.diffblue.cover.ui.b.b]     [108/131]   R015: Method may be nondeterministic
13:03:47.979 [DEBUG]  [Creating]    [pool-3-thread-1]   [com.diffblue.cover.ui.b.b]     [108/131]   (at least 6 lines uncovered in this method)
13:03:47.979 [DEBUG]  [Creating]    [pool-3-thread-1]   [com.diffblue.cover.ui.b.b]     [108/131]     The execution of the created test may depend on the runtime environment.
13:03:47.981 [DEBUG]  [Creating]    [analyzer-service:TimedExecutor-98][com.diffblue.fuzztest.g.e] 
================================================================================
= Creating tests for 'uk.gov.gchq.palisade.util.AbstractResourceBuilder.buildNormal:(Ljava/net/URI;)Luk/gov/gchq/palisade/resource/Resource;' using 'SiM (!sp, fnm, df)'
================================================================================
13:03:47.984 [DEBUG]  [Creating]    [analyzer-service:TimedExecutor-98][com.diffblue.fuzztest.g.ap] Parsed existing test class at /home/jbergqvist/diffblue/Palisade-common/src/test/java/uk/gov/gchq/palisade/util/AbstractResourceBuilderDiffblueTest.java: found 0 annotations
13:03:47.984 [DEBUG]  [Creating]    [analyzer-service:TimedExecutor-98][com.diffblue.fuzztest.g.e] 
================================================================================
= Trying DI configuration EmptyDependencyInjectionTirConfiguration for uk.gov.gchq.palisade.util.AbstractResourceBuilder.buildNormal:(Ljava/net/URI;)Luk/gov/gchq/palisade/resource/Resource;
================================================================================
13:03:48.080 [DEBUG]  [Creating]    [analyzer-service:TimedExecutor-98][com.diffblue.fuzztest.b.f] Refinement loop done: 1 seeds, 1+0 new+accumulated tests, 1+0 tests+partial tests, 71/1000 its
13:03:48.163 [DEBUG]  [Creating]    [analyzer-service:TimedExecutor-98][com.diffblue.fuzztest.g.e] DI configuration 'com.diffblue.tir.p' generated no complete tests, trying another
13:03:48.163 [DEBUG]  [Creating]    [analyzer-service:TimedExecutor-98][com.diffblue.fuzztest.g.e] Incompleteness reason 'com.diffblue.cover.message.limitation.NonDeterministicMethodMessage' (cause: 'com.diffblue.cover.e.a'): Execution failed for an unknown reason
13:03:48.163 [DEBUG]  [Creating]    [analyzer-service:TimedExecutor-98][com.diffblue.fuzztest.g.e] Enabling descriptive test naming
13:03:48.165 [DEBUG]  [Creating]    [analyzer-service:TimedExecutor-99][com.diffblue.fuzztest.g.e] 
================================================================================
= Creating tests for 'uk.gov.gchq.palisade.util.AbstractResourceBuilder.buildNormal:(Ljava/net/URI;)Luk/gov/gchq/palisade/resource/Resource;' using 'SiM (!sp, !fnm, df)'
================================================================================
13:03:48.167 [DEBUG]  [Creating]    [analyzer-service:TimedExecutor-99][com.diffblue.fuzztest.g.ap] Parsed existing test class at /home/jbergqvist/diffblue/Palisade-common/src/test/java/uk/gov/gchq/palisade/util/AbstractResourceBuilderDiffblueTest.java: found 0 annotations
13:03:48.167 [DEBUG]  [Creating]    [analyzer-service:TimedExecutor-99][com.diffblue.fuzztest.g.e] 
================================================================================
= Trying DI configuration EmptyDependencyInjectionTirConfiguration for uk.gov.gchq.palisade.util.AbstractResourceBuilder.buildNormal:(Ljava/net/URI;)Luk/gov/gchq/palisade/resource/Resource;
================================================================================
13:03:48.219 [DEBUG]  [Creating]    [analyzer-service:TimedExecutor-99][com.diffblue.fuzztest.b.f] Refinement loop done: 1 seeds, 1+0 new+accumulated tests, 1+0 tests+partial tests, 71/1000 its
13:03:48.294 [DEBUG]  [Creating]    [analyzer-service:TimedExecutor-99][com.diffblue.fuzztest.g.e] DI configuration 'com.diffblue.tir.p' generated no complete tests, trying another
13:03:48.295 [DEBUG]  [Creating]    [analyzer-service:TimedExecutor-99][com.diffblue.fuzztest.g.e] Incompleteness reason 'com.diffblue.cover.message.limitation.NonDeterministicMethodMessage' (cause: 'com.diffblue.cover.e.a'): Execution failed for an unknown reason
13:03:48.295 [DEBUG]  [Creating]    [analyzer-service:TimedExecutor-99][com.diffblue.fuzztest.g.e] Enabling descriptive test naming
13:03:48.296 [DEBUG]  [Creating]    [analyzer-service:grpc-default-executor-0][com.diffblue.fuzztest.g.o] All 2 subs either threw or created only partial tests; returning the 1 partial tests created by 'SiM (!sp, fnm, df)'
13:03:48.296 [DEBUG]  [Creating]    [analyzer-service:grpc-default-executor-0][com.diffblue.fuzztest.e.c] Created 1 partial tests via 'SiM (!sp, fnm, df)' , here is the last one:
13:03:48.308 [DEBUG]  [Creating]    [analyzer-service:grpc-default-executor-0][com.diffblue.combiner.d.j] Using Javaparser to combine tests
13:03:48.342 [DEBUG]  [Creating]    [analyzer-service:grpc-default-executor-0][com.diffblue.fuzztest.e.c] == begin partial test ==
13:03:48.342 [DEBUG]  [Creating]    [analyzer-service:grpc-default-executor-0][com.diffblue.fuzztest.e.c] Test:
package uk.gov.gchq.palisade.util;

import static org.junit.jupiter.api.Assertions.assertEquals;
import static org.junit.jupiter.api.Assertions.assertNull;
import static org.junit.jupiter.api.Assertions.assertTrue;
import com.diffblue.cover.annotations.ManagedByDiffblue;
import com.diffblue.cover.annotations.MethodsUnderTest;
import java.net.URI;
import java.nio.file.Paths;
import org.junit.jupiter.api.Disabled;
import org.junit.jupiter.api.DisplayName;
import org.junit.jupiter.api.Tag;
import org.junit.jupiter.api.Test;
import uk.gov.gchq.palisade.resource.ParentResource;
import uk.gov.gchq.palisade.resource.Resource;
import uk.gov.gchq.palisade.resource.impl.DirectoryResource;
import uk.gov.gchq.palisade.resource.impl.FileResource;
import uk.gov.gchq.palisade.resource.impl.SystemResource;

class AbstractResourceBuilderDiffblueTest {
  /**
   * Test {@link AbstractResourceBuilder#buildNormal(URI)}.
   *
   * <p>Method under test: {@link AbstractResourceBuilder#buildNormal(URI)}
   */
  @Test
  @DisplayName("Test buildNormal(URI)")
  @Disabled("TODO: Complete this test")
  @Tag("ContributionFromDiffblue")
  @ManagedByDiffblue
  @MethodsUnderTest({"Resource AbstractResourceBuilder.buildNormal(URI)"})
  void testBuildNormal() {
    // TODO: Diffblue Cover was only able to create a partial test for this method:
    //   Diffblue AI was unable to find a test

    // Arrange and Act
    Resource actualBuildNormalResult =
        new FileResourceBuilder()
            .buildNormal(Paths.get(System.getProperty("java.io.tmpdir"), "test.txt").toUri());

    // Assert
    assertTrue(actualBuildNormalResult instanceof FileResource);
    assertTrue(((FileResource) actualBuildNormalResult).getAttributes().isEmpty());
    assertNull(((FileResource) actualBuildNormalResult).getConnectionDetail());
    String actualId = actualBuildNormalResult.getId();
    String expectedId =
        String.join(
            "", "file:", Paths.get(System.getProperty("java.io.tmpdir"), "test.txt").toString());
    assertEquals(expectedId, actualId);
    ParentResource parent = ((FileResource) actualBuildNormalResult).getParent();
    assertTrue(parent instanceof DirectoryResource);
    String actualId2 = parent.getId();
    String expectedId2 = String.join("", "file:", System.getProperty("java.io.tmpdir"));
    assertEquals(expectedId2, actualId2);
    ParentResource parent2 = ((DirectoryResource) parent).getParent();
    assertTrue(parent2 instanceof SystemResource);
    assertEquals("file:/", parent2.getId());
    assertNull(((FileResource) actualBuildNormalResult).getSerialisedFormat());
    assertNull(((FileResource) actualBuildNormalResult).getType());
  }
}

13:03:48.342 [DEBUG]  [Creating]    [analyzer-service:grpc-default-executor-0][com.diffblue.fuzztest.e.c] == end partial test ==
13:03:48.351 [DEBUG]  [Creating]    [pool-3-thread-1]   [com.diffblue.cover.m.a.b] in processAnalysisResult for uk.gov.gchq.palisade.util.AbstractResourceBuilder.buildNormal:(Ljava/net/URI;)Luk/gov/gchq/palisade/resource/Resource;
13:03:48.351 [DEBUG]  [Creating]    [pool-3-thread-1]   [com.diffblue.cover.r.d] Finished with MethodGroup: refreshProviders, countOfTests: 0, countOfMethodsTested: 0 TestGenerationAccount: a[countOfRemoved=0, countOfUnchanged=0, countOfUpdated=0, countOfNew=40]
13:03:48.354 [INFO]   [Creating]    [pool-3-thread-1]   [com.diffblue.cover.ui.b.b]     [109/131] uk.gov.gchq.palisade.util.AbstractResourceBuilder.refreshProviders
13:03:48.354 [INFO]   [Creating]    [pool-3-thread-1]   [com.diffblue.cover.ui.b.b]     [109/131]   Diffblue AI was unable to find a test
13:03:48.354 [DEBUG]  [Creating]    [pool-3-thread-1]   [com.diffblue.cover.ui.b.b]     [109/131]   R004: No meaningful assertions found
13:03:48.354 [DEBUG]  [Creating]    [pool-3-thread-1]   [com.diffblue.cover.ui.b.b]     [109/131]   (at least 2 lines uncovered in this method)
13:03:48.354 [DEBUG]  [Creating]    [pool-3-thread-1]   [com.diffblue.cover.ui.b.b]     [109/131]     Diffblue Cover was unable to create an assertion.
13:03:48.354 [DEBUG]  [Creating]    [pool-3-thread-1]   [com.diffblue.cover.ui.b.b]     [109/131]     Fields modified by refreshProviders() might not
13:03:48.354 [DEBUG]  [Creating]    [pool-3-thread-1]   [com.diffblue.cover.ui.b.b]     [109/131]     have package-private, protected, or public getters.
13:03:48.356 [DEBUG]  [Creating]    [pool-3-thread-1]   [com.diffblue.cover.r.d] Finished with MethodGroup: buildNormal, countOfTests: 0, countOfMethodsTested: 0 TestGenerationAccount: a[countOfRemoved=0, countOfUnchanged=0, countOfUpdated=0, countOfNew=40]
13:03:48.357 [INFO]   [Creating]    [pool-3-thread-1]   [com.diffblue.cover.ui.b.b]     [110/131] uk.gov.gchq.palisade.util.AbstractResourceBuilder.buildNormal
13:03:48.358 [INFO]   [Creating]    [pool-3-thread-1]   [com.diffblue.cover.ui.b.b]     [110/131]   Diffblue AI was unable to find a test
13:03:48.358 [DEBUG]  [Creating]    [pool-3-thread-1]   [com.diffblue.cover.ui.b.b]     [110/131]   R015: Method may be nondeterministic
13:03:48.358 [DEBUG]  [Creating]    [pool-3-thread-1]   [com.diffblue.cover.ui.b.b]     [110/131]   (at least 28 lines uncovered in this method)
13:03:48.358 [DEBUG]  [Creating]    [pool-3-thread-1]   [com.diffblue.cover.ui.b.b]     [110/131]     The execution of the created test may depend on the runtime environment.
13:03:48.360 [INFO]   [Creating]    [pool-3-thread-1]   [com.diffblue.cover.ui.b.b] [13/25] uk.gov.gchq.palisade.util.AbstractResourceBuilder
13:03:48.360 [INFO]   [Creating]    [pool-3-thread-1]   [com.diffblue.cover.ui.b.b] [13/25]   Tests created: 1
13:03:48.360 [DEBUG]  [Creating]    [pool-3-thread-1]   [com.diffblue.cover.ui.b.b] [13/25]   (at least 36 lines uncovered in this class)
13:03:48.361 [INFO]   [Creating]    [pool-3-thread-1]   [com.diffblue.cover.m.a.b] 
================================================================================
= Starting analysis for class 'uk.gov.gchq.palisade.util.FileResourceBuilder'
================================================================================
13:03:48.361 [INFO]   [Creating]    [pool-3-thread-1]   [com.diffblue.cover.m.a.b] Filtering out non-testable methods...
13:03:48.363 [DEBUG]  [Creating]    [pool-3-thread-1]   [com.diffblue.combiner.d.j] Using Javaparser to combine tests
13:03:48.364 [INFO]   [Creating]    [pool-3-thread-1]   [com.diffblue.cover.m.a.b] Filtering of methods complete. Creating analysis request
13:03:48.364 [INFO]   [Creating]    [pool-3-thread-1]   [com.diffblue.cover.service.c] Attempting to get service client, retry 1.
13:03:48.379 [DEBUG]  [Creating]    [analyzer-service:grpc-default-executor-0][com.diffblue.fuzztest.e.a] Class information:
13:03:48.380 [DEBUG]  [Creating]    [analyzer-service:grpc-default-executor-0][com.diffblue.fuzztest.e.a]   Extends: class uk.gov.gchq.palisade.util.AbstractResourceBuilder
13:03:48.380 [DEBUG]  [Creating]    [analyzer-service:grpc-default-executor-0][com.diffblue.fuzztest.e.a]   Fields: private static final java.util.Set uk.gov.gchq.palisade.util.FileResourceBuilder.ACCEPTED_SCHEMES, private static final org.slf4j.Logger uk.gov.gchq.palisade.util.FileResourceBuilder.LOGGER, private static final java.net.URI uk.gov.gchq.palisade.util.FileResourceBuilder.ROOT
13:03:48.380 [DEBUG]  [Creating]    [analyzer-service:grpc-default-executor-0][com.diffblue.fuzztest.e.a]   Constructors: public uk.gov.gchq.palisade.util.FileResourceBuilder()
13:03:48.380 [DEBUG]  [Creating]    [analyzer-service:grpc-default-executor-0][com.diffblue.fuzztest.e.a]   Methods: public boolean uk.gov.gchq.palisade.util.FileResourceBuilder.accepts(java.net.URI), public uk.gov.gchq.palisade.resource.Resource uk.gov.gchq.palisade.util.FileResourceBuilder.build(java.net.URI), private static uk.gov.gchq.palisade.resource.impl.DirectoryResource uk.gov.gchq.palisade.util.FileResourceBuilder.directoryResource(java.net.URI), private static uk.gov.gchq.palisade.resource.impl.FileResource uk.gov.gchq.palisade.util.FileResourceBuilder.fileResource(java.net.URI), private static uk.gov.gchq.palisade.resource.Resource uk.gov.gchq.palisade.util.FileResourceBuilder.filesystemScheme(java.net.URI), private static uk.gov.gchq.palisade.resource.impl.SystemResource uk.gov.gchq.palisade.util.FileResourceBuilder.systemResource(java.net.URI)
13:03:48.388 [DEBUG]  [Creating]    [analyzer-service:TimedExecutor-106][com.diffblue.fuzztest.g.e] 
================================================================================
= Creating tests for 'uk.gov.gchq.palisade.util.FileResourceBuilder.<init>:()V, uk.gov.gchq.palisade.util.FileResourceBuilder.build:(Ljava/net/URI;)Luk/gov/gchq/palisade/resource/Resource;' using 'B (!sp, !fnm, df)'
================================================================================
13:03:48.390 [DEBUG]  [Creating]    [analyzer-service:TimedExecutor-106][com.diffblue.fuzztest.g.ap] Test file does not exist: /home/jbergqvist/diffblue/Palisade-common/src/test/java/uk/gov/gchq/palisade/util/FileResourceBuilderDiffblueTest.java
13:03:48.390 [DEBUG]  [Creating]    [analyzer-service:TimedExecutor-106][com.diffblue.fuzztest.g.e] 
================================================================================
= Trying DI configuration com.diffblue.cover.f.e.aa@20 for uk.gov.gchq.palisade.util.FileResourceBuilder.<init>:()V
================================================================================
13:03:48.475 [DEBUG]  [Creating]    [analyzer-service:TimedExecutor-106][com.diffblue.fuzztest.g.e] DI configuration 'com.diffblue.cover.f.e.aa' generated tests: 1
13:03:48.475 [DEBUG]  [Creating]    [analyzer-service:TimedExecutor-106][com.diffblue.fuzztest.g.e] 
================================================================================
= Trying DI configuration EmptyDependencyInjectionTirConfiguration for uk.gov.gchq.palisade.util.FileResourceBuilder.<init>:()V
================================================================================
13:03:48.556 [DEBUG]  [Creating]    [analyzer-service:TimedExecutor-106][com.diffblue.fuzztest.g.e] Enabling descriptive test naming
13:03:48.557 [DEBUG]  [Creating]    [analyzer-service:grpc-default-executor-0][com.diffblue.fuzztest.e.c] Created 1+0 tests and partial tests via 'B (!sp, !fnm, df)' , returning all 1
13:03:48.573 [DEBUG]  [Creating]    [pool-3-thread-1]   [com.diffblue.cover.m.a.b] in processAnalysisResult for uk.gov.gchq.palisade.util.FileResourceBuilder.<init>:()V, uk.gov.gchq.palisade.util.FileResourceBuilder.build:(Ljava/net/URI;)Luk/gov/gchq/palisade/resource/Resource;
13:03:48.574 [DEBUG]  [Creating]    [pool-3-thread-1]   [com.diffblue.combiner.d.j] Using Javaparser to combine tests
13:03:48.631 [DEBUG]  [Creating]    [pool-6-thread-41]  [com.diffblue.cover.l.a.c] EdgeCoverageRuntime contains 8 edges
13:03:48.632 [DEBUG]  [Creating]    [pool-3-thread-1]   [com.diffblue.combiner.a.c] Adding changeSet to account as new: Optional[uk.gov.gchq.palisade.util.FileResourceBuilder.<init>:()V, uk.gov.gchq.palisade.util.FileResourceBuilder.build:(Ljava/net/URI;)Luk/gov/gchq/palisade/resource/Resource;]
13:03:48.644 [DEBUG]  [Creating]    [analyzer-service:TimedExecutor-107][com.diffblue.fuzztest.g.e] 
================================================================================
= Creating tests for 'uk.gov.gchq.palisade.util.FileResourceBuilder.accepts:(Ljava/net/URI;)Z' using 'SiM (!sp, fnm, df)'
================================================================================
13:03:48.647 [DEBUG]  [Creating]    [analyzer-service:TimedExecutor-107][com.diffblue.fuzztest.g.ap] Parsed existing test class at /home/jbergqvist/diffblue/Palisade-common/src/test/java/uk/gov/gchq/palisade/util/FileResourceBuilderDiffblueTest.java: found 0 annotations
13:03:48.647 [DEBUG]  [Creating]    [analyzer-service:TimedExecutor-107][com.diffblue.fuzztest.g.e] 
================================================================================
= Trying DI configuration EmptyDependencyInjectionTirConfiguration for uk.gov.gchq.palisade.util.FileResourceBuilder.accepts:(Ljava/net/URI;)Z
================================================================================
13:03:48.688 [DEBUG]  [Creating]    [analyzer-service:TimedExecutor-107][com.diffblue.fuzztest.b.f] Refinement loop done: 1 seeds, 1+0 new+accumulated tests, 1+0 tests+partial tests, 54/1000 its
13:03:48.733 [DEBUG]  [Creating]    [analyzer-service:TimedExecutor-107][com.diffblue.fuzztest.g.e] DI configuration 'com.diffblue.tir.p' generated tests: 1
13:03:48.733 [DEBUG]  [Creating]    [analyzer-service:TimedExecutor-107][com.diffblue.fuzztest.g.e] Enabling descriptive test naming
13:03:48.734 [DEBUG]  [Creating]    [analyzer-service:grpc-default-executor-0][com.diffblue.fuzztest.e.c] Created 1+0 tests and partial tests via 'SiM (!sp, fnm, df)' SiM fallback 1/2, returning all 1
13:03:48.748 [DEBUG]  [Creating]    [pool-3-thread-1]   [com.diffblue.cover.m.a.b] in processAnalysisResult for uk.gov.gchq.palisade.util.FileResourceBuilder.accepts:(Ljava/net/URI;)Z
13:03:48.748 [DEBUG]  [Creating]    [pool-3-thread-1]   [com.diffblue.cover.r.d] Finished with MethodGroup: <init>, countOfTests: 1, countOfMethodsTested: 2 TestGenerationAccount: a[countOfRemoved=0, countOfUnchanged=0, countOfUpdated=0, countOfNew=41]
13:03:48.748 [INFO]   [Creating]    [pool-3-thread-1]   [com.diffblue.cover.ui.b.b]     [111/131] uk.gov.gchq.palisade.util.FileResourceBuilder.<init>
13:03:48.748 [INFO]   [Creating]    [pool-3-thread-1]   [com.diffblue.cover.ui.b.b]     [112/131] uk.gov.gchq.palisade.util.FileResourceBuilder.build
13:03:48.748 [INFO]   [Creating]    [pool-3-thread-1]   [com.diffblue.cover.ui.b.b]     [112/131]   Tests created: 1
13:03:48.748 [DEBUG]  [Creating]    [pool-3-thread-1]   [com.diffblue.combiner.d.j] Using Javaparser to combine tests
13:03:48.803 [DEBUG]  [Creating]    [pool-6-thread-42]  [com.diffblue.cover.l.a.c] EdgeCoverageRuntime contains 8 edges
13:03:48.804 [DEBUG]  [Creating]    [pool-3-thread-1]   [com.diffblue.combiner.a.c] Adding changeSet to account as new: Optional[uk.gov.gchq.palisade.util.FileResourceBuilder.accepts:(Ljava/net/URI;)Z]
13:03:48.815 [DEBUG]  [Creating]    [pool-3-thread-1]   [com.diffblue.cover.r.d] Finished with MethodGroup: accepts, countOfTests: 1, countOfMethodsTested: 1 TestGenerationAccount: a[countOfRemoved=0, countOfUnchanged=0, countOfUpdated=0, countOfNew=42]
13:03:48.815 [INFO]   [Creating]    [pool-3-thread-1]   [com.diffblue.cover.ui.b.b]     [113/131] uk.gov.gchq.palisade.util.FileResourceBuilder.accepts
13:03:48.815 [INFO]   [Creating]    [pool-3-thread-1]   [com.diffblue.cover.ui.b.b]     [113/131]   Tests created: 1
13:03:48.816 [INFO]   [Creating]    [pool-3-thread-1]   [com.diffblue.cover.ui.b.b] [14/25] uk.gov.gchq.palisade.util.FileResourceBuilder
13:03:48.816 [INFO]   [Creating]    [pool-3-thread-1]   [com.diffblue.cover.ui.b.b] [14/25]   Tests created: 2
13:03:48.817 [INFO]   [Creating]    [pool-3-thread-1]   [com.diffblue.cover.m.a.b] 
================================================================================
= Starting analysis for class 'uk.gov.gchq.palisade.util.RulesUtil'
================================================================================
13:03:48.817 [INFO]   [Creating]    [pool-3-thread-1]   [com.diffblue.cover.m.a.b] Filtering out non-testable methods...
13:03:48.818 [DEBUG]  [Creating]    [pool-3-thread-1]   [com.diffblue.combiner.d.j] Using Javaparser to combine tests
13:03:48.819 [INFO]   [Creating]    [pool-3-thread-1]   [com.diffblue.cover.m.a.b] Filtering of methods complete. Creating analysis request
13:03:48.819 [INFO]   [Creating]    [pool-3-thread-1]   [com.diffblue.cover.service.c] Attempting to get service client, retry 1.
13:03:48.831 [DEBUG]  [Creating]    [analyzer-service:grpc-default-executor-0][com.diffblue.fuzztest.e.a] Class information:
13:03:48.831 [DEBUG]  [Creating]    [analyzer-service:grpc-default-executor-0][com.diffblue.fuzztest.e.a]   Fields: 
13:03:48.831 [DEBUG]  [Creating]    [analyzer-service:grpc-default-executor-0][com.diffblue.fuzztest.e.a]   Constructors: private uk.gov.gchq.palisade.util.RulesUtil()
13:03:48.831 [DEBUG]  [Creating]    [analyzer-service:grpc-default-executor-0][com.diffblue.fuzztest.e.a]   Methods: public static java.io.Serializable uk.gov.gchq.palisade.util.RulesUtil.applyRulesToItem(java.io.Serializable,uk.gov.gchq.palisade.user.User,uk.gov.gchq.palisade.Context,uk.gov.gchq.palisade.rule.Rules), public static java.util.stream.Stream uk.gov.gchq.palisade.util.RulesUtil.applyRulesToStream(java.util.stream.Stream,uk.gov.gchq.palisade.user.User,uk.gov.gchq.palisade.Context,uk.gov.gchq.palisade.rule.Rules,java.util.concurrent.atomic.AtomicLong,java.util.concurrent.atomic.AtomicLong), private static java.io.Serializable uk.gov.gchq.palisade.util.RulesUtil.lambda$applyRulesToStream$0(java.util.concurrent.atomic.AtomicLong,uk.gov.gchq.palisade.user.User,uk.gov.gchq.palisade.Context,uk.gov.gchq.palisade.rule.Rules,java.util.concurrent.atomic.AtomicLong,java.io.Serializable)
13:03:48.838 [DEBUG]  [Creating]    [analyzer-service:TimedExecutor-114][com.diffblue.fuzztest.g.e] 
================================================================================
= Creating tests for 'uk.gov.gchq.palisade.util.RulesUtil.applyRulesToItem:(Ljava/io/Serializable;Luk/gov/gchq/palisade/user/User;Luk/gov/gchq/palisade/Context;Luk/gov/gchq/palisade/rule/Rules;)Ljava/io/Serializable;' using 'SiM (!sp, fnm, df)'
================================================================================
13:03:48.840 [DEBUG]  [Creating]    [analyzer-service:TimedExecutor-114][com.diffblue.fuzztest.g.ap] Test file does not exist: /home/jbergqvist/diffblue/Palisade-common/src/test/java/uk/gov/gchq/palisade/util/RulesUtilDiffblueTest.java
13:03:48.840 [DEBUG]  [Creating]    [analyzer-service:TimedExecutor-114][com.diffblue.fuzztest.g.e] 
================================================================================
= Trying DI configuration EmptyDependencyInjectionTirConfiguration for uk.gov.gchq.palisade.util.RulesUtil.applyRulesToItem:(Ljava/io/Serializable;Luk/gov/gchq/palisade/user/User;Luk/gov/gchq/palisade/Context;Luk/gov/gchq/palisade/rule/Rules;)Ljava/io/Serializable;
================================================================================
13:03:52.936 [DEBUG]  [Creating]    [analyzer-service:grpc-default-executor-0][com.diffblue.cover.commons.system.e] Unable to create any test via 'SiM (!sp, fnm, df)', 1/2:
13:03:52.944 [DEBUG]  [Creating]    [analyzer-service:grpc-default-executor-0][com.diffblue.cover.commons.system.e] R005: Unable to load class
Class: akka.actor.CoordinatedShutdown$ActorSystemTerminateReason
Please check that the class is available on your test runtime classpath.
See https://diff.blue/R005 to resolve this issue.
	at com.diffblue.cover.commons.reflect.ClassName.a(SourceFile:598)
	at com.diffblue.cover.commons.reflect.h.getClass(SourceFile:421)
	at com.diffblue.cover.commons.reflect.h.a(SourceFile:433)
	at com.diffblue.fuzztest.d.b.b.a(SourceFile:318)
	at com.diffblue.fuzztest.d.b.b.a(SourceFile:236)
	at java.base/java.util.stream.ReferencePipeline$7$1.accept(ReferencePipeline.java:271)
	at java.base/java.util.stream.DistinctOps$1$2.accept(DistinctOps.java:175)
	at java.base/java.util.stream.StreamSpliterators$WrappingSpliterator.tryAdvance(StreamSpliterators.java:302)
	at java.base/java.util.stream.Streams$ConcatSpliterator.tryAdvance(Streams.java:727)
	at java.base/java.util.stream.ReferencePipeline.forEachWithCancel(ReferencePipeline.java:127)
	at java.base/java.util.stream.AbstractPipeline.copyIntoWithCancel(AbstractPipeline.java:502)
	at java.base/java.util.stream.AbstractPipeline.copyInto(AbstractPipeline.java:488)
	at java.base/java.util.stream.AbstractPipeline.wrapAndCopyInto(AbstractPipeline.java:474)
	at java.base/java.util.stream.ReduceOps$ReduceOp.evaluateSequential(ReduceOps.java:913)
	at java.base/java.util.stream.AbstractPipeline.evaluate(AbstractPipeline.java:234)
	at java.base/java.util.stream.ReferencePipeline.collect(ReferencePipeline.java:578)
	at com.diffblue.cover.h.z.a(SourceFile:96)
	at com.diffblue.fuzztest.d.b.b.b(SourceFile:230)
	at com.diffblue.fuzztest.d.b.b.b(SourceFile:64)
	at com.diffblue.cover.h.b.a(SourceFile:172)
	at com.google.common.cache.CacheLoader$FunctionToCacheLoader.load(SourceFile:169)
	at com.google.common.cache.LocalCache$LoadingValueReference.loadFuture(SourceFile:3574)
	at com.google.common.cache.LocalCache$Segment.loadSync(SourceFile:2316)
	at com.google.common.cache.LocalCache$Segment.lockedGetOrLoad(SourceFile:2189)
	at com.google.common.cache.LocalCache$Segment.get(SourceFile:2079)
	at com.google.common.cache.LocalCache.get(SourceFile:4017)
	at com.google.common.cache.LocalCache.getOrLoad(SourceFile:4040)
	at com.google.common.cache.LocalCache$LocalLoadingCache.get(SourceFile:4989)
	at com.diffblue.cover.h.b.c(SourceFile:191)
	at com.diffblue.cover.h.t.a(SourceFile:46)
	at com.diffblue.cover.h.t.a(SourceFile:39)
	at com.diffblue.fuzztest.d.h.a(SourceFile:114)
	at com.diffblue.fuzztest.d.h.c(SourceFile:2073)
	at com.diffblue.cover.h.t.a(SourceFile:46)
	at com.diffblue.cover.h.t.a(SourceFile:39)
	at com.diffblue.cover.h.k.a.d(SourceFile:302)
	at com.diffblue.cover.h.k.a.a(SourceFile:2097)
	at com.diffblue.fuzztest.d.h.a.c(SourceFile:132)
	at com.diffblue.fuzztest.d.a.a(SourceFile:55)
	at com.diffblue.fuzztest.d.e.a(SourceFile:46)
	at com.diffblue.fuzztest.g.y.a(SourceFile:52)
	at com.diffblue.fuzztest.g.i.a(SourceFile:104)
	at com.diffblue.fuzztest.g.a.a(SourceFile:46)
	at com.diffblue.fuzztest.g.p.a(SourceFile:128)
	at com.diffblue.fuzztest.g.a.a(SourceFile:46)
	at com.diffblue.fuzztest.g.ae.a(SourceFile:94)
	at com.diffblue.fuzztest.g.af.a(SourceFile:162)
	at com.diffblue.fuzztest.g.ae.a(SourceFile:193)
	at com.diffblue.fuzztest.g.e.r(SourceFile:499)
	at com.diffblue.cover.sandbox.execution.WorkerThread.lambda$callWorkerThread$3(SourceFile:164)
	at com.diffblue.cover.sandbox.execution.WorkerThread.run(SourceFile:265)
13:03:52.944 [DEBUG]  [Creating]    [analyzer-service:grpc-default-executor-0][com.diffblue.cover.commons.system.e] Caused by: com.diffblue.cover.exception.SerializableException:java.lang.ClassNotFoundException: akka.actor.CoordinatedShutdown$ActorSystemTerminateReason
	at java.base/java.net.URLClassLoader.findClass(URLClassLoader.java:476)
	at java.base/java.lang.ClassLoader.loadClass(ClassLoader.java:594)
	at com.diffblue.cover.launcher.FilteringClassLoader.loadClassBasedOnPolicy(FilteringClassLoader.java:72)
	at com.diffblue.cover.launcher.FilteringClassLoader.loadClass(FilteringClassLoader.java:60)
	at com.diffblue.cover.i.e.loadClass(SourceFile:67)
	at java.base/java.lang.Class.forName0(Native Method)
	at java.base/java.lang.Class.forName(Class.java:398)
	at com.diffblue.cover.commons.reflect.ClassName.a(SourceFile:595)
	at com.diffblue.cover.commons.reflect.h.getClass(SourceFile:421)
	at com.diffblue.cover.commons.reflect.h.a(SourceFile:433)
	at com.diffblue.fuzztest.d.b.b.a(SourceFile:318)
	at com.diffblue.fuzztest.d.b.b.a(SourceFile:236)
	at java.base/java.util.stream.ReferencePipeline$7$1.accept(ReferencePipeline.java:271)
	at java.base/java.util.stream.DistinctOps$1$2.accept(DistinctOps.java:175)
	at java.base/java.util.stream.StreamSpliterators$WrappingSpliterator.tryAdvance(StreamSpliterators.java:302)
	at java.base/java.util.stream.Streams$ConcatSpliterator.tryAdvance(Streams.java:727)
	at java.base/java.util.stream.ReferencePipeline.forEachWithCancel(ReferencePipeline.java:127)
	at java.base/java.util.stream.AbstractPipeline.copyIntoWithCancel(AbstractPipeline.java:502)
	at java.base/java.util.stream.AbstractPipeline.copyInto(AbstractPipeline.java:488)
	at java.base/java.util.stream.AbstractPipeline.wrapAndCopyInto(AbstractPipeline.java:474)
	at java.base/java.util.stream.ReduceOps$ReduceOp.evaluateSequential(ReduceOps.java:913)
	at java.base/java.util.stream.AbstractPipeline.evaluate(AbstractPipeline.java:234)
	at java.base/java.util.stream.ReferencePipeline.collect(ReferencePipeline.java:578)
	at com.diffblue.cover.h.z.a(SourceFile:96)
	at com.diffblue.fuzztest.d.b.b.b(SourceFile:230)
	at com.diffblue.fuzztest.d.b.b.b(SourceFile:64)
	at com.diffblue.cover.h.b.a(SourceFile:172)
	at com.google.common.cache.CacheLoader$FunctionToCacheLoader.load(SourceFile:169)
	at com.google.common.cache.LocalCache$LoadingValueReference.loadFuture(SourceFile:3574)
	at com.google.common.cache.LocalCache$Segment.loadSync(SourceFile:2316)
	at com.google.common.cache.LocalCache$Segment.lockedGetOrLoad(SourceFile:2189)
	at com.google.common.cache.LocalCache$Segment.get(SourceFile:2079)
	at com.google.common.cache.LocalCache.get(SourceFile:4017)
	at com.google.common.cache.LocalCache.getOrLoad(SourceFile:4040)
	at com.google.common.cache.LocalCache$LocalLoadingCache.get(SourceFile:4989)
	at com.diffblue.cover.h.b.c(SourceFile:191)
	at com.diffblue.cover.h.t.a(SourceFile:46)
	at com.diffblue.cover.h.t.a(SourceFile:39)
	at com.diffblue.fuzztest.d.h.a(SourceFile:114)
	at com.diffblue.fuzztest.d.h.c(SourceFile:2073)
	at com.diffblue.cover.h.t.a(SourceFile:46)
	at com.diffblue.cover.h.t.a(SourceFile:39)
	at com.diffblue.cover.h.k.a.d(SourceFile:302)
	at com.diffblue.cover.h.k.a.a(SourceFile:2097)
	at com.diffblue.fuzztest.d.h.a.c(SourceFile:132)
	at com.diffblue.fuzztest.d.a.a(SourceFile:55)
	at com.diffblue.fuzztest.d.e.a(SourceFile:46)
	at com.diffblue.fuzztest.g.y.a(SourceFile:52)
	at com.diffblue.fuzztest.g.i.a(SourceFile:104)
	at com.diffblue.fuzztest.g.a.a(SourceFile:46)
	at com.diffblue.fuzztest.g.p.a(SourceFile:128)
	at com.diffblue.fuzztest.g.a.a(SourceFile:46)
	at com.diffblue.fuzztest.g.ae.a(SourceFile:94)
	at com.diffblue.fuzztest.g.af.a(SourceFile:162)
	at com.diffblue.fuzztest.g.ae.a(SourceFile:193)
	at com.diffblue.fuzztest.g.e.r(SourceFile:499)
	at com.diffblue.cover.sandbox.execution.WorkerThread.lambda$callWorkerThread$3(SourceFile:164)
	at com.diffblue.cover.sandbox.execution.WorkerThread.run(SourceFile:265)
13:03:52.945 [DEBUG]  [Creating]    [analyzer-service:TimedExecutor-115][com.diffblue.fuzztest.g.e] 
================================================================================
= Creating tests for 'uk.gov.gchq.palisade.util.RulesUtil.applyRulesToItem:(Ljava/io/Serializable;Luk/gov/gchq/palisade/user/User;Luk/gov/gchq/palisade/Context;Luk/gov/gchq/palisade/rule/Rules;)Ljava/io/Serializable;' using 'SiM (!sp, !fnm, df)'
================================================================================
13:03:52.946 [DEBUG]  [Creating]    [analyzer-service:TimedExecutor-115][com.diffblue.fuzztest.g.ap] Test file does not exist: /home/jbergqvist/diffblue/Palisade-common/src/test/java/uk/gov/gchq/palisade/util/RulesUtilDiffblueTest.java
13:03:52.946 [DEBUG]  [Creating]    [analyzer-service:TimedExecutor-115][com.diffblue.fuzztest.g.e] 
================================================================================
= Trying DI configuration EmptyDependencyInjectionTirConfiguration for uk.gov.gchq.palisade.util.RulesUtil.applyRulesToItem:(Ljava/io/Serializable;Luk/gov/gchq/palisade/user/User;Luk/gov/gchq/palisade/Context;Luk/gov/gchq/palisade/rule/Rules;)Ljava/io/Serializable;
================================================================================
13:03:53.205 [DEBUG]  [Creating]    [analyzer-service:grpc-default-executor-0][com.diffblue.cover.commons.system.e] Unable to create any test via 'SiM (!sp, !fnm, df)', 2/2:
13:03:53.206 [DEBUG]  [Creating]    [analyzer-service:grpc-default-executor-0][com.diffblue.cover.commons.system.e] R005: Unable to load class
Class: akka.actor.CoordinatedShutdown$ActorSystemTerminateReason
Please check that the class is available on your test runtime classpath.
See https://diff.blue/R005 to resolve this issue.
	at com.diffblue.cover.commons.reflect.ClassName.a(SourceFile:598)
	at com.diffblue.cover.commons.reflect.h.getClass(SourceFile:421)
	at com.diffblue.cover.commons.reflect.h.a(SourceFile:433)
	at com.diffblue.fuzztest.d.b.b.a(SourceFile:318)
	at com.diffblue.fuzztest.d.b.b.a(SourceFile:236)
	at java.base/java.util.stream.ReferencePipeline$7$1.accept(ReferencePipeline.java:271)
	at java.base/java.util.stream.DistinctOps$1$2.accept(DistinctOps.java:175)
	at java.base/java.util.stream.StreamSpliterators$WrappingSpliterator.tryAdvance(StreamSpliterators.java:302)
	at java.base/java.util.stream.Streams$ConcatSpliterator.tryAdvance(Streams.java:727)
	at java.base/java.util.stream.ReferencePipeline.forEachWithCancel(ReferencePipeline.java:127)
	at java.base/java.util.stream.AbstractPipeline.copyIntoWithCancel(AbstractPipeline.java:502)
	at java.base/java.util.stream.AbstractPipeline.copyInto(AbstractPipeline.java:488)
	at java.base/java.util.stream.AbstractPipeline.wrapAndCopyInto(AbstractPipeline.java:474)
	at java.base/java.util.stream.ReduceOps$ReduceOp.evaluateSequential(ReduceOps.java:913)
	at java.base/java.util.stream.AbstractPipeline.evaluate(AbstractPipeline.java:234)
	at java.base/java.util.stream.ReferencePipeline.collect(ReferencePipeline.java:578)
	at com.diffblue.cover.h.z.a(SourceFile:96)
	at com.diffblue.fuzztest.d.b.b.b(SourceFile:230)
	at com.diffblue.fuzztest.d.b.b.b(SourceFile:64)
	at com.diffblue.cover.h.b.a(SourceFile:172)
	at com.google.common.cache.CacheLoader$FunctionToCacheLoader.load(SourceFile:169)
	at com.google.common.cache.LocalCache$LoadingValueReference.loadFuture(SourceFile:3574)
	at com.google.common.cache.LocalCache$Segment.loadSync(SourceFile:2316)
	at com.google.common.cache.LocalCache$Segment.lockedGetOrLoad(SourceFile:2189)
	at com.google.common.cache.LocalCache$Segment.get(SourceFile:2079)
	at com.google.common.cache.LocalCache.get(SourceFile:4017)
	at com.google.common.cache.LocalCache.getOrLoad(SourceFile:4040)
	at com.google.common.cache.LocalCache$LocalLoadingCache.get(SourceFile:4989)
	at com.diffblue.cover.h.b.c(SourceFile:191)
	at com.diffblue.cover.h.t.a(SourceFile:46)
	at com.diffblue.cover.h.t.a(SourceFile:39)
	at com.diffblue.fuzztest.d.h.a(SourceFile:114)
	at com.diffblue.fuzztest.d.h.c(SourceFile:2073)
	at com.diffblue.cover.h.t.a(SourceFile:46)
	at com.diffblue.cover.h.t.a(SourceFile:39)
	at com.diffblue.cover.h.k.a.d(SourceFile:302)
	at com.diffblue.cover.h.k.a.a(SourceFile:2097)
	at com.diffblue.fuzztest.d.h.a.c(SourceFile:132)
	at com.diffblue.fuzztest.d.a.a(SourceFile:55)
	at com.diffblue.fuzztest.d.e.a(SourceFile:46)
	at com.diffblue.fuzztest.g.y.a(SourceFile:52)
	at com.diffblue.fuzztest.g.i.a(SourceFile:104)
	at com.diffblue.fuzztest.g.a.a(SourceFile:46)
	at com.diffblue.fuzztest.g.p.a(SourceFile:128)
	at com.diffblue.fuzztest.g.a.a(SourceFile:46)
	at com.diffblue.fuzztest.g.ae.a(SourceFile:94)
	at com.diffblue.fuzztest.g.af.a(SourceFile:162)
	at com.diffblue.fuzztest.g.ae.a(SourceFile:193)
	at com.diffblue.fuzztest.g.e.r(SourceFile:499)
	at com.diffblue.cover.sandbox.execution.WorkerThread.lambda$callWorkerThread$3(SourceFile:164)
	at com.diffblue.cover.sandbox.execution.WorkerThread.run(SourceFile:265)
13:03:53.207 [DEBUG]  [Creating]    [analyzer-service:grpc-default-executor-0][com.diffblue.cover.commons.system.e] Caused by: com.diffblue.cover.exception.SerializableException:java.lang.ClassNotFoundException: akka.actor.CoordinatedShutdown$ActorSystemTerminateReason
	at java.base/java.net.URLClassLoader.findClass(URLClassLoader.java:476)
	at java.base/java.lang.ClassLoader.loadClass(ClassLoader.java:594)
	at com.diffblue.cover.launcher.FilteringClassLoader.loadClassBasedOnPolicy(FilteringClassLoader.java:72)
	at com.diffblue.cover.launcher.FilteringClassLoader.loadClass(FilteringClassLoader.java:60)
	at com.diffblue.cover.i.e.loadClass(SourceFile:67)
	at java.base/java.lang.Class.forName0(Native Method)
	at java.base/java.lang.Class.forName(Class.java:398)
	at com.diffblue.cover.commons.reflect.ClassName.a(SourceFile:595)
	at com.diffblue.cover.commons.reflect.h.getClass(SourceFile:421)
	at com.diffblue.cover.commons.reflect.h.a(SourceFile:433)
	at com.diffblue.fuzztest.d.b.b.a(SourceFile:318)
	at com.diffblue.fuzztest.d.b.b.a(SourceFile:236)
	at java.base/java.util.stream.ReferencePipeline$7$1.accept(ReferencePipeline.java:271)
	at java.base/java.util.stream.DistinctOps$1$2.accept(DistinctOps.java:175)
	at java.base/java.util.stream.StreamSpliterators$WrappingSpliterator.tryAdvance(StreamSpliterators.java:302)
	at java.base/java.util.stream.Streams$ConcatSpliterator.tryAdvance(Streams.java:727)
	at java.base/java.util.stream.ReferencePipeline.forEachWithCancel(ReferencePipeline.java:127)
	at java.base/java.util.stream.AbstractPipeline.copyIntoWithCancel(AbstractPipeline.java:502)
	at java.base/java.util.stream.AbstractPipeline.copyInto(AbstractPipeline.java:488)
	at java.base/java.util.stream.AbstractPipeline.wrapAndCopyInto(AbstractPipeline.java:474)
	at java.base/java.util.stream.ReduceOps$ReduceOp.evaluateSequential(ReduceOps.java:913)
	at java.base/java.util.stream.AbstractPipeline.evaluate(AbstractPipeline.java:234)
	at java.base/java.util.stream.ReferencePipeline.collect(ReferencePipeline.java:578)
	at com.diffblue.cover.h.z.a(SourceFile:96)
	at com.diffblue.fuzztest.d.b.b.b(SourceFile:230)
	at com.diffblue.fuzztest.d.b.b.b(SourceFile:64)
	at com.diffblue.cover.h.b.a(SourceFile:172)
	at com.google.common.cache.CacheLoader$FunctionToCacheLoader.load(SourceFile:169)
	at com.google.common.cache.LocalCache$LoadingValueReference.loadFuture(SourceFile:3574)
	at com.google.common.cache.LocalCache$Segment.loadSync(SourceFile:2316)
	at com.google.common.cache.LocalCache$Segment.lockedGetOrLoad(SourceFile:2189)
	at com.google.common.cache.LocalCache$Segment.get(SourceFile:2079)
	at com.google.common.cache.LocalCache.get(SourceFile:4017)
	at com.google.common.cache.LocalCache.getOrLoad(SourceFile:4040)
	at com.google.common.cache.LocalCache$LocalLoadingCache.get(SourceFile:4989)
	at com.diffblue.cover.h.b.c(SourceFile:191)
	at com.diffblue.cover.h.t.a(SourceFile:46)
	at com.diffblue.cover.h.t.a(SourceFile:39)
	at com.diffblue.fuzztest.d.h.a(SourceFile:114)
	at com.diffblue.fuzztest.d.h.c(SourceFile:2073)
	at com.diffblue.cover.h.t.a(SourceFile:46)
	at com.diffblue.cover.h.t.a(SourceFile:39)
	at com.diffblue.cover.h.k.a.d(SourceFile:302)
	at com.diffblue.cover.h.k.a.a(SourceFile:2097)
	at com.diffblue.fuzztest.d.h.a.c(SourceFile:132)
	at com.diffblue.fuzztest.d.a.a(SourceFile:55)
	at com.diffblue.fuzztest.d.e.a(SourceFile:46)
	at com.diffblue.fuzztest.g.y.a(SourceFile:52)
	at com.diffblue.fuzztest.g.i.a(SourceFile:104)
	at com.diffblue.fuzztest.g.a.a(SourceFile:46)
	at com.diffblue.fuzztest.g.p.a(SourceFile:128)
	at com.diffblue.fuzztest.g.a.a(SourceFile:46)
	at com.diffblue.fuzztest.g.ae.a(SourceFile:94)
	at com.diffblue.fuzztest.g.af.a(SourceFile:162)
	at com.diffblue.fuzztest.g.ae.a(SourceFile:193)
	at com.diffblue.fuzztest.g.e.r(SourceFile:499)
	at com.diffblue.cover.sandbox.execution.WorkerThread.lambda$callWorkerThread$3(SourceFile:164)
	at com.diffblue.cover.sandbox.execution.WorkerThread.run(SourceFile:265)
13:03:53.207 [DEBUG]  [Creating]    [analyzer-service:grpc-default-executor-0][com.diffblue.fuzztest.g.o] All 2 subs failed to create any test, failing with first error seen
13:03:53.216 [DEBUG]  [Creating]    [analyzer-service:grpc-default-executor-0][com.diffblue.cover.service.analyzer.a.c] Watchdog reset
13:03:53.223 [DEBUG]  [Creating]    [pool-3-thread-1]   [com.diffblue.cover.m.a.b] in processAnalysisResult for uk.gov.gchq.palisade.util.RulesUtil.applyRulesToItem:(Ljava/io/Serializable;Luk/gov/gchq/palisade/user/User;Luk/gov/gchq/palisade/Context;Luk/gov/gchq/palisade/rule/Rules;)Ljava/io/Serializable;
13:03:53.225 [INFO]   [Creating]    [pool-3-thread-1]   [com.diffblue.cover.ui.b.b]     [114/131] uk.gov.gchq.palisade.util.RulesUtil.applyRulesToItem
13:03:53.225 [INFO]   [Creating]    [pool-3-thread-1]   [com.diffblue.cover.ui.b.b]     [114/131]   R005: Unable to load class
13:03:53.225 [DEBUG]  [Creating]    [pool-3-thread-1]   [com.diffblue.cover.ui.b.b]     [114/131]   (at least 9 lines uncovered in this method)
13:03:53.225 [INFO]   [Creating]    [pool-3-thread-1]   [com.diffblue.cover.ui.b.b]     [114/131]     Class: akka.actor.CoordinatedShutdown$ActorSystemTerminateReason
13:03:53.225 [INFO]   [Creating]    [pool-3-thread-1]   [com.diffblue.cover.ui.b.b]     [114/131]     Please check that the class is available on your test runtime classpath.
13:03:53.225 [INFO]   [Creating]    [pool-3-thread-1]   [com.diffblue.cover.ui.b.b]     [114/131]     See https://diff.blue/R005 to resolve this issue.
13:03:53.227 [DEBUG]  [Creating]    [analyzer-service:TimedExecutor-116][com.diffblue.fuzztest.g.e] 
================================================================================
= Creating tests for 'uk.gov.gchq.palisade.util.RulesUtil.applyRulesToStream:(Ljava/util/stream/Stream;Luk/gov/gchq/palisade/user/User;Luk/gov/gchq/palisade/Context;Luk/gov/gchq/palisade/rule/Rules;Ljava/util/concurrent/atomic/AtomicLong;Ljava/util/concurrent/atomic/AtomicLong;)Ljava/util/stream/Stream;' using 'SiM (!sp, fnm, df)'
================================================================================
13:03:53.228 [DEBUG]  [Creating]    [analyzer-service:TimedExecutor-116][com.diffblue.fuzztest.g.ap] Test file does not exist: /home/jbergqvist/diffblue/Palisade-common/src/test/java/uk/gov/gchq/palisade/util/RulesUtilDiffblueTest.java
13:03:53.228 [DEBUG]  [Creating]    [analyzer-service:TimedExecutor-116][com.diffblue.fuzztest.g.e] 
================================================================================
= Trying DI configuration EmptyDependencyInjectionTirConfiguration for uk.gov.gchq.palisade.util.RulesUtil.applyRulesToStream:(Ljava/util/stream/Stream;Luk/gov/gchq/palisade/user/User;Luk/gov/gchq/palisade/Context;Luk/gov/gchq/palisade/rule/Rules;Ljava/util/concurrent/atomic/AtomicLong;Ljava/util/concurrent/atomic/AtomicLong;)Ljava/util/stream/Stream;
================================================================================
13:03:53.256 [DEBUG]  [Creating]    [analyzer-service:TimedExecutor-116][com.diffblue.a.a.c.d.a.a.h] Stream provenance not unhandled by stream interpreter arg#0
13:03:53.256 [DEBUG]  [Creating]    [analyzer-service:TimedExecutor-116][com.diffblue.a.a.c.d.a.a.h] Stream provenance not unhandled by stream interpreter (pruned)
13:03:53.256 [DEBUG]  [Creating]    [analyzer-service:TimedExecutor-116][com.diffblue.a.a.c.d.a.a.h] Stream provenance not unhandled by stream interpreter arg#0
13:03:53.256 [DEBUG]  [Creating]    [analyzer-service:TimedExecutor-116][com.diffblue.a.a.c.d.a.a.h] Stream provenance not unhandled by stream interpreter (pruned)
13:03:53.747 [DEBUG]  [Creating]    [analyzer-service:TimedExecutor-116][com.diffblue.cover.service.analyzer.a.c] Watchdog reset
13:03:54.853 [DEBUG]  [Creating]    [analyzer-service:TimedExecutor-116][com.diffblue.cover.service.analyzer.a.c] Watchdog reset
13:03:54.895 [DEBUG]  [Creating]    [analyzer-service:TimedExecutor-116][com.diffblue.fuzztest.d.s.c] Could not construct class type 'akka.pattern.CircuitBreaker$Open$'
com.diffblue.cover.exception.BaseException: Unable to load class
	at com.diffblue.tir.h.a.f.a(SourceFile:70)
	at com.diffblue.tir.h.a.f.c(SourceFile:92)
	at com.diffblue.fuzztest.d.s.c.a(SourceFile:290)
	at com.diffblue.fuzztest.d.s.c.a(SourceFile:157)
	at com.diffblue.fuzztest.d.s.c.c(SourceFile:103)
	at java.base/java.util.stream.ReferencePipeline$7$1.accept(ReferencePipeline.java:271)
	at java.base/java.util.ArrayList$ArrayListSpliterator.forEachRemaining(ArrayList.java:1655)
	at java.base/java.util.stream.AbstractPipeline.copyInto(AbstractPipeline.java:484)
	at java.base/java.util.stream.AbstractPipeline.wrapAndCopyInto(AbstractPipeline.java:474)
	at java.base/java.util.stream.ReduceOps$ReduceOp.evaluateSequential(ReduceOps.java:913)
	at java.base/java.util.stream.AbstractPipeline.evaluate(AbstractPipeline.java:234)
	at java.base/java.util.stream.ReferencePipeline.collect(ReferencePipeline.java:578)
	at com.diffblue.cover.h.z.a(SourceFile:96)
	at com.diffblue.cover.h.z.a(SourceFile:83)
	at com.diffblue.fuzztest.d.s.c.a(SourceFile:99)
	at com.diffblue.fuzztest.d.f.a(SourceFile:34)
	at java.base/java.util.stream.ReferencePipeline$7$1.accept(ReferencePipeline.java:271)
	at java.base/java.util.ArrayList$ArrayListSpliterator.tryAdvance(ArrayList.java:1632)
	at java.base/java.util.stream.ReferencePipeline.forEachWithCancel(ReferencePipeline.java:127)
	at java.base/java.util.stream.AbstractPipeline.copyIntoWithCancel(AbstractPipeline.java:502)
	at java.base/java.util.stream.AbstractPipeline.copyInto(AbstractPipeline.java:488)
	at java.base/java.util.stream.AbstractPipeline.wrapAndCopyInto(AbstractPipeline.java:474)
	at java.base/java.util.stream.ReduceOps$ReduceOp.evaluateSequential(ReduceOps.java:913)
	at java.base/java.util.stream.AbstractPipeline.evaluate(AbstractPipeline.java:234)
	at java.base/java.util.stream.ReferencePipeline.collect(ReferencePipeline.java:578)
	at com.diffblue.cover.h.z.a(SourceFile:96)
	at com.diffblue.fuzztest.d.f.a(SourceFile:33)
	at com.diffblue.fuzztest.b.a.d.a(SourceFile:493)
	at com.diffblue.fuzztest.b.a.d.a(SourceFile:470)
	at com.diffblue.fuzztest.b.a.d.a(SourceFile:402)
	at com.diffblue.fuzztest.b.a.d.d(SourceFile:856)
	at com.diffblue.fuzztest.b.a.d.a(SourceFile:160)
	at com.diffblue.fuzztest.b.a.d.a(SourceFile:123)
	at com.diffblue.fuzztest.b.f.a(SourceFile:564)
	at com.diffblue.fuzztest.b.f.a(SourceFile:292)
	at com.diffblue.fuzztest.b.f.b(SourceFile:377)
	at com.diffblue.fuzztest.g.ae.a(SourceFile:100)
	at com.diffblue.fuzztest.g.af.a(SourceFile:162)
	at com.diffblue.fuzztest.g.ae.a(SourceFile:193)
	at com.diffblue.fuzztest.g.e.r(SourceFile:499)
	at com.diffblue.cover.sandbox.execution.WorkerThread.lambda$callWorkerThread$3(SourceFile:164)
	at com.diffblue.cover.sandbox.execution.WorkerThread.run(SourceFile:265)
Caused by: java.lang.ClassNotFoundException: akka.pattern.CircuitBreaker$Open
	at java.base/java.net.URLClassLoader.findClass(URLClassLoader.java:476)
	at java.base/java.lang.ClassLoader.loadClass(ClassLoader.java:594)
	at com.diffblue.cover.launcher.FilteringClassLoader.loadClassBasedOnPolicy(FilteringClassLoader.java:72)
	at com.diffblue.cover.launcher.FilteringClassLoader.loadClass(FilteringClassLoader.java:60)
	at com.diffblue.cover.i.e.loadClass(SourceFile:67)
	at java.base/java.lang.Class.forName0(Native Method)
	at java.base/java.lang.Class.forName(Class.java:398)
	at com.diffblue.cover.commons.reflect.q.a(SourceFile:525)
	at com.diffblue.tir.h.a.f.a(SourceFile:67)
	... 41 common frames omitted
13:03:54.899 [DEBUG]  [Creating]    [analyzer-service:TimedExecutor-116][com.diffblue.fuzztest.d.s.c] Could not construct class type 'akka.pattern.CircuitBreaker$Open$'
com.diffblue.cover.exception.BaseException: Unable to load class
	at com.diffblue.tir.h.a.f.a(SourceFile:70)
	at com.diffblue.tir.h.a.f.c(SourceFile:92)
	at com.diffblue.fuzztest.d.s.c.b(SourceFile:274)
	at com.diffblue.fuzztest.d.s.c.a(SourceFile:160)
	at com.diffblue.fuzztest.d.s.c.c(SourceFile:103)
	at java.base/java.util.stream.ReferencePipeline$7$1.accept(ReferencePipeline.java:271)
	at java.base/java.util.ArrayList$ArrayListSpliterator.forEachRemaining(ArrayList.java:1655)
	at java.base/java.util.stream.AbstractPipeline.copyInto(AbstractPipeline.java:484)
	at java.base/java.util.stream.AbstractPipeline.wrapAndCopyInto(AbstractPipeline.java:474)
	at java.base/java.util.stream.ReduceOps$ReduceOp.evaluateSequential(ReduceOps.java:913)
	at java.base/java.util.stream.AbstractPipeline.evaluate(AbstractPipeline.java:234)
	at java.base/java.util.stream.ReferencePipeline.collect(ReferencePipeline.java:578)
	at com.diffblue.cover.h.z.a(SourceFile:96)
	at com.diffblue.cover.h.z.a(SourceFile:83)
	at com.diffblue.fuzztest.d.s.c.a(SourceFile:99)
	at com.diffblue.fuzztest.d.f.a(SourceFile:34)
	at java.base/java.util.stream.ReferencePipeline$7$1.accept(ReferencePipeline.java:271)
	at java.base/java.util.ArrayList$ArrayListSpliterator.tryAdvance(ArrayList.java:1632)
	at java.base/java.util.stream.ReferencePipeline.forEachWithCancel(ReferencePipeline.java:127)
	at java.base/java.util.stream.AbstractPipeline.copyIntoWithCancel(AbstractPipeline.java:502)
	at java.base/java.util.stream.AbstractPipeline.copyInto(AbstractPipeline.java:488)
	at java.base/java.util.stream.AbstractPipeline.wrapAndCopyInto(AbstractPipeline.java:474)
	at java.base/java.util.stream.ReduceOps$ReduceOp.evaluateSequential(ReduceOps.java:913)
	at java.base/java.util.stream.AbstractPipeline.evaluate(AbstractPipeline.java:234)
	at java.base/java.util.stream.ReferencePipeline.collect(ReferencePipeline.java:578)
	at com.diffblue.cover.h.z.a(SourceFile:96)
	at com.diffblue.fuzztest.d.f.a(SourceFile:33)
	at com.diffblue.fuzztest.b.a.d.a(SourceFile:493)
	at com.diffblue.fuzztest.b.a.d.a(SourceFile:470)
	at com.diffblue.fuzztest.b.a.d.a(SourceFile:402)
	at com.diffblue.fuzztest.b.a.d.d(SourceFile:856)
	at com.diffblue.fuzztest.b.a.d.a(SourceFile:160)
	at com.diffblue.fuzztest.b.a.d.a(SourceFile:123)
	at com.diffblue.fuzztest.b.f.a(SourceFile:564)
	at com.diffblue.fuzztest.b.f.a(SourceFile:292)
	at com.diffblue.fuzztest.b.f.b(SourceFile:377)
	at com.diffblue.fuzztest.g.ae.a(SourceFile:100)
	at com.diffblue.fuzztest.g.af.a(SourceFile:162)
	at com.diffblue.fuzztest.g.ae.a(SourceFile:193)
	at com.diffblue.fuzztest.g.e.r(SourceFile:499)
	at com.diffblue.cover.sandbox.execution.WorkerThread.lambda$callWorkerThread$3(SourceFile:164)
	at com.diffblue.cover.sandbox.execution.WorkerThread.run(SourceFile:265)
Caused by: java.lang.ClassNotFoundException: akka.pattern.CircuitBreaker$Open
	at java.base/java.net.URLClassLoader.findClass(URLClassLoader.java:476)
	at java.base/java.lang.ClassLoader.loadClass(ClassLoader.java:594)
	at com.diffblue.cover.launcher.FilteringClassLoader.loadClassBasedOnPolicy(FilteringClassLoader.java:72)
	at com.diffblue.cover.launcher.FilteringClassLoader.loadClass(FilteringClassLoader.java:60)
	at com.diffblue.cover.i.e.loadClass(SourceFile:67)
	at java.base/java.lang.Class.forName0(Native Method)
	at java.base/java.lang.Class.forName(Class.java:398)
	at com.diffblue.cover.commons.reflect.q.a(SourceFile:525)
	at com.diffblue.tir.h.a.f.a(SourceFile:67)
	... 41 common frames omitted
13:03:54.914 [DEBUG]  [Creating]    [analyzer-service:TimedExecutor-116][com.diffblue.fuzztest.d.s.c] Could not construct class type 'akka.pattern.CircuitBreaker$Open$'
com.diffblue.cover.exception.BaseException: Unable to load class
	at com.diffblue.tir.h.a.f.a(SourceFile:70)
	at com.diffblue.tir.h.a.f.c(SourceFile:92)
	at com.diffblue.fuzztest.d.s.c.a(SourceFile:290)
	at com.diffblue.fuzztest.d.s.c.a(SourceFile:157)
	at com.diffblue.fuzztest.d.s.c.c(SourceFile:103)
	at java.base/java.util.stream.ReferencePipeline$7$1.accept(ReferencePipeline.java:271)
	at java.base/java.util.ArrayList$ArrayListSpliterator.forEachRemaining(ArrayList.java:1655)
	at java.base/java.util.stream.AbstractPipeline.copyInto(AbstractPipeline.java:484)
	at java.base/java.util.stream.AbstractPipeline.wrapAndCopyInto(AbstractPipeline.java:474)
	at java.base/java.util.stream.ReduceOps$ReduceOp.evaluateSequential(ReduceOps.java:913)
	at java.base/java.util.stream.AbstractPipeline.evaluate(AbstractPipeline.java:234)
	at java.base/java.util.stream.ReferencePipeline.collect(ReferencePipeline.java:578)
	at com.diffblue.cover.h.z.a(SourceFile:96)
	at com.diffblue.cover.h.z.a(SourceFile:83)
	at com.diffblue.fuzztest.d.s.c.a(SourceFile:99)
	at com.diffblue.fuzztest.d.f.a(SourceFile:34)
	at java.base/java.util.stream.ReferencePipeline$7$1.accept(ReferencePipeline.java:271)
	at java.base/java.util.ArrayList$ArrayListSpliterator.tryAdvance(ArrayList.java:1632)
	at java.base/java.util.stream.ReferencePipeline.forEachWithCancel(ReferencePipeline.java:127)
	at java.base/java.util.stream.AbstractPipeline.copyIntoWithCancel(AbstractPipeline.java:502)
	at java.base/java.util.stream.AbstractPipeline.copyInto(AbstractPipeline.java:488)
	at java.base/java.util.stream.AbstractPipeline.wrapAndCopyInto(AbstractPipeline.java:474)
	at java.base/java.util.stream.ReduceOps$ReduceOp.evaluateSequential(ReduceOps.java:913)
	at java.base/java.util.stream.AbstractPipeline.evaluate(AbstractPipeline.java:234)
	at java.base/java.util.stream.ReferencePipeline.collect(ReferencePipeline.java:578)
	at com.diffblue.cover.h.z.a(SourceFile:96)
	at com.diffblue.fuzztest.d.f.a(SourceFile:33)
	at com.diffblue.fuzztest.b.a.d.a(SourceFile:493)
	at com.diffblue.fuzztest.b.a.d.a(SourceFile:470)
	at com.diffblue.fuzztest.b.a.d.a(SourceFile:402)
	at com.diffblue.fuzztest.b.a.d.d(SourceFile:856)
	at com.diffblue.fuzztest.b.a.d.a(SourceFile:160)
	at com.diffblue.fuzztest.b.a.d.a(SourceFile:123)
	at com.diffblue.fuzztest.b.f.a(SourceFile:564)
	at com.diffblue.fuzztest.b.f.a(SourceFile:292)
	at com.diffblue.fuzztest.b.f.b(SourceFile:377)
	at com.diffblue.fuzztest.g.ae.a(SourceFile:100)
	at com.diffblue.fuzztest.g.af.a(SourceFile:162)
	at com.diffblue.fuzztest.g.ae.a(SourceFile:193)
	at com.diffblue.fuzztest.g.e.r(SourceFile:499)
	at com.diffblue.cover.sandbox.execution.WorkerThread.lambda$callWorkerThread$3(SourceFile:164)
	at com.diffblue.cover.sandbox.execution.WorkerThread.run(SourceFile:265)
Caused by: java.lang.ClassNotFoundException: akka.pattern.CircuitBreaker$Open
	at java.base/java.net.URLClassLoader.findClass(URLClassLoader.java:476)
	at java.base/java.lang.ClassLoader.loadClass(ClassLoader.java:594)
	at com.diffblue.cover.launcher.FilteringClassLoader.loadClassBasedOnPolicy(FilteringClassLoader.java:72)
	at com.diffblue.cover.launcher.FilteringClassLoader.loadClass(FilteringClassLoader.java:60)
	at com.diffblue.cover.i.e.loadClass(SourceFile:67)
	at java.base/java.lang.Class.forName0(Native Method)
	at java.base/java.lang.Class.forName(Class.java:398)
	at com.diffblue.cover.commons.reflect.q.a(SourceFile:525)
	at com.diffblue.tir.h.a.f.a(SourceFile:67)
	... 41 common frames omitted
13:03:54.915 [DEBUG]  [Creating]    [analyzer-service:TimedExecutor-116][com.diffblue.fuzztest.d.s.c] Could not construct class type 'akka.pattern.CircuitBreaker$Open$'
com.diffblue.cover.exception.BaseException: Unable to load class
	at com.diffblue.tir.h.a.f.a(SourceFile:70)
	at com.diffblue.tir.h.a.f.c(SourceFile:92)
	at com.diffblue.fuzztest.d.s.c.b(SourceFile:274)
	at com.diffblue.fuzztest.d.s.c.a(SourceFile:160)
	at com.diffblue.fuzztest.d.s.c.c(SourceFile:103)
	at java.base/java.util.stream.ReferencePipeline$7$1.accept(ReferencePipeline.java:271)
	at java.base/java.util.ArrayList$ArrayListSpliterator.forEachRemaining(ArrayList.java:1655)
	at java.base/java.util.stream.AbstractPipeline.copyInto(AbstractPipeline.java:484)
	at java.base/java.util.stream.AbstractPipeline.wrapAndCopyInto(AbstractPipeline.java:474)
	at java.base/java.util.stream.ReduceOps$ReduceOp.evaluateSequential(ReduceOps.java:913)
	at java.base/java.util.stream.AbstractPipeline.evaluate(AbstractPipeline.java:234)
	at java.base/java.util.stream.ReferencePipeline.collect(ReferencePipeline.java:578)
	at com.diffblue.cover.h.z.a(SourceFile:96)
	at com.diffblue.cover.h.z.a(SourceFile:83)
	at com.diffblue.fuzztest.d.s.c.a(SourceFile:99)
	at com.diffblue.fuzztest.d.f.a(SourceFile:34)
	at java.base/java.util.stream.ReferencePipeline$7$1.accept(ReferencePipeline.java:271)
	at java.base/java.util.ArrayList$ArrayListSpliterator.tryAdvance(ArrayList.java:1632)
	at java.base/java.util.stream.ReferencePipeline.forEachWithCancel(ReferencePipeline.java:127)
	at java.base/java.util.stream.AbstractPipeline.copyIntoWithCancel(AbstractPipeline.java:502)
	at java.base/java.util.stream.AbstractPipeline.copyInto(AbstractPipeline.java:488)
	at java.base/java.util.stream.AbstractPipeline.wrapAndCopyInto(AbstractPipeline.java:474)
	at java.base/java.util.stream.ReduceOps$ReduceOp.evaluateSequential(ReduceOps.java:913)
	at java.base/java.util.stream.AbstractPipeline.evaluate(AbstractPipeline.java:234)
	at java.base/java.util.stream.ReferencePipeline.collect(ReferencePipeline.java:578)
	at com.diffblue.cover.h.z.a(SourceFile:96)
	at com.diffblue.fuzztest.d.f.a(SourceFile:33)
	at com.diffblue.fuzztest.b.a.d.a(SourceFile:493)
	at com.diffblue.fuzztest.b.a.d.a(SourceFile:470)
	at com.diffblue.fuzztest.b.a.d.a(SourceFile:402)
	at com.diffblue.fuzztest.b.a.d.d(SourceFile:856)
	at com.diffblue.fuzztest.b.a.d.a(SourceFile:160)
	at com.diffblue.fuzztest.b.a.d.a(SourceFile:123)
	at com.diffblue.fuzztest.b.f.a(SourceFile:564)
	at com.diffblue.fuzztest.b.f.a(SourceFile:292)
	at com.diffblue.fuzztest.b.f.b(SourceFile:377)
	at com.diffblue.fuzztest.g.ae.a(SourceFile:100)
	at com.diffblue.fuzztest.g.af.a(SourceFile:162)
	at com.diffblue.fuzztest.g.ae.a(SourceFile:193)
	at com.diffblue.fuzztest.g.e.r(SourceFile:499)
	at com.diffblue.cover.sandbox.execution.WorkerThread.lambda$callWorkerThread$3(SourceFile:164)
	at com.diffblue.cover.sandbox.execution.WorkerThread.run(SourceFile:265)
Caused by: java.lang.ClassNotFoundException: akka.pattern.CircuitBreaker$Open
	at java.base/java.net.URLClassLoader.findClass(URLClassLoader.java:476)
	at java.base/java.lang.ClassLoader.loadClass(ClassLoader.java:594)
	at com.diffblue.cover.launcher.FilteringClassLoader.loadClassBasedOnPolicy(FilteringClassLoader.java:72)
	at com.diffblue.cover.launcher.FilteringClassLoader.loadClass(FilteringClassLoader.java:60)
	at com.diffblue.cover.i.e.loadClass(SourceFile:67)
	at java.base/java.lang.Class.forName0(Native Method)
	at java.base/java.lang.Class.forName(Class.java:398)
	at com.diffblue.cover.commons.reflect.q.a(SourceFile:525)
	at com.diffblue.tir.h.a.f.a(SourceFile:67)
	... 41 common frames omitted
13:03:56.044 [DEBUG]  [Creating]    [analyzer-service:TimedExecutor-116][com.diffblue.cover.service.analyzer.a.c] Watchdog reset
13:03:56.071 [DEBUG]  [Creating]    [analyzer-service:TimedExecutor-116][com.diffblue.fuzztest.d.s.c] Could not construct class type 'akka.pattern.CircuitBreaker$Open$'
com.diffblue.cover.exception.BaseException: Unable to load class
	at com.diffblue.tir.h.a.f.a(SourceFile:70)
	at com.diffblue.tir.h.a.f.c(SourceFile:92)
	at com.diffblue.fuzztest.d.s.c.a(SourceFile:290)
	at com.diffblue.fuzztest.d.s.c.a(SourceFile:157)
	at com.diffblue.fuzztest.d.s.c.c(SourceFile:103)
	at java.base/java.util.stream.ReferencePipeline$7$1.accept(ReferencePipeline.java:271)
	at java.base/java.util.ArrayList$ArrayListSpliterator.forEachRemaining(ArrayList.java:1655)
	at java.base/java.util.stream.AbstractPipeline.copyInto(AbstractPipeline.java:484)
	at java.base/java.util.stream.AbstractPipeline.wrapAndCopyInto(AbstractPipeline.java:474)
	at java.base/java.util.stream.ReduceOps$ReduceOp.evaluateSequential(ReduceOps.java:913)
	at java.base/java.util.stream.AbstractPipeline.evaluate(AbstractPipeline.java:234)
	at java.base/java.util.stream.ReferencePipeline.collect(ReferencePipeline.java:578)
	at com.diffblue.cover.h.z.a(SourceFile:96)
	at com.diffblue.cover.h.z.a(SourceFile:83)
	at com.diffblue.fuzztest.d.s.c.a(SourceFile:99)
	at com.diffblue.fuzztest.d.f.a(SourceFile:34)
	at java.base/java.util.stream.ReferencePipeline$7$1.accept(ReferencePipeline.java:271)
	at java.base/java.util.ArrayList$ArrayListSpliterator.tryAdvance(ArrayList.java:1632)
	at java.base/java.util.stream.ReferencePipeline.forEachWithCancel(ReferencePipeline.java:127)
	at java.base/java.util.stream.AbstractPipeline.copyIntoWithCancel(AbstractPipeline.java:502)
	at java.base/java.util.stream.AbstractPipeline.copyInto(AbstractPipeline.java:488)
	at java.base/java.util.stream.AbstractPipeline.wrapAndCopyInto(AbstractPipeline.java:474)
	at java.base/java.util.stream.ReduceOps$ReduceOp.evaluateSequential(ReduceOps.java:913)
	at java.base/java.util.stream.AbstractPipeline.evaluate(AbstractPipeline.java:234)
	at java.base/java.util.stream.ReferencePipeline.collect(ReferencePipeline.java:578)
	at com.diffblue.cover.h.z.a(SourceFile:96)
	at com.diffblue.fuzztest.d.f.a(SourceFile:33)
	at com.diffblue.fuzztest.b.a.d.a(SourceFile:493)
	at com.diffblue.fuzztest.b.a.d.a(SourceFile:470)
	at com.diffblue.fuzztest.b.a.d.a(SourceFile:402)
	at com.diffblue.fuzztest.b.a.d.d(SourceFile:856)
	at com.diffblue.fuzztest.b.a.d.a(SourceFile:160)
	at com.diffblue.fuzztest.b.a.d.a(SourceFile:123)
	at com.diffblue.fuzztest.b.f.a(SourceFile:564)
	at com.diffblue.fuzztest.b.f.a(SourceFile:292)
	at com.diffblue.fuzztest.b.f.b(SourceFile:377)
	at com.diffblue.fuzztest.g.ae.a(SourceFile:100)
	at com.diffblue.fuzztest.g.af.a(SourceFile:162)
	at com.diffblue.fuzztest.g.ae.a(SourceFile:193)
	at com.diffblue.fuzztest.g.e.r(SourceFile:499)
	at com.diffblue.cover.sandbox.execution.WorkerThread.lambda$callWorkerThread$3(SourceFile:164)
	at com.diffblue.cover.sandbox.execution.WorkerThread.run(SourceFile:265)
Caused by: java.lang.ClassNotFoundException: akka.pattern.CircuitBreaker$Open
	at java.base/java.net.URLClassLoader.findClass(URLClassLoader.java:476)
	at java.base/java.lang.ClassLoader.loadClass(ClassLoader.java:594)
	at com.diffblue.cover.launcher.FilteringClassLoader.loadClassBasedOnPolicy(FilteringClassLoader.java:72)
	at com.diffblue.cover.launcher.FilteringClassLoader.loadClass(FilteringClassLoader.java:60)
	at com.diffblue.cover.i.e.loadClass(SourceFile:67)
	at java.base/java.lang.Class.forName0(Native Method)
	at java.base/java.lang.Class.forName(Class.java:398)
	at com.diffblue.cover.commons.reflect.q.a(SourceFile:525)
	at com.diffblue.tir.h.a.f.a(SourceFile:67)
	... 41 common frames omitted
13:03:56.072 [DEBUG]  [Creating]    [analyzer-service:TimedExecutor-116][com.diffblue.fuzztest.d.s.c] Could not construct class type 'akka.pattern.CircuitBreaker$Open$'
com.diffblue.cover.exception.BaseException: Unable to load class
	at com.diffblue.tir.h.a.f.a(SourceFile:70)
	at com.diffblue.tir.h.a.f.c(SourceFile:92)
	at com.diffblue.fuzztest.d.s.c.b(SourceFile:274)
	at com.diffblue.fuzztest.d.s.c.a(SourceFile:160)
	at com.diffblue.fuzztest.d.s.c.c(SourceFile:103)
	at java.base/java.util.stream.ReferencePipeline$7$1.accept(ReferencePipeline.java:271)
	at java.base/java.util.ArrayList$ArrayListSpliterator.forEachRemaining(ArrayList.java:1655)
	at java.base/java.util.stream.AbstractPipeline.copyInto(AbstractPipeline.java:484)
	at java.base/java.util.stream.AbstractPipeline.wrapAndCopyInto(AbstractPipeline.java:474)
	at java.base/java.util.stream.ReduceOps$ReduceOp.evaluateSequential(ReduceOps.java:913)
	at java.base/java.util.stream.AbstractPipeline.evaluate(AbstractPipeline.java:234)
	at java.base/java.util.stream.ReferencePipeline.collect(ReferencePipeline.java:578)
	at com.diffblue.cover.h.z.a(SourceFile:96)
	at com.diffblue.cover.h.z.a(SourceFile:83)
	at com.diffblue.fuzztest.d.s.c.a(SourceFile:99)
	at com.diffblue.fuzztest.d.f.a(SourceFile:34)
	at java.base/java.util.stream.ReferencePipeline$7$1.accept(ReferencePipeline.java:271)
	at java.base/java.util.ArrayList$ArrayListSpliterator.tryAdvance(ArrayList.java:1632)
	at java.base/java.util.stream.ReferencePipeline.forEachWithCancel(ReferencePipeline.java:127)
	at java.base/java.util.stream.AbstractPipeline.copyIntoWithCancel(AbstractPipeline.java:502)
	at java.base/java.util.stream.AbstractPipeline.copyInto(AbstractPipeline.java:488)
	at java.base/java.util.stream.AbstractPipeline.wrapAndCopyInto(AbstractPipeline.java:474)
	at java.base/java.util.stream.ReduceOps$ReduceOp.evaluateSequential(ReduceOps.java:913)
	at java.base/java.util.stream.AbstractPipeline.evaluate(AbstractPipeline.java:234)
	at java.base/java.util.stream.ReferencePipeline.collect(ReferencePipeline.java:578)
	at com.diffblue.cover.h.z.a(SourceFile:96)
	at com.diffblue.fuzztest.d.f.a(SourceFile:33)
	at com.diffblue.fuzztest.b.a.d.a(SourceFile:493)
	at com.diffblue.fuzztest.b.a.d.a(SourceFile:470)
	at com.diffblue.fuzztest.b.a.d.a(SourceFile:402)
	at com.diffblue.fuzztest.b.a.d.d(SourceFile:856)
	at com.diffblue.fuzztest.b.a.d.a(SourceFile:160)
	at com.diffblue.fuzztest.b.a.d.a(SourceFile:123)
	at com.diffblue.fuzztest.b.f.a(SourceFile:564)
	at com.diffblue.fuzztest.b.f.a(SourceFile:292)
	at com.diffblue.fuzztest.b.f.b(SourceFile:377)
	at com.diffblue.fuzztest.g.ae.a(SourceFile:100)
	at com.diffblue.fuzztest.g.af.a(SourceFile:162)
	at com.diffblue.fuzztest.g.ae.a(SourceFile:193)
	at com.diffblue.fuzztest.g.e.r(SourceFile:499)
	at com.diffblue.cover.sandbox.execution.WorkerThread.lambda$callWorkerThread$3(SourceFile:164)
	at com.diffblue.cover.sandbox.execution.WorkerThread.run(SourceFile:265)
Caused by: java.lang.ClassNotFoundException: akka.pattern.CircuitBreaker$Open
	at java.base/java.net.URLClassLoader.findClass(URLClassLoader.java:476)
	at java.base/java.lang.ClassLoader.loadClass(ClassLoader.java:594)
	at com.diffblue.cover.launcher.FilteringClassLoader.loadClassBasedOnPolicy(FilteringClassLoader.java:72)
	at com.diffblue.cover.launcher.FilteringClassLoader.loadClass(FilteringClassLoader.java:60)
	at com.diffblue.cover.i.e.loadClass(SourceFile:67)
	at java.base/java.lang.Class.forName0(Native Method)
	at java.base/java.lang.Class.forName(Class.java:398)
	at com.diffblue.cover.commons.reflect.q.a(SourceFile:525)
	at com.diffblue.tir.h.a.f.a(SourceFile:67)
	... 41 common frames omitted
13:03:56.083 [DEBUG]  [Creating]    [analyzer-service:TimedExecutor-116][com.diffblue.fuzztest.d.s.c] Could not construct class type 'akka.pattern.CircuitBreaker$Open$'
com.diffblue.cover.exception.BaseException: Unable to load class
	at com.diffblue.tir.h.a.f.a(SourceFile:70)
	at com.diffblue.tir.h.a.f.c(SourceFile:92)
	at com.diffblue.fuzztest.d.s.c.a(SourceFile:290)
	at com.diffblue.fuzztest.d.s.c.a(SourceFile:157)
	at com.diffblue.fuzztest.d.s.c.c(SourceFile:103)
	at java.base/java.util.stream.ReferencePipeline$7$1.accept(ReferencePipeline.java:271)
	at java.base/java.util.ArrayList$ArrayListSpliterator.forEachRemaining(ArrayList.java:1655)
	at java.base/java.util.stream.AbstractPipeline.copyInto(AbstractPipeline.java:484)
	at java.base/java.util.stream.AbstractPipeline.wrapAndCopyInto(AbstractPipeline.java:474)
	at java.base/java.util.stream.ReduceOps$ReduceOp.evaluateSequential(ReduceOps.java:913)
	at java.base/java.util.stream.AbstractPipeline.evaluate(AbstractPipeline.java:234)
	at java.base/java.util.stream.ReferencePipeline.collect(ReferencePipeline.java:578)
	at com.diffblue.cover.h.z.a(SourceFile:96)
	at com.diffblue.cover.h.z.a(SourceFile:83)
	at com.diffblue.fuzztest.d.s.c.a(SourceFile:99)
	at com.diffblue.fuzztest.d.f.a(SourceFile:34)
	at java.base/java.util.stream.ReferencePipeline$7$1.accept(ReferencePipeline.java:271)
	at java.base/java.util.ArrayList$ArrayListSpliterator.tryAdvance(ArrayList.java:1632)
	at java.base/java.util.stream.ReferencePipeline.forEachWithCancel(ReferencePipeline.java:127)
	at java.base/java.util.stream.AbstractPipeline.copyIntoWithCancel(AbstractPipeline.java:502)
	at java.base/java.util.stream.AbstractPipeline.copyInto(AbstractPipeline.java:488)
	at java.base/java.util.stream.AbstractPipeline.wrapAndCopyInto(AbstractPipeline.java:474)
	at java.base/java.util.stream.ReduceOps$ReduceOp.evaluateSequential(ReduceOps.java:913)
	at java.base/java.util.stream.AbstractPipeline.evaluate(AbstractPipeline.java:234)
	at java.base/java.util.stream.ReferencePipeline.collect(ReferencePipeline.java:578)
	at com.diffblue.cover.h.z.a(SourceFile:96)
	at com.diffblue.fuzztest.d.f.a(SourceFile:33)
	at com.diffblue.fuzztest.b.a.d.a(SourceFile:493)
	at com.diffblue.fuzztest.b.a.d.a(SourceFile:470)
	at com.diffblue.fuzztest.b.a.d.a(SourceFile:402)
	at com.diffblue.fuzztest.b.a.d.d(SourceFile:856)
	at com.diffblue.fuzztest.b.a.d.a(SourceFile:160)
	at com.diffblue.fuzztest.b.a.d.a(SourceFile:123)
	at com.diffblue.fuzztest.b.f.a(SourceFile:564)
	at com.diffblue.fuzztest.b.f.a(SourceFile:292)
	at com.diffblue.fuzztest.b.f.b(SourceFile:377)
	at com.diffblue.fuzztest.g.ae.a(SourceFile:100)
	at com.diffblue.fuzztest.g.af.a(SourceFile:162)
	at com.diffblue.fuzztest.g.ae.a(SourceFile:193)
	at com.diffblue.fuzztest.g.e.r(SourceFile:499)
	at com.diffblue.cover.sandbox.execution.WorkerThread.lambda$callWorkerThread$3(SourceFile:164)
	at com.diffblue.cover.sandbox.execution.WorkerThread.run(SourceFile:265)
Caused by: java.lang.ClassNotFoundException: akka.pattern.CircuitBreaker$Open
	at java.base/java.net.URLClassLoader.findClass(URLClassLoader.java:476)
	at java.base/java.lang.ClassLoader.loadClass(ClassLoader.java:594)
	at com.diffblue.cover.launcher.FilteringClassLoader.loadClassBasedOnPolicy(FilteringClassLoader.java:72)
	at com.diffblue.cover.launcher.FilteringClassLoader.loadClass(FilteringClassLoader.java:60)
	at com.diffblue.cover.i.e.loadClass(SourceFile:67)
	at java.base/java.lang.Class.forName0(Native Method)
	at java.base/java.lang.Class.forName(Class.java:398)
	at com.diffblue.cover.commons.reflect.q.a(SourceFile:525)
	at com.diffblue.tir.h.a.f.a(SourceFile:67)
	... 41 common frames omitted
13:03:56.084 [DEBUG]  [Creating]    [analyzer-service:TimedExecutor-116][com.diffblue.fuzztest.d.s.c] Could not construct class type 'akka.pattern.CircuitBreaker$Open$'
com.diffblue.cover.exception.BaseException: Unable to load class
	at com.diffblue.tir.h.a.f.a(SourceFile:70)
	at com.diffblue.tir.h.a.f.c(SourceFile:92)
	at com.diffblue.fuzztest.d.s.c.b(SourceFile:274)
	at com.diffblue.fuzztest.d.s.c.a(SourceFile:160)
	at com.diffblue.fuzztest.d.s.c.c(SourceFile:103)
	at java.base/java.util.stream.ReferencePipeline$7$1.accept(ReferencePipeline.java:271)
	at java.base/java.util.ArrayList$ArrayListSpliterator.forEachRemaining(ArrayList.java:1655)
	at java.base/java.util.stream.AbstractPipeline.copyInto(AbstractPipeline.java:484)
	at java.base/java.util.stream.AbstractPipeline.wrapAndCopyInto(AbstractPipeline.java:474)
	at java.base/java.util.stream.ReduceOps$ReduceOp.evaluateSequential(ReduceOps.java:913)
	at java.base/java.util.stream.AbstractPipeline.evaluate(AbstractPipeline.java:234)
	at java.base/java.util.stream.ReferencePipeline.collect(ReferencePipeline.java:578)
	at com.diffblue.cover.h.z.a(SourceFile:96)
	at com.diffblue.cover.h.z.a(SourceFile:83)
	at com.diffblue.fuzztest.d.s.c.a(SourceFile:99)
	at com.diffblue.fuzztest.d.f.a(SourceFile:34)
	at java.base/java.util.stream.ReferencePipeline$7$1.accept(ReferencePipeline.java:271)
	at java.base/java.util.ArrayList$ArrayListSpliterator.tryAdvance(ArrayList.java:1632)
	at java.base/java.util.stream.ReferencePipeline.forEachWithCancel(ReferencePipeline.java:127)
	at java.base/java.util.stream.AbstractPipeline.copyIntoWithCancel(AbstractPipeline.java:502)
	at java.base/java.util.stream.AbstractPipeline.copyInto(AbstractPipeline.java:488)
	at java.base/java.util.stream.AbstractPipeline.wrapAndCopyInto(AbstractPipeline.java:474)
	at java.base/java.util.stream.ReduceOps$ReduceOp.evaluateSequential(ReduceOps.java:913)
	at java.base/java.util.stream.AbstractPipeline.evaluate(AbstractPipeline.java:234)
	at java.base/java.util.stream.ReferencePipeline.collect(ReferencePipeline.java:578)
	at com.diffblue.cover.h.z.a(SourceFile:96)
	at com.diffblue.fuzztest.d.f.a(SourceFile:33)
	at com.diffblue.fuzztest.b.a.d.a(SourceFile:493)
	at com.diffblue.fuzztest.b.a.d.a(SourceFile:470)
	at com.diffblue.fuzztest.b.a.d.a(SourceFile:402)
	at com.diffblue.fuzztest.b.a.d.d(SourceFile:856)
	at com.diffblue.fuzztest.b.a.d.a(SourceFile:160)
	at com.diffblue.fuzztest.b.a.d.a(SourceFile:123)
	at com.diffblue.fuzztest.b.f.a(SourceFile:564)
	at com.diffblue.fuzztest.b.f.a(SourceFile:292)
	at com.diffblue.fuzztest.b.f.b(SourceFile:377)
	at com.diffblue.fuzztest.g.ae.a(SourceFile:100)
	at com.diffblue.fuzztest.g.af.a(SourceFile:162)
	at com.diffblue.fuzztest.g.ae.a(SourceFile:193)
	at com.diffblue.fuzztest.g.e.r(SourceFile:499)
	at com.diffblue.cover.sandbox.execution.WorkerThread.lambda$callWorkerThread$3(SourceFile:164)
	at com.diffblue.cover.sandbox.execution.WorkerThread.run(SourceFile:265)
Caused by: java.lang.ClassNotFoundException: akka.pattern.CircuitBreaker$Open
	at java.base/java.net.URLClassLoader.findClass(URLClassLoader.java:476)
	at java.base/java.lang.ClassLoader.loadClass(ClassLoader.java:594)
	at com.diffblue.cover.launcher.FilteringClassLoader.loadClassBasedOnPolicy(FilteringClassLoader.java:72)
	at com.diffblue.cover.launcher.FilteringClassLoader.loadClass(FilteringClassLoader.java:60)
	at com.diffblue.cover.i.e.loadClass(SourceFile:67)
	at java.base/java.lang.Class.forName0(Native Method)
	at java.base/java.lang.Class.forName(Class.java:398)
	at com.diffblue.cover.commons.reflect.q.a(SourceFile:525)
	at com.diffblue.tir.h.a.f.a(SourceFile:67)
	... 41 common frames omitted
13:03:57.246 [DEBUG]  [Creating]    [analyzer-service:TimedExecutor-116][com.diffblue.cover.service.analyzer.a.c] Watchdog reset
13:03:57.280 [DEBUG]  [Creating]    [analyzer-service:TimedExecutor-116][com.diffblue.fuzztest.d.s.c] Could not construct class type 'akka.pattern.CircuitBreaker$Open$'
com.diffblue.cover.exception.BaseException: Unable to load class
	at com.diffblue.tir.h.a.f.a(SourceFile:70)
	at com.diffblue.tir.h.a.f.c(SourceFile:92)
	at com.diffblue.fuzztest.d.s.c.a(SourceFile:290)
	at com.diffblue.fuzztest.d.s.c.a(SourceFile:157)
	at com.diffblue.fuzztest.d.s.c.c(SourceFile:103)
	at java.base/java.util.stream.ReferencePipeline$7$1.accept(ReferencePipeline.java:271)
	at java.base/java.util.ArrayList$ArrayListSpliterator.forEachRemaining(ArrayList.java:1655)
	at java.base/java.util.stream.AbstractPipeline.copyInto(AbstractPipeline.java:484)
	at java.base/java.util.stream.AbstractPipeline.wrapAndCopyInto(AbstractPipeline.java:474)
	at java.base/java.util.stream.ReduceOps$ReduceOp.evaluateSequential(ReduceOps.java:913)
	at java.base/java.util.stream.AbstractPipeline.evaluate(AbstractPipeline.java:234)
	at java.base/java.util.stream.ReferencePipeline.collect(ReferencePipeline.java:578)
	at com.diffblue.cover.h.z.a(SourceFile:96)
	at com.diffblue.cover.h.z.a(SourceFile:83)
	at com.diffblue.fuzztest.d.s.c.a(SourceFile:99)
	at com.diffblue.fuzztest.d.f.a(SourceFile:34)
	at java.base/java.util.stream.ReferencePipeline$7$1.accept(ReferencePipeline.java:271)
	at java.base/java.util.ArrayList$ArrayListSpliterator.tryAdvance(ArrayList.java:1632)
	at java.base/java.util.stream.ReferencePipeline.forEachWithCancel(ReferencePipeline.java:127)
	at java.base/java.util.stream.AbstractPipeline.copyIntoWithCancel(AbstractPipeline.java:502)
	at java.base/java.util.stream.AbstractPipeline.copyInto(AbstractPipeline.java:488)
	at java.base/java.util.stream.AbstractPipeline.wrapAndCopyInto(AbstractPipeline.java:474)
	at java.base/java.util.stream.ReduceOps$ReduceOp.evaluateSequential(ReduceOps.java:913)
	at java.base/java.util.stream.AbstractPipeline.evaluate(AbstractPipeline.java:234)
	at java.base/java.util.stream.ReferencePipeline.collect(ReferencePipeline.java:578)
	at com.diffblue.cover.h.z.a(SourceFile:96)
	at com.diffblue.fuzztest.d.f.a(SourceFile:33)
	at com.diffblue.fuzztest.b.a.d.a(SourceFile:493)
	at com.diffblue.fuzztest.b.a.d.a(SourceFile:470)
	at com.diffblue.fuzztest.b.a.d.a(SourceFile:402)
	at com.diffblue.fuzztest.b.a.d.d(SourceFile:856)
	at com.diffblue.fuzztest.b.a.d.a(SourceFile:160)
	at com.diffblue.fuzztest.b.a.d.a(SourceFile:123)
	at com.diffblue.fuzztest.b.f.a(SourceFile:564)
	at com.diffblue.fuzztest.b.f.a(SourceFile:292)
	at com.diffblue.fuzztest.b.f.b(SourceFile:377)
	at com.diffblue.fuzztest.g.ae.a(SourceFile:100)
	at com.diffblue.fuzztest.g.af.a(SourceFile:162)
	at com.diffblue.fuzztest.g.ae.a(SourceFile:193)
	at com.diffblue.fuzztest.g.e.r(SourceFile:499)
	at com.diffblue.cover.sandbox.execution.WorkerThread.lambda$callWorkerThread$3(SourceFile:164)
	at com.diffblue.cover.sandbox.execution.WorkerThread.run(SourceFile:265)
Caused by: java.lang.ClassNotFoundException: akka.pattern.CircuitBreaker$Open
	at java.base/java.net.URLClassLoader.findClass(URLClassLoader.java:476)
	at java.base/java.lang.ClassLoader.loadClass(ClassLoader.java:594)
	at com.diffblue.cover.launcher.FilteringClassLoader.loadClassBasedOnPolicy(FilteringClassLoader.java:72)
	at com.diffblue.cover.launcher.FilteringClassLoader.loadClass(FilteringClassLoader.java:60)
	at com.diffblue.cover.i.e.loadClass(SourceFile:67)
	at java.base/java.lang.Class.forName0(Native Method)
	at java.base/java.lang.Class.forName(Class.java:398)
	at com.diffblue.cover.commons.reflect.q.a(SourceFile:525)
	at com.diffblue.tir.h.a.f.a(SourceFile:67)
	... 41 common frames omitted
13:03:57.281 [DEBUG]  [Creating]    [analyzer-service:TimedExecutor-116][com.diffblue.fuzztest.d.s.c] Could not construct class type 'akka.pattern.CircuitBreaker$Open$'
com.diffblue.cover.exception.BaseException: Unable to load class
	at com.diffblue.tir.h.a.f.a(SourceFile:70)
	at com.diffblue.tir.h.a.f.c(SourceFile:92)
	at com.diffblue.fuzztest.d.s.c.b(SourceFile:274)
	at com.diffblue.fuzztest.d.s.c.a(SourceFile:160)
	at com.diffblue.fuzztest.d.s.c.c(SourceFile:103)
	at java.base/java.util.stream.ReferencePipeline$7$1.accept(ReferencePipeline.java:271)
	at java.base/java.util.ArrayList$ArrayListSpliterator.forEachRemaining(ArrayList.java:1655)
	at java.base/java.util.stream.AbstractPipeline.copyInto(AbstractPipeline.java:484)
	at java.base/java.util.stream.AbstractPipeline.wrapAndCopyInto(AbstractPipeline.java:474)
	at java.base/java.util.stream.ReduceOps$ReduceOp.evaluateSequential(ReduceOps.java:913)
	at java.base/java.util.stream.AbstractPipeline.evaluate(AbstractPipeline.java:234)
	at java.base/java.util.stream.ReferencePipeline.collect(ReferencePipeline.java:578)
	at com.diffblue.cover.h.z.a(SourceFile:96)
	at com.diffblue.cover.h.z.a(SourceFile:83)
	at com.diffblue.fuzztest.d.s.c.a(SourceFile:99)
	at com.diffblue.fuzztest.d.f.a(SourceFile:34)
	at java.base/java.util.stream.ReferencePipeline$7$1.accept(ReferencePipeline.java:271)
	at java.base/java.util.ArrayList$ArrayListSpliterator.tryAdvance(ArrayList.java:1632)
	at java.base/java.util.stream.ReferencePipeline.forEachWithCancel(ReferencePipeline.java:127)
	at java.base/java.util.stream.AbstractPipeline.copyIntoWithCancel(AbstractPipeline.java:502)
	at java.base/java.util.stream.AbstractPipeline.copyInto(AbstractPipeline.java:488)
	at java.base/java.util.stream.AbstractPipeline.wrapAndCopyInto(AbstractPipeline.java:474)
	at java.base/java.util.stream.ReduceOps$ReduceOp.evaluateSequential(ReduceOps.java:913)
	at java.base/java.util.stream.AbstractPipeline.evaluate(AbstractPipeline.java:234)
	at java.base/java.util.stream.ReferencePipeline.collect(ReferencePipeline.java:578)
	at com.diffblue.cover.h.z.a(SourceFile:96)
	at com.diffblue.fuzztest.d.f.a(SourceFile:33)
	at com.diffblue.fuzztest.b.a.d.a(SourceFile:493)
	at com.diffblue.fuzztest.b.a.d.a(SourceFile:470)
	at com.diffblue.fuzztest.b.a.d.a(SourceFile:402)
	at com.diffblue.fuzztest.b.a.d.d(SourceFile:856)
	at com.diffblue.fuzztest.b.a.d.a(SourceFile:160)
	at com.diffblue.fuzztest.b.a.d.a(SourceFile:123)
	at com.diffblue.fuzztest.b.f.a(SourceFile:564)
	at com.diffblue.fuzztest.b.f.a(SourceFile:292)
	at com.diffblue.fuzztest.b.f.b(SourceFile:377)
	at com.diffblue.fuzztest.g.ae.a(SourceFile:100)
	at com.diffblue.fuzztest.g.af.a(SourceFile:162)
	at com.diffblue.fuzztest.g.ae.a(SourceFile:193)
	at com.diffblue.fuzztest.g.e.r(SourceFile:499)
	at com.diffblue.cover.sandbox.execution.WorkerThread.lambda$callWorkerThread$3(SourceFile:164)
	at com.diffblue.cover.sandbox.execution.WorkerThread.run(SourceFile:265)
Caused by: java.lang.ClassNotFoundException: akka.pattern.CircuitBreaker$Open
	at java.base/java.net.URLClassLoader.findClass(URLClassLoader.java:476)
	at java.base/java.lang.ClassLoader.loadClass(ClassLoader.java:594)
	at com.diffblue.cover.launcher.FilteringClassLoader.loadClassBasedOnPolicy(FilteringClassLoader.java:72)
	at com.diffblue.cover.launcher.FilteringClassLoader.loadClass(FilteringClassLoader.java:60)
	at com.diffblue.cover.i.e.loadClass(SourceFile:67)
	at java.base/java.lang.Class.forName0(Native Method)
	at java.base/java.lang.Class.forName(Class.java:398)
	at com.diffblue.cover.commons.reflect.q.a(SourceFile:525)
	at com.diffblue.tir.h.a.f.a(SourceFile:67)
	... 41 common frames omitted
13:03:57.292 [DEBUG]  [Creating]    [analyzer-service:TimedExecutor-116][com.diffblue.fuzztest.d.s.c] Could not construct class type 'akka.pattern.CircuitBreaker$Open$'
com.diffblue.cover.exception.BaseException: Unable to load class
	at com.diffblue.tir.h.a.f.a(SourceFile:70)
	at com.diffblue.tir.h.a.f.c(SourceFile:92)
	at com.diffblue.fuzztest.d.s.c.a(SourceFile:290)
	at com.diffblue.fuzztest.d.s.c.a(SourceFile:157)
	at com.diffblue.fuzztest.d.s.c.c(SourceFile:103)
	at java.base/java.util.stream.ReferencePipeline$7$1.accept(ReferencePipeline.java:271)
	at java.base/java.util.ArrayList$ArrayListSpliterator.forEachRemaining(ArrayList.java:1655)
	at java.base/java.util.stream.AbstractPipeline.copyInto(AbstractPipeline.java:484)
	at java.base/java.util.stream.AbstractPipeline.wrapAndCopyInto(AbstractPipeline.java:474)
	at java.base/java.util.stream.ReduceOps$ReduceOp.evaluateSequential(ReduceOps.java:913)
	at java.base/java.util.stream.AbstractPipeline.evaluate(AbstractPipeline.java:234)
	at java.base/java.util.stream.ReferencePipeline.collect(ReferencePipeline.java:578)
	at com.diffblue.cover.h.z.a(SourceFile:96)
	at com.diffblue.cover.h.z.a(SourceFile:83)
	at com.diffblue.fuzztest.d.s.c.a(SourceFile:99)
	at com.diffblue.fuzztest.d.f.a(SourceFile:34)
	at java.base/java.util.stream.ReferencePipeline$7$1.accept(ReferencePipeline.java:271)
	at java.base/java.util.ArrayList$ArrayListSpliterator.tryAdvance(ArrayList.java:1632)
	at java.base/java.util.stream.ReferencePipeline.forEachWithCancel(ReferencePipeline.java:127)
	at java.base/java.util.stream.AbstractPipeline.copyIntoWithCancel(AbstractPipeline.java:502)
	at java.base/java.util.stream.AbstractPipeline.copyInto(AbstractPipeline.java:488)
	at java.base/java.util.stream.AbstractPipeline.wrapAndCopyInto(AbstractPipeline.java:474)
	at java.base/java.util.stream.ReduceOps$ReduceOp.evaluateSequential(ReduceOps.java:913)
	at java.base/java.util.stream.AbstractPipeline.evaluate(AbstractPipeline.java:234)
	at java.base/java.util.stream.ReferencePipeline.collect(ReferencePipeline.java:578)
	at com.diffblue.cover.h.z.a(SourceFile:96)
	at com.diffblue.fuzztest.d.f.a(SourceFile:33)
	at com.diffblue.fuzztest.b.a.d.a(SourceFile:493)
	at com.diffblue.fuzztest.b.a.d.a(SourceFile:470)
	at com.diffblue.fuzztest.b.a.d.a(SourceFile:402)
	at com.diffblue.fuzztest.b.a.d.d(SourceFile:856)
	at com.diffblue.fuzztest.b.a.d.a(SourceFile:160)
	at com.diffblue.fuzztest.b.a.d.a(SourceFile:123)
	at com.diffblue.fuzztest.b.f.a(SourceFile:564)
	at com.diffblue.fuzztest.b.f.a(SourceFile:292)
	at com.diffblue.fuzztest.b.f.b(SourceFile:377)
	at com.diffblue.fuzztest.g.ae.a(SourceFile:100)
	at com.diffblue.fuzztest.g.af.a(SourceFile:162)
	at com.diffblue.fuzztest.g.ae.a(SourceFile:193)
	at com.diffblue.fuzztest.g.e.r(SourceFile:499)
	at com.diffblue.cover.sandbox.execution.WorkerThread.lambda$callWorkerThread$3(SourceFile:164)
	at com.diffblue.cover.sandbox.execution.WorkerThread.run(SourceFile:265)
Caused by: java.lang.ClassNotFoundException: akka.pattern.CircuitBreaker$Open
	at java.base/java.net.URLClassLoader.findClass(URLClassLoader.java:476)
	at java.base/java.lang.ClassLoader.loadClass(ClassLoader.java:594)
	at com.diffblue.cover.launcher.FilteringClassLoader.loadClassBasedOnPolicy(FilteringClassLoader.java:72)
	at com.diffblue.cover.launcher.FilteringClassLoader.loadClass(FilteringClassLoader.java:60)
	at com.diffblue.cover.i.e.loadClass(SourceFile:67)
	at java.base/java.lang.Class.forName0(Native Method)
	at java.base/java.lang.Class.forName(Class.java:398)
	at com.diffblue.cover.commons.reflect.q.a(SourceFile:525)
	at com.diffblue.tir.h.a.f.a(SourceFile:67)
	... 41 common frames omitted
13:03:57.292 [DEBUG]  [Creating]    [analyzer-service:TimedExecutor-116][com.diffblue.fuzztest.d.s.c] Could not construct class type 'akka.pattern.CircuitBreaker$Open$'
com.diffblue.cover.exception.BaseException: Unable to load class
	at com.diffblue.tir.h.a.f.a(SourceFile:70)
	at com.diffblue.tir.h.a.f.c(SourceFile:92)
	at com.diffblue.fuzztest.d.s.c.b(SourceFile:274)
	at com.diffblue.fuzztest.d.s.c.a(SourceFile:160)
	at com.diffblue.fuzztest.d.s.c.c(SourceFile:103)
	at java.base/java.util.stream.ReferencePipeline$7$1.accept(ReferencePipeline.java:271)
	at java.base/java.util.ArrayList$ArrayListSpliterator.forEachRemaining(ArrayList.java:1655)
	at java.base/java.util.stream.AbstractPipeline.copyInto(AbstractPipeline.java:484)
	at java.base/java.util.stream.AbstractPipeline.wrapAndCopyInto(AbstractPipeline.java:474)
	at java.base/java.util.stream.ReduceOps$ReduceOp.evaluateSequential(ReduceOps.java:913)
	at java.base/java.util.stream.AbstractPipeline.evaluate(AbstractPipeline.java:234)
	at java.base/java.util.stream.ReferencePipeline.collect(ReferencePipeline.java:578)
	at com.diffblue.cover.h.z.a(SourceFile:96)
	at com.diffblue.cover.h.z.a(SourceFile:83)
	at com.diffblue.fuzztest.d.s.c.a(SourceFile:99)
	at com.diffblue.fuzztest.d.f.a(SourceFile:34)
	at java.base/java.util.stream.ReferencePipeline$7$1.accept(ReferencePipeline.java:271)
	at java.base/java.util.ArrayList$ArrayListSpliterator.tryAdvance(ArrayList.java:1632)
	at java.base/java.util.stream.ReferencePipeline.forEachWithCancel(ReferencePipeline.java:127)
	at java.base/java.util.stream.AbstractPipeline.copyIntoWithCancel(AbstractPipeline.java:502)
	at java.base/java.util.stream.AbstractPipeline.copyInto(AbstractPipeline.java:488)
	at java.base/java.util.stream.AbstractPipeline.wrapAndCopyInto(AbstractPipeline.java:474)
	at java.base/java.util.stream.ReduceOps$ReduceOp.evaluateSequential(ReduceOps.java:913)
	at java.base/java.util.stream.AbstractPipeline.evaluate(AbstractPipeline.java:234)
	at java.base/java.util.stream.ReferencePipeline.collect(ReferencePipeline.java:578)
	at com.diffblue.cover.h.z.a(SourceFile:96)
	at com.diffblue.fuzztest.d.f.a(SourceFile:33)
	at com.diffblue.fuzztest.b.a.d.a(SourceFile:493)
	at com.diffblue.fuzztest.b.a.d.a(SourceFile:470)
	at com.diffblue.fuzztest.b.a.d.a(SourceFile:402)
	at com.diffblue.fuzztest.b.a.d.d(SourceFile:856)
	at com.diffblue.fuzztest.b.a.d.a(SourceFile:160)
	at com.diffblue.fuzztest.b.a.d.a(SourceFile:123)
	at com.diffblue.fuzztest.b.f.a(SourceFile:564)
	at com.diffblue.fuzztest.b.f.a(SourceFile:292)
	at com.diffblue.fuzztest.b.f.b(SourceFile:377)
	at com.diffblue.fuzztest.g.ae.a(SourceFile:100)
	at com.diffblue.fuzztest.g.af.a(SourceFile:162)
	at com.diffblue.fuzztest.g.ae.a(SourceFile:193)
	at com.diffblue.fuzztest.g.e.r(SourceFile:499)
	at com.diffblue.cover.sandbox.execution.WorkerThread.lambda$callWorkerThread$3(SourceFile:164)
	at com.diffblue.cover.sandbox.execution.WorkerThread.run(SourceFile:265)
Caused by: java.lang.ClassNotFoundException: akka.pattern.CircuitBreaker$Open
	at java.base/java.net.URLClassLoader.findClass(URLClassLoader.java:476)
	at java.base/java.lang.ClassLoader.loadClass(ClassLoader.java:594)
	at com.diffblue.cover.launcher.FilteringClassLoader.loadClassBasedOnPolicy(FilteringClassLoader.java:72)
	at com.diffblue.cover.launcher.FilteringClassLoader.loadClass(FilteringClassLoader.java:60)
	at com.diffblue.cover.i.e.loadClass(SourceFile:67)
	at java.base/java.lang.Class.forName0(Native Method)
	at java.base/java.lang.Class.forName(Class.java:398)
	at com.diffblue.cover.commons.reflect.q.a(SourceFile:525)
	at com.diffblue.tir.h.a.f.a(SourceFile:67)
	... 41 common frames omitted
13:03:57.388 [DEBUG]  [Creating]    [analyzer-service:TimedExecutor-116][com.diffblue.fuzztest.d.s.c] Could not construct class type 'akka.pattern.CircuitBreaker$Open$'
com.diffblue.cover.exception.BaseException: Unable to load class
	at com.diffblue.tir.h.a.f.a(SourceFile:70)
	at com.diffblue.tir.h.a.f.c(SourceFile:92)
	at com.diffblue.fuzztest.d.s.c.a(SourceFile:290)
	at com.diffblue.fuzztest.d.s.c.a(SourceFile:157)
	at com.diffblue.fuzztest.d.s.c.c(SourceFile:103)
	at java.base/java.util.stream.ReferencePipeline$7$1.accept(ReferencePipeline.java:271)
	at java.base/java.util.ArrayList$ArrayListSpliterator.forEachRemaining(ArrayList.java:1655)
	at java.base/java.util.stream.AbstractPipeline.copyInto(AbstractPipeline.java:484)
	at java.base/java.util.stream.AbstractPipeline.wrapAndCopyInto(AbstractPipeline.java:474)
	at java.base/java.util.stream.ReduceOps$ReduceOp.evaluateSequential(ReduceOps.java:913)
	at java.base/java.util.stream.AbstractPipeline.evaluate(AbstractPipeline.java:234)
	at java.base/java.util.stream.ReferencePipeline.collect(ReferencePipeline.java:578)
	at com.diffblue.cover.h.z.a(SourceFile:96)
	at com.diffblue.cover.h.z.a(SourceFile:83)
	at com.diffblue.fuzztest.d.s.c.a(SourceFile:99)
	at com.diffblue.fuzztest.d.f.a(SourceFile:34)
	at java.base/java.util.stream.ReferencePipeline$7$1.accept(ReferencePipeline.java:271)
	at java.base/java.util.ArrayList$ArrayListSpliterator.tryAdvance(ArrayList.java:1632)
	at java.base/java.util.stream.ReferencePipeline.forEachWithCancel(ReferencePipeline.java:127)
	at java.base/java.util.stream.AbstractPipeline.copyIntoWithCancel(AbstractPipeline.java:502)
	at java.base/java.util.stream.AbstractPipeline.copyInto(AbstractPipeline.java:488)
	at java.base/java.util.stream.AbstractPipeline.wrapAndCopyInto(AbstractPipeline.java:474)
	at java.base/java.util.stream.ReduceOps$ReduceOp.evaluateSequential(ReduceOps.java:913)
	at java.base/java.util.stream.AbstractPipeline.evaluate(AbstractPipeline.java:234)
	at java.base/java.util.stream.ReferencePipeline.collect(ReferencePipeline.java:578)
	at com.diffblue.cover.h.z.a(SourceFile:96)
	at com.diffblue.fuzztest.d.f.a(SourceFile:33)
	at com.diffblue.fuzztest.b.a.d.a(SourceFile:493)
	at com.diffblue.fuzztest.b.a.d.a(SourceFile:470)
	at com.diffblue.fuzztest.b.a.d.a(SourceFile:402)
	at com.diffblue.fuzztest.b.a.d.d(SourceFile:856)
	at com.diffblue.fuzztest.b.a.d.a(SourceFile:160)
	at com.diffblue.fuzztest.b.a.d.a(SourceFile:123)
	at com.diffblue.fuzztest.b.f.a(SourceFile:564)
	at com.diffblue.fuzztest.b.f.a(SourceFile:292)
	at com.diffblue.fuzztest.b.f.b(SourceFile:377)
	at com.diffblue.fuzztest.g.ae.a(SourceFile:100)
	at com.diffblue.fuzztest.g.af.a(SourceFile:162)
	at com.diffblue.fuzztest.g.ae.a(SourceFile:193)
	at com.diffblue.fuzztest.g.e.r(SourceFile:499)
	at com.diffblue.cover.sandbox.execution.WorkerThread.lambda$callWorkerThread$3(SourceFile:164)
	at com.diffblue.cover.sandbox.execution.WorkerThread.run(SourceFile:265)
Caused by: java.lang.ClassNotFoundException: akka.pattern.CircuitBreaker$Open
	at java.base/java.net.URLClassLoader.findClass(URLClassLoader.java:476)
	at java.base/java.lang.ClassLoader.loadClass(ClassLoader.java:594)
	at com.diffblue.cover.launcher.FilteringClassLoader.loadClassBasedOnPolicy(FilteringClassLoader.java:72)
	at com.diffblue.cover.launcher.FilteringClassLoader.loadClass(FilteringClassLoader.java:60)
	at com.diffblue.cover.i.e.loadClass(SourceFile:67)
	at java.base/java.lang.Class.forName0(Native Method)
	at java.base/java.lang.Class.forName(Class.java:398)
	at com.diffblue.cover.commons.reflect.q.a(SourceFile:525)
	at com.diffblue.tir.h.a.f.a(SourceFile:67)
	... 41 common frames omitted
13:03:57.389 [DEBUG]  [Creating]    [analyzer-service:TimedExecutor-116][com.diffblue.fuzztest.d.s.c] Could not construct class type 'akka.pattern.CircuitBreaker$Open$'
com.diffblue.cover.exception.BaseException: Unable to load class
	at com.diffblue.tir.h.a.f.a(SourceFile:70)
	at com.diffblue.tir.h.a.f.c(SourceFile:92)
	at com.diffblue.fuzztest.d.s.c.b(SourceFile:274)
	at com.diffblue.fuzztest.d.s.c.a(SourceFile:160)
	at com.diffblue.fuzztest.d.s.c.c(SourceFile:103)
	at java.base/java.util.stream.ReferencePipeline$7$1.accept(ReferencePipeline.java:271)
	at java.base/java.util.ArrayList$ArrayListSpliterator.forEachRemaining(ArrayList.java:1655)
	at java.base/java.util.stream.AbstractPipeline.copyInto(AbstractPipeline.java:484)
	at java.base/java.util.stream.AbstractPipeline.wrapAndCopyInto(AbstractPipeline.java:474)
	at java.base/java.util.stream.ReduceOps$ReduceOp.evaluateSequential(ReduceOps.java:913)
	at java.base/java.util.stream.AbstractPipeline.evaluate(AbstractPipeline.java:234)
	at java.base/java.util.stream.ReferencePipeline.collect(ReferencePipeline.java:578)
	at com.diffblue.cover.h.z.a(SourceFile:96)
	at com.diffblue.cover.h.z.a(SourceFile:83)
	at com.diffblue.fuzztest.d.s.c.a(SourceFile:99)
	at com.diffblue.fuzztest.d.f.a(SourceFile:34)
	at java.base/java.util.stream.ReferencePipeline$7$1.accept(ReferencePipeline.java:271)
	at java.base/java.util.ArrayList$ArrayListSpliterator.tryAdvance(ArrayList.java:1632)
	at java.base/java.util.stream.ReferencePipeline.forEachWithCancel(ReferencePipeline.java:127)
	at java.base/java.util.stream.AbstractPipeline.copyIntoWithCancel(AbstractPipeline.java:502)
	at java.base/java.util.stream.AbstractPipeline.copyInto(AbstractPipeline.java:488)
	at java.base/java.util.stream.AbstractPipeline.wrapAndCopyInto(AbstractPipeline.java:474)
	at java.base/java.util.stream.ReduceOps$ReduceOp.evaluateSequential(ReduceOps.java:913)
	at java.base/java.util.stream.AbstractPipeline.evaluate(AbstractPipeline.java:234)
	at java.base/java.util.stream.ReferencePipeline.collect(ReferencePipeline.java:578)
	at com.diffblue.cover.h.z.a(SourceFile:96)
	at com.diffblue.fuzztest.d.f.a(SourceFile:33)
	at com.diffblue.fuzztest.b.a.d.a(SourceFile:493)
	at com.diffblue.fuzztest.b.a.d.a(SourceFile:470)
	at com.diffblue.fuzztest.b.a.d.a(SourceFile:402)
	at com.diffblue.fuzztest.b.a.d.d(SourceFile:856)
	at com.diffblue.fuzztest.b.a.d.a(SourceFile:160)
	at com.diffblue.fuzztest.b.a.d.a(SourceFile:123)
	at com.diffblue.fuzztest.b.f.a(SourceFile:564)
	at com.diffblue.fuzztest.b.f.a(SourceFile:292)
	at com.diffblue.fuzztest.b.f.b(SourceFile:377)
	at com.diffblue.fuzztest.g.ae.a(SourceFile:100)
	at com.diffblue.fuzztest.g.af.a(SourceFile:162)
	at com.diffblue.fuzztest.g.ae.a(SourceFile:193)
	at com.diffblue.fuzztest.g.e.r(SourceFile:499)
	at com.diffblue.cover.sandbox.execution.WorkerThread.lambda$callWorkerThread$3(SourceFile:164)
	at com.diffblue.cover.sandbox.execution.WorkerThread.run(SourceFile:265)
Caused by: java.lang.ClassNotFoundException: akka.pattern.CircuitBreaker$Open
	at java.base/java.net.URLClassLoader.findClass(URLClassLoader.java:476)
	at java.base/java.lang.ClassLoader.loadClass(ClassLoader.java:594)
	at com.diffblue.cover.launcher.FilteringClassLoader.loadClassBasedOnPolicy(FilteringClassLoader.java:72)
	at com.diffblue.cover.launcher.FilteringClassLoader.loadClass(FilteringClassLoader.java:60)
	at com.diffblue.cover.i.e.loadClass(SourceFile:67)
	at java.base/java.lang.Class.forName0(Native Method)
	at java.base/java.lang.Class.forName(Class.java:398)
	at com.diffblue.cover.commons.reflect.q.a(SourceFile:525)
	at com.diffblue.tir.h.a.f.a(SourceFile:67)
	... 41 common frames omitted
13:03:57.396 [DEBUG]  [Creating]    [analyzer-service:TimedExecutor-116][com.diffblue.fuzztest.d.s.c] Could not construct class type 'akka.pattern.CircuitBreaker$Open$'
com.diffblue.cover.exception.BaseException: Unable to load class
	at com.diffblue.tir.h.a.f.a(SourceFile:70)
	at com.diffblue.tir.h.a.f.c(SourceFile:92)
	at com.diffblue.fuzztest.d.s.c.a(SourceFile:290)
	at com.diffblue.fuzztest.d.s.c.a(SourceFile:157)
	at com.diffblue.fuzztest.d.s.c.c(SourceFile:103)
	at java.base/java.util.stream.ReferencePipeline$7$1.accept(ReferencePipeline.java:271)
	at java.base/java.util.ArrayList$ArrayListSpliterator.forEachRemaining(ArrayList.java:1655)
	at java.base/java.util.stream.AbstractPipeline.copyInto(AbstractPipeline.java:484)
	at java.base/java.util.stream.AbstractPipeline.wrapAndCopyInto(AbstractPipeline.java:474)
	at java.base/java.util.stream.ReduceOps$ReduceOp.evaluateSequential(ReduceOps.java:913)
	at java.base/java.util.stream.AbstractPipeline.evaluate(AbstractPipeline.java:234)
	at java.base/java.util.stream.ReferencePipeline.collect(ReferencePipeline.java:578)
	at com.diffblue.cover.h.z.a(SourceFile:96)
	at com.diffblue.cover.h.z.a(SourceFile:83)
	at com.diffblue.fuzztest.d.s.c.a(SourceFile:99)
	at com.diffblue.fuzztest.d.f.a(SourceFile:34)
	at java.base/java.util.stream.ReferencePipeline$7$1.accept(ReferencePipeline.java:271)
	at java.base/java.util.ArrayList$ArrayListSpliterator.tryAdvance(ArrayList.java:1632)
	at java.base/java.util.stream.ReferencePipeline.forEachWithCancel(ReferencePipeline.java:127)
	at java.base/java.util.stream.AbstractPipeline.copyIntoWithCancel(AbstractPipeline.java:502)
	at java.base/java.util.stream.AbstractPipeline.copyInto(AbstractPipeline.java:488)
	at java.base/java.util.stream.AbstractPipeline.wrapAndCopyInto(AbstractPipeline.java:474)
	at java.base/java.util.stream.ReduceOps$ReduceOp.evaluateSequential(ReduceOps.java:913)
	at java.base/java.util.stream.AbstractPipeline.evaluate(AbstractPipeline.java:234)
	at java.base/java.util.stream.ReferencePipeline.collect(ReferencePipeline.java:578)
	at com.diffblue.cover.h.z.a(SourceFile:96)
	at com.diffblue.fuzztest.d.f.a(SourceFile:33)
	at com.diffblue.fuzztest.b.a.d.a(SourceFile:493)
	at com.diffblue.fuzztest.b.a.d.a(SourceFile:470)
	at com.diffblue.fuzztest.b.a.d.a(SourceFile:402)
	at com.diffblue.fuzztest.b.a.d.d(SourceFile:856)
	at com.diffblue.fuzztest.b.a.d.a(SourceFile:160)
	at com.diffblue.fuzztest.b.a.d.a(SourceFile:123)
	at com.diffblue.fuzztest.b.f.a(SourceFile:564)
	at com.diffblue.fuzztest.b.f.a(SourceFile:292)
	at com.diffblue.fuzztest.b.f.b(SourceFile:377)
	at com.diffblue.fuzztest.g.ae.a(SourceFile:100)
	at com.diffblue.fuzztest.g.af.a(SourceFile:162)
	at com.diffblue.fuzztest.g.ae.a(SourceFile:193)
	at com.diffblue.fuzztest.g.e.r(SourceFile:499)
	at com.diffblue.cover.sandbox.execution.WorkerThread.lambda$callWorkerThread$3(SourceFile:164)
	at com.diffblue.cover.sandbox.execution.WorkerThread.run(SourceFile:265)
Caused by: java.lang.ClassNotFoundException: akka.pattern.CircuitBreaker$Open
	at java.base/java.net.URLClassLoader.findClass(URLClassLoader.java:476)
	at java.base/java.lang.ClassLoader.loadClass(ClassLoader.java:594)
	at com.diffblue.cover.launcher.FilteringClassLoader.loadClassBasedOnPolicy(FilteringClassLoader.java:72)
	at com.diffblue.cover.launcher.FilteringClassLoader.loadClass(FilteringClassLoader.java:60)
	at com.diffblue.cover.i.e.loadClass(SourceFile:67)
	at java.base/java.lang.Class.forName0(Native Method)
	at java.base/java.lang.Class.forName(Class.java:398)
	at com.diffblue.cover.commons.reflect.q.a(SourceFile:525)
	at com.diffblue.tir.h.a.f.a(SourceFile:67)
	... 41 common frames omitted
13:03:57.397 [DEBUG]  [Creating]    [analyzer-service:TimedExecutor-116][com.diffblue.fuzztest.d.s.c] Could not construct class type 'akka.pattern.CircuitBreaker$Open$'
com.diffblue.cover.exception.BaseException: Unable to load class
	at com.diffblue.tir.h.a.f.a(SourceFile:70)
	at com.diffblue.tir.h.a.f.c(SourceFile:92)
	at com.diffblue.fuzztest.d.s.c.b(SourceFile:274)
	at com.diffblue.fuzztest.d.s.c.a(SourceFile:160)
	at com.diffblue.fuzztest.d.s.c.c(SourceFile:103)
	at java.base/java.util.stream.ReferencePipeline$7$1.accept(ReferencePipeline.java:271)
	at java.base/java.util.ArrayList$ArrayListSpliterator.forEachRemaining(ArrayList.java:1655)
	at java.base/java.util.stream.AbstractPipeline.copyInto(AbstractPipeline.java:484)
	at java.base/java.util.stream.AbstractPipeline.wrapAndCopyInto(AbstractPipeline.java:474)
	at java.base/java.util.stream.ReduceOps$ReduceOp.evaluateSequential(ReduceOps.java:913)
	at java.base/java.util.stream.AbstractPipeline.evaluate(AbstractPipeline.java:234)
	at java.base/java.util.stream.ReferencePipeline.collect(ReferencePipeline.java:578)
	at com.diffblue.cover.h.z.a(SourceFile:96)
	at com.diffblue.cover.h.z.a(SourceFile:83)
	at com.diffblue.fuzztest.d.s.c.a(SourceFile:99)
	at com.diffblue.fuzztest.d.f.a(SourceFile:34)
	at java.base/java.util.stream.ReferencePipeline$7$1.accept(ReferencePipeline.java:271)
	at java.base/java.util.ArrayList$ArrayListSpliterator.tryAdvance(ArrayList.java:1632)
	at java.base/java.util.stream.ReferencePipeline.forEachWithCancel(ReferencePipeline.java:127)
	at java.base/java.util.stream.AbstractPipeline.copyIntoWithCancel(AbstractPipeline.java:502)
	at java.base/java.util.stream.AbstractPipeline.copyInto(AbstractPipeline.java:488)
	at java.base/java.util.stream.AbstractPipeline.wrapAndCopyInto(AbstractPipeline.java:474)
	at java.base/java.util.stream.ReduceOps$ReduceOp.evaluateSequential(ReduceOps.java:913)
	at java.base/java.util.stream.AbstractPipeline.evaluate(AbstractPipeline.java:234)
	at java.base/java.util.stream.ReferencePipeline.collect(ReferencePipeline.java:578)
	at com.diffblue.cover.h.z.a(SourceFile:96)
	at com.diffblue.fuzztest.d.f.a(SourceFile:33)
	at com.diffblue.fuzztest.b.a.d.a(SourceFile:493)
	at com.diffblue.fuzztest.b.a.d.a(SourceFile:470)
	at com.diffblue.fuzztest.b.a.d.a(SourceFile:402)
	at com.diffblue.fuzztest.b.a.d.d(SourceFile:856)
	at com.diffblue.fuzztest.b.a.d.a(SourceFile:160)
	at com.diffblue.fuzztest.b.a.d.a(SourceFile:123)
	at com.diffblue.fuzztest.b.f.a(SourceFile:564)
	at com.diffblue.fuzztest.b.f.a(SourceFile:292)
	at com.diffblue.fuzztest.b.f.b(SourceFile:377)
	at com.diffblue.fuzztest.g.ae.a(SourceFile:100)
	at com.diffblue.fuzztest.g.af.a(SourceFile:162)
	at com.diffblue.fuzztest.g.ae.a(SourceFile:193)
	at com.diffblue.fuzztest.g.e.r(SourceFile:499)
	at com.diffblue.cover.sandbox.execution.WorkerThread.lambda$callWorkerThread$3(SourceFile:164)
	at com.diffblue.cover.sandbox.execution.WorkerThread.run(SourceFile:265)
Caused by: java.lang.ClassNotFoundException: akka.pattern.CircuitBreaker$Open
	at java.base/java.net.URLClassLoader.findClass(URLClassLoader.java:476)
	at java.base/java.lang.ClassLoader.loadClass(ClassLoader.java:594)
	at com.diffblue.cover.launcher.FilteringClassLoader.loadClassBasedOnPolicy(FilteringClassLoader.java:72)
	at com.diffblue.cover.launcher.FilteringClassLoader.loadClass(FilteringClassLoader.java:60)
	at com.diffblue.cover.i.e.loadClass(SourceFile:67)
	at java.base/java.lang.Class.forName0(Native Method)
	at java.base/java.lang.Class.forName(Class.java:398)
	at com.diffblue.cover.commons.reflect.q.a(SourceFile:525)
	at com.diffblue.tir.h.a.f.a(SourceFile:67)
	... 41 common frames omitted
13:03:57.404 [DEBUG]  [Creating]    [analyzer-service:TimedExecutor-116][com.diffblue.fuzztest.d.s.c] Could not construct class type 'akka.pattern.CircuitBreaker$Open$'
com.diffblue.cover.exception.BaseException: Unable to load class
	at com.diffblue.tir.h.a.f.a(SourceFile:70)
	at com.diffblue.tir.h.a.f.c(SourceFile:92)
	at com.diffblue.fuzztest.d.s.c.a(SourceFile:290)
	at com.diffblue.fuzztest.d.s.c.a(SourceFile:157)
	at com.diffblue.fuzztest.d.s.c.c(SourceFile:103)
	at java.base/java.util.stream.ReferencePipeline$7$1.accept(ReferencePipeline.java:271)
	at java.base/java.util.ArrayList$ArrayListSpliterator.forEachRemaining(ArrayList.java:1655)
	at java.base/java.util.stream.AbstractPipeline.copyInto(AbstractPipeline.java:484)
	at java.base/java.util.stream.AbstractPipeline.wrapAndCopyInto(AbstractPipeline.java:474)
	at java.base/java.util.stream.ReduceOps$ReduceOp.evaluateSequential(ReduceOps.java:913)
	at java.base/java.util.stream.AbstractPipeline.evaluate(AbstractPipeline.java:234)
	at java.base/java.util.stream.ReferencePipeline.collect(ReferencePipeline.java:578)
	at com.diffblue.cover.h.z.a(SourceFile:96)
	at com.diffblue.cover.h.z.a(SourceFile:83)
	at com.diffblue.fuzztest.d.s.c.a(SourceFile:99)
	at com.diffblue.fuzztest.d.f.a(SourceFile:34)
	at java.base/java.util.stream.ReferencePipeline$7$1.accept(ReferencePipeline.java:271)
	at java.base/java.util.ArrayList$ArrayListSpliterator.tryAdvance(ArrayList.java:1632)
	at java.base/java.util.stream.ReferencePipeline.forEachWithCancel(ReferencePipeline.java:127)
	at java.base/java.util.stream.AbstractPipeline.copyIntoWithCancel(AbstractPipeline.java:502)
	at java.base/java.util.stream.AbstractPipeline.copyInto(AbstractPipeline.java:488)
	at java.base/java.util.stream.AbstractPipeline.wrapAndCopyInto(AbstractPipeline.java:474)
	at java.base/java.util.stream.ReduceOps$ReduceOp.evaluateSequential(ReduceOps.java:913)
	at java.base/java.util.stream.AbstractPipeline.evaluate(AbstractPipeline.java:234)
	at java.base/java.util.stream.ReferencePipeline.collect(ReferencePipeline.java:578)
	at com.diffblue.cover.h.z.a(SourceFile:96)
	at com.diffblue.fuzztest.d.f.a(SourceFile:33)
	at com.diffblue.fuzztest.b.a.d.a(SourceFile:493)
	at com.diffblue.fuzztest.b.a.d.a(SourceFile:470)
	at com.diffblue.fuzztest.b.a.d.a(SourceFile:402)
	at com.diffblue.fuzztest.b.a.d.d(SourceFile:856)
	at com.diffblue.fuzztest.b.a.d.a(SourceFile:160)
	at com.diffblue.fuzztest.b.a.d.a(SourceFile:123)
	at com.diffblue.fuzztest.b.f.a(SourceFile:564)
	at com.diffblue.fuzztest.b.f.a(SourceFile:292)
	at com.diffblue.fuzztest.b.f.b(SourceFile:377)
	at com.diffblue.fuzztest.g.ae.a(SourceFile:100)
	at com.diffblue.fuzztest.g.af.a(SourceFile:162)
	at com.diffblue.fuzztest.g.ae.a(SourceFile:193)
	at com.diffblue.fuzztest.g.e.r(SourceFile:499)
	at com.diffblue.cover.sandbox.execution.WorkerThread.lambda$callWorkerThread$3(SourceFile:164)
	at com.diffblue.cover.sandbox.execution.WorkerThread.run(SourceFile:265)
Caused by: java.lang.ClassNotFoundException: akka.pattern.CircuitBreaker$Open
	at java.base/java.net.URLClassLoader.findClass(URLClassLoader.java:476)
	at java.base/java.lang.ClassLoader.loadClass(ClassLoader.java:594)
	at com.diffblue.cover.launcher.FilteringClassLoader.loadClassBasedOnPolicy(FilteringClassLoader.java:72)
	at com.diffblue.cover.launcher.FilteringClassLoader.loadClass(FilteringClassLoader.java:60)
	at com.diffblue.cover.i.e.loadClass(SourceFile:67)
	at java.base/java.lang.Class.forName0(Native Method)
	at java.base/java.lang.Class.forName(Class.java:398)
	at com.diffblue.cover.commons.reflect.q.a(SourceFile:525)
	at com.diffblue.tir.h.a.f.a(SourceFile:67)
	... 41 common frames omitted
13:03:57.405 [DEBUG]  [Creating]    [analyzer-service:TimedExecutor-116][com.diffblue.fuzztest.d.s.c] Could not construct class type 'akka.pattern.CircuitBreaker$Open$'
com.diffblue.cover.exception.BaseException: Unable to load class
	at com.diffblue.tir.h.a.f.a(SourceFile:70)
	at com.diffblue.tir.h.a.f.c(SourceFile:92)
	at com.diffblue.fuzztest.d.s.c.b(SourceFile:274)
	at com.diffblue.fuzztest.d.s.c.a(SourceFile:160)
	at com.diffblue.fuzztest.d.s.c.c(SourceFile:103)
	at java.base/java.util.stream.ReferencePipeline$7$1.accept(ReferencePipeline.java:271)
	at java.base/java.util.ArrayList$ArrayListSpliterator.forEachRemaining(ArrayList.java:1655)
	at java.base/java.util.stream.AbstractPipeline.copyInto(AbstractPipeline.java:484)
	at java.base/java.util.stream.AbstractPipeline.wrapAndCopyInto(AbstractPipeline.java:474)
	at java.base/java.util.stream.ReduceOps$ReduceOp.evaluateSequential(ReduceOps.java:913)
	at java.base/java.util.stream.AbstractPipeline.evaluate(AbstractPipeline.java:234)
	at java.base/java.util.stream.ReferencePipeline.collect(ReferencePipeline.java:578)
	at com.diffblue.cover.h.z.a(SourceFile:96)
	at com.diffblue.cover.h.z.a(SourceFile:83)
	at com.diffblue.fuzztest.d.s.c.a(SourceFile:99)
	at com.diffblue.fuzztest.d.f.a(SourceFile:34)
	at java.base/java.util.stream.ReferencePipeline$7$1.accept(ReferencePipeline.java:271)
	at java.base/java.util.ArrayList$ArrayListSpliterator.tryAdvance(ArrayList.java:1632)
	at java.base/java.util.stream.ReferencePipeline.forEachWithCancel(ReferencePipeline.java:127)
	at java.base/java.util.stream.AbstractPipeline.copyIntoWithCancel(AbstractPipeline.java:502)
	at java.base/java.util.stream.AbstractPipeline.copyInto(AbstractPipeline.java:488)
	at java.base/java.util.stream.AbstractPipeline.wrapAndCopyInto(AbstractPipeline.java:474)
	at java.base/java.util.stream.ReduceOps$ReduceOp.evaluateSequential(ReduceOps.java:913)
	at java.base/java.util.stream.AbstractPipeline.evaluate(AbstractPipeline.java:234)
	at java.base/java.util.stream.ReferencePipeline.collect(ReferencePipeline.java:578)
	at com.diffblue.cover.h.z.a(SourceFile:96)
	at com.diffblue.fuzztest.d.f.a(SourceFile:33)
	at com.diffblue.fuzztest.b.a.d.a(SourceFile:493)
	at com.diffblue.fuzztest.b.a.d.a(SourceFile:470)
	at com.diffblue.fuzztest.b.a.d.a(SourceFile:402)
	at com.diffblue.fuzztest.b.a.d.d(SourceFile:856)
	at com.diffblue.fuzztest.b.a.d.a(SourceFile:160)
	at com.diffblue.fuzztest.b.a.d.a(SourceFile:123)
	at com.diffblue.fuzztest.b.f.a(SourceFile:564)
	at com.diffblue.fuzztest.b.f.a(SourceFile:292)
	at com.diffblue.fuzztest.b.f.b(SourceFile:377)
	at com.diffblue.fuzztest.g.ae.a(SourceFile:100)
	at com.diffblue.fuzztest.g.af.a(SourceFile:162)
	at com.diffblue.fuzztest.g.ae.a(SourceFile:193)
	at com.diffblue.fuzztest.g.e.r(SourceFile:499)
	at com.diffblue.cover.sandbox.execution.WorkerThread.lambda$callWorkerThread$3(SourceFile:164)
	at com.diffblue.cover.sandbox.execution.WorkerThread.run(SourceFile:265)
Caused by: java.lang.ClassNotFoundException: akka.pattern.CircuitBreaker$Open
	at java.base/java.net.URLClassLoader.findClass(URLClassLoader.java:476)
	at java.base/java.lang.ClassLoader.loadClass(ClassLoader.java:594)
	at com.diffblue.cover.launcher.FilteringClassLoader.loadClassBasedOnPolicy(FilteringClassLoader.java:72)
	at com.diffblue.cover.launcher.FilteringClassLoader.loadClass(FilteringClassLoader.java:60)
	at com.diffblue.cover.i.e.loadClass(SourceFile:67)
	at java.base/java.lang.Class.forName0(Native Method)
	at java.base/java.lang.Class.forName(Class.java:398)
	at com.diffblue.cover.commons.reflect.q.a(SourceFile:525)
	at com.diffblue.tir.h.a.f.a(SourceFile:67)
	... 41 common frames omitted
13:03:57.413 [DEBUG]  [Creating]    [analyzer-service:TimedExecutor-116][com.diffblue.fuzztest.d.s.c] Could not construct class type 'akka.pattern.CircuitBreaker$Open$'
com.diffblue.cover.exception.BaseException: Unable to load class
	at com.diffblue.tir.h.a.f.a(SourceFile:70)
	at com.diffblue.tir.h.a.f.c(SourceFile:92)
	at com.diffblue.fuzztest.d.s.c.a(SourceFile:290)
	at com.diffblue.fuzztest.d.s.c.a(SourceFile:157)
	at com.diffblue.fuzztest.d.s.c.c(SourceFile:103)
	at java.base/java.util.stream.ReferencePipeline$7$1.accept(ReferencePipeline.java:271)
	at java.base/java.util.ArrayList$ArrayListSpliterator.forEachRemaining(ArrayList.java:1655)
	at java.base/java.util.stream.AbstractPipeline.copyInto(AbstractPipeline.java:484)
	at java.base/java.util.stream.AbstractPipeline.wrapAndCopyInto(AbstractPipeline.java:474)
	at java.base/java.util.stream.ReduceOps$ReduceOp.evaluateSequential(ReduceOps.java:913)
	at java.base/java.util.stream.AbstractPipeline.evaluate(AbstractPipeline.java:234)
	at java.base/java.util.stream.ReferencePipeline.collect(ReferencePipeline.java:578)
	at com.diffblue.cover.h.z.a(SourceFile:96)
	at com.diffblue.cover.h.z.a(SourceFile:83)
	at com.diffblue.fuzztest.d.s.c.a(SourceFile:99)
	at com.diffblue.fuzztest.d.f.a(SourceFile:34)
	at java.base/java.util.stream.ReferencePipeline$7$1.accept(ReferencePipeline.java:271)
	at java.base/java.util.ArrayList$ArrayListSpliterator.tryAdvance(ArrayList.java:1632)
	at java.base/java.util.stream.ReferencePipeline.forEachWithCancel(ReferencePipeline.java:127)
	at java.base/java.util.stream.AbstractPipeline.copyIntoWithCancel(AbstractPipeline.java:502)
	at java.base/java.util.stream.AbstractPipeline.copyInto(AbstractPipeline.java:488)
	at java.base/java.util.stream.AbstractPipeline.wrapAndCopyInto(AbstractPipeline.java:474)
	at java.base/java.util.stream.ReduceOps$ReduceOp.evaluateSequential(ReduceOps.java:913)
	at java.base/java.util.stream.AbstractPipeline.evaluate(AbstractPipeline.java:234)
	at java.base/java.util.stream.ReferencePipeline.collect(ReferencePipeline.java:578)
	at com.diffblue.cover.h.z.a(SourceFile:96)
	at com.diffblue.fuzztest.d.f.a(SourceFile:33)
	at com.diffblue.fuzztest.b.a.d.a(SourceFile:493)
	at com.diffblue.fuzztest.b.a.d.a(SourceFile:470)
	at com.diffblue.fuzztest.b.a.d.a(SourceFile:402)
	at com.diffblue.fuzztest.b.a.d.d(SourceFile:856)
	at com.diffblue.fuzztest.b.a.d.a(SourceFile:160)
	at com.diffblue.fuzztest.b.a.d.a(SourceFile:123)
	at com.diffblue.fuzztest.b.f.a(SourceFile:564)
	at com.diffblue.fuzztest.b.f.a(SourceFile:292)
	at com.diffblue.fuzztest.b.f.b(SourceFile:377)
	at com.diffblue.fuzztest.g.ae.a(SourceFile:100)
	at com.diffblue.fuzztest.g.af.a(SourceFile:162)
	at com.diffblue.fuzztest.g.ae.a(SourceFile:193)
	at com.diffblue.fuzztest.g.e.r(SourceFile:499)
	at com.diffblue.cover.sandbox.execution.WorkerThread.lambda$callWorkerThread$3(SourceFile:164)
	at com.diffblue.cover.sandbox.execution.WorkerThread.run(SourceFile:265)
Caused by: java.lang.ClassNotFoundException: akka.pattern.CircuitBreaker$Open
	at java.base/java.net.URLClassLoader.findClass(URLClassLoader.java:476)
	at java.base/java.lang.ClassLoader.loadClass(ClassLoader.java:594)
	at com.diffblue.cover.launcher.FilteringClassLoader.loadClassBasedOnPolicy(FilteringClassLoader.java:72)
	at com.diffblue.cover.launcher.FilteringClassLoader.loadClass(FilteringClassLoader.java:60)
	at com.diffblue.cover.i.e.loadClass(SourceFile:67)
	at java.base/java.lang.Class.forName0(Native Method)
	at java.base/java.lang.Class.forName(Class.java:398)
	at com.diffblue.cover.commons.reflect.q.a(SourceFile:525)
	at com.diffblue.tir.h.a.f.a(SourceFile:67)
	... 41 common frames omitted
13:03:57.414 [DEBUG]  [Creating]    [analyzer-service:TimedExecutor-116][com.diffblue.fuzztest.d.s.c] Could not construct class type 'akka.pattern.CircuitBreaker$Open$'
com.diffblue.cover.exception.BaseException: Unable to load class
	at com.diffblue.tir.h.a.f.a(SourceFile:70)
	at com.diffblue.tir.h.a.f.c(SourceFile:92)
	at com.diffblue.fuzztest.d.s.c.b(SourceFile:274)
	at com.diffblue.fuzztest.d.s.c.a(SourceFile:160)
	at com.diffblue.fuzztest.d.s.c.c(SourceFile:103)
	at java.base/java.util.stream.ReferencePipeline$7$1.accept(ReferencePipeline.java:271)
	at java.base/java.util.ArrayList$ArrayListSpliterator.forEachRemaining(ArrayList.java:1655)
	at java.base/java.util.stream.AbstractPipeline.copyInto(AbstractPipeline.java:484)
	at java.base/java.util.stream.AbstractPipeline.wrapAndCopyInto(AbstractPipeline.java:474)
	at java.base/java.util.stream.ReduceOps$ReduceOp.evaluateSequential(ReduceOps.java:913)
	at java.base/java.util.stream.AbstractPipeline.evaluate(AbstractPipeline.java:234)
	at java.base/java.util.stream.ReferencePipeline.collect(ReferencePipeline.java:578)
	at com.diffblue.cover.h.z.a(SourceFile:96)
	at com.diffblue.cover.h.z.a(SourceFile:83)
	at com.diffblue.fuzztest.d.s.c.a(SourceFile:99)
	at com.diffblue.fuzztest.d.f.a(SourceFile:34)
	at java.base/java.util.stream.ReferencePipeline$7$1.accept(ReferencePipeline.java:271)
	at java.base/java.util.ArrayList$ArrayListSpliterator.tryAdvance(ArrayList.java:1632)
	at java.base/java.util.stream.ReferencePipeline.forEachWithCancel(ReferencePipeline.java:127)
	at java.base/java.util.stream.AbstractPipeline.copyIntoWithCancel(AbstractPipeline.java:502)
	at java.base/java.util.stream.AbstractPipeline.copyInto(AbstractPipeline.java:488)
	at java.base/java.util.stream.AbstractPipeline.wrapAndCopyInto(AbstractPipeline.java:474)
	at java.base/java.util.stream.ReduceOps$ReduceOp.evaluateSequential(ReduceOps.java:913)
	at java.base/java.util.stream.AbstractPipeline.evaluate(AbstractPipeline.java:234)
	at java.base/java.util.stream.ReferencePipeline.collect(ReferencePipeline.java:578)
	at com.diffblue.cover.h.z.a(SourceFile:96)
	at com.diffblue.fuzztest.d.f.a(SourceFile:33)
	at com.diffblue.fuzztest.b.a.d.a(SourceFile:493)
	at com.diffblue.fuzztest.b.a.d.a(SourceFile:470)
	at com.diffblue.fuzztest.b.a.d.a(SourceFile:402)
	at com.diffblue.fuzztest.b.a.d.d(SourceFile:856)
	at com.diffblue.fuzztest.b.a.d.a(SourceFile:160)
	at com.diffblue.fuzztest.b.a.d.a(SourceFile:123)
	at com.diffblue.fuzztest.b.f.a(SourceFile:564)
	at com.diffblue.fuzztest.b.f.a(SourceFile:292)
	at com.diffblue.fuzztest.b.f.b(SourceFile:377)
	at com.diffblue.fuzztest.g.ae.a(SourceFile:100)
	at com.diffblue.fuzztest.g.af.a(SourceFile:162)
	at com.diffblue.fuzztest.g.ae.a(SourceFile:193)
	at com.diffblue.fuzztest.g.e.r(SourceFile:499)
	at com.diffblue.cover.sandbox.execution.WorkerThread.lambda$callWorkerThread$3(SourceFile:164)
	at com.diffblue.cover.sandbox.execution.WorkerThread.run(SourceFile:265)
Caused by: java.lang.ClassNotFoundException: akka.pattern.CircuitBreaker$Open
	at java.base/java.net.URLClassLoader.findClass(URLClassLoader.java:476)
	at java.base/java.lang.ClassLoader.loadClass(ClassLoader.java:594)
	at com.diffblue.cover.launcher.FilteringClassLoader.loadClassBasedOnPolicy(FilteringClassLoader.java:72)
	at com.diffblue.cover.launcher.FilteringClassLoader.loadClass(FilteringClassLoader.java:60)
	at com.diffblue.cover.i.e.loadClass(SourceFile:67)
	at java.base/java.lang.Class.forName0(Native Method)
	at java.base/java.lang.Class.forName(Class.java:398)
	at com.diffblue.cover.commons.reflect.q.a(SourceFile:525)
	at com.diffblue.tir.h.a.f.a(SourceFile:67)
	... 41 common frames omitted
13:03:57.458 [DEBUG]  [Creating]    [analyzer-service:TimedExecutor-116][com.diffblue.fuzztest.d.s.c] Could not construct class type 'akka.pattern.CircuitBreaker$Open$'
com.diffblue.cover.exception.BaseException: Unable to load class
	at com.diffblue.tir.h.a.f.a(SourceFile:70)
	at com.diffblue.tir.h.a.f.c(SourceFile:92)
	at com.diffblue.fuzztest.d.s.c.a(SourceFile:290)
	at com.diffblue.fuzztest.d.s.c.a(SourceFile:157)
	at com.diffblue.fuzztest.d.s.c.c(SourceFile:103)
	at java.base/java.util.stream.ReferencePipeline$7$1.accept(ReferencePipeline.java:271)
	at java.base/java.util.ArrayList$ArrayListSpliterator.forEachRemaining(ArrayList.java:1655)
	at java.base/java.util.stream.AbstractPipeline.copyInto(AbstractPipeline.java:484)
	at java.base/java.util.stream.AbstractPipeline.wrapAndCopyInto(AbstractPipeline.java:474)
	at java.base/java.util.stream.ReduceOps$ReduceOp.evaluateSequential(ReduceOps.java:913)
	at java.base/java.util.stream.AbstractPipeline.evaluate(AbstractPipeline.java:234)
	at java.base/java.util.stream.ReferencePipeline.collect(ReferencePipeline.java:578)
	at com.diffblue.cover.h.z.a(SourceFile:96)
	at com.diffblue.cover.h.z.a(SourceFile:83)
	at com.diffblue.fuzztest.d.s.c.a(SourceFile:99)
	at com.diffblue.fuzztest.d.f.a(SourceFile:34)
	at java.base/java.util.stream.ReferencePipeline$7$1.accept(ReferencePipeline.java:271)
	at java.base/java.util.ArrayList$ArrayListSpliterator.tryAdvance(ArrayList.java:1632)
	at java.base/java.util.stream.ReferencePipeline.forEachWithCancel(ReferencePipeline.java:127)
	at java.base/java.util.stream.AbstractPipeline.copyIntoWithCancel(AbstractPipeline.java:502)
	at java.base/java.util.stream.AbstractPipeline.copyInto(AbstractPipeline.java:488)
	at java.base/java.util.stream.AbstractPipeline.wrapAndCopyInto(AbstractPipeline.java:474)
	at java.base/java.util.stream.ReduceOps$ReduceOp.evaluateSequential(ReduceOps.java:913)
	at java.base/java.util.stream.AbstractPipeline.evaluate(AbstractPipeline.java:234)
	at java.base/java.util.stream.ReferencePipeline.collect(ReferencePipeline.java:578)
	at com.diffblue.cover.h.z.a(SourceFile:96)
	at com.diffblue.fuzztest.d.f.a(SourceFile:33)
	at com.diffblue.fuzztest.b.a.d.a(SourceFile:493)
	at com.diffblue.fuzztest.b.a.d.a(SourceFile:470)
	at com.diffblue.fuzztest.b.a.d.a(SourceFile:402)
	at com.diffblue.fuzztest.b.a.d.d(SourceFile:856)
	at com.diffblue.fuzztest.b.a.d.a(SourceFile:160)
	at com.diffblue.fuzztest.b.a.d.a(SourceFile:123)
	at com.diffblue.fuzztest.b.f.a(SourceFile:564)
	at com.diffblue.fuzztest.b.f.a(SourceFile:292)
	at com.diffblue.fuzztest.b.f.b(SourceFile:377)
	at com.diffblue.fuzztest.g.ae.a(SourceFile:100)
	at com.diffblue.fuzztest.g.af.a(SourceFile:162)
	at com.diffblue.fuzztest.g.ae.a(SourceFile:193)
	at com.diffblue.fuzztest.g.e.r(SourceFile:499)
	at com.diffblue.cover.sandbox.execution.WorkerThread.lambda$callWorkerThread$3(SourceFile:164)
	at com.diffblue.cover.sandbox.execution.WorkerThread.run(SourceFile:265)
Caused by: java.lang.ClassNotFoundException: akka.pattern.CircuitBreaker$Open
	at java.base/java.net.URLClassLoader.findClass(URLClassLoader.java:476)
	at java.base/java.lang.ClassLoader.loadClass(ClassLoader.java:594)
	at com.diffblue.cover.launcher.FilteringClassLoader.loadClassBasedOnPolicy(FilteringClassLoader.java:72)
	at com.diffblue.cover.launcher.FilteringClassLoader.loadClass(FilteringClassLoader.java:60)
	at com.diffblue.cover.i.e.loadClass(SourceFile:67)
	at java.base/java.lang.Class.forName0(Native Method)
	at java.base/java.lang.Class.forName(Class.java:398)
	at com.diffblue.cover.commons.reflect.q.a(SourceFile:525)
	at com.diffblue.tir.h.a.f.a(SourceFile:67)
	... 41 common frames omitted
13:03:57.458 [DEBUG]  [Creating]    [analyzer-service:TimedExecutor-116][com.diffblue.fuzztest.d.s.c] Could not construct class type 'akka.pattern.CircuitBreaker$Open$'
com.diffblue.cover.exception.BaseException: Unable to load class
	at com.diffblue.tir.h.a.f.a(SourceFile:70)
	at com.diffblue.tir.h.a.f.c(SourceFile:92)
	at com.diffblue.fuzztest.d.s.c.b(SourceFile:274)
	at com.diffblue.fuzztest.d.s.c.a(SourceFile:160)
	at com.diffblue.fuzztest.d.s.c.c(SourceFile:103)
	at java.base/java.util.stream.ReferencePipeline$7$1.accept(ReferencePipeline.java:271)
	at java.base/java.util.ArrayList$ArrayListSpliterator.forEachRemaining(ArrayList.java:1655)
	at java.base/java.util.stream.AbstractPipeline.copyInto(AbstractPipeline.java:484)
	at java.base/java.util.stream.AbstractPipeline.wrapAndCopyInto(AbstractPipeline.java:474)
	at java.base/java.util.stream.ReduceOps$ReduceOp.evaluateSequential(ReduceOps.java:913)
	at java.base/java.util.stream.AbstractPipeline.evaluate(AbstractPipeline.java:234)
	at java.base/java.util.stream.ReferencePipeline.collect(ReferencePipeline.java:578)
	at com.diffblue.cover.h.z.a(SourceFile:96)
	at com.diffblue.cover.h.z.a(SourceFile:83)
	at com.diffblue.fuzztest.d.s.c.a(SourceFile:99)
	at com.diffblue.fuzztest.d.f.a(SourceFile:34)
	at java.base/java.util.stream.ReferencePipeline$7$1.accept(ReferencePipeline.java:271)
	at java.base/java.util.ArrayList$ArrayListSpliterator.tryAdvance(ArrayList.java:1632)
	at java.base/java.util.stream.ReferencePipeline.forEachWithCancel(ReferencePipeline.java:127)
	at java.base/java.util.stream.AbstractPipeline.copyIntoWithCancel(AbstractPipeline.java:502)
	at java.base/java.util.stream.AbstractPipeline.copyInto(AbstractPipeline.java:488)
	at java.base/java.util.stream.AbstractPipeline.wrapAndCopyInto(AbstractPipeline.java:474)
	at java.base/java.util.stream.ReduceOps$ReduceOp.evaluateSequential(ReduceOps.java:913)
	at java.base/java.util.stream.AbstractPipeline.evaluate(AbstractPipeline.java:234)
	at java.base/java.util.stream.ReferencePipeline.collect(ReferencePipeline.java:578)
	at com.diffblue.cover.h.z.a(SourceFile:96)
	at com.diffblue.fuzztest.d.f.a(SourceFile:33)
	at com.diffblue.fuzztest.b.a.d.a(SourceFile:493)
	at com.diffblue.fuzztest.b.a.d.a(SourceFile:470)
	at com.diffblue.fuzztest.b.a.d.a(SourceFile:402)
	at com.diffblue.fuzztest.b.a.d.d(SourceFile:856)
	at com.diffblue.fuzztest.b.a.d.a(SourceFile:160)
	at com.diffblue.fuzztest.b.a.d.a(SourceFile:123)
	at com.diffblue.fuzztest.b.f.a(SourceFile:564)
	at com.diffblue.fuzztest.b.f.a(SourceFile:292)
	at com.diffblue.fuzztest.b.f.b(SourceFile:377)
	at com.diffblue.fuzztest.g.ae.a(SourceFile:100)
	at com.diffblue.fuzztest.g.af.a(SourceFile:162)
	at com.diffblue.fuzztest.g.ae.a(SourceFile:193)
	at com.diffblue.fuzztest.g.e.r(SourceFile:499)
	at com.diffblue.cover.sandbox.execution.WorkerThread.lambda$callWorkerThread$3(SourceFile:164)
	at com.diffblue.cover.sandbox.execution.WorkerThread.run(SourceFile:265)
Caused by: java.lang.ClassNotFoundException: akka.pattern.CircuitBreaker$Open
	at java.base/java.net.URLClassLoader.findClass(URLClassLoader.java:476)
	at java.base/java.lang.ClassLoader.loadClass(ClassLoader.java:594)
	at com.diffblue.cover.launcher.FilteringClassLoader.loadClassBasedOnPolicy(FilteringClassLoader.java:72)
	at com.diffblue.cover.launcher.FilteringClassLoader.loadClass(FilteringClassLoader.java:60)
	at com.diffblue.cover.i.e.loadClass(SourceFile:67)
	at java.base/java.lang.Class.forName0(Native Method)
	at java.base/java.lang.Class.forName(Class.java:398)
	at com.diffblue.cover.commons.reflect.q.a(SourceFile:525)
	at com.diffblue.tir.h.a.f.a(SourceFile:67)
	... 41 common frames omitted
13:03:57.465 [DEBUG]  [Creating]    [analyzer-service:TimedExecutor-116][com.diffblue.fuzztest.d.s.c] Could not construct class type 'akka.pattern.CircuitBreaker$Open$'
com.diffblue.cover.exception.BaseException: Unable to load class
	at com.diffblue.tir.h.a.f.a(SourceFile:70)
	at com.diffblue.tir.h.a.f.c(SourceFile:92)
	at com.diffblue.fuzztest.d.s.c.a(SourceFile:290)
	at com.diffblue.fuzztest.d.s.c.a(SourceFile:157)
	at com.diffblue.fuzztest.d.s.c.c(SourceFile:103)
	at java.base/java.util.stream.ReferencePipeline$7$1.accept(ReferencePipeline.java:271)
	at java.base/java.util.ArrayList$ArrayListSpliterator.forEachRemaining(ArrayList.java:1655)
	at java.base/java.util.stream.AbstractPipeline.copyInto(AbstractPipeline.java:484)
	at java.base/java.util.stream.AbstractPipeline.wrapAndCopyInto(AbstractPipeline.java:474)
	at java.base/java.util.stream.ReduceOps$ReduceOp.evaluateSequential(ReduceOps.java:913)
	at java.base/java.util.stream.AbstractPipeline.evaluate(AbstractPipeline.java:234)
	at java.base/java.util.stream.ReferencePipeline.collect(ReferencePipeline.java:578)
	at com.diffblue.cover.h.z.a(SourceFile:96)
	at com.diffblue.cover.h.z.a(SourceFile:83)
	at com.diffblue.fuzztest.d.s.c.a(SourceFile:99)
	at com.diffblue.fuzztest.d.f.a(SourceFile:34)
	at java.base/java.util.stream.ReferencePipeline$7$1.accept(ReferencePipeline.java:271)
	at java.base/java.util.ArrayList$ArrayListSpliterator.tryAdvance(ArrayList.java:1632)
	at java.base/java.util.stream.ReferencePipeline.forEachWithCancel(ReferencePipeline.java:127)
	at java.base/java.util.stream.AbstractPipeline.copyIntoWithCancel(AbstractPipeline.java:502)
	at java.base/java.util.stream.AbstractPipeline.copyInto(AbstractPipeline.java:488)
	at java.base/java.util.stream.AbstractPipeline.wrapAndCopyInto(AbstractPipeline.java:474)
	at java.base/java.util.stream.ReduceOps$ReduceOp.evaluateSequential(ReduceOps.java:913)
	at java.base/java.util.stream.AbstractPipeline.evaluate(AbstractPipeline.java:234)
	at java.base/java.util.stream.ReferencePipeline.collect(ReferencePipeline.java:578)
	at com.diffblue.cover.h.z.a(SourceFile:96)
	at com.diffblue.fuzztest.d.f.a(SourceFile:33)
	at com.diffblue.fuzztest.b.a.d.a(SourceFile:493)
	at com.diffblue.fuzztest.b.a.d.a(SourceFile:470)
	at com.diffblue.fuzztest.b.a.d.a(SourceFile:402)
	at com.diffblue.fuzztest.b.a.d.d(SourceFile:856)
	at com.diffblue.fuzztest.b.a.d.a(SourceFile:160)
	at com.diffblue.fuzztest.b.a.d.a(SourceFile:123)
	at com.diffblue.fuzztest.b.f.a(SourceFile:564)
	at com.diffblue.fuzztest.b.f.a(SourceFile:292)
	at com.diffblue.fuzztest.b.f.b(SourceFile:377)
	at com.diffblue.fuzztest.g.ae.a(SourceFile:100)
	at com.diffblue.fuzztest.g.af.a(SourceFile:162)
	at com.diffblue.fuzztest.g.ae.a(SourceFile:193)
	at com.diffblue.fuzztest.g.e.r(SourceFile:499)
	at com.diffblue.cover.sandbox.execution.WorkerThread.lambda$callWorkerThread$3(SourceFile:164)
	at com.diffblue.cover.sandbox.execution.WorkerThread.run(SourceFile:265)
Caused by: java.lang.ClassNotFoundException: akka.pattern.CircuitBreaker$Open
	at java.base/java.net.URLClassLoader.findClass(URLClassLoader.java:476)
	at java.base/java.lang.ClassLoader.loadClass(ClassLoader.java:594)
	at com.diffblue.cover.launcher.FilteringClassLoader.loadClassBasedOnPolicy(FilteringClassLoader.java:72)
	at com.diffblue.cover.launcher.FilteringClassLoader.loadClass(FilteringClassLoader.java:60)
	at com.diffblue.cover.i.e.loadClass(SourceFile:67)
	at java.base/java.lang.Class.forName0(Native Method)
	at java.base/java.lang.Class.forName(Class.java:398)
	at com.diffblue.cover.commons.reflect.q.a(SourceFile:525)
	at com.diffblue.tir.h.a.f.a(SourceFile:67)
	... 41 common frames omitted
13:03:57.465 [DEBUG]  [Creating]    [analyzer-service:TimedExecutor-116][com.diffblue.fuzztest.d.s.c] Could not construct class type 'akka.pattern.CircuitBreaker$Open$'
com.diffblue.cover.exception.BaseException: Unable to load class
	at com.diffblue.tir.h.a.f.a(SourceFile:70)
	at com.diffblue.tir.h.a.f.c(SourceFile:92)
	at com.diffblue.fuzztest.d.s.c.b(SourceFile:274)
	at com.diffblue.fuzztest.d.s.c.a(SourceFile:160)
	at com.diffblue.fuzztest.d.s.c.c(SourceFile:103)
	at java.base/java.util.stream.ReferencePipeline$7$1.accept(ReferencePipeline.java:271)
	at java.base/java.util.ArrayList$ArrayListSpliterator.forEachRemaining(ArrayList.java:1655)
	at java.base/java.util.stream.AbstractPipeline.copyInto(AbstractPipeline.java:484)
	at java.base/java.util.stream.AbstractPipeline.wrapAndCopyInto(AbstractPipeline.java:474)
	at java.base/java.util.stream.ReduceOps$ReduceOp.evaluateSequential(ReduceOps.java:913)
	at java.base/java.util.stream.AbstractPipeline.evaluate(AbstractPipeline.java:234)
	at java.base/java.util.stream.ReferencePipeline.collect(ReferencePipeline.java:578)
	at com.diffblue.cover.h.z.a(SourceFile:96)
	at com.diffblue.cover.h.z.a(SourceFile:83)
	at com.diffblue.fuzztest.d.s.c.a(SourceFile:99)
	at com.diffblue.fuzztest.d.f.a(SourceFile:34)
	at java.base/java.util.stream.ReferencePipeline$7$1.accept(ReferencePipeline.java:271)
	at java.base/java.util.ArrayList$ArrayListSpliterator.tryAdvance(ArrayList.java:1632)
	at java.base/java.util.stream.ReferencePipeline.forEachWithCancel(ReferencePipeline.java:127)
	at java.base/java.util.stream.AbstractPipeline.copyIntoWithCancel(AbstractPipeline.java:502)
	at java.base/java.util.stream.AbstractPipeline.copyInto(AbstractPipeline.java:488)
	at java.base/java.util.stream.AbstractPipeline.wrapAndCopyInto(AbstractPipeline.java:474)
	at java.base/java.util.stream.ReduceOps$ReduceOp.evaluateSequential(ReduceOps.java:913)
	at java.base/java.util.stream.AbstractPipeline.evaluate(AbstractPipeline.java:234)
	at java.base/java.util.stream.ReferencePipeline.collect(ReferencePipeline.java:578)
	at com.diffblue.cover.h.z.a(SourceFile:96)
	at com.diffblue.fuzztest.d.f.a(SourceFile:33)
	at com.diffblue.fuzztest.b.a.d.a(SourceFile:493)
	at com.diffblue.fuzztest.b.a.d.a(SourceFile:470)
	at com.diffblue.fuzztest.b.a.d.a(SourceFile:402)
	at com.diffblue.fuzztest.b.a.d.d(SourceFile:856)
	at com.diffblue.fuzztest.b.a.d.a(SourceFile:160)
	at com.diffblue.fuzztest.b.a.d.a(SourceFile:123)
	at com.diffblue.fuzztest.b.f.a(SourceFile:564)
	at com.diffblue.fuzztest.b.f.a(SourceFile:292)
	at com.diffblue.fuzztest.b.f.b(SourceFile:377)
	at com.diffblue.fuzztest.g.ae.a(SourceFile:100)
	at com.diffblue.fuzztest.g.af.a(SourceFile:162)
	at com.diffblue.fuzztest.g.ae.a(SourceFile:193)
	at com.diffblue.fuzztest.g.e.r(SourceFile:499)
	at com.diffblue.cover.sandbox.execution.WorkerThread.lambda$callWorkerThread$3(SourceFile:164)
	at com.diffblue.cover.sandbox.execution.WorkerThread.run(SourceFile:265)
Caused by: java.lang.ClassNotFoundException: akka.pattern.CircuitBreaker$Open
	at java.base/java.net.URLClassLoader.findClass(URLClassLoader.java:476)
	at java.base/java.lang.ClassLoader.loadClass(ClassLoader.java:594)
	at com.diffblue.cover.launcher.FilteringClassLoader.loadClassBasedOnPolicy(FilteringClassLoader.java:72)
	at com.diffblue.cover.launcher.FilteringClassLoader.loadClass(FilteringClassLoader.java:60)
	at com.diffblue.cover.i.e.loadClass(SourceFile:67)
	at java.base/java.lang.Class.forName0(Native Method)
	at java.base/java.lang.Class.forName(Class.java:398)
	at com.diffblue.cover.commons.reflect.q.a(SourceFile:525)
	at com.diffblue.tir.h.a.f.a(SourceFile:67)
	... 41 common frames omitted
13:03:57.472 [DEBUG]  [Creating]    [analyzer-service:TimedExecutor-116][com.diffblue.fuzztest.d.s.c] Could not construct class type 'akka.pattern.CircuitBreaker$Open$'
com.diffblue.cover.exception.BaseException: Unable to load class
	at com.diffblue.tir.h.a.f.a(SourceFile:70)
	at com.diffblue.tir.h.a.f.c(SourceFile:92)
	at com.diffblue.fuzztest.d.s.c.a(SourceFile:290)
	at com.diffblue.fuzztest.d.s.c.a(SourceFile:157)
	at com.diffblue.fuzztest.d.s.c.c(SourceFile:103)
	at java.base/java.util.stream.ReferencePipeline$7$1.accept(ReferencePipeline.java:271)
	at java.base/java.util.ArrayList$ArrayListSpliterator.forEachRemaining(ArrayList.java:1655)
	at java.base/java.util.stream.AbstractPipeline.copyInto(AbstractPipeline.java:484)
	at java.base/java.util.stream.AbstractPipeline.wrapAndCopyInto(AbstractPipeline.java:474)
	at java.base/java.util.stream.ReduceOps$ReduceOp.evaluateSequential(ReduceOps.java:913)
	at java.base/java.util.stream.AbstractPipeline.evaluate(AbstractPipeline.java:234)
	at java.base/java.util.stream.ReferencePipeline.collect(ReferencePipeline.java:578)
	at com.diffblue.cover.h.z.a(SourceFile:96)
	at com.diffblue.cover.h.z.a(SourceFile:83)
	at com.diffblue.fuzztest.d.s.c.a(SourceFile:99)
	at com.diffblue.fuzztest.d.f.a(SourceFile:34)
	at java.base/java.util.stream.ReferencePipeline$7$1.accept(ReferencePipeline.java:271)
	at java.base/java.util.ArrayList$ArrayListSpliterator.tryAdvance(ArrayList.java:1632)
	at java.base/java.util.stream.ReferencePipeline.forEachWithCancel(ReferencePipeline.java:127)
	at java.base/java.util.stream.AbstractPipeline.copyIntoWithCancel(AbstractPipeline.java:502)
	at java.base/java.util.stream.AbstractPipeline.copyInto(AbstractPipeline.java:488)
	at java.base/java.util.stream.AbstractPipeline.wrapAndCopyInto(AbstractPipeline.java:474)
	at java.base/java.util.stream.ReduceOps$ReduceOp.evaluateSequential(ReduceOps.java:913)
	at java.base/java.util.stream.AbstractPipeline.evaluate(AbstractPipeline.java:234)
	at java.base/java.util.stream.ReferencePipeline.collect(ReferencePipeline.java:578)
	at com.diffblue.cover.h.z.a(SourceFile:96)
	at com.diffblue.fuzztest.d.f.a(SourceFile:33)
	at com.diffblue.fuzztest.b.a.d.a(SourceFile:493)
	at com.diffblue.fuzztest.b.a.d.a(SourceFile:470)
	at com.diffblue.fuzztest.b.a.d.a(SourceFile:402)
	at com.diffblue.fuzztest.b.a.d.d(SourceFile:856)
	at com.diffblue.fuzztest.b.a.d.a(SourceFile:160)
	at com.diffblue.fuzztest.b.a.d.a(SourceFile:123)
	at com.diffblue.fuzztest.b.f.a(SourceFile:564)
	at com.diffblue.fuzztest.b.f.a(SourceFile:292)
	at com.diffblue.fuzztest.b.f.b(SourceFile:377)
	at com.diffblue.fuzztest.g.ae.a(SourceFile:100)
	at com.diffblue.fuzztest.g.af.a(SourceFile:162)
	at com.diffblue.fuzztest.g.ae.a(SourceFile:193)
	at com.diffblue.fuzztest.g.e.r(SourceFile:499)
	at com.diffblue.cover.sandbox.execution.WorkerThread.lambda$callWorkerThread$3(SourceFile:164)
	at com.diffblue.cover.sandbox.execution.WorkerThread.run(SourceFile:265)
Caused by: java.lang.ClassNotFoundException: akka.pattern.CircuitBreaker$Open
	at java.base/java.net.URLClassLoader.findClass(URLClassLoader.java:476)
	at java.base/java.lang.ClassLoader.loadClass(ClassLoader.java:594)
	at com.diffblue.cover.launcher.FilteringClassLoader.loadClassBasedOnPolicy(FilteringClassLoader.java:72)
	at com.diffblue.cover.launcher.FilteringClassLoader.loadClass(FilteringClassLoader.java:60)
	at com.diffblue.cover.i.e.loadClass(SourceFile:67)
	at java.base/java.lang.Class.forName0(Native Method)
	at java.base/java.lang.Class.forName(Class.java:398)
	at com.diffblue.cover.commons.reflect.q.a(SourceFile:525)
	at com.diffblue.tir.h.a.f.a(SourceFile:67)
	... 41 common frames omitted
13:03:57.473 [DEBUG]  [Creating]    [analyzer-service:TimedExecutor-116][com.diffblue.fuzztest.d.s.c] Could not construct class type 'akka.pattern.CircuitBreaker$Open$'
com.diffblue.cover.exception.BaseException: Unable to load class
	at com.diffblue.tir.h.a.f.a(SourceFile:70)
	at com.diffblue.tir.h.a.f.c(SourceFile:92)
	at com.diffblue.fuzztest.d.s.c.b(SourceFile:274)
	at com.diffblue.fuzztest.d.s.c.a(SourceFile:160)
	at com.diffblue.fuzztest.d.s.c.c(SourceFile:103)
	at java.base/java.util.stream.ReferencePipeline$7$1.accept(ReferencePipeline.java:271)
	at java.base/java.util.ArrayList$ArrayListSpliterator.forEachRemaining(ArrayList.java:1655)
	at java.base/java.util.stream.AbstractPipeline.copyInto(AbstractPipeline.java:484)
	at java.base/java.util.stream.AbstractPipeline.wrapAndCopyInto(AbstractPipeline.java:474)
	at java.base/java.util.stream.ReduceOps$ReduceOp.evaluateSequential(ReduceOps.java:913)
	at java.base/java.util.stream.AbstractPipeline.evaluate(AbstractPipeline.java:234)
	at java.base/java.util.stream.ReferencePipeline.collect(ReferencePipeline.java:578)
	at com.diffblue.cover.h.z.a(SourceFile:96)
	at com.diffblue.cover.h.z.a(SourceFile:83)
	at com.diffblue.fuzztest.d.s.c.a(SourceFile:99)
	at com.diffblue.fuzztest.d.f.a(SourceFile:34)
	at java.base/java.util.stream.ReferencePipeline$7$1.accept(ReferencePipeline.java:271)
	at java.base/java.util.ArrayList$ArrayListSpliterator.tryAdvance(ArrayList.java:1632)
	at java.base/java.util.stream.ReferencePipeline.forEachWithCancel(ReferencePipeline.java:127)
	at java.base/java.util.stream.AbstractPipeline.copyIntoWithCancel(AbstractPipeline.java:502)
	at java.base/java.util.stream.AbstractPipeline.copyInto(AbstractPipeline.java:488)
	at java.base/java.util.stream.AbstractPipeline.wrapAndCopyInto(AbstractPipeline.java:474)
	at java.base/java.util.stream.ReduceOps$ReduceOp.evaluateSequential(ReduceOps.java:913)
	at java.base/java.util.stream.AbstractPipeline.evaluate(AbstractPipeline.java:234)
	at java.base/java.util.stream.ReferencePipeline.collect(ReferencePipeline.java:578)
	at com.diffblue.cover.h.z.a(SourceFile:96)
	at com.diffblue.fuzztest.d.f.a(SourceFile:33)
	at com.diffblue.fuzztest.b.a.d.a(SourceFile:493)
	at com.diffblue.fuzztest.b.a.d.a(SourceFile:470)
	at com.diffblue.fuzztest.b.a.d.a(SourceFile:402)
	at com.diffblue.fuzztest.b.a.d.d(SourceFile:856)
	at com.diffblue.fuzztest.b.a.d.a(SourceFile:160)
	at com.diffblue.fuzztest.b.a.d.a(SourceFile:123)
	at com.diffblue.fuzztest.b.f.a(SourceFile:564)
	at com.diffblue.fuzztest.b.f.a(SourceFile:292)
	at com.diffblue.fuzztest.b.f.b(SourceFile:377)
	at com.diffblue.fuzztest.g.ae.a(SourceFile:100)
	at com.diffblue.fuzztest.g.af.a(SourceFile:162)
	at com.diffblue.fuzztest.g.ae.a(SourceFile:193)
	at com.diffblue.fuzztest.g.e.r(SourceFile:499)
	at com.diffblue.cover.sandbox.execution.WorkerThread.lambda$callWorkerThread$3(SourceFile:164)
	at com.diffblue.cover.sandbox.execution.WorkerThread.run(SourceFile:265)
Caused by: java.lang.ClassNotFoundException: akka.pattern.CircuitBreaker$Open
	at java.base/java.net.URLClassLoader.findClass(URLClassLoader.java:476)
	at java.base/java.lang.ClassLoader.loadClass(ClassLoader.java:594)
	at com.diffblue.cover.launcher.FilteringClassLoader.loadClassBasedOnPolicy(FilteringClassLoader.java:72)
	at com.diffblue.cover.launcher.FilteringClassLoader.loadClass(FilteringClassLoader.java:60)
	at com.diffblue.cover.i.e.loadClass(SourceFile:67)
	at java.base/java.lang.Class.forName0(Native Method)
	at java.base/java.lang.Class.forName(Class.java:398)
	at com.diffblue.cover.commons.reflect.q.a(SourceFile:525)
	at com.diffblue.tir.h.a.f.a(SourceFile:67)
	... 41 common frames omitted
13:03:57.482 [DEBUG]  [Creating]    [analyzer-service:TimedExecutor-116][com.diffblue.fuzztest.d.s.c] Could not construct class type 'akka.pattern.CircuitBreaker$Open$'
com.diffblue.cover.exception.BaseException: Unable to load class
	at com.diffblue.tir.h.a.f.a(SourceFile:70)
	at com.diffblue.tir.h.a.f.c(SourceFile:92)
	at com.diffblue.fuzztest.d.s.c.a(SourceFile:290)
	at com.diffblue.fuzztest.d.s.c.a(SourceFile:157)
	at com.diffblue.fuzztest.d.s.c.c(SourceFile:103)
	at java.base/java.util.stream.ReferencePipeline$7$1.accept(ReferencePipeline.java:271)
	at java.base/java.util.ArrayList$ArrayListSpliterator.forEachRemaining(ArrayList.java:1655)
	at java.base/java.util.stream.AbstractPipeline.copyInto(AbstractPipeline.java:484)
	at java.base/java.util.stream.AbstractPipeline.wrapAndCopyInto(AbstractPipeline.java:474)
	at java.base/java.util.stream.ReduceOps$ReduceOp.evaluateSequential(ReduceOps.java:913)
	at java.base/java.util.stream.AbstractPipeline.evaluate(AbstractPipeline.java:234)
	at java.base/java.util.stream.ReferencePipeline.collect(ReferencePipeline.java:578)
	at com.diffblue.cover.h.z.a(SourceFile:96)
	at com.diffblue.cover.h.z.a(SourceFile:83)
	at com.diffblue.fuzztest.d.s.c.a(SourceFile:99)
	at com.diffblue.fuzztest.d.f.a(SourceFile:34)
	at java.base/java.util.stream.ReferencePipeline$7$1.accept(ReferencePipeline.java:271)
	at java.base/java.util.ArrayList$ArrayListSpliterator.tryAdvance(ArrayList.java:1632)
	at java.base/java.util.stream.ReferencePipeline.forEachWithCancel(ReferencePipeline.java:127)
	at java.base/java.util.stream.AbstractPipeline.copyIntoWithCancel(AbstractPipeline.java:502)
	at java.base/java.util.stream.AbstractPipeline.copyInto(AbstractPipeline.java:488)
	at java.base/java.util.stream.AbstractPipeline.wrapAndCopyInto(AbstractPipeline.java:474)
	at java.base/java.util.stream.ReduceOps$ReduceOp.evaluateSequential(ReduceOps.java:913)
	at java.base/java.util.stream.AbstractPipeline.evaluate(AbstractPipeline.java:234)
	at java.base/java.util.stream.ReferencePipeline.collect(ReferencePipeline.java:578)
	at com.diffblue.cover.h.z.a(SourceFile:96)
	at com.diffblue.fuzztest.d.f.a(SourceFile:33)
	at com.diffblue.fuzztest.b.a.d.a(SourceFile:493)
	at com.diffblue.fuzztest.b.a.d.a(SourceFile:470)
	at com.diffblue.fuzztest.b.a.d.a(SourceFile:402)
	at com.diffblue.fuzztest.b.a.d.d(SourceFile:856)
	at com.diffblue.fuzztest.b.a.d.a(SourceFile:160)
	at com.diffblue.fuzztest.b.a.d.a(SourceFile:123)
	at com.diffblue.fuzztest.b.f.a(SourceFile:564)
	at com.diffblue.fuzztest.b.f.a(SourceFile:292)
	at com.diffblue.fuzztest.b.f.b(SourceFile:377)
	at com.diffblue.fuzztest.g.ae.a(SourceFile:100)
	at com.diffblue.fuzztest.g.af.a(SourceFile:162)
	at com.diffblue.fuzztest.g.ae.a(SourceFile:193)
	at com.diffblue.fuzztest.g.e.r(SourceFile:499)
	at com.diffblue.cover.sandbox.execution.WorkerThread.lambda$callWorkerThread$3(SourceFile:164)
	at com.diffblue.cover.sandbox.execution.WorkerThread.run(SourceFile:265)
Caused by: java.lang.ClassNotFoundException: akka.pattern.CircuitBreaker$Open
	at java.base/java.net.URLClassLoader.findClass(URLClassLoader.java:476)
	at java.base/java.lang.ClassLoader.loadClass(ClassLoader.java:594)
	at com.diffblue.cover.launcher.FilteringClassLoader.loadClassBasedOnPolicy(FilteringClassLoader.java:72)
	at com.diffblue.cover.launcher.FilteringClassLoader.loadClass(FilteringClassLoader.java:60)
	at com.diffblue.cover.i.e.loadClass(SourceFile:67)
	at java.base/java.lang.Class.forName0(Native Method)
	at java.base/java.lang.Class.forName(Class.java:398)
	at com.diffblue.cover.commons.reflect.q.a(SourceFile:525)
	at com.diffblue.tir.h.a.f.a(SourceFile:67)
	... 41 common frames omitted
13:03:57.482 [DEBUG]  [Creating]    [analyzer-service:TimedExecutor-116][com.diffblue.fuzztest.d.s.c] Could not construct class type 'akka.pattern.CircuitBreaker$Open$'
com.diffblue.cover.exception.BaseException: Unable to load class
	at com.diffblue.tir.h.a.f.a(SourceFile:70)
	at com.diffblue.tir.h.a.f.c(SourceFile:92)
	at com.diffblue.fuzztest.d.s.c.b(SourceFile:274)
	at com.diffblue.fuzztest.d.s.c.a(SourceFile:160)
	at com.diffblue.fuzztest.d.s.c.c(SourceFile:103)
	at java.base/java.util.stream.ReferencePipeline$7$1.accept(ReferencePipeline.java:271)
	at java.base/java.util.ArrayList$ArrayListSpliterator.forEachRemaining(ArrayList.java:1655)
	at java.base/java.util.stream.AbstractPipeline.copyInto(AbstractPipeline.java:484)
	at java.base/java.util.stream.AbstractPipeline.wrapAndCopyInto(AbstractPipeline.java:474)
	at java.base/java.util.stream.ReduceOps$ReduceOp.evaluateSequential(ReduceOps.java:913)
	at java.base/java.util.stream.AbstractPipeline.evaluate(AbstractPipeline.java:234)
	at java.base/java.util.stream.ReferencePipeline.collect(ReferencePipeline.java:578)
	at com.diffblue.cover.h.z.a(SourceFile:96)
	at com.diffblue.cover.h.z.a(SourceFile:83)
	at com.diffblue.fuzztest.d.s.c.a(SourceFile:99)
	at com.diffblue.fuzztest.d.f.a(SourceFile:34)
	at java.base/java.util.stream.ReferencePipeline$7$1.accept(ReferencePipeline.java:271)
	at java.base/java.util.ArrayList$ArrayListSpliterator.tryAdvance(ArrayList.java:1632)
	at java.base/java.util.stream.ReferencePipeline.forEachWithCancel(ReferencePipeline.java:127)
	at java.base/java.util.stream.AbstractPipeline.copyIntoWithCancel(AbstractPipeline.java:502)
	at java.base/java.util.stream.AbstractPipeline.copyInto(AbstractPipeline.java:488)
	at java.base/java.util.stream.AbstractPipeline.wrapAndCopyInto(AbstractPipeline.java:474)
	at java.base/java.util.stream.ReduceOps$ReduceOp.evaluateSequential(ReduceOps.java:913)
	at java.base/java.util.stream.AbstractPipeline.evaluate(AbstractPipeline.java:234)
	at java.base/java.util.stream.ReferencePipeline.collect(ReferencePipeline.java:578)
	at com.diffblue.cover.h.z.a(SourceFile:96)
	at com.diffblue.fuzztest.d.f.a(SourceFile:33)
	at com.diffblue.fuzztest.b.a.d.a(SourceFile:493)
	at com.diffblue.fuzztest.b.a.d.a(SourceFile:470)
	at com.diffblue.fuzztest.b.a.d.a(SourceFile:402)
	at com.diffblue.fuzztest.b.a.d.d(SourceFile:856)
	at com.diffblue.fuzztest.b.a.d.a(SourceFile:160)
	at com.diffblue.fuzztest.b.a.d.a(SourceFile:123)
	at com.diffblue.fuzztest.b.f.a(SourceFile:564)
	at com.diffblue.fuzztest.b.f.a(SourceFile:292)
	at com.diffblue.fuzztest.b.f.b(SourceFile:377)
	at com.diffblue.fuzztest.g.ae.a(SourceFile:100)
	at com.diffblue.fuzztest.g.af.a(SourceFile:162)
	at com.diffblue.fuzztest.g.ae.a(SourceFile:193)
	at com.diffblue.fuzztest.g.e.r(SourceFile:499)
	at com.diffblue.cover.sandbox.execution.WorkerThread.lambda$callWorkerThread$3(SourceFile:164)
	at com.diffblue.cover.sandbox.execution.WorkerThread.run(SourceFile:265)
Caused by: java.lang.ClassNotFoundException: akka.pattern.CircuitBreaker$Open
	at java.base/java.net.URLClassLoader.findClass(URLClassLoader.java:476)
	at java.base/java.lang.ClassLoader.loadClass(ClassLoader.java:594)
	at com.diffblue.cover.launcher.FilteringClassLoader.loadClassBasedOnPolicy(FilteringClassLoader.java:72)
	at com.diffblue.cover.launcher.FilteringClassLoader.loadClass(FilteringClassLoader.java:60)
	at com.diffblue.cover.i.e.loadClass(SourceFile:67)
	at java.base/java.lang.Class.forName0(Native Method)
	at java.base/java.lang.Class.forName(Class.java:398)
	at com.diffblue.cover.commons.reflect.q.a(SourceFile:525)
	at com.diffblue.tir.h.a.f.a(SourceFile:67)
	... 41 common frames omitted
13:03:57.526 [DEBUG]  [Creating]    [analyzer-service:TimedExecutor-116][com.diffblue.fuzztest.d.s.c] Could not construct class type 'akka.pattern.CircuitBreaker$Open$'
com.diffblue.cover.exception.BaseException: Unable to load class
	at com.diffblue.tir.h.a.f.a(SourceFile:70)
	at com.diffblue.tir.h.a.f.c(SourceFile:92)
	at com.diffblue.fuzztest.d.s.c.a(SourceFile:290)
	at com.diffblue.fuzztest.d.s.c.a(SourceFile:157)
	at com.diffblue.fuzztest.d.s.c.c(SourceFile:103)
	at java.base/java.util.stream.ReferencePipeline$7$1.accept(ReferencePipeline.java:271)
	at java.base/java.util.ArrayList$ArrayListSpliterator.forEachRemaining(ArrayList.java:1655)
	at java.base/java.util.stream.AbstractPipeline.copyInto(AbstractPipeline.java:484)
	at java.base/java.util.stream.AbstractPipeline.wrapAndCopyInto(AbstractPipeline.java:474)
	at java.base/java.util.stream.ReduceOps$ReduceOp.evaluateSequential(ReduceOps.java:913)
	at java.base/java.util.stream.AbstractPipeline.evaluate(AbstractPipeline.java:234)
	at java.base/java.util.stream.ReferencePipeline.collect(ReferencePipeline.java:578)
	at com.diffblue.cover.h.z.a(SourceFile:96)
	at com.diffblue.cover.h.z.a(SourceFile:83)
	at com.diffblue.fuzztest.d.s.c.a(SourceFile:99)
	at com.diffblue.fuzztest.d.f.a(SourceFile:34)
	at java.base/java.util.stream.ReferencePipeline$7$1.accept(ReferencePipeline.java:271)
	at java.base/java.util.ArrayList$ArrayListSpliterator.tryAdvance(ArrayList.java:1632)
	at java.base/java.util.stream.ReferencePipeline.forEachWithCancel(ReferencePipeline.java:127)
	at java.base/java.util.stream.AbstractPipeline.copyIntoWithCancel(AbstractPipeline.java:502)
	at java.base/java.util.stream.AbstractPipeline.copyInto(AbstractPipeline.java:488)
	at java.base/java.util.stream.AbstractPipeline.wrapAndCopyInto(AbstractPipeline.java:474)
	at java.base/java.util.stream.ReduceOps$ReduceOp.evaluateSequential(ReduceOps.java:913)
	at java.base/java.util.stream.AbstractPipeline.evaluate(AbstractPipeline.java:234)
	at java.base/java.util.stream.ReferencePipeline.collect(ReferencePipeline.java:578)
	at com.diffblue.cover.h.z.a(SourceFile:96)
	at com.diffblue.fuzztest.d.f.a(SourceFile:33)
	at com.diffblue.fuzztest.b.a.d.a(SourceFile:493)
	at com.diffblue.fuzztest.b.a.d.a(SourceFile:470)
	at com.diffblue.fuzztest.b.a.d.a(SourceFile:402)
	at com.diffblue.fuzztest.b.a.d.d(SourceFile:856)
	at com.diffblue.fuzztest.b.a.d.a(SourceFile:160)
	at com.diffblue.fuzztest.b.a.d.a(SourceFile:123)
	at com.diffblue.fuzztest.b.f.a(SourceFile:564)
	at com.diffblue.fuzztest.b.f.a(SourceFile:292)
	at com.diffblue.fuzztest.b.f.b(SourceFile:377)
	at com.diffblue.fuzztest.g.ae.a(SourceFile:100)
	at com.diffblue.fuzztest.g.af.a(SourceFile:162)
	at com.diffblue.fuzztest.g.ae.a(SourceFile:193)
	at com.diffblue.fuzztest.g.e.r(SourceFile:499)
	at com.diffblue.cover.sandbox.execution.WorkerThread.lambda$callWorkerThread$3(SourceFile:164)
	at com.diffblue.cover.sandbox.execution.WorkerThread.run(SourceFile:265)
Caused by: java.lang.ClassNotFoundException: akka.pattern.CircuitBreaker$Open
	at java.base/java.net.URLClassLoader.findClass(URLClassLoader.java:476)
	at java.base/java.lang.ClassLoader.loadClass(ClassLoader.java:594)
	at com.diffblue.cover.launcher.FilteringClassLoader.loadClassBasedOnPolicy(FilteringClassLoader.java:72)
	at com.diffblue.cover.launcher.FilteringClassLoader.loadClass(FilteringClassLoader.java:60)
	at com.diffblue.cover.i.e.loadClass(SourceFile:67)
	at java.base/java.lang.Class.forName0(Native Method)
	at java.base/java.lang.Class.forName(Class.java:398)
	at com.diffblue.cover.commons.reflect.q.a(SourceFile:525)
	at com.diffblue.tir.h.a.f.a(SourceFile:67)
	... 41 common frames omitted
13:03:57.526 [DEBUG]  [Creating]    [analyzer-service:TimedExecutor-116][com.diffblue.fuzztest.d.s.c] Could not construct class type 'akka.pattern.CircuitBreaker$Open$'
com.diffblue.cover.exception.BaseException: Unable to load class
	at com.diffblue.tir.h.a.f.a(SourceFile:70)
	at com.diffblue.tir.h.a.f.c(SourceFile:92)
	at com.diffblue.fuzztest.d.s.c.b(SourceFile:274)
	at com.diffblue.fuzztest.d.s.c.a(SourceFile:160)
	at com.diffblue.fuzztest.d.s.c.c(SourceFile:103)
	at java.base/java.util.stream.ReferencePipeline$7$1.accept(ReferencePipeline.java:271)
	at java.base/java.util.ArrayList$ArrayListSpliterator.forEachRemaining(ArrayList.java:1655)
	at java.base/java.util.stream.AbstractPipeline.copyInto(AbstractPipeline.java:484)
	at java.base/java.util.stream.AbstractPipeline.wrapAndCopyInto(AbstractPipeline.java:474)
	at java.base/java.util.stream.ReduceOps$ReduceOp.evaluateSequential(ReduceOps.java:913)
	at java.base/java.util.stream.AbstractPipeline.evaluate(AbstractPipeline.java:234)
	at java.base/java.util.stream.ReferencePipeline.collect(ReferencePipeline.java:578)
	at com.diffblue.cover.h.z.a(SourceFile:96)
	at com.diffblue.cover.h.z.a(SourceFile:83)
	at com.diffblue.fuzztest.d.s.c.a(SourceFile:99)
	at com.diffblue.fuzztest.d.f.a(SourceFile:34)
	at java.base/java.util.stream.ReferencePipeline$7$1.accept(ReferencePipeline.java:271)
	at java.base/java.util.ArrayList$ArrayListSpliterator.tryAdvance(ArrayList.java:1632)
	at java.base/java.util.stream.ReferencePipeline.forEachWithCancel(ReferencePipeline.java:127)
	at java.base/java.util.stream.AbstractPipeline.copyIntoWithCancel(AbstractPipeline.java:502)
	at java.base/java.util.stream.AbstractPipeline.copyInto(AbstractPipeline.java:488)
	at java.base/java.util.stream.AbstractPipeline.wrapAndCopyInto(AbstractPipeline.java:474)
	at java.base/java.util.stream.ReduceOps$ReduceOp.evaluateSequential(ReduceOps.java:913)
	at java.base/java.util.stream.AbstractPipeline.evaluate(AbstractPipeline.java:234)
	at java.base/java.util.stream.ReferencePipeline.collect(ReferencePipeline.java:578)
	at com.diffblue.cover.h.z.a(SourceFile:96)
	at com.diffblue.fuzztest.d.f.a(SourceFile:33)
	at com.diffblue.fuzztest.b.a.d.a(SourceFile:493)
	at com.diffblue.fuzztest.b.a.d.a(SourceFile:470)
	at com.diffblue.fuzztest.b.a.d.a(SourceFile:402)
	at com.diffblue.fuzztest.b.a.d.d(SourceFile:856)
	at com.diffblue.fuzztest.b.a.d.a(SourceFile:160)
	at com.diffblue.fuzztest.b.a.d.a(SourceFile:123)
	at com.diffblue.fuzztest.b.f.a(SourceFile:564)
	at com.diffblue.fuzztest.b.f.a(SourceFile:292)
	at com.diffblue.fuzztest.b.f.b(SourceFile:377)
	at com.diffblue.fuzztest.g.ae.a(SourceFile:100)
	at com.diffblue.fuzztest.g.af.a(SourceFile:162)
	at com.diffblue.fuzztest.g.ae.a(SourceFile:193)
	at com.diffblue.fuzztest.g.e.r(SourceFile:499)
	at com.diffblue.cover.sandbox.execution.WorkerThread.lambda$callWorkerThread$3(SourceFile:164)
	at com.diffblue.cover.sandbox.execution.WorkerThread.run(SourceFile:265)
Caused by: java.lang.ClassNotFoundException: akka.pattern.CircuitBreaker$Open
	at java.base/java.net.URLClassLoader.findClass(URLClassLoader.java:476)
	at java.base/java.lang.ClassLoader.loadClass(ClassLoader.java:594)
	at com.diffblue.cover.launcher.FilteringClassLoader.loadClassBasedOnPolicy(FilteringClassLoader.java:72)
	at com.diffblue.cover.launcher.FilteringClassLoader.loadClass(FilteringClassLoader.java:60)
	at com.diffblue.cover.i.e.loadClass(SourceFile:67)
	at java.base/java.lang.Class.forName0(Native Method)
	at java.base/java.lang.Class.forName(Class.java:398)
	at com.diffblue.cover.commons.reflect.q.a(SourceFile:525)
	at com.diffblue.tir.h.a.f.a(SourceFile:67)
	... 41 common frames omitted
13:03:57.534 [DEBUG]  [Creating]    [analyzer-service:TimedExecutor-116][com.diffblue.fuzztest.d.s.c] Could not construct class type 'akka.pattern.CircuitBreaker$Open$'
com.diffblue.cover.exception.BaseException: Unable to load class
	at com.diffblue.tir.h.a.f.a(SourceFile:70)
	at com.diffblue.tir.h.a.f.c(SourceFile:92)
	at com.diffblue.fuzztest.d.s.c.a(SourceFile:290)
	at com.diffblue.fuzztest.d.s.c.a(SourceFile:157)
	at com.diffblue.fuzztest.d.s.c.c(SourceFile:103)
	at java.base/java.util.stream.ReferencePipeline$7$1.accept(ReferencePipeline.java:271)
	at java.base/java.util.ArrayList$ArrayListSpliterator.forEachRemaining(ArrayList.java:1655)
	at java.base/java.util.stream.AbstractPipeline.copyInto(AbstractPipeline.java:484)
	at java.base/java.util.stream.AbstractPipeline.wrapAndCopyInto(AbstractPipeline.java:474)
	at java.base/java.util.stream.ReduceOps$ReduceOp.evaluateSequential(ReduceOps.java:913)
	at java.base/java.util.stream.AbstractPipeline.evaluate(AbstractPipeline.java:234)
	at java.base/java.util.stream.ReferencePipeline.collect(ReferencePipeline.java:578)
	at com.diffblue.cover.h.z.a(SourceFile:96)
	at com.diffblue.cover.h.z.a(SourceFile:83)
	at com.diffblue.fuzztest.d.s.c.a(SourceFile:99)
	at com.diffblue.fuzztest.d.f.a(SourceFile:34)
	at java.base/java.util.stream.ReferencePipeline$7$1.accept(ReferencePipeline.java:271)
	at java.base/java.util.ArrayList$ArrayListSpliterator.tryAdvance(ArrayList.java:1632)
	at java.base/java.util.stream.ReferencePipeline.forEachWithCancel(ReferencePipeline.java:127)
	at java.base/java.util.stream.AbstractPipeline.copyIntoWithCancel(AbstractPipeline.java:502)
	at java.base/java.util.stream.AbstractPipeline.copyInto(AbstractPipeline.java:488)
	at java.base/java.util.stream.AbstractPipeline.wrapAndCopyInto(AbstractPipeline.java:474)
	at java.base/java.util.stream.ReduceOps$ReduceOp.evaluateSequential(ReduceOps.java:913)
	at java.base/java.util.stream.AbstractPipeline.evaluate(AbstractPipeline.java:234)
	at java.base/java.util.stream.ReferencePipeline.collect(ReferencePipeline.java:578)
	at com.diffblue.cover.h.z.a(SourceFile:96)
	at com.diffblue.fuzztest.d.f.a(SourceFile:33)
	at com.diffblue.fuzztest.b.a.d.a(SourceFile:493)
	at com.diffblue.fuzztest.b.a.d.a(SourceFile:470)
	at com.diffblue.fuzztest.b.a.d.a(SourceFile:402)
	at com.diffblue.fuzztest.b.a.d.d(SourceFile:856)
	at com.diffblue.fuzztest.b.a.d.a(SourceFile:160)
	at com.diffblue.fuzztest.b.a.d.a(SourceFile:123)
	at com.diffblue.fuzztest.b.f.a(SourceFile:564)
	at com.diffblue.fuzztest.b.f.a(SourceFile:292)
	at com.diffblue.fuzztest.b.f.b(SourceFile:377)
	at com.diffblue.fuzztest.g.ae.a(SourceFile:100)
	at com.diffblue.fuzztest.g.af.a(SourceFile:162)
	at com.diffblue.fuzztest.g.ae.a(SourceFile:193)
	at com.diffblue.fuzztest.g.e.r(SourceFile:499)
	at com.diffblue.cover.sandbox.execution.WorkerThread.lambda$callWorkerThread$3(SourceFile:164)
	at com.diffblue.cover.sandbox.execution.WorkerThread.run(SourceFile:265)
Caused by: java.lang.ClassNotFoundException: akka.pattern.CircuitBreaker$Open
	at java.base/java.net.URLClassLoader.findClass(URLClassLoader.java:476)
	at java.base/java.lang.ClassLoader.loadClass(ClassLoader.java:594)
	at com.diffblue.cover.launcher.FilteringClassLoader.loadClassBasedOnPolicy(FilteringClassLoader.java:72)
	at com.diffblue.cover.launcher.FilteringClassLoader.loadClass(FilteringClassLoader.java:60)
	at com.diffblue.cover.i.e.loadClass(SourceFile:67)
	at java.base/java.lang.Class.forName0(Native Method)
	at java.base/java.lang.Class.forName(Class.java:398)
	at com.diffblue.cover.commons.reflect.q.a(SourceFile:525)
	at com.diffblue.tir.h.a.f.a(SourceFile:67)
	... 41 common frames omitted
13:03:57.534 [DEBUG]  [Creating]    [analyzer-service:TimedExecutor-116][com.diffblue.fuzztest.d.s.c] Could not construct class type 'akka.pattern.CircuitBreaker$Open$'
com.diffblue.cover.exception.BaseException: Unable to load class
	at com.diffblue.tir.h.a.f.a(SourceFile:70)
	at com.diffblue.tir.h.a.f.c(SourceFile:92)
	at com.diffblue.fuzztest.d.s.c.b(SourceFile:274)
	at com.diffblue.fuzztest.d.s.c.a(SourceFile:160)
	at com.diffblue.fuzztest.d.s.c.c(SourceFile:103)
	at java.base/java.util.stream.ReferencePipeline$7$1.accept(ReferencePipeline.java:271)
	at java.base/java.util.ArrayList$ArrayListSpliterator.forEachRemaining(ArrayList.java:1655)
	at java.base/java.util.stream.AbstractPipeline.copyInto(AbstractPipeline.java:484)
	at java.base/java.util.stream.AbstractPipeline.wrapAndCopyInto(AbstractPipeline.java:474)
	at java.base/java.util.stream.ReduceOps$ReduceOp.evaluateSequential(ReduceOps.java:913)
	at java.base/java.util.stream.AbstractPipeline.evaluate(AbstractPipeline.java:234)
	at java.base/java.util.stream.ReferencePipeline.collect(ReferencePipeline.java:578)
	at com.diffblue.cover.h.z.a(SourceFile:96)
	at com.diffblue.cover.h.z.a(SourceFile:83)
	at com.diffblue.fuzztest.d.s.c.a(SourceFile:99)
	at com.diffblue.fuzztest.d.f.a(SourceFile:34)
	at java.base/java.util.stream.ReferencePipeline$7$1.accept(ReferencePipeline.java:271)
	at java.base/java.util.ArrayList$ArrayListSpliterator.tryAdvance(ArrayList.java:1632)
	at java.base/java.util.stream.ReferencePipeline.forEachWithCancel(ReferencePipeline.java:127)
	at java.base/java.util.stream.AbstractPipeline.copyIntoWithCancel(AbstractPipeline.java:502)
	at java.base/java.util.stream.AbstractPipeline.copyInto(AbstractPipeline.java:488)
	at java.base/java.util.stream.AbstractPipeline.wrapAndCopyInto(AbstractPipeline.java:474)
	at java.base/java.util.stream.ReduceOps$ReduceOp.evaluateSequential(ReduceOps.java:913)
	at java.base/java.util.stream.AbstractPipeline.evaluate(AbstractPipeline.java:234)
	at java.base/java.util.stream.ReferencePipeline.collect(ReferencePipeline.java:578)
	at com.diffblue.cover.h.z.a(SourceFile:96)
	at com.diffblue.fuzztest.d.f.a(SourceFile:33)
	at com.diffblue.fuzztest.b.a.d.a(SourceFile:493)
	at com.diffblue.fuzztest.b.a.d.a(SourceFile:470)
	at com.diffblue.fuzztest.b.a.d.a(SourceFile:402)
	at com.diffblue.fuzztest.b.a.d.d(SourceFile:856)
	at com.diffblue.fuzztest.b.a.d.a(SourceFile:160)
	at com.diffblue.fuzztest.b.a.d.a(SourceFile:123)
	at com.diffblue.fuzztest.b.f.a(SourceFile:564)
	at com.diffblue.fuzztest.b.f.a(SourceFile:292)
	at com.diffblue.fuzztest.b.f.b(SourceFile:377)
	at com.diffblue.fuzztest.g.ae.a(SourceFile:100)
	at com.diffblue.fuzztest.g.af.a(SourceFile:162)
	at com.diffblue.fuzztest.g.ae.a(SourceFile:193)
	at com.diffblue.fuzztest.g.e.r(SourceFile:499)
	at com.diffblue.cover.sandbox.execution.WorkerThread.lambda$callWorkerThread$3(SourceFile:164)
	at com.diffblue.cover.sandbox.execution.WorkerThread.run(SourceFile:265)
Caused by: java.lang.ClassNotFoundException: akka.pattern.CircuitBreaker$Open
	at java.base/java.net.URLClassLoader.findClass(URLClassLoader.java:476)
	at java.base/java.lang.ClassLoader.loadClass(ClassLoader.java:594)
	at com.diffblue.cover.launcher.FilteringClassLoader.loadClassBasedOnPolicy(FilteringClassLoader.java:72)
	at com.diffblue.cover.launcher.FilteringClassLoader.loadClass(FilteringClassLoader.java:60)
	at com.diffblue.cover.i.e.loadClass(SourceFile:67)
	at java.base/java.lang.Class.forName0(Native Method)
	at java.base/java.lang.Class.forName(Class.java:398)
	at com.diffblue.cover.commons.reflect.q.a(SourceFile:525)
	at com.diffblue.tir.h.a.f.a(SourceFile:67)
	... 41 common frames omitted
13:03:57.543 [DEBUG]  [Creating]    [analyzer-service:TimedExecutor-116][com.diffblue.fuzztest.d.s.c] Could not construct class type 'akka.pattern.CircuitBreaker$Open$'
com.diffblue.cover.exception.BaseException: Unable to load class
	at com.diffblue.tir.h.a.f.a(SourceFile:70)
	at com.diffblue.tir.h.a.f.c(SourceFile:92)
	at com.diffblue.fuzztest.d.s.c.a(SourceFile:290)
	at com.diffblue.fuzztest.d.s.c.a(SourceFile:157)
	at com.diffblue.fuzztest.d.s.c.c(SourceFile:103)
	at java.base/java.util.stream.ReferencePipeline$7$1.accept(ReferencePipeline.java:271)
	at java.base/java.util.ArrayList$ArrayListSpliterator.forEachRemaining(ArrayList.java:1655)
	at java.base/java.util.stream.AbstractPipeline.copyInto(AbstractPipeline.java:484)
	at java.base/java.util.stream.AbstractPipeline.wrapAndCopyInto(AbstractPipeline.java:474)
	at java.base/java.util.stream.ReduceOps$ReduceOp.evaluateSequential(ReduceOps.java:913)
	at java.base/java.util.stream.AbstractPipeline.evaluate(AbstractPipeline.java:234)
	at java.base/java.util.stream.ReferencePipeline.collect(ReferencePipeline.java:578)
	at com.diffblue.cover.h.z.a(SourceFile:96)
	at com.diffblue.cover.h.z.a(SourceFile:83)
	at com.diffblue.fuzztest.d.s.c.a(SourceFile:99)
	at com.diffblue.fuzztest.d.f.a(SourceFile:34)
	at java.base/java.util.stream.ReferencePipeline$7$1.accept(ReferencePipeline.java:271)
	at java.base/java.util.ArrayList$ArrayListSpliterator.tryAdvance(ArrayList.java:1632)
	at java.base/java.util.stream.ReferencePipeline.forEachWithCancel(ReferencePipeline.java:127)
	at java.base/java.util.stream.AbstractPipeline.copyIntoWithCancel(AbstractPipeline.java:502)
	at java.base/java.util.stream.AbstractPipeline.copyInto(AbstractPipeline.java:488)
	at java.base/java.util.stream.AbstractPipeline.wrapAndCopyInto(AbstractPipeline.java:474)
	at java.base/java.util.stream.ReduceOps$ReduceOp.evaluateSequential(ReduceOps.java:913)
	at java.base/java.util.stream.AbstractPipeline.evaluate(AbstractPipeline.java:234)
	at java.base/java.util.stream.ReferencePipeline.collect(ReferencePipeline.java:578)
	at com.diffblue.cover.h.z.a(SourceFile:96)
	at com.diffblue.fuzztest.d.f.a(SourceFile:33)
	at com.diffblue.fuzztest.b.a.d.a(SourceFile:493)
	at com.diffblue.fuzztest.b.a.d.a(SourceFile:470)
	at com.diffblue.fuzztest.b.a.d.a(SourceFile:402)
	at com.diffblue.fuzztest.b.a.d.d(SourceFile:856)
	at com.diffblue.fuzztest.b.a.d.a(SourceFile:160)
	at com.diffblue.fuzztest.b.a.d.a(SourceFile:123)
	at com.diffblue.fuzztest.b.f.a(SourceFile:564)
	at com.diffblue.fuzztest.b.f.a(SourceFile:292)
	at com.diffblue.fuzztest.b.f.b(SourceFile:377)
	at com.diffblue.fuzztest.g.ae.a(SourceFile:100)
	at com.diffblue.fuzztest.g.af.a(SourceFile:162)
	at com.diffblue.fuzztest.g.ae.a(SourceFile:193)
	at com.diffblue.fuzztest.g.e.r(SourceFile:499)
	at com.diffblue.cover.sandbox.execution.WorkerThread.lambda$callWorkerThread$3(SourceFile:164)
	at com.diffblue.cover.sandbox.execution.WorkerThread.run(SourceFile:265)
Caused by: java.lang.ClassNotFoundException: akka.pattern.CircuitBreaker$Open
	at java.base/java.net.URLClassLoader.findClass(URLClassLoader.java:476)
	at java.base/java.lang.ClassLoader.loadClass(ClassLoader.java:594)
	at com.diffblue.cover.launcher.FilteringClassLoader.loadClassBasedOnPolicy(FilteringClassLoader.java:72)
	at com.diffblue.cover.launcher.FilteringClassLoader.loadClass(FilteringClassLoader.java:60)
	at com.diffblue.cover.i.e.loadClass(SourceFile:67)
	at java.base/java.lang.Class.forName0(Native Method)
	at java.base/java.lang.Class.forName(Class.java:398)
	at com.diffblue.cover.commons.reflect.q.a(SourceFile:525)
	at com.diffblue.tir.h.a.f.a(SourceFile:67)
	... 41 common frames omitted
13:03:57.544 [DEBUG]  [Creating]    [analyzer-service:TimedExecutor-116][com.diffblue.fuzztest.d.s.c] Could not construct class type 'akka.pattern.CircuitBreaker$Open$'
com.diffblue.cover.exception.BaseException: Unable to load class
	at com.diffblue.tir.h.a.f.a(SourceFile:70)
	at com.diffblue.tir.h.a.f.c(SourceFile:92)
	at com.diffblue.fuzztest.d.s.c.b(SourceFile:274)
	at com.diffblue.fuzztest.d.s.c.a(SourceFile:160)
	at com.diffblue.fuzztest.d.s.c.c(SourceFile:103)
	at java.base/java.util.stream.ReferencePipeline$7$1.accept(ReferencePipeline.java:271)
	at java.base/java.util.ArrayList$ArrayListSpliterator.forEachRemaining(ArrayList.java:1655)
	at java.base/java.util.stream.AbstractPipeline.copyInto(AbstractPipeline.java:484)
	at java.base/java.util.stream.AbstractPipeline.wrapAndCopyInto(AbstractPipeline.java:474)
	at java.base/java.util.stream.ReduceOps$ReduceOp.evaluateSequential(ReduceOps.java:913)
	at java.base/java.util.stream.AbstractPipeline.evaluate(AbstractPipeline.java:234)
	at java.base/java.util.stream.ReferencePipeline.collect(ReferencePipeline.java:578)
	at com.diffblue.cover.h.z.a(SourceFile:96)
	at com.diffblue.cover.h.z.a(SourceFile:83)
	at com.diffblue.fuzztest.d.s.c.a(SourceFile:99)
	at com.diffblue.fuzztest.d.f.a(SourceFile:34)
	at java.base/java.util.stream.ReferencePipeline$7$1.accept(ReferencePipeline.java:271)
	at java.base/java.util.ArrayList$ArrayListSpliterator.tryAdvance(ArrayList.java:1632)
	at java.base/java.util.stream.ReferencePipeline.forEachWithCancel(ReferencePipeline.java:127)
	at java.base/java.util.stream.AbstractPipeline.copyIntoWithCancel(AbstractPipeline.java:502)
	at java.base/java.util.stream.AbstractPipeline.copyInto(AbstractPipeline.java:488)
	at java.base/java.util.stream.AbstractPipeline.wrapAndCopyInto(AbstractPipeline.java:474)
	at java.base/java.util.stream.ReduceOps$ReduceOp.evaluateSequential(ReduceOps.java:913)
	at java.base/java.util.stream.AbstractPipeline.evaluate(AbstractPipeline.java:234)
	at java.base/java.util.stream.ReferencePipeline.collect(ReferencePipeline.java:578)
	at com.diffblue.cover.h.z.a(SourceFile:96)
	at com.diffblue.fuzztest.d.f.a(SourceFile:33)
	at com.diffblue.fuzztest.b.a.d.a(SourceFile:493)
	at com.diffblue.fuzztest.b.a.d.a(SourceFile:470)
	at com.diffblue.fuzztest.b.a.d.a(SourceFile:402)
	at com.diffblue.fuzztest.b.a.d.d(SourceFile:856)
	at com.diffblue.fuzztest.b.a.d.a(SourceFile:160)
	at com.diffblue.fuzztest.b.a.d.a(SourceFile:123)
	at com.diffblue.fuzztest.b.f.a(SourceFile:564)
	at com.diffblue.fuzztest.b.f.a(SourceFile:292)
	at com.diffblue.fuzztest.b.f.b(SourceFile:377)
	at com.diffblue.fuzztest.g.ae.a(SourceFile:100)
	at com.diffblue.fuzztest.g.af.a(SourceFile:162)
	at com.diffblue.fuzztest.g.ae.a(SourceFile:193)
	at com.diffblue.fuzztest.g.e.r(SourceFile:499)
	at com.diffblue.cover.sandbox.execution.WorkerThread.lambda$callWorkerThread$3(SourceFile:164)
	at com.diffblue.cover.sandbox.execution.WorkerThread.run(SourceFile:265)
Caused by: java.lang.ClassNotFoundException: akka.pattern.CircuitBreaker$Open
	at java.base/java.net.URLClassLoader.findClass(URLClassLoader.java:476)
	at java.base/java.lang.ClassLoader.loadClass(ClassLoader.java:594)
	at com.diffblue.cover.launcher.FilteringClassLoader.loadClassBasedOnPolicy(FilteringClassLoader.java:72)
	at com.diffblue.cover.launcher.FilteringClassLoader.loadClass(FilteringClassLoader.java:60)
	at com.diffblue.cover.i.e.loadClass(SourceFile:67)
	at java.base/java.lang.Class.forName0(Native Method)
	at java.base/java.lang.Class.forName(Class.java:398)
	at com.diffblue.cover.commons.reflect.q.a(SourceFile:525)
	at com.diffblue.tir.h.a.f.a(SourceFile:67)
	... 41 common frames omitted
13:03:57.551 [DEBUG]  [Creating]    [analyzer-service:TimedExecutor-116][com.diffblue.fuzztest.d.s.c] Could not construct class type 'akka.pattern.CircuitBreaker$Open$'
com.diffblue.cover.exception.BaseException: Unable to load class
	at com.diffblue.tir.h.a.f.a(SourceFile:70)
	at com.diffblue.tir.h.a.f.c(SourceFile:92)
	at com.diffblue.fuzztest.d.s.c.a(SourceFile:290)
	at com.diffblue.fuzztest.d.s.c.a(SourceFile:157)
	at com.diffblue.fuzztest.d.s.c.c(SourceFile:103)
	at java.base/java.util.stream.ReferencePipeline$7$1.accept(ReferencePipeline.java:271)
	at java.base/java.util.ArrayList$ArrayListSpliterator.forEachRemaining(ArrayList.java:1655)
	at java.base/java.util.stream.AbstractPipeline.copyInto(AbstractPipeline.java:484)
	at java.base/java.util.stream.AbstractPipeline.wrapAndCopyInto(AbstractPipeline.java:474)
	at java.base/java.util.stream.ReduceOps$ReduceOp.evaluateSequential(ReduceOps.java:913)
	at java.base/java.util.stream.AbstractPipeline.evaluate(AbstractPipeline.java:234)
	at java.base/java.util.stream.ReferencePipeline.collect(ReferencePipeline.java:578)
	at com.diffblue.cover.h.z.a(SourceFile:96)
	at com.diffblue.cover.h.z.a(SourceFile:83)
	at com.diffblue.fuzztest.d.s.c.a(SourceFile:99)
	at com.diffblue.fuzztest.d.f.a(SourceFile:34)
	at java.base/java.util.stream.ReferencePipeline$7$1.accept(ReferencePipeline.java:271)
	at java.base/java.util.ArrayList$ArrayListSpliterator.tryAdvance(ArrayList.java:1632)
	at java.base/java.util.stream.ReferencePipeline.forEachWithCancel(ReferencePipeline.java:127)
	at java.base/java.util.stream.AbstractPipeline.copyIntoWithCancel(AbstractPipeline.java:502)
	at java.base/java.util.stream.AbstractPipeline.copyInto(AbstractPipeline.java:488)
	at java.base/java.util.stream.AbstractPipeline.wrapAndCopyInto(AbstractPipeline.java:474)
	at java.base/java.util.stream.ReduceOps$ReduceOp.evaluateSequential(ReduceOps.java:913)
	at java.base/java.util.stream.AbstractPipeline.evaluate(AbstractPipeline.java:234)
	at java.base/java.util.stream.ReferencePipeline.collect(ReferencePipeline.java:578)
	at com.diffblue.cover.h.z.a(SourceFile:96)
	at com.diffblue.fuzztest.d.f.a(SourceFile:33)
	at com.diffblue.fuzztest.b.a.d.a(SourceFile:493)
	at com.diffblue.fuzztest.b.a.d.a(SourceFile:470)
	at com.diffblue.fuzztest.b.a.d.a(SourceFile:402)
	at com.diffblue.fuzztest.b.a.d.d(SourceFile:856)
	at com.diffblue.fuzztest.b.a.d.a(SourceFile:160)
	at com.diffblue.fuzztest.b.a.d.a(SourceFile:123)
	at com.diffblue.fuzztest.b.f.a(SourceFile:564)
	at com.diffblue.fuzztest.b.f.a(SourceFile:292)
	at com.diffblue.fuzztest.b.f.b(SourceFile:377)
	at com.diffblue.fuzztest.g.ae.a(SourceFile:100)
	at com.diffblue.fuzztest.g.af.a(SourceFile:162)
	at com.diffblue.fuzztest.g.ae.a(SourceFile:193)
	at com.diffblue.fuzztest.g.e.r(SourceFile:499)
	at com.diffblue.cover.sandbox.execution.WorkerThread.lambda$callWorkerThread$3(SourceFile:164)
	at com.diffblue.cover.sandbox.execution.WorkerThread.run(SourceFile:265)
Caused by: java.lang.ClassNotFoundException: akka.pattern.CircuitBreaker$Open
	at java.base/java.net.URLClassLoader.findClass(URLClassLoader.java:476)
	at java.base/java.lang.ClassLoader.loadClass(ClassLoader.java:594)
	at com.diffblue.cover.launcher.FilteringClassLoader.loadClassBasedOnPolicy(FilteringClassLoader.java:72)
	at com.diffblue.cover.launcher.FilteringClassLoader.loadClass(FilteringClassLoader.java:60)
	at com.diffblue.cover.i.e.loadClass(SourceFile:67)
	at java.base/java.lang.Class.forName0(Native Method)
	at java.base/java.lang.Class.forName(Class.java:398)
	at com.diffblue.cover.commons.reflect.q.a(SourceFile:525)
	at com.diffblue.tir.h.a.f.a(SourceFile:67)
	... 41 common frames omitted
13:03:57.551 [DEBUG]  [Creating]    [analyzer-service:TimedExecutor-116][com.diffblue.fuzztest.d.s.c] Could not construct class type 'akka.pattern.CircuitBreaker$Open$'
com.diffblue.cover.exception.BaseException: Unable to load class
	at com.diffblue.tir.h.a.f.a(SourceFile:70)
	at com.diffblue.tir.h.a.f.c(SourceFile:92)
	at com.diffblue.fuzztest.d.s.c.b(SourceFile:274)
	at com.diffblue.fuzztest.d.s.c.a(SourceFile:160)
	at com.diffblue.fuzztest.d.s.c.c(SourceFile:103)
	at java.base/java.util.stream.ReferencePipeline$7$1.accept(ReferencePipeline.java:271)
	at java.base/java.util.ArrayList$ArrayListSpliterator.forEachRemaining(ArrayList.java:1655)
	at java.base/java.util.stream.AbstractPipeline.copyInto(AbstractPipeline.java:484)
	at java.base/java.util.stream.AbstractPipeline.wrapAndCopyInto(AbstractPipeline.java:474)
	at java.base/java.util.stream.ReduceOps$ReduceOp.evaluateSequential(ReduceOps.java:913)
	at java.base/java.util.stream.AbstractPipeline.evaluate(AbstractPipeline.java:234)
	at java.base/java.util.stream.ReferencePipeline.collect(ReferencePipeline.java:578)
	at com.diffblue.cover.h.z.a(SourceFile:96)
	at com.diffblue.cover.h.z.a(SourceFile:83)
	at com.diffblue.fuzztest.d.s.c.a(SourceFile:99)
	at com.diffblue.fuzztest.d.f.a(SourceFile:34)
	at java.base/java.util.stream.ReferencePipeline$7$1.accept(ReferencePipeline.java:271)
	at java.base/java.util.ArrayList$ArrayListSpliterator.tryAdvance(ArrayList.java:1632)
	at java.base/java.util.stream.ReferencePipeline.forEachWithCancel(ReferencePipeline.java:127)
	at java.base/java.util.stream.AbstractPipeline.copyIntoWithCancel(AbstractPipeline.java:502)
	at java.base/java.util.stream.AbstractPipeline.copyInto(AbstractPipeline.java:488)
	at java.base/java.util.stream.AbstractPipeline.wrapAndCopyInto(AbstractPipeline.java:474)
	at java.base/java.util.stream.ReduceOps$ReduceOp.evaluateSequential(ReduceOps.java:913)
	at java.base/java.util.stream.AbstractPipeline.evaluate(AbstractPipeline.java:234)
	at java.base/java.util.stream.ReferencePipeline.collect(ReferencePipeline.java:578)
	at com.diffblue.cover.h.z.a(SourceFile:96)
	at com.diffblue.fuzztest.d.f.a(SourceFile:33)
	at com.diffblue.fuzztest.b.a.d.a(SourceFile:493)
	at com.diffblue.fuzztest.b.a.d.a(SourceFile:470)
	at com.diffblue.fuzztest.b.a.d.a(SourceFile:402)
	at com.diffblue.fuzztest.b.a.d.d(SourceFile:856)
	at com.diffblue.fuzztest.b.a.d.a(SourceFile:160)
	at com.diffblue.fuzztest.b.a.d.a(SourceFile:123)
	at com.diffblue.fuzztest.b.f.a(SourceFile:564)
	at com.diffblue.fuzztest.b.f.a(SourceFile:292)
	at com.diffblue.fuzztest.b.f.b(SourceFile:377)
	at com.diffblue.fuzztest.g.ae.a(SourceFile:100)
	at com.diffblue.fuzztest.g.af.a(SourceFile:162)
	at com.diffblue.fuzztest.g.ae.a(SourceFile:193)
	at com.diffblue.fuzztest.g.e.r(SourceFile:499)
	at com.diffblue.cover.sandbox.execution.WorkerThread.lambda$callWorkerThread$3(SourceFile:164)
	at com.diffblue.cover.sandbox.execution.WorkerThread.run(SourceFile:265)
Caused by: java.lang.ClassNotFoundException: akka.pattern.CircuitBreaker$Open
	at java.base/java.net.URLClassLoader.findClass(URLClassLoader.java:476)
	at java.base/java.lang.ClassLoader.loadClass(ClassLoader.java:594)
	at com.diffblue.cover.launcher.FilteringClassLoader.loadClassBasedOnPolicy(FilteringClassLoader.java:72)
	at com.diffblue.cover.launcher.FilteringClassLoader.loadClass(FilteringClassLoader.java:60)
	at com.diffblue.cover.i.e.loadClass(SourceFile:67)
	at java.base/java.lang.Class.forName0(Native Method)
	at java.base/java.lang.Class.forName(Class.java:398)
	at com.diffblue.cover.commons.reflect.q.a(SourceFile:525)
	at com.diffblue.tir.h.a.f.a(SourceFile:67)
	... 41 common frames omitted
13:03:58.732 [DEBUG]  [Creating]    [analyzer-service:TimedExecutor-116][com.diffblue.cover.service.analyzer.a.c] Watchdog reset
13:03:59.875 [DEBUG]  [Creating]    [analyzer-service:TimedExecutor-116][com.diffblue.cover.service.analyzer.a.c] Watchdog reset
13:04:01.036 [DEBUG]  [Creating]    [analyzer-service:TimedExecutor-116][com.diffblue.cover.service.analyzer.a.c] Watchdog reset
13:04:01.117 [DEBUG]  [Creating]    [analyzer-service:TimedExecutor-116][com.diffblue.fuzztest.b.f] Refinement loop done: 1 seeds, 3+0 new+accumulated tests, 3+0 tests+partial tests, 505/1000 its
13:04:01.251 [DEBUG]  [Creating]    [analyzer-service:TimedExecutor-116][com.diffblue.fuzztest.g.e] DI configuration 'com.diffblue.tir.p' generated tests: 3
13:04:01.251 [DEBUG]  [Creating]    [analyzer-service:TimedExecutor-116][com.diffblue.fuzztest.g.e] Enabling descriptive test naming
13:04:01.265 [DEBUG]  [Creating]    [analyzer-service:grpc-default-executor-0][com.diffblue.fuzztest.e.c] Justification for mocking SiM fallback 1/2: 
  * uk.gov.gchq.palisade.rule.Rule<java.io.Serializable>: SIMPLIFY_SETUP(Simplified setup: mocking can simplify the arrange section)
13:04:01.265 [DEBUG]  [Creating]    [analyzer-service:grpc-default-executor-0][com.diffblue.fuzztest.e.c] Created 3+0 tests and partial tests via 'SiM (!sp, fnm, df)' SiM fallback 1/2, returning all 3
13:04:01.307 [DEBUG]  [Creating]    [pool-3-thread-1]   [com.diffblue.cover.m.a.b] in processAnalysisResult for uk.gov.gchq.palisade.util.RulesUtil.applyRulesToStream:(Ljava/util/stream/Stream;Luk/gov/gchq/palisade/user/User;Luk/gov/gchq/palisade/Context;Luk/gov/gchq/palisade/rule/Rules;Ljava/util/concurrent/atomic/AtomicLong;Ljava/util/concurrent/atomic/AtomicLong;)Ljava/util/stream/Stream;
13:04:01.308 [DEBUG]  [Creating]    [pool-3-thread-1]   [com.diffblue.combiner.d.j] Using Javaparser to combine tests
13:04:01.371 [DEBUG]  [Creating]    [pool-6-thread-43]  [com.diffblue.cover.l.a.c] EdgeCoverageRuntime contains 15 edges
13:04:01.371 [DEBUG]  [Creating]    [pool-3-thread-1]   [com.diffblue.combiner.a.c] Adding changeSet to account as new: Optional[uk.gov.gchq.palisade.util.RulesUtil.applyRulesToStream:(Ljava/util/stream/Stream;Luk/gov/gchq/palisade/user/User;Luk/gov/gchq/palisade/Context;Luk/gov/gchq/palisade/rule/Rules;Ljava/util/concurrent/atomic/AtomicLong;Ljava/util/concurrent/atomic/AtomicLong;)Ljava/util/stream/Stream;]
13:04:01.392 [DEBUG]  [Creating]    [pool-3-thread-1]   [com.diffblue.combiner.d.j] Using Javaparser to combine tests
13:04:01.443 [DEBUG]  [Creating]    [pool-6-thread-44]  [com.diffblue.cover.l.a.c] EdgeCoverageRuntime contains 14 edges
13:04:01.444 [DEBUG]  [Creating]    [pool-3-thread-1]   [com.diffblue.combiner.a.c] Adding changeSet to account as new: Optional[uk.gov.gchq.palisade.util.RulesUtil.applyRulesToStream:(Ljava/util/stream/Stream;Luk/gov/gchq/palisade/user/User;Luk/gov/gchq/palisade/Context;Luk/gov/gchq/palisade/rule/Rules;Ljava/util/concurrent/atomic/AtomicLong;Ljava/util/concurrent/atomic/AtomicLong;)Ljava/util/stream/Stream;]
13:04:01.462 [DEBUG]  [Creating]    [pool-3-thread-1]   [com.diffblue.combiner.d.j] Using Javaparser to combine tests
13:04:01.517 [DEBUG]  [Creating]    [pool-6-thread-45]  [com.diffblue.cover.l.a.c] EdgeCoverageRuntime contains 17 edges
13:04:01.517 [DEBUG]  [Creating]    [pool-3-thread-1]   [com.diffblue.combiner.a.c] Adding changeSet to account as new: Optional[uk.gov.gchq.palisade.util.RulesUtil.applyRulesToStream:(Ljava/util/stream/Stream;Luk/gov/gchq/palisade/user/User;Luk/gov/gchq/palisade/Context;Luk/gov/gchq/palisade/rule/Rules;Ljava/util/concurrent/atomic/AtomicLong;Ljava/util/concurrent/atomic/AtomicLong;)Ljava/util/stream/Stream;]
13:04:01.544 [DEBUG]  [Creating]    [analyzer-service:grpc-default-executor-0][com.diffblue.cover.service.analyzer.a.c] Watchdog reset
13:04:01.545 [DEBUG]  [Creating]    [pool-3-thread-1]   [com.diffblue.cover.r.d] Finished with MethodGroup: applyRulesToStream, countOfTests: 3, countOfMethodsTested: 1 TestGenerationAccount: a[countOfRemoved=0, countOfUnchanged=0, countOfUpdated=0, countOfNew=45]
13:04:01.545 [INFO]   [Creating]    [pool-3-thread-1]   [com.diffblue.cover.ui.b.b]     [115/131] uk.gov.gchq.palisade.util.RulesUtil.applyRulesToStream
13:04:01.545 [INFO]   [Creating]    [pool-3-thread-1]   [com.diffblue.cover.ui.b.b]     [115/131]   Tests created: 3
13:04:01.546 [INFO]   [Creating]    [pool-3-thread-1]   [com.diffblue.cover.ui.b.b] [15/25] uk.gov.gchq.palisade.util.RulesUtil
13:04:01.546 [INFO]   [Creating]    [pool-3-thread-1]   [com.diffblue.cover.ui.b.b] [15/25]   Tests created: 3
13:04:01.546 [DEBUG]  [Creating]    [pool-3-thread-1]   [com.diffblue.cover.ui.b.b] [15/25]   (at least 9 lines uncovered in this class)
13:04:01.547 [INFO]   [Creating]    [pool-3-thread-1]   [com.diffblue.cover.m.a.b] 
================================================================================
= Starting analysis for class 'uk.gov.gchq.palisade.util.UriBuilder'
================================================================================
13:04:01.547 [INFO]   [Creating]    [pool-3-thread-1]   [com.diffblue.cover.m.a.b] Filtering out non-testable methods...
13:04:01.550 [DEBUG]  [Creating]    [pool-3-thread-1]   [com.diffblue.combiner.d.j] Using Javaparser to combine tests
13:04:01.550 [INFO]   [Creating]    [pool-3-thread-1]   [com.diffblue.cover.m.a.b] Filtering of methods complete. Creating analysis request
13:04:01.550 [INFO]   [Creating]    [pool-3-thread-1]   [com.diffblue.cover.service.c] Attempting to get service client, retry 1.
13:04:01.562 [DEBUG]  [Creating]    [analyzer-service:grpc-default-executor-0][com.diffblue.fuzztest.e.a] Class information:
13:04:01.562 [DEBUG]  [Creating]    [analyzer-service:grpc-default-executor-0][com.diffblue.fuzztest.e.a]   Fields: private java.util.Optional uk.gov.gchq.palisade.util.UriBuilder.baseUri
13:04:01.562 [DEBUG]  [Creating]    [analyzer-service:grpc-default-executor-0][com.diffblue.fuzztest.e.a]   Constructors: public uk.gov.gchq.palisade.util.UriBuilder()
13:04:01.563 [DEBUG]  [Creating]    [analyzer-service:grpc-default-executor-0][com.diffblue.fuzztest.e.a]   Methods: private uk.gov.gchq.palisade.util.UriBuilder$IScheme uk.gov.gchq.palisade.util.UriBuilder.build(), public static uk.gov.gchq.palisade.util.UriBuilder$IScheme uk.gov.gchq.palisade.util.UriBuilder.create(), public static uk.gov.gchq.palisade.util.UriBuilder$IScheme uk.gov.gchq.palisade.util.UriBuilder.create(java.net.URI), public java.util.Optional uk.gov.gchq.palisade.util.UriBuilder.getBaseUri(), private java.util.Optional uk.gov.gchq.palisade.util.UriBuilder.lambda$build$0(), private static boolean uk.gov.gchq.palisade.util.UriBuilder.lambda$build$1(java.lang.String), private uk.gov.gchq.palisade.util.UriBuilder$IQuery uk.gov.gchq.palisade.util.UriBuilder.lambda$build$10(java.lang.String,java.lang.String,java.lang.String), private uk.gov.gchq.palisade.util.UriBuilder$IPath uk.gov.gchq.palisade.util.UriBuilder.lambda$build$11(java.lang.String,java.lang.String), private uk.gov.gchq.palisade.util.UriBuilder$IAuthority uk.gov.gchq.palisade.util.UriBuilder.lambda$build$12(java.lang.String), private java.util.Optional uk.gov.gchq.palisade.util.UriBuilder.lambda$build$2(), private java.util.Optional uk.gov.gchq.palisade.util.UriBuilder.lambda$build$3(), private static boolean uk.gov.gchq.palisade.util.UriBuilder.lambda$build$4(java.lang.String), private java.util.Optional uk.gov.gchq.palisade.util.UriBuilder.lambda$build$5(), private static boolean uk.gov.gchq.palisade.util.UriBuilder.lambda$build$6(java.lang.String), private java.util.Optional uk.gov.gchq.palisade.util.UriBuilder.lambda$build$7(), private java.net.URI uk.gov.gchq.palisade.util.UriBuilder.lambda$build$8(java.lang.String,java.lang.String,java.lang.String,java.lang.String,java.lang.String), private uk.gov.gchq.palisade.util.UriBuilder$IFragment uk.gov.gchq.palisade.util.UriBuilder.lambda$build$9(java.lang.String,java.lang.String,java.lang.String,java.lang.String)
13:04:01.571 [DEBUG]  [Creating]    [analyzer-service:TimedExecutor-123][com.diffblue.fuzztest.g.e] 
================================================================================
= Creating tests for 'uk.gov.gchq.palisade.util.UriBuilder.getBaseUri:()Ljava/util/Optional;' using 'TrM (!sp, !fnm, df)'
================================================================================
13:04:01.571 [DEBUG]  [Creating]    [analyzer-service:TimedExecutor-123][com.diffblue.fuzztest.g.e] 
================================================================================
= Trying DI configuration EmptyDependencyInjectionTirConfiguration for uk.gov.gchq.palisade.util.UriBuilder.getBaseUri:()Ljava/util/Optional;
================================================================================
13:04:01.597 [DEBUG]  [Creating]    [analyzer-service:TimedExecutor-123][com.diffblue.fuzztest.g.e] DI configuration 'com.diffblue.tir.p' generated tests: 1
13:04:01.598 [DEBUG]  [Creating]    [analyzer-service:TimedExecutor-123][com.diffblue.fuzztest.g.e] Enabling descriptive test naming
13:04:01.598 [DEBUG]  [Creating]    [analyzer-service:grpc-default-executor-0][com.diffblue.fuzztest.e.c] Created 1+0 tests and partial tests via 'TrM (!sp, !fnm, df)' , returning all 1
13:04:01.610 [DEBUG]  [Creating]    [pool-3-thread-1]   [com.diffblue.cover.m.a.b] in processAnalysisResult for uk.gov.gchq.palisade.util.UriBuilder.getBaseUri:()Ljava/util/Optional;
13:04:01.610 [DEBUG]  [Creating]    [pool-3-thread-1]   [com.diffblue.combiner.d.j] Using Javaparser to combine tests
13:04:01.655 [DEBUG]  [Creating]    [pool-6-thread-46]  [com.diffblue.cover.l.a.c] EdgeCoverageRuntime contains 6 edges
13:04:01.655 [DEBUG]  [Creating]    [pool-3-thread-1]   [com.diffblue.combiner.a.c] Adding changeSet to account as new: Optional[uk.gov.gchq.palisade.util.UriBuilder.getBaseUri:()Ljava/util/Optional;]
13:04:01.663 [DEBUG]  [Creating]    [analyzer-service:TimedExecutor-124][com.diffblue.fuzztest.g.e] 
================================================================================
= Creating tests for 'uk.gov.gchq.palisade.util.UriBuilder.<init>:()V' using 'SiM (!sp, fnm, df)'
================================================================================
13:04:01.668 [DEBUG]  [Creating]    [analyzer-service:TimedExecutor-124][com.diffblue.fuzztest.g.ap] Parsed existing test class at /home/jbergqvist/diffblue/Palisade-common/src/test/java/uk/gov/gchq/palisade/util/UriBuilderDiffblueTest.java: found 0 annotations
13:04:01.669 [DEBUG]  [Creating]    [analyzer-service:TimedExecutor-124][com.diffblue.fuzztest.g.e] 
================================================================================
= Trying DI configuration MockitoDependencyInjection
 @Mock [java.util.Optional<java.net.URI>]
 @InjectMocks [uk.gov.gchq.palisade.util.UriBuilder]
 for uk.gov.gchq.palisade.util.UriBuilder.<init>:()V
================================================================================
13:04:01.831 [DEBUG]  [Creating]    [analyzer-service:TimedExecutor-124][com.diffblue.cover.service.analyzer.a.c] Watchdog reset
13:04:01.832 [DEBUG]  [Creating]    [analyzer-service:TimedExecutor-124][com.diffblue.fuzztest.b.f] Refinement loop done: 1 seeds, 1+0 new+accumulated tests, 1+0 tests+partial tests, 1/1000 its
13:04:01.927 [DEBUG]  [Creating]    [analyzer-service:TimedExecutor-124][com.diffblue.fuzztest.g.e] DI configuration 'com.diffblue.cover.f.d.h' generated tests: 1
13:04:01.927 [DEBUG]  [Creating]    [analyzer-service:TimedExecutor-124][com.diffblue.fuzztest.g.e] 
================================================================================
= Trying DI configuration EmptyDependencyInjectionTirConfiguration for uk.gov.gchq.palisade.util.UriBuilder.<init>:()V
================================================================================
13:04:01.968 [DEBUG]  [Creating]    [analyzer-service:TimedExecutor-124][com.diffblue.fuzztest.b.f] Refinement loop done: 1 seeds, 1+0 new+accumulated tests, 1+0 tests+partial tests, 1/1000 its
13:04:02.033 [DEBUG]  [Creating]    [analyzer-service:TimedExecutor-124][com.diffblue.fuzztest.g.e] Enabling descriptive test naming
13:04:02.039 [DEBUG]  [Creating]    [analyzer-service:grpc-default-executor-0][com.diffblue.fuzztest.e.c] Created 1+0 tests and partial tests via 'SiM (!sp, fnm, df)' SiM fallback 1/2, returning all 1
13:04:02.090 [DEBUG]  [Creating]    [analyzer-service:grpc-default-executor-0][com.diffblue.cover.service.analyzer.a.c] Watchdog reset
13:04:02.094 [DEBUG]  [Creating]    [pool-3-thread-1]   [com.diffblue.cover.m.a.b] in processAnalysisResult for uk.gov.gchq.palisade.util.UriBuilder.<init>:()V
13:04:02.094 [DEBUG]  [Creating]    [pool-3-thread-1]   [com.diffblue.cover.r.d] Finished with MethodGroup: getBaseUri, countOfTests: 1, countOfMethodsTested: 1 TestGenerationAccount: a[countOfRemoved=0, countOfUnchanged=0, countOfUpdated=0, countOfNew=46]
13:04:02.095 [INFO]   [Creating]    [pool-3-thread-1]   [com.diffblue.cover.ui.b.b]     [116/131] uk.gov.gchq.palisade.util.UriBuilder.getBaseUri
13:04:02.095 [INFO]   [Creating]    [pool-3-thread-1]   [com.diffblue.cover.ui.b.b]     [116/131]   Tests created: 1
13:04:02.095 [DEBUG]  [Creating]    [pool-3-thread-1]   [com.diffblue.combiner.d.j] Using Javaparser to combine tests
13:04:02.162 [DEBUG]  [Creating]    [pool-6-thread-47]  [com.diffblue.cover.l.a.c] EdgeCoverageRuntime contains 6 edges
13:04:02.162 [DEBUG]  [Creating]    [pool-3-thread-1]   [com.diffblue.combiner.a.c] Adding changeSet to account as new: Optional[uk.gov.gchq.palisade.util.UriBuilder.<init>:()V]
13:04:02.182 [DEBUG]  [Creating]    [analyzer-service:TimedExecutor-125][com.diffblue.fuzztest.g.e] 
================================================================================
= Creating tests for 'uk.gov.gchq.palisade.util.UriBuilder.create:()Luk/gov/gchq/palisade/util/UriBuilder$IScheme;' using 'SiM (!sp, fnm, df)'
================================================================================
13:04:02.199 [DEBUG]  [Creating]    [analyzer-service:TimedExecutor-125][com.diffblue.fuzztest.g.ap] Parsed existing test class at /home/jbergqvist/diffblue/Palisade-common/src/test/java/uk/gov/gchq/palisade/util/UriBuilderDiffblueTest.java: found 0 annotations
13:04:02.199 [DEBUG]  [Creating]    [analyzer-service:TimedExecutor-125][com.diffblue.fuzztest.g.e] 
================================================================================
= Trying DI configuration MockitoDependencyInjection
 @Mock [java.util.Optional<java.net.URI>]
 @InjectMocks [uk.gov.gchq.palisade.util.UriBuilder]
 for uk.gov.gchq.palisade.util.UriBuilder.create:()Luk/gov/gchq/palisade/util/UriBuilder$IScheme;
================================================================================
13:04:02.302 [DEBUG]  [Creating]    [analyzer-service:TimedExecutor-125][com.diffblue.fuzztest.b.f] Refinement loop done: 2 seeds, 1+0 new+accumulated tests, 1+0 tests+partial tests, 17/1000 its
13:04:02.419 [DEBUG]  [Creating]    [analyzer-service:TimedExecutor-125][com.diffblue.fuzztest.g.e] DI configuration 'com.diffblue.cover.f.d.h' generated no complete tests, trying another
13:04:02.419 [DEBUG]  [Creating]    [analyzer-service:TimedExecutor-125][com.diffblue.fuzztest.g.e] Incompleteness reason 'com.diffblue.cover.message.limitation.NoMeaningfulAssertionMessage' (cause: 'none')
13:04:02.419 [DEBUG]  [Creating]    [analyzer-service:TimedExecutor-125][com.diffblue.fuzztest.g.e] 
================================================================================
= Trying DI configuration EmptyDependencyInjectionTirConfiguration for uk.gov.gchq.palisade.util.UriBuilder.create:()Luk/gov/gchq/palisade/util/UriBuilder$IScheme;
================================================================================
13:04:02.456 [DEBUG]  [Creating]    [analyzer-service:TimedExecutor-125][com.diffblue.fuzztest.b.f] Refinement loop done: 2 seeds, 1+0 new+accumulated tests, 1+0 tests+partial tests, 17/1000 its
13:04:02.540 [DEBUG]  [Creating]    [analyzer-service:TimedExecutor-125][com.diffblue.fuzztest.g.e] DI configuration 'com.diffblue.tir.p' generated no complete tests, trying another
13:04:02.540 [DEBUG]  [Creating]    [analyzer-service:TimedExecutor-125][com.diffblue.fuzztest.g.e] Incompleteness reason 'com.diffblue.cover.message.limitation.NoMeaningfulAssertionMessage' (cause: 'none')
13:04:02.540 [DEBUG]  [Creating]    [analyzer-service:TimedExecutor-125][com.diffblue.fuzztest.g.e] Enabling descriptive test naming
13:04:02.543 [DEBUG]  [Creating]    [analyzer-service:TimedExecutor-126][com.diffblue.fuzztest.g.e] 
================================================================================
= Creating tests for 'uk.gov.gchq.palisade.util.UriBuilder.create:()Luk/gov/gchq/palisade/util/UriBuilder$IScheme;' using 'SiM (!sp, !fnm, df)'
================================================================================
13:04:02.551 [DEBUG]  [Creating]    [analyzer-service:TimedExecutor-126][com.diffblue.fuzztest.g.ap] Parsed existing test class at /home/jbergqvist/diffblue/Palisade-common/src/test/java/uk/gov/gchq/palisade/util/UriBuilderDiffblueTest.java: found 0 annotations
13:04:02.552 [DEBUG]  [Creating]    [analyzer-service:TimedExecutor-126][com.diffblue.fuzztest.g.e] 
================================================================================
= Trying DI configuration MockitoDependencyInjection
 @Mock [java.util.Optional<java.net.URI>]
 @InjectMocks [uk.gov.gchq.palisade.util.UriBuilder]
 for uk.gov.gchq.palisade.util.UriBuilder.create:()Luk/gov/gchq/palisade/util/UriBuilder$IScheme;
================================================================================
13:04:02.630 [DEBUG]  [Creating]    [analyzer-service:TimedExecutor-126][com.diffblue.fuzztest.b.f] Refinement loop done: 2 seeds, 1+0 new+accumulated tests, 1+0 tests+partial tests, 17/1000 its
13:04:02.735 [DEBUG]  [Creating]    [analyzer-service:TimedExecutor-126][com.diffblue.fuzztest.g.e] DI configuration 'com.diffblue.cover.f.d.h' generated no complete tests, trying another
13:04:02.735 [DEBUG]  [Creating]    [analyzer-service:TimedExecutor-126][com.diffblue.fuzztest.g.e] Incompleteness reason 'com.diffblue.cover.message.limitation.NoMeaningfulAssertionMessage' (cause: 'none')
13:04:02.735 [DEBUG]  [Creating]    [analyzer-service:TimedExecutor-126][com.diffblue.fuzztest.g.e] 
================================================================================
= Trying DI configuration EmptyDependencyInjectionTirConfiguration for uk.gov.gchq.palisade.util.UriBuilder.create:()Luk/gov/gchq/palisade/util/UriBuilder$IScheme;
================================================================================
13:04:02.767 [DEBUG]  [Creating]    [analyzer-service:TimedExecutor-126][com.diffblue.fuzztest.b.f] Refinement loop done: 2 seeds, 1+0 new+accumulated tests, 1+0 tests+partial tests, 17/1000 its
13:04:02.830 [DEBUG]  [Creating]    [analyzer-service:TimedExecutor-126][com.diffblue.fuzztest.g.e] DI configuration 'com.diffblue.tir.p' generated no complete tests, trying another
13:04:02.830 [DEBUG]  [Creating]    [analyzer-service:TimedExecutor-126][com.diffblue.fuzztest.g.e] Incompleteness reason 'com.diffblue.cover.message.limitation.NoMeaningfulAssertionMessage' (cause: 'none')
13:04:02.831 [DEBUG]  [Creating]    [analyzer-service:TimedExecutor-126][com.diffblue.fuzztest.g.e] Enabling descriptive test naming
13:04:02.833 [DEBUG]  [Creating]    [analyzer-service:grpc-default-executor-0][com.diffblue.fuzztest.g.o] All 2 subs either threw or created only partial tests; returning the 1 partial tests created by 'SiM (!sp, fnm, df)'
13:04:02.834 [DEBUG]  [Creating]    [analyzer-service:grpc-default-executor-0][com.diffblue.fuzztest.e.c] Created 1 partial tests via 'SiM (!sp, fnm, df)' , here is the last one:
13:04:02.858 [DEBUG]  [Creating]    [analyzer-service:grpc-default-executor-0][com.diffblue.combiner.d.j] Using Javaparser to combine tests
13:04:02.926 [DEBUG]  [Creating]    [analyzer-service:grpc-default-executor-0][com.diffblue.fuzztest.e.c] == begin partial test ==
13:04:02.926 [DEBUG]  [Creating]    [analyzer-service:grpc-default-executor-0][com.diffblue.fuzztest.e.c] Test:
package uk.gov.gchq.palisade.util;

import com.diffblue.cover.annotations.ManagedByDiffblue;
import com.diffblue.cover.annotations.MethodsUnderTest;
import java.net.URI;
import java.util.Optional;
import org.junit.jupiter.api.DisplayName;
import org.junit.jupiter.api.Tag;
import org.junit.jupiter.api.Test;
import org.junit.jupiter.api.extension.ExtendWith;
import org.mockito.InjectMocks;
import org.mockito.Mock;
import org.mockito.junit.jupiter.MockitoExtension;

@ExtendWith(MockitoExtension.class)
class UriBuilderDiffblueTest {
  @Mock private Optional<URI> optional;

  @InjectMocks private UriBuilder uriBuilder;

  /**
   * Test {@link UriBuilder#create()}.
   *
   * <p>Method under test: {@link UriBuilder#create()}
   */
  @Test
  @DisplayName("Test create()")
  @Tag("ContributionFromDiffblue")
  @ManagedByDiffblue
  @MethodsUnderTest({"UriBuilder.IScheme UriBuilder.create()"})
  void testCreate() {
    // TODO: Diffblue Cover was only able to create a partial test for this method:
    //   Diffblue AI was unable to find a test

    // Arrange, Act and Assert
    UriBuilder.create().withScheme("Scheme");
  }
}

13:04:02.926 [DEBUG]  [Creating]    [analyzer-service:grpc-default-executor-0][com.diffblue.fuzztest.e.c] == end partial test ==
13:04:02.932 [DEBUG]  [Creating]    [analyzer-service:grpc-default-executor-0][com.diffblue.cover.service.analyzer.a.c] Watchdog reset
13:04:02.936 [DEBUG]  [Creating]    [pool-3-thread-1]   [com.diffblue.cover.m.a.b] in processAnalysisResult for uk.gov.gchq.palisade.util.UriBuilder.create:()Luk/gov/gchq/palisade/util/UriBuilder$IScheme;
13:04:02.936 [DEBUG]  [Creating]    [pool-3-thread-1]   [com.diffblue.cover.r.d] Finished with MethodGroup: <init>, countOfTests: 1, countOfMethodsTested: 1 TestGenerationAccount: a[countOfRemoved=0, countOfUnchanged=0, countOfUpdated=0, countOfNew=47]
13:04:02.936 [INFO]   [Creating]    [pool-3-thread-1]   [com.diffblue.cover.ui.b.b]     [117/131] uk.gov.gchq.palisade.util.UriBuilder.<init>
13:04:02.936 [INFO]   [Creating]    [pool-3-thread-1]   [com.diffblue.cover.ui.b.b]     [117/131]   Tests created: 1
13:04:02.938 [DEBUG]  [Creating]    [analyzer-service:TimedExecutor-127][com.diffblue.fuzztest.g.e] 
================================================================================
= Creating tests for 'uk.gov.gchq.palisade.util.UriBuilder.create:(Ljava/net/URI;)Luk/gov/gchq/palisade/util/UriBuilder$IScheme;' using 'SiM (!sp, fnm, df)'
================================================================================
13:04:02.945 [DEBUG]  [Creating]    [analyzer-service:TimedExecutor-127][com.diffblue.fuzztest.g.ap] Parsed existing test class at /home/jbergqvist/diffblue/Palisade-common/src/test/java/uk/gov/gchq/palisade/util/UriBuilderDiffblueTest.java: found 0 annotations
13:04:02.945 [DEBUG]  [Creating]    [analyzer-service:TimedExecutor-127][com.diffblue.fuzztest.g.e] 
================================================================================
= Trying DI configuration MockitoDependencyInjection
 @Mock [java.util.Optional<java.net.URI>]
 @InjectMocks [uk.gov.gchq.palisade.util.UriBuilder]
 for uk.gov.gchq.palisade.util.UriBuilder.create:(Ljava/net/URI;)Luk/gov/gchq/palisade/util/UriBuilder$IScheme;
================================================================================
13:04:03.464 [DEBUG]  [Creating]    [analyzer-service:TimedExecutor-127][com.diffblue.fuzztest.b.f] Refinement loop done: 2 seeds, 1+0 new+accumulated tests, 1+0 tests+partial tests, 320/1000 its
13:04:03.561 [DEBUG]  [Creating]    [analyzer-service:TimedExecutor-127][com.diffblue.fuzztest.g.e] DI configuration 'com.diffblue.cover.f.d.h' generated no complete tests, trying another
13:04:03.561 [DEBUG]  [Creating]    [analyzer-service:TimedExecutor-127][com.diffblue.fuzztest.g.e] Incompleteness reason 'com.diffblue.cover.message.limitation.NoMeaningfulAssertionMessage' (cause: 'none')
13:04:03.561 [DEBUG]  [Creating]    [analyzer-service:TimedExecutor-127][com.diffblue.fuzztest.g.e] 
================================================================================
= Trying DI configuration EmptyDependencyInjectionTirConfiguration for uk.gov.gchq.palisade.util.UriBuilder.create:(Ljava/net/URI;)Luk/gov/gchq/palisade/util/UriBuilder$IScheme;
================================================================================
13:04:03.831 [DEBUG]  [Creating]    [analyzer-service:TimedExecutor-127][com.diffblue.fuzztest.b.f] Refinement loop done: 2 seeds, 1+0 new+accumulated tests, 1+0 tests+partial tests, 320/1000 its
13:04:03.914 [DEBUG]  [Creating]    [analyzer-service:TimedExecutor-127][com.diffblue.fuzztest.g.e] DI configuration 'com.diffblue.tir.p' generated no complete tests, trying another
13:04:03.915 [DEBUG]  [Creating]    [analyzer-service:TimedExecutor-127][com.diffblue.fuzztest.g.e] Incompleteness reason 'com.diffblue.cover.message.limitation.NoMeaningfulAssertionMessage' (cause: 'none')
13:04:03.915 [DEBUG]  [Creating]    [analyzer-service:TimedExecutor-127][com.diffblue.fuzztest.g.e] Enabling descriptive test naming
13:04:03.917 [DEBUG]  [Creating]    [analyzer-service:TimedExecutor-128][com.diffblue.fuzztest.g.e] 
================================================================================
= Creating tests for 'uk.gov.gchq.palisade.util.UriBuilder.create:(Ljava/net/URI;)Luk/gov/gchq/palisade/util/UriBuilder$IScheme;' using 'SiM (!sp, !fnm, df)'
================================================================================
13:04:03.923 [DEBUG]  [Creating]    [analyzer-service:TimedExecutor-128][com.diffblue.fuzztest.g.ap] Parsed existing test class at /home/jbergqvist/diffblue/Palisade-common/src/test/java/uk/gov/gchq/palisade/util/UriBuilderDiffblueTest.java: found 0 annotations
13:04:03.923 [DEBUG]  [Creating]    [analyzer-service:TimedExecutor-128][com.diffblue.fuzztest.g.e] 
================================================================================
= Trying DI configuration MockitoDependencyInjection
 @Mock [java.util.Optional<java.net.URI>]
 @InjectMocks [uk.gov.gchq.palisade.util.UriBuilder]
 for uk.gov.gchq.palisade.util.UriBuilder.create:(Ljava/net/URI;)Luk/gov/gchq/palisade/util/UriBuilder$IScheme;
================================================================================
13:04:04.349 [DEBUG]  [Creating]    [analyzer-service:TimedExecutor-128][com.diffblue.fuzztest.b.f] Refinement loop done: 2 seeds, 1+0 new+accumulated tests, 1+0 tests+partial tests, 320/1000 its
13:04:04.427 [DEBUG]  [Creating]    [analyzer-service:TimedExecutor-128][com.diffblue.fuzztest.g.e] DI configuration 'com.diffblue.cover.f.d.h' generated no complete tests, trying another
13:04:04.427 [DEBUG]  [Creating]    [analyzer-service:TimedExecutor-128][com.diffblue.fuzztest.g.e] Incompleteness reason 'com.diffblue.cover.message.limitation.NoMeaningfulAssertionMessage' (cause: 'none')
13:04:04.427 [DEBUG]  [Creating]    [analyzer-service:TimedExecutor-128][com.diffblue.fuzztest.g.e] 
================================================================================
= Trying DI configuration EmptyDependencyInjectionTirConfiguration for uk.gov.gchq.palisade.util.UriBuilder.create:(Ljava/net/URI;)Luk/gov/gchq/palisade/util/UriBuilder$IScheme;
================================================================================
13:04:04.615 [DEBUG]  [Creating]    [analyzer-service:TimedExecutor-128][com.diffblue.fuzztest.b.f] Refinement loop done: 2 seeds, 1+0 new+accumulated tests, 1+0 tests+partial tests, 320/1000 its
13:04:04.671 [DEBUG]  [Creating]    [analyzer-service:TimedExecutor-128][com.diffblue.fuzztest.g.e] DI configuration 'com.diffblue.tir.p' generated no complete tests, trying another
13:04:04.671 [DEBUG]  [Creating]    [analyzer-service:TimedExecutor-128][com.diffblue.fuzztest.g.e] Incompleteness reason 'com.diffblue.cover.message.limitation.NoMeaningfulAssertionMessage' (cause: 'none')
13:04:04.671 [DEBUG]  [Creating]    [analyzer-service:TimedExecutor-128][com.diffblue.fuzztest.g.e] Enabling descriptive test naming
13:04:04.672 [DEBUG]  [Creating]    [analyzer-service:grpc-default-executor-0][com.diffblue.fuzztest.g.o] All 2 subs either threw or created only partial tests; returning the 1 partial tests created by 'SiM (!sp, fnm, df)'
13:04:04.673 [DEBUG]  [Creating]    [analyzer-service:grpc-default-executor-0][com.diffblue.fuzztest.e.c] Created 1 partial tests via 'SiM (!sp, fnm, df)' , here is the last one:
13:04:04.691 [DEBUG]  [Creating]    [analyzer-service:grpc-default-executor-0][com.diffblue.combiner.d.j] Using Javaparser to combine tests
13:04:04.737 [DEBUG]  [Creating]    [analyzer-service:grpc-default-executor-0][com.diffblue.fuzztest.e.c] == begin partial test ==
13:04:04.737 [DEBUG]  [Creating]    [analyzer-service:grpc-default-executor-0][com.diffblue.fuzztest.e.c] Test:
package uk.gov.gchq.palisade.util;

import com.diffblue.cover.annotations.ManagedByDiffblue;
import com.diffblue.cover.annotations.MethodsUnderTest;
import java.net.URI;
import java.nio.file.Paths;
import java.util.Optional;
import org.junit.jupiter.api.DisplayName;
import org.junit.jupiter.api.Tag;
import org.junit.jupiter.api.Test;
import org.junit.jupiter.api.extension.ExtendWith;
import org.mockito.InjectMocks;
import org.mockito.Mock;
import org.mockito.junit.jupiter.MockitoExtension;

@ExtendWith(MockitoExtension.class)
class UriBuilderDiffblueTest {
  @Mock private Optional<URI> optional;

  @InjectMocks private UriBuilder uriBuilder;

  /**
   * Test {@link UriBuilder#create(URI)} with {@code URI}.
   *
   * <p>Method under test: {@link UriBuilder#create(URI)}
   */
  @Test
  @DisplayName("Test create(URI) with 'URI'")
  @Tag("ContributionFromDiffblue")
  @ManagedByDiffblue
  @MethodsUnderTest({"UriBuilder.IScheme UriBuilder.create(URI)"})
  void testCreateWithUri() {
    // TODO: Diffblue Cover was only able to create a partial test for this method:
    //   Diffblue AI was unable to find a test

    // Arrange, Act and Assert
    UriBuilder.create(Paths.get(System.getProperty("java.io.tmpdir"), "test.txt").toUri())
        .withScheme("Scheme");
  }
}

13:04:04.737 [DEBUG]  [Creating]    [analyzer-service:grpc-default-executor-0][com.diffblue.fuzztest.e.c] == end partial test ==
13:04:04.743 [DEBUG]  [Creating]    [analyzer-service:grpc-default-executor-0][com.diffblue.cover.service.analyzer.a.c] Watchdog reset
13:04:04.747 [DEBUG]  [Creating]    [pool-3-thread-1]   [com.diffblue.cover.m.a.b] in processAnalysisResult for uk.gov.gchq.palisade.util.UriBuilder.create:(Ljava/net/URI;)Luk/gov/gchq/palisade/util/UriBuilder$IScheme;
13:04:04.747 [DEBUG]  [Creating]    [pool-3-thread-1]   [com.diffblue.cover.r.d] Finished with MethodGroup: create, countOfTests: 0, countOfMethodsTested: 0 TestGenerationAccount: a[countOfRemoved=0, countOfUnchanged=0, countOfUpdated=0, countOfNew=47]
13:04:04.748 [INFO]   [Creating]    [pool-3-thread-1]   [com.diffblue.cover.ui.b.b]     [118/131] uk.gov.gchq.palisade.util.UriBuilder.create
13:04:04.748 [INFO]   [Creating]    [pool-3-thread-1]   [com.diffblue.cover.ui.b.b]     [118/131]   Diffblue AI was unable to find a test
13:04:04.748 [DEBUG]  [Creating]    [pool-3-thread-1]   [com.diffblue.cover.ui.b.b]     [118/131]   R004: No meaningful assertions found
13:04:04.748 [DEBUG]  [Creating]    [pool-3-thread-1]   [com.diffblue.cover.ui.b.b]     [118/131]   (at least 1 line uncovered in this method)
13:04:04.748 [DEBUG]  [Creating]    [pool-3-thread-1]   [com.diffblue.cover.ui.b.b]     [118/131]     Diffblue Cover was unable to create an assertion.
13:04:04.748 [DEBUG]  [Creating]    [pool-3-thread-1]   [com.diffblue.cover.ui.b.b]     [118/131]     Fields modified by create() might not
13:04:04.748 [DEBUG]  [Creating]    [pool-3-thread-1]   [com.diffblue.cover.ui.b.b]     [118/131]     have package-private, protected, or public getters.
13:04:04.750 [DEBUG]  [Creating]    [pool-3-thread-1]   [com.diffblue.cover.r.d] Finished with MethodGroup: create, countOfTests: 0, countOfMethodsTested: 0 TestGenerationAccount: a[countOfRemoved=0, countOfUnchanged=0, countOfUpdated=0, countOfNew=47]
13:04:04.750 [INFO]   [Creating]    [pool-3-thread-1]   [com.diffblue.cover.ui.b.b]     [119/131] uk.gov.gchq.palisade.util.UriBuilder.create
13:04:04.750 [INFO]   [Creating]    [pool-3-thread-1]   [com.diffblue.cover.ui.b.b]     [119/131]   Diffblue AI was unable to find a test
13:04:04.750 [DEBUG]  [Creating]    [pool-3-thread-1]   [com.diffblue.cover.ui.b.b]     [119/131]   R004: No meaningful assertions found
13:04:04.750 [DEBUG]  [Creating]    [pool-3-thread-1]   [com.diffblue.cover.ui.b.b]     [119/131]   (at least 3 lines uncovered in this method)
13:04:04.750 [DEBUG]  [Creating]    [pool-3-thread-1]   [com.diffblue.cover.ui.b.b]     [119/131]     Diffblue Cover was unable to create an assertion.
13:04:04.750 [DEBUG]  [Creating]    [pool-3-thread-1]   [com.diffblue.cover.ui.b.b]     [119/131]     Fields modified by create(URI) might not
13:04:04.750 [DEBUG]  [Creating]    [pool-3-thread-1]   [com.diffblue.cover.ui.b.b]     [119/131]     have package-private, protected, or public getters.
13:04:04.752 [INFO]   [Creating]    [pool-3-thread-1]   [com.diffblue.cover.ui.b.b] [16/25] uk.gov.gchq.palisade.util.UriBuilder
13:04:04.752 [INFO]   [Creating]    [pool-3-thread-1]   [com.diffblue.cover.ui.b.b] [16/25]   Tests created: 2
13:04:04.752 [DEBUG]  [Creating]    [pool-3-thread-1]   [com.diffblue.cover.ui.b.b] [16/25]   (at least 4 lines uncovered in this class)
13:04:04.753 [INFO]   [Creating]    [pool-3-thread-1]   [com.diffblue.cover.m.a.b] 
================================================================================
= Starting analysis for class 'uk.gov.gchq.palisade.util.UriBuilder$AuthorityBuilder'
================================================================================
13:04:04.753 [INFO]   [Creating]    [pool-3-thread-1]   [com.diffblue.cover.m.a.b] Filtering out non-testable methods...
13:04:04.757 [INFO]   [Creating]    [pool-3-thread-1]   [com.diffblue.cover.m.a.b] Filtering of methods complete. Creating analysis request
13:04:04.757 [INFO]   [Creating]    [pool-3-thread-1]   [com.diffblue.cover.service.c] Attempting to get service client, retry 1.
13:04:04.783 [DEBUG]  [Creating]    [analyzer-service:grpc-default-executor-0][com.diffblue.fuzztest.e.a] Class information:
13:04:04.783 [DEBUG]  [Creating]    [analyzer-service:grpc-default-executor-0][com.diffblue.fuzztest.e.a]   Fields: private java.util.Optional uk.gov.gchq.palisade.util.UriBuilder$AuthorityBuilder.baseUri
13:04:04.783 [DEBUG]  [Creating]    [analyzer-service:grpc-default-executor-0][com.diffblue.fuzztest.e.a]   Constructors: public uk.gov.gchq.palisade.util.UriBuilder$AuthorityBuilder()
13:04:04.783 [DEBUG]  [Creating]    [analyzer-service:grpc-default-executor-0][com.diffblue.fuzztest.e.a]   Methods: private uk.gov.gchq.palisade.util.UriBuilder$AuthorityBuilder$IUserInfo uk.gov.gchq.palisade.util.UriBuilder$AuthorityBuilder.build(), public static uk.gov.gchq.palisade.util.UriBuilder$AuthorityBuilder$IUserInfo uk.gov.gchq.palisade.util.UriBuilder$AuthorityBuilder.create(), public static uk.gov.gchq.palisade.util.UriBuilder$AuthorityBuilder$IUserInfo uk.gov.gchq.palisade.util.UriBuilder$AuthorityBuilder.create(java.net.URI), public java.util.Optional uk.gov.gchq.palisade.util.UriBuilder$AuthorityBuilder.getBaseUri(), private java.util.Optional uk.gov.gchq.palisade.util.UriBuilder$AuthorityBuilder.lambda$build$0(), private static java.lang.String uk.gov.gchq.palisade.util.UriBuilder$AuthorityBuilder.lambda$build$1(java.lang.String), private java.util.Optional uk.gov.gchq.palisade.util.UriBuilder$AuthorityBuilder.lambda$build$2(), private java.util.Optional uk.gov.gchq.palisade.util.UriBuilder$AuthorityBuilder.lambda$build$3(), private static java.lang.String uk.gov.gchq.palisade.util.UriBuilder$AuthorityBuilder.lambda$build$4(java.lang.Integer,java.lang.Integer), private java.lang.String uk.gov.gchq.palisade.util.UriBuilder$AuthorityBuilder.lambda$build$5(java.lang.String,java.lang.String,java.lang.Integer), private uk.gov.gchq.palisade.util.UriBuilder$AuthorityBuilder$IPort uk.gov.gchq.palisade.util.UriBuilder$AuthorityBuilder.lambda$build$6(java.lang.String,java.lang.String), private uk.gov.gchq.palisade.util.UriBuilder$AuthorityBuilder$IHost uk.gov.gchq.palisade.util.UriBuilder$AuthorityBuilder.lambda$build$7(java.lang.String)
13:04:04.803 [DEBUG]  [Creating]    [analyzer-service:TimedExecutor-135][com.diffblue.fuzztest.g.e] 
================================================================================
= Creating tests for 'uk.gov.gchq.palisade.util.UriBuilder$AuthorityBuilder.getBaseUri:()Ljava/util/Optional;' using 'TrM (!sp, !fnm, df)'
================================================================================
13:04:04.803 [DEBUG]  [Creating]    [analyzer-service:TimedExecutor-135][com.diffblue.fuzztest.g.e] 
================================================================================
= Trying DI configuration EmptyDependencyInjectionTirConfiguration for uk.gov.gchq.palisade.util.UriBuilder$AuthorityBuilder.getBaseUri:()Ljava/util/Optional;
================================================================================
13:04:04.864 [DEBUG]  [Creating]    [analyzer-service:TimedExecutor-135][com.diffblue.fuzztest.g.e] DI configuration 'com.diffblue.tir.p' generated tests: 1
13:04:04.864 [DEBUG]  [Creating]    [analyzer-service:TimedExecutor-135][com.diffblue.fuzztest.g.e] Enabling descriptive test naming
13:04:04.866 [DEBUG]  [Creating]    [analyzer-service:grpc-default-executor-0][com.diffblue.fuzztest.e.c] Created 1+0 tests and partial tests via 'TrM (!sp, !fnm, df)' , returning all 1
13:04:04.892 [DEBUG]  [Creating]    [pool-3-thread-1]   [com.diffblue.cover.m.a.b] in processAnalysisResult for uk.gov.gchq.palisade.util.UriBuilder$AuthorityBuilder.getBaseUri:()Ljava/util/Optional;
13:04:04.892 [DEBUG]  [Creating]    [pool-3-thread-1]   [com.diffblue.combiner.d.j] Using Javaparser to combine tests
13:04:04.963 [DEBUG]  [Creating]    [pool-6-thread-48]  [com.diffblue.cover.l.a.c] EdgeCoverageRuntime contains 6 edges
13:04:04.963 [DEBUG]  [Creating]    [pool-3-thread-1]   [com.diffblue.combiner.a.c] Adding changeSet to account as new: Optional[uk.gov.gchq.palisade.util.UriBuilder$AuthorityBuilder.getBaseUri:()Ljava/util/Optional;]
13:04:04.979 [DEBUG]  [Creating]    [analyzer-service:TimedExecutor-136][com.diffblue.fuzztest.g.e] 
================================================================================
= Creating tests for 'uk.gov.gchq.palisade.util.UriBuilder$AuthorityBuilder.<init>:()V' using 'SiM (!sp, fnm, df)'
================================================================================
13:04:04.988 [DEBUG]  [Creating]    [analyzer-service:TimedExecutor-136][com.diffblue.fuzztest.g.ap] Parsed existing test class at /home/jbergqvist/diffblue/Palisade-common/src/test/java/uk/gov/gchq/palisade/util/UriBuilderDiffblueTest.java: found 0 annotations
13:04:04.989 [DEBUG]  [Creating]    [analyzer-service:TimedExecutor-136][com.diffblue.fuzztest.g.e] 
================================================================================
= Trying DI configuration MockitoDependencyInjection
 @Mock [java.util.Optional<java.net.URI>]
 @InjectMocks [uk.gov.gchq.palisade.util.UriBuilder$AuthorityBuilder]
 for uk.gov.gchq.palisade.util.UriBuilder$AuthorityBuilder.<init>:()V
================================================================================
13:04:05.008 [DEBUG]  [Creating]    [analyzer-service:TimedExecutor-136][com.diffblue.fuzztest.b.f] Refinement loop done: 1 seeds, 1+0 new+accumulated tests, 1+0 tests+partial tests, 1/1000 its
13:04:05.054 [DEBUG]  [Creating]    [analyzer-service:TimedExecutor-136][com.diffblue.fuzztest.g.e] DI configuration 'com.diffblue.cover.f.d.h' generated tests: 1
13:04:05.054 [DEBUG]  [Creating]    [analyzer-service:TimedExecutor-136][com.diffblue.fuzztest.g.e] 
================================================================================
= Trying DI configuration EmptyDependencyInjectionTirConfiguration for uk.gov.gchq.palisade.util.UriBuilder$AuthorityBuilder.<init>:()V
================================================================================
13:04:05.073 [DEBUG]  [Creating]    [analyzer-service:TimedExecutor-136][com.diffblue.fuzztest.b.f] Refinement loop done: 1 seeds, 1+0 new+accumulated tests, 1+0 tests+partial tests, 1/1000 its
13:04:05.118 [DEBUG]  [Creating]    [analyzer-service:TimedExecutor-136][com.diffblue.fuzztest.g.e] Enabling descriptive test naming
13:04:05.121 [DEBUG]  [Creating]    [analyzer-service:grpc-default-executor-0][com.diffblue.fuzztest.e.c] Created 1+0 tests and partial tests via 'SiM (!sp, fnm, df)' SiM fallback 1/2, returning all 1
13:04:05.140 [DEBUG]  [Creating]    [pool-3-thread-1]   [com.diffblue.cover.m.a.b] in processAnalysisResult for uk.gov.gchq.palisade.util.UriBuilder$AuthorityBuilder.<init>:()V
13:04:05.140 [DEBUG]  [Creating]    [pool-3-thread-1]   [com.diffblue.cover.r.d] Finished with MethodGroup: getBaseUri, countOfTests: 1, countOfMethodsTested: 1 TestGenerationAccount: a[countOfRemoved=0, countOfUnchanged=0, countOfUpdated=0, countOfNew=48]
13:04:05.140 [INFO]   [Creating]    [pool-3-thread-1]   [com.diffblue.cover.ui.b.b]     [120/131] uk.gov.gchq.palisade.util.UriBuilder$AuthorityBuilder.getBaseUri
13:04:05.140 [INFO]   [Creating]    [pool-3-thread-1]   [com.diffblue.cover.ui.b.b]     [120/131]   Tests created: 1
13:04:05.140 [DEBUG]  [Creating]    [pool-3-thread-1]   [com.diffblue.combiner.d.j] Using Javaparser to combine tests
13:04:05.195 [DEBUG]  [Creating]    [pool-6-thread-49]  [com.diffblue.cover.l.a.c] EdgeCoverageRuntime contains 6 edges
13:04:05.195 [DEBUG]  [Creating]    [pool-3-thread-1]   [com.diffblue.combiner.a.c] Adding changeSet to account as new: Optional[uk.gov.gchq.palisade.util.UriBuilder$AuthorityBuilder.<init>:()V]
13:04:05.210 [DEBUG]  [Creating]    [analyzer-service:TimedExecutor-137][com.diffblue.fuzztest.g.e] 
================================================================================
= Creating tests for 'uk.gov.gchq.palisade.util.UriBuilder$AuthorityBuilder.create:()Luk/gov/gchq/palisade/util/UriBuilder$AuthorityBuilder$IUserInfo;' using 'SiM (!sp, fnm, df)'
================================================================================
13:04:05.217 [DEBUG]  [Creating]    [analyzer-service:TimedExecutor-137][com.diffblue.fuzztest.g.ap] Parsed existing test class at /home/jbergqvist/diffblue/Palisade-common/src/test/java/uk/gov/gchq/palisade/util/UriBuilderDiffblueTest.java: found 0 annotations
13:04:05.218 [DEBUG]  [Creating]    [analyzer-service:TimedExecutor-137][com.diffblue.fuzztest.g.e] 
================================================================================
= Trying DI configuration MockitoDependencyInjection
 @Mock [java.util.Optional<java.net.URI>]
 @InjectMocks [uk.gov.gchq.palisade.util.UriBuilder$AuthorityBuilder]
 for uk.gov.gchq.palisade.util.UriBuilder$AuthorityBuilder.create:()Luk/gov/gchq/palisade/util/UriBuilder$AuthorityBuilder$IUserInfo;
================================================================================
13:04:05.273 [DEBUG]  [Creating]    [analyzer-service:TimedExecutor-137][com.diffblue.fuzztest.b.f] Refinement loop done: 2 seeds, 1+0 new+accumulated tests, 1+0 tests+partial tests, 17/1000 its
13:04:05.337 [DEBUG]  [Creating]    [analyzer-service:TimedExecutor-137][com.diffblue.fuzztest.g.e] DI configuration 'com.diffblue.cover.f.d.h' generated no complete tests, trying another
13:04:05.338 [DEBUG]  [Creating]    [analyzer-service:TimedExecutor-137][com.diffblue.fuzztest.g.e] Incompleteness reason 'com.diffblue.cover.message.limitation.NoMeaningfulAssertionMessage' (cause: 'none')
13:04:05.338 [DEBUG]  [Creating]    [analyzer-service:TimedExecutor-137][com.diffblue.fuzztest.g.e] 
================================================================================
= Trying DI configuration EmptyDependencyInjectionTirConfiguration for uk.gov.gchq.palisade.util.UriBuilder$AuthorityBuilder.create:()Luk/gov/gchq/palisade/util/UriBuilder$AuthorityBuilder$IUserInfo;
================================================================================
13:04:05.362 [DEBUG]  [Creating]    [analyzer-service:TimedExecutor-137][com.diffblue.fuzztest.b.f] Refinement loop done: 2 seeds, 1+0 new+accumulated tests, 1+0 tests+partial tests, 17/1000 its
13:04:05.415 [DEBUG]  [Creating]    [analyzer-service:TimedExecutor-137][com.diffblue.fuzztest.g.e] DI configuration 'com.diffblue.tir.p' generated no complete tests, trying another
13:04:05.415 [DEBUG]  [Creating]    [analyzer-service:TimedExecutor-137][com.diffblue.fuzztest.g.e] Incompleteness reason 'com.diffblue.cover.message.limitation.NoMeaningfulAssertionMessage' (cause: 'none')
13:04:05.416 [DEBUG]  [Creating]    [analyzer-service:TimedExecutor-137][com.diffblue.fuzztest.g.e] Enabling descriptive test naming
13:04:05.417 [DEBUG]  [Creating]    [analyzer-service:TimedExecutor-138][com.diffblue.fuzztest.g.e] 
================================================================================
= Creating tests for 'uk.gov.gchq.palisade.util.UriBuilder$AuthorityBuilder.create:()Luk/gov/gchq/palisade/util/UriBuilder$AuthorityBuilder$IUserInfo;' using 'SiM (!sp, !fnm, df)'
================================================================================
13:04:05.425 [DEBUG]  [Creating]    [analyzer-service:TimedExecutor-138][com.diffblue.fuzztest.g.ap] Parsed existing test class at /home/jbergqvist/diffblue/Palisade-common/src/test/java/uk/gov/gchq/palisade/util/UriBuilderDiffblueTest.java: found 0 annotations
13:04:05.425 [DEBUG]  [Creating]    [analyzer-service:TimedExecutor-138][com.diffblue.fuzztest.g.e] 
================================================================================
= Trying DI configuration MockitoDependencyInjection
 @Mock [java.util.Optional<java.net.URI>]
 @InjectMocks [uk.gov.gchq.palisade.util.UriBuilder$AuthorityBuilder]
 for uk.gov.gchq.palisade.util.UriBuilder$AuthorityBuilder.create:()Luk/gov/gchq/palisade/util/UriBuilder$AuthorityBuilder$IUserInfo;
================================================================================
13:04:05.461 [DEBUG]  [Creating]    [analyzer-service:TimedExecutor-138][com.diffblue.fuzztest.b.f] Refinement loop done: 2 seeds, 1+0 new+accumulated tests, 1+0 tests+partial tests, 17/1000 its
13:04:05.520 [DEBUG]  [Creating]    [analyzer-service:TimedExecutor-138][com.diffblue.fuzztest.g.e] DI configuration 'com.diffblue.cover.f.d.h' generated no complete tests, trying another
13:04:05.520 [DEBUG]  [Creating]    [analyzer-service:TimedExecutor-138][com.diffblue.fuzztest.g.e] Incompleteness reason 'com.diffblue.cover.message.limitation.NoMeaningfulAssertionMessage' (cause: 'none')
13:04:05.520 [DEBUG]  [Creating]    [analyzer-service:TimedExecutor-138][com.diffblue.fuzztest.g.e] 
================================================================================
= Trying DI configuration EmptyDependencyInjectionTirConfiguration for uk.gov.gchq.palisade.util.UriBuilder$AuthorityBuilder.create:()Luk/gov/gchq/palisade/util/UriBuilder$AuthorityBuilder$IUserInfo;
================================================================================
13:04:05.541 [DEBUG]  [Creating]    [analyzer-service:TimedExecutor-138][com.diffblue.fuzztest.b.f] Refinement loop done: 2 seeds, 1+0 new+accumulated tests, 1+0 tests+partial tests, 17/1000 its
13:04:05.590 [DEBUG]  [Creating]    [analyzer-service:TimedExecutor-138][com.diffblue.fuzztest.g.e] DI configuration 'com.diffblue.tir.p' generated no complete tests, trying another
13:04:05.590 [DEBUG]  [Creating]    [analyzer-service:TimedExecutor-138][com.diffblue.fuzztest.g.e] Incompleteness reason 'com.diffblue.cover.message.limitation.NoMeaningfulAssertionMessage' (cause: 'none')
13:04:05.590 [DEBUG]  [Creating]    [analyzer-service:TimedExecutor-138][com.diffblue.fuzztest.g.e] Enabling descriptive test naming
13:04:05.591 [DEBUG]  [Creating]    [analyzer-service:grpc-default-executor-0][com.diffblue.fuzztest.g.o] All 2 subs either threw or created only partial tests; returning the 1 partial tests created by 'SiM (!sp, fnm, df)'
13:04:05.591 [DEBUG]  [Creating]    [analyzer-service:grpc-default-executor-0][com.diffblue.fuzztest.e.c] Created 1 partial tests via 'SiM (!sp, fnm, df)' , here is the last one:
13:04:05.601 [DEBUG]  [Creating]    [analyzer-service:grpc-default-executor-0][com.diffblue.combiner.d.j] Using Javaparser to combine tests
13:04:05.631 [DEBUG]  [Creating]    [analyzer-service:grpc-default-executor-0][com.diffblue.fuzztest.e.c] == begin partial test ==
13:04:05.631 [DEBUG]  [Creating]    [analyzer-service:grpc-default-executor-0][com.diffblue.fuzztest.e.c] Test:
package uk.gov.gchq.palisade.util;

import com.diffblue.cover.annotations.ManagedByDiffblue;
import com.diffblue.cover.annotations.MethodsUnderTest;
import java.net.URI;
import java.util.Optional;
import org.junit.jupiter.api.DisplayName;
import org.junit.jupiter.api.Tag;
import org.junit.jupiter.api.Test;
import org.junit.jupiter.api.extension.ExtendWith;
import org.mockito.InjectMocks;
import org.mockito.Mock;
import org.mockito.junit.jupiter.MockitoExtension;
import uk.gov.gchq.palisade.util.UriBuilder.AuthorityBuilder;

@ExtendWith(MockitoExtension.class)
class UriBuilderDiffblueTest {
  @InjectMocks private AuthorityBuilder authorityBuilder;

  @Mock private Optional<URI> optional;

  /**
   * Test AuthorityBuilder {@link AuthorityBuilder#create()}.
   *
   * <p>Method under test: {@link AuthorityBuilder#create()}
   */
  @Test
  @DisplayName("Test AuthorityBuilder create()")
  @Tag("ContributionFromDiffblue")
  @ManagedByDiffblue
  @MethodsUnderTest({"AuthorityBuilder.IUserInfo AuthorityBuilder.create()"})
  void testAuthorityBuilderCreate() {
    // TODO: Diffblue Cover was only able to create a partial test for this method:
    //   Diffblue AI was unable to find a test

    // Arrange, Act and Assert
    AuthorityBuilder.create().withUserInfo("User Info");
  }
}

13:04:05.631 [DEBUG]  [Creating]    [analyzer-service:grpc-default-executor-0][com.diffblue.fuzztest.e.c] == end partial test ==
13:04:05.640 [DEBUG]  [Creating]    [pool-3-thread-1]   [com.diffblue.cover.m.a.b] in processAnalysisResult for uk.gov.gchq.palisade.util.UriBuilder$AuthorityBuilder.create:()Luk/gov/gchq/palisade/util/UriBuilder$AuthorityBuilder$IUserInfo;
13:04:05.640 [DEBUG]  [Creating]    [pool-3-thread-1]   [com.diffblue.cover.r.d] Finished with MethodGroup: <init>, countOfTests: 1, countOfMethodsTested: 1 TestGenerationAccount: a[countOfRemoved=0, countOfUnchanged=0, countOfUpdated=0, countOfNew=49]
13:04:05.641 [INFO]   [Creating]    [pool-3-thread-1]   [com.diffblue.cover.ui.b.b]     [121/131] uk.gov.gchq.palisade.util.UriBuilder$AuthorityBuilder.<init>
13:04:05.641 [INFO]   [Creating]    [pool-3-thread-1]   [com.diffblue.cover.ui.b.b]     [121/131]   Tests created: 1
13:04:05.643 [DEBUG]  [Creating]    [analyzer-service:TimedExecutor-139][com.diffblue.fuzztest.g.e] 
================================================================================
= Creating tests for 'uk.gov.gchq.palisade.util.UriBuilder$AuthorityBuilder.create:(Ljava/net/URI;)Luk/gov/gchq/palisade/util/UriBuilder$AuthorityBuilder$IUserInfo;' using 'SiM (!sp, fnm, df)'
================================================================================
13:04:05.650 [DEBUG]  [Creating]    [analyzer-service:TimedExecutor-139][com.diffblue.fuzztest.g.ap] Parsed existing test class at /home/jbergqvist/diffblue/Palisade-common/src/test/java/uk/gov/gchq/palisade/util/UriBuilderDiffblueTest.java: found 0 annotations
13:04:05.650 [DEBUG]  [Creating]    [analyzer-service:TimedExecutor-139][com.diffblue.fuzztest.g.e] 
================================================================================
= Trying DI configuration MockitoDependencyInjection
 @Mock [java.util.Optional<java.net.URI>]
 @InjectMocks [uk.gov.gchq.palisade.util.UriBuilder$AuthorityBuilder]
 for uk.gov.gchq.palisade.util.UriBuilder$AuthorityBuilder.create:(Ljava/net/URI;)Luk/gov/gchq/palisade/util/UriBuilder$AuthorityBuilder$IUserInfo;
================================================================================
13:04:05.969 [DEBUG]  [Creating]    [analyzer-service:TimedExecutor-139][com.diffblue.fuzztest.b.f] Refinement loop done: 2 seeds, 1+0 new+accumulated tests, 1+0 tests+partial tests, 320/1000 its
13:04:06.034 [DEBUG]  [Creating]    [analyzer-service:TimedExecutor-139][com.diffblue.fuzztest.g.e] DI configuration 'com.diffblue.cover.f.d.h' generated no complete tests, trying another
13:04:06.034 [DEBUG]  [Creating]    [analyzer-service:TimedExecutor-139][com.diffblue.fuzztest.g.e] Incompleteness reason 'com.diffblue.cover.message.limitation.NoMeaningfulAssertionMessage' (cause: 'none')
13:04:06.034 [DEBUG]  [Creating]    [analyzer-service:TimedExecutor-139][com.diffblue.fuzztest.g.e] 
================================================================================
= Trying DI configuration EmptyDependencyInjectionTirConfiguration for uk.gov.gchq.palisade.util.UriBuilder$AuthorityBuilder.create:(Ljava/net/URI;)Luk/gov/gchq/palisade/util/UriBuilder$AuthorityBuilder$IUserInfo;
================================================================================
13:04:06.196 [DEBUG]  [Creating]    [analyzer-service:TimedExecutor-139][com.diffblue.fuzztest.b.f] Refinement loop done: 2 seeds, 1+0 new+accumulated tests, 1+0 tests+partial tests, 320/1000 its
13:04:06.255 [DEBUG]  [Creating]    [analyzer-service:TimedExecutor-139][com.diffblue.fuzztest.g.e] DI configuration 'com.diffblue.tir.p' generated no complete tests, trying another
13:04:06.255 [DEBUG]  [Creating]    [analyzer-service:TimedExecutor-139][com.diffblue.fuzztest.g.e] Incompleteness reason 'com.diffblue.cover.message.limitation.NoMeaningfulAssertionMessage' (cause: 'none')
13:04:06.255 [DEBUG]  [Creating]    [analyzer-service:TimedExecutor-139][com.diffblue.fuzztest.g.e] Enabling descriptive test naming
13:04:06.257 [DEBUG]  [Creating]    [analyzer-service:TimedExecutor-140][com.diffblue.fuzztest.g.e] 
================================================================================
= Creating tests for 'uk.gov.gchq.palisade.util.UriBuilder$AuthorityBuilder.create:(Ljava/net/URI;)Luk/gov/gchq/palisade/util/UriBuilder$AuthorityBuilder$IUserInfo;' using 'SiM (!sp, !fnm, df)'
================================================================================
13:04:06.264 [DEBUG]  [Creating]    [analyzer-service:TimedExecutor-140][com.diffblue.fuzztest.g.ap] Parsed existing test class at /home/jbergqvist/diffblue/Palisade-common/src/test/java/uk/gov/gchq/palisade/util/UriBuilderDiffblueTest.java: found 0 annotations
13:04:06.265 [DEBUG]  [Creating]    [analyzer-service:TimedExecutor-140][com.diffblue.fuzztest.g.e] 
================================================================================
= Trying DI configuration MockitoDependencyInjection
 @Mock [java.util.Optional<java.net.URI>]
 @InjectMocks [uk.gov.gchq.palisade.util.UriBuilder$AuthorityBuilder]
 for uk.gov.gchq.palisade.util.UriBuilder$AuthorityBuilder.create:(Ljava/net/URI;)Luk/gov/gchq/palisade/util/UriBuilder$AuthorityBuilder$IUserInfo;
================================================================================
13:04:06.567 [DEBUG]  [Creating]    [analyzer-service:TimedExecutor-140][com.diffblue.fuzztest.b.f] Refinement loop done: 2 seeds, 1+0 new+accumulated tests, 1+0 tests+partial tests, 320/1000 its
13:04:06.637 [DEBUG]  [Creating]    [analyzer-service:TimedExecutor-140][com.diffblue.fuzztest.g.e] DI configuration 'com.diffblue.cover.f.d.h' generated no complete tests, trying another
13:04:06.637 [DEBUG]  [Creating]    [analyzer-service:TimedExecutor-140][com.diffblue.fuzztest.g.e] Incompleteness reason 'com.diffblue.cover.message.limitation.NoMeaningfulAssertionMessage' (cause: 'none')
13:04:06.637 [DEBUG]  [Creating]    [analyzer-service:TimedExecutor-140][com.diffblue.fuzztest.g.e] 
================================================================================
= Trying DI configuration EmptyDependencyInjectionTirConfiguration for uk.gov.gchq.palisade.util.UriBuilder$AuthorityBuilder.create:(Ljava/net/URI;)Luk/gov/gchq/palisade/util/UriBuilder$AuthorityBuilder$IUserInfo;
================================================================================
13:04:06.805 [DEBUG]  [Creating]    [analyzer-service:TimedExecutor-140][com.diffblue.fuzztest.b.f] Refinement loop done: 2 seeds, 1+0 new+accumulated tests, 1+0 tests+partial tests, 320/1000 its
13:04:06.857 [DEBUG]  [Creating]    [analyzer-service:TimedExecutor-140][com.diffblue.fuzztest.g.e] DI configuration 'com.diffblue.tir.p' generated no complete tests, trying another
13:04:06.857 [DEBUG]  [Creating]    [analyzer-service:TimedExecutor-140][com.diffblue.fuzztest.g.e] Incompleteness reason 'com.diffblue.cover.message.limitation.NoMeaningfulAssertionMessage' (cause: 'none')
13:04:06.857 [DEBUG]  [Creating]    [analyzer-service:TimedExecutor-140][com.diffblue.fuzztest.g.e] Enabling descriptive test naming
13:04:06.876 [DEBUG]  [Creating]    [analyzer-service:grpc-default-executor-0][com.diffblue.fuzztest.g.o] All 2 subs either threw or created only partial tests; returning the 1 partial tests created by 'SiM (!sp, fnm, df)'
13:04:06.876 [DEBUG]  [Creating]    [analyzer-service:grpc-default-executor-0][com.diffblue.fuzztest.e.c] Created 1 partial tests via 'SiM (!sp, fnm, df)' , here is the last one:
13:04:06.889 [DEBUG]  [Creating]    [analyzer-service:grpc-default-executor-0][com.diffblue.combiner.d.j] Using Javaparser to combine tests
13:04:06.912 [DEBUG]  [Creating]    [analyzer-service:grpc-default-executor-0][com.diffblue.fuzztest.e.c] == begin partial test ==
13:04:06.912 [DEBUG]  [Creating]    [analyzer-service:grpc-default-executor-0][com.diffblue.fuzztest.e.c] Test:
package uk.gov.gchq.palisade.util;

import com.diffblue.cover.annotations.ManagedByDiffblue;
import com.diffblue.cover.annotations.MethodsUnderTest;
import java.net.URI;
import java.nio.file.Paths;
import java.util.Optional;
import org.junit.jupiter.api.DisplayName;
import org.junit.jupiter.api.Tag;
import org.junit.jupiter.api.Test;
import org.junit.jupiter.api.extension.ExtendWith;
import org.mockito.InjectMocks;
import org.mockito.Mock;
import org.mockito.junit.jupiter.MockitoExtension;
import uk.gov.gchq.palisade.util.UriBuilder.AuthorityBuilder;

@ExtendWith(MockitoExtension.class)
class UriBuilderDiffblueTest {
  @InjectMocks private AuthorityBuilder authorityBuilder;

  @Mock private Optional<URI> optional;

  /**
   * Test AuthorityBuilder {@link AuthorityBuilder#create(URI)} with {@code URI}.
   *
   * <p>Method under test: {@link AuthorityBuilder#create(URI)}
   */
  @Test
  @DisplayName("Test AuthorityBuilder create(URI) with 'URI'")
  @Tag("ContributionFromDiffblue")
  @ManagedByDiffblue
  @MethodsUnderTest({"AuthorityBuilder.IUserInfo AuthorityBuilder.create(URI)"})
  void testAuthorityBuilderCreateWithUri() {
    // TODO: Diffblue Cover was only able to create a partial test for this method:
    //   Diffblue AI was unable to find a test

    // Arrange, Act and Assert
    AuthorityBuilder.create(Paths.get(System.getProperty("java.io.tmpdir"), "test.txt").toUri())
        .withUserInfo("User Info");
  }
}

13:04:06.912 [DEBUG]  [Creating]    [analyzer-service:grpc-default-executor-0][com.diffblue.fuzztest.e.c] == end partial test ==
13:04:06.920 [DEBUG]  [Creating]    [pool-3-thread-1]   [com.diffblue.cover.m.a.b] in processAnalysisResult for uk.gov.gchq.palisade.util.UriBuilder$AuthorityBuilder.create:(Ljava/net/URI;)Luk/gov/gchq/palisade/util/UriBuilder$AuthorityBuilder$IUserInfo;
13:04:06.920 [DEBUG]  [Creating]    [pool-3-thread-1]   [com.diffblue.cover.r.d] Finished with MethodGroup: create, countOfTests: 0, countOfMethodsTested: 0 TestGenerationAccount: a[countOfRemoved=0, countOfUnchanged=0, countOfUpdated=0, countOfNew=49]
13:04:06.921 [INFO]   [Creating]    [pool-3-thread-1]   [com.diffblue.cover.ui.b.b]     [122/131] uk.gov.gchq.palisade.util.UriBuilder$AuthorityBuilder.create
13:04:06.921 [INFO]   [Creating]    [pool-3-thread-1]   [com.diffblue.cover.ui.b.b]     [122/131]   Diffblue AI was unable to find a test
13:04:06.921 [DEBUG]  [Creating]    [pool-3-thread-1]   [com.diffblue.cover.ui.b.b]     [122/131]   R004: No meaningful assertions found
13:04:06.921 [DEBUG]  [Creating]    [pool-3-thread-1]   [com.diffblue.cover.ui.b.b]     [122/131]   (at least 1 line uncovered in this method)
13:04:06.921 [DEBUG]  [Creating]    [pool-3-thread-1]   [com.diffblue.cover.ui.b.b]     [122/131]     Diffblue Cover was unable to create an assertion.
13:04:06.921 [DEBUG]  [Creating]    [pool-3-thread-1]   [com.diffblue.cover.ui.b.b]     [122/131]     Fields modified by create() might not
13:04:06.921 [DEBUG]  [Creating]    [pool-3-thread-1]   [com.diffblue.cover.ui.b.b]     [122/131]     have package-private, protected, or public getters.
13:04:06.922 [DEBUG]  [Creating]    [pool-3-thread-1]   [com.diffblue.cover.r.d] Finished with MethodGroup: create, countOfTests: 0, countOfMethodsTested: 0 TestGenerationAccount: a[countOfRemoved=0, countOfUnchanged=0, countOfUpdated=0, countOfNew=49]
13:04:06.923 [INFO]   [Creating]    [pool-3-thread-1]   [com.diffblue.cover.ui.b.b]     [123/131] uk.gov.gchq.palisade.util.UriBuilder$AuthorityBuilder.create
13:04:06.923 [INFO]   [Creating]    [pool-3-thread-1]   [com.diffblue.cover.ui.b.b]     [123/131]   Diffblue AI was unable to find a test
13:04:06.923 [DEBUG]  [Creating]    [pool-3-thread-1]   [com.diffblue.cover.ui.b.b]     [123/131]   R004: No meaningful assertions found
13:04:06.923 [DEBUG]  [Creating]    [pool-3-thread-1]   [com.diffblue.cover.ui.b.b]     [123/131]   (at least 3 lines uncovered in this method)
13:04:06.923 [DEBUG]  [Creating]    [pool-3-thread-1]   [com.diffblue.cover.ui.b.b]     [123/131]     Diffblue Cover was unable to create an assertion.
13:04:06.923 [DEBUG]  [Creating]    [pool-3-thread-1]   [com.diffblue.cover.ui.b.b]     [123/131]     Fields modified by create(URI) might not
13:04:06.923 [DEBUG]  [Creating]    [pool-3-thread-1]   [com.diffblue.cover.ui.b.b]     [123/131]     have package-private, protected, or public getters.
13:04:06.924 [INFO]   [Creating]    [pool-3-thread-1]   [com.diffblue.cover.ui.b.b] [17/25] uk.gov.gchq.palisade.util.UriBuilder$AuthorityBuilder
13:04:06.924 [INFO]   [Creating]    [pool-3-thread-1]   [com.diffblue.cover.ui.b.b] [17/25]   Tests created: 2
13:04:06.924 [DEBUG]  [Creating]    [pool-3-thread-1]   [com.diffblue.cover.ui.b.b] [17/25]   (at least 4 lines uncovered in this class)
13:04:06.925 [INFO]   [Creating]    [pool-3-thread-1]   [com.diffblue.cover.m.a.b] 
================================================================================
= Starting analysis for class 'uk.gov.gchq.palisade.util.UriBuilder$AuthorityBuilder$IHost'
================================================================================
13:04:06.925 [INFO]   [Creating]    [pool-3-thread-1]   [com.diffblue.cover.m.a.b] Filtering out non-testable methods...
13:04:06.926 [INFO]   [Creating]    [pool-3-thread-1]   [com.diffblue.cover.ui.b.b]     [124/131] uk.gov.gchq.palisade.util.UriBuilder$AuthorityBuilder$IHost.withoutHost
13:04:06.927 [INFO]   [Creating]    [pool-3-thread-1]   [com.diffblue.cover.ui.b.b]     [124/131]   T009: No implementation for abstract class
13:04:06.927 [DEBUG]  [Creating]    [pool-3-thread-1]   [com.diffblue.cover.ui.b.b]     [124/131]   (at least 1 line uncovered in this method)
13:04:06.927 [INFO]   [Creating]    [pool-3-thread-1]   [com.diffblue.cover.ui.b.b]     [124/131]     The method is a non-abstract instance method in an abstract class or
13:04:06.927 [INFO]   [Creating]    [pool-3-thread-1]   [com.diffblue.cover.ui.b.b]     [124/131]     a default method in an interface. Diffblue Cover would test such methods
13:04:06.927 [INFO]   [Creating]    [pool-3-thread-1]   [com.diffblue.cover.ui.b.b]     [124/131]     by using an implementation of that abstract class or interface. However,
13:04:06.927 [INFO]   [Creating]    [pool-3-thread-1]   [com.diffblue.cover.ui.b.b]     [124/131]     no such implementation has been found.
13:04:06.927 [INFO]   [Creating]    [pool-3-thread-1]   [com.diffblue.cover.ui.b.b]     [124/131]     Please provide an implementation for the abstract class or interface.
13:04:06.927 [INFO]   [Creating]    [pool-3-thread-1]   [com.diffblue.cover.ui.b.b]     [124/131]     See https://diff.blue/T009 to resolve this issue.
13:04:06.927 [INFO]   [Creating]    [pool-3-thread-1]   [com.diffblue.cover.ui.b.b] [18/25] uk.gov.gchq.palisade.util.UriBuilder$AuthorityBuilder$IHost
13:04:06.927 [INFO]   [Creating]    [pool-3-thread-1]   [com.diffblue.cover.ui.b.b] [18/25]   Tests created: 0
13:04:06.927 [DEBUG]  [Creating]    [pool-3-thread-1]   [com.diffblue.cover.ui.b.b] [18/25]   (at least 1 line uncovered in this class)
13:04:06.927 [INFO]   [Creating]    [pool-3-thread-1]   [com.diffblue.cover.m.a.b] No testable methods
13:04:06.927 [INFO]   [Creating]    [pool-3-thread-1]   [com.diffblue.cover.m.a.b] 
================================================================================
= Starting analysis for class 'uk.gov.gchq.palisade.util.UriBuilder$AuthorityBuilder$IPort'
================================================================================
13:04:06.927 [INFO]   [Creating]    [pool-3-thread-1]   [com.diffblue.cover.m.a.b] Filtering out non-testable methods...
13:04:06.928 [INFO]   [Creating]    [pool-3-thread-1]   [com.diffblue.cover.ui.b.b]     [125/131] uk.gov.gchq.palisade.util.UriBuilder$AuthorityBuilder$IPort.withoutPort
13:04:06.928 [INFO]   [Creating]    [pool-3-thread-1]   [com.diffblue.cover.ui.b.b]     [125/131]   T009: No implementation for abstract class
13:04:06.928 [DEBUG]  [Creating]    [pool-3-thread-1]   [com.diffblue.cover.ui.b.b]     [125/131]   (at least 1 line uncovered in this method)
13:04:06.928 [INFO]   [Creating]    [pool-3-thread-1]   [com.diffblue.cover.ui.b.b]     [125/131]     The method is a non-abstract instance method in an abstract class or
13:04:06.928 [INFO]   [Creating]    [pool-3-thread-1]   [com.diffblue.cover.ui.b.b]     [125/131]     a default method in an interface. Diffblue Cover would test such methods
13:04:06.928 [INFO]   [Creating]    [pool-3-thread-1]   [com.diffblue.cover.ui.b.b]     [125/131]     by using an implementation of that abstract class or interface. However,
13:04:06.928 [INFO]   [Creating]    [pool-3-thread-1]   [com.diffblue.cover.ui.b.b]     [125/131]     no such implementation has been found.
13:04:06.928 [INFO]   [Creating]    [pool-3-thread-1]   [com.diffblue.cover.ui.b.b]     [125/131]     Please provide an implementation for the abstract class or interface.
13:04:06.928 [INFO]   [Creating]    [pool-3-thread-1]   [com.diffblue.cover.ui.b.b]     [125/131]     See https://diff.blue/T009 to resolve this issue.
13:04:06.929 [INFO]   [Creating]    [pool-3-thread-1]   [com.diffblue.cover.ui.b.b] [19/25] uk.gov.gchq.palisade.util.UriBuilder$AuthorityBuilder$IPort
13:04:06.929 [INFO]   [Creating]    [pool-3-thread-1]   [com.diffblue.cover.ui.b.b] [19/25]   Tests created: 0
13:04:06.929 [DEBUG]  [Creating]    [pool-3-thread-1]   [com.diffblue.cover.ui.b.b] [19/25]   (at least 1 line uncovered in this class)
13:04:06.929 [INFO]   [Creating]    [pool-3-thread-1]   [com.diffblue.cover.m.a.b] No testable methods
13:04:06.929 [INFO]   [Creating]    [pool-3-thread-1]   [com.diffblue.cover.m.a.b] 
================================================================================
= Starting analysis for class 'uk.gov.gchq.palisade.util.UriBuilder$AuthorityBuilder$IUserInfo'
================================================================================
13:04:06.929 [INFO]   [Creating]    [pool-3-thread-1]   [com.diffblue.cover.m.a.b] Filtering out non-testable methods...
13:04:06.931 [INFO]   [Creating]    [pool-3-thread-1]   [com.diffblue.cover.ui.b.b]     [126/131] uk.gov.gchq.palisade.util.UriBuilder$AuthorityBuilder$IUserInfo.withoutUserInfo
13:04:06.931 [INFO]   [Creating]    [pool-3-thread-1]   [com.diffblue.cover.ui.b.b]     [126/131]   T009: No implementation for abstract class
13:04:06.931 [DEBUG]  [Creating]    [pool-3-thread-1]   [com.diffblue.cover.ui.b.b]     [126/131]   (at least 1 line uncovered in this method)
13:04:06.931 [INFO]   [Creating]    [pool-3-thread-1]   [com.diffblue.cover.ui.b.b]     [126/131]     The method is a non-abstract instance method in an abstract class or
13:04:06.931 [INFO]   [Creating]    [pool-3-thread-1]   [com.diffblue.cover.ui.b.b]     [126/131]     a default method in an interface. Diffblue Cover would test such methods
13:04:06.931 [INFO]   [Creating]    [pool-3-thread-1]   [com.diffblue.cover.ui.b.b]     [126/131]     by using an implementation of that abstract class or interface. However,
13:04:06.931 [INFO]   [Creating]    [pool-3-thread-1]   [com.diffblue.cover.ui.b.b]     [126/131]     no such implementation has been found.
13:04:06.931 [INFO]   [Creating]    [pool-3-thread-1]   [com.diffblue.cover.ui.b.b]     [126/131]     Please provide an implementation for the abstract class or interface.
13:04:06.931 [INFO]   [Creating]    [pool-3-thread-1]   [com.diffblue.cover.ui.b.b]     [126/131]     See https://diff.blue/T009 to resolve this issue.
13:04:06.931 [INFO]   [Creating]    [pool-3-thread-1]   [com.diffblue.cover.ui.b.b] [20/25] uk.gov.gchq.palisade.util.UriBuilder$AuthorityBuilder$IUserInfo
13:04:06.931 [INFO]   [Creating]    [pool-3-thread-1]   [com.diffblue.cover.ui.b.b] [20/25]   Tests created: 0
13:04:06.931 [DEBUG]  [Creating]    [pool-3-thread-1]   [com.diffblue.cover.ui.b.b] [20/25]   (at least 1 line uncovered in this class)
13:04:06.931 [INFO]   [Creating]    [pool-3-thread-1]   [com.diffblue.cover.m.a.b] No testable methods
13:04:06.931 [INFO]   [Creating]    [pool-3-thread-1]   [com.diffblue.cover.m.a.b] 
================================================================================
= Starting analysis for class 'uk.gov.gchq.palisade.util.UriBuilder$IAuthority'
================================================================================
13:04:06.931 [INFO]   [Creating]    [pool-3-thread-1]   [com.diffblue.cover.m.a.b] Filtering out non-testable methods...
13:04:06.932 [INFO]   [Creating]    [pool-3-thread-1]   [com.diffblue.cover.ui.b.b]     [127/131] uk.gov.gchq.palisade.util.UriBuilder$IAuthority.withoutAuthority
13:04:06.932 [INFO]   [Creating]    [pool-3-thread-1]   [com.diffblue.cover.ui.b.b]     [127/131]   T009: No implementation for abstract class
13:04:06.932 [DEBUG]  [Creating]    [pool-3-thread-1]   [com.diffblue.cover.ui.b.b]     [127/131]   (at least 1 line uncovered in this method)
13:04:06.932 [INFO]   [Creating]    [pool-3-thread-1]   [com.diffblue.cover.ui.b.b]     [127/131]     The method is a non-abstract instance method in an abstract class or
13:04:06.932 [INFO]   [Creating]    [pool-3-thread-1]   [com.diffblue.cover.ui.b.b]     [127/131]     a default method in an interface. Diffblue Cover would test such methods
13:04:06.932 [INFO]   [Creating]    [pool-3-thread-1]   [com.diffblue.cover.ui.b.b]     [127/131]     by using an implementation of that abstract class or interface. However,
13:04:06.932 [INFO]   [Creating]    [pool-3-thread-1]   [com.diffblue.cover.ui.b.b]     [127/131]     no such implementation has been found.
13:04:06.932 [INFO]   [Creating]    [pool-3-thread-1]   [com.diffblue.cover.ui.b.b]     [127/131]     Please provide an implementation for the abstract class or interface.
13:04:06.932 [INFO]   [Creating]    [pool-3-thread-1]   [com.diffblue.cover.ui.b.b]     [127/131]     See https://diff.blue/T009 to resolve this issue.
13:04:06.933 [INFO]   [Creating]    [pool-3-thread-1]   [com.diffblue.cover.ui.b.b] [21/25] uk.gov.gchq.palisade.util.UriBuilder$IAuthority
13:04:06.933 [INFO]   [Creating]    [pool-3-thread-1]   [com.diffblue.cover.ui.b.b] [21/25]   Tests created: 0
13:04:06.933 [DEBUG]  [Creating]    [pool-3-thread-1]   [com.diffblue.cover.ui.b.b] [21/25]   (at least 1 line uncovered in this class)
13:04:06.933 [INFO]   [Creating]    [pool-3-thread-1]   [com.diffblue.cover.m.a.b] No testable methods
13:04:06.933 [INFO]   [Creating]    [pool-3-thread-1]   [com.diffblue.cover.m.a.b] 
================================================================================
= Starting analysis for class 'uk.gov.gchq.palisade.util.UriBuilder$IFragment'
================================================================================
13:04:06.933 [INFO]   [Creating]    [pool-3-thread-1]   [com.diffblue.cover.m.a.b] Filtering out non-testable methods...
13:04:06.934 [INFO]   [Creating]    [pool-3-thread-1]   [com.diffblue.cover.ui.b.b]     [128/131] uk.gov.gchq.palisade.util.UriBuilder$IFragment.withoutFragment
13:04:06.934 [INFO]   [Creating]    [pool-3-thread-1]   [com.diffblue.cover.ui.b.b]     [128/131]   T009: No implementation for abstract class
13:04:06.934 [DEBUG]  [Creating]    [pool-3-thread-1]   [com.diffblue.cover.ui.b.b]     [128/131]   (at least 1 line uncovered in this method)
13:04:06.934 [INFO]   [Creating]    [pool-3-thread-1]   [com.diffblue.cover.ui.b.b]     [128/131]     The method is a non-abstract instance method in an abstract class or
13:04:06.934 [INFO]   [Creating]    [pool-3-thread-1]   [com.diffblue.cover.ui.b.b]     [128/131]     a default method in an interface. Diffblue Cover would test such methods
13:04:06.934 [INFO]   [Creating]    [pool-3-thread-1]   [com.diffblue.cover.ui.b.b]     [128/131]     by using an implementation of that abstract class or interface. However,
13:04:06.934 [INFO]   [Creating]    [pool-3-thread-1]   [com.diffblue.cover.ui.b.b]     [128/131]     no such implementation has been found.
13:04:06.934 [INFO]   [Creating]    [pool-3-thread-1]   [com.diffblue.cover.ui.b.b]     [128/131]     Please provide an implementation for the abstract class or interface.
13:04:06.934 [INFO]   [Creating]    [pool-3-thread-1]   [com.diffblue.cover.ui.b.b]     [128/131]     See https://diff.blue/T009 to resolve this issue.
13:04:06.934 [INFO]   [Creating]    [pool-3-thread-1]   [com.diffblue.cover.ui.b.b] [22/25] uk.gov.gchq.palisade.util.UriBuilder$IFragment
13:04:06.934 [INFO]   [Creating]    [pool-3-thread-1]   [com.diffblue.cover.ui.b.b] [22/25]   Tests created: 0
13:04:06.934 [DEBUG]  [Creating]    [pool-3-thread-1]   [com.diffblue.cover.ui.b.b] [22/25]   (at least 1 line uncovered in this class)
13:04:06.934 [INFO]   [Creating]    [pool-3-thread-1]   [com.diffblue.cover.m.a.b] No testable methods
13:04:06.934 [INFO]   [Creating]    [pool-3-thread-1]   [com.diffblue.cover.m.a.b] 
================================================================================
= Starting analysis for class 'uk.gov.gchq.palisade.util.UriBuilder$IPath'
================================================================================
13:04:06.934 [INFO]   [Creating]    [pool-3-thread-1]   [com.diffblue.cover.m.a.b] Filtering out non-testable methods...
13:04:06.935 [INFO]   [Creating]    [pool-3-thread-1]   [com.diffblue.cover.ui.b.b]     [129/131] uk.gov.gchq.palisade.util.UriBuilder$IPath.withoutPath
13:04:06.935 [INFO]   [Creating]    [pool-3-thread-1]   [com.diffblue.cover.ui.b.b]     [129/131]   T009: No implementation for abstract class
13:04:06.935 [DEBUG]  [Creating]    [pool-3-thread-1]   [com.diffblue.cover.ui.b.b]     [129/131]   (at least 1 line uncovered in this method)
13:04:06.935 [INFO]   [Creating]    [pool-3-thread-1]   [com.diffblue.cover.ui.b.b]     [129/131]     The method is a non-abstract instance method in an abstract class or
13:04:06.935 [INFO]   [Creating]    [pool-3-thread-1]   [com.diffblue.cover.ui.b.b]     [129/131]     a default method in an interface. Diffblue Cover would test such methods
13:04:06.935 [INFO]   [Creating]    [pool-3-thread-1]   [com.diffblue.cover.ui.b.b]     [129/131]     by using an implementation of that abstract class or interface. However,
13:04:06.935 [INFO]   [Creating]    [pool-3-thread-1]   [com.diffblue.cover.ui.b.b]     [129/131]     no such implementation has been found.
13:04:06.935 [INFO]   [Creating]    [pool-3-thread-1]   [com.diffblue.cover.ui.b.b]     [129/131]     Please provide an implementation for the abstract class or interface.
13:04:06.935 [INFO]   [Creating]    [pool-3-thread-1]   [com.diffblue.cover.ui.b.b]     [129/131]     See https://diff.blue/T009 to resolve this issue.
13:04:06.935 [INFO]   [Creating]    [pool-3-thread-1]   [com.diffblue.cover.ui.b.b] [23/25] uk.gov.gchq.palisade.util.UriBuilder$IPath
13:04:06.935 [INFO]   [Creating]    [pool-3-thread-1]   [com.diffblue.cover.ui.b.b] [23/25]   Tests created: 0
13:04:06.935 [DEBUG]  [Creating]    [pool-3-thread-1]   [com.diffblue.cover.ui.b.b] [23/25]   (at least 1 line uncovered in this class)
13:04:06.935 [INFO]   [Creating]    [pool-3-thread-1]   [com.diffblue.cover.m.a.b] No testable methods
13:04:06.935 [INFO]   [Creating]    [pool-3-thread-1]   [com.diffblue.cover.m.a.b] 
================================================================================
= Starting analysis for class 'uk.gov.gchq.palisade.util.UriBuilder$IQuery'
================================================================================
13:04:06.935 [INFO]   [Creating]    [pool-3-thread-1]   [com.diffblue.cover.m.a.b] Filtering out non-testable methods...
13:04:06.937 [INFO]   [Creating]    [pool-3-thread-1]   [com.diffblue.cover.ui.b.b]     [130/131] uk.gov.gchq.palisade.util.UriBuilder$IQuery.withoutQuery
13:04:06.937 [INFO]   [Creating]    [pool-3-thread-1]   [com.diffblue.cover.ui.b.b]     [130/131]   T009: No implementation for abstract class
13:04:06.937 [DEBUG]  [Creating]    [pool-3-thread-1]   [com.diffblue.cover.ui.b.b]     [130/131]   (at least 1 line uncovered in this method)
13:04:06.937 [INFO]   [Creating]    [pool-3-thread-1]   [com.diffblue.cover.ui.b.b]     [130/131]     The method is a non-abstract instance method in an abstract class or
13:04:06.937 [INFO]   [Creating]    [pool-3-thread-1]   [com.diffblue.cover.ui.b.b]     [130/131]     a default method in an interface. Diffblue Cover would test such methods
13:04:06.937 [INFO]   [Creating]    [pool-3-thread-1]   [com.diffblue.cover.ui.b.b]     [130/131]     by using an implementation of that abstract class or interface. However,
13:04:06.937 [INFO]   [Creating]    [pool-3-thread-1]   [com.diffblue.cover.ui.b.b]     [130/131]     no such implementation has been found.
13:04:06.937 [INFO]   [Creating]    [pool-3-thread-1]   [com.diffblue.cover.ui.b.b]     [130/131]     Please provide an implementation for the abstract class or interface.
13:04:06.937 [INFO]   [Creating]    [pool-3-thread-1]   [com.diffblue.cover.ui.b.b]     [130/131]     See https://diff.blue/T009 to resolve this issue.
13:04:06.937 [INFO]   [Creating]    [pool-3-thread-1]   [com.diffblue.cover.ui.b.b] [24/25] uk.gov.gchq.palisade.util.UriBuilder$IQuery
13:04:06.937 [INFO]   [Creating]    [pool-3-thread-1]   [com.diffblue.cover.ui.b.b] [24/25]   Tests created: 0
13:04:06.937 [DEBUG]  [Creating]    [pool-3-thread-1]   [com.diffblue.cover.ui.b.b] [24/25]   (at least 1 line uncovered in this class)
13:04:06.937 [INFO]   [Creating]    [pool-3-thread-1]   [com.diffblue.cover.m.a.b] No testable methods
13:04:06.937 [INFO]   [Creating]    [pool-3-thread-1]   [com.diffblue.cover.m.a.b] 
================================================================================
= Starting analysis for class 'uk.gov.gchq.palisade.util.UriBuilder$IScheme'
================================================================================
13:04:06.937 [INFO]   [Creating]    [pool-3-thread-1]   [com.diffblue.cover.m.a.b] Filtering out non-testable methods...
13:04:06.938 [INFO]   [Creating]    [pool-3-thread-1]   [com.diffblue.cover.ui.b.b]     [131/131] uk.gov.gchq.palisade.util.UriBuilder$IScheme.withoutScheme
13:04:06.938 [INFO]   [Creating]    [pool-3-thread-1]   [com.diffblue.cover.ui.b.b]     [131/131]   T009: No implementation for abstract class
13:04:06.938 [DEBUG]  [Creating]    [pool-3-thread-1]   [com.diffblue.cover.ui.b.b]     [131/131]   (at least 1 line uncovered in this method)
13:04:06.938 [INFO]   [Creating]    [pool-3-thread-1]   [com.diffblue.cover.ui.b.b]     [131/131]     The method is a non-abstract instance method in an abstract class or
13:04:06.938 [INFO]   [Creating]    [pool-3-thread-1]   [com.diffblue.cover.ui.b.b]     [131/131]     a default method in an interface. Diffblue Cover would test such methods
13:04:06.938 [INFO]   [Creating]    [pool-3-thread-1]   [com.diffblue.cover.ui.b.b]     [131/131]     by using an implementation of that abstract class or interface. However,
13:04:06.938 [INFO]   [Creating]    [pool-3-thread-1]   [com.diffblue.cover.ui.b.b]     [131/131]     no such implementation has been found.
13:04:06.938 [INFO]   [Creating]    [pool-3-thread-1]   [com.diffblue.cover.ui.b.b]     [131/131]     Please provide an implementation for the abstract class or interface.
13:04:06.938 [INFO]   [Creating]    [pool-3-thread-1]   [com.diffblue.cover.ui.b.b]     [131/131]     See https://diff.blue/T009 to resolve this issue.
13:04:06.939 [INFO]   [Creating]    [pool-3-thread-1]   [com.diffblue.cover.ui.b.b] [25/25] uk.gov.gchq.palisade.util.UriBuilder$IScheme
13:04:06.939 [INFO]   [Creating]    [pool-3-thread-1]   [com.diffblue.cover.ui.b.b] [25/25]   Tests created: 0
13:04:06.939 [DEBUG]  [Creating]    [pool-3-thread-1]   [com.diffblue.cover.ui.b.b] [25/25]   (at least 1 line uncovered in this class)
13:04:06.939 [INFO]   [Creating]    [pool-3-thread-1]   [com.diffblue.cover.m.a.b] No testable methods
13:04:06.940 [DEBUG]  [Creating]    [pool-3-thread-1]   [com.diffblue.cover.r.d] Finished generation. TestGenerationAccount: a[countOfRemoved=0, countOfUnchanged=0, countOfUpdated=0, countOfNew=49]
13:04:06.946 [INFO]   [Reporting]   [pool-3-thread-1]   [com.diffblue.cover.ui.b.b] 
13:04:06.946 [INFO]   [Reporting]   [pool-3-thread-1]   [com.diffblue.cover.ui.b.b] Test creation summary for module: uk.gov.gchq.palisade:common
13:04:06.946 [INFO]   [Reporting]   [pool-3-thread-1]   [com.diffblue.cover.ui.b.b] -------------------------------------------------------------
13:04:06.946 [INFO]   [Reporting]   [pool-3-thread-1]   [com.diffblue.cover.ui.b.b] Total:                                             131 methods
13:04:06.946 [INFO]   [Reporting]   [pool-3-thread-1]   [com.diffblue.cover.ui.b.b] 49 tests created for:                               36 methods
13:04:06.946 [DEBUG]  [Reporting]   [pool-3-thread-1]   [com.diffblue.cover.ui.b.b] (at least 263 out of 356 lines uncovered)
13:04:06.946 [INFO]   [Reporting]   [pool-3-thread-1]   [com.diffblue.cover.ui.b.b] 
13:04:06.946 [INFO]   [Reporting]   [pool-3-thread-1]   [com.diffblue.cover.ui.b.b] Not unit-testable:                                  11 methods
13:04:06.946 [INFO]   [Reporting]   [pool-3-thread-1]   [com.diffblue.cover.ui.b.b]    11 T009: No implementation for abstract class
13:04:06.946 [DEBUG]  [Reporting]   [pool-3-thread-1]   [com.diffblue.cover.ui.b.b]     (affects 11 lines)
13:04:06.946 [INFO]   [Reporting]   [pool-3-thread-1]   [com.diffblue.cover.ui.b.b] No tests created for:                                8 methods
13:04:06.946 [DEBUG]  [Reporting]   [pool-3-thread-1]   [com.diffblue.cover.ui.b.b]     5 R004: Diffblue AI was unable to find a test
13:04:06.946 [DEBUG]  [Reporting]   [pool-3-thread-1]   [com.diffblue.cover.ui.b.b]     (affects 10 lines)
13:04:06.946 [DEBUG]  [Reporting]   [pool-3-thread-1]   [com.diffblue.cover.ui.b.b]     2 R015: Diffblue AI was unable to find a test
13:04:06.946 [DEBUG]  [Reporting]   [pool-3-thread-1]   [com.diffblue.cover.ui.b.b]     (affects 34 lines)
13:04:06.946 [INFO]   [Reporting]   [pool-3-thread-1]   [com.diffblue.cover.ui.b.b]     1 R005: Unable to load class
13:04:06.946 [DEBUG]  [Reporting]   [pool-3-thread-1]   [com.diffblue.cover.ui.b.b]     (affects 9 lines)
13:04:06.946 [INFO]   [Reporting]   [pool-3-thread-1]   [com.diffblue.cover.ui.b.b] Could not find the following classes - please check your classpath
13:04:06.946 [INFO]   [Reporting]   [pool-3-thread-1]   [com.diffblue.cover.ui.b.b] akka.actor.CoordinatedShutdown$ActorSystemTerminateReason
13:04:07.109 [INFO]   [Validating]  [main]              [com.diffblue.cover.ui.controller.r] 
13:04:07.109 [INFO]   [Validating]  [main]              [com.diffblue.cover.ui.controller.r] Running validation command.
13:04:07.109 [DEBUG]  [Validating]  [main]              [com.diffblue.cover.buildsystem.config.registry.Registry] checking if /home/jbergqvist/diffblue/Palisade-common/DiffblueBuild.yaml exists...
13:04:07.109 [DEBUG]  [Validating]  [main]              [com.diffblue.cover.buildsystem.config.registry.Registry] checking if /home/jbergqvist/diffblue/Palisade-common/DiffblueBuild.yml exists...
13:04:07.109 [INFO]   [Validating]  [main]              [com.diffblue.cover.buildsystem.config.registry.Registry] Using default build rules as no custom rules found in any of [/home/jbergqvist/diffblue/Palisade-common]
13:04:07.109 [DEBUG]  [Validating]  [main]              [com.diffblue.cover.buildsystem.config.registry.Registry] Build execution request for Info Phase
13:04:07.109 [INFO]   [Validating]  [main]              [com.diffblue.cover.buildsystem.config.a.a] Attempting to invoke mvnw in working directory: /home/jbergqvist/diffblue/Palisade-common
13:04:07.110 [INFO]   [Validating]  [main]              [com.diffblue.cover.buildsystem.config.a.a] Attempting to invoke /home/jbergqvist/.sdkman/candidates/maven/current/bin/mvn in working directory: /home/jbergqvist/diffblue/Palisade-common
13:04:07.110 [INFO]   [Validating]  [main]              [com.diffblue.cover.buildsystem.config.a.a] Started "/home/jbergqvist/.sdkman/candidates/maven/current/bin/mvn -Dmaven.ext.class.path=/opt/cover/cover-buildsystem-maven-spy-jar-with-dependencies.jar -Dcom.diffblue.cover.skipTests=true -DskipTestOptimizer --batch-mode --projects=uk.gov.gchq.palisade:common --global-settings=/home/jbergqvist/.sdkman/candidates/maven/current/conf/settings.xml org.apache.maven.plugins:maven-checkstyle-plugin:check -Dcheckstyle.failOnViolation=false validate --also-make"
13:04:07.899 [INFO]   [Validating]  [maven:out]         [com.diffblue.cover.buildsystem.config.a.a] out: [INFO] Scanning for projects...
13:04:08.008 [INFO]   [Validating]  [maven:out]         [com.diffblue.cover.buildsystem.config.a.a] out: [INFO] 
13:04:08.008 [INFO]   [Validating]  [maven:out]         [com.diffblue.cover.buildsystem.config.a.a] out: [INFO] --------------------< uk.gov.gchq.palisade:common >---------------------
13:04:08.008 [INFO]   [Validating]  [maven:out]         [com.diffblue.cover.buildsystem.config.a.a] out: [INFO] Building GCHQ Palisade Common Library 0.5.2-SNAPSHOT
13:04:08.008 [INFO]   [Validating]  [maven:out]         [com.diffblue.cover.buildsystem.config.a.a] out: [INFO]   from pom.xml
13:04:08.008 [INFO]   [Validating]  [maven:out]         [com.diffblue.cover.buildsystem.config.a.a] out: [INFO] --------------------------------[ jar ]---------------------------------
13:04:08.133 [INFO]   [Validating]  [maven:out]         [com.diffblue.cover.buildsystem.internal.f.f] deserializing line [DIFFBLUE]{"__type":"com.diffblue.cover.buildsystem.model.DefaultEventMessage","project":"uk.gov.gchq.palisade:common","goal":"check","cause":null,"state":"STARTED"}
13:04:08.137 [INFO]   [Validating]  [maven:out]         [com.diffblue.cover.buildsystem.config.a.a] out: [INFO] 
13:04:08.137 [INFO]   [Validating]  [maven:out]         [com.diffblue.cover.buildsystem.config.a.a] out: [INFO] --- checkstyle:3.1.0:check (default-cli) @ common ---
13:04:08.847 [INFO]   [Validating]  [maven:out]         [com.diffblue.cover.buildsystem.config.a.a] out: [INFO] Starting audit...
13:04:08.848 [INFO]   [Validating]  [maven:out]         [com.diffblue.cover.buildsystem.config.a.a] out: Audit done.
13:04:08.854 [INFO]   [Validating]  [maven:out]         [com.diffblue.cover.buildsystem.internal.f.f] deserializing line [DIFFBLUE]{"__type":"com.diffblue.cover.buildsystem.model.DefaultEventMessage","project":"uk.gov.gchq.palisade:common","goal":"check","cause":null,"state":"SUCCESS"}
13:04:08.878 [INFO]   [Validating]  [maven:out]         [com.diffblue.cover.buildsystem.internal.f.f] deserializing line [DIFFBLUE]{"__type":"com.diffblue.cover.buildsystem.model.DefaultProjectModuleMessage","project":{"__type":"DefaultProjectModule","junitReport":["/home/jbergqvist/diffblue/Palisade-common/target/surefire-reports"],"jacocoReport":["/home/jbergqvist/diffblue/Palisade-common/target/site/jacoco/jacoco.xml"],"jacocoDestFile":["${sonar.jacoco.reportPath}","/home/jbergqvist/diffblue/Palisade-common/target/jacoco.exec"],"jacocoFormats":["xml"],"jacocoSkipped":false,"classpath":["/home/jbergqvist/diffblue/Palisade-common/target/classes"],"complianceLevel":"11","productionSources":["/home/jbergqvist/diffblue/Palisade-common/src/main/java"],"testSources":["/home/jbergqvist/diffblue/Palisade-common/src/test/java"],"productionClasses":"/home/jbergqvist/diffblue/Palisade-common/target/classes","testClasses":"/home/jbergqvist/diffblue/Palisade-common/target/test-classes","sourceToBuildPathMap":null,"testSourceToBuildPathMap":null,"buildDirectory":"/home/jbergqvist/diffblue/Palisade-common/target","plugins":[{"__type":"DefaultPlugin","groupId":"org.apache.maven.plugins","artefactId":"maven-compiler-plugin","version":"3.8.0","pluginClassName":null},{"__type":"DefaultPlugin","groupId":"org.apache.maven.plugins","artefactId":"maven-javadoc-plugin","version":"3.1.0","pluginClassName":null},{"__type":"DefaultPlugin","groupId":"org.apache.maven.plugins","artefactId":"maven-dependency-plugin","version":"3.1.2","pluginClassName":null},{"__type":"DefaultPlugin","groupId":"org.codehaus.mojo","artefactId":"flatten-maven-plugin","version":"1.1.0","pluginClassName":null},{"__type":"DefaultPlugin","groupId":"org.codehaus.mojo","artefactId":"license-maven-plugin","version":"2.0.0","pluginClassName":null},{"__type":"DefaultPlugin","groupId":"org.jacoco","artefactId":"jacoco-maven-plugin","version":"0.8.5","pluginClassName":null},{"__type":"DefaultPlugin","groupId":"org.apache.maven.plugins","artefactId":"maven-checkstyle-plugin","version":"3.1.0","pluginClassName":null},{"__type":"DefaultPlugin","groupId":"org.apache.maven.plugins","artefactId":"maven-clean-plugin","version":"3.2.0","pluginClassName":null},{"__type":"DefaultPlugin","groupId":"org.apache.maven.plugins","artefactId":"maven-resources-plugin","version":"3.3.1","pluginClassName":null},{"__type":"DefaultPlugin","groupId":"org.apache.maven.plugins","artefactId":"maven-jar-plugin","version":"3.4.1","pluginClassName":null},{"__type":"DefaultPlugin","groupId":"org.apache.maven.plugins","artefactId":"maven-surefire-plugin","version":"3.2.5","pluginClassName":null},{"__type":"DefaultPlugin","groupId":"org.apache.maven.plugins","artefactId":"maven-install-plugin","version":"3.1.2","pluginClassName":null},{"__type":"DefaultPlugin","groupId":"org.apache.maven.plugins","artefactId":"maven-deploy-plugin","version":"3.1.2","pluginClassName":null},{"__type":"DefaultPlugin","groupId":"org.apache.maven.plugins","artefactId":"maven-site-plugin","version":"3.12.1","pluginClassName":null}],"version":"3.9.12","encoding":"UTF-8","name":"maven","subModules":[],"simpleModuleName":null,"parentModuleName":null,"location":"/home/jbergqvist/diffblue/Palisade-common","fullModuleName":"uk.gov.gchq.palisade:common"}}
13:04:08.881 [INFO]   [Validating]  [maven:out]         [com.diffblue.cover.buildsystem.config.a.a] out: [INFO] ------------------------------------------------------------------------
13:04:08.881 [INFO]   [Validating]  [maven:out]         [com.diffblue.cover.buildsystem.config.a.a] out: [INFO] BUILD SUCCESS
13:04:08.881 [INFO]   [Validating]  [maven:out]         [com.diffblue.cover.buildsystem.config.a.a] out: [INFO] ------------------------------------------------------------------------
13:04:08.881 [INFO]   [Validating]  [maven:out]         [com.diffblue.cover.buildsystem.config.a.a] out: [INFO] Total time:  0.994 s
13:04:08.881 [INFO]   [Validating]  [maven:out]         [com.diffblue.cover.buildsystem.config.a.a] out: [INFO] Finished at: 2026-01-12T13:04:08Z
13:04:08.881 [INFO]   [Validating]  [maven:out]         [com.diffblue.cover.buildsystem.config.a.a] out: [INFO] ------------------------------------------------------------------------
13:04:08.882 [INFO]   [Validating]  [maven:out]         [com.diffblue.cover.buildsystem.internal.f.f] deserializing line [DIFFBLUE]{"__type":"com.diffblue.cover.buildsystem.model.ProjectInfoMessage","projectName":"uk.gov.gchq.palisade:common","productionSources":["/home/jbergqvist/diffblue/Palisade-common/src/main/java"],"testSources":["/home/jbergqvist/diffblue/Palisade-common/src/test/java"],"location":"/home/jbergqvist/diffblue/Palisade-common"}
13:04:08.936 [INFO]   [Validating]  [main]              [com.diffblue.cover.buildsystem.internal.f.d] maven:err process not stopped, joining thread
13:04:08.937 [INFO]   [Validating]  [main]              [com.diffblue.cover.buildsystem.internal.f.d] maven:out process not stopped, joining thread
13:04:08.937 [DEBUG]  [Validating]  [main]              [com.diffblue.cover.buildsystem.config.a.a] Executor spent 1s on command "/home/jbergqvist/.sdkman/candidates/maven/current/bin/mvn -Dmaven.ext.class.path=/opt/cover/cover-buildsystem-maven-spy-jar-with-dependencies.jar -Dcom.diffblue.cover.skipTests=true -DskipTestOptimizer --batch-mode --projects=uk.gov.gchq.palisade:common --global-settings=/home/jbergqvist/.sdkman/candidates/maven/current/conf/settings.xml org.apache.maven.plugins:maven-checkstyle-plugin:check -Dcheckstyle.failOnViolation=false validate --also-make"
13:04:08.938 [INFO]   [Validating]  [main]              [com.diffblue.cover.ui.controller.r] This can take a couple of minutes.
13:04:08.938 [DEBUG]  [Validating]  [main]              [com.diffblue.cover.buildsystem.config.registry.Registry] checking if /home/jbergqvist/diffblue/Palisade-common/DiffblueBuild.yaml exists...
13:04:08.938 [DEBUG]  [Validating]  [main]              [com.diffblue.cover.buildsystem.config.registry.Registry] checking if /home/jbergqvist/diffblue/Palisade-common/DiffblueBuild.yml exists...
13:04:08.938 [INFO]   [Validating]  [main]              [com.diffblue.cover.buildsystem.config.registry.Registry] Using default build rules as no custom rules found in any of [/home/jbergqvist/diffblue/Palisade-common]
13:04:08.938 [DEBUG]  [Validating]  [main]              [com.diffblue.cover.buildsystem.config.registry.Registry] Build execution request for Validate Phase
13:04:08.938 [INFO]   [Validating]  [main]              [com.diffblue.cover.buildsystem.config.a.a] Attempting to invoke mvnw in working directory: /home/jbergqvist/diffblue/Palisade-common
13:04:08.939 [INFO]   [Validating]  [main]              [com.diffblue.cover.buildsystem.config.a.a] Attempting to invoke /home/jbergqvist/.sdkman/candidates/maven/current/bin/mvn in working directory: /home/jbergqvist/diffblue/Palisade-common
13:04:08.939 [INFO]   [Validating]  [main]              [com.diffblue.cover.buildsystem.config.a.a] Started "/home/jbergqvist/.sdkman/candidates/maven/current/bin/mvn -Dmaven.ext.class.path=/opt/cover/cover-buildsystem-maven-spy-jar-with-dependencies.jar -Dcom.diffblue.cover.skipTests=true -DskipTestOptimizer --batch-mode --projects=uk.gov.gchq.palisade:common --global-settings=/home/jbergqvist/.sdkman/candidates/maven/current/conf/settings.xml org.apache.maven.plugins:maven-checkstyle-plugin:check -Dcheckstyle.failOnViolation=false clean test"
13:04:09.722 [INFO]   [Validating]  [maven:out]         [com.diffblue.cover.buildsystem.config.a.a] out: [INFO] Scanning for projects...
13:04:09.817 [INFO]   [Validating]  [maven:out]         [com.diffblue.cover.buildsystem.config.a.a] out: [INFO] 
13:04:09.818 [INFO]   [Validating]  [maven:out]         [com.diffblue.cover.buildsystem.config.a.a] out: [INFO] --------------------< uk.gov.gchq.palisade:common >---------------------
13:04:09.818 [INFO]   [Validating]  [maven:out]         [com.diffblue.cover.buildsystem.config.a.a] out: [INFO] Building GCHQ Palisade Common Library 0.5.2-SNAPSHOT
13:04:09.818 [INFO]   [Validating]  [maven:out]         [com.diffblue.cover.buildsystem.config.a.a] out: [INFO]   from pom.xml
13:04:09.818 [INFO]   [Validating]  [maven:out]         [com.diffblue.cover.buildsystem.config.a.a] out: [INFO] --------------------------------[ jar ]---------------------------------
13:04:10.062 [INFO]   [Validating]  [maven:out]         [com.diffblue.cover.buildsystem.internal.f.f] deserializing line [DIFFBLUE]{"__type":"com.diffblue.cover.buildsystem.model.DefaultEventMessage","project":"uk.gov.gchq.palisade:common","goal":"check","cause":null,"state":"STARTED"}
13:04:10.063 [INFO]   [Validating]  [maven:out]         [com.diffblue.cover.buildsystem.config.a.a] out: [INFO] 
13:04:10.063 [INFO]   [Validating]  [maven:out]         [com.diffblue.cover.buildsystem.config.a.a] out: [INFO] --- checkstyle:3.1.0:check (default-cli) @ common ---
13:04:10.731 [INFO]   [Validating]  [maven:out]         [com.diffblue.cover.buildsystem.config.a.a] out: [INFO] Starting audit...
13:04:10.731 [INFO]   [Validating]  [maven:out]         [com.diffblue.cover.buildsystem.config.a.a] out: Audit done.
13:04:10.737 [INFO]   [Validating]  [maven:out]         [com.diffblue.cover.buildsystem.internal.f.f] deserializing line [DIFFBLUE]{"__type":"com.diffblue.cover.buildsystem.model.DefaultEventMessage","project":"uk.gov.gchq.palisade:common","goal":"check","cause":null,"state":"SUCCESS"}
13:04:10.739 [INFO]   [Validating]  [maven:out]         [com.diffblue.cover.buildsystem.internal.f.f] deserializing line [DIFFBLUE]{"__type":"com.diffblue.cover.buildsystem.model.DefaultEventMessage","project":"uk.gov.gchq.palisade:common","goal":"clean","cause":null,"state":"STARTED"}
13:04:10.740 [INFO]   [Validating]  [maven:out]         [com.diffblue.cover.buildsystem.config.a.a] out: [INFO] 
13:04:10.740 [INFO]   [Validating]  [maven:out]         [com.diffblue.cover.buildsystem.config.a.a] out: [INFO] --- clean:3.2.0:clean (default-clean) @ common ---
13:04:10.766 [INFO]   [Validating]  [maven:out]         [com.diffblue.cover.buildsystem.config.a.a] out: [INFO] Deleting /home/jbergqvist/diffblue/Palisade-common/target
13:04:10.777 [INFO]   [Validating]  [maven:out]         [com.diffblue.cover.buildsystem.internal.f.f] deserializing line [DIFFBLUE]{"__type":"com.diffblue.cover.buildsystem.model.DefaultEventMessage","project":"uk.gov.gchq.palisade:common","goal":"clean","cause":null,"state":"SUCCESS"}
13:04:10.778 [INFO]   [Validating]  [maven:out]         [com.diffblue.cover.buildsystem.internal.f.f] deserializing line [DIFFBLUE]{"__type":"com.diffblue.cover.buildsystem.model.DefaultEventMessage","project":"uk.gov.gchq.palisade:common","goal":"clean","cause":null,"state":"STARTED"}
13:04:10.779 [INFO]   [Validating]  [maven:out]         [com.diffblue.cover.buildsystem.config.a.a] out: [INFO] 
13:04:10.780 [INFO]   [Validating]  [maven:out]         [com.diffblue.cover.buildsystem.config.a.a] out: [INFO] --- flatten:1.1.0:clean (flatten.clean) @ common ---
13:04:10.859 [INFO]   [Validating]  [maven:out]         [com.diffblue.cover.buildsystem.config.a.a] out: [INFO] Deleting /home/jbergqvist/diffblue/Palisade-common/.flattened-pom.xml
13:04:10.861 [INFO]   [Validating]  [maven:out]         [com.diffblue.cover.buildsystem.internal.f.f] deserializing line [DIFFBLUE]{"__type":"com.diffblue.cover.buildsystem.model.DefaultEventMessage","project":"uk.gov.gchq.palisade:common","goal":"clean","cause":null,"state":"SUCCESS"}
13:04:10.862 [INFO]   [Validating]  [maven:out]         [com.diffblue.cover.buildsystem.internal.f.f] deserializing line [DIFFBLUE]{"__type":"com.diffblue.cover.buildsystem.model.DefaultEventMessage","project":"uk.gov.gchq.palisade:common","goal":"prepare-agent","cause":null,"state":"STARTED"}
13:04:10.864 [INFO]   [Validating]  [maven:out]         [com.diffblue.cover.buildsystem.config.a.a] out: [INFO] 
13:04:10.864 [INFO]   [Validating]  [maven:out]         [com.diffblue.cover.buildsystem.config.a.a] out: [INFO] --- jacoco:0.8.5:prepare-agent (agent) @ common ---
13:04:10.958 [INFO]   [Validating]  [maven:out]         [com.diffblue.cover.buildsystem.config.a.a] out: [INFO] argLine set to -javaagent:/home/jbergqvist/.m2/repository/org/jacoco/org.jacoco.agent/0.8.5/org.jacoco.agent-0.8.5-runtime.jar=destfile=/home/jbergqvist/diffblue/Palisade-common/target/jacoco.exec,append=true
13:04:10.959 [INFO]   [Validating]  [maven:out]         [com.diffblue.cover.buildsystem.internal.f.f] deserializing line [DIFFBLUE]{"__type":"com.diffblue.cover.buildsystem.model.DefaultEventMessage","project":"uk.gov.gchq.palisade:common","goal":"prepare-agent","cause":null,"state":"SUCCESS"}
13:04:10.960 [INFO]   [Validating]  [maven:out]         [com.diffblue.cover.buildsystem.internal.f.f] deserializing line [DIFFBLUE]{"__type":"com.diffblue.cover.buildsystem.model.DefaultEventMessage","project":"uk.gov.gchq.palisade:common","goal":"resources","cause":null,"state":"STARTED"}
13:04:10.961 [INFO]   [Validating]  [maven:out]         [com.diffblue.cover.buildsystem.config.a.a] out: [INFO] 
13:04:10.961 [INFO]   [Validating]  [maven:out]         [com.diffblue.cover.buildsystem.config.a.a] out: [INFO] --- resources:3.3.1:resources (default-resources) @ common ---
13:04:11.004 [INFO]   [Validating]  [maven:out]         [com.diffblue.cover.buildsystem.config.a.a] out: [INFO] Copying 1 resource from src/main/resources to target/classes
13:04:11.009 [INFO]   [Validating]  [maven:out]         [com.diffblue.cover.buildsystem.internal.f.f] deserializing line [DIFFBLUE]{"__type":"com.diffblue.cover.buildsystem.model.DefaultEventMessage","project":"uk.gov.gchq.palisade:common","goal":"resources","cause":null,"state":"SUCCESS"}
13:04:11.011 [INFO]   [Validating]  [maven:out]         [com.diffblue.cover.buildsystem.internal.f.f] deserializing line [DIFFBLUE]{"__type":"com.diffblue.cover.buildsystem.model.DefaultEventMessage","project":"uk.gov.gchq.palisade:common","goal":"flatten","cause":null,"state":"STARTED"}
13:04:11.012 [INFO]   [Validating]  [maven:out]         [com.diffblue.cover.buildsystem.config.a.a] out: [INFO] 
13:04:11.012 [INFO]   [Validating]  [maven:out]         [com.diffblue.cover.buildsystem.config.a.a] out: [INFO] --- flatten:1.1.0:flatten (flatten) @ common ---
13:04:11.015 [INFO]   [Validating]  [maven:out]         [com.diffblue.cover.buildsystem.config.a.a] out: [INFO] Generating flattened POM of project uk.gov.gchq.palisade:common:jar:0.5.2-SNAPSHOT...
13:04:11.047 [INFO]   [Validating]  [maven:out]         [com.diffblue.cover.buildsystem.internal.f.f] deserializing line [DIFFBLUE]{"__type":"com.diffblue.cover.buildsystem.model.DefaultEventMessage","project":"uk.gov.gchq.palisade:common","goal":"flatten","cause":null,"state":"SUCCESS"}
13:04:11.048 [INFO]   [Validating]  [maven:out]         [com.diffblue.cover.buildsystem.internal.f.f] deserializing line [DIFFBLUE]{"__type":"com.diffblue.cover.buildsystem.model.DefaultEventMessage","project":"uk.gov.gchq.palisade:common","goal":"compile","cause":null,"state":"STARTED"}
13:04:11.049 [INFO]   [Validating]  [maven:out]         [com.diffblue.cover.buildsystem.config.a.a] out: [INFO] 
13:04:11.050 [INFO]   [Validating]  [maven:out]         [com.diffblue.cover.buildsystem.config.a.a] out: [INFO] --- compiler:3.8.0:compile (default-compile) @ common ---
13:04:11.128 [INFO]   [Validating]  [maven:out]         [com.diffblue.cover.buildsystem.config.a.a] out: [INFO] Changes detected - recompiling the module!
13:04:11.130 [INFO]   [Validating]  [maven:out]         [com.diffblue.cover.buildsystem.config.a.a] out: [INFO] Compiling 22 source files to /home/jbergqvist/diffblue/Palisade-common/target/classes
13:04:11.804 [INFO]   [Validating]  [maven:out]         [com.diffblue.cover.buildsystem.internal.f.f] deserializing line [DIFFBLUE]{"__type":"com.diffblue.cover.buildsystem.model.DefaultEventMessage","project":"uk.gov.gchq.palisade:common","goal":"compile","cause":null,"state":"SUCCESS"}
13:04:11.806 [INFO]   [Validating]  [maven:out]         [com.diffblue.cover.buildsystem.internal.f.f] deserializing line [DIFFBLUE]{"__type":"com.diffblue.cover.buildsystem.model.DefaultEventMessage","project":"uk.gov.gchq.palisade:common","goal":"javadoc-no-fork","cause":null,"state":"STARTED"}
13:04:11.807 [INFO]   [Validating]  [maven:out]         [com.diffblue.cover.buildsystem.config.a.a] out: [INFO] 
13:04:11.807 [INFO]   [Validating]  [maven:out]         [com.diffblue.cover.buildsystem.config.a.a] out: [INFO] --- javadoc:3.1.0:javadoc-no-fork (javadoc-compile) @ common ---
13:04:13.478 [INFO]   [Validating]  [maven:out]         [com.diffblue.cover.buildsystem.internal.f.f] deserializing line [DIFFBLUE]{"__type":"com.diffblue.cover.buildsystem.model.DefaultEventMessage","project":"uk.gov.gchq.palisade:common","goal":"javadoc-no-fork","cause":null,"state":"SUCCESS"}
13:04:13.479 [INFO]   [Validating]  [maven:out]         [com.diffblue.cover.buildsystem.internal.f.f] deserializing line [DIFFBLUE]{"__type":"com.diffblue.cover.buildsystem.model.DefaultEventMessage","project":"uk.gov.gchq.palisade:common","goal":"aggregate-no-fork","cause":null,"state":"STARTED"}
13:04:13.480 [INFO]   [Validating]  [maven:out]         [com.diffblue.cover.buildsystem.config.a.a] out: [INFO] 
13:04:13.480 [INFO]   [Validating]  [maven:out]         [com.diffblue.cover.buildsystem.config.a.a] out: [INFO] --- javadoc:3.1.0:aggregate-no-fork (javadoc-compile) @ common ---
13:04:14.886 [INFO]   [Validating]  [maven:out]         [com.diffblue.cover.buildsystem.internal.f.f] deserializing line [DIFFBLUE]{"__type":"com.diffblue.cover.buildsystem.model.DefaultEventMessage","project":"uk.gov.gchq.palisade:common","goal":"aggregate-no-fork","cause":null,"state":"SUCCESS"}
13:04:14.887 [INFO]   [Validating]  [maven:out]         [com.diffblue.cover.buildsystem.internal.f.f] deserializing line [DIFFBLUE]{"__type":"com.diffblue.cover.buildsystem.model.DefaultEventMessage","project":"uk.gov.gchq.palisade:common","goal":"testResources","cause":null,"state":"STARTED"}
13:04:14.887 [INFO]   [Validating]  [maven:out]         [com.diffblue.cover.buildsystem.config.a.a] out: [INFO] 
13:04:14.887 [INFO]   [Validating]  [maven:out]         [com.diffblue.cover.buildsystem.config.a.a] out: [INFO] --- resources:3.3.1:testResources (default-testResources) @ common ---
13:04:14.889 [INFO]   [Validating]  [maven:out]         [com.diffblue.cover.buildsystem.config.a.a] out: [INFO] skip non existing resourceDirectory /home/jbergqvist/diffblue/Palisade-common/src/test/resources
13:04:14.890 [INFO]   [Validating]  [maven:out]         [com.diffblue.cover.buildsystem.internal.f.f] deserializing line [DIFFBLUE]{"__type":"com.diffblue.cover.buildsystem.model.DefaultEventMessage","project":"uk.gov.gchq.palisade:common","goal":"testResources","cause":null,"state":"SUCCESS"}
13:04:14.890 [INFO]   [Validating]  [maven:out]         [com.diffblue.cover.buildsystem.internal.f.f] deserializing line [DIFFBLUE]{"__type":"com.diffblue.cover.buildsystem.model.DefaultEventMessage","project":"uk.gov.gchq.palisade:common","goal":"testCompile","cause":null,"state":"STARTED"}
13:04:14.891 [INFO]   [Validating]  [maven:out]         [com.diffblue.cover.buildsystem.config.a.a] out: [INFO] 
13:04:14.891 [INFO]   [Validating]  [maven:out]         [com.diffblue.cover.buildsystem.config.a.a] out: [INFO] --- compiler:3.8.0:testCompile (default-testCompile) @ common ---
13:04:14.897 [INFO]   [Validating]  [maven:out]         [com.diffblue.cover.buildsystem.config.a.a] out: [INFO] Changes detected - recompiling the module!
13:04:14.897 [INFO]   [Validating]  [maven:out]         [com.diffblue.cover.buildsystem.config.a.a] out: [INFO] Compiling 16 source files to /home/jbergqvist/diffblue/Palisade-common/target/test-classes
13:04:15.092 [INFO]   [Validating]  [maven:out]         [com.diffblue.cover.buildsystem.config.a.a] out: [INFO] /home/jbergqvist/diffblue/Palisade-common/src/test/java/uk/gov/gchq/palisade/rule/RulesDiffblueTest.java: Some input files use unchecked or unsafe operations.
13:04:15.092 [INFO]   [Validating]  [maven:out]         [com.diffblue.cover.buildsystem.config.a.a] out: [INFO] /home/jbergqvist/diffblue/Palisade-common/src/test/java/uk/gov/gchq/palisade/rule/RulesDiffblueTest.java: Recompile with -Xlint:unchecked for details.
13:04:15.093 [INFO]   [Validating]  [maven:out]         [com.diffblue.cover.buildsystem.internal.f.f] deserializing line [DIFFBLUE]{"__type":"com.diffblue.cover.buildsystem.model.DefaultEventMessage","project":"uk.gov.gchq.palisade:common","goal":"testCompile","cause":null,"state":"SUCCESS"}
13:04:15.095 [INFO]   [Validating]  [maven:out]         [com.diffblue.cover.buildsystem.internal.f.f] deserializing line [DIFFBLUE]{"__type":"com.diffblue.cover.buildsystem.model.DefaultEventMessage","project":"uk.gov.gchq.palisade:common","goal":"test","cause":null,"state":"STARTED"}
13:04:15.097 [INFO]   [Validating]  [maven:out]         [com.diffblue.cover.buildsystem.config.a.a] out: [INFO] 
13:04:15.097 [INFO]   [Validating]  [maven:out]         [com.diffblue.cover.buildsystem.config.a.a] out: [INFO] --- surefire:3.2.5:test (default-test) @ common ---
13:04:15.187 [INFO]   [Validating]  [maven:out]         [com.diffblue.cover.buildsystem.config.a.a] out: [INFO] Using auto detected provider org.apache.maven.surefire.junitplatform.JUnitPlatformProvider
13:04:15.226 [INFO]   [Validating]  [maven:out]         [com.diffblue.cover.buildsystem.config.a.a] out: [INFO] 
13:04:15.226 [INFO]   [Validating]  [maven:out]         [com.diffblue.cover.buildsystem.config.a.a] out: [INFO] -------------------------------------------------------
13:04:15.226 [INFO]   [Validating]  [maven:out]         [com.diffblue.cover.buildsystem.config.a.a] out: [INFO]  T E S T S
13:04:15.226 [INFO]   [Validating]  [maven:out]         [com.diffblue.cover.buildsystem.config.a.a] out: [INFO] -------------------------------------------------------
13:04:15.972 [INFO]   [Validating]  [maven:out]         [com.diffblue.cover.buildsystem.config.a.a] out: [INFO] Running uk.gov.gchq.palisade.user.UserIdDiffblueTest
13:04:16.036 [INFO]   [Validating]  [maven:out]         [com.diffblue.cover.buildsystem.config.a.a] out: [INFO] Tests run: 2, Failures: 0, Errors: 0, Skipped: 0, Time elapsed: 0.054 s -- in uk.gov.gchq.palisade.user.UserIdDiffblueTest
13:04:16.036 [INFO]   [Validating]  [maven:out]         [com.diffblue.cover.buildsystem.config.a.a] out: [INFO] Running uk.gov.gchq.palisade.user.UserDiffblueTest
13:04:16.040 [INFO]   [Validating]  [maven:out]         [com.diffblue.cover.buildsystem.config.a.a] out: [INFO] Tests run: 2, Failures: 0, Errors: 0, Skipped: 0, Time elapsed: 0.006 s -- in uk.gov.gchq.palisade.user.UserDiffblueTest
13:04:16.040 [INFO]   [Validating]  [maven:out]         [com.diffblue.cover.buildsystem.config.a.a] out: [INFO] Running uk.gov.gchq.palisade.rule.RulesDiffblueTest
13:04:17.030 [INFO]   [Validating]  [maven:out]         [com.diffblue.cover.buildsystem.config.a.a] out: [INFO] Tests run: 11, Failures: 0, Errors: 0, Skipped: 0, Time elapsed: 0.995 s -- in uk.gov.gchq.palisade.rule.RulesDiffblueTest
13:04:17.031 [INFO]   [Validating]  [maven:out]         [com.diffblue.cover.buildsystem.config.a.a] out: [INFO] Running uk.gov.gchq.palisade.data.serialise.SerialiserDiffblueTest
13:04:17.042 [INFO]   [Validating]  [maven:err]         [com.diffblue.cover.buildsystem.config.a.a] err: SLF4J: Failed to load class "org.slf4j.impl.StaticLoggerBinder".
13:04:17.042 [INFO]   [Validating]  [maven:err]         [com.diffblue.cover.buildsystem.config.a.a] err: SLF4J: Defaulting to no-operation (NOP) logger implementation
13:04:17.042 [INFO]   [Validating]  [maven:err]         [com.diffblue.cover.buildsystem.config.a.a] err: SLF4J: See http://www.slf4j.org/codes.html#StaticLoggerBinder for further details.
13:04:17.055 [INFO]   [Validating]  [maven:out]         [com.diffblue.cover.buildsystem.config.a.a] out: [INFO] Tests run: 3, Failures: 0, Errors: 0, Skipped: 0, Time elapsed: 0.023 s -- in uk.gov.gchq.palisade.data.serialise.SerialiserDiffblueTest
13:04:17.056 [INFO]   [Validating]  [maven:out]         [com.diffblue.cover.buildsystem.config.a.a] out: [INFO] Running uk.gov.gchq.palisade.util.FileResourceBuilderDiffblueTest
13:04:17.064 [INFO]   [Validating]  [maven:out]         [com.diffblue.cover.buildsystem.config.a.a] out: [INFO] Tests run: 2, Failures: 0, Errors: 0, Skipped: 0, Time elapsed: 0.010 s -- in uk.gov.gchq.palisade.util.FileResourceBuilderDiffblueTest
13:04:17.064 [INFO]   [Validating]  [maven:out]         [com.diffblue.cover.buildsystem.config.a.a] out: [INFO] Running uk.gov.gchq.palisade.util.AbstractResourceBuilderDiffblueTest
13:04:17.070 [INFO]   [Validating]  [maven:out]         [com.diffblue.cover.buildsystem.config.a.a] out: [INFO] Tests run: 1, Failures: 0, Errors: 0, Skipped: 0, Time elapsed: 0.006 s -- in uk.gov.gchq.palisade.util.AbstractResourceBuilderDiffblueTest
13:04:17.070 [INFO]   [Validating]  [maven:out]         [com.diffblue.cover.buildsystem.config.a.a] out: [INFO] Running uk.gov.gchq.palisade.util.RulesUtilDiffblueTest
13:04:17.077 [INFO]   [Validating]  [maven:out]         [com.diffblue.cover.buildsystem.config.a.a] out: [INFO] Tests run: 3, Failures: 0, Errors: 0, Skipped: 0, Time elapsed: 0.006 s -- in uk.gov.gchq.palisade.util.RulesUtilDiffblueTest
13:04:17.078 [INFO]   [Validating]  [maven:out]         [com.diffblue.cover.buildsystem.config.a.a] out: [INFO] Running uk.gov.gchq.palisade.util.UriBuilderDiffblueTest
13:04:17.084 [INFO]   [Validating]  [maven:out]         [com.diffblue.cover.buildsystem.config.a.a] out: [INFO] Tests run: 4, Failures: 0, Errors: 0, Skipped: 0, Time elapsed: 0.007 s -- in uk.gov.gchq.palisade.util.UriBuilderDiffblueTest
13:04:17.084 [INFO]   [Validating]  [maven:out]         [com.diffblue.cover.buildsystem.config.a.a] out: [INFO] Running uk.gov.gchq.palisade.ContextDiffblueTest
13:04:17.091 [INFO]   [Validating]  [maven:out]         [com.diffblue.cover.buildsystem.config.a.a] out: [INFO] Tests run: 4, Failures: 0, Errors: 0, Skipped: 0, Time elapsed: 0.005 s -- in uk.gov.gchq.palisade.ContextDiffblueTest
13:04:17.091 [INFO]   [Validating]  [maven:out]         [com.diffblue.cover.buildsystem.config.a.a] out: [INFO] Running uk.gov.gchq.palisade.resource.AbstractResourceDiffblueTest
13:04:17.094 [INFO]   [Validating]  [maven:out]         [com.diffblue.cover.buildsystem.config.a.a] out: [INFO] Tests run: 1, Failures: 0, Errors: 0, Skipped: 0, Time elapsed: 0.003 s -- in uk.gov.gchq.palisade.resource.AbstractResourceDiffblueTest
13:04:17.094 [INFO]   [Validating]  [maven:out]         [com.diffblue.cover.buildsystem.config.a.a] out: [INFO] Running uk.gov.gchq.palisade.resource.impl.SystemResourceDiffblueTest
13:04:17.099 [INFO]   [Validating]  [maven:out]         [com.diffblue.cover.buildsystem.config.a.a] out: [INFO] Tests run: 3, Failures: 0, Errors: 0, Skipped: 0, Time elapsed: 0.004 s -- in uk.gov.gchq.palisade.resource.impl.SystemResourceDiffblueTest
13:04:17.099 [INFO]   [Validating]  [maven:out]         [com.diffblue.cover.buildsystem.config.a.a] out: [INFO] Running uk.gov.gchq.palisade.resource.impl.FileResourceDiffblueTest
13:04:17.149 [INFO]   [Validating]  [maven:out]         [com.diffblue.cover.buildsystem.config.a.a] out: [INFO] Tests run: 8, Failures: 0, Errors: 0, Skipped: 0, Time elapsed: 0.050 s -- in uk.gov.gchq.palisade.resource.impl.FileResourceDiffblueTest
13:04:17.149 [INFO]   [Validating]  [maven:out]         [com.diffblue.cover.buildsystem.config.a.a] out: [INFO] Running uk.gov.gchq.palisade.resource.impl.SimpleConnectionDetailDiffblueTest
13:04:17.153 [INFO]   [Validating]  [maven:out]         [com.diffblue.cover.buildsystem.config.a.a] out: [INFO] Tests run: 1, Failures: 0, Errors: 0, Skipped: 0, Time elapsed: 0.002 s -- in uk.gov.gchq.palisade.resource.impl.SimpleConnectionDetailDiffblueTest
13:04:17.153 [INFO]   [Validating]  [maven:out]         [com.diffblue.cover.buildsystem.config.a.a] out: [INFO] Running uk.gov.gchq.palisade.resource.impl.DirectoryResourceDiffblueTest
13:04:17.158 [INFO]   [Validating]  [maven:out]         [com.diffblue.cover.buildsystem.config.a.a] out: [INFO] Tests run: 4, Failures: 0, Errors: 0, Skipped: 0, Time elapsed: 0.005 s -- in uk.gov.gchq.palisade.resource.impl.DirectoryResourceDiffblueTest
13:04:17.204 [INFO]   [Validating]  [maven:out]         [com.diffblue.cover.buildsystem.config.a.a] out: [INFO] 
13:04:17.204 [INFO]   [Validating]  [maven:out]         [com.diffblue.cover.buildsystem.config.a.a] out: [INFO] Results:
13:04:17.204 [INFO]   [Validating]  [maven:out]         [com.diffblue.cover.buildsystem.config.a.a] out: [INFO] 
13:04:17.204 [INFO]   [Validating]  [maven:out]         [com.diffblue.cover.buildsystem.config.a.a] out: [INFO] Tests run: 49, Failures: 0, Errors: 0, Skipped: 0
13:04:17.204 [INFO]   [Validating]  [maven:out]         [com.diffblue.cover.buildsystem.config.a.a] out: [INFO] 
13:04:17.207 [INFO]   [Validating]  [maven:out]         [com.diffblue.cover.buildsystem.internal.f.f] deserializing line [DIFFBLUE]{"__type":"com.diffblue.cover.buildsystem.model.DefaultEventMessage","project":"uk.gov.gchq.palisade:common","goal":"test","cause":null,"state":"SUCCESS"}
13:04:17.226 [INFO]   [Validating]  [maven:out]         [com.diffblue.cover.buildsystem.internal.f.f] deserializing line [DIFFBLUE]{"__type":"com.diffblue.cover.buildsystem.model.DefaultProjectModuleMessage","project":{"__type":"DefaultProjectModule","junitReport":["/home/jbergqvist/diffblue/Palisade-common/target/surefire-reports"],"jacocoReport":["/home/jbergqvist/diffblue/Palisade-common/target/site/jacoco/jacoco.xml"],"jacocoDestFile":["${sonar.jacoco.reportPath}","/home/jbergqvist/diffblue/Palisade-common/target/jacoco.exec"],"jacocoFormats":["xml"],"jacocoSkipped":false,"classpath":["/home/jbergqvist/diffblue/Palisade-common/target/classes","/home/jbergqvist/.m2/repository/com/typesafe/akka/akka-stream_2.13/2.6.10/akka-stream_2.13-2.6.10.jar","/home/jbergqvist/.m2/repository/org/scala-lang/scala-library/2.13.3/scala-library-2.13.3.jar","/home/jbergqvist/.m2/repository/com/typesafe/akka/akka-actor_2.13/2.6.10/akka-actor_2.13-2.6.10.jar","/home/jbergqvist/.m2/repository/com/typesafe/config/1.4.0/config-1.4.0.jar","/home/jbergqvist/.m2/repository/org/scala-lang/modules/scala-java8-compat_2.13/0.9.0/scala-java8-compat_2.13-0.9.0.jar","/home/jbergqvist/.m2/repository/com/typesafe/akka/akka-protobuf-v3_2.13/2.6.10/akka-protobuf-v3_2.13-2.6.10.jar","/home/jbergqvist/.m2/repository/org/reactivestreams/reactive-streams/1.0.3/reactive-streams-1.0.3.jar","/home/jbergqvist/.m2/repository/com/typesafe/ssl-config-core_2.13/0.4.2/ssl-config-core_2.13-0.4.2.jar","/home/jbergqvist/.m2/repository/org/scala-lang/modules/scala-parser-combinators_2.13/1.1.2/scala-parser-combinators_2.13-1.1.2.jar","/home/jbergqvist/.m2/repository/org/junit/jupiter/junit-jupiter-engine/5.13.4/junit-jupiter-engine-5.13.4.jar","/home/jbergqvist/.m2/repository/org/junit/platform/junit-platform-engine/1.13.4/junit-platform-engine-1.13.4.jar","/home/jbergqvist/.m2/repository/org/opentest4j/opentest4j/1.3.0/opentest4j-1.3.0.jar","/home/jbergqvist/.m2/repository/org/junit/platform/junit-platform-commons/1.13.4/junit-platform-commons-1.13.4.jar","/home/jbergqvist/.m2/repository/org/junit/jupiter/junit-jupiter-api/5.13.4/junit-jupiter-api-5.13.4.jar","/home/jbergqvist/.m2/repository/org/apiguardian/apiguardian-api/1.1.2/apiguardian-api-1.1.2.jar","/home/jbergqvist/.m2/repository/org/mockito/mockito-core/5.20.0/mockito-core-5.20.0.jar","/home/jbergqvist/.m2/repository/net/bytebuddy/byte-buddy/1.17.7/byte-buddy-1.17.7.jar","/home/jbergqvist/.m2/repository/net/bytebuddy/byte-buddy-agent/1.17.7/byte-buddy-agent-1.17.7.jar","/home/jbergqvist/.m2/repository/org/objenesis/objenesis/3.3/objenesis-3.3.jar","/home/jbergqvist/.m2/repository/org/mockito/mockito-junit-jupiter/5.20.0/mockito-junit-jupiter-5.20.0.jar","/home/jbergqvist/.m2/repository/com/fasterxml/jackson/core/jackson-databind/2.11.0/jackson-databind-2.11.0.jar","/home/jbergqvist/.m2/repository/com/fasterxml/jackson/core/jackson-annotations/2.11.0/jackson-annotations-2.11.0.jar","/home/jbergqvist/.m2/repository/com/fasterxml/jackson/core/jackson-core/2.11.0/jackson-core-2.11.0.jar","/home/jbergqvist/.m2/repository/org/slf4j/slf4j-api/1.7.25/slf4j-api-1.7.25.jar","/home/jbergqvist/.m2/repository/com/diffblue/cover/cover-annotations/1.8.0/cover-annotations-1.8.0.jar"],"complianceLevel":"11","productionSources":["/home/jbergqvist/diffblue/Palisade-common/src/main/java"],"testSources":["/home/jbergqvist/diffblue/Palisade-common/src/test/java"],"productionClasses":"/home/jbergqvist/diffblue/Palisade-common/target/classes","testClasses":"/home/jbergqvist/diffblue/Palisade-common/target/test-classes","sourceToBuildPathMap":null,"testSourceToBuildPathMap":null,"buildDirectory":"/home/jbergqvist/diffblue/Palisade-common/target","plugins":[{"__type":"DefaultPlugin","groupId":"org.apache.maven.plugins","artefactId":"maven-compiler-plugin","version":"3.8.0","pluginClassName":null},{"__type":"DefaultPlugin","groupId":"org.apache.maven.plugins","artefactId":"maven-javadoc-plugin","version":"3.1.0","pluginClassName":null},{"__type":"DefaultPlugin","groupId":"org.apache.maven.plugins","artefactId":"maven-dependency-plugin","version":"3.1.2","pluginClassName":null},{"__type":"DefaultPlugin","groupId":"org.codehaus.mojo","artefactId":"flatten-maven-plugin","version":"1.1.0","pluginClassName":null},{"__type":"DefaultPlugin","groupId":"org.codehaus.mojo","artefactId":"license-maven-plugin","version":"2.0.0","pluginClassName":null},{"__type":"DefaultPlugin","groupId":"org.jacoco","artefactId":"jacoco-maven-plugin","version":"0.8.5","pluginClassName":null},{"__type":"DefaultPlugin","groupId":"org.apache.maven.plugins","artefactId":"maven-checkstyle-plugin","version":"3.1.0","pluginClassName":null},{"__type":"DefaultPlugin","groupId":"org.apache.maven.plugins","artefactId":"maven-clean-plugin","version":"3.2.0","pluginClassName":null},{"__type":"DefaultPlugin","groupId":"org.apache.maven.plugins","artefactId":"maven-resources-plugin","version":"3.3.1","pluginClassName":null},{"__type":"DefaultPlugin","groupId":"org.apache.maven.plugins","artefactId":"maven-jar-plugin","version":"3.4.1","pluginClassName":null},{"__type":"DefaultPlugin","groupId":"org.apache.maven.plugins","artefactId":"maven-surefire-plugin","version":"3.2.5","pluginClassName":null},{"__type":"DefaultPlugin","groupId":"org.apache.maven.plugins","artefactId":"maven-install-plugin","version":"3.1.2","pluginClassName":null},{"__type":"DefaultPlugin","groupId":"org.apache.maven.plugins","artefactId":"maven-deploy-plugin","version":"3.1.2","pluginClassName":null},{"__type":"DefaultPlugin","groupId":"org.apache.maven.plugins","artefactId":"maven-site-plugin","version":"3.12.1","pluginClassName":null}],"version":"3.9.12","encoding":"UTF-8","name":"maven","subModules":[],"simpleModuleName":null,"parentModuleName":null,"location":"/home/jbergqvist/diffblue/Palisade-common","fullModuleName":"uk.gov.gchq.palisade:common"}}
13:04:17.228 [INFO]   [Validating]  [maven:out]         [com.diffblue.cover.buildsystem.config.a.a] out: [INFO] ------------------------------------------------------------------------
13:04:17.228 [INFO]   [Validating]  [maven:out]         [com.diffblue.cover.buildsystem.config.a.a] out: [INFO] BUILD SUCCESS
13:04:17.228 [INFO]   [Validating]  [maven:out]         [com.diffblue.cover.buildsystem.config.a.a] out: [INFO] ------------------------------------------------------------------------
13:04:17.228 [INFO]   [Validating]  [maven:out]         [com.diffblue.cover.buildsystem.config.a.a] out: [INFO] Total time:  7.520 s
13:04:17.228 [INFO]   [Validating]  [maven:out]         [com.diffblue.cover.buildsystem.config.a.a] out: [INFO] Finished at: 2026-01-12T13:04:17Z
13:04:17.228 [INFO]   [Validating]  [maven:out]         [com.diffblue.cover.buildsystem.config.a.a] out: [INFO] ------------------------------------------------------------------------
13:04:17.229 [INFO]   [Validating]  [maven:out]         [com.diffblue.cover.buildsystem.internal.f.f] deserializing line [DIFFBLUE]{"__type":"com.diffblue.cover.buildsystem.model.ProjectInfoMessage","projectName":"uk.gov.gchq.palisade:common","productionSources":["/home/jbergqvist/diffblue/Palisade-common/src/main/java","/home/jbergqvist/diffblue/Palisade-common/target/generated-sources/annotations"],"testSources":["/home/jbergqvist/diffblue/Palisade-common/src/test/java","/home/jbergqvist/diffblue/Palisade-common/target/generated-test-sources/test-annotations"],"location":"/home/jbergqvist/diffblue/Palisade-common"}
13:04:17.272 [INFO]   [Validating]  [main]              [com.diffblue.cover.buildsystem.internal.f.d] maven:err process not stopped, joining thread
13:04:17.273 [INFO]   [Validating]  [main]              [com.diffblue.cover.buildsystem.internal.f.d] maven:out process not stopped, joining thread
13:04:17.273 [DEBUG]  [Validating]  [main]              [com.diffblue.cover.buildsystem.config.a.a] Executor spent 8s on command "/home/jbergqvist/.sdkman/candidates/maven/current/bin/mvn -Dmaven.ext.class.path=/opt/cover/cover-buildsystem-maven-spy-jar-with-dependencies.jar -Dcom.diffblue.cover.skipTests=true -DskipTestOptimizer --batch-mode --projects=uk.gov.gchq.palisade:common --global-settings=/home/jbergqvist/.sdkman/candidates/maven/current/conf/settings.xml org.apache.maven.plugins:maven-checkstyle-plugin:check -Dcheckstyle.failOnViolation=false clean test"
13:04:17.321 [INFO]   [Validating]  [main]              [com.diffblue.cover.ui.controller.r] All 49 created tests were successfully validated.
13:04:17.337 [INFO]   [Measuring]   [main]              [com.diffblue.cover.ui.controller.q] Calculating coverage from Diffblue tests.
13:04:17.338 [DEBUG]  [Measuring]   [main]              [com.diffblue.cover.buildsystem.config.registry.Registry] checking if /home/jbergqvist/diffblue/Palisade-common/DiffblueBuild.yaml exists...
13:04:17.338 [DEBUG]  [Measuring]   [main]              [com.diffblue.cover.buildsystem.config.registry.Registry] checking if /home/jbergqvist/diffblue/Palisade-common/DiffblueBuild.yml exists...
13:04:17.338 [INFO]   [Measuring]   [main]              [com.diffblue.cover.buildsystem.config.registry.Registry] Using default build rules as no custom rules found in any of [/home/jbergqvist/diffblue/Palisade-common]
13:04:17.338 [DEBUG]  [Measuring]   [main]              [com.diffblue.cover.buildsystem.config.registry.Registry] Build execution request for Coverage Phase
13:04:17.338 [DEBUG]  [Measuring]   [main]              [com.diffblue.cover.buildsystem.config.registry.Registry] checking if /home/jbergqvist/diffblue/Palisade-common/DiffblueBuild.yaml exists...
13:04:17.338 [DEBUG]  [Measuring]   [main]              [com.diffblue.cover.buildsystem.config.registry.Registry] checking if /home/jbergqvist/diffblue/Palisade-common/DiffblueBuild.yml exists...
13:04:17.338 [INFO]   [Measuring]   [main]              [com.diffblue.cover.buildsystem.config.registry.Registry] Using default build rules as no custom rules found in any of [/home/jbergqvist/diffblue/Palisade-common]
13:04:17.338 [DEBUG]  [Measuring]   [main]              [com.diffblue.cover.buildsystem.config.registry.Registry] Build execution request for Coverage Phase
13:04:17.339 [INFO]   [Measuring]   [main]              [com.diffblue.cover.buildsystem.config.a.a] Attempting to invoke mvnw in working directory: /home/jbergqvist/diffblue/Palisade-common
13:04:17.339 [INFO]   [Measuring]   [main]              [com.diffblue.cover.buildsystem.config.a.a] Attempting to invoke /home/jbergqvist/.sdkman/candidates/maven/current/bin/mvn in working directory: /home/jbergqvist/diffblue/Palisade-common
13:04:17.340 [INFO]   [Measuring]   [main]              [com.diffblue.cover.buildsystem.config.a.a] Started "/home/jbergqvist/.sdkman/candidates/maven/current/bin/mvn -Dmaven.ext.class.path=/opt/cover/cover-buildsystem-maven-spy-jar-with-dependencies.jar -Dcom.diffblue.cover.skipTests=true -DskipTestOptimizer --batch-mode --projects=uk.gov.gchq.palisade:common --global-settings=/home/jbergqvist/.sdkman/candidates/maven/current/conf/settings.xml org.apache.maven.plugins:maven-checkstyle-plugin:check -Dcheckstyle.failOnViolation=false org.jacoco:jacoco-maven-plugin:0.8.5:prepare-agent -Djacoco.skip=false test -DfailIfNoTests=false -Dsurefire.failIfNoSpecifiedTests=false -Dmaven.test.failure.ignore=True -Dtest=*DiffblueTest org.jacoco:jacoco-maven-plugin:0.8.5:report -Djacoco.skip=false"
13:04:18.137 [INFO]   [Measuring]   [maven:out]         [com.diffblue.cover.buildsystem.config.a.a] out: [INFO] Scanning for projects...
13:04:18.256 [INFO]   [Measuring]   [maven:out]         [com.diffblue.cover.buildsystem.config.a.a] out: [INFO] 
13:04:18.257 [INFO]   [Measuring]   [maven:out]         [com.diffblue.cover.buildsystem.config.a.a] out: [INFO] --------------------< uk.gov.gchq.palisade:common >---------------------
13:04:18.257 [INFO]   [Measuring]   [maven:out]         [com.diffblue.cover.buildsystem.config.a.a] out: [INFO] Building GCHQ Palisade Common Library 0.5.2-SNAPSHOT
13:04:18.257 [INFO]   [Measuring]   [maven:out]         [com.diffblue.cover.buildsystem.config.a.a] out: [INFO]   from pom.xml
13:04:18.257 [INFO]   [Measuring]   [maven:out]         [com.diffblue.cover.buildsystem.config.a.a] out: [INFO] --------------------------------[ jar ]---------------------------------
13:04:18.498 [INFO]   [Measuring]   [maven:out]         [com.diffblue.cover.buildsystem.internal.f.f] deserializing line [DIFFBLUE]{"__type":"com.diffblue.cover.buildsystem.model.DefaultEventMessage","project":"uk.gov.gchq.palisade:common","goal":"check","cause":null,"state":"STARTED"}
13:04:18.500 [INFO]   [Measuring]   [maven:out]         [com.diffblue.cover.buildsystem.config.a.a] out: [INFO] 
13:04:18.500 [INFO]   [Measuring]   [maven:out]         [com.diffblue.cover.buildsystem.config.a.a] out: [INFO] --- checkstyle:3.1.0:check (default-cli) @ common ---
13:04:19.617 [INFO]   [Measuring]   [maven:out]         [com.diffblue.cover.buildsystem.config.a.a] out: [INFO] Starting audit...
13:04:19.618 [INFO]   [Measuring]   [maven:out]         [com.diffblue.cover.buildsystem.config.a.a] out: Audit done.
13:04:19.627 [INFO]   [Measuring]   [maven:out]         [com.diffblue.cover.buildsystem.internal.f.f] deserializing line [DIFFBLUE]{"__type":"com.diffblue.cover.buildsystem.model.DefaultEventMessage","project":"uk.gov.gchq.palisade:common","goal":"check","cause":null,"state":"SUCCESS"}
13:04:19.629 [INFO]   [Measuring]   [maven:out]         [com.diffblue.cover.buildsystem.internal.f.f] deserializing line [DIFFBLUE]{"__type":"com.diffblue.cover.buildsystem.model.DefaultEventMessage","project":"uk.gov.gchq.palisade:common","goal":"prepare-agent","cause":null,"state":"STARTED"}
13:04:19.631 [INFO]   [Measuring]   [maven:out]         [com.diffblue.cover.buildsystem.config.a.a] out: [INFO] 
13:04:19.631 [INFO]   [Measuring]   [maven:out]         [com.diffblue.cover.buildsystem.config.a.a] out: [INFO] --- jacoco:0.8.5:prepare-agent (default-cli) @ common ---
13:04:19.756 [INFO]   [Measuring]   [maven:out]         [com.diffblue.cover.buildsystem.config.a.a] out: [INFO] argLine set to -javaagent:/home/jbergqvist/.m2/repository/org/jacoco/org.jacoco.agent/0.8.5/org.jacoco.agent-0.8.5-runtime.jar=destfile=/home/jbergqvist/diffblue/Palisade-common/target/jacoco.exec,append=true
13:04:19.758 [INFO]   [Measuring]   [maven:out]         [com.diffblue.cover.buildsystem.internal.f.f] deserializing line [DIFFBLUE]{"__type":"com.diffblue.cover.buildsystem.model.DefaultEventMessage","project":"uk.gov.gchq.palisade:common","goal":"prepare-agent","cause":null,"state":"SUCCESS"}
13:04:19.760 [INFO]   [Measuring]   [maven:out]         [com.diffblue.cover.buildsystem.internal.f.f] deserializing line [DIFFBLUE]{"__type":"com.diffblue.cover.buildsystem.model.DefaultEventMessage","project":"uk.gov.gchq.palisade:common","goal":"prepare-agent","cause":null,"state":"STARTED"}
13:04:19.760 [INFO]   [Measuring]   [maven:out]         [com.diffblue.cover.buildsystem.config.a.a] out: [INFO] 
13:04:19.760 [INFO]   [Measuring]   [maven:out]         [com.diffblue.cover.buildsystem.config.a.a] out: [INFO] --- jacoco:0.8.5:prepare-agent (agent) @ common ---
13:04:19.761 [INFO]   [Measuring]   [maven:out]         [com.diffblue.cover.buildsystem.config.a.a] out: [INFO] argLine set to -javaagent:/home/jbergqvist/.m2/repository/org/jacoco/org.jacoco.agent/0.8.5/org.jacoco.agent-0.8.5-runtime.jar=destfile=/home/jbergqvist/diffblue/Palisade-common/target/jacoco.exec,append=true
13:04:19.762 [INFO]   [Measuring]   [maven:out]         [com.diffblue.cover.buildsystem.internal.f.f] deserializing line [DIFFBLUE]{"__type":"com.diffblue.cover.buildsystem.model.DefaultEventMessage","project":"uk.gov.gchq.palisade:common","goal":"prepare-agent","cause":null,"state":"SUCCESS"}
13:04:19.764 [INFO]   [Measuring]   [maven:out]         [com.diffblue.cover.buildsystem.internal.f.f] deserializing line [DIFFBLUE]{"__type":"com.diffblue.cover.buildsystem.model.DefaultEventMessage","project":"uk.gov.gchq.palisade:common","goal":"resources","cause":null,"state":"STARTED"}
13:04:19.765 [INFO]   [Measuring]   [maven:out]         [com.diffblue.cover.buildsystem.config.a.a] out: [INFO] 
13:04:19.765 [INFO]   [Measuring]   [maven:out]         [com.diffblue.cover.buildsystem.config.a.a] out: [INFO] --- resources:3.3.1:resources (default-resources) @ common ---
13:04:19.819 [INFO]   [Measuring]   [maven:out]         [com.diffblue.cover.buildsystem.config.a.a] out: [INFO] Copying 1 resource from src/main/resources to target/classes
13:04:19.824 [INFO]   [Measuring]   [maven:out]         [com.diffblue.cover.buildsystem.internal.f.f] deserializing line [DIFFBLUE]{"__type":"com.diffblue.cover.buildsystem.model.DefaultEventMessage","project":"uk.gov.gchq.palisade:common","goal":"resources","cause":null,"state":"SUCCESS"}
13:04:19.825 [INFO]   [Measuring]   [maven:out]         [com.diffblue.cover.buildsystem.internal.f.f] deserializing line [DIFFBLUE]{"__type":"com.diffblue.cover.buildsystem.model.DefaultEventMessage","project":"uk.gov.gchq.palisade:common","goal":"flatten","cause":null,"state":"STARTED"}
13:04:19.826 [INFO]   [Measuring]   [maven:out]         [com.diffblue.cover.buildsystem.config.a.a] out: [INFO] 
13:04:19.826 [INFO]   [Measuring]   [maven:out]         [com.diffblue.cover.buildsystem.config.a.a] out: [INFO] --- flatten:1.1.0:flatten (flatten) @ common ---
13:04:19.949 [INFO]   [Measuring]   [maven:out]         [com.diffblue.cover.buildsystem.config.a.a] out: [INFO] Generating flattened POM of project uk.gov.gchq.palisade:common:jar:0.5.2-SNAPSHOT...
13:04:19.983 [INFO]   [Measuring]   [maven:out]         [com.diffblue.cover.buildsystem.internal.f.f] deserializing line [DIFFBLUE]{"__type":"com.diffblue.cover.buildsystem.model.DefaultEventMessage","project":"uk.gov.gchq.palisade:common","goal":"flatten","cause":null,"state":"SUCCESS"}
13:04:19.985 [INFO]   [Measuring]   [maven:out]         [com.diffblue.cover.buildsystem.internal.f.f] deserializing line [DIFFBLUE]{"__type":"com.diffblue.cover.buildsystem.model.DefaultEventMessage","project":"uk.gov.gchq.palisade:common","goal":"compile","cause":null,"state":"STARTED"}
13:04:19.986 [INFO]   [Measuring]   [maven:out]         [com.diffblue.cover.buildsystem.config.a.a] out: [INFO] 
13:04:19.986 [INFO]   [Measuring]   [maven:out]         [com.diffblue.cover.buildsystem.config.a.a] out: [INFO] --- compiler:3.8.0:compile (default-compile) @ common ---
13:04:20.070 [INFO]   [Measuring]   [maven:out]         [com.diffblue.cover.buildsystem.config.a.a] out: [INFO] Nothing to compile - all classes are up to date
13:04:20.071 [INFO]   [Measuring]   [maven:out]         [com.diffblue.cover.buildsystem.internal.f.f] deserializing line [DIFFBLUE]{"__type":"com.diffblue.cover.buildsystem.model.DefaultEventMessage","project":"uk.gov.gchq.palisade:common","goal":"compile","cause":null,"state":"SUCCESS"}
13:04:20.073 [INFO]   [Measuring]   [maven:out]         [com.diffblue.cover.buildsystem.internal.f.f] deserializing line [DIFFBLUE]{"__type":"com.diffblue.cover.buildsystem.model.DefaultEventMessage","project":"uk.gov.gchq.palisade:common","goal":"javadoc-no-fork","cause":null,"state":"STARTED"}
13:04:20.074 [INFO]   [Measuring]   [maven:out]         [com.diffblue.cover.buildsystem.config.a.a] out: [INFO] 
13:04:20.074 [INFO]   [Measuring]   [maven:out]         [com.diffblue.cover.buildsystem.config.a.a] out: [INFO] --- javadoc:3.1.0:javadoc-no-fork (javadoc-compile) @ common ---
13:04:21.615 [INFO]   [Measuring]   [maven:out]         [com.diffblue.cover.buildsystem.internal.f.f] deserializing line [DIFFBLUE]{"__type":"com.diffblue.cover.buildsystem.model.DefaultEventMessage","project":"uk.gov.gchq.palisade:common","goal":"javadoc-no-fork","cause":null,"state":"SUCCESS"}
13:04:21.616 [INFO]   [Measuring]   [maven:out]         [com.diffblue.cover.buildsystem.internal.f.f] deserializing line [DIFFBLUE]{"__type":"com.diffblue.cover.buildsystem.model.DefaultEventMessage","project":"uk.gov.gchq.palisade:common","goal":"aggregate-no-fork","cause":null,"state":"STARTED"}
13:04:21.617 [INFO]   [Measuring]   [maven:out]         [com.diffblue.cover.buildsystem.config.a.a] out: [INFO] 
13:04:21.617 [INFO]   [Measuring]   [maven:out]         [com.diffblue.cover.buildsystem.config.a.a] out: [INFO] --- javadoc:3.1.0:aggregate-no-fork (javadoc-compile) @ common ---
13:04:23.051 [INFO]   [Measuring]   [maven:out]         [com.diffblue.cover.buildsystem.internal.f.f] deserializing line [DIFFBLUE]{"__type":"com.diffblue.cover.buildsystem.model.DefaultEventMessage","project":"uk.gov.gchq.palisade:common","goal":"aggregate-no-fork","cause":null,"state":"SUCCESS"}
13:04:23.054 [INFO]   [Measuring]   [maven:out]         [com.diffblue.cover.buildsystem.internal.f.f] deserializing line [DIFFBLUE]{"__type":"com.diffblue.cover.buildsystem.model.DefaultEventMessage","project":"uk.gov.gchq.palisade:common","goal":"testResources","cause":null,"state":"STARTED"}
13:04:23.055 [INFO]   [Measuring]   [maven:out]         [com.diffblue.cover.buildsystem.config.a.a] out: [INFO] 
13:04:23.055 [INFO]   [Measuring]   [maven:out]         [com.diffblue.cover.buildsystem.config.a.a] out: [INFO] --- resources:3.3.1:testResources (default-testResources) @ common ---
13:04:23.059 [INFO]   [Measuring]   [maven:out]         [com.diffblue.cover.buildsystem.config.a.a] out: [INFO] skip non existing resourceDirectory /home/jbergqvist/diffblue/Palisade-common/src/test/resources
13:04:23.061 [INFO]   [Measuring]   [maven:out]         [com.diffblue.cover.buildsystem.internal.f.f] deserializing line [DIFFBLUE]{"__type":"com.diffblue.cover.buildsystem.model.DefaultEventMessage","project":"uk.gov.gchq.palisade:common","goal":"testResources","cause":null,"state":"SUCCESS"}
13:04:23.063 [INFO]   [Measuring]   [maven:out]         [com.diffblue.cover.buildsystem.internal.f.f] deserializing line [DIFFBLUE]{"__type":"com.diffblue.cover.buildsystem.model.DefaultEventMessage","project":"uk.gov.gchq.palisade:common","goal":"testCompile","cause":null,"state":"STARTED"}
13:04:23.064 [INFO]   [Measuring]   [maven:out]         [com.diffblue.cover.buildsystem.config.a.a] out: [INFO] 
13:04:23.064 [INFO]   [Measuring]   [maven:out]         [com.diffblue.cover.buildsystem.config.a.a] out: [INFO] --- compiler:3.8.0:testCompile (default-testCompile) @ common ---
13:04:23.069 [INFO]   [Measuring]   [maven:out]         [com.diffblue.cover.buildsystem.config.a.a] out: [INFO] Nothing to compile - all classes are up to date
13:04:23.070 [INFO]   [Measuring]   [maven:out]         [com.diffblue.cover.buildsystem.internal.f.f] deserializing line [DIFFBLUE]{"__type":"com.diffblue.cover.buildsystem.model.DefaultEventMessage","project":"uk.gov.gchq.palisade:common","goal":"testCompile","cause":null,"state":"SUCCESS"}
13:04:23.070 [INFO]   [Measuring]   [maven:out]         [com.diffblue.cover.buildsystem.internal.f.f] deserializing line [DIFFBLUE]{"__type":"com.diffblue.cover.buildsystem.model.DefaultEventMessage","project":"uk.gov.gchq.palisade:common","goal":"test","cause":null,"state":"STARTED"}
13:04:23.071 [INFO]   [Measuring]   [maven:out]         [com.diffblue.cover.buildsystem.config.a.a] out: [INFO] 
13:04:23.071 [INFO]   [Measuring]   [maven:out]         [com.diffblue.cover.buildsystem.config.a.a] out: [INFO] --- surefire:3.2.5:test (default-test) @ common ---
13:04:23.168 [INFO]   [Measuring]   [maven:out]         [com.diffblue.cover.buildsystem.config.a.a] out: [INFO] Using auto detected provider org.apache.maven.surefire.junitplatform.JUnitPlatformProvider
13:04:23.202 [INFO]   [Measuring]   [maven:out]         [com.diffblue.cover.buildsystem.config.a.a] out: [INFO] 
13:04:23.202 [INFO]   [Measuring]   [maven:out]         [com.diffblue.cover.buildsystem.config.a.a] out: [INFO] -------------------------------------------------------
13:04:23.202 [INFO]   [Measuring]   [maven:out]         [com.diffblue.cover.buildsystem.config.a.a] out: [INFO]  T E S T S
13:04:23.202 [INFO]   [Measuring]   [maven:out]         [com.diffblue.cover.buildsystem.config.a.a] out: [INFO] -------------------------------------------------------
13:04:23.900 [INFO]   [Measuring]   [maven:out]         [com.diffblue.cover.buildsystem.config.a.a] out: [INFO] Running uk.gov.gchq.palisade.user.UserIdDiffblueTest
13:04:23.951 [INFO]   [Measuring]   [maven:out]         [com.diffblue.cover.buildsystem.config.a.a] out: [INFO] Tests run: 2, Failures: 0, Errors: 0, Skipped: 0, Time elapsed: 0.041 s -- in uk.gov.gchq.palisade.user.UserIdDiffblueTest
13:04:23.952 [INFO]   [Measuring]   [maven:out]         [com.diffblue.cover.buildsystem.config.a.a] out: [INFO] Running uk.gov.gchq.palisade.user.UserDiffblueTest
13:04:23.955 [INFO]   [Measuring]   [maven:out]         [com.diffblue.cover.buildsystem.config.a.a] out: [INFO] Tests run: 2, Failures: 0, Errors: 0, Skipped: 0, Time elapsed: 0.005 s -- in uk.gov.gchq.palisade.user.UserDiffblueTest
13:04:23.955 [INFO]   [Measuring]   [maven:out]         [com.diffblue.cover.buildsystem.config.a.a] out: [INFO] Running uk.gov.gchq.palisade.rule.RulesDiffblueTest
13:04:24.876 [INFO]   [Measuring]   [maven:out]         [com.diffblue.cover.buildsystem.config.a.a] out: [INFO] Tests run: 11, Failures: 0, Errors: 0, Skipped: 0, Time elapsed: 0.928 s -- in uk.gov.gchq.palisade.rule.RulesDiffblueTest
13:04:24.877 [INFO]   [Measuring]   [maven:out]         [com.diffblue.cover.buildsystem.config.a.a] out: [INFO] Running uk.gov.gchq.palisade.data.serialise.SerialiserDiffblueTest
13:04:24.888 [INFO]   [Measuring]   [maven:err]         [com.diffblue.cover.buildsystem.config.a.a] err: SLF4J: Failed to load class "org.slf4j.impl.StaticLoggerBinder".
13:04:24.888 [INFO]   [Measuring]   [maven:err]         [com.diffblue.cover.buildsystem.config.a.a] err: SLF4J: Defaulting to no-operation (NOP) logger implementation
13:04:24.888 [INFO]   [Measuring]   [maven:err]         [com.diffblue.cover.buildsystem.config.a.a] err: SLF4J: See http://www.slf4j.org/codes.html#StaticLoggerBinder for further details.
13:04:24.904 [INFO]   [Measuring]   [maven:out]         [com.diffblue.cover.buildsystem.config.a.a] out: [INFO] Tests run: 3, Failures: 0, Errors: 0, Skipped: 0, Time elapsed: 0.025 s -- in uk.gov.gchq.palisade.data.serialise.SerialiserDiffblueTest
13:04:24.904 [INFO]   [Measuring]   [maven:out]         [com.diffblue.cover.buildsystem.config.a.a] out: [INFO] Running uk.gov.gchq.palisade.util.FileResourceBuilderDiffblueTest
13:04:24.912 [INFO]   [Measuring]   [maven:out]         [com.diffblue.cover.buildsystem.config.a.a] out: [INFO] Tests run: 2, Failures: 0, Errors: 0, Skipped: 0, Time elapsed: 0.009 s -- in uk.gov.gchq.palisade.util.FileResourceBuilderDiffblueTest
13:04:24.912 [INFO]   [Measuring]   [maven:out]         [com.diffblue.cover.buildsystem.config.a.a] out: [INFO] Running uk.gov.gchq.palisade.util.AbstractResourceBuilderDiffblueTest
13:04:24.918 [INFO]   [Measuring]   [maven:out]         [com.diffblue.cover.buildsystem.config.a.a] out: [INFO] Tests run: 1, Failures: 0, Errors: 0, Skipped: 0, Time elapsed: 0.006 s -- in uk.gov.gchq.palisade.util.AbstractResourceBuilderDiffblueTest
13:04:24.918 [INFO]   [Measuring]   [maven:out]         [com.diffblue.cover.buildsystem.config.a.a] out: [INFO] Running uk.gov.gchq.palisade.util.RulesUtilDiffblueTest
13:04:24.925 [INFO]   [Measuring]   [maven:out]         [com.diffblue.cover.buildsystem.config.a.a] out: [INFO] Tests run: 3, Failures: 0, Errors: 0, Skipped: 0, Time elapsed: 0.006 s -- in uk.gov.gchq.palisade.util.RulesUtilDiffblueTest
13:04:24.925 [INFO]   [Measuring]   [maven:out]         [com.diffblue.cover.buildsystem.config.a.a] out: [INFO] Running uk.gov.gchq.palisade.util.UriBuilderDiffblueTest
13:04:24.931 [INFO]   [Measuring]   [maven:out]         [com.diffblue.cover.buildsystem.config.a.a] out: [INFO] Tests run: 4, Failures: 0, Errors: 0, Skipped: 0, Time elapsed: 0.005 s -- in uk.gov.gchq.palisade.util.UriBuilderDiffblueTest
13:04:24.931 [INFO]   [Measuring]   [maven:out]         [com.diffblue.cover.buildsystem.config.a.a] out: [INFO] Running uk.gov.gchq.palisade.ContextDiffblueTest
13:04:24.935 [INFO]   [Measuring]   [maven:out]         [com.diffblue.cover.buildsystem.config.a.a] out: [INFO] Tests run: 4, Failures: 0, Errors: 0, Skipped: 0, Time elapsed: 0.003 s -- in uk.gov.gchq.palisade.ContextDiffblueTest
13:04:24.935 [INFO]   [Measuring]   [maven:out]         [com.diffblue.cover.buildsystem.config.a.a] out: [INFO] Running uk.gov.gchq.palisade.resource.AbstractResourceDiffblueTest
13:04:24.938 [INFO]   [Measuring]   [maven:out]         [com.diffblue.cover.buildsystem.config.a.a] out: [INFO] Tests run: 1, Failures: 0, Errors: 0, Skipped: 0, Time elapsed: 0.002 s -- in uk.gov.gchq.palisade.resource.AbstractResourceDiffblueTest
13:04:24.938 [INFO]   [Measuring]   [maven:out]         [com.diffblue.cover.buildsystem.config.a.a] out: [INFO] Running uk.gov.gchq.palisade.resource.impl.SystemResourceDiffblueTest
13:04:24.942 [INFO]   [Measuring]   [maven:out]         [com.diffblue.cover.buildsystem.config.a.a] out: [INFO] Tests run: 3, Failures: 0, Errors: 0, Skipped: 0, Time elapsed: 0.003 s -- in uk.gov.gchq.palisade.resource.impl.SystemResourceDiffblueTest
13:04:24.942 [INFO]   [Measuring]   [maven:out]         [com.diffblue.cover.buildsystem.config.a.a] out: [INFO] Running uk.gov.gchq.palisade.resource.impl.FileResourceDiffblueTest
13:04:24.994 [INFO]   [Measuring]   [maven:out]         [com.diffblue.cover.buildsystem.config.a.a] out: [INFO] Tests run: 8, Failures: 0, Errors: 0, Skipped: 0, Time elapsed: 0.052 s -- in uk.gov.gchq.palisade.resource.impl.FileResourceDiffblueTest
13:04:24.995 [INFO]   [Measuring]   [maven:out]         [com.diffblue.cover.buildsystem.config.a.a] out: [INFO] Running uk.gov.gchq.palisade.resource.impl.SimpleConnectionDetailDiffblueTest
13:04:24.998 [INFO]   [Measuring]   [maven:out]         [com.diffblue.cover.buildsystem.config.a.a] out: [INFO] Tests run: 1, Failures: 0, Errors: 0, Skipped: 0, Time elapsed: 0.003 s -- in uk.gov.gchq.palisade.resource.impl.SimpleConnectionDetailDiffblueTest
13:04:24.998 [INFO]   [Measuring]   [maven:out]         [com.diffblue.cover.buildsystem.config.a.a] out: [INFO] Running uk.gov.gchq.palisade.resource.impl.DirectoryResourceDiffblueTest
13:04:25.002 [INFO]   [Measuring]   [maven:out]         [com.diffblue.cover.buildsystem.config.a.a] out: [INFO] Tests run: 4, Failures: 0, Errors: 0, Skipped: 0, Time elapsed: 0.003 s -- in uk.gov.gchq.palisade.resource.impl.DirectoryResourceDiffblueTest
13:04:25.061 [INFO]   [Measuring]   [maven:out]         [com.diffblue.cover.buildsystem.config.a.a] out: [INFO] 
13:04:25.061 [INFO]   [Measuring]   [maven:out]         [com.diffblue.cover.buildsystem.config.a.a] out: [INFO] Results:
13:04:25.061 [INFO]   [Measuring]   [maven:out]         [com.diffblue.cover.buildsystem.config.a.a] out: [INFO] 
13:04:25.061 [INFO]   [Measuring]   [maven:out]         [com.diffblue.cover.buildsystem.config.a.a] out: [INFO] Tests run: 49, Failures: 0, Errors: 0, Skipped: 0
13:04:25.061 [INFO]   [Measuring]   [maven:out]         [com.diffblue.cover.buildsystem.config.a.a] out: [INFO] 
13:04:25.064 [INFO]   [Measuring]   [maven:out]         [com.diffblue.cover.buildsystem.internal.f.f] deserializing line [DIFFBLUE]{"__type":"com.diffblue.cover.buildsystem.model.DefaultEventMessage","project":"uk.gov.gchq.palisade:common","goal":"test","cause":null,"state":"SUCCESS"}
13:04:25.065 [INFO]   [Measuring]   [maven:out]         [com.diffblue.cover.buildsystem.internal.f.f] deserializing line [DIFFBLUE]{"__type":"com.diffblue.cover.buildsystem.model.DefaultEventMessage","project":"uk.gov.gchq.palisade:common","goal":"report","cause":null,"state":"STARTED"}
13:04:25.066 [INFO]   [Measuring]   [maven:out]         [com.diffblue.cover.buildsystem.config.a.a] out: [INFO] 
13:04:25.066 [INFO]   [Measuring]   [maven:out]         [com.diffblue.cover.buildsystem.config.a.a] out: [INFO] --- jacoco:0.8.5:report (default-cli) @ common ---
13:04:25.102 [INFO]   [Measuring]   [maven:out]         [com.diffblue.cover.buildsystem.config.a.a] out: [INFO] Loading execution data file /home/jbergqvist/diffblue/Palisade-common/target/jacoco.exec
13:04:25.161 [INFO]   [Measuring]   [maven:out]         [com.diffblue.cover.buildsystem.config.a.a] out: [INFO] Analyzed bundle 'GCHQ Palisade Common Library' with 25 classes
13:04:25.220 [INFO]   [Measuring]   [maven:out]         [com.diffblue.cover.buildsystem.internal.f.f] deserializing line [DIFFBLUE]{"__type":"com.diffblue.cover.buildsystem.model.DefaultEventMessage","project":"uk.gov.gchq.palisade:common","goal":"report","cause":null,"state":"SUCCESS"}
13:04:25.238 [INFO]   [Measuring]   [maven:out]         [com.diffblue.cover.buildsystem.internal.f.f] deserializing line [DIFFBLUE]{"__type":"com.diffblue.cover.buildsystem.model.DefaultProjectModuleMessage","project":{"__type":"DefaultProjectModule","junitReport":["/home/jbergqvist/diffblue/Palisade-common/target/surefire-reports"],"jacocoReport":["/home/jbergqvist/diffblue/Palisade-common/target/site/jacoco/jacoco.xml"],"jacocoDestFile":["${sonar.jacoco.reportPath}","/home/jbergqvist/diffblue/Palisade-common/target/jacoco.exec"],"jacocoFormats":["xml"],"jacocoSkipped":false,"classpath":["/home/jbergqvist/diffblue/Palisade-common/target/classes","/home/jbergqvist/.m2/repository/com/typesafe/akka/akka-stream_2.13/2.6.10/akka-stream_2.13-2.6.10.jar","/home/jbergqvist/.m2/repository/org/scala-lang/scala-library/2.13.3/scala-library-2.13.3.jar","/home/jbergqvist/.m2/repository/com/typesafe/akka/akka-actor_2.13/2.6.10/akka-actor_2.13-2.6.10.jar","/home/jbergqvist/.m2/repository/com/typesafe/config/1.4.0/config-1.4.0.jar","/home/jbergqvist/.m2/repository/org/scala-lang/modules/scala-java8-compat_2.13/0.9.0/scala-java8-compat_2.13-0.9.0.jar","/home/jbergqvist/.m2/repository/com/typesafe/akka/akka-protobuf-v3_2.13/2.6.10/akka-protobuf-v3_2.13-2.6.10.jar","/home/jbergqvist/.m2/repository/org/reactivestreams/reactive-streams/1.0.3/reactive-streams-1.0.3.jar","/home/jbergqvist/.m2/repository/com/typesafe/ssl-config-core_2.13/0.4.2/ssl-config-core_2.13-0.4.2.jar","/home/jbergqvist/.m2/repository/org/scala-lang/modules/scala-parser-combinators_2.13/1.1.2/scala-parser-combinators_2.13-1.1.2.jar","/home/jbergqvist/.m2/repository/org/junit/jupiter/junit-jupiter-engine/5.13.4/junit-jupiter-engine-5.13.4.jar","/home/jbergqvist/.m2/repository/org/junit/platform/junit-platform-engine/1.13.4/junit-platform-engine-1.13.4.jar","/home/jbergqvist/.m2/repository/org/opentest4j/opentest4j/1.3.0/opentest4j-1.3.0.jar","/home/jbergqvist/.m2/repository/org/junit/platform/junit-platform-commons/1.13.4/junit-platform-commons-1.13.4.jar","/home/jbergqvist/.m2/repository/org/junit/jupiter/junit-jupiter-api/5.13.4/junit-jupiter-api-5.13.4.jar","/home/jbergqvist/.m2/repository/org/apiguardian/apiguardian-api/1.1.2/apiguardian-api-1.1.2.jar","/home/jbergqvist/.m2/repository/org/mockito/mockito-core/5.20.0/mockito-core-5.20.0.jar","/home/jbergqvist/.m2/repository/net/bytebuddy/byte-buddy/1.17.7/byte-buddy-1.17.7.jar","/home/jbergqvist/.m2/repository/net/bytebuddy/byte-buddy-agent/1.17.7/byte-buddy-agent-1.17.7.jar","/home/jbergqvist/.m2/repository/org/objenesis/objenesis/3.3/objenesis-3.3.jar","/home/jbergqvist/.m2/repository/org/mockito/mockito-junit-jupiter/5.20.0/mockito-junit-jupiter-5.20.0.jar","/home/jbergqvist/.m2/repository/com/fasterxml/jackson/core/jackson-databind/2.11.0/jackson-databind-2.11.0.jar","/home/jbergqvist/.m2/repository/com/fasterxml/jackson/core/jackson-annotations/2.11.0/jackson-annotations-2.11.0.jar","/home/jbergqvist/.m2/repository/com/fasterxml/jackson/core/jackson-core/2.11.0/jackson-core-2.11.0.jar","/home/jbergqvist/.m2/repository/org/slf4j/slf4j-api/1.7.25/slf4j-api-1.7.25.jar","/home/jbergqvist/.m2/repository/com/diffblue/cover/cover-annotations/1.8.0/cover-annotations-1.8.0.jar"],"complianceLevel":"11","productionSources":["/home/jbergqvist/diffblue/Palisade-common/src/main/java"],"testSources":["/home/jbergqvist/diffblue/Palisade-common/src/test/java"],"productionClasses":"/home/jbergqvist/diffblue/Palisade-common/target/classes","testClasses":"/home/jbergqvist/diffblue/Palisade-common/target/test-classes","sourceToBuildPathMap":null,"testSourceToBuildPathMap":null,"buildDirectory":"/home/jbergqvist/diffblue/Palisade-common/target","plugins":[{"__type":"DefaultPlugin","groupId":"org.apache.maven.plugins","artefactId":"maven-compiler-plugin","version":"3.8.0","pluginClassName":null},{"__type":"DefaultPlugin","groupId":"org.apache.maven.plugins","artefactId":"maven-javadoc-plugin","version":"3.1.0","pluginClassName":null},{"__type":"DefaultPlugin","groupId":"org.apache.maven.plugins","artefactId":"maven-dependency-plugin","version":"3.1.2","pluginClassName":null},{"__type":"DefaultPlugin","groupId":"org.codehaus.mojo","artefactId":"flatten-maven-plugin","version":"1.1.0","pluginClassName":null},{"__type":"DefaultPlugin","groupId":"org.codehaus.mojo","artefactId":"license-maven-plugin","version":"2.0.0","pluginClassName":null},{"__type":"DefaultPlugin","groupId":"org.jacoco","artefactId":"jacoco-maven-plugin","version":"0.8.5","pluginClassName":null},{"__type":"DefaultPlugin","groupId":"org.apache.maven.plugins","artefactId":"maven-checkstyle-plugin","version":"3.1.0","pluginClassName":null},{"__type":"DefaultPlugin","groupId":"org.apache.maven.plugins","artefactId":"maven-clean-plugin","version":"3.2.0","pluginClassName":null},{"__type":"DefaultPlugin","groupId":"org.apache.maven.plugins","artefactId":"maven-resources-plugin","version":"3.3.1","pluginClassName":null},{"__type":"DefaultPlugin","groupId":"org.apache.maven.plugins","artefactId":"maven-jar-plugin","version":"3.4.1","pluginClassName":null},{"__type":"DefaultPlugin","groupId":"org.apache.maven.plugins","artefactId":"maven-surefire-plugin","version":"3.2.5","pluginClassName":null},{"__type":"DefaultPlugin","groupId":"org.apache.maven.plugins","artefactId":"maven-install-plugin","version":"3.1.2","pluginClassName":null},{"__type":"DefaultPlugin","groupId":"org.apache.maven.plugins","artefactId":"maven-deploy-plugin","version":"3.1.2","pluginClassName":null},{"__type":"DefaultPlugin","groupId":"org.apache.maven.plugins","artefactId":"maven-site-plugin","version":"3.12.1","pluginClassName":null}],"version":"3.9.12","encoding":"UTF-8","name":"maven","subModules":[],"simpleModuleName":null,"parentModuleName":null,"location":"/home/jbergqvist/diffblue/Palisade-common","fullModuleName":"uk.gov.gchq.palisade:common"}}
13:04:25.241 [INFO]   [Measuring]   [maven:out]         [com.diffblue.cover.buildsystem.config.a.a] out: [INFO] ------------------------------------------------------------------------
13:04:25.241 [INFO]   [Measuring]   [maven:out]         [com.diffblue.cover.buildsystem.config.a.a] out: [INFO] BUILD SUCCESS
13:04:25.241 [INFO]   [Measuring]   [maven:out]         [com.diffblue.cover.buildsystem.config.a.a] out: [INFO] ------------------------------------------------------------------------
13:04:25.241 [INFO]   [Measuring]   [maven:out]         [com.diffblue.cover.buildsystem.config.a.a] out: [INFO] Total time:  7.116 s
13:04:25.241 [INFO]   [Measuring]   [maven:out]         [com.diffblue.cover.buildsystem.config.a.a] out: [INFO] Finished at: 2026-01-12T13:04:25Z
13:04:25.241 [INFO]   [Measuring]   [maven:out]         [com.diffblue.cover.buildsystem.config.a.a] out: [INFO] ------------------------------------------------------------------------
13:04:25.242 [INFO]   [Measuring]   [maven:out]         [com.diffblue.cover.buildsystem.internal.f.f] deserializing line [DIFFBLUE]{"__type":"com.diffblue.cover.buildsystem.model.ProjectInfoMessage","projectName":"uk.gov.gchq.palisade:common","productionSources":["/home/jbergqvist/diffblue/Palisade-common/src/main/java","/home/jbergqvist/diffblue/Palisade-common/target/generated-sources/annotations"],"testSources":["/home/jbergqvist/diffblue/Palisade-common/src/test/java","/home/jbergqvist/diffblue/Palisade-common/target/generated-test-sources/test-annotations"],"location":"/home/jbergqvist/diffblue/Palisade-common"}
13:04:25.286 [INFO]   [Measuring]   [main]              [com.diffblue.cover.buildsystem.internal.f.d] maven:err process not stopped, joining thread
13:04:25.287 [INFO]   [Measuring]   [main]              [com.diffblue.cover.buildsystem.internal.f.d] maven:out process not stopped, joining thread
13:04:25.287 [DEBUG]  [Measuring]   [main]              [com.diffblue.cover.buildsystem.config.a.a] Executor spent 7s on command "/home/jbergqvist/.sdkman/candidates/maven/current/bin/mvn -Dmaven.ext.class.path=/opt/cover/cover-buildsystem-maven-spy-jar-with-dependencies.jar -Dcom.diffblue.cover.skipTests=true -DskipTestOptimizer --batch-mode --projects=uk.gov.gchq.palisade:common --global-settings=/home/jbergqvist/.sdkman/candidates/maven/current/conf/settings.xml org.apache.maven.plugins:maven-checkstyle-plugin:check -Dcheckstyle.failOnViolation=false org.jacoco:jacoco-maven-plugin:0.8.5:prepare-agent -Djacoco.skip=false test -DfailIfNoTests=false -Dsurefire.failIfNoSpecifiedTests=false -Dmaven.test.failure.ignore=True -Dtest=*DiffblueTest org.jacoco:jacoco-maven-plugin:0.8.5:report -Djacoco.skip=false"
13:04:25.287 [INFO]   [Measuring]   [main]              [com.diffblue.cover.buildsystem.config.a.a] Attempting to invoke mvnw in working directory: /home/jbergqvist/diffblue/Palisade-common
13:04:25.287 [INFO]   [Measuring]   [main]              [com.diffblue.cover.buildsystem.config.a.a] Attempting to invoke /home/jbergqvist/.sdkman/candidates/maven/current/bin/mvn in working directory: /home/jbergqvist/diffblue/Palisade-common
13:04:25.288 [INFO]   [Measuring]   [main]              [com.diffblue.cover.buildsystem.config.a.a] Started "/home/jbergqvist/.sdkman/candidates/maven/current/bin/mvn -Dmaven.ext.class.path=/opt/cover/cover-buildsystem-maven-spy-jar-with-dependencies.jar -Dcom.diffblue.cover.skipTests=true -DskipTestOptimizer --batch-mode --projects=uk.gov.gchq.palisade:common --global-settings=/home/jbergqvist/.sdkman/candidates/maven/current/conf/settings.xml org.apache.maven.plugins:maven-checkstyle-plugin:check -Dcheckstyle.failOnViolation=false org.jacoco:jacoco-maven-plugin:0.8.5:prepare-agent -Djacoco.skip=false test -DfailIfNoTests=false -Dsurefire.failIfNoSpecifiedTests=false -Dmaven.test.failure.ignore=True -Dtest=!*DiffblueTest,**/Test*.java,**/*Test.java,**/*Tests.java,**/*TestCase.java -Dgroups=MaintainedByDiffblue,ContributionFromDiffblue org.jacoco:jacoco-maven-plugin:0.8.5:report -Djacoco.skip=false"
13:04:26.043 [INFO]   [Measuring]   [maven:out]         [com.diffblue.cover.buildsystem.config.a.a] out: [INFO] Scanning for projects...
13:04:26.146 [INFO]   [Measuring]   [maven:out]         [com.diffblue.cover.buildsystem.config.a.a] out: [INFO] 
13:04:26.146 [INFO]   [Measuring]   [maven:out]         [com.diffblue.cover.buildsystem.config.a.a] out: [INFO] --------------------< uk.gov.gchq.palisade:common >---------------------
13:04:26.146 [INFO]   [Measuring]   [maven:out]         [com.diffblue.cover.buildsystem.config.a.a] out: [INFO] Building GCHQ Palisade Common Library 0.5.2-SNAPSHOT
13:04:26.146 [INFO]   [Measuring]   [maven:out]         [com.diffblue.cover.buildsystem.config.a.a] out: [INFO]   from pom.xml
13:04:26.146 [INFO]   [Measuring]   [maven:out]         [com.diffblue.cover.buildsystem.config.a.a] out: [INFO] --------------------------------[ jar ]---------------------------------
13:04:26.389 [INFO]   [Measuring]   [maven:out]         [com.diffblue.cover.buildsystem.internal.f.f] deserializing line [DIFFBLUE]{"__type":"com.diffblue.cover.buildsystem.model.DefaultEventMessage","project":"uk.gov.gchq.palisade:common","goal":"check","cause":null,"state":"STARTED"}
13:04:26.390 [INFO]   [Measuring]   [maven:out]         [com.diffblue.cover.buildsystem.config.a.a] out: [INFO] 
13:04:26.390 [INFO]   [Measuring]   [maven:out]         [com.diffblue.cover.buildsystem.config.a.a] out: [INFO] --- checkstyle:3.1.0:check (default-cli) @ common ---
13:04:27.036 [INFO]   [Measuring]   [maven:out]         [com.diffblue.cover.buildsystem.config.a.a] out: [INFO] Starting audit...
13:04:27.036 [INFO]   [Measuring]   [maven:out]         [com.diffblue.cover.buildsystem.config.a.a] out: Audit done.
13:04:27.042 [INFO]   [Measuring]   [maven:out]         [com.diffblue.cover.buildsystem.internal.f.f] deserializing line [DIFFBLUE]{"__type":"com.diffblue.cover.buildsystem.model.DefaultEventMessage","project":"uk.gov.gchq.palisade:common","goal":"check","cause":null,"state":"SUCCESS"}
13:04:27.044 [INFO]   [Measuring]   [maven:out]         [com.diffblue.cover.buildsystem.internal.f.f] deserializing line [DIFFBLUE]{"__type":"com.diffblue.cover.buildsystem.model.DefaultEventMessage","project":"uk.gov.gchq.palisade:common","goal":"prepare-agent","cause":null,"state":"STARTED"}
13:04:27.045 [INFO]   [Measuring]   [maven:out]         [com.diffblue.cover.buildsystem.config.a.a] out: [INFO] 
13:04:27.045 [INFO]   [Measuring]   [maven:out]         [com.diffblue.cover.buildsystem.config.a.a] out: [INFO] --- jacoco:0.8.5:prepare-agent (default-cli) @ common ---
13:04:27.157 [INFO]   [Measuring]   [maven:out]         [com.diffblue.cover.buildsystem.config.a.a] out: [INFO] argLine set to -javaagent:/home/jbergqvist/.m2/repository/org/jacoco/org.jacoco.agent/0.8.5/org.jacoco.agent-0.8.5-runtime.jar=destfile=/home/jbergqvist/diffblue/Palisade-common/target/jacoco.exec,append=true
13:04:27.158 [INFO]   [Measuring]   [maven:out]         [com.diffblue.cover.buildsystem.internal.f.f] deserializing line [DIFFBLUE]{"__type":"com.diffblue.cover.buildsystem.model.DefaultEventMessage","project":"uk.gov.gchq.palisade:common","goal":"prepare-agent","cause":null,"state":"SUCCESS"}
13:04:27.160 [INFO]   [Measuring]   [maven:out]         [com.diffblue.cover.buildsystem.internal.f.f] deserializing line [DIFFBLUE]{"__type":"com.diffblue.cover.buildsystem.model.DefaultEventMessage","project":"uk.gov.gchq.palisade:common","goal":"prepare-agent","cause":null,"state":"STARTED"}
13:04:27.160 [INFO]   [Measuring]   [maven:out]         [com.diffblue.cover.buildsystem.config.a.a] out: [INFO] 
13:04:27.160 [INFO]   [Measuring]   [maven:out]         [com.diffblue.cover.buildsystem.config.a.a] out: [INFO] --- jacoco:0.8.5:prepare-agent (agent) @ common ---
13:04:27.161 [INFO]   [Measuring]   [maven:out]         [com.diffblue.cover.buildsystem.config.a.a] out: [INFO] argLine set to -javaagent:/home/jbergqvist/.m2/repository/org/jacoco/org.jacoco.agent/0.8.5/org.jacoco.agent-0.8.5-runtime.jar=destfile=/home/jbergqvist/diffblue/Palisade-common/target/jacoco.exec,append=true
13:04:27.162 [INFO]   [Measuring]   [maven:out]         [com.diffblue.cover.buildsystem.internal.f.f] deserializing line [DIFFBLUE]{"__type":"com.diffblue.cover.buildsystem.model.DefaultEventMessage","project":"uk.gov.gchq.palisade:common","goal":"prepare-agent","cause":null,"state":"SUCCESS"}
13:04:27.163 [INFO]   [Measuring]   [maven:out]         [com.diffblue.cover.buildsystem.internal.f.f] deserializing line [DIFFBLUE]{"__type":"com.diffblue.cover.buildsystem.model.DefaultEventMessage","project":"uk.gov.gchq.palisade:common","goal":"resources","cause":null,"state":"STARTED"}
13:04:27.164 [INFO]   [Measuring]   [maven:out]         [com.diffblue.cover.buildsystem.config.a.a] out: [INFO] 
13:04:27.164 [INFO]   [Measuring]   [maven:out]         [com.diffblue.cover.buildsystem.config.a.a] out: [INFO] --- resources:3.3.1:resources (default-resources) @ common ---
13:04:27.213 [INFO]   [Measuring]   [maven:out]         [com.diffblue.cover.buildsystem.config.a.a] out: [INFO] Copying 1 resource from src/main/resources to target/classes
13:04:27.217 [INFO]   [Measuring]   [maven:out]         [com.diffblue.cover.buildsystem.internal.f.f] deserializing line [DIFFBLUE]{"__type":"com.diffblue.cover.buildsystem.model.DefaultEventMessage","project":"uk.gov.gchq.palisade:common","goal":"resources","cause":null,"state":"SUCCESS"}
13:04:27.218 [INFO]   [Measuring]   [maven:out]         [com.diffblue.cover.buildsystem.internal.f.f] deserializing line [DIFFBLUE]{"__type":"com.diffblue.cover.buildsystem.model.DefaultEventMessage","project":"uk.gov.gchq.palisade:common","goal":"flatten","cause":null,"state":"STARTED"}
13:04:27.219 [INFO]   [Measuring]   [maven:out]         [com.diffblue.cover.buildsystem.config.a.a] out: [INFO] 
13:04:27.219 [INFO]   [Measuring]   [maven:out]         [com.diffblue.cover.buildsystem.config.a.a] out: [INFO] --- flatten:1.1.0:flatten (flatten) @ common ---
13:04:27.309 [INFO]   [Measuring]   [maven:out]         [com.diffblue.cover.buildsystem.config.a.a] out: [INFO] Generating flattened POM of project uk.gov.gchq.palisade:common:jar:0.5.2-SNAPSHOT...
13:04:27.341 [INFO]   [Measuring]   [maven:out]         [com.diffblue.cover.buildsystem.internal.f.f] deserializing line [DIFFBLUE]{"__type":"com.diffblue.cover.buildsystem.model.DefaultEventMessage","project":"uk.gov.gchq.palisade:common","goal":"flatten","cause":null,"state":"SUCCESS"}
13:04:27.342 [INFO]   [Measuring]   [maven:out]         [com.diffblue.cover.buildsystem.internal.f.f] deserializing line [DIFFBLUE]{"__type":"com.diffblue.cover.buildsystem.model.DefaultEventMessage","project":"uk.gov.gchq.palisade:common","goal":"compile","cause":null,"state":"STARTED"}
13:04:27.343 [INFO]   [Measuring]   [maven:out]         [com.diffblue.cover.buildsystem.config.a.a] out: [INFO] 
13:04:27.343 [INFO]   [Measuring]   [maven:out]         [com.diffblue.cover.buildsystem.config.a.a] out: [INFO] --- compiler:3.8.0:compile (default-compile) @ common ---
13:04:27.427 [INFO]   [Measuring]   [maven:out]         [com.diffblue.cover.buildsystem.config.a.a] out: [INFO] Nothing to compile - all classes are up to date
13:04:27.428 [INFO]   [Measuring]   [maven:out]         [com.diffblue.cover.buildsystem.internal.f.f] deserializing line [DIFFBLUE]{"__type":"com.diffblue.cover.buildsystem.model.DefaultEventMessage","project":"uk.gov.gchq.palisade:common","goal":"compile","cause":null,"state":"SUCCESS"}
13:04:27.430 [INFO]   [Measuring]   [maven:out]         [com.diffblue.cover.buildsystem.internal.f.f] deserializing line [DIFFBLUE]{"__type":"com.diffblue.cover.buildsystem.model.DefaultEventMessage","project":"uk.gov.gchq.palisade:common","goal":"javadoc-no-fork","cause":null,"state":"STARTED"}
13:04:27.431 [INFO]   [Measuring]   [maven:out]         [com.diffblue.cover.buildsystem.config.a.a] out: [INFO] 
13:04:27.431 [INFO]   [Measuring]   [maven:out]         [com.diffblue.cover.buildsystem.config.a.a] out: [INFO] --- javadoc:3.1.0:javadoc-no-fork (javadoc-compile) @ common ---
13:04:29.011 [INFO]   [Measuring]   [maven:out]         [com.diffblue.cover.buildsystem.internal.f.f] deserializing line [DIFFBLUE]{"__type":"com.diffblue.cover.buildsystem.model.DefaultEventMessage","project":"uk.gov.gchq.palisade:common","goal":"javadoc-no-fork","cause":null,"state":"SUCCESS"}
13:04:29.012 [INFO]   [Measuring]   [maven:out]         [com.diffblue.cover.buildsystem.internal.f.f] deserializing line [DIFFBLUE]{"__type":"com.diffblue.cover.buildsystem.model.DefaultEventMessage","project":"uk.gov.gchq.palisade:common","goal":"aggregate-no-fork","cause":null,"state":"STARTED"}
13:04:29.012 [INFO]   [Measuring]   [maven:out]         [com.diffblue.cover.buildsystem.config.a.a] out: [INFO] 
13:04:29.012 [INFO]   [Measuring]   [maven:out]         [com.diffblue.cover.buildsystem.config.a.a] out: [INFO] --- javadoc:3.1.0:aggregate-no-fork (javadoc-compile) @ common ---
13:04:30.373 [INFO]   [Measuring]   [maven:out]         [com.diffblue.cover.buildsystem.internal.f.f] deserializing line [DIFFBLUE]{"__type":"com.diffblue.cover.buildsystem.model.DefaultEventMessage","project":"uk.gov.gchq.palisade:common","goal":"aggregate-no-fork","cause":null,"state":"SUCCESS"}
13:04:30.374 [INFO]   [Measuring]   [maven:out]         [com.diffblue.cover.buildsystem.internal.f.f] deserializing line [DIFFBLUE]{"__type":"com.diffblue.cover.buildsystem.model.DefaultEventMessage","project":"uk.gov.gchq.palisade:common","goal":"testResources","cause":null,"state":"STARTED"}
13:04:30.375 [INFO]   [Measuring]   [maven:out]         [com.diffblue.cover.buildsystem.config.a.a] out: [INFO] 
13:04:30.375 [INFO]   [Measuring]   [maven:out]         [com.diffblue.cover.buildsystem.config.a.a] out: [INFO] --- resources:3.3.1:testResources (default-testResources) @ common ---
13:04:30.376 [INFO]   [Measuring]   [maven:out]         [com.diffblue.cover.buildsystem.config.a.a] out: [INFO] skip non existing resourceDirectory /home/jbergqvist/diffblue/Palisade-common/src/test/resources
13:04:30.377 [INFO]   [Measuring]   [maven:out]         [com.diffblue.cover.buildsystem.internal.f.f] deserializing line [DIFFBLUE]{"__type":"com.diffblue.cover.buildsystem.model.DefaultEventMessage","project":"uk.gov.gchq.palisade:common","goal":"testResources","cause":null,"state":"SUCCESS"}
13:04:30.378 [INFO]   [Measuring]   [maven:out]         [com.diffblue.cover.buildsystem.internal.f.f] deserializing line [DIFFBLUE]{"__type":"com.diffblue.cover.buildsystem.model.DefaultEventMessage","project":"uk.gov.gchq.palisade:common","goal":"testCompile","cause":null,"state":"STARTED"}
13:04:30.379 [INFO]   [Measuring]   [maven:out]         [com.diffblue.cover.buildsystem.config.a.a] out: [INFO] 
13:04:30.379 [INFO]   [Measuring]   [maven:out]         [com.diffblue.cover.buildsystem.config.a.a] out: [INFO] --- compiler:3.8.0:testCompile (default-testCompile) @ common ---
13:04:30.383 [INFO]   [Measuring]   [maven:out]         [com.diffblue.cover.buildsystem.config.a.a] out: [INFO] Nothing to compile - all classes are up to date
13:04:30.384 [INFO]   [Measuring]   [maven:out]         [com.diffblue.cover.buildsystem.internal.f.f] deserializing line [DIFFBLUE]{"__type":"com.diffblue.cover.buildsystem.model.DefaultEventMessage","project":"uk.gov.gchq.palisade:common","goal":"testCompile","cause":null,"state":"SUCCESS"}
13:04:30.385 [INFO]   [Measuring]   [maven:out]         [com.diffblue.cover.buildsystem.internal.f.f] deserializing line [DIFFBLUE]{"__type":"com.diffblue.cover.buildsystem.model.DefaultEventMessage","project":"uk.gov.gchq.palisade:common","goal":"test","cause":null,"state":"STARTED"}
13:04:30.386 [INFO]   [Measuring]   [maven:out]         [com.diffblue.cover.buildsystem.config.a.a] out: [INFO] 
13:04:30.386 [INFO]   [Measuring]   [maven:out]         [com.diffblue.cover.buildsystem.config.a.a] out: [INFO] --- surefire:3.2.5:test (default-test) @ common ---
13:04:30.457 [INFO]   [Measuring]   [maven:out]         [com.diffblue.cover.buildsystem.internal.f.f] deserializing line [DIFFBLUE]{"__type":"com.diffblue.cover.buildsystem.model.DefaultEventMessage","project":"uk.gov.gchq.palisade:common","goal":"test","cause":null,"state":"SUCCESS"}
13:04:30.458 [INFO]   [Measuring]   [maven:out]         [com.diffblue.cover.buildsystem.internal.f.f] deserializing line [DIFFBLUE]{"__type":"com.diffblue.cover.buildsystem.model.DefaultEventMessage","project":"uk.gov.gchq.palisade:common","goal":"report","cause":null,"state":"STARTED"}
13:04:30.458 [INFO]   [Measuring]   [maven:out]         [com.diffblue.cover.buildsystem.config.a.a] out: [INFO] 
13:04:30.458 [INFO]   [Measuring]   [maven:out]         [com.diffblue.cover.buildsystem.config.a.a] out: [INFO] --- jacoco:0.8.5:report (default-cli) @ common ---
13:04:30.509 [INFO]   [Measuring]   [maven:out]         [com.diffblue.cover.buildsystem.config.a.a] out: [INFO] Loading execution data file /home/jbergqvist/diffblue/Palisade-common/target/jacoco.exec
13:04:30.573 [INFO]   [Measuring]   [maven:out]         [com.diffblue.cover.buildsystem.config.a.a] out: [INFO] Analyzed bundle 'GCHQ Palisade Common Library' with 25 classes
13:04:30.635 [INFO]   [Measuring]   [maven:out]         [com.diffblue.cover.buildsystem.internal.f.f] deserializing line [DIFFBLUE]{"__type":"com.diffblue.cover.buildsystem.model.DefaultEventMessage","project":"uk.gov.gchq.palisade:common","goal":"report","cause":null,"state":"SUCCESS"}
13:04:30.659 [INFO]   [Measuring]   [maven:out]         [com.diffblue.cover.buildsystem.internal.f.f] deserializing line [DIFFBLUE]{"__type":"com.diffblue.cover.buildsystem.model.DefaultProjectModuleMessage","project":{"__type":"DefaultProjectModule","junitReport":["/home/jbergqvist/diffblue/Palisade-common/target/surefire-reports"],"jacocoReport":["/home/jbergqvist/diffblue/Palisade-common/target/site/jacoco/jacoco.xml"],"jacocoDestFile":["${sonar.jacoco.reportPath}","/home/jbergqvist/diffblue/Palisade-common/target/jacoco.exec"],"jacocoFormats":["xml"],"jacocoSkipped":false,"classpath":["/home/jbergqvist/diffblue/Palisade-common/target/classes","/home/jbergqvist/.m2/repository/com/typesafe/akka/akka-stream_2.13/2.6.10/akka-stream_2.13-2.6.10.jar","/home/jbergqvist/.m2/repository/org/scala-lang/scala-library/2.13.3/scala-library-2.13.3.jar","/home/jbergqvist/.m2/repository/com/typesafe/akka/akka-actor_2.13/2.6.10/akka-actor_2.13-2.6.10.jar","/home/jbergqvist/.m2/repository/com/typesafe/config/1.4.0/config-1.4.0.jar","/home/jbergqvist/.m2/repository/org/scala-lang/modules/scala-java8-compat_2.13/0.9.0/scala-java8-compat_2.13-0.9.0.jar","/home/jbergqvist/.m2/repository/com/typesafe/akka/akka-protobuf-v3_2.13/2.6.10/akka-protobuf-v3_2.13-2.6.10.jar","/home/jbergqvist/.m2/repository/org/reactivestreams/reactive-streams/1.0.3/reactive-streams-1.0.3.jar","/home/jbergqvist/.m2/repository/com/typesafe/ssl-config-core_2.13/0.4.2/ssl-config-core_2.13-0.4.2.jar","/home/jbergqvist/.m2/repository/org/scala-lang/modules/scala-parser-combinators_2.13/1.1.2/scala-parser-combinators_2.13-1.1.2.jar","/home/jbergqvist/.m2/repository/org/junit/jupiter/junit-jupiter-engine/5.13.4/junit-jupiter-engine-5.13.4.jar","/home/jbergqvist/.m2/repository/org/junit/platform/junit-platform-engine/1.13.4/junit-platform-engine-1.13.4.jar","/home/jbergqvist/.m2/repository/org/opentest4j/opentest4j/1.3.0/opentest4j-1.3.0.jar","/home/jbergqvist/.m2/repository/org/junit/platform/junit-platform-commons/1.13.4/junit-platform-commons-1.13.4.jar","/home/jbergqvist/.m2/repository/org/junit/jupiter/junit-jupiter-api/5.13.4/junit-jupiter-api-5.13.4.jar","/home/jbergqvist/.m2/repository/org/apiguardian/apiguardian-api/1.1.2/apiguardian-api-1.1.2.jar","/home/jbergqvist/.m2/repository/org/mockito/mockito-core/5.20.0/mockito-core-5.20.0.jar","/home/jbergqvist/.m2/repository/net/bytebuddy/byte-buddy/1.17.7/byte-buddy-1.17.7.jar","/home/jbergqvist/.m2/repository/net/bytebuddy/byte-buddy-agent/1.17.7/byte-buddy-agent-1.17.7.jar","/home/jbergqvist/.m2/repository/org/objenesis/objenesis/3.3/objenesis-3.3.jar","/home/jbergqvist/.m2/repository/org/mockito/mockito-junit-jupiter/5.20.0/mockito-junit-jupiter-5.20.0.jar","/home/jbergqvist/.m2/repository/com/fasterxml/jackson/core/jackson-databind/2.11.0/jackson-databind-2.11.0.jar","/home/jbergqvist/.m2/repository/com/fasterxml/jackson/core/jackson-annotations/2.11.0/jackson-annotations-2.11.0.jar","/home/jbergqvist/.m2/repository/com/fasterxml/jackson/core/jackson-core/2.11.0/jackson-core-2.11.0.jar","/home/jbergqvist/.m2/repository/org/slf4j/slf4j-api/1.7.25/slf4j-api-1.7.25.jar","/home/jbergqvist/.m2/repository/com/diffblue/cover/cover-annotations/1.8.0/cover-annotations-1.8.0.jar"],"complianceLevel":"11","productionSources":["/home/jbergqvist/diffblue/Palisade-common/src/main/java"],"testSources":["/home/jbergqvist/diffblue/Palisade-common/src/test/java"],"productionClasses":"/home/jbergqvist/diffblue/Palisade-common/target/classes","testClasses":"/home/jbergqvist/diffblue/Palisade-common/target/test-classes","sourceToBuildPathMap":null,"testSourceToBuildPathMap":null,"buildDirectory":"/home/jbergqvist/diffblue/Palisade-common/target","plugins":[{"__type":"DefaultPlugin","groupId":"org.apache.maven.plugins","artefactId":"maven-compiler-plugin","version":"3.8.0","pluginClassName":null},{"__type":"DefaultPlugin","groupId":"org.apache.maven.plugins","artefactId":"maven-javadoc-plugin","version":"3.1.0","pluginClassName":null},{"__type":"DefaultPlugin","groupId":"org.apache.maven.plugins","artefactId":"maven-dependency-plugin","version":"3.1.2","pluginClassName":null},{"__type":"DefaultPlugin","groupId":"org.codehaus.mojo","artefactId":"flatten-maven-plugin","version":"1.1.0","pluginClassName":null},{"__type":"DefaultPlugin","groupId":"org.codehaus.mojo","artefactId":"license-maven-plugin","version":"2.0.0","pluginClassName":null},{"__type":"DefaultPlugin","groupId":"org.jacoco","artefactId":"jacoco-maven-plugin","version":"0.8.5","pluginClassName":null},{"__type":"DefaultPlugin","groupId":"org.apache.maven.plugins","artefactId":"maven-checkstyle-plugin","version":"3.1.0","pluginClassName":null},{"__type":"DefaultPlugin","groupId":"org.apache.maven.plugins","artefactId":"maven-clean-plugin","version":"3.2.0","pluginClassName":null},{"__type":"DefaultPlugin","groupId":"org.apache.maven.plugins","artefactId":"maven-resources-plugin","version":"3.3.1","pluginClassName":null},{"__type":"DefaultPlugin","groupId":"org.apache.maven.plugins","artefactId":"maven-jar-plugin","version":"3.4.1","pluginClassName":null},{"__type":"DefaultPlugin","groupId":"org.apache.maven.plugins","artefactId":"maven-surefire-plugin","version":"3.2.5","pluginClassName":null},{"__type":"DefaultPlugin","groupId":"org.apache.maven.plugins","artefactId":"maven-install-plugin","version":"3.1.2","pluginClassName":null},{"__type":"DefaultPlugin","groupId":"org.apache.maven.plugins","artefactId":"maven-deploy-plugin","version":"3.1.2","pluginClassName":null},{"__type":"DefaultPlugin","groupId":"org.apache.maven.plugins","artefactId":"maven-site-plugin","version":"3.12.1","pluginClassName":null}],"version":"3.9.12","encoding":"UTF-8","name":"maven","subModules":[],"simpleModuleName":null,"parentModuleName":null,"location":"/home/jbergqvist/diffblue/Palisade-common","fullModuleName":"uk.gov.gchq.palisade:common"}}
13:04:30.662 [INFO]   [Measuring]   [maven:out]         [com.diffblue.cover.buildsystem.config.a.a] out: [INFO] ------------------------------------------------------------------------
13:04:30.662 [INFO]   [Measuring]   [maven:out]         [com.diffblue.cover.buildsystem.config.a.a] out: [INFO] BUILD SUCCESS
13:04:30.662 [INFO]   [Measuring]   [maven:out]         [com.diffblue.cover.buildsystem.config.a.a] out: [INFO] ------------------------------------------------------------------------
13:04:30.662 [INFO]   [Measuring]   [maven:out]         [com.diffblue.cover.buildsystem.config.a.a] out: [INFO] Total time:  4.630 s
13:04:30.662 [INFO]   [Measuring]   [maven:out]         [com.diffblue.cover.buildsystem.config.a.a] out: [INFO] Finished at: 2026-01-12T13:04:30Z
13:04:30.662 [INFO]   [Measuring]   [maven:out]         [com.diffblue.cover.buildsystem.config.a.a] out: [INFO] ------------------------------------------------------------------------
13:04:30.663 [INFO]   [Measuring]   [maven:out]         [com.diffblue.cover.buildsystem.internal.f.f] deserializing line [DIFFBLUE]{"__type":"com.diffblue.cover.buildsystem.model.ProjectInfoMessage","projectName":"uk.gov.gchq.palisade:common","productionSources":["/home/jbergqvist/diffblue/Palisade-common/src/main/java","/home/jbergqvist/diffblue/Palisade-common/target/generated-sources/annotations"],"testSources":["/home/jbergqvist/diffblue/Palisade-common/src/test/java","/home/jbergqvist/diffblue/Palisade-common/target/generated-test-sources/test-annotations"],"location":"/home/jbergqvist/diffblue/Palisade-common"}
13:04:30.704 [INFO]   [Measuring]   [main]              [com.diffblue.cover.buildsystem.internal.f.d] maven:err process not stopped, joining thread
13:04:30.704 [INFO]   [Measuring]   [main]              [com.diffblue.cover.buildsystem.internal.f.d] maven:out process not stopped, joining thread
13:04:30.704 [DEBUG]  [Measuring]   [main]              [com.diffblue.cover.buildsystem.config.a.a] Executor spent 5s on command "/home/jbergqvist/.sdkman/candidates/maven/current/bin/mvn -Dmaven.ext.class.path=/opt/cover/cover-buildsystem-maven-spy-jar-with-dependencies.jar -Dcom.diffblue.cover.skipTests=true -DskipTestOptimizer --batch-mode --projects=uk.gov.gchq.palisade:common --global-settings=/home/jbergqvist/.sdkman/candidates/maven/current/conf/settings.xml org.apache.maven.plugins:maven-checkstyle-plugin:check -Dcheckstyle.failOnViolation=false org.jacoco:jacoco-maven-plugin:0.8.5:prepare-agent -Djacoco.skip=false test -DfailIfNoTests=false -Dsurefire.failIfNoSpecifiedTests=false -Dmaven.test.failure.ignore=True -Dtest=!*DiffblueTest,**/Test*.java,**/*Test.java,**/*Tests.java,**/*TestCase.java -Dgroups=MaintainedByDiffblue,ContributionFromDiffblue org.jacoco:jacoco-maven-plugin:0.8.5:report -Djacoco.skip=false"
13:04:30.723 [INFO]   [Measuring]   [main]              [com.diffblue.cover.ui.controller.p] JaCoCo report file created in /home/jbergqvist/diffblue/Palisade-common/.diffblue/reports/diffblue-tests-jacoco-report.xml
13:04:30.747 [INFO]   [Measuring]   [main]              [com.diffblue.cover.ui.controller.q] Calculating coverage from manual tests.
13:04:30.748 [DEBUG]  [Measuring]   [main]              [com.diffblue.cover.buildsystem.config.registry.Registry] checking if /home/jbergqvist/diffblue/Palisade-common/DiffblueBuild.yaml exists...
13:04:30.748 [DEBUG]  [Measuring]   [main]              [com.diffblue.cover.buildsystem.config.registry.Registry] checking if /home/jbergqvist/diffblue/Palisade-common/DiffblueBuild.yml exists...
13:04:30.748 [INFO]   [Measuring]   [main]              [com.diffblue.cover.buildsystem.config.registry.Registry] Using default build rules as no custom rules found in any of [/home/jbergqvist/diffblue/Palisade-common]
13:04:30.748 [DEBUG]  [Measuring]   [main]              [com.diffblue.cover.buildsystem.config.registry.Registry] Build execution request for Coverage Phase
13:04:30.749 [INFO]   [Measuring]   [main]              [com.diffblue.cover.buildsystem.config.a.a] Attempting to invoke mvnw in working directory: /home/jbergqvist/diffblue/Palisade-common
13:04:30.749 [INFO]   [Measuring]   [main]              [com.diffblue.cover.buildsystem.config.a.a] Attempting to invoke /home/jbergqvist/.sdkman/candidates/maven/current/bin/mvn in working directory: /home/jbergqvist/diffblue/Palisade-common
13:04:30.749 [INFO]   [Measuring]   [main]              [com.diffblue.cover.buildsystem.config.a.a] Started "/home/jbergqvist/.sdkman/candidates/maven/current/bin/mvn -Dmaven.ext.class.path=/opt/cover/cover-buildsystem-maven-spy-jar-with-dependencies.jar -Dcom.diffblue.cover.skipTests=true -DskipTestOptimizer --batch-mode --projects=uk.gov.gchq.palisade:common --global-settings=/home/jbergqvist/.sdkman/candidates/maven/current/conf/settings.xml org.apache.maven.plugins:maven-checkstyle-plugin:check -Dcheckstyle.failOnViolation=false org.jacoco:jacoco-maven-plugin:0.8.5:prepare-agent -Djacoco.skip=false test -DfailIfNoTests=false -Dsurefire.failIfNoSpecifiedTests=false -Dmaven.test.failure.ignore=True -Dtest=!*DiffblueTest,**/Test*.java,**/*Test.java,**/*Tests.java,**/*TestCase.java -DexcludedGroups=MaintainedByDiffblue,ContributionFromDiffblue org.jacoco:jacoco-maven-plugin:0.8.5:report -Djacoco.skip=false"
13:04:31.508 [INFO]   [Measuring]   [maven:out]         [com.diffblue.cover.buildsystem.config.a.a] out: [INFO] Scanning for projects...
13:04:31.619 [INFO]   [Measuring]   [maven:out]         [com.diffblue.cover.buildsystem.config.a.a] out: [INFO] 
13:04:31.619 [INFO]   [Measuring]   [maven:out]         [com.diffblue.cover.buildsystem.config.a.a] out: [INFO] --------------------< uk.gov.gchq.palisade:common >---------------------
13:04:31.619 [INFO]   [Measuring]   [maven:out]         [com.diffblue.cover.buildsystem.config.a.a] out: [INFO] Building GCHQ Palisade Common Library 0.5.2-SNAPSHOT
13:04:31.619 [INFO]   [Measuring]   [maven:out]         [com.diffblue.cover.buildsystem.config.a.a] out: [INFO]   from pom.xml
13:04:31.619 [INFO]   [Measuring]   [maven:out]         [com.diffblue.cover.buildsystem.config.a.a] out: [INFO] --------------------------------[ jar ]---------------------------------
13:04:31.853 [INFO]   [Measuring]   [maven:out]         [com.diffblue.cover.buildsystem.internal.f.f] deserializing line [DIFFBLUE]{"__type":"com.diffblue.cover.buildsystem.model.DefaultEventMessage","project":"uk.gov.gchq.palisade:common","goal":"check","cause":null,"state":"STARTED"}
13:04:31.855 [INFO]   [Measuring]   [maven:out]         [com.diffblue.cover.buildsystem.config.a.a] out: [INFO] 
13:04:31.855 [INFO]   [Measuring]   [maven:out]         [com.diffblue.cover.buildsystem.config.a.a] out: [INFO] --- checkstyle:3.1.0:check (default-cli) @ common ---
13:04:32.498 [INFO]   [Measuring]   [maven:out]         [com.diffblue.cover.buildsystem.config.a.a] out: [INFO] Starting audit...
13:04:32.498 [INFO]   [Measuring]   [maven:out]         [com.diffblue.cover.buildsystem.config.a.a] out: Audit done.
13:04:32.505 [INFO]   [Measuring]   [maven:out]         [com.diffblue.cover.buildsystem.internal.f.f] deserializing line [DIFFBLUE]{"__type":"com.diffblue.cover.buildsystem.model.DefaultEventMessage","project":"uk.gov.gchq.palisade:common","goal":"check","cause":null,"state":"SUCCESS"}
13:04:32.507 [INFO]   [Measuring]   [maven:out]         [com.diffblue.cover.buildsystem.internal.f.f] deserializing line [DIFFBLUE]{"__type":"com.diffblue.cover.buildsystem.model.DefaultEventMessage","project":"uk.gov.gchq.palisade:common","goal":"prepare-agent","cause":null,"state":"STARTED"}
13:04:32.508 [INFO]   [Measuring]   [maven:out]         [com.diffblue.cover.buildsystem.config.a.a] out: [INFO] 
13:04:32.508 [INFO]   [Measuring]   [maven:out]         [com.diffblue.cover.buildsystem.config.a.a] out: [INFO] --- jacoco:0.8.5:prepare-agent (default-cli) @ common ---
13:04:32.613 [INFO]   [Measuring]   [maven:out]         [com.diffblue.cover.buildsystem.config.a.a] out: [INFO] argLine set to -javaagent:/home/jbergqvist/.m2/repository/org/jacoco/org.jacoco.agent/0.8.5/org.jacoco.agent-0.8.5-runtime.jar=destfile=/home/jbergqvist/diffblue/Palisade-common/target/jacoco.exec,append=true
13:04:32.614 [INFO]   [Measuring]   [maven:out]         [com.diffblue.cover.buildsystem.internal.f.f] deserializing line [DIFFBLUE]{"__type":"com.diffblue.cover.buildsystem.model.DefaultEventMessage","project":"uk.gov.gchq.palisade:common","goal":"prepare-agent","cause":null,"state":"SUCCESS"}
13:04:32.616 [INFO]   [Measuring]   [maven:out]         [com.diffblue.cover.buildsystem.internal.f.f] deserializing line [DIFFBLUE]{"__type":"com.diffblue.cover.buildsystem.model.DefaultEventMessage","project":"uk.gov.gchq.palisade:common","goal":"prepare-agent","cause":null,"state":"STARTED"}
13:04:32.616 [INFO]   [Measuring]   [maven:out]         [com.diffblue.cover.buildsystem.config.a.a] out: [INFO] 
13:04:32.617 [INFO]   [Measuring]   [maven:out]         [com.diffblue.cover.buildsystem.config.a.a] out: [INFO] --- jacoco:0.8.5:prepare-agent (agent) @ common ---
13:04:32.617 [INFO]   [Measuring]   [maven:out]         [com.diffblue.cover.buildsystem.config.a.a] out: [INFO] argLine set to -javaagent:/home/jbergqvist/.m2/repository/org/jacoco/org.jacoco.agent/0.8.5/org.jacoco.agent-0.8.5-runtime.jar=destfile=/home/jbergqvist/diffblue/Palisade-common/target/jacoco.exec,append=true
13:04:32.618 [INFO]   [Measuring]   [maven:out]         [com.diffblue.cover.buildsystem.internal.f.f] deserializing line [DIFFBLUE]{"__type":"com.diffblue.cover.buildsystem.model.DefaultEventMessage","project":"uk.gov.gchq.palisade:common","goal":"prepare-agent","cause":null,"state":"SUCCESS"}
13:04:32.619 [INFO]   [Measuring]   [maven:out]         [com.diffblue.cover.buildsystem.internal.f.f] deserializing line [DIFFBLUE]{"__type":"com.diffblue.cover.buildsystem.model.DefaultEventMessage","project":"uk.gov.gchq.palisade:common","goal":"resources","cause":null,"state":"STARTED"}
13:04:32.620 [INFO]   [Measuring]   [maven:out]         [com.diffblue.cover.buildsystem.config.a.a] out: [INFO] 
13:04:32.620 [INFO]   [Measuring]   [maven:out]         [com.diffblue.cover.buildsystem.config.a.a] out: [INFO] --- resources:3.3.1:resources (default-resources) @ common ---
13:04:32.661 [INFO]   [Measuring]   [maven:out]         [com.diffblue.cover.buildsystem.config.a.a] out: [INFO] Copying 1 resource from src/main/resources to target/classes
13:04:32.665 [INFO]   [Measuring]   [maven:out]         [com.diffblue.cover.buildsystem.internal.f.f] deserializing line [DIFFBLUE]{"__type":"com.diffblue.cover.buildsystem.model.DefaultEventMessage","project":"uk.gov.gchq.palisade:common","goal":"resources","cause":null,"state":"SUCCESS"}
13:04:32.667 [INFO]   [Measuring]   [maven:out]         [com.diffblue.cover.buildsystem.internal.f.f] deserializing line [DIFFBLUE]{"__type":"com.diffblue.cover.buildsystem.model.DefaultEventMessage","project":"uk.gov.gchq.palisade:common","goal":"flatten","cause":null,"state":"STARTED"}
13:04:32.668 [INFO]   [Measuring]   [maven:out]         [com.diffblue.cover.buildsystem.config.a.a] out: [INFO] 
13:04:32.668 [INFO]   [Measuring]   [maven:out]         [com.diffblue.cover.buildsystem.config.a.a] out: [INFO] --- flatten:1.1.0:flatten (flatten) @ common ---
13:04:32.748 [INFO]   [Measuring]   [maven:out]         [com.diffblue.cover.buildsystem.config.a.a] out: [INFO] Generating flattened POM of project uk.gov.gchq.palisade:common:jar:0.5.2-SNAPSHOT...
13:04:32.779 [INFO]   [Measuring]   [maven:out]         [com.diffblue.cover.buildsystem.internal.f.f] deserializing line [DIFFBLUE]{"__type":"com.diffblue.cover.buildsystem.model.DefaultEventMessage","project":"uk.gov.gchq.palisade:common","goal":"flatten","cause":null,"state":"SUCCESS"}
13:04:32.780 [INFO]   [Measuring]   [maven:out]         [com.diffblue.cover.buildsystem.internal.f.f] deserializing line [DIFFBLUE]{"__type":"com.diffblue.cover.buildsystem.model.DefaultEventMessage","project":"uk.gov.gchq.palisade:common","goal":"compile","cause":null,"state":"STARTED"}
13:04:32.781 [INFO]   [Measuring]   [maven:out]         [com.diffblue.cover.buildsystem.config.a.a] out: [INFO] 
13:04:32.781 [INFO]   [Measuring]   [maven:out]         [com.diffblue.cover.buildsystem.config.a.a] out: [INFO] --- compiler:3.8.0:compile (default-compile) @ common ---
13:04:32.860 [INFO]   [Measuring]   [maven:out]         [com.diffblue.cover.buildsystem.config.a.a] out: [INFO] Nothing to compile - all classes are up to date
13:04:32.861 [INFO]   [Measuring]   [maven:out]         [com.diffblue.cover.buildsystem.internal.f.f] deserializing line [DIFFBLUE]{"__type":"com.diffblue.cover.buildsystem.model.DefaultEventMessage","project":"uk.gov.gchq.palisade:common","goal":"compile","cause":null,"state":"SUCCESS"}
13:04:32.863 [INFO]   [Measuring]   [maven:out]         [com.diffblue.cover.buildsystem.internal.f.f] deserializing line [DIFFBLUE]{"__type":"com.diffblue.cover.buildsystem.model.DefaultEventMessage","project":"uk.gov.gchq.palisade:common","goal":"javadoc-no-fork","cause":null,"state":"STARTED"}
13:04:32.863 [INFO]   [Measuring]   [maven:out]         [com.diffblue.cover.buildsystem.config.a.a] out: [INFO] 
13:04:32.863 [INFO]   [Measuring]   [maven:out]         [com.diffblue.cover.buildsystem.config.a.a] out: [INFO] --- javadoc:3.1.0:javadoc-no-fork (javadoc-compile) @ common ---
13:04:34.352 [INFO]   [Measuring]   [maven:out]         [com.diffblue.cover.buildsystem.internal.f.f] deserializing line [DIFFBLUE]{"__type":"com.diffblue.cover.buildsystem.model.DefaultEventMessage","project":"uk.gov.gchq.palisade:common","goal":"javadoc-no-fork","cause":null,"state":"SUCCESS"}
13:04:34.353 [INFO]   [Measuring]   [maven:out]         [com.diffblue.cover.buildsystem.internal.f.f] deserializing line [DIFFBLUE]{"__type":"com.diffblue.cover.buildsystem.model.DefaultEventMessage","project":"uk.gov.gchq.palisade:common","goal":"aggregate-no-fork","cause":null,"state":"STARTED"}
13:04:34.354 [INFO]   [Measuring]   [maven:out]         [com.diffblue.cover.buildsystem.config.a.a] out: [INFO] 
13:04:34.354 [INFO]   [Measuring]   [maven:out]         [com.diffblue.cover.buildsystem.config.a.a] out: [INFO] --- javadoc:3.1.0:aggregate-no-fork (javadoc-compile) @ common ---
13:04:35.750 [INFO]   [Measuring]   [maven:out]         [com.diffblue.cover.buildsystem.internal.f.f] deserializing line [DIFFBLUE]{"__type":"com.diffblue.cover.buildsystem.model.DefaultEventMessage","project":"uk.gov.gchq.palisade:common","goal":"aggregate-no-fork","cause":null,"state":"SUCCESS"}
13:04:35.752 [INFO]   [Measuring]   [maven:out]         [com.diffblue.cover.buildsystem.internal.f.f] deserializing line [DIFFBLUE]{"__type":"com.diffblue.cover.buildsystem.model.DefaultEventMessage","project":"uk.gov.gchq.palisade:common","goal":"testResources","cause":null,"state":"STARTED"}
13:04:35.753 [INFO]   [Measuring]   [maven:out]         [com.diffblue.cover.buildsystem.config.a.a] out: [INFO] 
13:04:35.753 [INFO]   [Measuring]   [maven:out]         [com.diffblue.cover.buildsystem.config.a.a] out: [INFO] --- resources:3.3.1:testResources (default-testResources) @ common ---
13:04:35.755 [INFO]   [Measuring]   [maven:out]         [com.diffblue.cover.buildsystem.config.a.a] out: [INFO] skip non existing resourceDirectory /home/jbergqvist/diffblue/Palisade-common/src/test/resources
13:04:35.756 [INFO]   [Measuring]   [maven:out]         [com.diffblue.cover.buildsystem.internal.f.f] deserializing line [DIFFBLUE]{"__type":"com.diffblue.cover.buildsystem.model.DefaultEventMessage","project":"uk.gov.gchq.palisade:common","goal":"testResources","cause":null,"state":"SUCCESS"}
13:04:35.758 [INFO]   [Measuring]   [maven:out]         [com.diffblue.cover.buildsystem.internal.f.f] deserializing line [DIFFBLUE]{"__type":"com.diffblue.cover.buildsystem.model.DefaultEventMessage","project":"uk.gov.gchq.palisade:common","goal":"testCompile","cause":null,"state":"STARTED"}
13:04:35.758 [INFO]   [Measuring]   [maven:out]         [com.diffblue.cover.buildsystem.config.a.a] out: [INFO] 
13:04:35.759 [INFO]   [Measuring]   [maven:out]         [com.diffblue.cover.buildsystem.config.a.a] out: [INFO] --- compiler:3.8.0:testCompile (default-testCompile) @ common ---
13:04:35.765 [INFO]   [Measuring]   [maven:out]         [com.diffblue.cover.buildsystem.config.a.a] out: [INFO] Nothing to compile - all classes are up to date
13:04:35.766 [INFO]   [Measuring]   [maven:out]         [com.diffblue.cover.buildsystem.internal.f.f] deserializing line [DIFFBLUE]{"__type":"com.diffblue.cover.buildsystem.model.DefaultEventMessage","project":"uk.gov.gchq.palisade:common","goal":"testCompile","cause":null,"state":"SUCCESS"}
13:04:35.767 [INFO]   [Measuring]   [maven:out]         [com.diffblue.cover.buildsystem.internal.f.f] deserializing line [DIFFBLUE]{"__type":"com.diffblue.cover.buildsystem.model.DefaultEventMessage","project":"uk.gov.gchq.palisade:common","goal":"test","cause":null,"state":"STARTED"}
13:04:35.768 [INFO]   [Measuring]   [maven:out]         [com.diffblue.cover.buildsystem.config.a.a] out: [INFO] 
13:04:35.768 [INFO]   [Measuring]   [maven:out]         [com.diffblue.cover.buildsystem.config.a.a] out: [INFO] --- surefire:3.2.5:test (default-test) @ common ---
13:04:35.851 [INFO]   [Measuring]   [maven:out]         [com.diffblue.cover.buildsystem.internal.f.f] deserializing line [DIFFBLUE]{"__type":"com.diffblue.cover.buildsystem.model.DefaultEventMessage","project":"uk.gov.gchq.palisade:common","goal":"test","cause":null,"state":"SUCCESS"}
13:04:35.852 [INFO]   [Measuring]   [maven:out]         [com.diffblue.cover.buildsystem.internal.f.f] deserializing line [DIFFBLUE]{"__type":"com.diffblue.cover.buildsystem.model.DefaultEventMessage","project":"uk.gov.gchq.palisade:common","goal":"report","cause":null,"state":"STARTED"}
13:04:35.852 [INFO]   [Measuring]   [maven:out]         [com.diffblue.cover.buildsystem.config.a.a] out: [INFO] 
13:04:35.852 [INFO]   [Measuring]   [maven:out]         [com.diffblue.cover.buildsystem.config.a.a] out: [INFO] --- jacoco:0.8.5:report (default-cli) @ common ---
13:04:35.892 [INFO]   [Measuring]   [maven:out]         [com.diffblue.cover.buildsystem.config.a.a] out: [INFO] Loading execution data file /home/jbergqvist/diffblue/Palisade-common/target/jacoco.exec
13:04:35.950 [INFO]   [Measuring]   [maven:out]         [com.diffblue.cover.buildsystem.config.a.a] out: [INFO] Analyzed bundle 'GCHQ Palisade Common Library' with 25 classes
13:04:35.992 [INFO]   [Measuring]   [maven:out]         [com.diffblue.cover.buildsystem.internal.f.f] deserializing line [DIFFBLUE]{"__type":"com.diffblue.cover.buildsystem.model.DefaultEventMessage","project":"uk.gov.gchq.palisade:common","goal":"report","cause":null,"state":"SUCCESS"}
13:04:36.013 [INFO]   [Measuring]   [maven:out]         [com.diffblue.cover.buildsystem.internal.f.f] deserializing line [DIFFBLUE]{"__type":"com.diffblue.cover.buildsystem.model.DefaultProjectModuleMessage","project":{"__type":"DefaultProjectModule","junitReport":["/home/jbergqvist/diffblue/Palisade-common/target/surefire-reports"],"jacocoReport":["/home/jbergqvist/diffblue/Palisade-common/target/site/jacoco/jacoco.xml"],"jacocoDestFile":["${sonar.jacoco.reportPath}","/home/jbergqvist/diffblue/Palisade-common/target/jacoco.exec"],"jacocoFormats":["xml"],"jacocoSkipped":false,"classpath":["/home/jbergqvist/diffblue/Palisade-common/target/classes","/home/jbergqvist/.m2/repository/com/typesafe/akka/akka-stream_2.13/2.6.10/akka-stream_2.13-2.6.10.jar","/home/jbergqvist/.m2/repository/org/scala-lang/scala-library/2.13.3/scala-library-2.13.3.jar","/home/jbergqvist/.m2/repository/com/typesafe/akka/akka-actor_2.13/2.6.10/akka-actor_2.13-2.6.10.jar","/home/jbergqvist/.m2/repository/com/typesafe/config/1.4.0/config-1.4.0.jar","/home/jbergqvist/.m2/repository/org/scala-lang/modules/scala-java8-compat_2.13/0.9.0/scala-java8-compat_2.13-0.9.0.jar","/home/jbergqvist/.m2/repository/com/typesafe/akka/akka-protobuf-v3_2.13/2.6.10/akka-protobuf-v3_2.13-2.6.10.jar","/home/jbergqvist/.m2/repository/org/reactivestreams/reactive-streams/1.0.3/reactive-streams-1.0.3.jar","/home/jbergqvist/.m2/repository/com/typesafe/ssl-config-core_2.13/0.4.2/ssl-config-core_2.13-0.4.2.jar","/home/jbergqvist/.m2/repository/org/scala-lang/modules/scala-parser-combinators_2.13/1.1.2/scala-parser-combinators_2.13-1.1.2.jar","/home/jbergqvist/.m2/repository/org/junit/jupiter/junit-jupiter-engine/5.13.4/junit-jupiter-engine-5.13.4.jar","/home/jbergqvist/.m2/repository/org/junit/platform/junit-platform-engine/1.13.4/junit-platform-engine-1.13.4.jar","/home/jbergqvist/.m2/repository/org/opentest4j/opentest4j/1.3.0/opentest4j-1.3.0.jar","/home/jbergqvist/.m2/repository/org/junit/platform/junit-platform-commons/1.13.4/junit-platform-commons-1.13.4.jar","/home/jbergqvist/.m2/repository/org/junit/jupiter/junit-jupiter-api/5.13.4/junit-jupiter-api-5.13.4.jar","/home/jbergqvist/.m2/repository/org/apiguardian/apiguardian-api/1.1.2/apiguardian-api-1.1.2.jar","/home/jbergqvist/.m2/repository/org/mockito/mockito-core/5.20.0/mockito-core-5.20.0.jar","/home/jbergqvist/.m2/repository/net/bytebuddy/byte-buddy/1.17.7/byte-buddy-1.17.7.jar","/home/jbergqvist/.m2/repository/net/bytebuddy/byte-buddy-agent/1.17.7/byte-buddy-agent-1.17.7.jar","/home/jbergqvist/.m2/repository/org/objenesis/objenesis/3.3/objenesis-3.3.jar","/home/jbergqvist/.m2/repository/org/mockito/mockito-junit-jupiter/5.20.0/mockito-junit-jupiter-5.20.0.jar","/home/jbergqvist/.m2/repository/com/fasterxml/jackson/core/jackson-databind/2.11.0/jackson-databind-2.11.0.jar","/home/jbergqvist/.m2/repository/com/fasterxml/jackson/core/jackson-annotations/2.11.0/jackson-annotations-2.11.0.jar","/home/jbergqvist/.m2/repository/com/fasterxml/jackson/core/jackson-core/2.11.0/jackson-core-2.11.0.jar","/home/jbergqvist/.m2/repository/org/slf4j/slf4j-api/1.7.25/slf4j-api-1.7.25.jar","/home/jbergqvist/.m2/repository/com/diffblue/cover/cover-annotations/1.8.0/cover-annotations-1.8.0.jar"],"complianceLevel":"11","productionSources":["/home/jbergqvist/diffblue/Palisade-common/src/main/java"],"testSources":["/home/jbergqvist/diffblue/Palisade-common/src/test/java"],"productionClasses":"/home/jbergqvist/diffblue/Palisade-common/target/classes","testClasses":"/home/jbergqvist/diffblue/Palisade-common/target/test-classes","sourceToBuildPathMap":null,"testSourceToBuildPathMap":null,"buildDirectory":"/home/jbergqvist/diffblue/Palisade-common/target","plugins":[{"__type":"DefaultPlugin","groupId":"org.apache.maven.plugins","artefactId":"maven-compiler-plugin","version":"3.8.0","pluginClassName":null},{"__type":"DefaultPlugin","groupId":"org.apache.maven.plugins","artefactId":"maven-javadoc-plugin","version":"3.1.0","pluginClassName":null},{"__type":"DefaultPlugin","groupId":"org.apache.maven.plugins","artefactId":"maven-dependency-plugin","version":"3.1.2","pluginClassName":null},{"__type":"DefaultPlugin","groupId":"org.codehaus.mojo","artefactId":"flatten-maven-plugin","version":"1.1.0","pluginClassName":null},{"__type":"DefaultPlugin","groupId":"org.codehaus.mojo","artefactId":"license-maven-plugin","version":"2.0.0","pluginClassName":null},{"__type":"DefaultPlugin","groupId":"org.jacoco","artefactId":"jacoco-maven-plugin","version":"0.8.5","pluginClassName":null},{"__type":"DefaultPlugin","groupId":"org.apache.maven.plugins","artefactId":"maven-checkstyle-plugin","version":"3.1.0","pluginClassName":null},{"__type":"DefaultPlugin","groupId":"org.apache.maven.plugins","artefactId":"maven-clean-plugin","version":"3.2.0","pluginClassName":null},{"__type":"DefaultPlugin","groupId":"org.apache.maven.plugins","artefactId":"maven-resources-plugin","version":"3.3.1","pluginClassName":null},{"__type":"DefaultPlugin","groupId":"org.apache.maven.plugins","artefactId":"maven-jar-plugin","version":"3.4.1","pluginClassName":null},{"__type":"DefaultPlugin","groupId":"org.apache.maven.plugins","artefactId":"maven-surefire-plugin","version":"3.2.5","pluginClassName":null},{"__type":"DefaultPlugin","groupId":"org.apache.maven.plugins","artefactId":"maven-install-plugin","version":"3.1.2","pluginClassName":null},{"__type":"DefaultPlugin","groupId":"org.apache.maven.plugins","artefactId":"maven-deploy-plugin","version":"3.1.2","pluginClassName":null},{"__type":"DefaultPlugin","groupId":"org.apache.maven.plugins","artefactId":"maven-site-plugin","version":"3.12.1","pluginClassName":null}],"version":"3.9.12","encoding":"UTF-8","name":"maven","subModules":[],"simpleModuleName":null,"parentModuleName":null,"location":"/home/jbergqvist/diffblue/Palisade-common","fullModuleName":"uk.gov.gchq.palisade:common"}}
13:04:36.015 [INFO]   [Measuring]   [maven:out]         [com.diffblue.cover.buildsystem.config.a.a] out: [INFO] ------------------------------------------------------------------------
13:04:36.016 [INFO]   [Measuring]   [maven:out]         [com.diffblue.cover.buildsystem.config.a.a] out: [INFO] BUILD SUCCESS
13:04:36.016 [INFO]   [Measuring]   [maven:out]         [com.diffblue.cover.buildsystem.config.a.a] out: [INFO] ------------------------------------------------------------------------
13:04:36.016 [INFO]   [Measuring]   [maven:out]         [com.diffblue.cover.buildsystem.config.a.a] out: [INFO] Total time:  4.520 s
13:04:36.016 [INFO]   [Measuring]   [maven:out]         [com.diffblue.cover.buildsystem.config.a.a] out: [INFO] Finished at: 2026-01-12T13:04:36Z
13:04:36.016 [INFO]   [Measuring]   [maven:out]         [com.diffblue.cover.buildsystem.config.a.a] out: [INFO] ------------------------------------------------------------------------
13:04:36.017 [INFO]   [Measuring]   [maven:out]         [com.diffblue.cover.buildsystem.internal.f.f] deserializing line [DIFFBLUE]{"__type":"com.diffblue.cover.buildsystem.model.ProjectInfoMessage","projectName":"uk.gov.gchq.palisade:common","productionSources":["/home/jbergqvist/diffblue/Palisade-common/src/main/java","/home/jbergqvist/diffblue/Palisade-common/target/generated-sources/annotations"],"testSources":["/home/jbergqvist/diffblue/Palisade-common/src/test/java","/home/jbergqvist/diffblue/Palisade-common/target/generated-test-sources/test-annotations"],"location":"/home/jbergqvist/diffblue/Palisade-common"}
13:04:36.068 [INFO]   [Measuring]   [main]              [com.diffblue.cover.buildsystem.internal.f.d] maven:err process not stopped, joining thread
13:04:36.069 [INFO]   [Measuring]   [main]              [com.diffblue.cover.buildsystem.internal.f.d] maven:out process not stopped, joining thread
13:04:36.069 [DEBUG]  [Measuring]   [main]              [com.diffblue.cover.buildsystem.config.a.a] Executor spent 5s on command "/home/jbergqvist/.sdkman/candidates/maven/current/bin/mvn -Dmaven.ext.class.path=/opt/cover/cover-buildsystem-maven-spy-jar-with-dependencies.jar -Dcom.diffblue.cover.skipTests=true -DskipTestOptimizer --batch-mode --projects=uk.gov.gchq.palisade:common --global-settings=/home/jbergqvist/.sdkman/candidates/maven/current/conf/settings.xml org.apache.maven.plugins:maven-checkstyle-plugin:check -Dcheckstyle.failOnViolation=false org.jacoco:jacoco-maven-plugin:0.8.5:prepare-agent -Djacoco.skip=false test -DfailIfNoTests=false -Dsurefire.failIfNoSpecifiedTests=false -Dmaven.test.failure.ignore=True -Dtest=!*DiffblueTest,**/Test*.java,**/*Test.java,**/*Tests.java,**/*TestCase.java -DexcludedGroups=MaintainedByDiffblue,ContributionFromDiffblue org.jacoco:jacoco-maven-plugin:0.8.5:report -Djacoco.skip=false"
13:04:36.069 [INFO]   [Measuring]   [main]              [com.diffblue.cover.ui.controller.p] JaCoCo report file created in /home/jbergqvist/diffblue/Palisade-common/.diffblue/reports/manual-tests-jacoco-report.xml
13:04:36.076 [INFO]   [Measuring]   [main]              [com.diffblue.cover.ui.controller.r] 
13:04:36.083 [INFO]   [Measuring]   [main]              [com.diffblue.cover.ui.controller.r] Diffblue tests cover 161 of 234 lines to cover (68.8%)
13:04:36.087 [INFO]   [Measuring]   [main]              [com.diffblue.cover.ui.controller.r] Manual tests cover 0 of 234 lines to cover (0.0%)
13:04:36.093 [DEBUG]  [Measuring]   [main]              [com.diffblue.cover.ui.report.linecount.JavaParserFileLineCountCalculator] /home/jbergqvist/diffblue/Palisade-common/src/main/java/uk/gov/gchq/palisade/Context.java successfully parsed: - Total line count: 100
13:04:36.095 [DEBUG]  [Measuring]   [main]              [com.diffblue.cover.ui.report.linecount.JavaParserFileLineCountCalculator] /home/jbergqvist/diffblue/Palisade-common/src/main/java/uk/gov/gchq/palisade/user/UserId.java successfully parsed: - Total line count: 54
13:04:36.097 [DEBUG]  [Measuring]   [main]              [com.diffblue.cover.ui.report.linecount.JavaParserFileLineCountCalculator] /home/jbergqvist/diffblue/Palisade-common/src/main/java/uk/gov/gchq/palisade/user/User.java successfully parsed: - Total line count: 124
13:04:36.100 [DEBUG]  [Measuring]   [main]              [com.diffblue.cover.ui.report.linecount.JavaParserFileLineCountCalculator] /home/jbergqvist/diffblue/Palisade-common/src/main/java/uk/gov/gchq/palisade/rule/Rules.java successfully parsed: - Total line count: 99
13:04:36.101 [DEBUG]  [Measuring]   [main]              [com.diffblue.cover.ui.report.linecount.JavaParserFileLineCountCalculator] /home/jbergqvist/diffblue/Palisade-common/src/main/java/uk/gov/gchq/palisade/rule/Rule.java successfully parsed: - Total line count: 13
13:04:36.103 [DEBUG]  [Measuring]   [main]              [com.diffblue.cover.ui.report.linecount.JavaParserFileLineCountCalculator] /home/jbergqvist/diffblue/Palisade-common/src/main/java/uk/gov/gchq/palisade/data/serialise/Serialiser.java successfully parsed: - Total line count: 63
13:04:36.106 [DEBUG]  [Measuring]   [main]              [com.diffblue.cover.ui.report.linecount.JavaParserFileLineCountCalculator] /home/jbergqvist/diffblue/Palisade-common/src/main/java/uk/gov/gchq/palisade/util/AbstractResourceBuilder.java successfully parsed: - Total line count: 74
13:04:36.108 [DEBUG]  [Measuring]   [main]              [com.diffblue.cover.ui.report.linecount.JavaParserFileLineCountCalculator] /home/jbergqvist/diffblue/Palisade-common/src/main/java/uk/gov/gchq/palisade/util/FileResourceBuilder.java successfully parsed: - Total line count: 66
13:04:36.112 [DEBUG]  [Measuring]   [main]              [com.diffblue.cover.ui.report.linecount.JavaParserFileLineCountCalculator] /home/jbergqvist/diffblue/Palisade-common/src/main/java/uk/gov/gchq/palisade/util/UriBuilder.java successfully parsed: - Total line count: 121
13:04:36.113 [DEBUG]  [Measuring]   [main]              [com.diffblue.cover.ui.report.linecount.JavaParserFileLineCountCalculator] /home/jbergqvist/diffblue/Palisade-common/src/main/java/uk/gov/gchq/palisade/util/RulesUtil.java successfully parsed: - Total line count: 43
13:04:36.114 [DEBUG]  [Measuring]   [main]              [com.diffblue.cover.ui.report.linecount.JavaParserFileLineCountCalculator] /home/jbergqvist/diffblue/Palisade-common/src/main/java/uk/gov/gchq/palisade/Generated.java successfully parsed: - Total line count: 9
13:04:36.115 [DEBUG]  [Measuring]   [main]              [com.diffblue.cover.ui.report.linecount.JavaParserFileLineCountCalculator] /home/jbergqvist/diffblue/Palisade-common/src/main/java/uk/gov/gchq/palisade/resource/Resource.java successfully parsed: - Total line count: 9
13:04:36.116 [DEBUG]  [Measuring]   [main]              [com.diffblue.cover.ui.report.linecount.JavaParserFileLineCountCalculator] /home/jbergqvist/diffblue/Palisade-common/src/main/java/uk/gov/gchq/palisade/resource/AbstractResource.java successfully parsed: - Total line count: 57
13:04:36.119 [DEBUG]  [Measuring]   [main]              [com.diffblue.cover.ui.report.linecount.JavaParserFileLineCountCalculator] /home/jbergqvist/diffblue/Palisade-common/src/main/java/uk/gov/gchq/palisade/resource/AbstractLeafResource.java successfully parsed: - Total line count: 131
13:04:36.120 [DEBUG]  [Measuring]   [main]              [com.diffblue.cover.ui.report.linecount.JavaParserFileLineCountCalculator] /home/jbergqvist/diffblue/Palisade-common/src/main/java/uk/gov/gchq/palisade/resource/ConnectionDetail.java successfully parsed: - Total line count: 7
13:04:36.121 [DEBUG]  [Measuring]   [main]              [com.diffblue.cover.ui.report.linecount.JavaParserFileLineCountCalculator] /home/jbergqvist/diffblue/Palisade-common/src/main/java/uk/gov/gchq/palisade/resource/LeafResource.java successfully parsed: - Total line count: 16
13:04:36.121 [DEBUG]  [Measuring]   [main]              [com.diffblue.cover.ui.report.linecount.JavaParserFileLineCountCalculator] /home/jbergqvist/diffblue/Palisade-common/src/main/java/uk/gov/gchq/palisade/resource/ChildResource.java successfully parsed: - Total line count: 6
13:04:36.121 [DEBUG]  [Measuring]   [main]              [com.diffblue.cover.ui.report.linecount.JavaParserFileLineCountCalculator] /home/jbergqvist/diffblue/Palisade-common/src/main/java/uk/gov/gchq/palisade/resource/ParentResource.java successfully parsed: - Total line count: 3
13:04:36.122 [DEBUG]  [Measuring]   [main]              [com.diffblue.cover.ui.report.linecount.JavaParserFileLineCountCalculator] /home/jbergqvist/diffblue/Palisade-common/src/main/java/uk/gov/gchq/palisade/resource/impl/FileResource.java successfully parsed: - Total line count: 40
13:04:36.123 [DEBUG]  [Measuring]   [main]              [com.diffblue.cover.ui.report.linecount.JavaParserFileLineCountCalculator] /home/jbergqvist/diffblue/Palisade-common/src/main/java/uk/gov/gchq/palisade/resource/impl/SystemResource.java successfully parsed: - Total line count: 16
13:04:36.124 [DEBUG]  [Measuring]   [main]              [com.diffblue.cover.ui.report.linecount.JavaParserFileLineCountCalculator] /home/jbergqvist/diffblue/Palisade-common/src/main/java/uk/gov/gchq/palisade/resource/impl/DirectoryResource.java successfully parsed: - Total line count: 23
13:04:36.125 [DEBUG]  [Measuring]   [main]              [com.diffblue.cover.ui.report.linecount.JavaParserFileLineCountCalculator] /home/jbergqvist/diffblue/Palisade-common/src/main/java/uk/gov/gchq/palisade/resource/impl/SimpleConnectionDetail.java successfully parsed: - Total line count: 56
13:04:36.135 [DEBUG]  [Reporting]   [main]              [com.diffblue.cover.report.StructuredReportManager] Run metrics:
Total time:               113.6s
Environment detection:      1.0s ( 0.9%)
Indexing:                   0.4s ( 0.3%)
Entry points:               1.0s ( 0.9%)
Test generation:           52.7s (46.3%)
  - Index query:            4.5s ( 4.0%)
Test verification:          4.6s ( 4.1%)
Test validation:           10.2s ( 9.0%)
Other:                     43.7s (38.5%)
Time to first test:        39.6s (34.9%)
Time to last test:         84.4s (74.3%)
13:04:36.140 [DEBUG]  [Reporting]   [main]              [com.diffblue.cover.report.TraceLogTimingsReportListener] Timings per method:
00m 07s 942ms | uk.gov.gchq.palisade.Context{<init>}
00m 09s 031ms | uk.gov.gchq.palisade.Context{<init>}
00m 02s 481ms | uk.gov.gchq.palisade.Context{getPurpose}
00m 04s 115ms | uk.gov.gchq.palisade.data.serialise.Serialiser{create}
00m 02s 103ms | uk.gov.gchq.palisade.data.serialise.Serialiser{tryCreate}
00m 02s 713ms | uk.gov.gchq.palisade.resource.AbstractResource{compareTo}
00m 00s 158ms | uk.gov.gchq.palisade.resource.impl.DirectoryResource{<init>}
00m 01s 398ms | uk.gov.gchq.palisade.resource.impl.DirectoryResource{getParent}
00m 01s 011ms | uk.gov.gchq.palisade.resource.impl.DirectoryResource{id}
00m 00s 075ms | uk.gov.gchq.palisade.resource.impl.FileResource{<init>}
00m 01s 183ms | uk.gov.gchq.palisade.resource.impl.FileResource{attribute}
00m 01s 825ms | uk.gov.gchq.palisade.resource.impl.FileResource{attributes}
00m 01s 244ms | uk.gov.gchq.palisade.resource.impl.FileResource{connectionDetail}
00m 01s 937ms | uk.gov.gchq.palisade.resource.impl.FileResource{getParent}
00m 01s 106ms | uk.gov.gchq.palisade.resource.impl.FileResource{id}
00m 01s 211ms | uk.gov.gchq.palisade.resource.impl.FileResource{serialisedFormat}
00m 01s 126ms | uk.gov.gchq.palisade.resource.impl.FileResource{type}
00m 00s 039ms | uk.gov.gchq.palisade.resource.impl.SimpleConnectionDetail{<init>}
00m 00s 040ms | uk.gov.gchq.palisade.resource.impl.SystemResource{<init>}
00m 00s 775ms | uk.gov.gchq.palisade.resource.impl.SystemResource{id}
00m 00s 320ms | uk.gov.gchq.palisade.rule.Rules{<init>}
00m 05s 843ms | uk.gov.gchq.palisade.rule.Rules{equals}
00m 01s 211ms | uk.gov.gchq.palisade.rule.Rules{containsRules}
00m 00s 089ms | uk.gov.gchq.palisade.user.User{<init>}
00m 00s 499ms | uk.gov.gchq.palisade.user.User{<init>}
00m 00s 037ms | uk.gov.gchq.palisade.user.UserId{<init>}
00m 00s 194ms | uk.gov.gchq.palisade.user.UserId{<init>}
00m 00s 280ms | uk.gov.gchq.palisade.util.AbstractResourceBuilder{create}
00m 00s 745ms | uk.gov.gchq.palisade.util.AbstractResourceBuilder{create}
00m 00s 152ms | uk.gov.gchq.palisade.util.AbstractResourceBuilder{refreshProviders}
00m 00s 742ms | uk.gov.gchq.palisade.util.AbstractResourceBuilder{buildNormal}
00m 00s 338ms | uk.gov.gchq.palisade.util.FileResourceBuilder{<init>, build}
00m 00s 217ms | uk.gov.gchq.palisade.util.FileResourceBuilder{accepts}
00m 08s 718ms | uk.gov.gchq.palisade.util.RulesUtil{applyRulesToItem}
00m 31s 347ms | uk.gov.gchq.palisade.util.RulesUtil{applyRulesToStream}
00m 00s 055ms | uk.gov.gchq.palisade.util.UriBuilder{getBaseUri}
00m 00s 906ms | uk.gov.gchq.palisade.util.UriBuilder{<init>}
00m 01s 481ms | uk.gov.gchq.palisade.util.UriBuilder{create}
00m 05s 208ms | uk.gov.gchq.palisade.util.UriBuilder{create}
00m 00s 127ms | uk.gov.gchq.palisade.util.UriBuilder$AuthorityBuilder{getBaseUri}
00m 00s 287ms | uk.gov.gchq.palisade.util.UriBuilder$AuthorityBuilder{<init>}
00m 00s 844ms | uk.gov.gchq.palisade.util.UriBuilder$AuthorityBuilder{create}
00m 03s 657ms | uk.gov.gchq.palisade.util.UriBuilder$AuthorityBuilder{create}
00m 04s 512ms | Indexing
13:04:36.142 [DEBUG]  [Reporting]   [main]              [com.diffblue.cover.report.TraceLogTimingsReportListener] Timing signature:  1026.7s (   64.3s ( 6.3%)    35.8s ( 3.5%) (    6.3s ( 0.6%)    20.1s ( 2.0%) (    1.4s ( 0.1%)    13.7s ( 1.3%) (    2.8s ( 0.3%) (    0.3s ( 0.0%)     1.9s ( 0.2%)     0.6s ( 0.1%))     2.3s ( 0.2%) (    0.1s ( 0.0%)     2.2s ( 0.2%)     0.1s ( 0.0%))     8.0s ( 0.8%) (    0.0s ( 0.0%)     8.0s ( 0.8%)     0.0s ( 0.0%))     0.0s ( 0.0%)     0.0s ( 0.0%)     0.0s ( 0.0%)     0.0s ( 0.0%) (    0.0s ( 0.0%)     0.0s ( 0.0%)     0.6s ( 0.1%)))     0.1s ( 0.0%)     4.5s ( 0.4%)     0.3s ( 0.0%))     3.6s ( 0.3%)     0.0s ( 0.0%)     0.0s ( 0.0%)     5.7s ( 0.6%))   695.9s (67.8%)   112.9s (11.0%)   117.8s (11.5%)
13:04:36.194 [INFO]   [Reporting]   [main]              [com.diffblue.cover.ui.controller.r] Writing JSON report to /home/jbergqvist/diffblue/Palisade-common/.diffblue/reports/report.json
13:04:36.199 [DEBUG]  [Reporting]   [main]              [com.diffblue.cover.commons.configuration.e] Property cover.includeTouchedFilesInReportJson has not been set, using default value false
13:04:36.291 [INFO]   [Reporting]   [main]              [com.diffblue.cover.ui.controller.ak] 
13:04:36.291 [INFO]   [Reporting]   [main]              [com.diffblue.cover.ui.controller.ak] Log file: /home/jbergqvist/diffblue/Palisade-common/.diffblue/log/user-20260112T130237.log
13:04:36.291 [INFO]   [Reporting]   [main]              [com.diffblue.cover.ui.controller.ak] Finished in 1m 53s
