13:02:37.912 [INFO]   [Preparing]   Diffblue Cover 2025.12.02-74144f0-licensed
13:02:37.913 [INFO]   [Preparing]   Running: dcover create --coverage-reports
13:02:37.913 [INFO]   [Preparing]   
13:02:37.913 [INFO]   [Preparing]   Command: create
13:02:37.914 [INFO]   [Preparing]   Create tests for the specified package/class/method.
13:02:37.914 [INFO]   [Preparing]   
13:02:40.630 [INFO]   [Checking]    Maven Using ${maven.home} of: /home/jbergqvist/.sdkman/candidates/maven/current.
13:02:40.632 [INFO]   [Checking]    Maven Executing: /bin/sh -c cd /home/jbergqvist/diffblue/Palisade-common && /home/jbergqvist/.sdkman/candidates/maven/3.9.12/bin/mvn -B -version
13:02:40.846 [INFO]   [Checking]    Standard output of build tool (Maven)
13:02:40.846 [INFO]   [Checking]    > Apache Maven 3.9.12 (848fbb4bf2d427b72bdb2471c22fced7ebd9a7a1)
13:02:40.846 [INFO]   [Checking]    > Maven home: /home/jbergqvist/.sdkman/candidates/maven/3.9.12
13:02:40.846 [INFO]   [Checking]    > Java version: 11.0.29, vendor: Amazon.com Inc., runtime: /home/jbergqvist/.sdkman/candidates/java/11.0.29-amzn
13:02:40.846 [INFO]   [Checking]    > Default locale: en_GB, platform encoding: UTF-8
13:02:40.846 [INFO]   [Checking]    > OS name: "linux", version: "6.8.0-90-generic", arch: "amd64", family: "unix"
13:02:40.849 [INFO]   [Checking]    Using default build rules as no custom rules found in any of [/home/jbergqvist/diffblue/Palisade-common]
13:02:40.853 [INFO]   [Checking]    Attempting to invoke mvnw in working directory: /home/jbergqvist/diffblue/Palisade-common
13:02:40.853 [INFO]   [Checking]    Attempting to invoke /home/jbergqvist/.sdkman/candidates/maven/current/bin/mvn in working directory: /home/jbergqvist/diffblue/Palisade-common
13:02:40.854 [INFO]   [Checking]    Started "/home/jbergqvist/.sdkman/candidates/maven/current/bin/mvn -Dmaven.ext.class.path=/opt/cover/cover-buildsystem-maven-spy-jar-with-dependencies.jar -Dcom.diffblue.cover.skipTests=true -DskipTestOptimizer --batch-mode --global-settings=/home/jbergqvist/.sdkman/candidates/maven/current/conf/settings.xml dependency:build-classpath"
13:02:41.617 [INFO]   [Checking]    out: [INFO] Scanning for projects...
13:02:41.730 [INFO]   [Checking]    out: [INFO] 
13:02:41.731 [INFO]   [Checking]    out: [INFO] --------------------< uk.gov.gchq.palisade:common >---------------------
13:02:41.731 [INFO]   [Checking]    out: [INFO] Building GCHQ Palisade Common Library 0.5.2-SNAPSHOT
13:02:41.731 [INFO]   [Checking]    out: [INFO]   from pom.xml
13:02:41.731 [INFO]   [Checking]    out: [INFO] --------------------------------[ jar ]---------------------------------
13:02:41.896 [INFO]   [Checking]    deserializing line [DIFFBLUE]{"__type":"com.diffblue.cover.buildsystem.model.DefaultEventMessage","project":"uk.gov.gchq.palisade:common","goal":"build-classpath","cause":null,"state":"STARTED"}
13:02:41.938 [INFO]   [Checking]    out: [INFO] 
13:02:41.938 [INFO]   [Checking]    out: [INFO] --- dependency:3.1.2:build-classpath (default-cli) @ common ---
13:02:42.381 [INFO]   [Checking]    out: [INFO] Dependencies classpath:
13:02:42.381 [INFO]   [Checking]    out: /home/jbergqvist/.m2/repository/com/typesafe/akka/akka-stream_2.13/2.6.10/akka-stream_2.13-2.6.10.jar:/home/jbergqvist/.m2/repository/org/scala-lang/scala-library/2.13.3/scala-library-2.13.3.jar:/home/jbergqvist/.m2/repository/com/typesafe/akka/akka-actor_2.13/2.6.10/akka-actor_2.13-2.6.10.jar:/home/jbergqvist/.m2/repository/com/typesafe/config/1.4.0/config-1.4.0.jar:/home/jbergqvist/.m2/repository/org/scala-lang/modules/scala-java8-compat_2.13/0.9.0/scala-java8-compat_2.13-0.9.0.jar:/home/jbergqvist/.m2/repository/com/typesafe/akka/akka-protobuf-v3_2.13/2.6.10/akka-protobuf-v3_2.13-2.6.10.jar:/home/jbergqvist/.m2/repository/org/reactivestreams/reactive-streams/1.0.3/reactive-streams-1.0.3.jar:/home/jbergqvist/.m2/repository/com/typesafe/ssl-config-core_2.13/0.4.2/ssl-config-core_2.13-0.4.2.jar:/home/jbergqvist/.m2/repository/org/scala-lang/modules/scala-parser-combinators_2.13/1.1.2/scala-parser-combinators_2.13-1.1.2.jar:/home/jbergqvist/.m2/repository/org/junit/jupiter/junit-jupiter-engine/5.13.4/junit-jupiter-engine-5.13.4.jar:/home/jbergqvist/.m2/repository/org/junit/platform/junit-platform-engine/1.13.4/junit-platform-engine-1.13.4.jar:/home/jbergqvist/.m2/repository/org/opentest4j/opentest4j/1.3.0/opentest4j-1.3.0.jar:/home/jbergqvist/.m2/repository/org/junit/platform/junit-platform-commons/1.13.4/junit-platform-commons-1.13.4.jar:/home/jbergqvist/.m2/repository/org/junit/jupiter/junit-jupiter-api/5.13.4/junit-jupiter-api-5.13.4.jar:/home/jbergqvist/.m2/repository/org/apiguardian/apiguardian-api/1.1.2/apiguardian-api-1.1.2.jar:/home/jbergqvist/.m2/repository/org/mockito/mockito-core/5.20.0/mockito-core-5.20.0.jar:/home/jbergqvist/.m2/repository/net/bytebuddy/byte-buddy/1.17.7/byte-buddy-1.17.7.jar:/home/jbergqvist/.m2/repository/net/bytebuddy/byte-buddy-agent/1.17.7/byte-buddy-agent-1.17.7.jar:/home/jbergqvist/.m2/repository/org/objenesis/objenesis/3.3/objenesis-3.3.jar:/home/jbergqvist/.m2/repository/org/mockito/mockito-junit-jupiter/5.20.0/mockito-junit-jupiter-5.20.0.jar:/home/jbergqvist/.m2/repository/com/fasterxml/jackson/core/jackson-databind/2.11.0/jackson-databind-2.11.0.jar:/home/jbergqvist/.m2/repository/com/fasterxml/jackson/core/jackson-annotations/2.11.0/jackson-annotations-2.11.0.jar:/home/jbergqvist/.m2/repository/com/fasterxml/jackson/core/jackson-core/2.11.0/jackson-core-2.11.0.jar:/home/jbergqvist/.m2/repository/org/slf4j/slf4j-api/1.7.25/slf4j-api-1.7.25.jar:/home/jbergqvist/.m2/repository/com/diffblue/cover/cover-annotations/1.8.0/cover-annotations-1.8.0.jar
13:02:42.382 [INFO]   [Checking]    deserializing line [DIFFBLUE]{"__type":"com.diffblue.cover.buildsystem.model.DefaultEventMessage","project":"uk.gov.gchq.palisade:common","goal":"build-classpath","cause":null,"state":"SUCCESS"}
13:02:42.411 [INFO]   [Checking]    deserializing line [DIFFBLUE]{"__type":"com.diffblue.cover.buildsystem.model.DefaultProjectModuleMessage","project":{"__type":"DefaultProjectModule","junitReport":["/home/jbergqvist/diffblue/Palisade-common/target/surefire-reports"],"jacocoReport":["/home/jbergqvist/diffblue/Palisade-common/target/site/jacoco/jacoco.xml"],"jacocoDestFile":["${sonar.jacoco.reportPath}","/home/jbergqvist/diffblue/Palisade-common/target/jacoco.exec"],"jacocoFormats":["xml"],"jacocoSkipped":false,"classpath":["/home/jbergqvist/diffblue/Palisade-common/target/classes","/home/jbergqvist/.m2/repository/com/typesafe/akka/akka-stream_2.13/2.6.10/akka-stream_2.13-2.6.10.jar","/home/jbergqvist/.m2/repository/org/scala-lang/scala-library/2.13.3/scala-library-2.13.3.jar","/home/jbergqvist/.m2/repository/com/typesafe/akka/akka-actor_2.13/2.6.10/akka-actor_2.13-2.6.10.jar","/home/jbergqvist/.m2/repository/com/typesafe/config/1.4.0/config-1.4.0.jar","/home/jbergqvist/.m2/repository/org/scala-lang/modules/scala-java8-compat_2.13/0.9.0/scala-java8-compat_2.13-0.9.0.jar","/home/jbergqvist/.m2/repository/com/typesafe/akka/akka-protobuf-v3_2.13/2.6.10/akka-protobuf-v3_2.13-2.6.10.jar","/home/jbergqvist/.m2/repository/org/reactivestreams/reactive-streams/1.0.3/reactive-streams-1.0.3.jar","/home/jbergqvist/.m2/repository/com/typesafe/ssl-config-core_2.13/0.4.2/ssl-config-core_2.13-0.4.2.jar","/home/jbergqvist/.m2/repository/org/scala-lang/modules/scala-parser-combinators_2.13/1.1.2/scala-parser-combinators_2.13-1.1.2.jar","/home/jbergqvist/.m2/repository/org/junit/jupiter/junit-jupiter-engine/5.13.4/junit-jupiter-engine-5.13.4.jar","/home/jbergqvist/.m2/repository/org/junit/platform/junit-platform-engine/1.13.4/junit-platform-engine-1.13.4.jar","/home/jbergqvist/.m2/repository/org/opentest4j/opentest4j/1.3.0/opentest4j-1.3.0.jar","/home/jbergqvist/.m2/repository/org/junit/platform/junit-platform-commons/1.13.4/junit-platform-commons-1.13.4.jar","/home/jbergqvist/.m2/repository/org/junit/jupiter/junit-jupiter-api/5.13.4/junit-jupiter-api-5.13.4.jar","/home/jbergqvist/.m2/repository/org/apiguardian/apiguardian-api/1.1.2/apiguardian-api-1.1.2.jar","/home/jbergqvist/.m2/repository/org/mockito/mockito-core/5.20.0/mockito-core-5.20.0.jar","/home/jbergqvist/.m2/repository/net/bytebuddy/byte-buddy/1.17.7/byte-buddy-1.17.7.jar","/home/jbergqvist/.m2/repository/net/bytebuddy/byte-buddy-agent/1.17.7/byte-buddy-agent-1.17.7.jar","/home/jbergqvist/.m2/repository/org/objenesis/objenesis/3.3/objenesis-3.3.jar","/home/jbergqvist/.m2/repository/org/mockito/mockito-junit-jupiter/5.20.0/mockito-junit-jupiter-5.20.0.jar","/home/jbergqvist/.m2/repository/com/fasterxml/jackson/core/jackson-databind/2.11.0/jackson-databind-2.11.0.jar","/home/jbergqvist/.m2/repository/com/fasterxml/jackson/core/jackson-annotations/2.11.0/jackson-annotations-2.11.0.jar","/home/jbergqvist/.m2/repository/com/fasterxml/jackson/core/jackson-core/2.11.0/jackson-core-2.11.0.jar","/home/jbergqvist/.m2/repository/org/slf4j/slf4j-api/1.7.25/slf4j-api-1.7.25.jar","/home/jbergqvist/.m2/repository/com/diffblue/cover/cover-annotations/1.8.0/cover-annotations-1.8.0.jar"],"complianceLevel":"11","productionSources":["/home/jbergqvist/diffblue/Palisade-common/src/main/java"],"testSources":["/home/jbergqvist/diffblue/Palisade-common/src/test/java"],"productionClasses":"/home/jbergqvist/diffblue/Palisade-common/target/classes","testClasses":"/home/jbergqvist/diffblue/Palisade-common/target/test-classes","sourceToBuildPathMap":null,"testSourceToBuildPathMap":null,"buildDirectory":"/home/jbergqvist/diffblue/Palisade-common/target","plugins":[{"__type":"DefaultPlugin","groupId":"org.apache.maven.plugins","artefactId":"maven-compiler-plugin","version":"3.8.0","pluginClassName":null},{"__type":"DefaultPlugin","groupId":"org.apache.maven.plugins","artefactId":"maven-javadoc-plugin","version":"3.1.0","pluginClassName":null},{"__type":"DefaultPlugin","groupId":"org.apache.maven.plugins","artefactId":"maven-dependency-plugin","version":"3.1.2","pluginClassName":null},{"__type":"DefaultPlugin","groupId":"org.codehaus.mojo","artefactId":"flatten-maven-plugin","version":"1.1.0","pluginClassName":null},{"__type":"DefaultPlugin","groupId":"org.codehaus.mojo","artefactId":"license-maven-plugin","version":"2.0.0","pluginClassName":null},{"__type":"DefaultPlugin","groupId":"org.jacoco","artefactId":"jacoco-maven-plugin","version":"0.8.5","pluginClassName":null},{"__type":"DefaultPlugin","groupId":"org.apache.maven.plugins","artefactId":"maven-checkstyle-plugin","version":"3.1.0","pluginClassName":null},{"__type":"DefaultPlugin","groupId":"org.apache.maven.plugins","artefactId":"maven-clean-plugin","version":"3.2.0","pluginClassName":null},{"__type":"DefaultPlugin","groupId":"org.apache.maven.plugins","artefactId":"maven-resources-plugin","version":"3.3.1","pluginClassName":null},{"__type":"DefaultPlugin","groupId":"org.apache.maven.plugins","artefactId":"maven-jar-plugin","version":"3.4.1","pluginClassName":null},{"__type":"DefaultPlugin","groupId":"org.apache.maven.plugins","artefactId":"maven-surefire-plugin","version":"3.2.5","pluginClassName":null},{"__type":"DefaultPlugin","groupId":"org.apache.maven.plugins","artefactId":"maven-install-plugin","version":"3.1.2","pluginClassName":null},{"__type":"DefaultPlugin","groupId":"org.apache.maven.plugins","artefactId":"maven-deploy-plugin","version":"3.1.2","pluginClassName":null},{"__type":"DefaultPlugin","groupId":"org.apache.maven.plugins","artefactId":"maven-site-plugin","version":"3.12.1","pluginClassName":null}],"version":"3.9.12","encoding":"UTF-8","name":"maven","subModules":[],"simpleModuleName":null,"parentModuleName":null,"location":"/home/jbergqvist/diffblue/Palisade-common","fullModuleName":"uk.gov.gchq.palisade:common"}}
13:02:42.426 [INFO]   [Checking]    out: [INFO] ------------------------------------------------------------------------
13:02:42.427 [INFO]   [Checking]    out: [INFO] BUILD SUCCESS
13:02:42.427 [INFO]   [Checking]    out: [INFO] ------------------------------------------------------------------------
13:02:42.427 [INFO]   [Checking]    out: [INFO] Total time:  0.809 s
13:02:42.427 [INFO]   [Checking]    out: [INFO] Finished at: 2026-01-12T13:02:42Z
13:02:42.427 [INFO]   [Checking]    out: [INFO] ------------------------------------------------------------------------
13:02:42.427 [INFO]   [Checking]    deserializing line [DIFFBLUE]{"__type":"com.diffblue.cover.buildsystem.model.ProjectInfoMessage","projectName":"uk.gov.gchq.palisade:common","productionSources":["/home/jbergqvist/diffblue/Palisade-common/src/main/java"],"testSources":["/home/jbergqvist/diffblue/Palisade-common/src/test/java"],"location":"/home/jbergqvist/diffblue/Palisade-common"}
13:02:42.470 [INFO]   [Checking]    maven:err process not stopped, joining thread
13:02:42.470 [INFO]   [Checking]    maven:out process not stopped, joining thread
13:02:42.470 [INFO]   [Checking]    Deserializing project module message
13:02:42.471 [INFO]   [Checking]    deserializing line [DIFFBLUE]{"__type":"com.diffblue.cover.buildsystem.model.DefaultEventMessage","project":"uk.gov.gchq.palisade:common","goal":"build-classpath","cause":null,"state":"STARTED"}
13:02:42.473 [INFO]   [Checking]    deserializing line [DIFFBLUE]{"__type":"com.diffblue.cover.buildsystem.model.DefaultEventMessage","project":"uk.gov.gchq.palisade:common","goal":"build-classpath","cause":null,"state":"SUCCESS"}
13:02:42.475 [INFO]   [Checking]    deserializing line [DIFFBLUE]{"__type":"com.diffblue.cover.buildsystem.model.DefaultProjectModuleMessage","project":{"__type":"DefaultProjectModule","junitReport":["/home/jbergqvist/diffblue/Palisade-common/target/surefire-reports"],"jacocoReport":["/home/jbergqvist/diffblue/Palisade-common/target/site/jacoco/jacoco.xml"],"jacocoDestFile":["${sonar.jacoco.reportPath}","/home/jbergqvist/diffblue/Palisade-common/target/jacoco.exec"],"jacocoFormats":["xml"],"jacocoSkipped":false,"classpath":["/home/jbergqvist/diffblue/Palisade-common/target/classes","/home/jbergqvist/.m2/repository/com/typesafe/akka/akka-stream_2.13/2.6.10/akka-stream_2.13-2.6.10.jar","/home/jbergqvist/.m2/repository/org/scala-lang/scala-library/2.13.3/scala-library-2.13.3.jar","/home/jbergqvist/.m2/repository/com/typesafe/akka/akka-actor_2.13/2.6.10/akka-actor_2.13-2.6.10.jar","/home/jbergqvist/.m2/repository/com/typesafe/config/1.4.0/config-1.4.0.jar","/home/jbergqvist/.m2/repository/org/scala-lang/modules/scala-java8-compat_2.13/0.9.0/scala-java8-compat_2.13-0.9.0.jar","/home/jbergqvist/.m2/repository/com/typesafe/akka/akka-protobuf-v3_2.13/2.6.10/akka-protobuf-v3_2.13-2.6.10.jar","/home/jbergqvist/.m2/repository/org/reactivestreams/reactive-streams/1.0.3/reactive-streams-1.0.3.jar","/home/jbergqvist/.m2/repository/com/typesafe/ssl-config-core_2.13/0.4.2/ssl-config-core_2.13-0.4.2.jar","/home/jbergqvist/.m2/repository/org/scala-lang/modules/scala-parser-combinators_2.13/1.1.2/scala-parser-combinators_2.13-1.1.2.jar","/home/jbergqvist/.m2/repository/org/junit/jupiter/junit-jupiter-engine/5.13.4/junit-jupiter-engine-5.13.4.jar","/home/jbergqvist/.m2/repository/org/junit/platform/junit-platform-engine/1.13.4/junit-platform-engine-1.13.4.jar","/home/jbergqvist/.m2/repository/org/opentest4j/opentest4j/1.3.0/opentest4j-1.3.0.jar","/home/jbergqvist/.m2/repository/org/junit/platform/junit-platform-commons/1.13.4/junit-platform-commons-1.13.4.jar","/home/jbergqvist/.m2/repository/org/junit/jupiter/junit-jupiter-api/5.13.4/junit-jupiter-api-5.13.4.jar","/home/jbergqvist/.m2/repository/org/apiguardian/apiguardian-api/1.1.2/apiguardian-api-1.1.2.jar","/home/jbergqvist/.m2/repository/org/mockito/mockito-core/5.20.0/mockito-core-5.20.0.jar","/home/jbergqvist/.m2/repository/net/bytebuddy/byte-buddy/1.17.7/byte-buddy-1.17.7.jar","/home/jbergqvist/.m2/repository/net/bytebuddy/byte-buddy-agent/1.17.7/byte-buddy-agent-1.17.7.jar","/home/jbergqvist/.m2/repository/org/objenesis/objenesis/3.3/objenesis-3.3.jar","/home/jbergqvist/.m2/repository/org/mockito/mockito-junit-jupiter/5.20.0/mockito-junit-jupiter-5.20.0.jar","/home/jbergqvist/.m2/repository/com/fasterxml/jackson/core/jackson-databind/2.11.0/jackson-databind-2.11.0.jar","/home/jbergqvist/.m2/repository/com/fasterxml/jackson/core/jackson-annotations/2.11.0/jackson-annotations-2.11.0.jar","/home/jbergqvist/.m2/repository/com/fasterxml/jackson/core/jackson-core/2.11.0/jackson-core-2.11.0.jar","/home/jbergqvist/.m2/repository/org/slf4j/slf4j-api/1.7.25/slf4j-api-1.7.25.jar","/home/jbergqvist/.m2/repository/com/diffblue/cover/cover-annotations/1.8.0/cover-annotations-1.8.0.jar"],"complianceLevel":"11","productionSources":["/home/jbergqvist/diffblue/Palisade-common/src/main/java"],"testSources":["/home/jbergqvist/diffblue/Palisade-common/src/test/java"],"productionClasses":"/home/jbergqvist/diffblue/Palisade-common/target/classes","testClasses":"/home/jbergqvist/diffblue/Palisade-common/target/test-classes","sourceToBuildPathMap":null,"testSourceToBuildPathMap":null,"buildDirectory":"/home/jbergqvist/diffblue/Palisade-common/target","plugins":[{"__type":"DefaultPlugin","groupId":"org.apache.maven.plugins","artefactId":"maven-compiler-plugin","version":"3.8.0","pluginClassName":null},{"__type":"DefaultPlugin","groupId":"org.apache.maven.plugins","artefactId":"maven-javadoc-plugin","version":"3.1.0","pluginClassName":null},{"__type":"DefaultPlugin","groupId":"org.apache.maven.plugins","artefactId":"maven-dependency-plugin","version":"3.1.2","pluginClassName":null},{"__type":"DefaultPlugin","groupId":"org.codehaus.mojo","artefactId":"flatten-maven-plugin","version":"1.1.0","pluginClassName":null},{"__type":"DefaultPlugin","groupId":"org.codehaus.mojo","artefactId":"license-maven-plugin","version":"2.0.0","pluginClassName":null},{"__type":"DefaultPlugin","groupId":"org.jacoco","artefactId":"jacoco-maven-plugin","version":"0.8.5","pluginClassName":null},{"__type":"DefaultPlugin","groupId":"org.apache.maven.plugins","artefactId":"maven-checkstyle-plugin","version":"3.1.0","pluginClassName":null},{"__type":"DefaultPlugin","groupId":"org.apache.maven.plugins","artefactId":"maven-clean-plugin","version":"3.2.0","pluginClassName":null},{"__type":"DefaultPlugin","groupId":"org.apache.maven.plugins","artefactId":"maven-resources-plugin","version":"3.3.1","pluginClassName":null},{"__type":"DefaultPlugin","groupId":"org.apache.maven.plugins","artefactId":"maven-jar-plugin","version":"3.4.1","pluginClassName":null},{"__type":"DefaultPlugin","groupId":"org.apache.maven.plugins","artefactId":"maven-surefire-plugin","version":"3.2.5","pluginClassName":null},{"__type":"DefaultPlugin","groupId":"org.apache.maven.plugins","artefactId":"maven-install-plugin","version":"3.1.2","pluginClassName":null},{"__type":"DefaultPlugin","groupId":"org.apache.maven.plugins","artefactId":"maven-deploy-plugin","version":"3.1.2","pluginClassName":null},{"__type":"DefaultPlugin","groupId":"org.apache.maven.plugins","artefactId":"maven-site-plugin","version":"3.12.1","pluginClassName":null}],"version":"3.9.12","encoding":"UTF-8","name":"maven","subModules":[],"simpleModuleName":null,"parentModuleName":null,"location":"/home/jbergqvist/diffblue/Palisade-common","fullModuleName":"uk.gov.gchq.palisade:common"}}
13:02:42.482 [INFO]   [Checking]    deserializing line [DIFFBLUE]{"__type":"com.diffblue.cover.buildsystem.model.ProjectInfoMessage","projectName":"uk.gov.gchq.palisade:common","productionSources":["/home/jbergqvist/diffblue/Palisade-common/src/main/java"],"testSources":["/home/jbergqvist/diffblue/Palisade-common/src/test/java"],"location":"/home/jbergqvist/diffblue/Palisade-common"}
13:02:42.483 [INFO]   [Checking]    Found 1 ProjectModuleMessages (ignoring buildSrc projects)
13:02:42.483 [INFO]   [Checking]    Found module uk.gov.gchq.palisade:common in the working directory /home/jbergqvist/diffblue/Palisade-common
13:02:42.483 [INFO]   [Checking]    deserialized project module is present? true
13:02:42.499 [INFO]   [Checking]    Operating System: Linux amd64 6.8.0-90-generic
13:02:42.499 [INFO]   [Checking]    Default charset: UTF-8
13:02:42.499 [INFO]   [Checking]    Default locale: en_GB
13:02:42.499 [INFO]   [Checking]    Default time zone: Europe/London
13:02:42.506 [INFO]   [Checking]    Discovered modules:
13:02:42.506 [INFO]   [Checking]    - uk.gov.gchq.palisade:common
13:02:42.506 [INFO]   [Checking]    
13:02:42.509 [INFO]   [Checking]    
13:02:42.509 [INFO]   [Checking]    [1/1] Creating tests for module: uk.gov.gchq.palisade:common
13:02:42.509 [INFO]   [Checking]    ============================================================
13:02:42.509 [INFO]   [Checking]    
13:02:42.509 [INFO]   [Checking]    Detecting environment:
13:02:42.509 [INFO]   [Checking]    ----------------------
13:02:42.561 [INFO]   [Checking]    Detected Java version 11.0.29
13:02:42.573 [INFO]   [Checking]    Maven Using ${maven.home} of: /home/jbergqvist/.sdkman/candidates/maven/current.
13:02:42.574 [INFO]   [Checking]    Maven Executing: /bin/sh -c cd /home/jbergqvist/diffblue/Palisade-common && /home/jbergqvist/.sdkman/candidates/maven/3.9.12/bin/mvn -B -version
13:02:42.732 [INFO]   [Checking]    Standard output of build tool (Maven)
13:02:42.732 [INFO]   [Checking]    > Apache Maven 3.9.12 (848fbb4bf2d427b72bdb2471c22fced7ebd9a7a1)
13:02:42.732 [INFO]   [Checking]    > Maven home: /home/jbergqvist/.sdkman/candidates/maven/3.9.12
13:02:42.732 [INFO]   [Checking]    > Java version: 11.0.29, vendor: Amazon.com Inc., runtime: /home/jbergqvist/.sdkman/candidates/java/11.0.29-amzn
13:02:42.732 [INFO]   [Checking]    > Default locale: en_GB, platform encoding: UTF-8
13:02:42.732 [INFO]   [Checking]    > OS name: "linux", version: "6.8.0-90-generic", arch: "amd64", family: "unix"
13:02:42.733 [INFO]   [Checking]    Detected build system: Maven 3.9.12
13:02:42.738 [INFO]   [Checking]    Operating System: Linux amd64 6.8.0-90-generic
13:02:42.739 [INFO]   [Checking]    Default charset: UTF-8
13:02:42.739 [INFO]   [Checking]    Default locale: en_GB
13:02:42.739 [INFO]   [Checking]    Default time zone: Europe/London
13:02:42.740 [INFO]   [Checking]    Selected build system: Maven
13:02:42.746 [INFO]   [Checking]    Selected classpath from build system maven
13:02:42.748 [INFO]   [Checking]    Expanded classpath: 
/home/jbergqvist/diffblue/Palisade-common/target/test-classes (test build path)
/home/jbergqvist/diffblue/Palisade-common/target/classes (code under test)
/home/jbergqvist/.m2/repository/com/typesafe/akka/akka-stream_2.13/2.6.10/akka-stream_2.13-2.6.10.jar
/home/jbergqvist/.m2/repository/org/scala-lang/scala-library/2.13.3/scala-library-2.13.3.jar
/home/jbergqvist/.m2/repository/com/typesafe/akka/akka-actor_2.13/2.6.10/akka-actor_2.13-2.6.10.jar
/home/jbergqvist/.m2/repository/com/typesafe/config/1.4.0/config-1.4.0.jar
/home/jbergqvist/.m2/repository/org/scala-lang/modules/scala-java8-compat_2.13/0.9.0/scala-java8-compat_2.13-0.9.0.jar
/home/jbergqvist/.m2/repository/com/typesafe/akka/akka-protobuf-v3_2.13/2.6.10/akka-protobuf-v3_2.13-2.6.10.jar
/home/jbergqvist/.m2/repository/org/reactivestreams/reactive-streams/1.0.3/reactive-streams-1.0.3.jar
/home/jbergqvist/.m2/repository/com/typesafe/ssl-config-core_2.13/0.4.2/ssl-config-core_2.13-0.4.2.jar
/home/jbergqvist/.m2/repository/org/scala-lang/modules/scala-parser-combinators_2.13/1.1.2/scala-parser-combinators_2.13-1.1.2.jar
/home/jbergqvist/.m2/repository/org/junit/jupiter/junit-jupiter-engine/5.13.4/junit-jupiter-engine-5.13.4.jar
/home/jbergqvist/.m2/repository/org/junit/platform/junit-platform-engine/1.13.4/junit-platform-engine-1.13.4.jar
/home/jbergqvist/.m2/repository/org/opentest4j/opentest4j/1.3.0/opentest4j-1.3.0.jar
/home/jbergqvist/.m2/repository/org/junit/platform/junit-platform-commons/1.13.4/junit-platform-commons-1.13.4.jar
/home/jbergqvist/.m2/repository/org/junit/jupiter/junit-jupiter-api/5.13.4/junit-jupiter-api-5.13.4.jar
/home/jbergqvist/.m2/repository/org/apiguardian/apiguardian-api/1.1.2/apiguardian-api-1.1.2.jar
/home/jbergqvist/.m2/repository/org/mockito/mockito-core/5.20.0/mockito-core-5.20.0.jar
/home/jbergqvist/.m2/repository/net/bytebuddy/byte-buddy/1.17.7/byte-buddy-1.17.7.jar
/home/jbergqvist/.m2/repository/net/bytebuddy/byte-buddy-agent/1.17.7/byte-buddy-agent-1.17.7.jar
/home/jbergqvist/.m2/repository/org/objenesis/objenesis/3.3/objenesis-3.3.jar
/home/jbergqvist/.m2/repository/org/mockito/mockito-junit-jupiter/5.20.0/mockito-junit-jupiter-5.20.0.jar
/home/jbergqvist/.m2/repository/com/fasterxml/jackson/core/jackson-databind/2.11.0/jackson-databind-2.11.0.jar
/home/jbergqvist/.m2/repository/com/fasterxml/jackson/core/jackson-annotations/2.11.0/jackson-annotations-2.11.0.jar
/home/jbergqvist/.m2/repository/com/fasterxml/jackson/core/jackson-core/2.11.0/jackson-core-2.11.0.jar
/home/jbergqvist/.m2/repository/org/slf4j/slf4j-api/1.7.25/slf4j-api-1.7.25.jar
/home/jbergqvist/.m2/repository/com/diffblue/cover/cover-annotations/1.8.0/cover-annotations-1.8.0.jar
13:02:42.771 [INFO]   [Checking]    Detected test framework: JUnit Jupiter API 5.13.4
13:02:42.775 [INFO]   [Checking]    Detected JUnit Jupiter Engine version 5.13.4
13:02:42.801 [INFO]   [Checking]    Detected Mockito Core version 5.20.0
13:02:43.137 [INFO]   [Checking]    Indexing...
13:02:43.509 [INFO]   [Checking]    Selected test output directory: /home/jbergqvist/diffblue/Palisade-common/src/test/java
13:02:43.521 [INFO]   [Checking]    Using default build rules as no custom rules found in any of [/home/jbergqvist/diffblue/Palisade-common]
13:02:43.522 [INFO]   [Checking]    Attempting to invoke mvnw in working directory: /home/jbergqvist/diffblue/Palisade-common
13:02:43.523 [INFO]   [Checking]    Attempting to invoke /home/jbergqvist/.sdkman/candidates/maven/current/bin/mvn in working directory: /home/jbergqvist/diffblue/Palisade-common
13:02:43.523 [INFO]   [Checking]    Started "/home/jbergqvist/.sdkman/candidates/maven/current/bin/mvn -Dmaven.ext.class.path=/opt/cover/cover-buildsystem-maven-spy-jar-with-dependencies.jar -Dcom.diffblue.cover.skipTests=true -DskipTestOptimizer --batch-mode --projects=uk.gov.gchq.palisade:common --global-settings=/home/jbergqvist/.sdkman/candidates/maven/current/conf/settings.xml -Dcheckstyle.skip=true test -DfailIfNoTests=false -Dsurefire.failIfNoSpecifiedTests=false -Dmaven.test.failure.ignore=True -Dtest=DummyJupiterDiffblueTest"
13:02:44.265 [INFO]   [Checking]    out: [INFO] Scanning for projects...
13:02:44.339 [INFO]   [Checking]    out: [INFO] 
13:02:44.340 [INFO]   [Checking]    out: [INFO] --------------------< uk.gov.gchq.palisade:common >---------------------
13:02:44.340 [INFO]   [Checking]    out: [INFO] Building GCHQ Palisade Common Library 0.5.2-SNAPSHOT
13:02:44.340 [INFO]   [Checking]    out: [INFO]   from pom.xml
13:02:44.340 [INFO]   [Checking]    out: [INFO] --------------------------------[ jar ]---------------------------------
13:02:44.583 [INFO]   [Checking]    deserializing line [DIFFBLUE]{"__type":"com.diffblue.cover.buildsystem.model.DefaultEventMessage","project":"uk.gov.gchq.palisade:common","goal":"prepare-agent","cause":null,"state":"STARTED"}
13:02:44.585 [INFO]   [Checking]    out: [INFO] 
13:02:44.586 [INFO]   [Checking]    out: [INFO] --- jacoco:0.8.5:prepare-agent (agent) @ common ---
13:02:44.819 [INFO]   [Checking]    out: [INFO] argLine set to -javaagent:/home/jbergqvist/.m2/repository/org/jacoco/org.jacoco.agent/0.8.5/org.jacoco.agent-0.8.5-runtime.jar=destfile=/home/jbergqvist/diffblue/Palisade-common/target/jacoco.exec,append=true
13:02:44.821 [INFO]   [Checking]    deserializing line [DIFFBLUE]{"__type":"com.diffblue.cover.buildsystem.model.DefaultEventMessage","project":"uk.gov.gchq.palisade:common","goal":"prepare-agent","cause":null,"state":"SUCCESS"}
13:02:44.824 [INFO]   [Checking]    deserializing line [DIFFBLUE]{"__type":"com.diffblue.cover.buildsystem.model.DefaultEventMessage","project":"uk.gov.gchq.palisade:common","goal":"resources","cause":null,"state":"STARTED"}
13:02:44.826 [INFO]   [Checking]    out: [INFO] 
13:02:44.827 [INFO]   [Checking]    out: [INFO] --- resources:3.3.1:resources (default-resources) @ common ---
13:02:44.869 [INFO]   [Checking]    out: [INFO] Copying 1 resource from src/main/resources to target/classes
13:02:44.872 [INFO]   [Checking]    deserializing line [DIFFBLUE]{"__type":"com.diffblue.cover.buildsystem.model.DefaultEventMessage","project":"uk.gov.gchq.palisade:common","goal":"resources","cause":null,"state":"SUCCESS"}
13:02:44.874 [INFO]   [Checking]    deserializing line [DIFFBLUE]{"__type":"com.diffblue.cover.buildsystem.model.DefaultEventMessage","project":"uk.gov.gchq.palisade:common","goal":"flatten","cause":null,"state":"STARTED"}
13:02:44.877 [INFO]   [Checking]    out: [INFO] 
13:02:44.877 [INFO]   [Checking]    out: [INFO] --- flatten:1.1.0:flatten (flatten) @ common ---
13:02:44.969 [INFO]   [Checking]    out: [INFO] Generating flattened POM of project uk.gov.gchq.palisade:common:jar:0.5.2-SNAPSHOT...
13:02:45.012 [INFO]   [Checking]    deserializing line [DIFFBLUE]{"__type":"com.diffblue.cover.buildsystem.model.DefaultEventMessage","project":"uk.gov.gchq.palisade:common","goal":"flatten","cause":null,"state":"SUCCESS"}
13:02:45.014 [INFO]   [Checking]    deserializing line [DIFFBLUE]{"__type":"com.diffblue.cover.buildsystem.model.DefaultEventMessage","project":"uk.gov.gchq.palisade:common","goal":"compile","cause":null,"state":"STARTED"}
13:02:45.016 [INFO]   [Checking]    out: [INFO] 
13:02:45.017 [INFO]   [Checking]    out: [INFO] --- compiler:3.8.0:compile (default-compile) @ common ---
13:02:45.124 [INFO]   [Checking]    out: [INFO] Nothing to compile - all classes are up to date
13:02:45.125 [INFO]   [Checking]    deserializing line [DIFFBLUE]{"__type":"com.diffblue.cover.buildsystem.model.DefaultEventMessage","project":"uk.gov.gchq.palisade:common","goal":"compile","cause":null,"state":"SUCCESS"}
13:02:45.128 [INFO]   [Checking]    deserializing line [DIFFBLUE]{"__type":"com.diffblue.cover.buildsystem.model.DefaultEventMessage","project":"uk.gov.gchq.palisade:common","goal":"javadoc-no-fork","cause":null,"state":"STARTED"}
13:02:45.130 [INFO]   [Checking]    out: [INFO] 
13:02:45.131 [INFO]   [Checking]    out: [INFO] --- javadoc:3.1.0:javadoc-no-fork (javadoc-compile) @ common ---
13:02:46.809 [INFO]   [Checking]    deserializing line [DIFFBLUE]{"__type":"com.diffblue.cover.buildsystem.model.DefaultEventMessage","project":"uk.gov.gchq.palisade:common","goal":"javadoc-no-fork","cause":null,"state":"SUCCESS"}
13:02:46.811 [INFO]   [Checking]    deserializing line [DIFFBLUE]{"__type":"com.diffblue.cover.buildsystem.model.DefaultEventMessage","project":"uk.gov.gchq.palisade:common","goal":"aggregate-no-fork","cause":null,"state":"STARTED"}
13:02:46.812 [INFO]   [Checking]    out: [INFO] 
13:02:46.812 [INFO]   [Checking]    out: [INFO] --- javadoc:3.1.0:aggregate-no-fork (javadoc-compile) @ common ---
13:02:48.153 [INFO]   [Checking]    deserializing line [DIFFBLUE]{"__type":"com.diffblue.cover.buildsystem.model.DefaultEventMessage","project":"uk.gov.gchq.palisade:common","goal":"aggregate-no-fork","cause":null,"state":"SUCCESS"}
13:02:48.156 [INFO]   [Checking]    deserializing line [DIFFBLUE]{"__type":"com.diffblue.cover.buildsystem.model.DefaultEventMessage","project":"uk.gov.gchq.palisade:common","goal":"testResources","cause":null,"state":"STARTED"}
13:02:48.157 [INFO]   [Checking]    out: [INFO] 
13:02:48.157 [INFO]   [Checking]    out: [INFO] --- resources:3.3.1:testResources (default-testResources) @ common ---
13:02:48.157 [INFO]   [Checking]    out: [INFO] skip non existing resourceDirectory /home/jbergqvist/diffblue/Palisade-common/src/test/resources
13:02:48.158 [INFO]   [Checking]    deserializing line [DIFFBLUE]{"__type":"com.diffblue.cover.buildsystem.model.DefaultEventMessage","project":"uk.gov.gchq.palisade:common","goal":"testResources","cause":null,"state":"SUCCESS"}
13:02:48.159 [INFO]   [Checking]    deserializing line [DIFFBLUE]{"__type":"com.diffblue.cover.buildsystem.model.DefaultEventMessage","project":"uk.gov.gchq.palisade:common","goal":"testCompile","cause":null,"state":"STARTED"}
13:02:48.161 [INFO]   [Checking]    out: [INFO] 
13:02:48.161 [INFO]   [Checking]    out: [INFO] --- compiler:3.8.0:testCompile (default-testCompile) @ common ---
13:02:48.161 [INFO]   [Checking]    out: [INFO] Changes detected - recompiling the module!
13:02:48.162 [INFO]   [Checking]    out: [INFO] Compiling 3 source files to /home/jbergqvist/diffblue/Palisade-common/target/test-classes
13:02:48.473 [INFO]   [Checking]    deserializing line [DIFFBLUE]{"__type":"com.diffblue.cover.buildsystem.model.DefaultEventMessage","project":"uk.gov.gchq.palisade:common","goal":"testCompile","cause":null,"state":"SUCCESS"}
13:02:48.475 [INFO]   [Checking]    deserializing line [DIFFBLUE]{"__type":"com.diffblue.cover.buildsystem.model.DefaultEventMessage","project":"uk.gov.gchq.palisade:common","goal":"test","cause":null,"state":"STARTED"}
13:02:48.477 [INFO]   [Checking]    out: [INFO] 
13:02:48.477 [INFO]   [Checking]    out: [INFO] --- surefire:3.2.5:test (default-test) @ common ---
13:02:48.566 [INFO]   [Checking]    out: [INFO] Using auto detected provider org.apache.maven.surefire.junitplatform.JUnitPlatformProvider
13:02:48.593 [INFO]   [Checking]    out: [INFO] 
13:02:48.594 [INFO]   [Checking]    out: [INFO] -------------------------------------------------------
13:02:48.594 [INFO]   [Checking]    out: [INFO]  T E S T S
13:02:48.594 [INFO]   [Checking]    out: [INFO] -------------------------------------------------------
13:02:49.228 [INFO]   [Checking]    out: [INFO] Running DummyJupiterDiffblueTest
13:02:49.278 [INFO]   [Checking]    out: [INFO] Tests run: 1, Failures: 0, Errors: 0, Skipped: 0, Time elapsed: 0.040 s -- in DummyJupiterDiffblueTest
13:02:49.314 [INFO]   [Checking]    out: [INFO] 
13:02:49.314 [INFO]   [Checking]    out: [INFO] Results:
13:02:49.314 [INFO]   [Checking]    out: [INFO] 
13:02:49.314 [INFO]   [Checking]    out: [INFO] Tests run: 1, Failures: 0, Errors: 0, Skipped: 0
13:02:49.314 [INFO]   [Checking]    out: [INFO] 
13:02:49.317 [INFO]   [Checking]    deserializing line [DIFFBLUE]{"__type":"com.diffblue.cover.buildsystem.model.DefaultEventMessage","project":"uk.gov.gchq.palisade:common","goal":"test","cause":null,"state":"SUCCESS"}
13:02:49.340 [INFO]   [Checking]    deserializing line [DIFFBLUE]{"__type":"com.diffblue.cover.buildsystem.model.DefaultProjectModuleMessage","project":{"__type":"DefaultProjectModule","junitReport":["/home/jbergqvist/diffblue/Palisade-common/target/surefire-reports"],"jacocoReport":["/home/jbergqvist/diffblue/Palisade-common/target/site/jacoco/jacoco.xml"],"jacocoDestFile":["${sonar.jacoco.reportPath}","/home/jbergqvist/diffblue/Palisade-common/target/jacoco.exec"],"jacocoFormats":["xml"],"jacocoSkipped":false,"classpath":["/home/jbergqvist/diffblue/Palisade-common/target/classes","/home/jbergqvist/.m2/repository/com/typesafe/akka/akka-stream_2.13/2.6.10/akka-stream_2.13-2.6.10.jar","/home/jbergqvist/.m2/repository/org/scala-lang/scala-library/2.13.3/scala-library-2.13.3.jar","/home/jbergqvist/.m2/repository/com/typesafe/akka/akka-actor_2.13/2.6.10/akka-actor_2.13-2.6.10.jar","/home/jbergqvist/.m2/repository/com/typesafe/config/1.4.0/config-1.4.0.jar","/home/jbergqvist/.m2/repository/org/scala-lang/modules/scala-java8-compat_2.13/0.9.0/scala-java8-compat_2.13-0.9.0.jar","/home/jbergqvist/.m2/repository/com/typesafe/akka/akka-protobuf-v3_2.13/2.6.10/akka-protobuf-v3_2.13-2.6.10.jar","/home/jbergqvist/.m2/repository/org/reactivestreams/reactive-streams/1.0.3/reactive-streams-1.0.3.jar","/home/jbergqvist/.m2/repository/com/typesafe/ssl-config-core_2.13/0.4.2/ssl-config-core_2.13-0.4.2.jar","/home/jbergqvist/.m2/repository/org/scala-lang/modules/scala-parser-combinators_2.13/1.1.2/scala-parser-combinators_2.13-1.1.2.jar","/home/jbergqvist/.m2/repository/org/junit/jupiter/junit-jupiter-engine/5.13.4/junit-jupiter-engine-5.13.4.jar","/home/jbergqvist/.m2/repository/org/junit/platform/junit-platform-engine/1.13.4/junit-platform-engine-1.13.4.jar","/home/jbergqvist/.m2/repository/org/opentest4j/opentest4j/1.3.0/opentest4j-1.3.0.jar","/home/jbergqvist/.m2/repository/org/junit/platform/junit-platform-commons/1.13.4/junit-platform-commons-1.13.4.jar","/home/jbergqvist/.m2/repository/org/junit/jupiter/junit-jupiter-api/5.13.4/junit-jupiter-api-5.13.4.jar","/home/jbergqvist/.m2/repository/org/apiguardian/apiguardian-api/1.1.2/apiguardian-api-1.1.2.jar","/home/jbergqvist/.m2/repository/org/mockito/mockito-core/5.20.0/mockito-core-5.20.0.jar","/home/jbergqvist/.m2/repository/net/bytebuddy/byte-buddy/1.17.7/byte-buddy-1.17.7.jar","/home/jbergqvist/.m2/repository/net/bytebuddy/byte-buddy-agent/1.17.7/byte-buddy-agent-1.17.7.jar","/home/jbergqvist/.m2/repository/org/objenesis/objenesis/3.3/objenesis-3.3.jar","/home/jbergqvist/.m2/repository/org/mockito/mockito-junit-jupiter/5.20.0/mockito-junit-jupiter-5.20.0.jar","/home/jbergqvist/.m2/repository/com/fasterxml/jackson/core/jackson-databind/2.11.0/jackson-databind-2.11.0.jar","/home/jbergqvist/.m2/repository/com/fasterxml/jackson/core/jackson-annotations/2.11.0/jackson-annotations-2.11.0.jar","/home/jbergqvist/.m2/repository/com/fasterxml/jackson/core/jackson-core/2.11.0/jackson-core-2.11.0.jar","/home/jbergqvist/.m2/repository/org/slf4j/slf4j-api/1.7.25/slf4j-api-1.7.25.jar","/home/jbergqvist/.m2/repository/com/diffblue/cover/cover-annotations/1.8.0/cover-annotations-1.8.0.jar"],"complianceLevel":"11","productionSources":["/home/jbergqvist/diffblue/Palisade-common/src/main/java"],"testSources":["/home/jbergqvist/diffblue/Palisade-common/src/test/java"],"productionClasses":"/home/jbergqvist/diffblue/Palisade-common/target/classes","testClasses":"/home/jbergqvist/diffblue/Palisade-common/target/test-classes","sourceToBuildPathMap":null,"testSourceToBuildPathMap":null,"buildDirectory":"/home/jbergqvist/diffblue/Palisade-common/target","plugins":[{"__type":"DefaultPlugin","groupId":"org.apache.maven.plugins","artefactId":"maven-compiler-plugin","version":"3.8.0","pluginClassName":null},{"__type":"DefaultPlugin","groupId":"org.apache.maven.plugins","artefactId":"maven-javadoc-plugin","version":"3.1.0","pluginClassName":null},{"__type":"DefaultPlugin","groupId":"org.apache.maven.plugins","artefactId":"maven-dependency-plugin","version":"3.1.2","pluginClassName":null},{"__type":"DefaultPlugin","groupId":"org.codehaus.mojo","artefactId":"flatten-maven-plugin","version":"1.1.0","pluginClassName":null},{"__type":"DefaultPlugin","groupId":"org.codehaus.mojo","artefactId":"license-maven-plugin","version":"2.0.0","pluginClassName":null},{"__type":"DefaultPlugin","groupId":"org.jacoco","artefactId":"jacoco-maven-plugin","version":"0.8.5","pluginClassName":null},{"__type":"DefaultPlugin","groupId":"org.apache.maven.plugins","artefactId":"maven-checkstyle-plugin","version":"3.1.0","pluginClassName":null},{"__type":"DefaultPlugin","groupId":"org.apache.maven.plugins","artefactId":"maven-clean-plugin","version":"3.2.0","pluginClassName":null},{"__type":"DefaultPlugin","groupId":"org.apache.maven.plugins","artefactId":"maven-resources-plugin","version":"3.3.1","pluginClassName":null},{"__type":"DefaultPlugin","groupId":"org.apache.maven.plugins","artefactId":"maven-jar-plugin","version":"3.4.1","pluginClassName":null},{"__type":"DefaultPlugin","groupId":"org.apache.maven.plugins","artefactId":"maven-surefire-plugin","version":"3.2.5","pluginClassName":null},{"__type":"DefaultPlugin","groupId":"org.apache.maven.plugins","artefactId":"maven-install-plugin","version":"3.1.2","pluginClassName":null},{"__type":"DefaultPlugin","groupId":"org.apache.maven.plugins","artefactId":"maven-deploy-plugin","version":"3.1.2","pluginClassName":null},{"__type":"DefaultPlugin","groupId":"org.apache.maven.plugins","artefactId":"maven-site-plugin","version":"3.12.1","pluginClassName":null}],"version":"3.9.12","encoding":"UTF-8","name":"maven","subModules":[],"simpleModuleName":null,"parentModuleName":null,"location":"/home/jbergqvist/diffblue/Palisade-common","fullModuleName":"uk.gov.gchq.palisade:common"}}
13:02:49.344 [INFO]   [Checking]    out: [INFO] ------------------------------------------------------------------------
13:02:49.345 [INFO]   [Checking]    out: [INFO] BUILD SUCCESS
13:02:49.345 [INFO]   [Checking]    out: [INFO] ------------------------------------------------------------------------
13:02:49.345 [INFO]   [Checking]    out: [INFO] Total time:  5.089 s
13:02:49.345 [INFO]   [Checking]    out: [INFO] Finished at: 2026-01-12T13:02:49Z
13:02:49.345 [INFO]   [Checking]    out: [INFO] ------------------------------------------------------------------------
13:02:49.345 [INFO]   [Checking]    deserializing line [DIFFBLUE]{"__type":"com.diffblue.cover.buildsystem.model.ProjectInfoMessage","projectName":"uk.gov.gchq.palisade:common","productionSources":["/home/jbergqvist/diffblue/Palisade-common/src/main/java","/home/jbergqvist/diffblue/Palisade-common/target/generated-sources/annotations"],"testSources":["/home/jbergqvist/diffblue/Palisade-common/src/test/java","/home/jbergqvist/diffblue/Palisade-common/target/generated-test-sources/test-annotations"],"location":"/home/jbergqvist/diffblue/Palisade-common"}
13:02:49.385 [INFO]   [Checking]    maven:err process not stopped, joining thread
13:02:49.385 [INFO]   [Checking]    maven:out process not stopped, joining thread
13:02:49.400 [INFO]   [Checking]    Selected test framework: JUnit Jupiter API
13:02:49.409 [INFO]   [Checking]    Detected Mockito JUnit Jupiter version 5.20.0
13:02:49.455 [INFO]   [Checking]    Using default build rules as no custom rules found in any of [/home/jbergqvist/diffblue/Palisade-common]
13:02:49.456 [INFO]   [Checking]    Attempting to invoke mvnw in working directory: /home/jbergqvist/diffblue/Palisade-common
13:02:49.456 [INFO]   [Checking]    Attempting to invoke /home/jbergqvist/.sdkman/candidates/maven/current/bin/mvn in working directory: /home/jbergqvist/diffblue/Palisade-common
13:02:49.457 [INFO]   [Checking]    Started "/home/jbergqvist/.sdkman/candidates/maven/current/bin/mvn -Dmaven.ext.class.path=/opt/cover/cover-buildsystem-maven-spy-jar-with-dependencies.jar -Dcom.diffblue.cover.skipTests=true -DskipTestOptimizer --batch-mode --projects=uk.gov.gchq.palisade:common --global-settings=/home/jbergqvist/.sdkman/candidates/maven/current/conf/settings.xml -Dcheckstyle.skip=true test -DfailIfNoTests=false -Dsurefire.failIfNoSpecifiedTests=false -Dmaven.test.failure.ignore=True -Dtest=DummyJUnitJupiterLauncherDiffblueTest3204607418332851565"
13:02:50.197 [INFO]   [Checking]    out: [INFO] Scanning for projects...
13:02:50.268 [INFO]   [Checking]    out: [INFO] 
13:02:50.269 [INFO]   [Checking]    out: [INFO] --------------------< uk.gov.gchq.palisade:common >---------------------
13:02:50.269 [INFO]   [Checking]    out: [INFO] Building GCHQ Palisade Common Library 0.5.2-SNAPSHOT
13:02:50.269 [INFO]   [Checking]    out: [INFO]   from pom.xml
13:02:50.269 [INFO]   [Checking]    out: [INFO] --------------------------------[ jar ]---------------------------------
13:02:50.516 [INFO]   [Checking]    deserializing line [DIFFBLUE]{"__type":"com.diffblue.cover.buildsystem.model.DefaultEventMessage","project":"uk.gov.gchq.palisade:common","goal":"prepare-agent","cause":null,"state":"STARTED"}
13:02:50.518 [INFO]   [Checking]    out: [INFO] 
13:02:50.518 [INFO]   [Checking]    out: [INFO] --- jacoco:0.8.5:prepare-agent (agent) @ common ---
13:02:50.758 [INFO]   [Checking]    out: [INFO] argLine set to -javaagent:/home/jbergqvist/.m2/repository/org/jacoco/org.jacoco.agent/0.8.5/org.jacoco.agent-0.8.5-runtime.jar=destfile=/home/jbergqvist/diffblue/Palisade-common/target/jacoco.exec,append=true
13:02:50.760 [INFO]   [Checking]    deserializing line [DIFFBLUE]{"__type":"com.diffblue.cover.buildsystem.model.DefaultEventMessage","project":"uk.gov.gchq.palisade:common","goal":"prepare-agent","cause":null,"state":"SUCCESS"}
13:02:50.761 [INFO]   [Checking]    deserializing line [DIFFBLUE]{"__type":"com.diffblue.cover.buildsystem.model.DefaultEventMessage","project":"uk.gov.gchq.palisade:common","goal":"resources","cause":null,"state":"STARTED"}
13:02:50.763 [INFO]   [Checking]    out: [INFO] 
13:02:50.763 [INFO]   [Checking]    out: [INFO] --- resources:3.3.1:resources (default-resources) @ common ---
13:02:50.811 [INFO]   [Checking]    out: [INFO] Copying 1 resource from src/main/resources to target/classes
13:02:50.814 [INFO]   [Checking]    deserializing line [DIFFBLUE]{"__type":"com.diffblue.cover.buildsystem.model.DefaultEventMessage","project":"uk.gov.gchq.palisade:common","goal":"resources","cause":null,"state":"SUCCESS"}
13:02:50.816 [INFO]   [Checking]    deserializing line [DIFFBLUE]{"__type":"com.diffblue.cover.buildsystem.model.DefaultEventMessage","project":"uk.gov.gchq.palisade:common","goal":"flatten","cause":null,"state":"STARTED"}
13:02:50.817 [INFO]   [Checking]    out: [INFO] 
13:02:50.817 [INFO]   [Checking]    out: [INFO] --- flatten:1.1.0:flatten (flatten) @ common ---
13:02:50.922 [INFO]   [Checking]    out: [INFO] Generating flattened POM of project uk.gov.gchq.palisade:common:jar:0.5.2-SNAPSHOT...
13:02:50.967 [INFO]   [Checking]    deserializing line [DIFFBLUE]{"__type":"com.diffblue.cover.buildsystem.model.DefaultEventMessage","project":"uk.gov.gchq.palisade:common","goal":"flatten","cause":null,"state":"SUCCESS"}
13:02:50.969 [INFO]   [Checking]    deserializing line [DIFFBLUE]{"__type":"com.diffblue.cover.buildsystem.model.DefaultEventMessage","project":"uk.gov.gchq.palisade:common","goal":"compile","cause":null,"state":"STARTED"}
13:02:50.971 [INFO]   [Checking]    out: [INFO] 
13:02:50.971 [INFO]   [Checking]    out: [INFO] --- compiler:3.8.0:compile (default-compile) @ common ---
13:02:51.076 [INFO]   [Checking]    out: [INFO] Nothing to compile - all classes are up to date
13:02:51.077 [INFO]   [Checking]    deserializing line [DIFFBLUE]{"__type":"com.diffblue.cover.buildsystem.model.DefaultEventMessage","project":"uk.gov.gchq.palisade:common","goal":"compile","cause":null,"state":"SUCCESS"}
13:02:51.079 [INFO]   [Checking]    deserializing line [DIFFBLUE]{"__type":"com.diffblue.cover.buildsystem.model.DefaultEventMessage","project":"uk.gov.gchq.palisade:common","goal":"javadoc-no-fork","cause":null,"state":"STARTED"}
13:02:51.080 [INFO]   [Checking]    out: [INFO] 
13:02:51.080 [INFO]   [Checking]    out: [INFO] --- javadoc:3.1.0:javadoc-no-fork (javadoc-compile) @ common ---
13:02:52.690 [INFO]   [Checking]    deserializing line [DIFFBLUE]{"__type":"com.diffblue.cover.buildsystem.model.DefaultEventMessage","project":"uk.gov.gchq.palisade:common","goal":"javadoc-no-fork","cause":null,"state":"SUCCESS"}
13:02:52.692 [INFO]   [Checking]    deserializing line [DIFFBLUE]{"__type":"com.diffblue.cover.buildsystem.model.DefaultEventMessage","project":"uk.gov.gchq.palisade:common","goal":"aggregate-no-fork","cause":null,"state":"STARTED"}
13:02:52.693 [INFO]   [Checking]    out: [INFO] 
13:02:52.693 [INFO]   [Checking]    out: [INFO] --- javadoc:3.1.0:aggregate-no-fork (javadoc-compile) @ common ---
13:02:54.039 [INFO]   [Checking]    deserializing line [DIFFBLUE]{"__type":"com.diffblue.cover.buildsystem.model.DefaultEventMessage","project":"uk.gov.gchq.palisade:common","goal":"aggregate-no-fork","cause":null,"state":"SUCCESS"}
13:02:54.041 [INFO]   [Checking]    deserializing line [DIFFBLUE]{"__type":"com.diffblue.cover.buildsystem.model.DefaultEventMessage","project":"uk.gov.gchq.palisade:common","goal":"testResources","cause":null,"state":"STARTED"}
13:02:54.044 [INFO]   [Checking]    out: [INFO] 
13:02:54.044 [INFO]   [Checking]    out: [INFO] --- resources:3.3.1:testResources (default-testResources) @ common ---
13:02:54.046 [INFO]   [Checking]    out: [INFO] skip non existing resourceDirectory /home/jbergqvist/diffblue/Palisade-common/src/test/resources
13:02:54.048 [INFO]   [Checking]    deserializing line [DIFFBLUE]{"__type":"com.diffblue.cover.buildsystem.model.DefaultEventMessage","project":"uk.gov.gchq.palisade:common","goal":"testResources","cause":null,"state":"SUCCESS"}
13:02:54.051 [INFO]   [Checking]    deserializing line [DIFFBLUE]{"__type":"com.diffblue.cover.buildsystem.model.DefaultEventMessage","project":"uk.gov.gchq.palisade:common","goal":"testCompile","cause":null,"state":"STARTED"}
13:02:54.053 [INFO]   [Checking]    out: [INFO] 
13:02:54.053 [INFO]   [Checking]    out: [INFO] --- compiler:3.8.0:testCompile (default-testCompile) @ common ---
13:02:54.057 [INFO]   [Checking]    out: [INFO] Changes detected - recompiling the module!
13:02:54.060 [INFO]   [Checking]    out: [INFO] Compiling 3 source files to /home/jbergqvist/diffblue/Palisade-common/target/test-classes
13:02:54.402 [INFO]   [Checking]    deserializing line [DIFFBLUE]{"__type":"com.diffblue.cover.buildsystem.model.DefaultEventMessage","project":"uk.gov.gchq.palisade:common","goal":"testCompile","cause":null,"state":"SUCCESS"}
13:02:54.404 [INFO]   [Checking]    deserializing line [DIFFBLUE]{"__type":"com.diffblue.cover.buildsystem.model.DefaultEventMessage","project":"uk.gov.gchq.palisade:common","goal":"test","cause":null,"state":"STARTED"}
13:02:54.406 [INFO]   [Checking]    out: [INFO] 
13:02:54.407 [INFO]   [Checking]    out: [INFO] --- surefire:3.2.5:test (default-test) @ common ---
13:02:54.493 [INFO]   [Checking]    out: [INFO] Using auto detected provider org.apache.maven.surefire.junitplatform.JUnitPlatformProvider
13:02:54.527 [INFO]   [Checking]    out: [INFO] 
13:02:54.528 [INFO]   [Checking]    out: [INFO] -------------------------------------------------------
13:02:54.528 [INFO]   [Checking]    out: [INFO]  T E S T S
13:02:54.528 [INFO]   [Checking]    out: [INFO] -------------------------------------------------------
13:02:55.137 [INFO]   [Checking]    out: [INFO] Running DummyJUnitJupiterLauncherDiffblueTest3204607418332851565
13:02:55.179 [INFO]   [Checking]    out: [INFO] Tests run: 1, Failures: 0, Errors: 0, Skipped: 0, Time elapsed: 0.034 s -- in DummyJUnitJupiterLauncherDiffblueTest3204607418332851565
13:02:55.207 [INFO]   [Checking]    out: [INFO] 
13:02:55.207 [INFO]   [Checking]    out: [INFO] Results:
13:02:55.207 [INFO]   [Checking]    out: [INFO] 
13:02:55.207 [INFO]   [Checking]    out: [INFO] Tests run: 1, Failures: 0, Errors: 0, Skipped: 0
13:02:55.207 [INFO]   [Checking]    out: [INFO] 
13:02:55.210 [INFO]   [Checking]    deserializing line [DIFFBLUE]{"__type":"com.diffblue.cover.buildsystem.model.DefaultEventMessage","project":"uk.gov.gchq.palisade:common","goal":"test","cause":null,"state":"SUCCESS"}
13:02:55.231 [INFO]   [Checking]    deserializing line [DIFFBLUE]{"__type":"com.diffblue.cover.buildsystem.model.DefaultProjectModuleMessage","project":{"__type":"DefaultProjectModule","junitReport":["/home/jbergqvist/diffblue/Palisade-common/target/surefire-reports"],"jacocoReport":["/home/jbergqvist/diffblue/Palisade-common/target/site/jacoco/jacoco.xml"],"jacocoDestFile":["${sonar.jacoco.reportPath}","/home/jbergqvist/diffblue/Palisade-common/target/jacoco.exec"],"jacocoFormats":["xml"],"jacocoSkipped":false,"classpath":["/home/jbergqvist/diffblue/Palisade-common/target/classes","/home/jbergqvist/.m2/repository/com/typesafe/akka/akka-stream_2.13/2.6.10/akka-stream_2.13-2.6.10.jar","/home/jbergqvist/.m2/repository/org/scala-lang/scala-library/2.13.3/scala-library-2.13.3.jar","/home/jbergqvist/.m2/repository/com/typesafe/akka/akka-actor_2.13/2.6.10/akka-actor_2.13-2.6.10.jar","/home/jbergqvist/.m2/repository/com/typesafe/config/1.4.0/config-1.4.0.jar","/home/jbergqvist/.m2/repository/org/scala-lang/modules/scala-java8-compat_2.13/0.9.0/scala-java8-compat_2.13-0.9.0.jar","/home/jbergqvist/.m2/repository/com/typesafe/akka/akka-protobuf-v3_2.13/2.6.10/akka-protobuf-v3_2.13-2.6.10.jar","/home/jbergqvist/.m2/repository/org/reactivestreams/reactive-streams/1.0.3/reactive-streams-1.0.3.jar","/home/jbergqvist/.m2/repository/com/typesafe/ssl-config-core_2.13/0.4.2/ssl-config-core_2.13-0.4.2.jar","/home/jbergqvist/.m2/repository/org/scala-lang/modules/scala-parser-combinators_2.13/1.1.2/scala-parser-combinators_2.13-1.1.2.jar","/home/jbergqvist/.m2/repository/org/junit/jupiter/junit-jupiter-engine/5.13.4/junit-jupiter-engine-5.13.4.jar","/home/jbergqvist/.m2/repository/org/junit/platform/junit-platform-engine/1.13.4/junit-platform-engine-1.13.4.jar","/home/jbergqvist/.m2/repository/org/opentest4j/opentest4j/1.3.0/opentest4j-1.3.0.jar","/home/jbergqvist/.m2/repository/org/junit/platform/junit-platform-commons/1.13.4/junit-platform-commons-1.13.4.jar","/home/jbergqvist/.m2/repository/org/junit/jupiter/junit-jupiter-api/5.13.4/junit-jupiter-api-5.13.4.jar","/home/jbergqvist/.m2/repository/org/apiguardian/apiguardian-api/1.1.2/apiguardian-api-1.1.2.jar","/home/jbergqvist/.m2/repository/org/mockito/mockito-core/5.20.0/mockito-core-5.20.0.jar","/home/jbergqvist/.m2/repository/net/bytebuddy/byte-buddy/1.17.7/byte-buddy-1.17.7.jar","/home/jbergqvist/.m2/repository/net/bytebuddy/byte-buddy-agent/1.17.7/byte-buddy-agent-1.17.7.jar","/home/jbergqvist/.m2/repository/org/objenesis/objenesis/3.3/objenesis-3.3.jar","/home/jbergqvist/.m2/repository/org/mockito/mockito-junit-jupiter/5.20.0/mockito-junit-jupiter-5.20.0.jar","/home/jbergqvist/.m2/repository/com/fasterxml/jackson/core/jackson-databind/2.11.0/jackson-databind-2.11.0.jar","/home/jbergqvist/.m2/repository/com/fasterxml/jackson/core/jackson-annotations/2.11.0/jackson-annotations-2.11.0.jar","/home/jbergqvist/.m2/repository/com/fasterxml/jackson/core/jackson-core/2.11.0/jackson-core-2.11.0.jar","/home/jbergqvist/.m2/repository/org/slf4j/slf4j-api/1.7.25/slf4j-api-1.7.25.jar","/home/jbergqvist/.m2/repository/com/diffblue/cover/cover-annotations/1.8.0/cover-annotations-1.8.0.jar"],"complianceLevel":"11","productionSources":["/home/jbergqvist/diffblue/Palisade-common/src/main/java"],"testSources":["/home/jbergqvist/diffblue/Palisade-common/src/test/java"],"productionClasses":"/home/jbergqvist/diffblue/Palisade-common/target/classes","testClasses":"/home/jbergqvist/diffblue/Palisade-common/target/test-classes","sourceToBuildPathMap":null,"testSourceToBuildPathMap":null,"buildDirectory":"/home/jbergqvist/diffblue/Palisade-common/target","plugins":[{"__type":"DefaultPlugin","groupId":"org.apache.maven.plugins","artefactId":"maven-compiler-plugin","version":"3.8.0","pluginClassName":null},{"__type":"DefaultPlugin","groupId":"org.apache.maven.plugins","artefactId":"maven-javadoc-plugin","version":"3.1.0","pluginClassName":null},{"__type":"DefaultPlugin","groupId":"org.apache.maven.plugins","artefactId":"maven-dependency-plugin","version":"3.1.2","pluginClassName":null},{"__type":"DefaultPlugin","groupId":"org.codehaus.mojo","artefactId":"flatten-maven-plugin","version":"1.1.0","pluginClassName":null},{"__type":"DefaultPlugin","groupId":"org.codehaus.mojo","artefactId":"license-maven-plugin","version":"2.0.0","pluginClassName":null},{"__type":"DefaultPlugin","groupId":"org.jacoco","artefactId":"jacoco-maven-plugin","version":"0.8.5","pluginClassName":null},{"__type":"DefaultPlugin","groupId":"org.apache.maven.plugins","artefactId":"maven-checkstyle-plugin","version":"3.1.0","pluginClassName":null},{"__type":"DefaultPlugin","groupId":"org.apache.maven.plugins","artefactId":"maven-clean-plugin","version":"3.2.0","pluginClassName":null},{"__type":"DefaultPlugin","groupId":"org.apache.maven.plugins","artefactId":"maven-resources-plugin","version":"3.3.1","pluginClassName":null},{"__type":"DefaultPlugin","groupId":"org.apache.maven.plugins","artefactId":"maven-jar-plugin","version":"3.4.1","pluginClassName":null},{"__type":"DefaultPlugin","groupId":"org.apache.maven.plugins","artefactId":"maven-surefire-plugin","version":"3.2.5","pluginClassName":null},{"__type":"DefaultPlugin","groupId":"org.apache.maven.plugins","artefactId":"maven-install-plugin","version":"3.1.2","pluginClassName":null},{"__type":"DefaultPlugin","groupId":"org.apache.maven.plugins","artefactId":"maven-deploy-plugin","version":"3.1.2","pluginClassName":null},{"__type":"DefaultPlugin","groupId":"org.apache.maven.plugins","artefactId":"maven-site-plugin","version":"3.12.1","pluginClassName":null}],"version":"3.9.12","encoding":"UTF-8","name":"maven","subModules":[],"simpleModuleName":null,"parentModuleName":null,"location":"/home/jbergqvist/diffblue/Palisade-common","fullModuleName":"uk.gov.gchq.palisade:common"}}
13:02:55.235 [INFO]   [Checking]    out: [INFO] ------------------------------------------------------------------------
13:02:55.235 [INFO]   [Checking]    out: [INFO] BUILD SUCCESS
13:02:55.235 [INFO]   [Checking]    out: [INFO] ------------------------------------------------------------------------
13:02:55.235 [INFO]   [Checking]    out: [INFO] Total time:  5.048 s
13:02:55.235 [INFO]   [Checking]    out: [INFO] Finished at: 2026-01-12T13:02:55Z
13:02:55.236 [INFO]   [Checking]    out: [INFO] ------------------------------------------------------------------------
13:02:55.236 [INFO]   [Checking]    deserializing line [DIFFBLUE]{"__type":"com.diffblue.cover.buildsystem.model.ProjectInfoMessage","projectName":"uk.gov.gchq.palisade:common","productionSources":["/home/jbergqvist/diffblue/Palisade-common/src/main/java","/home/jbergqvist/diffblue/Palisade-common/target/generated-sources/annotations"],"testSources":["/home/jbergqvist/diffblue/Palisade-common/src/test/java","/home/jbergqvist/diffblue/Palisade-common/target/generated-test-sources/test-annotations"],"location":"/home/jbergqvist/diffblue/Palisade-common"}
13:02:55.265 [INFO]   [Checking]    maven:err process not stopped, joining thread
13:02:55.266 [INFO]   [Checking]    maven:out process not stopped, joining thread
13:02:55.493 [INFO]   [Checking]    Detected Jackson Databind version 2.11.0
13:02:55.504 [INFO]   [Checking]    Detected JVM architecture: 64-Bit
13:02:55.512 [INFO]   [Checking]    Using default build rules as no custom rules found in any of [/home/jbergqvist/diffblue/Palisade-common]
13:02:55.512 [INFO]   [Checking]    Attempting to invoke mvnw in working directory: /home/jbergqvist/diffblue/Palisade-common
13:02:55.513 [INFO]   [Checking]    Attempting to invoke /home/jbergqvist/.sdkman/candidates/maven/current/bin/mvn in working directory: /home/jbergqvist/diffblue/Palisade-common
13:02:55.513 [INFO]   [Checking]    Started "/home/jbergqvist/.sdkman/candidates/maven/current/bin/mvn -Dmaven.ext.class.path=/opt/cover/cover-buildsystem-maven-spy-jar-with-dependencies.jar -Dcom.diffblue.cover.skipTests=true -DskipTestOptimizer --batch-mode --projects=uk.gov.gchq.palisade:common --global-settings=/home/jbergqvist/.sdkman/candidates/maven/current/conf/settings.xml -Dcheckstyle.skip=true org.jacoco:jacoco-maven-plugin:0.8.5:prepare-agent -Djacoco.skip=false test -DfailIfNoTests=false -Dsurefire.failIfNoSpecifiedTests=false -Dmaven.test.failure.ignore=True -Dtest=DiffblueDummyCoverageJupiterDiffblueTest org.jacoco:jacoco-maven-plugin:0.8.5:report -Djacoco.skip=false"
13:02:56.275 [INFO]   [Checking]    out: [INFO] Scanning for projects...
13:02:56.367 [INFO]   [Checking]    out: [INFO] 
13:02:56.367 [INFO]   [Checking]    out: [INFO] --------------------< uk.gov.gchq.palisade:common >---------------------
13:02:56.367 [INFO]   [Checking]    out: [INFO] Building GCHQ Palisade Common Library 0.5.2-SNAPSHOT
13:02:56.367 [INFO]   [Checking]    out: [INFO]   from pom.xml
13:02:56.367 [INFO]   [Checking]    out: [INFO] --------------------------------[ jar ]---------------------------------
13:02:56.598 [INFO]   [Checking]    deserializing line [DIFFBLUE]{"__type":"com.diffblue.cover.buildsystem.model.DefaultEventMessage","project":"uk.gov.gchq.palisade:common","goal":"prepare-agent","cause":null,"state":"STARTED"}
13:02:56.599 [INFO]   [Checking]    out: [INFO] 
13:02:56.600 [INFO]   [Checking]    out: [INFO] --- jacoco:0.8.5:prepare-agent (default-cli) @ common ---
13:02:56.833 [INFO]   [Checking]    out: [INFO] argLine set to -javaagent:/home/jbergqvist/.m2/repository/org/jacoco/org.jacoco.agent/0.8.5/org.jacoco.agent-0.8.5-runtime.jar=destfile=/home/jbergqvist/diffblue/Palisade-common/target/jacoco.exec,append=true
13:02:56.835 [INFO]   [Checking]    deserializing line [DIFFBLUE]{"__type":"com.diffblue.cover.buildsystem.model.DefaultEventMessage","project":"uk.gov.gchq.palisade:common","goal":"prepare-agent","cause":null,"state":"SUCCESS"}
13:02:56.836 [INFO]   [Checking]    deserializing line [DIFFBLUE]{"__type":"com.diffblue.cover.buildsystem.model.DefaultEventMessage","project":"uk.gov.gchq.palisade:common","goal":"prepare-agent","cause":null,"state":"STARTED"}
13:02:56.838 [INFO]   [Checking]    out: [INFO] 
13:02:56.838 [INFO]   [Checking]    out: [INFO] --- jacoco:0.8.5:prepare-agent (agent) @ common ---
13:02:56.838 [INFO]   [Checking]    out: [INFO] argLine set to -javaagent:/home/jbergqvist/.m2/repository/org/jacoco/org.jacoco.agent/0.8.5/org.jacoco.agent-0.8.5-runtime.jar=destfile=/home/jbergqvist/diffblue/Palisade-common/target/jacoco.exec,append=true
13:02:56.839 [INFO]   [Checking]    deserializing line [DIFFBLUE]{"__type":"com.diffblue.cover.buildsystem.model.DefaultEventMessage","project":"uk.gov.gchq.palisade:common","goal":"prepare-agent","cause":null,"state":"SUCCESS"}
13:02:56.840 [INFO]   [Checking]    deserializing line [DIFFBLUE]{"__type":"com.diffblue.cover.buildsystem.model.DefaultEventMessage","project":"uk.gov.gchq.palisade:common","goal":"resources","cause":null,"state":"STARTED"}
13:02:56.842 [INFO]   [Checking]    out: [INFO] 
13:02:56.842 [INFO]   [Checking]    out: [INFO] --- resources:3.3.1:resources (default-resources) @ common ---
13:02:56.890 [INFO]   [Checking]    out: [INFO] Copying 1 resource from src/main/resources to target/classes
13:02:56.893 [INFO]   [Checking]    deserializing line [DIFFBLUE]{"__type":"com.diffblue.cover.buildsystem.model.DefaultEventMessage","project":"uk.gov.gchq.palisade:common","goal":"resources","cause":null,"state":"SUCCESS"}
13:02:56.894 [INFO]   [Checking]    deserializing line [DIFFBLUE]{"__type":"com.diffblue.cover.buildsystem.model.DefaultEventMessage","project":"uk.gov.gchq.palisade:common","goal":"flatten","cause":null,"state":"STARTED"}
13:02:56.895 [INFO]   [Checking]    out: [INFO] 
13:02:56.895 [INFO]   [Checking]    out: [INFO] --- flatten:1.1.0:flatten (flatten) @ common ---
13:02:56.996 [INFO]   [Checking]    out: [INFO] Generating flattened POM of project uk.gov.gchq.palisade:common:jar:0.5.2-SNAPSHOT...
13:02:57.040 [INFO]   [Checking]    deserializing line [DIFFBLUE]{"__type":"com.diffblue.cover.buildsystem.model.DefaultEventMessage","project":"uk.gov.gchq.palisade:common","goal":"flatten","cause":null,"state":"SUCCESS"}
13:02:57.042 [INFO]   [Checking]    deserializing line [DIFFBLUE]{"__type":"com.diffblue.cover.buildsystem.model.DefaultEventMessage","project":"uk.gov.gchq.palisade:common","goal":"compile","cause":null,"state":"STARTED"}
13:02:57.043 [INFO]   [Checking]    out: [INFO] 
13:02:57.043 [INFO]   [Checking]    out: [INFO] --- compiler:3.8.0:compile (default-compile) @ common ---
13:02:57.151 [INFO]   [Checking]    out: [INFO] Changes detected - recompiling the module!
13:02:57.156 [INFO]   [Checking]    out: [INFO] Compiling 23 source files to /home/jbergqvist/diffblue/Palisade-common/target/classes
13:02:57.801 [INFO]   [Checking]    deserializing line [DIFFBLUE]{"__type":"com.diffblue.cover.buildsystem.model.DefaultEventMessage","project":"uk.gov.gchq.palisade:common","goal":"compile","cause":null,"state":"SUCCESS"}
13:02:57.803 [INFO]   [Checking]    deserializing line [DIFFBLUE]{"__type":"com.diffblue.cover.buildsystem.model.DefaultEventMessage","project":"uk.gov.gchq.palisade:common","goal":"javadoc-no-fork","cause":null,"state":"STARTED"}
13:02:57.805 [INFO]   [Checking]    out: [INFO] 
13:02:57.805 [INFO]   [Checking]    out: [INFO] --- javadoc:3.1.0:javadoc-no-fork (javadoc-compile) @ common ---
13:02:59.410 [INFO]   [Checking]    deserializing line [DIFFBLUE]{"__type":"com.diffblue.cover.buildsystem.model.DefaultEventMessage","project":"uk.gov.gchq.palisade:common","goal":"javadoc-no-fork","cause":null,"state":"SUCCESS"}
13:02:59.411 [INFO]   [Checking]    deserializing line [DIFFBLUE]{"__type":"com.diffblue.cover.buildsystem.model.DefaultEventMessage","project":"uk.gov.gchq.palisade:common","goal":"aggregate-no-fork","cause":null,"state":"STARTED"}
13:02:59.412 [INFO]   [Checking]    out: [INFO] 
13:02:59.412 [INFO]   [Checking]    out: [INFO] --- javadoc:3.1.0:aggregate-no-fork (javadoc-compile) @ common ---
13:03:00.777 [INFO]   [Checking]    deserializing line [DIFFBLUE]{"__type":"com.diffblue.cover.buildsystem.model.DefaultEventMessage","project":"uk.gov.gchq.palisade:common","goal":"aggregate-no-fork","cause":null,"state":"SUCCESS"}
13:03:00.779 [INFO]   [Checking]    deserializing line [DIFFBLUE]{"__type":"com.diffblue.cover.buildsystem.model.DefaultEventMessage","project":"uk.gov.gchq.palisade:common","goal":"testResources","cause":null,"state":"STARTED"}
13:03:00.780 [INFO]   [Checking]    out: [INFO] 
13:03:00.780 [INFO]   [Checking]    out: [INFO] --- resources:3.3.1:testResources (default-testResources) @ common ---
13:03:00.781 [INFO]   [Checking]    out: [INFO] skip non existing resourceDirectory /home/jbergqvist/diffblue/Palisade-common/src/test/resources
13:03:00.782 [INFO]   [Checking]    deserializing line [DIFFBLUE]{"__type":"com.diffblue.cover.buildsystem.model.DefaultEventMessage","project":"uk.gov.gchq.palisade:common","goal":"testResources","cause":null,"state":"SUCCESS"}
13:03:00.784 [INFO]   [Checking]    deserializing line [DIFFBLUE]{"__type":"com.diffblue.cover.buildsystem.model.DefaultEventMessage","project":"uk.gov.gchq.palisade:common","goal":"testCompile","cause":null,"state":"STARTED"}
13:03:00.785 [INFO]   [Checking]    out: [INFO] 
13:03:00.785 [INFO]   [Checking]    out: [INFO] --- compiler:3.8.0:testCompile (default-testCompile) @ common ---
13:03:00.787 [INFO]   [Checking]    out: [INFO] Changes detected - recompiling the module!
13:03:00.788 [INFO]   [Checking]    out: [INFO] Compiling 4 source files to /home/jbergqvist/diffblue/Palisade-common/target/test-classes
13:03:00.855 [INFO]   [Checking]    deserializing line [DIFFBLUE]{"__type":"com.diffblue.cover.buildsystem.model.DefaultEventMessage","project":"uk.gov.gchq.palisade:common","goal":"testCompile","cause":null,"state":"SUCCESS"}
13:03:00.857 [INFO]   [Checking]    deserializing line [DIFFBLUE]{"__type":"com.diffblue.cover.buildsystem.model.DefaultEventMessage","project":"uk.gov.gchq.palisade:common","goal":"test","cause":null,"state":"STARTED"}
13:03:00.858 [INFO]   [Checking]    out: [INFO] 
13:03:00.858 [INFO]   [Checking]    out: [INFO] --- surefire:3.2.5:test (default-test) @ common ---
13:03:00.955 [INFO]   [Checking]    out: [INFO] Using auto detected provider org.apache.maven.surefire.junitplatform.JUnitPlatformProvider
13:03:00.989 [INFO]   [Checking]    out: [INFO] 
13:03:00.989 [INFO]   [Checking]    out: [INFO] -------------------------------------------------------
13:03:00.989 [INFO]   [Checking]    out: [INFO]  T E S T S
13:03:00.989 [INFO]   [Checking]    out: [INFO] -------------------------------------------------------
13:03:01.606 [INFO]   [Checking]    out: [INFO] Running DiffblueDummyCoverageJupiterDiffblueTest
13:03:01.655 [INFO]   [Checking]    out: [INFO] Tests run: 1, Failures: 0, Errors: 0, Skipped: 0, Time elapsed: 0.040 s -- in DiffblueDummyCoverageJupiterDiffblueTest
13:03:01.686 [INFO]   [Checking]    out: [INFO] 
13:03:01.686 [INFO]   [Checking]    out: [INFO] Results:
13:03:01.686 [INFO]   [Checking]    out: [INFO] 
13:03:01.686 [INFO]   [Checking]    out: [INFO] Tests run: 1, Failures: 0, Errors: 0, Skipped: 0
13:03:01.686 [INFO]   [Checking]    out: [INFO] 
13:03:01.689 [INFO]   [Checking]    deserializing line [DIFFBLUE]{"__type":"com.diffblue.cover.buildsystem.model.DefaultEventMessage","project":"uk.gov.gchq.palisade:common","goal":"test","cause":null,"state":"SUCCESS"}
13:03:01.690 [INFO]   [Checking]    deserializing line [DIFFBLUE]{"__type":"com.diffblue.cover.buildsystem.model.DefaultEventMessage","project":"uk.gov.gchq.palisade:common","goal":"report","cause":null,"state":"STARTED"}
13:03:01.691 [INFO]   [Checking]    out: [INFO] 
13:03:01.691 [INFO]   [Checking]    out: [INFO] --- jacoco:0.8.5:report (default-cli) @ common ---
13:03:01.726 [INFO]   [Checking]    out: [INFO] Loading execution data file /home/jbergqvist/diffblue/Palisade-common/target/jacoco.exec
13:03:01.782 [INFO]   [Checking]    out: [INFO] Analyzed bundle 'GCHQ Palisade Common Library' with 26 classes
13:03:01.831 [INFO]   [Checking]    deserializing line [DIFFBLUE]{"__type":"com.diffblue.cover.buildsystem.model.DefaultEventMessage","project":"uk.gov.gchq.palisade:common","goal":"report","cause":null,"state":"SUCCESS"}
13:03:01.851 [INFO]   [Checking]    deserializing line [DIFFBLUE]{"__type":"com.diffblue.cover.buildsystem.model.DefaultProjectModuleMessage","project":{"__type":"DefaultProjectModule","junitReport":["/home/jbergqvist/diffblue/Palisade-common/target/surefire-reports"],"jacocoReport":["/home/jbergqvist/diffblue/Palisade-common/target/site/jacoco/jacoco.xml"],"jacocoDestFile":["${sonar.jacoco.reportPath}","/home/jbergqvist/diffblue/Palisade-common/target/jacoco.exec"],"jacocoFormats":["xml"],"jacocoSkipped":false,"classpath":["/home/jbergqvist/diffblue/Palisade-common/target/classes","/home/jbergqvist/.m2/repository/com/typesafe/akka/akka-stream_2.13/2.6.10/akka-stream_2.13-2.6.10.jar","/home/jbergqvist/.m2/repository/org/scala-lang/scala-library/2.13.3/scala-library-2.13.3.jar","/home/jbergqvist/.m2/repository/com/typesafe/akka/akka-actor_2.13/2.6.10/akka-actor_2.13-2.6.10.jar","/home/jbergqvist/.m2/repository/com/typesafe/config/1.4.0/config-1.4.0.jar","/home/jbergqvist/.m2/repository/org/scala-lang/modules/scala-java8-compat_2.13/0.9.0/scala-java8-compat_2.13-0.9.0.jar","/home/jbergqvist/.m2/repository/com/typesafe/akka/akka-protobuf-v3_2.13/2.6.10/akka-protobuf-v3_2.13-2.6.10.jar","/home/jbergqvist/.m2/repository/org/reactivestreams/reactive-streams/1.0.3/reactive-streams-1.0.3.jar","/home/jbergqvist/.m2/repository/com/typesafe/ssl-config-core_2.13/0.4.2/ssl-config-core_2.13-0.4.2.jar","/home/jbergqvist/.m2/repository/org/scala-lang/modules/scala-parser-combinators_2.13/1.1.2/scala-parser-combinators_2.13-1.1.2.jar","/home/jbergqvist/.m2/repository/org/junit/jupiter/junit-jupiter-engine/5.13.4/junit-jupiter-engine-5.13.4.jar","/home/jbergqvist/.m2/repository/org/junit/platform/junit-platform-engine/1.13.4/junit-platform-engine-1.13.4.jar","/home/jbergqvist/.m2/repository/org/opentest4j/opentest4j/1.3.0/opentest4j-1.3.0.jar","/home/jbergqvist/.m2/repository/org/junit/platform/junit-platform-commons/1.13.4/junit-platform-commons-1.13.4.jar","/home/jbergqvist/.m2/repository/org/junit/jupiter/junit-jupiter-api/5.13.4/junit-jupiter-api-5.13.4.jar","/home/jbergqvist/.m2/repository/org/apiguardian/apiguardian-api/1.1.2/apiguardian-api-1.1.2.jar","/home/jbergqvist/.m2/repository/org/mockito/mockito-core/5.20.0/mockito-core-5.20.0.jar","/home/jbergqvist/.m2/repository/net/bytebuddy/byte-buddy/1.17.7/byte-buddy-1.17.7.jar","/home/jbergqvist/.m2/repository/net/bytebuddy/byte-buddy-agent/1.17.7/byte-buddy-agent-1.17.7.jar","/home/jbergqvist/.m2/repository/org/objenesis/objenesis/3.3/objenesis-3.3.jar","/home/jbergqvist/.m2/repository/org/mockito/mockito-junit-jupiter/5.20.0/mockito-junit-jupiter-5.20.0.jar","/home/jbergqvist/.m2/repository/com/fasterxml/jackson/core/jackson-databind/2.11.0/jackson-databind-2.11.0.jar","/home/jbergqvist/.m2/repository/com/fasterxml/jackson/core/jackson-annotations/2.11.0/jackson-annotations-2.11.0.jar","/home/jbergqvist/.m2/repository/com/fasterxml/jackson/core/jackson-core/2.11.0/jackson-core-2.11.0.jar","/home/jbergqvist/.m2/repository/org/slf4j/slf4j-api/1.7.25/slf4j-api-1.7.25.jar","/home/jbergqvist/.m2/repository/com/diffblue/cover/cover-annotations/1.8.0/cover-annotations-1.8.0.jar"],"complianceLevel":"11","productionSources":["/home/jbergqvist/diffblue/Palisade-common/src/main/java"],"testSources":["/home/jbergqvist/diffblue/Palisade-common/src/test/java"],"productionClasses":"/home/jbergqvist/diffblue/Palisade-common/target/classes","testClasses":"/home/jbergqvist/diffblue/Palisade-common/target/test-classes","sourceToBuildPathMap":null,"testSourceToBuildPathMap":null,"buildDirectory":"/home/jbergqvist/diffblue/Palisade-common/target","plugins":[{"__type":"DefaultPlugin","groupId":"org.apache.maven.plugins","artefactId":"maven-compiler-plugin","version":"3.8.0","pluginClassName":null},{"__type":"DefaultPlugin","groupId":"org.apache.maven.plugins","artefactId":"maven-javadoc-plugin","version":"3.1.0","pluginClassName":null},{"__type":"DefaultPlugin","groupId":"org.apache.maven.plugins","artefactId":"maven-dependency-plugin","version":"3.1.2","pluginClassName":null},{"__type":"DefaultPlugin","groupId":"org.codehaus.mojo","artefactId":"flatten-maven-plugin","version":"1.1.0","pluginClassName":null},{"__type":"DefaultPlugin","groupId":"org.codehaus.mojo","artefactId":"license-maven-plugin","version":"2.0.0","pluginClassName":null},{"__type":"DefaultPlugin","groupId":"org.jacoco","artefactId":"jacoco-maven-plugin","version":"0.8.5","pluginClassName":null},{"__type":"DefaultPlugin","groupId":"org.apache.maven.plugins","artefactId":"maven-checkstyle-plugin","version":"3.1.0","pluginClassName":null},{"__type":"DefaultPlugin","groupId":"org.apache.maven.plugins","artefactId":"maven-clean-plugin","version":"3.2.0","pluginClassName":null},{"__type":"DefaultPlugin","groupId":"org.apache.maven.plugins","artefactId":"maven-resources-plugin","version":"3.3.1","pluginClassName":null},{"__type":"DefaultPlugin","groupId":"org.apache.maven.plugins","artefactId":"maven-jar-plugin","version":"3.4.1","pluginClassName":null},{"__type":"DefaultPlugin","groupId":"org.apache.maven.plugins","artefactId":"maven-surefire-plugin","version":"3.2.5","pluginClassName":null},{"__type":"DefaultPlugin","groupId":"org.apache.maven.plugins","artefactId":"maven-install-plugin","version":"3.1.2","pluginClassName":null},{"__type":"DefaultPlugin","groupId":"org.apache.maven.plugins","artefactId":"maven-deploy-plugin","version":"3.1.2","pluginClassName":null},{"__type":"DefaultPlugin","groupId":"org.apache.maven.plugins","artefactId":"maven-site-plugin","version":"3.12.1","pluginClassName":null}],"version":"3.9.12","encoding":"UTF-8","name":"maven","subModules":[],"simpleModuleName":null,"parentModuleName":null,"location":"/home/jbergqvist/diffblue/Palisade-common","fullModuleName":"uk.gov.gchq.palisade:common"}}
13:03:01.854 [INFO]   [Checking]    out: [INFO] ------------------------------------------------------------------------
13:03:01.854 [INFO]   [Checking]    out: [INFO] BUILD SUCCESS
13:03:01.854 [INFO]   [Checking]    out: [INFO] ------------------------------------------------------------------------
13:03:01.854 [INFO]   [Checking]    out: [INFO] Total time:  5.592 s
13:03:01.854 [INFO]   [Checking]    out: [INFO] Finished at: 2026-01-12T13:03:01Z
13:03:01.854 [INFO]   [Checking]    out: [INFO] ------------------------------------------------------------------------
13:03:01.855 [INFO]   [Checking]    deserializing line [DIFFBLUE]{"__type":"com.diffblue.cover.buildsystem.model.ProjectInfoMessage","projectName":"uk.gov.gchq.palisade:common","productionSources":["/home/jbergqvist/diffblue/Palisade-common/src/main/java","/home/jbergqvist/diffblue/Palisade-common/target/generated-sources/annotations"],"testSources":["/home/jbergqvist/diffblue/Palisade-common/src/test/java","/home/jbergqvist/diffblue/Palisade-common/target/generated-test-sources/test-annotations"],"location":"/home/jbergqvist/diffblue/Palisade-common"}
13:03:01.895 [INFO]   [Checking]    maven:err process not stopped, joining thread
13:03:01.895 [INFO]   [Checking]    maven:out process not stopped, joining thread
13:03:01.996 [INFO]   [Checking]    Using default build rules as no custom rules found in any of [/home/jbergqvist/diffblue/Palisade-common]
13:03:01.996 [INFO]   [Checking]    Attempting to invoke mvnw in working directory: /home/jbergqvist/diffblue/Palisade-common
13:03:01.997 [INFO]   [Checking]    Attempting to invoke /home/jbergqvist/.sdkman/candidates/maven/current/bin/mvn in working directory: /home/jbergqvist/diffblue/Palisade-common
13:03:01.997 [INFO]   [Checking]    Started "/home/jbergqvist/.sdkman/candidates/maven/current/bin/mvn -Dmaven.ext.class.path=/opt/cover/cover-buildsystem-maven-spy-jar-with-dependencies.jar -Dcom.diffblue.cover.skipTests=true -DskipTestOptimizer --batch-mode --projects=uk.gov.gchq.palisade:common --global-settings=/home/jbergqvist/.sdkman/candidates/maven/current/conf/settings.xml -Dcheckstyle.skip=true org.jacoco:jacoco-maven-plugin:0.8.5:prepare-agent -Djacoco.skip=false test -DfailIfNoTests=false -Dsurefire.failIfNoSpecifiedTests=false -Dmaven.test.failure.ignore=True -Dtest=!*DiffblueTest,**/DiffblueDummy* org.jacoco:jacoco-maven-plugin:0.8.5:report -Djacoco.skip=false"
13:03:02.749 [INFO]   [Checking]    out: [INFO] Scanning for projects...
13:03:02.839 [INFO]   [Checking]    out: [INFO] 
13:03:02.839 [INFO]   [Checking]    out: [INFO] --------------------< uk.gov.gchq.palisade:common >---------------------
13:03:02.839 [INFO]   [Checking]    out: [INFO] Building GCHQ Palisade Common Library 0.5.2-SNAPSHOT
13:03:02.839 [INFO]   [Checking]    out: [INFO]   from pom.xml
13:03:02.839 [INFO]   [Checking]    out: [INFO] --------------------------------[ jar ]---------------------------------
13:03:03.078 [INFO]   [Checking]    deserializing line [DIFFBLUE]{"__type":"com.diffblue.cover.buildsystem.model.DefaultEventMessage","project":"uk.gov.gchq.palisade:common","goal":"prepare-agent","cause":null,"state":"STARTED"}
13:03:03.079 [INFO]   [Checking]    out: [INFO] 
13:03:03.079 [INFO]   [Checking]    out: [INFO] --- jacoco:0.8.5:prepare-agent (default-cli) @ common ---
13:03:03.342 [INFO]   [Checking]    out: [INFO] argLine set to -javaagent:/home/jbergqvist/.m2/repository/org/jacoco/org.jacoco.agent/0.8.5/org.jacoco.agent-0.8.5-runtime.jar=destfile=/home/jbergqvist/diffblue/Palisade-common/target/jacoco.exec,append=true
13:03:03.344 [INFO]   [Checking]    deserializing line [DIFFBLUE]{"__type":"com.diffblue.cover.buildsystem.model.DefaultEventMessage","project":"uk.gov.gchq.palisade:common","goal":"prepare-agent","cause":null,"state":"SUCCESS"}
13:03:03.345 [INFO]   [Checking]    deserializing line [DIFFBLUE]{"__type":"com.diffblue.cover.buildsystem.model.DefaultEventMessage","project":"uk.gov.gchq.palisade:common","goal":"prepare-agent","cause":null,"state":"STARTED"}
13:03:03.346 [INFO]   [Checking]    out: [INFO] 
13:03:03.346 [INFO]   [Checking]    out: [INFO] --- jacoco:0.8.5:prepare-agent (agent) @ common ---
13:03:03.346 [INFO]   [Checking]    out: [INFO] argLine set to -javaagent:/home/jbergqvist/.m2/repository/org/jacoco/org.jacoco.agent/0.8.5/org.jacoco.agent-0.8.5-runtime.jar=destfile=/home/jbergqvist/diffblue/Palisade-common/target/jacoco.exec,append=true
13:03:03.348 [INFO]   [Checking]    deserializing line [DIFFBLUE]{"__type":"com.diffblue.cover.buildsystem.model.DefaultEventMessage","project":"uk.gov.gchq.palisade:common","goal":"prepare-agent","cause":null,"state":"SUCCESS"}
13:03:03.349 [INFO]   [Checking]    deserializing line [DIFFBLUE]{"__type":"com.diffblue.cover.buildsystem.model.DefaultEventMessage","project":"uk.gov.gchq.palisade:common","goal":"resources","cause":null,"state":"STARTED"}
13:03:03.349 [INFO]   [Checking]    out: [INFO] 
13:03:03.349 [INFO]   [Checking]    out: [INFO] --- resources:3.3.1:resources (default-resources) @ common ---
13:03:03.403 [INFO]   [Checking]    out: [INFO] Copying 1 resource from src/main/resources to target/classes
13:03:03.406 [INFO]   [Checking]    deserializing line [DIFFBLUE]{"__type":"com.diffblue.cover.buildsystem.model.DefaultEventMessage","project":"uk.gov.gchq.palisade:common","goal":"resources","cause":null,"state":"SUCCESS"}
13:03:03.407 [INFO]   [Checking]    deserializing line [DIFFBLUE]{"__type":"com.diffblue.cover.buildsystem.model.DefaultEventMessage","project":"uk.gov.gchq.palisade:common","goal":"flatten","cause":null,"state":"STARTED"}
13:03:03.408 [INFO]   [Checking]    out: [INFO] 
13:03:03.408 [INFO]   [Checking]    out: [INFO] --- flatten:1.1.0:flatten (flatten) @ common ---
13:03:03.507 [INFO]   [Checking]    out: [INFO] Generating flattened POM of project uk.gov.gchq.palisade:common:jar:0.5.2-SNAPSHOT...
13:03:03.551 [INFO]   [Checking]    deserializing line [DIFFBLUE]{"__type":"com.diffblue.cover.buildsystem.model.DefaultEventMessage","project":"uk.gov.gchq.palisade:common","goal":"flatten","cause":null,"state":"SUCCESS"}
13:03:03.553 [INFO]   [Checking]    deserializing line [DIFFBLUE]{"__type":"com.diffblue.cover.buildsystem.model.DefaultEventMessage","project":"uk.gov.gchq.palisade:common","goal":"compile","cause":null,"state":"STARTED"}
13:03:03.554 [INFO]   [Checking]    out: [INFO] 
13:03:03.554 [INFO]   [Checking]    out: [INFO] --- compiler:3.8.0:compile (default-compile) @ common ---
13:03:03.675 [INFO]   [Checking]    out: [INFO] Changes detected - recompiling the module!
13:03:03.677 [INFO]   [Checking]    out: [INFO] Compiling 23 source files to /home/jbergqvist/diffblue/Palisade-common/target/classes
13:03:04.324 [INFO]   [Checking]    deserializing line [DIFFBLUE]{"__type":"com.diffblue.cover.buildsystem.model.DefaultEventMessage","project":"uk.gov.gchq.palisade:common","goal":"compile","cause":null,"state":"SUCCESS"}
13:03:04.326 [INFO]   [Checking]    deserializing line [DIFFBLUE]{"__type":"com.diffblue.cover.buildsystem.model.DefaultEventMessage","project":"uk.gov.gchq.palisade:common","goal":"javadoc-no-fork","cause":null,"state":"STARTED"}
13:03:04.327 [INFO]   [Checking]    out: [INFO] 
13:03:04.327 [INFO]   [Checking]    out: [INFO] --- javadoc:3.1.0:javadoc-no-fork (javadoc-compile) @ common ---
13:03:05.890 [INFO]   [Checking]    deserializing line [DIFFBLUE]{"__type":"com.diffblue.cover.buildsystem.model.DefaultEventMessage","project":"uk.gov.gchq.palisade:common","goal":"javadoc-no-fork","cause":null,"state":"SUCCESS"}
13:03:05.891 [INFO]   [Checking]    deserializing line [DIFFBLUE]{"__type":"com.diffblue.cover.buildsystem.model.DefaultEventMessage","project":"uk.gov.gchq.palisade:common","goal":"aggregate-no-fork","cause":null,"state":"STARTED"}
13:03:05.892 [INFO]   [Checking]    out: [INFO] 
13:03:05.892 [INFO]   [Checking]    out: [INFO] --- javadoc:3.1.0:aggregate-no-fork (javadoc-compile) @ common ---
13:03:07.214 [INFO]   [Checking]    deserializing line [DIFFBLUE]{"__type":"com.diffblue.cover.buildsystem.model.DefaultEventMessage","project":"uk.gov.gchq.palisade:common","goal":"aggregate-no-fork","cause":null,"state":"SUCCESS"}
13:03:07.215 [INFO]   [Checking]    deserializing line [DIFFBLUE]{"__type":"com.diffblue.cover.buildsystem.model.DefaultEventMessage","project":"uk.gov.gchq.palisade:common","goal":"testResources","cause":null,"state":"STARTED"}
13:03:07.215 [INFO]   [Checking]    out: [INFO] 
13:03:07.215 [INFO]   [Checking]    out: [INFO] --- resources:3.3.1:testResources (default-testResources) @ common ---
13:03:07.216 [INFO]   [Checking]    out: [INFO] skip non existing resourceDirectory /home/jbergqvist/diffblue/Palisade-common/src/test/resources
13:03:07.218 [INFO]   [Checking]    deserializing line [DIFFBLUE]{"__type":"com.diffblue.cover.buildsystem.model.DefaultEventMessage","project":"uk.gov.gchq.palisade:common","goal":"testResources","cause":null,"state":"SUCCESS"}
13:03:07.218 [INFO]   [Checking]    deserializing line [DIFFBLUE]{"__type":"com.diffblue.cover.buildsystem.model.DefaultEventMessage","project":"uk.gov.gchq.palisade:common","goal":"testCompile","cause":null,"state":"STARTED"}
13:03:07.219 [INFO]   [Checking]    out: [INFO] 
13:03:07.219 [INFO]   [Checking]    out: [INFO] --- compiler:3.8.0:testCompile (default-testCompile) @ common ---
13:03:07.222 [INFO]   [Checking]    out: [INFO] Changes detected - recompiling the module!
13:03:07.222 [INFO]   [Checking]    out: [INFO] Compiling 4 source files to /home/jbergqvist/diffblue/Palisade-common/target/test-classes
13:03:07.294 [INFO]   [Checking]    deserializing line [DIFFBLUE]{"__type":"com.diffblue.cover.buildsystem.model.DefaultEventMessage","project":"uk.gov.gchq.palisade:common","goal":"testCompile","cause":null,"state":"SUCCESS"}
13:03:07.296 [INFO]   [Checking]    deserializing line [DIFFBLUE]{"__type":"com.diffblue.cover.buildsystem.model.DefaultEventMessage","project":"uk.gov.gchq.palisade:common","goal":"test","cause":null,"state":"STARTED"}
13:03:07.298 [INFO]   [Checking]    out: [INFO] 
13:03:07.298 [INFO]   [Checking]    out: [INFO] --- surefire:3.2.5:test (default-test) @ common ---
13:03:07.400 [INFO]   [Checking]    out: [INFO] Using auto detected provider org.apache.maven.surefire.junitplatform.JUnitPlatformProvider
13:03:07.425 [INFO]   [Checking]    out: [INFO] 
13:03:07.426 [INFO]   [Checking]    out: [INFO] -------------------------------------------------------
13:03:07.426 [INFO]   [Checking]    out: [INFO]  T E S T S
13:03:07.426 [INFO]   [Checking]    out: [INFO] -------------------------------------------------------
13:03:08.048 [INFO]   [Checking]    out: [INFO] Running DiffblueDummyCoverageJupiterTest
13:03:08.098 [INFO]   [Checking]    out: [INFO] Tests run: 1, Failures: 0, Errors: 0, Skipped: 0, Time elapsed: 0.038 s -- in DiffblueDummyCoverageJupiterTest
13:03:08.138 [INFO]   [Checking]    out: [INFO] 
13:03:08.138 [INFO]   [Checking]    out: [INFO] Results:
13:03:08.138 [INFO]   [Checking]    out: [INFO] 
13:03:08.138 [INFO]   [Checking]    out: [INFO] Tests run: 1, Failures: 0, Errors: 0, Skipped: 0
13:03:08.138 [INFO]   [Checking]    out: [INFO] 
13:03:08.141 [INFO]   [Checking]    deserializing line [DIFFBLUE]{"__type":"com.diffblue.cover.buildsystem.model.DefaultEventMessage","project":"uk.gov.gchq.palisade:common","goal":"test","cause":null,"state":"SUCCESS"}
13:03:08.142 [INFO]   [Checking]    deserializing line [DIFFBLUE]{"__type":"com.diffblue.cover.buildsystem.model.DefaultEventMessage","project":"uk.gov.gchq.palisade:common","goal":"report","cause":null,"state":"STARTED"}
13:03:08.143 [INFO]   [Checking]    out: [INFO] 
13:03:08.143 [INFO]   [Checking]    out: [INFO] --- jacoco:0.8.5:report (default-cli) @ common ---
13:03:08.178 [INFO]   [Checking]    out: [INFO] Loading execution data file /home/jbergqvist/diffblue/Palisade-common/target/jacoco.exec
13:03:08.237 [INFO]   [Checking]    out: [INFO] Analyzed bundle 'GCHQ Palisade Common Library' with 26 classes
13:03:08.284 [INFO]   [Checking]    deserializing line [DIFFBLUE]{"__type":"com.diffblue.cover.buildsystem.model.DefaultEventMessage","project":"uk.gov.gchq.palisade:common","goal":"report","cause":null,"state":"SUCCESS"}
13:03:08.305 [INFO]   [Checking]    deserializing line [DIFFBLUE]{"__type":"com.diffblue.cover.buildsystem.model.DefaultProjectModuleMessage","project":{"__type":"DefaultProjectModule","junitReport":["/home/jbergqvist/diffblue/Palisade-common/target/surefire-reports"],"jacocoReport":["/home/jbergqvist/diffblue/Palisade-common/target/site/jacoco/jacoco.xml"],"jacocoDestFile":["${sonar.jacoco.reportPath}","/home/jbergqvist/diffblue/Palisade-common/target/jacoco.exec"],"jacocoFormats":["xml"],"jacocoSkipped":false,"classpath":["/home/jbergqvist/diffblue/Palisade-common/target/classes","/home/jbergqvist/.m2/repository/com/typesafe/akka/akka-stream_2.13/2.6.10/akka-stream_2.13-2.6.10.jar","/home/jbergqvist/.m2/repository/org/scala-lang/scala-library/2.13.3/scala-library-2.13.3.jar","/home/jbergqvist/.m2/repository/com/typesafe/akka/akka-actor_2.13/2.6.10/akka-actor_2.13-2.6.10.jar","/home/jbergqvist/.m2/repository/com/typesafe/config/1.4.0/config-1.4.0.jar","/home/jbergqvist/.m2/repository/org/scala-lang/modules/scala-java8-compat_2.13/0.9.0/scala-java8-compat_2.13-0.9.0.jar","/home/jbergqvist/.m2/repository/com/typesafe/akka/akka-protobuf-v3_2.13/2.6.10/akka-protobuf-v3_2.13-2.6.10.jar","/home/jbergqvist/.m2/repository/org/reactivestreams/reactive-streams/1.0.3/reactive-streams-1.0.3.jar","/home/jbergqvist/.m2/repository/com/typesafe/ssl-config-core_2.13/0.4.2/ssl-config-core_2.13-0.4.2.jar","/home/jbergqvist/.m2/repository/org/scala-lang/modules/scala-parser-combinators_2.13/1.1.2/scala-parser-combinators_2.13-1.1.2.jar","/home/jbergqvist/.m2/repository/org/junit/jupiter/junit-jupiter-engine/5.13.4/junit-jupiter-engine-5.13.4.jar","/home/jbergqvist/.m2/repository/org/junit/platform/junit-platform-engine/1.13.4/junit-platform-engine-1.13.4.jar","/home/jbergqvist/.m2/repository/org/opentest4j/opentest4j/1.3.0/opentest4j-1.3.0.jar","/home/jbergqvist/.m2/repository/org/junit/platform/junit-platform-commons/1.13.4/junit-platform-commons-1.13.4.jar","/home/jbergqvist/.m2/repository/org/junit/jupiter/junit-jupiter-api/5.13.4/junit-jupiter-api-5.13.4.jar","/home/jbergqvist/.m2/repository/org/apiguardian/apiguardian-api/1.1.2/apiguardian-api-1.1.2.jar","/home/jbergqvist/.m2/repository/org/mockito/mockito-core/5.20.0/mockito-core-5.20.0.jar","/home/jbergqvist/.m2/repository/net/bytebuddy/byte-buddy/1.17.7/byte-buddy-1.17.7.jar","/home/jbergqvist/.m2/repository/net/bytebuddy/byte-buddy-agent/1.17.7/byte-buddy-agent-1.17.7.jar","/home/jbergqvist/.m2/repository/org/objenesis/objenesis/3.3/objenesis-3.3.jar","/home/jbergqvist/.m2/repository/org/mockito/mockito-junit-jupiter/5.20.0/mockito-junit-jupiter-5.20.0.jar","/home/jbergqvist/.m2/repository/com/fasterxml/jackson/core/jackson-databind/2.11.0/jackson-databind-2.11.0.jar","/home/jbergqvist/.m2/repository/com/fasterxml/jackson/core/jackson-annotations/2.11.0/jackson-annotations-2.11.0.jar","/home/jbergqvist/.m2/repository/com/fasterxml/jackson/core/jackson-core/2.11.0/jackson-core-2.11.0.jar","/home/jbergqvist/.m2/repository/org/slf4j/slf4j-api/1.7.25/slf4j-api-1.7.25.jar","/home/jbergqvist/.m2/repository/com/diffblue/cover/cover-annotations/1.8.0/cover-annotations-1.8.0.jar"],"complianceLevel":"11","productionSources":["/home/jbergqvist/diffblue/Palisade-common/src/main/java"],"testSources":["/home/jbergqvist/diffblue/Palisade-common/src/test/java"],"productionClasses":"/home/jbergqvist/diffblue/Palisade-common/target/classes","testClasses":"/home/jbergqvist/diffblue/Palisade-common/target/test-classes","sourceToBuildPathMap":null,"testSourceToBuildPathMap":null,"buildDirectory":"/home/jbergqvist/diffblue/Palisade-common/target","plugins":[{"__type":"DefaultPlugin","groupId":"org.apache.maven.plugins","artefactId":"maven-compiler-plugin","version":"3.8.0","pluginClassName":null},{"__type":"DefaultPlugin","groupId":"org.apache.maven.plugins","artefactId":"maven-javadoc-plugin","version":"3.1.0","pluginClassName":null},{"__type":"DefaultPlugin","groupId":"org.apache.maven.plugins","artefactId":"maven-dependency-plugin","version":"3.1.2","pluginClassName":null},{"__type":"DefaultPlugin","groupId":"org.codehaus.mojo","artefactId":"flatten-maven-plugin","version":"1.1.0","pluginClassName":null},{"__type":"DefaultPlugin","groupId":"org.codehaus.mojo","artefactId":"license-maven-plugin","version":"2.0.0","pluginClassName":null},{"__type":"DefaultPlugin","groupId":"org.jacoco","artefactId":"jacoco-maven-plugin","version":"0.8.5","pluginClassName":null},{"__type":"DefaultPlugin","groupId":"org.apache.maven.plugins","artefactId":"maven-checkstyle-plugin","version":"3.1.0","pluginClassName":null},{"__type":"DefaultPlugin","groupId":"org.apache.maven.plugins","artefactId":"maven-clean-plugin","version":"3.2.0","pluginClassName":null},{"__type":"DefaultPlugin","groupId":"org.apache.maven.plugins","artefactId":"maven-resources-plugin","version":"3.3.1","pluginClassName":null},{"__type":"DefaultPlugin","groupId":"org.apache.maven.plugins","artefactId":"maven-jar-plugin","version":"3.4.1","pluginClassName":null},{"__type":"DefaultPlugin","groupId":"org.apache.maven.plugins","artefactId":"maven-surefire-plugin","version":"3.2.5","pluginClassName":null},{"__type":"DefaultPlugin","groupId":"org.apache.maven.plugins","artefactId":"maven-install-plugin","version":"3.1.2","pluginClassName":null},{"__type":"DefaultPlugin","groupId":"org.apache.maven.plugins","artefactId":"maven-deploy-plugin","version":"3.1.2","pluginClassName":null},{"__type":"DefaultPlugin","groupId":"org.apache.maven.plugins","artefactId":"maven-site-plugin","version":"3.12.1","pluginClassName":null}],"version":"3.9.12","encoding":"UTF-8","name":"maven","subModules":[],"simpleModuleName":null,"parentModuleName":null,"location":"/home/jbergqvist/diffblue/Palisade-common","fullModuleName":"uk.gov.gchq.palisade:common"}}
13:03:08.307 [INFO]   [Checking]    out: [INFO] ------------------------------------------------------------------------
13:03:08.307 [INFO]   [Checking]    out: [INFO] BUILD SUCCESS
13:03:08.308 [INFO]   [Checking]    out: [INFO] ------------------------------------------------------------------------
13:03:08.308 [INFO]   [Checking]    out: [INFO] Total time:  5.570 s
13:03:08.308 [INFO]   [Checking]    out: [INFO] Finished at: 2026-01-12T13:03:08Z
13:03:08.308 [INFO]   [Checking]    out: [INFO] ------------------------------------------------------------------------
13:03:08.308 [INFO]   [Checking]    deserializing line [DIFFBLUE]{"__type":"com.diffblue.cover.buildsystem.model.ProjectInfoMessage","projectName":"uk.gov.gchq.palisade:common","productionSources":["/home/jbergqvist/diffblue/Palisade-common/src/main/java","/home/jbergqvist/diffblue/Palisade-common/target/generated-sources/annotations"],"testSources":["/home/jbergqvist/diffblue/Palisade-common/src/test/java","/home/jbergqvist/diffblue/Palisade-common/target/generated-test-sources/test-annotations"],"location":"/home/jbergqvist/diffblue/Palisade-common"}
13:03:08.349 [INFO]   [Checking]    maven:err process not stopped, joining thread
13:03:08.350 [INFO]   [Checking]    maven:out process not stopped, joining thread
13:03:08.408 [INFO]   [Checking]    Detected Cover Annotations version 1.8.0
13:03:08.490 [INFO]   [Checking]    Selected Java language compliance level: 11
13:03:08.490 [INFO]   [Checking]    Selected test validation: enabled
13:03:08.879 [INFO]   [Checking]    Prefixes for filtering classes/methods:
13:03:08.884 [INFO]   [Checking]    - uk.gov.gchq.palisade
13:03:08.885 [INFO]   [Checking]    - uk.gov.gchq.palisade.data.serialise
13:03:08.886 [INFO]   [Checking]    - uk.gov.gchq.palisade.resource
13:03:08.887 [INFO]   [Checking]    - uk.gov.gchq.palisade.resource.impl
13:03:08.888 [INFO]   [Checking]    - uk.gov.gchq.palisade.rule
13:03:08.889 [INFO]   [Checking]    - uk.gov.gchq.palisade.user
13:03:08.890 [INFO]   [Checking]    - uk.gov.gchq.palisade.util
13:03:08.891 [INFO]   [Checking]    Gathering methods to test...
13:03:09.531 [INFO]   [Reporting]   
13:03:09.531 [INFO]   [Reporting]   Environment summary for module: uk.gov.gchq.palisade:common
13:03:09.531 [INFO]   [Reporting]   -----------------------------------------------------------
13:03:09.532 [INFO]   [Reporting]   Java version                   11.0.29                       SUCCESS        
13:03:09.532 [INFO]   [Reporting]   Build system                   Maven                         SUCCESS        
13:03:09.532 [INFO]   [Reporting]   Mocking Framework              Mockito Core 5.20.0           SUCCESS        
13:03:09.532 [INFO]   [Reporting]   Surefire version               3.2.5                         SUCCESS        
13:03:09.532 [INFO]   [Reporting]   Testing framework              JUnit Jupiter                 SUCCESS        
13:03:09.532 [INFO]   [Reporting]   Mockito JUnit Jupiter version  5.20.0                        SUCCESS        
13:03:09.532 [INFO]   [Reporting]   JavaEE version                 Skipped                       -----          
13:03:09.532 [INFO]   [Reporting]   OSGi Annotations               Not Detected                  -----          
13:03:09.532 [INFO]   [Reporting]   Javax WS RS API                Not Detected                  -----          
13:03:09.532 [INFO]   [Reporting]   Jakarta RESTful WS API         Not Detected                  -----          
13:03:09.532 [INFO]   [Reporting]   Jersey Server                  Not Detected                  -----          
13:03:09.532 [INFO]   [Reporting]   Jersey Test Framework          Not Detected                  -----          
13:03:09.532 [INFO]   [Reporting]   Jersey Test Provider InMemory  Not Detected                  -----          
13:03:09.532 [INFO]   [Reporting]   Guice Framework                Not Detected                  -----          
13:03:09.532 [INFO]   [Reporting]   JaCoCo plugin version          0.8.5                         SUCCESS        
13:03:09.532 [INFO]   [Reporting]   Launcher                       JUnit Jupiter                 SUCCESS        
13:03:09.532 [INFO]   [Reporting]   Quarkus                        Not Detected                  -----          
13:03:09.532 [INFO]   [Reporting]   Test validation                Enabled                       SUCCESS        
13:03:09.532 [INFO]   [Reporting]   Hamcrest                       Not Detected                  -----          
13:03:09.532 [INFO]   [Reporting]   Spring Core                    Not Detected                  -----          
13:03:09.532 [INFO]   [Reporting]   Spring Boot                    Skipped                       -----          
13:03:09.532 [INFO]   [Reporting]   Spring Boot Starter Webflux    Skipped                       -----          
13:03:09.532 [INFO]   [Reporting]   Spring Boot Test Autoconfigure Skipped                       -----          
13:03:09.532 [INFO]   [Reporting]   Spring Boot Test               Skipped                       -----          
13:03:09.532 [INFO]   [Reporting]   Spring Web                     Skipped                       -----          
13:03:09.532 [INFO]   [Reporting]   Spring Security Web            Skipped                       -----          
13:03:09.532 [INFO]   [Reporting]   Spring Test                    Skipped                       -----          
13:03:09.532 [INFO]   [Reporting]   
13:03:09.532 [INFO]   [Reporting]   Environment check status: SUCCESS
13:03:09.660 [INFO]   [Creating]    Found 131 callable methods in 25 classes
13:03:09.661 [INFO]   [Creating]    
13:03:09.662 [INFO]   [Creating]    Creating tests:
13:03:09.662 [INFO]   [Creating]    ---------------
13:03:09.667 [INFO]   [Creating]    
================================================================================
= Starting analysis for class 'uk.gov.gchq.palisade.Context'
================================================================================
13:03:09.667 [INFO]   [Creating]    Filtering out non-testable methods...
13:03:10.146 [INFO]   [Creating]          [1/131] uk.gov.gchq.palisade.Context.contents
13:03:10.146 [INFO]   [Creating]          [1/131]   T024: Generated method
13:03:10.146 [INFO]   [Creating]          [1/131]     Indicates that the method is generated by some framework or tool and should not
13:03:10.146 [INFO]   [Creating]          [1/131]     be tested explicitly. The expectation is that the generator itself should be
13:03:10.146 [INFO]   [Creating]          [1/131]     tested and not each piece of code it produces.
13:03:10.146 [INFO]   [Creating]          [1/131]     Currently, this includes methods identified generated by Lombok, Protobuf,
13:03:10.146 [INFO]   [Creating]          [1/131]     Grpc, Hibernate, or annotated with a custom '@Generated' annotation
13:03:10.146 [INFO]   [Creating]          [1/131]     (as long as the custom annotation has 'RUNTIME' or 'CLASS' retention).
13:03:10.146 [INFO]   [Creating]          [1/131]     Diffblue Cover considers these methods as not directly callable.
13:03:10.151 [INFO]   [Creating]          [2/131] uk.gov.gchq.palisade.Context.equals
13:03:10.151 [INFO]   [Creating]          [2/131]   T024: Generated method
13:03:10.151 [INFO]   [Creating]          [2/131]     Indicates that the method is generated by some framework or tool and should not
13:03:10.151 [INFO]   [Creating]          [2/131]     be tested explicitly. The expectation is that the generator itself should be
13:03:10.151 [INFO]   [Creating]          [2/131]     tested and not each piece of code it produces.
13:03:10.151 [INFO]   [Creating]          [2/131]     Currently, this includes methods identified generated by Lombok, Protobuf,
13:03:10.151 [INFO]   [Creating]          [2/131]     Grpc, Hibernate, or annotated with a custom '@Generated' annotation
13:03:10.151 [INFO]   [Creating]          [2/131]     (as long as the custom annotation has 'RUNTIME' or 'CLASS' retention).
13:03:10.151 [INFO]   [Creating]          [2/131]     Diffblue Cover considers these methods as not directly callable.
13:03:10.158 [INFO]   [Creating]          [3/131] uk.gov.gchq.palisade.Context.get
13:03:10.158 [INFO]   [Creating]          [3/131]   T024: Generated method
13:03:10.158 [INFO]   [Creating]          [3/131]     Indicates that the method is generated by some framework or tool and should not
13:03:10.158 [INFO]   [Creating]          [3/131]     be tested explicitly. The expectation is that the generator itself should be
13:03:10.158 [INFO]   [Creating]          [3/131]     tested and not each piece of code it produces.
13:03:10.158 [INFO]   [Creating]          [3/131]     Currently, this includes methods identified generated by Lombok, Protobuf,
13:03:10.158 [INFO]   [Creating]          [3/131]     Grpc, Hibernate, or annotated with a custom '@Generated' annotation
13:03:10.158 [INFO]   [Creating]          [3/131]     (as long as the custom annotation has 'RUNTIME' or 'CLASS' retention).
13:03:10.158 [INFO]   [Creating]          [3/131]     Diffblue Cover considers these methods as not directly callable.
13:03:10.163 [INFO]   [Creating]          [4/131] uk.gov.gchq.palisade.Context.getContents
13:03:10.163 [INFO]   [Creating]          [4/131]   T024: Generated method
13:03:10.163 [INFO]   [Creating]          [4/131]     Indicates that the method is generated by some framework or tool and should not
13:03:10.164 [INFO]   [Creating]          [4/131]     be tested explicitly. The expectation is that the generator itself should be
13:03:10.164 [INFO]   [Creating]          [4/131]     tested and not each piece of code it produces.
13:03:10.164 [INFO]   [Creating]          [4/131]     Currently, this includes methods identified generated by Lombok, Protobuf,
13:03:10.164 [INFO]   [Creating]          [4/131]     Grpc, Hibernate, or annotated with a custom '@Generated' annotation
13:03:10.164 [INFO]   [Creating]          [4/131]     (as long as the custom annotation has 'RUNTIME' or 'CLASS' retention).
13:03:10.164 [INFO]   [Creating]          [4/131]     Diffblue Cover considers these methods as not directly callable.
13:03:10.171 [INFO]   [Creating]          [5/131] uk.gov.gchq.palisade.Context.getContentsCopy
13:03:10.171 [INFO]   [Creating]          [5/131]   T024: Generated method
13:03:10.171 [INFO]   [Creating]          [5/131]     Indicates that the method is generated by some framework or tool and should not
13:03:10.171 [INFO]   [Creating]          [5/131]     be tested explicitly. The expectation is that the generator itself should be
13:03:10.171 [INFO]   [Creating]          [5/131]     tested and not each piece of code it produces.
13:03:10.171 [INFO]   [Creating]          [5/131]     Currently, this includes methods identified generated by Lombok, Protobuf,
13:03:10.171 [INFO]   [Creating]          [5/131]     Grpc, Hibernate, or annotated with a custom '@Generated' annotation
13:03:10.171 [INFO]   [Creating]          [5/131]     (as long as the custom annotation has 'RUNTIME' or 'CLASS' retention).
13:03:10.171 [INFO]   [Creating]          [5/131]     Diffblue Cover considers these methods as not directly callable.
13:03:10.178 [INFO]   [Creating]          [6/131] uk.gov.gchq.palisade.Context.hashCode
13:03:10.178 [INFO]   [Creating]          [6/131]   T024: Generated method
13:03:10.178 [INFO]   [Creating]          [6/131]     Indicates that the method is generated by some framework or tool and should not
13:03:10.178 [INFO]   [Creating]          [6/131]     be tested explicitly. The expectation is that the generator itself should be
13:03:10.178 [INFO]   [Creating]          [6/131]     tested and not each piece of code it produces.
13:03:10.178 [INFO]   [Creating]          [6/131]     Currently, this includes methods identified generated by Lombok, Protobuf,
13:03:10.178 [INFO]   [Creating]          [6/131]     Grpc, Hibernate, or annotated with a custom '@Generated' annotation
13:03:10.178 [INFO]   [Creating]          [6/131]     (as long as the custom annotation has 'RUNTIME' or 'CLASS' retention).
13:03:10.178 [INFO]   [Creating]          [6/131]     Diffblue Cover considers these methods as not directly callable.
13:03:10.182 [INFO]   [Creating]          [7/131] uk.gov.gchq.palisade.Context.purpose
13:03:10.182 [INFO]   [Creating]          [7/131]   T024: Generated method
13:03:10.182 [INFO]   [Creating]          [7/131]     Indicates that the method is generated by some framework or tool and should not
13:03:10.182 [INFO]   [Creating]          [7/131]     be tested explicitly. The expectation is that the generator itself should be
13:03:10.182 [INFO]   [Creating]          [7/131]     tested and not each piece of code it produces.
13:03:10.182 [INFO]   [Creating]          [7/131]     Currently, this includes methods identified generated by Lombok, Protobuf,
13:03:10.182 [INFO]   [Creating]          [7/131]     Grpc, Hibernate, or annotated with a custom '@Generated' annotation
13:03:10.182 [INFO]   [Creating]          [7/131]     (as long as the custom annotation has 'RUNTIME' or 'CLASS' retention).
13:03:10.182 [INFO]   [Creating]          [7/131]     Diffblue Cover considers these methods as not directly callable.
13:03:10.188 [INFO]   [Creating]          [8/131] uk.gov.gchq.palisade.Context.put
13:03:10.188 [INFO]   [Creating]          [8/131]   T024: Generated method
13:03:10.188 [INFO]   [Creating]          [8/131]     Indicates that the method is generated by some framework or tool and should not
13:03:10.188 [INFO]   [Creating]          [8/131]     be tested explicitly. The expectation is that the generator itself should be
13:03:10.188 [INFO]   [Creating]          [8/131]     tested and not each piece of code it produces.
13:03:10.188 [INFO]   [Creating]          [8/131]     Currently, this includes methods identified generated by Lombok, Protobuf,
13:03:10.188 [INFO]   [Creating]          [8/131]     Grpc, Hibernate, or annotated with a custom '@Generated' annotation
13:03:10.188 [INFO]   [Creating]          [8/131]     (as long as the custom annotation has 'RUNTIME' or 'CLASS' retention).
13:03:10.188 [INFO]   [Creating]          [8/131]     Diffblue Cover considers these methods as not directly callable.
13:03:10.193 [INFO]   [Creating]          [9/131] uk.gov.gchq.palisade.Context.putIfAbsent
13:03:10.193 [INFO]   [Creating]          [9/131]   T024: Generated method
13:03:10.193 [INFO]   [Creating]          [9/131]     Indicates that the method is generated by some framework or tool and should not
13:03:10.193 [INFO]   [Creating]          [9/131]     be tested explicitly. The expectation is that the generator itself should be
13:03:10.193 [INFO]   [Creating]          [9/131]     tested and not each piece of code it produces.
13:03:10.193 [INFO]   [Creating]          [9/131]     Currently, this includes methods identified generated by Lombok, Protobuf,
13:03:10.193 [INFO]   [Creating]          [9/131]     Grpc, Hibernate, or annotated with a custom '@Generated' annotation
13:03:10.193 [INFO]   [Creating]          [9/131]     (as long as the custom annotation has 'RUNTIME' or 'CLASS' retention).
13:03:10.193 [INFO]   [Creating]          [9/131]     Diffblue Cover considers these methods as not directly callable.
13:03:10.196 [INFO]   [Creating]         [10/131] uk.gov.gchq.palisade.Context.setContents
13:03:10.197 [INFO]   [Creating]         [10/131]   T024: Generated method
13:03:10.197 [INFO]   [Creating]         [10/131]     Indicates that the method is generated by some framework or tool and should not
13:03:10.197 [INFO]   [Creating]         [10/131]     be tested explicitly. The expectation is that the generator itself should be
13:03:10.197 [INFO]   [Creating]         [10/131]     tested and not each piece of code it produces.
13:03:10.197 [INFO]   [Creating]         [10/131]     Currently, this includes methods identified generated by Lombok, Protobuf,
13:03:10.197 [INFO]   [Creating]         [10/131]     Grpc, Hibernate, or annotated with a custom '@Generated' annotation
13:03:10.197 [INFO]   [Creating]         [10/131]     (as long as the custom annotation has 'RUNTIME' or 'CLASS' retention).
13:03:10.197 [INFO]   [Creating]         [10/131]     Diffblue Cover considers these methods as not directly callable.
13:03:10.200 [INFO]   [Creating]         [11/131] uk.gov.gchq.palisade.Context.toString
13:03:10.200 [INFO]   [Creating]         [11/131]   T024: Generated method
13:03:10.200 [INFO]   [Creating]         [11/131]     Indicates that the method is generated by some framework or tool and should not
13:03:10.200 [INFO]   [Creating]         [11/131]     be tested explicitly. The expectation is that the generator itself should be
13:03:10.200 [INFO]   [Creating]         [11/131]     tested and not each piece of code it produces.
13:03:10.200 [INFO]   [Creating]         [11/131]     Currently, this includes methods identified generated by Lombok, Protobuf,
13:03:10.200 [INFO]   [Creating]         [11/131]     Grpc, Hibernate, or annotated with a custom '@Generated' annotation
13:03:10.200 [INFO]   [Creating]         [11/131]     (as long as the custom annotation has 'RUNTIME' or 'CLASS' retention).
13:03:10.200 [INFO]   [Creating]         [11/131]     Diffblue Cover considers these methods as not directly callable.
13:03:10.363 [INFO]   [Creating]    Filtering of methods complete. Creating analysis request
13:03:10.364 [INFO]   [Creating]    Attempting to get service client, retry 1.
13:03:10.367 [INFO]   [Creating]    Starting monitoring server.
13:03:10.493 [INFO]   [Creating]    Monitoring server listening on localhost/127.0.0.1:40013
13:03:10.547 [INFO]   [Creating]    Starting analyzer server process...
13:03:10.548 [INFO]   [Creating]    Server command-line: /home/jbergqvist/.sdkman/candidates/java/11.0.29-amzn/bin/java -XX:+IgnoreUnrecognizedVMOptions -Djdk.attach.allowAttachSelf=true -Djdk.jar.maxSignatureFileSize=100000000 -ea -javaagent:/opt/cover/launcher-shared-jar.jar -Dlogback.configurationFile=/tmp/diffblue/config/logback-remote-service.xml -Dcom.diffblue.springIsolationJar=/opt/cover/cover-isolation-layer.jar -Dcover.jar.path=/opt/cover/cover-service-analyzer.jar -Dcom.diffblue.assertionSuggestionJar=/opt/cover/cover-service-analyzer.jar -Dcover.main.class=com.diffblue.cover.service.analyzer.Main -jar /opt/cover/launcher-shared-jar.jar --service-lifespan 120 --monitoring-service-port 40013 --index-service-port 40013 --debug-log
13:03:10.549 [INFO]   [Creating]    Server started. Waiting up to 300 seconds for a connection to be established...
13:03:11.394 [INFO]   [Creating]    Starting new remote monitor client
13:03:12.071 [INFO]   [Creating]    Attempting to start remote server.
13:03:12.223 [INFO]   [Creating]    Server started, listening on localhost/127.0.0.1:35843
13:03:12.228 [INFO]   [Creating]    Expect analyzer service to be listening on port 35843.
13:03:12.917 [INFO]   [Creating]    Started analyzer service and client retrieved.
13:03:25.423 [INFO]   [Creating]         [12/131] uk.gov.gchq.palisade.Context.<init>
13:03:25.423 [INFO]   [Creating]         [12/131]   Tests created: 1
13:03:26.380 [INFO]   [Creating]         [13/131] uk.gov.gchq.palisade.Context.<init>
13:03:26.380 [INFO]   [Creating]         [13/131]   Tests created: 1
13:03:26.581 [INFO]   [Creating]         [14/131] uk.gov.gchq.palisade.Context.getPurpose
13:03:26.581 [INFO]   [Creating]         [14/131]   Tests created: 2
13:03:26.587 [INFO]   [Creating]     [1/25] uk.gov.gchq.palisade.Context
13:03:26.587 [INFO]   [Creating]     [1/25]   Tests created: 4
13:03:26.589 [INFO]   [Creating]    
================================================================================
= Starting analysis for class 'uk.gov.gchq.palisade.data.serialise.Serialiser'
================================================================================
13:03:26.589 [INFO]   [Creating]    Filtering out non-testable methods...
13:03:26.600 [INFO]   [Creating]         [15/131] uk.gov.gchq.palisade.data.serialise.Serialiser.deserialiseFlow
13:03:26.600 [INFO]   [Creating]         [15/131]   T009: No implementation for abstract class
13:03:26.600 [INFO]   [Creating]         [15/131]     The method is a non-abstract instance method in an abstract class or
13:03:26.600 [INFO]   [Creating]         [15/131]     a default method in an interface. Diffblue Cover would test such methods
13:03:26.600 [INFO]   [Creating]         [15/131]     by using an implementation of that abstract class or interface. However,
13:03:26.600 [INFO]   [Creating]         [15/131]     no such implementation has been found.
13:03:26.600 [INFO]   [Creating]         [15/131]     Please provide an implementation for the abstract class or interface.
13:03:26.600 [INFO]   [Creating]         [15/131]     See https://diff.blue/T009 to resolve this issue.
13:03:26.602 [INFO]   [Creating]         [16/131] uk.gov.gchq.palisade.data.serialise.Serialiser.serialiseFlow
13:03:26.602 [INFO]   [Creating]         [16/131]   T009: No implementation for abstract class
13:03:26.602 [INFO]   [Creating]         [16/131]     The method is a non-abstract instance method in an abstract class or
13:03:26.602 [INFO]   [Creating]         [16/131]     a default method in an interface. Diffblue Cover would test such methods
13:03:26.602 [INFO]   [Creating]         [16/131]     by using an implementation of that abstract class or interface. However,
13:03:26.602 [INFO]   [Creating]         [16/131]     no such implementation has been found.
13:03:26.602 [INFO]   [Creating]         [16/131]     Please provide an implementation for the abstract class or interface.
13:03:26.602 [INFO]   [Creating]         [16/131]     See https://diff.blue/T009 to resolve this issue.
13:03:26.605 [INFO]   [Creating]    Filtering of methods complete. Creating analysis request
13:03:26.605 [INFO]   [Creating]    Attempting to get service client, retry 1.
13:03:28.884 [INFO]   [Creating]         [17/131] uk.gov.gchq.palisade.data.serialise.Serialiser.create
13:03:28.884 [INFO]   [Creating]         [17/131]   Tests created: 1
13:03:29.078 [INFO]   [Creating]         [18/131] uk.gov.gchq.palisade.data.serialise.Serialiser.tryCreate
13:03:29.078 [INFO]   [Creating]         [18/131]   Tests created: 2
13:03:29.081 [INFO]   [Creating]     [2/25] uk.gov.gchq.palisade.data.serialise.Serialiser
13:03:29.081 [INFO]   [Creating]     [2/25]   Tests created: 3
13:03:29.082 [INFO]   [Creating]    
================================================================================
= Starting analysis for class 'uk.gov.gchq.palisade.resource.AbstractLeafResource'
================================================================================
13:03:29.082 [INFO]   [Creating]    Filtering out non-testable methods...
13:03:29.088 [INFO]   [Creating]         [19/131] uk.gov.gchq.palisade.resource.AbstractLeafResource.attribute
13:03:29.088 [INFO]   [Creating]         [19/131]   T024: Generated method
13:03:29.088 [INFO]   [Creating]         [19/131]     Indicates that the method is generated by some framework or tool and should not
13:03:29.088 [INFO]   [Creating]         [19/131]     be tested explicitly. The expectation is that the generator itself should be
13:03:29.088 [INFO]   [Creating]         [19/131]     tested and not each piece of code it produces.
13:03:29.088 [INFO]   [Creating]         [19/131]     Currently, this includes methods identified generated by Lombok, Protobuf,
13:03:29.088 [INFO]   [Creating]         [19/131]     Grpc, Hibernate, or annotated with a custom '@Generated' annotation
13:03:29.088 [INFO]   [Creating]         [19/131]     (as long as the custom annotation has 'RUNTIME' or 'CLASS' retention).
13:03:29.088 [INFO]   [Creating]         [19/131]     Diffblue Cover considers these methods as not directly callable.
13:03:29.091 [INFO]   [Creating]         [20/131] uk.gov.gchq.palisade.resource.AbstractLeafResource.attributes
13:03:29.092 [INFO]   [Creating]         [20/131]   T024: Generated method
13:03:29.092 [INFO]   [Creating]         [20/131]     Indicates that the method is generated by some framework or tool and should not
13:03:29.092 [INFO]   [Creating]         [20/131]     be tested explicitly. The expectation is that the generator itself should be
13:03:29.092 [INFO]   [Creating]         [20/131]     tested and not each piece of code it produces.
13:03:29.092 [INFO]   [Creating]         [20/131]     Currently, this includes methods identified generated by Lombok, Protobuf,
13:03:29.092 [INFO]   [Creating]         [20/131]     Grpc, Hibernate, or annotated with a custom '@Generated' annotation
13:03:29.092 [INFO]   [Creating]         [20/131]     (as long as the custom annotation has 'RUNTIME' or 'CLASS' retention).
13:03:29.092 [INFO]   [Creating]         [20/131]     Diffblue Cover considers these methods as not directly callable.
13:03:29.095 [INFO]   [Creating]         [21/131] uk.gov.gchq.palisade.resource.AbstractLeafResource.connectionDetail
13:03:29.095 [INFO]   [Creating]         [21/131]   T024: Generated method
13:03:29.095 [INFO]   [Creating]         [21/131]     Indicates that the method is generated by some framework or tool and should not
13:03:29.095 [INFO]   [Creating]         [21/131]     be tested explicitly. The expectation is that the generator itself should be
13:03:29.095 [INFO]   [Creating]         [21/131]     tested and not each piece of code it produces.
13:03:29.095 [INFO]   [Creating]         [21/131]     Currently, this includes methods identified generated by Lombok, Protobuf,
13:03:29.095 [INFO]   [Creating]         [21/131]     Grpc, Hibernate, or annotated with a custom '@Generated' annotation
13:03:29.095 [INFO]   [Creating]         [21/131]     (as long as the custom annotation has 'RUNTIME' or 'CLASS' retention).
13:03:29.095 [INFO]   [Creating]         [21/131]     Diffblue Cover considers these methods as not directly callable.
13:03:29.099 [INFO]   [Creating]         [22/131] uk.gov.gchq.palisade.resource.AbstractLeafResource.equals
13:03:29.099 [INFO]   [Creating]         [22/131]   T024: Generated method
13:03:29.099 [INFO]   [Creating]         [22/131]     Indicates that the method is generated by some framework or tool and should not
13:03:29.099 [INFO]   [Creating]         [22/131]     be tested explicitly. The expectation is that the generator itself should be
13:03:29.099 [INFO]   [Creating]         [22/131]     tested and not each piece of code it produces.
13:03:29.099 [INFO]   [Creating]         [22/131]     Currently, this includes methods identified generated by Lombok, Protobuf,
13:03:29.099 [INFO]   [Creating]         [22/131]     Grpc, Hibernate, or annotated with a custom '@Generated' annotation
13:03:29.099 [INFO]   [Creating]         [22/131]     (as long as the custom annotation has 'RUNTIME' or 'CLASS' retention).
13:03:29.099 [INFO]   [Creating]         [22/131]     Diffblue Cover considers these methods as not directly callable.
13:03:29.103 [INFO]   [Creating]         [23/131] uk.gov.gchq.palisade.resource.AbstractLeafResource.getAttribute
13:03:29.103 [INFO]   [Creating]         [23/131]   T024: Generated method
13:03:29.103 [INFO]   [Creating]         [23/131]     Indicates that the method is generated by some framework or tool and should not
13:03:29.103 [INFO]   [Creating]         [23/131]     be tested explicitly. The expectation is that the generator itself should be
13:03:29.103 [INFO]   [Creating]         [23/131]     tested and not each piece of code it produces.
13:03:29.103 [INFO]   [Creating]         [23/131]     Currently, this includes methods identified generated by Lombok, Protobuf,
13:03:29.103 [INFO]   [Creating]         [23/131]     Grpc, Hibernate, or annotated with a custom '@Generated' annotation
13:03:29.103 [INFO]   [Creating]         [23/131]     (as long as the custom annotation has 'RUNTIME' or 'CLASS' retention).
13:03:29.103 [INFO]   [Creating]         [23/131]     Diffblue Cover considers these methods as not directly callable.
13:03:29.107 [INFO]   [Creating]         [24/131] uk.gov.gchq.palisade.resource.AbstractLeafResource.getAttributes
13:03:29.108 [INFO]   [Creating]         [24/131]   T024: Generated method
13:03:29.108 [INFO]   [Creating]         [24/131]     Indicates that the method is generated by some framework or tool and should not
13:03:29.108 [INFO]   [Creating]         [24/131]     be tested explicitly. The expectation is that the generator itself should be
13:03:29.108 [INFO]   [Creating]         [24/131]     tested and not each piece of code it produces.
13:03:29.108 [INFO]   [Creating]         [24/131]     Currently, this includes methods identified generated by Lombok, Protobuf,
13:03:29.108 [INFO]   [Creating]         [24/131]     Grpc, Hibernate, or annotated with a custom '@Generated' annotation
13:03:29.108 [INFO]   [Creating]         [24/131]     (as long as the custom annotation has 'RUNTIME' or 'CLASS' retention).
13:03:29.108 [INFO]   [Creating]         [24/131]     Diffblue Cover considers these methods as not directly callable.
13:03:29.111 [INFO]   [Creating]         [25/131] uk.gov.gchq.palisade.resource.AbstractLeafResource.getConnectionDetail
13:03:29.111 [INFO]   [Creating]         [25/131]   T024: Generated method
13:03:29.111 [INFO]   [Creating]         [25/131]     Indicates that the method is generated by some framework or tool and should not
13:03:29.111 [INFO]   [Creating]         [25/131]     be tested explicitly. The expectation is that the generator itself should be
13:03:29.111 [INFO]   [Creating]         [25/131]     tested and not each piece of code it produces.
13:03:29.111 [INFO]   [Creating]         [25/131]     Currently, this includes methods identified generated by Lombok, Protobuf,
13:03:29.111 [INFO]   [Creating]         [25/131]     Grpc, Hibernate, or annotated with a custom '@Generated' annotation
13:03:29.111 [INFO]   [Creating]         [25/131]     (as long as the custom annotation has 'RUNTIME' or 'CLASS' retention).
13:03:29.111 [INFO]   [Creating]         [25/131]     Diffblue Cover considers these methods as not directly callable.
13:03:29.115 [INFO]   [Creating]         [26/131] uk.gov.gchq.palisade.resource.AbstractLeafResource.getSerialisedFormat
13:03:29.115 [INFO]   [Creating]         [26/131]   T024: Generated method
13:03:29.115 [INFO]   [Creating]         [26/131]     Indicates that the method is generated by some framework or tool and should not
13:03:29.115 [INFO]   [Creating]         [26/131]     be tested explicitly. The expectation is that the generator itself should be
13:03:29.115 [INFO]   [Creating]         [26/131]     tested and not each piece of code it produces.
13:03:29.115 [INFO]   [Creating]         [26/131]     Currently, this includes methods identified generated by Lombok, Protobuf,
13:03:29.115 [INFO]   [Creating]         [26/131]     Grpc, Hibernate, or annotated with a custom '@Generated' annotation
13:03:29.115 [INFO]   [Creating]         [26/131]     (as long as the custom annotation has 'RUNTIME' or 'CLASS' retention).
13:03:29.115 [INFO]   [Creating]         [26/131]     Diffblue Cover considers these methods as not directly callable.
13:03:29.118 [INFO]   [Creating]         [27/131] uk.gov.gchq.palisade.resource.AbstractLeafResource.getType
13:03:29.118 [INFO]   [Creating]         [27/131]   T024: Generated method
13:03:29.118 [INFO]   [Creating]         [27/131]     Indicates that the method is generated by some framework or tool and should not
13:03:29.118 [INFO]   [Creating]         [27/131]     be tested explicitly. The expectation is that the generator itself should be
13:03:29.118 [INFO]   [Creating]         [27/131]     tested and not each piece of code it produces.
13:03:29.118 [INFO]   [Creating]         [27/131]     Currently, this includes methods identified generated by Lombok, Protobuf,
13:03:29.118 [INFO]   [Creating]         [27/131]     Grpc, Hibernate, or annotated with a custom '@Generated' annotation
13:03:29.118 [INFO]   [Creating]         [27/131]     (as long as the custom annotation has 'RUNTIME' or 'CLASS' retention).
13:03:29.118 [INFO]   [Creating]         [27/131]     Diffblue Cover considers these methods as not directly callable.
13:03:29.122 [INFO]   [Creating]         [28/131] uk.gov.gchq.palisade.resource.AbstractLeafResource.hashCode
13:03:29.122 [INFO]   [Creating]         [28/131]   T024: Generated method
13:03:29.122 [INFO]   [Creating]         [28/131]     Indicates that the method is generated by some framework or tool and should not
13:03:29.122 [INFO]   [Creating]         [28/131]     be tested explicitly. The expectation is that the generator itself should be
13:03:29.122 [INFO]   [Creating]         [28/131]     tested and not each piece of code it produces.
13:03:29.122 [INFO]   [Creating]         [28/131]     Currently, this includes methods identified generated by Lombok, Protobuf,
13:03:29.122 [INFO]   [Creating]         [28/131]     Grpc, Hibernate, or annotated with a custom '@Generated' annotation
13:03:29.122 [INFO]   [Creating]         [28/131]     (as long as the custom annotation has 'RUNTIME' or 'CLASS' retention).
13:03:29.122 [INFO]   [Creating]         [28/131]     Diffblue Cover considers these methods as not directly callable.
13:03:29.126 [INFO]   [Creating]         [29/131] uk.gov.gchq.palisade.resource.AbstractLeafResource.isAttributeSet
13:03:29.126 [INFO]   [Creating]         [29/131]   T024: Generated method
13:03:29.127 [INFO]   [Creating]         [29/131]     Indicates that the method is generated by some framework or tool and should not
13:03:29.127 [INFO]   [Creating]         [29/131]     be tested explicitly. The expectation is that the generator itself should be
13:03:29.127 [INFO]   [Creating]         [29/131]     tested and not each piece of code it produces.
13:03:29.127 [INFO]   [Creating]         [29/131]     Currently, this includes methods identified generated by Lombok, Protobuf,
13:03:29.127 [INFO]   [Creating]         [29/131]     Grpc, Hibernate, or annotated with a custom '@Generated' annotation
13:03:29.127 [INFO]   [Creating]         [29/131]     (as long as the custom annotation has 'RUNTIME' or 'CLASS' retention).
13:03:29.127 [INFO]   [Creating]         [29/131]     Diffblue Cover considers these methods as not directly callable.
13:03:29.130 [INFO]   [Creating]         [30/131] uk.gov.gchq.palisade.resource.AbstractLeafResource.serialisedFormat
13:03:29.130 [INFO]   [Creating]         [30/131]   T024: Generated method
13:03:29.131 [INFO]   [Creating]         [30/131]     Indicates that the method is generated by some framework or tool and should not
13:03:29.131 [INFO]   [Creating]         [30/131]     be tested explicitly. The expectation is that the generator itself should be
13:03:29.131 [INFO]   [Creating]         [30/131]     tested and not each piece of code it produces.
13:03:29.131 [INFO]   [Creating]         [30/131]     Currently, this includes methods identified generated by Lombok, Protobuf,
13:03:29.131 [INFO]   [Creating]         [30/131]     Grpc, Hibernate, or annotated with a custom '@Generated' annotation
13:03:29.131 [INFO]   [Creating]         [30/131]     (as long as the custom annotation has 'RUNTIME' or 'CLASS' retention).
13:03:29.131 [INFO]   [Creating]         [30/131]     Diffblue Cover considers these methods as not directly callable.
13:03:29.134 [INFO]   [Creating]         [31/131] uk.gov.gchq.palisade.resource.AbstractLeafResource.setAttribute
13:03:29.134 [INFO]   [Creating]         [31/131]   T024: Generated method
13:03:29.134 [INFO]   [Creating]         [31/131]     Indicates that the method is generated by some framework or tool and should not
13:03:29.134 [INFO]   [Creating]         [31/131]     be tested explicitly. The expectation is that the generator itself should be
13:03:29.134 [INFO]   [Creating]         [31/131]     tested and not each piece of code it produces.
13:03:29.134 [INFO]   [Creating]         [31/131]     Currently, this includes methods identified generated by Lombok, Protobuf,
13:03:29.134 [INFO]   [Creating]         [31/131]     Grpc, Hibernate, or annotated with a custom '@Generated' annotation
13:03:29.134 [INFO]   [Creating]         [31/131]     (as long as the custom annotation has 'RUNTIME' or 'CLASS' retention).
13:03:29.134 [INFO]   [Creating]         [31/131]     Diffblue Cover considers these methods as not directly callable.
13:03:29.138 [INFO]   [Creating]         [32/131] uk.gov.gchq.palisade.resource.AbstractLeafResource.setAttributes
13:03:29.138 [INFO]   [Creating]         [32/131]   T024: Generated method
13:03:29.138 [INFO]   [Creating]         [32/131]     Indicates that the method is generated by some framework or tool and should not
13:03:29.138 [INFO]   [Creating]         [32/131]     be tested explicitly. The expectation is that the generator itself should be
13:03:29.138 [INFO]   [Creating]         [32/131]     tested and not each piece of code it produces.
13:03:29.138 [INFO]   [Creating]         [32/131]     Currently, this includes methods identified generated by Lombok, Protobuf,
13:03:29.138 [INFO]   [Creating]         [32/131]     Grpc, Hibernate, or annotated with a custom '@Generated' annotation
13:03:29.138 [INFO]   [Creating]         [32/131]     (as long as the custom annotation has 'RUNTIME' or 'CLASS' retention).
13:03:29.138 [INFO]   [Creating]         [32/131]     Diffblue Cover considers these methods as not directly callable.
13:03:29.142 [INFO]   [Creating]         [33/131] uk.gov.gchq.palisade.resource.AbstractLeafResource.setConnectionDetail
13:03:29.142 [INFO]   [Creating]         [33/131]   T024: Generated method
13:03:29.142 [INFO]   [Creating]         [33/131]     Indicates that the method is generated by some framework or tool and should not
13:03:29.142 [INFO]   [Creating]         [33/131]     be tested explicitly. The expectation is that the generator itself should be
13:03:29.142 [INFO]   [Creating]         [33/131]     tested and not each piece of code it produces.
13:03:29.142 [INFO]   [Creating]         [33/131]     Currently, this includes methods identified generated by Lombok, Protobuf,
13:03:29.142 [INFO]   [Creating]         [33/131]     Grpc, Hibernate, or annotated with a custom '@Generated' annotation
13:03:29.142 [INFO]   [Creating]         [33/131]     (as long as the custom annotation has 'RUNTIME' or 'CLASS' retention).
13:03:29.142 [INFO]   [Creating]         [33/131]     Diffblue Cover considers these methods as not directly callable.
13:03:29.145 [INFO]   [Creating]         [34/131] uk.gov.gchq.palisade.resource.AbstractLeafResource.setSerialisedFormat
13:03:29.145 [INFO]   [Creating]         [34/131]   T024: Generated method
13:03:29.145 [INFO]   [Creating]         [34/131]     Indicates that the method is generated by some framework or tool and should not
13:03:29.145 [INFO]   [Creating]         [34/131]     be tested explicitly. The expectation is that the generator itself should be
13:03:29.145 [INFO]   [Creating]         [34/131]     tested and not each piece of code it produces.
13:03:29.145 [INFO]   [Creating]         [34/131]     Currently, this includes methods identified generated by Lombok, Protobuf,
13:03:29.145 [INFO]   [Creating]         [34/131]     Grpc, Hibernate, or annotated with a custom '@Generated' annotation
13:03:29.145 [INFO]   [Creating]         [34/131]     (as long as the custom annotation has 'RUNTIME' or 'CLASS' retention).
13:03:29.145 [INFO]   [Creating]         [34/131]     Diffblue Cover considers these methods as not directly callable.
13:03:29.148 [INFO]   [Creating]         [35/131] uk.gov.gchq.palisade.resource.AbstractLeafResource.setType
13:03:29.148 [INFO]   [Creating]         [35/131]   T024: Generated method
13:03:29.148 [INFO]   [Creating]         [35/131]     Indicates that the method is generated by some framework or tool and should not
13:03:29.148 [INFO]   [Creating]         [35/131]     be tested explicitly. The expectation is that the generator itself should be
13:03:29.148 [INFO]   [Creating]         [35/131]     tested and not each piece of code it produces.
13:03:29.148 [INFO]   [Creating]         [35/131]     Currently, this includes methods identified generated by Lombok, Protobuf,
13:03:29.148 [INFO]   [Creating]         [35/131]     Grpc, Hibernate, or annotated with a custom '@Generated' annotation
13:03:29.148 [INFO]   [Creating]         [35/131]     (as long as the custom annotation has 'RUNTIME' or 'CLASS' retention).
13:03:29.148 [INFO]   [Creating]         [35/131]     Diffblue Cover considers these methods as not directly callable.
13:03:29.152 [INFO]   [Creating]         [36/131] uk.gov.gchq.palisade.resource.AbstractLeafResource.toString
13:03:29.152 [INFO]   [Creating]         [36/131]   T024: Generated method
13:03:29.152 [INFO]   [Creating]         [36/131]     Indicates that the method is generated by some framework or tool and should not
13:03:29.152 [INFO]   [Creating]         [36/131]     be tested explicitly. The expectation is that the generator itself should be
13:03:29.152 [INFO]   [Creating]         [36/131]     tested and not each piece of code it produces.
13:03:29.152 [INFO]   [Creating]         [36/131]     Currently, this includes methods identified generated by Lombok, Protobuf,
13:03:29.152 [INFO]   [Creating]         [36/131]     Grpc, Hibernate, or annotated with a custom '@Generated' annotation
13:03:29.152 [INFO]   [Creating]         [36/131]     (as long as the custom annotation has 'RUNTIME' or 'CLASS' retention).
13:03:29.152 [INFO]   [Creating]         [36/131]     Diffblue Cover considers these methods as not directly callable.
13:03:29.155 [INFO]   [Creating]         [37/131] uk.gov.gchq.palisade.resource.AbstractLeafResource.type
13:03:29.156 [INFO]   [Creating]         [37/131]   T024: Generated method
13:03:29.156 [INFO]   [Creating]         [37/131]     Indicates that the method is generated by some framework or tool and should not
13:03:29.156 [INFO]   [Creating]         [37/131]     be tested explicitly. The expectation is that the generator itself should be
13:03:29.156 [INFO]   [Creating]         [37/131]     tested and not each piece of code it produces.
13:03:29.156 [INFO]   [Creating]         [37/131]     Currently, this includes methods identified generated by Lombok, Protobuf,
13:03:29.156 [INFO]   [Creating]         [37/131]     Grpc, Hibernate, or annotated with a custom '@Generated' annotation
13:03:29.156 [INFO]   [Creating]         [37/131]     (as long as the custom annotation has 'RUNTIME' or 'CLASS' retention).
13:03:29.156 [INFO]   [Creating]         [37/131]     Diffblue Cover considers these methods as not directly callable.
13:03:29.156 [INFO]   [Creating]     [3/25] uk.gov.gchq.palisade.resource.AbstractLeafResource
13:03:29.156 [INFO]   [Creating]     [3/25]   Tests created: 0
13:03:29.156 [INFO]   [Creating]    No testable methods
13:03:29.156 [INFO]   [Creating]    
================================================================================
= Starting analysis for class 'uk.gov.gchq.palisade.resource.AbstractResource'
================================================================================
13:03:29.156 [INFO]   [Creating]    Filtering out non-testable methods...
13:03:30.906 [INFO]   [Creating]         [38/131] uk.gov.gchq.palisade.resource.AbstractResource.equals
13:03:30.906 [INFO]   [Creating]         [38/131]   T024: Generated method
13:03:30.906 [INFO]   [Creating]         [38/131]     Indicates that the method is generated by some framework or tool and should not
13:03:30.906 [INFO]   [Creating]         [38/131]     be tested explicitly. The expectation is that the generator itself should be
13:03:30.906 [INFO]   [Creating]         [38/131]     tested and not each piece of code it produces.
13:03:30.906 [INFO]   [Creating]         [38/131]     Currently, this includes methods identified generated by Lombok, Protobuf,
13:03:30.906 [INFO]   [Creating]         [38/131]     Grpc, Hibernate, or annotated with a custom '@Generated' annotation
13:03:30.906 [INFO]   [Creating]         [38/131]     (as long as the custom annotation has 'RUNTIME' or 'CLASS' retention).
13:03:30.906 [INFO]   [Creating]         [38/131]     Diffblue Cover considers these methods as not directly callable.
13:03:30.907 [INFO]   [Creating]         [39/131] uk.gov.gchq.palisade.resource.AbstractResource.getId
13:03:30.907 [INFO]   [Creating]         [39/131]   T024: Generated method
13:03:30.907 [INFO]   [Creating]         [39/131]     Indicates that the method is generated by some framework or tool and should not
13:03:30.907 [INFO]   [Creating]         [39/131]     be tested explicitly. The expectation is that the generator itself should be
13:03:30.907 [INFO]   [Creating]         [39/131]     tested and not each piece of code it produces.
13:03:30.907 [INFO]   [Creating]         [39/131]     Currently, this includes methods identified generated by Lombok, Protobuf,
13:03:30.907 [INFO]   [Creating]         [39/131]     Grpc, Hibernate, or annotated with a custom '@Generated' annotation
13:03:30.907 [INFO]   [Creating]         [39/131]     (as long as the custom annotation has 'RUNTIME' or 'CLASS' retention).
13:03:30.907 [INFO]   [Creating]         [39/131]     Diffblue Cover considers these methods as not directly callable.
13:03:30.909 [INFO]   [Creating]         [40/131] uk.gov.gchq.palisade.resource.AbstractResource.hashCode
13:03:30.909 [INFO]   [Creating]         [40/131]   T024: Generated method
13:03:30.909 [INFO]   [Creating]         [40/131]     Indicates that the method is generated by some framework or tool and should not
13:03:30.909 [INFO]   [Creating]         [40/131]     be tested explicitly. The expectation is that the generator itself should be
13:03:30.909 [INFO]   [Creating]         [40/131]     tested and not each piece of code it produces.
13:03:30.909 [INFO]   [Creating]         [40/131]     Currently, this includes methods identified generated by Lombok, Protobuf,
13:03:30.909 [INFO]   [Creating]         [40/131]     Grpc, Hibernate, or annotated with a custom '@Generated' annotation
13:03:30.909 [INFO]   [Creating]         [40/131]     (as long as the custom annotation has 'RUNTIME' or 'CLASS' retention).
13:03:30.909 [INFO]   [Creating]         [40/131]     Diffblue Cover considers these methods as not directly callable.
13:03:30.910 [INFO]   [Creating]         [41/131] uk.gov.gchq.palisade.resource.AbstractResource.id
13:03:30.910 [INFO]   [Creating]         [41/131]   T024: Generated method
13:03:30.910 [INFO]   [Creating]         [41/131]     Indicates that the method is generated by some framework or tool and should not
13:03:30.910 [INFO]   [Creating]         [41/131]     be tested explicitly. The expectation is that the generator itself should be
13:03:30.910 [INFO]   [Creating]         [41/131]     tested and not each piece of code it produces.
13:03:30.910 [INFO]   [Creating]         [41/131]     Currently, this includes methods identified generated by Lombok, Protobuf,
13:03:30.910 [INFO]   [Creating]         [41/131]     Grpc, Hibernate, or annotated with a custom '@Generated' annotation
13:03:30.910 [INFO]   [Creating]         [41/131]     (as long as the custom annotation has 'RUNTIME' or 'CLASS' retention).
13:03:30.910 [INFO]   [Creating]         [41/131]     Diffblue Cover considers these methods as not directly callable.
13:03:30.912 [INFO]   [Creating]         [42/131] uk.gov.gchq.palisade.resource.AbstractResource.setId
13:03:30.912 [INFO]   [Creating]         [42/131]   T024: Generated method
13:03:30.912 [INFO]   [Creating]         [42/131]     Indicates that the method is generated by some framework or tool and should not
13:03:30.912 [INFO]   [Creating]         [42/131]     be tested explicitly. The expectation is that the generator itself should be
13:03:30.912 [INFO]   [Creating]         [42/131]     tested and not each piece of code it produces.
13:03:30.912 [INFO]   [Creating]         [42/131]     Currently, this includes methods identified generated by Lombok, Protobuf,
13:03:30.912 [INFO]   [Creating]         [42/131]     Grpc, Hibernate, or annotated with a custom '@Generated' annotation
13:03:30.912 [INFO]   [Creating]         [42/131]     (as long as the custom annotation has 'RUNTIME' or 'CLASS' retention).
13:03:30.912 [INFO]   [Creating]         [42/131]     Diffblue Cover considers these methods as not directly callable.
13:03:30.913 [INFO]   [Creating]         [43/131] uk.gov.gchq.palisade.resource.AbstractResource.toString
13:03:30.913 [INFO]   [Creating]         [43/131]   T024: Generated method
13:03:30.913 [INFO]   [Creating]         [43/131]     Indicates that the method is generated by some framework or tool and should not
13:03:30.914 [INFO]   [Creating]         [43/131]     be tested explicitly. The expectation is that the generator itself should be
13:03:30.914 [INFO]   [Creating]         [43/131]     tested and not each piece of code it produces.
13:03:30.914 [INFO]   [Creating]         [43/131]     Currently, this includes methods identified generated by Lombok, Protobuf,
13:03:30.914 [INFO]   [Creating]         [43/131]     Grpc, Hibernate, or annotated with a custom '@Generated' annotation
13:03:30.914 [INFO]   [Creating]         [43/131]     (as long as the custom annotation has 'RUNTIME' or 'CLASS' retention).
13:03:30.914 [INFO]   [Creating]         [43/131]     Diffblue Cover considers these methods as not directly callable.
13:03:30.915 [INFO]   [Creating]    Filtering of methods complete. Creating analysis request
13:03:30.915 [INFO]   [Creating]    Attempting to get service client, retry 1.
13:03:31.976 [INFO]   [Creating]         [44/131] uk.gov.gchq.palisade.resource.AbstractResource.compareTo
13:03:31.977 [INFO]   [Creating]         [44/131]   Tests created: 1
13:03:31.979 [INFO]   [Creating]     [4/25] uk.gov.gchq.palisade.resource.AbstractResource
13:03:31.979 [INFO]   [Creating]     [4/25]   Tests created: 1
13:03:31.980 [INFO]   [Creating]    
================================================================================
= Starting analysis for class 'uk.gov.gchq.palisade.resource.impl.DirectoryResource'
================================================================================
13:03:31.980 [INFO]   [Creating]    Filtering out non-testable methods...
13:03:31.983 [INFO]   [Creating]    Filtering of methods complete. Creating analysis request
13:03:31.983 [INFO]   [Creating]    Attempting to get service client, retry 1.
13:03:32.693 [INFO]   [Creating]         [45/131] uk.gov.gchq.palisade.resource.impl.DirectoryResource.<init>
13:03:32.693 [INFO]   [Creating]         [45/131]   Tests created: 1
13:03:33.145 [INFO]   [Creating]         [46/131] uk.gov.gchq.palisade.resource.impl.DirectoryResource.getParent
13:03:33.145 [INFO]   [Creating]         [46/131]   Tests created: 1
13:03:33.294 [INFO]   [Creating]         [47/131] uk.gov.gchq.palisade.resource.impl.DirectoryResource.id
13:03:33.294 [INFO]   [Creating]         [47/131]   Tests created: 2
13:03:33.298 [INFO]   [Creating]     [5/25] uk.gov.gchq.palisade.resource.impl.DirectoryResource
13:03:33.298 [INFO]   [Creating]     [5/25]   Tests created: 4
13:03:33.299 [INFO]   [Creating]    
================================================================================
= Starting analysis for class 'uk.gov.gchq.palisade.resource.impl.FileResource'
================================================================================
13:03:33.299 [INFO]   [Creating]    Filtering out non-testable methods...
13:03:33.308 [INFO]   [Creating]    Filtering of methods complete. Creating analysis request
13:03:33.308 [INFO]   [Creating]    Attempting to get service client, retry 1.
13:03:33.902 [INFO]   [Creating]         [48/131] uk.gov.gchq.palisade.resource.impl.FileResource.<init>
13:03:33.902 [INFO]   [Creating]         [48/131]   Tests created: 1
13:03:34.548 [INFO]   [Creating]         [49/131] uk.gov.gchq.palisade.resource.impl.FileResource.attribute
13:03:34.548 [INFO]   [Creating]         [49/131]   Tests created: 1
13:03:35.059 [INFO]   [Creating]         [50/131] uk.gov.gchq.palisade.resource.impl.FileResource.attributes
13:03:35.059 [INFO]   [Creating]         [50/131]   Tests created: 1
13:03:36.234 [INFO]   [Creating]         [51/131] uk.gov.gchq.palisade.resource.impl.FileResource.connectionDetail
13:03:36.234 [INFO]   [Creating]         [51/131]   Tests created: 1
13:03:36.710 [INFO]   [Creating]         [52/131] uk.gov.gchq.palisade.resource.impl.FileResource.getParent
13:03:36.710 [INFO]   [Creating]         [52/131]   Tests created: 1
13:03:37.196 [INFO]   [Creating]         [53/131] uk.gov.gchq.palisade.resource.impl.FileResource.id
13:03:37.196 [INFO]   [Creating]         [53/131]   Tests created: 1
13:03:37.655 [INFO]   [Creating]         [54/131] uk.gov.gchq.palisade.resource.impl.FileResource.serialisedFormat
13:03:37.655 [INFO]   [Creating]         [54/131]   Tests created: 1
13:03:37.728 [INFO]   [Creating]         [55/131] uk.gov.gchq.palisade.resource.impl.FileResource.type
13:03:37.728 [INFO]   [Creating]         [55/131]   Tests created: 1
13:03:37.730 [INFO]   [Creating]     [6/25] uk.gov.gchq.palisade.resource.impl.FileResource
13:03:37.731 [INFO]   [Creating]     [6/25]   Tests created: 8
13:03:37.732 [INFO]   [Creating]    
================================================================================
= Starting analysis for class 'uk.gov.gchq.palisade.resource.impl.SimpleConnectionDetail'
================================================================================
13:03:37.732 [INFO]   [Creating]    Filtering out non-testable methods...
13:03:37.735 [INFO]   [Creating]         [56/131] uk.gov.gchq.palisade.resource.impl.SimpleConnectionDetail.createConnection
13:03:37.735 [INFO]   [Creating]         [56/131]   T024: Generated method
13:03:37.735 [INFO]   [Creating]         [56/131]     Indicates that the method is generated by some framework or tool and should not
13:03:37.735 [INFO]   [Creating]         [56/131]     be tested explicitly. The expectation is that the generator itself should be
13:03:37.735 [INFO]   [Creating]         [56/131]     tested and not each piece of code it produces.
13:03:37.735 [INFO]   [Creating]         [56/131]     Currently, this includes methods identified generated by Lombok, Protobuf,
13:03:37.735 [INFO]   [Creating]         [56/131]     Grpc, Hibernate, or annotated with a custom '@Generated' annotation
13:03:37.735 [INFO]   [Creating]         [56/131]     (as long as the custom annotation has 'RUNTIME' or 'CLASS' retention).
13:03:37.735 [INFO]   [Creating]         [56/131]     Diffblue Cover considers these methods as not directly callable.
13:03:37.737 [INFO]   [Creating]         [57/131] uk.gov.gchq.palisade.resource.impl.SimpleConnectionDetail.equals
13:03:37.737 [INFO]   [Creating]         [57/131]   T024: Generated method
13:03:37.737 [INFO]   [Creating]         [57/131]     Indicates that the method is generated by some framework or tool and should not
13:03:37.737 [INFO]   [Creating]         [57/131]     be tested explicitly. The expectation is that the generator itself should be
13:03:37.737 [INFO]   [Creating]         [57/131]     tested and not each piece of code it produces.
13:03:37.737 [INFO]   [Creating]         [57/131]     Currently, this includes methods identified generated by Lombok, Protobuf,
13:03:37.737 [INFO]   [Creating]         [57/131]     Grpc, Hibernate, or annotated with a custom '@Generated' annotation
13:03:37.737 [INFO]   [Creating]         [57/131]     (as long as the custom annotation has 'RUNTIME' or 'CLASS' retention).
13:03:37.737 [INFO]   [Creating]         [57/131]     Diffblue Cover considers these methods as not directly callable.
13:03:37.738 [INFO]   [Creating]         [58/131] uk.gov.gchq.palisade.resource.impl.SimpleConnectionDetail.getServiceName
13:03:37.739 [INFO]   [Creating]         [58/131]   T024: Generated method
13:03:37.739 [INFO]   [Creating]         [58/131]     Indicates that the method is generated by some framework or tool and should not
13:03:37.739 [INFO]   [Creating]         [58/131]     be tested explicitly. The expectation is that the generator itself should be
13:03:37.739 [INFO]   [Creating]         [58/131]     tested and not each piece of code it produces.
13:03:37.739 [INFO]   [Creating]         [58/131]     Currently, this includes methods identified generated by Lombok, Protobuf,
13:03:37.739 [INFO]   [Creating]         [58/131]     Grpc, Hibernate, or annotated with a custom '@Generated' annotation
13:03:37.739 [INFO]   [Creating]         [58/131]     (as long as the custom annotation has 'RUNTIME' or 'CLASS' retention).
13:03:37.739 [INFO]   [Creating]         [58/131]     Diffblue Cover considers these methods as not directly callable.
13:03:37.740 [INFO]   [Creating]         [59/131] uk.gov.gchq.palisade.resource.impl.SimpleConnectionDetail.hashCode
13:03:37.740 [INFO]   [Creating]         [59/131]   T024: Generated method
13:03:37.740 [INFO]   [Creating]         [59/131]     Indicates that the method is generated by some framework or tool and should not
13:03:37.740 [INFO]   [Creating]         [59/131]     be tested explicitly. The expectation is that the generator itself should be
13:03:37.740 [INFO]   [Creating]         [59/131]     tested and not each piece of code it produces.
13:03:37.740 [INFO]   [Creating]         [59/131]     Currently, this includes methods identified generated by Lombok, Protobuf,
13:03:37.740 [INFO]   [Creating]         [59/131]     Grpc, Hibernate, or annotated with a custom '@Generated' annotation
13:03:37.740 [INFO]   [Creating]         [59/131]     (as long as the custom annotation has 'RUNTIME' or 'CLASS' retention).
13:03:37.740 [INFO]   [Creating]         [59/131]     Diffblue Cover considers these methods as not directly callable.
13:03:37.741 [INFO]   [Creating]         [60/131] uk.gov.gchq.palisade.resource.impl.SimpleConnectionDetail.serviceName
13:03:37.741 [INFO]   [Creating]         [60/131]   T024: Generated method
13:03:37.741 [INFO]   [Creating]         [60/131]     Indicates that the method is generated by some framework or tool and should not
13:03:37.741 [INFO]   [Creating]         [60/131]     be tested explicitly. The expectation is that the generator itself should be
13:03:37.741 [INFO]   [Creating]         [60/131]     tested and not each piece of code it produces.
13:03:37.741 [INFO]   [Creating]         [60/131]     Currently, this includes methods identified generated by Lombok, Protobuf,
13:03:37.741 [INFO]   [Creating]         [60/131]     Grpc, Hibernate, or annotated with a custom '@Generated' annotation
13:03:37.741 [INFO]   [Creating]         [60/131]     (as long as the custom annotation has 'RUNTIME' or 'CLASS' retention).
13:03:37.741 [INFO]   [Creating]         [60/131]     Diffblue Cover considers these methods as not directly callable.
13:03:37.743 [INFO]   [Creating]         [61/131] uk.gov.gchq.palisade.resource.impl.SimpleConnectionDetail.setServiceName
13:03:37.743 [INFO]   [Creating]         [61/131]   T024: Generated method
13:03:37.743 [INFO]   [Creating]         [61/131]     Indicates that the method is generated by some framework or tool and should not
13:03:37.743 [INFO]   [Creating]         [61/131]     be tested explicitly. The expectation is that the generator itself should be
13:03:37.743 [INFO]   [Creating]         [61/131]     tested and not each piece of code it produces.
13:03:37.743 [INFO]   [Creating]         [61/131]     Currently, this includes methods identified generated by Lombok, Protobuf,
13:03:37.743 [INFO]   [Creating]         [61/131]     Grpc, Hibernate, or annotated with a custom '@Generated' annotation
13:03:37.743 [INFO]   [Creating]         [61/131]     (as long as the custom annotation has 'RUNTIME' or 'CLASS' retention).
13:03:37.743 [INFO]   [Creating]         [61/131]     Diffblue Cover considers these methods as not directly callable.
13:03:37.745 [INFO]   [Creating]         [62/131] uk.gov.gchq.palisade.resource.impl.SimpleConnectionDetail.toString
13:03:37.745 [INFO]   [Creating]         [62/131]   T024: Generated method
13:03:37.745 [INFO]   [Creating]         [62/131]     Indicates that the method is generated by some framework or tool and should not
13:03:37.745 [INFO]   [Creating]         [62/131]     be tested explicitly. The expectation is that the generator itself should be
13:03:37.745 [INFO]   [Creating]         [62/131]     tested and not each piece of code it produces.
13:03:37.745 [INFO]   [Creating]         [62/131]     Currently, this includes methods identified generated by Lombok, Protobuf,
13:03:37.745 [INFO]   [Creating]         [62/131]     Grpc, Hibernate, or annotated with a custom '@Generated' annotation
13:03:37.745 [INFO]   [Creating]         [62/131]     (as long as the custom annotation has 'RUNTIME' or 'CLASS' retention).
13:03:37.745 [INFO]   [Creating]         [62/131]     Diffblue Cover considers these methods as not directly callable.
13:03:37.746 [INFO]   [Creating]    Filtering of methods complete. Creating analysis request
13:03:37.746 [INFO]   [Creating]    Attempting to get service client, retry 1.
13:03:37.869 [INFO]   [Creating]         [63/131] uk.gov.gchq.palisade.resource.impl.SimpleConnectionDetail.<init>
13:03:37.869 [INFO]   [Creating]         [63/131]   Tests created: 1
13:03:37.871 [INFO]   [Creating]     [7/25] uk.gov.gchq.palisade.resource.impl.SimpleConnectionDetail
13:03:37.871 [INFO]   [Creating]     [7/25]   Tests created: 1
13:03:37.873 [INFO]   [Creating]    
================================================================================
= Starting analysis for class 'uk.gov.gchq.palisade.resource.impl.SystemResource'
================================================================================
13:03:37.873 [INFO]   [Creating]    Filtering out non-testable methods...
13:03:37.875 [INFO]   [Creating]    Filtering of methods complete. Creating analysis request
13:03:37.875 [INFO]   [Creating]    Attempting to get service client, retry 1.
13:03:38.294 [INFO]   [Creating]         [64/131] uk.gov.gchq.palisade.resource.impl.SystemResource.<init>
13:03:38.294 [INFO]   [Creating]         [64/131]   Tests created: 1
13:03:38.421 [INFO]   [Creating]         [65/131] uk.gov.gchq.palisade.resource.impl.SystemResource.id
13:03:38.421 [INFO]   [Creating]         [65/131]   Tests created: 2
13:03:38.423 [INFO]   [Creating]     [8/25] uk.gov.gchq.palisade.resource.impl.SystemResource
13:03:38.423 [INFO]   [Creating]     [8/25]   Tests created: 3
13:03:38.424 [INFO]   [Creating]    
================================================================================
= Starting analysis for class 'uk.gov.gchq.palisade.rule.Rule'
================================================================================
13:03:38.424 [INFO]   [Creating]    Filtering out non-testable methods...
13:03:38.426 [INFO]   [Creating]         [66/131] uk.gov.gchq.palisade.rule.Rule.isApplicable
13:03:38.426 [INFO]   [Creating]         [66/131]   T009: No implementation for abstract class
13:03:38.426 [INFO]   [Creating]         [66/131]     The method is a non-abstract instance method in an abstract class or
13:03:38.426 [INFO]   [Creating]         [66/131]     a default method in an interface. Diffblue Cover would test such methods
13:03:38.426 [INFO]   [Creating]         [66/131]     by using an implementation of that abstract class or interface. However,
13:03:38.426 [INFO]   [Creating]         [66/131]     no such implementation has been found.
13:03:38.426 [INFO]   [Creating]         [66/131]     Please provide an implementation for the abstract class or interface.
13:03:38.426 [INFO]   [Creating]         [66/131]     See https://diff.blue/T009 to resolve this issue.
13:03:38.426 [INFO]   [Creating]     [9/25] uk.gov.gchq.palisade.rule.Rule
13:03:38.426 [INFO]   [Creating]     [9/25]   Tests created: 0
13:03:38.426 [INFO]   [Creating]    No testable methods
13:03:38.426 [INFO]   [Creating]    
================================================================================
= Starting analysis for class 'uk.gov.gchq.palisade.rule.Rules'
================================================================================
13:03:38.426 [INFO]   [Creating]    Filtering out non-testable methods...
13:03:38.429 [INFO]   [Creating]         [67/131] uk.gov.gchq.palisade.rule.Rules.addRule
13:03:38.429 [INFO]   [Creating]         [67/131]   T024: Generated method
13:03:38.429 [INFO]   [Creating]         [67/131]     Indicates that the method is generated by some framework or tool and should not
13:03:38.429 [INFO]   [Creating]         [67/131]     be tested explicitly. The expectation is that the generator itself should be
13:03:38.429 [INFO]   [Creating]         [67/131]     tested and not each piece of code it produces.
13:03:38.429 [INFO]   [Creating]         [67/131]     Currently, this includes methods identified generated by Lombok, Protobuf,
13:03:38.429 [INFO]   [Creating]         [67/131]     Grpc, Hibernate, or annotated with a custom '@Generated' annotation
13:03:38.429 [INFO]   [Creating]         [67/131]     (as long as the custom annotation has 'RUNTIME' or 'CLASS' retention).
13:03:38.429 [INFO]   [Creating]         [67/131]     Diffblue Cover considers these methods as not directly callable.
13:03:38.430 [INFO]   [Creating]         [68/131] uk.gov.gchq.palisade.rule.Rules.addRules
13:03:38.430 [INFO]   [Creating]         [68/131]   T024: Generated method
13:03:38.430 [INFO]   [Creating]         [68/131]     Indicates that the method is generated by some framework or tool and should not
13:03:38.430 [INFO]   [Creating]         [68/131]     be tested explicitly. The expectation is that the generator itself should be
13:03:38.430 [INFO]   [Creating]         [68/131]     tested and not each piece of code it produces.
13:03:38.430 [INFO]   [Creating]         [68/131]     Currently, this includes methods identified generated by Lombok, Protobuf,
13:03:38.430 [INFO]   [Creating]         [68/131]     Grpc, Hibernate, or annotated with a custom '@Generated' annotation
13:03:38.430 [INFO]   [Creating]         [68/131]     (as long as the custom annotation has 'RUNTIME' or 'CLASS' retention).
13:03:38.430 [INFO]   [Creating]         [68/131]     Diffblue Cover considers these methods as not directly callable.
13:03:38.432 [INFO]   [Creating]         [69/131] uk.gov.gchq.palisade.rule.Rules.getMessage
13:03:38.433 [INFO]   [Creating]         [69/131]   T024: Generated method
13:03:38.433 [INFO]   [Creating]         [69/131]     Indicates that the method is generated by some framework or tool and should not
13:03:38.433 [INFO]   [Creating]         [69/131]     be tested explicitly. The expectation is that the generator itself should be
13:03:38.433 [INFO]   [Creating]         [69/131]     tested and not each piece of code it produces.
13:03:38.433 [INFO]   [Creating]         [69/131]     Currently, this includes methods identified generated by Lombok, Protobuf,
13:03:38.433 [INFO]   [Creating]         [69/131]     Grpc, Hibernate, or annotated with a custom '@Generated' annotation
13:03:38.433 [INFO]   [Creating]         [69/131]     (as long as the custom annotation has 'RUNTIME' or 'CLASS' retention).
13:03:38.433 [INFO]   [Creating]         [69/131]     Diffblue Cover considers these methods as not directly callable.
13:03:38.434 [INFO]   [Creating]         [70/131] uk.gov.gchq.palisade.rule.Rules.getRules
13:03:38.434 [INFO]   [Creating]         [70/131]   T024: Generated method
13:03:38.434 [INFO]   [Creating]         [70/131]     Indicates that the method is generated by some framework or tool and should not
13:03:38.434 [INFO]   [Creating]         [70/131]     be tested explicitly. The expectation is that the generator itself should be
13:03:38.434 [INFO]   [Creating]         [70/131]     tested and not each piece of code it produces.
13:03:38.434 [INFO]   [Creating]         [70/131]     Currently, this includes methods identified generated by Lombok, Protobuf,
13:03:38.434 [INFO]   [Creating]         [70/131]     Grpc, Hibernate, or annotated with a custom '@Generated' annotation
13:03:38.434 [INFO]   [Creating]         [70/131]     (as long as the custom annotation has 'RUNTIME' or 'CLASS' retention).
13:03:38.434 [INFO]   [Creating]         [70/131]     Diffblue Cover considers these methods as not directly callable.
13:03:38.435 [INFO]   [Creating]         [71/131] uk.gov.gchq.palisade.rule.Rules.hashCode
13:03:38.435 [INFO]   [Creating]         [71/131]   T024: Generated method
13:03:38.435 [INFO]   [Creating]         [71/131]     Indicates that the method is generated by some framework or tool and should not
13:03:38.435 [INFO]   [Creating]         [71/131]     be tested explicitly. The expectation is that the generator itself should be
13:03:38.435 [INFO]   [Creating]         [71/131]     tested and not each piece of code it produces.
13:03:38.435 [INFO]   [Creating]         [71/131]     Currently, this includes methods identified generated by Lombok, Protobuf,
13:03:38.435 [INFO]   [Creating]         [71/131]     Grpc, Hibernate, or annotated with a custom '@Generated' annotation
13:03:38.435 [INFO]   [Creating]         [71/131]     (as long as the custom annotation has 'RUNTIME' or 'CLASS' retention).
13:03:38.435 [INFO]   [Creating]         [71/131]     Diffblue Cover considers these methods as not directly callable.
13:03:38.437 [INFO]   [Creating]         [72/131] uk.gov.gchq.palisade.rule.Rules.message
13:03:38.437 [INFO]   [Creating]         [72/131]   T024: Generated method
13:03:38.437 [INFO]   [Creating]         [72/131]     Indicates that the method is generated by some framework or tool and should not
13:03:38.437 [INFO]   [Creating]         [72/131]     be tested explicitly. The expectation is that the generator itself should be
13:03:38.437 [INFO]   [Creating]         [72/131]     tested and not each piece of code it produces.
13:03:38.437 [INFO]   [Creating]         [72/131]     Currently, this includes methods identified generated by Lombok, Protobuf,
13:03:38.437 [INFO]   [Creating]         [72/131]     Grpc, Hibernate, or annotated with a custom '@Generated' annotation
13:03:38.437 [INFO]   [Creating]         [72/131]     (as long as the custom annotation has 'RUNTIME' or 'CLASS' retention).
13:03:38.437 [INFO]   [Creating]         [72/131]     Diffblue Cover considers these methods as not directly callable.
13:03:38.438 [INFO]   [Creating]         [73/131] uk.gov.gchq.palisade.rule.Rules.rules
13:03:38.439 [INFO]   [Creating]         [73/131]   T024: Generated method
13:03:38.439 [INFO]   [Creating]         [73/131]     Indicates that the method is generated by some framework or tool and should not
13:03:38.439 [INFO]   [Creating]         [73/131]     be tested explicitly. The expectation is that the generator itself should be
13:03:38.439 [INFO]   [Creating]         [73/131]     tested and not each piece of code it produces.
13:03:38.439 [INFO]   [Creating]         [73/131]     Currently, this includes methods identified generated by Lombok, Protobuf,
13:03:38.439 [INFO]   [Creating]         [73/131]     Grpc, Hibernate, or annotated with a custom '@Generated' annotation
13:03:38.439 [INFO]   [Creating]         [73/131]     (as long as the custom annotation has 'RUNTIME' or 'CLASS' retention).
13:03:38.439 [INFO]   [Creating]         [73/131]     Diffblue Cover considers these methods as not directly callable.
13:03:38.441 [INFO]   [Creating]         [74/131] uk.gov.gchq.palisade.rule.Rules.setMessage
13:03:38.441 [INFO]   [Creating]         [74/131]   T024: Generated method
13:03:38.441 [INFO]   [Creating]         [74/131]     Indicates that the method is generated by some framework or tool and should not
13:03:38.441 [INFO]   [Creating]         [74/131]     be tested explicitly. The expectation is that the generator itself should be
13:03:38.441 [INFO]   [Creating]         [74/131]     tested and not each piece of code it produces.
13:03:38.441 [INFO]   [Creating]         [74/131]     Currently, this includes methods identified generated by Lombok, Protobuf,
13:03:38.441 [INFO]   [Creating]         [74/131]     Grpc, Hibernate, or annotated with a custom '@Generated' annotation
13:03:38.441 [INFO]   [Creating]         [74/131]     (as long as the custom annotation has 'RUNTIME' or 'CLASS' retention).
13:03:38.441 [INFO]   [Creating]         [74/131]     Diffblue Cover considers these methods as not directly callable.
13:03:38.442 [INFO]   [Creating]         [75/131] uk.gov.gchq.palisade.rule.Rules.setRules
13:03:38.442 [INFO]   [Creating]         [75/131]   T024: Generated method
13:03:38.442 [INFO]   [Creating]         [75/131]     Indicates that the method is generated by some framework or tool and should not
13:03:38.442 [INFO]   [Creating]         [75/131]     be tested explicitly. The expectation is that the generator itself should be
13:03:38.442 [INFO]   [Creating]         [75/131]     tested and not each piece of code it produces.
13:03:38.442 [INFO]   [Creating]         [75/131]     Currently, this includes methods identified generated by Lombok, Protobuf,
13:03:38.442 [INFO]   [Creating]         [75/131]     Grpc, Hibernate, or annotated with a custom '@Generated' annotation
13:03:38.442 [INFO]   [Creating]         [75/131]     (as long as the custom annotation has 'RUNTIME' or 'CLASS' retention).
13:03:38.442 [INFO]   [Creating]         [75/131]     Diffblue Cover considers these methods as not directly callable.
13:03:38.443 [INFO]   [Creating]         [76/131] uk.gov.gchq.palisade.rule.Rules.toString
13:03:38.443 [INFO]   [Creating]         [76/131]   T024: Generated method
13:03:38.443 [INFO]   [Creating]         [76/131]     Indicates that the method is generated by some framework or tool and should not
13:03:38.443 [INFO]   [Creating]         [76/131]     be tested explicitly. The expectation is that the generator itself should be
13:03:38.443 [INFO]   [Creating]         [76/131]     tested and not each piece of code it produces.
13:03:38.444 [INFO]   [Creating]         [76/131]     Currently, this includes methods identified generated by Lombok, Protobuf,
13:03:38.444 [INFO]   [Creating]         [76/131]     Grpc, Hibernate, or annotated with a custom '@Generated' annotation
13:03:38.444 [INFO]   [Creating]         [76/131]     (as long as the custom annotation has 'RUNTIME' or 'CLASS' retention).
13:03:38.444 [INFO]   [Creating]         [76/131]     Diffblue Cover considers these methods as not directly callable.
13:03:38.444 [INFO]   [Creating]    Filtering of methods complete. Creating analysis request
13:03:38.444 [INFO]   [Creating]    Attempting to get service client, retry 1.
13:03:44.986 [INFO]   [Creating]         [77/131] uk.gov.gchq.palisade.rule.Rules.<init>
13:03:44.986 [INFO]   [Creating]         [77/131]   Tests created: 1
13:03:46.057 [INFO]   [Creating]         [78/131] uk.gov.gchq.palisade.rule.Rules.equals
13:03:46.057 [INFO]   [Creating]         [78/131]   Tests created: 8
13:03:46.205 [INFO]   [Creating]         [79/131] uk.gov.gchq.palisade.rule.Rules.containsRules
13:03:46.205 [INFO]   [Creating]         [79/131]   Tests created: 2
13:03:46.207 [INFO]   [Creating]    [10/25] uk.gov.gchq.palisade.rule.Rules
13:03:46.207 [INFO]   [Creating]    [10/25]   Tests created: 11
13:03:46.209 [INFO]   [Creating]    
================================================================================
= Starting analysis for class 'uk.gov.gchq.palisade.user.User'
================================================================================
13:03:46.209 [INFO]   [Creating]    Filtering out non-testable methods...
13:03:46.214 [INFO]   [Creating]         [80/131] uk.gov.gchq.palisade.user.User.addAuths
13:03:46.214 [INFO]   [Creating]         [80/131]   T024: Generated method
13:03:46.214 [INFO]   [Creating]         [80/131]     Indicates that the method is generated by some framework or tool and should not
13:03:46.214 [INFO]   [Creating]         [80/131]     be tested explicitly. The expectation is that the generator itself should be
13:03:46.214 [INFO]   [Creating]         [80/131]     tested and not each piece of code it produces.
13:03:46.214 [INFO]   [Creating]         [80/131]     Currently, this includes methods identified generated by Lombok, Protobuf,
13:03:46.214 [INFO]   [Creating]         [80/131]     Grpc, Hibernate, or annotated with a custom '@Generated' annotation
13:03:46.215 [INFO]   [Creating]         [80/131]     (as long as the custom annotation has 'RUNTIME' or 'CLASS' retention).
13:03:46.215 [INFO]   [Creating]         [80/131]     Diffblue Cover considers these methods as not directly callable.
13:03:46.216 [INFO]   [Creating]         [81/131] uk.gov.gchq.palisade.user.User.addRoles
13:03:46.216 [INFO]   [Creating]         [81/131]   T024: Generated method
13:03:46.216 [INFO]   [Creating]         [81/131]     Indicates that the method is generated by some framework or tool and should not
13:03:46.216 [INFO]   [Creating]         [81/131]     be tested explicitly. The expectation is that the generator itself should be
13:03:46.216 [INFO]   [Creating]         [81/131]     tested and not each piece of code it produces.
13:03:46.216 [INFO]   [Creating]         [81/131]     Currently, this includes methods identified generated by Lombok, Protobuf,
13:03:46.216 [INFO]   [Creating]         [81/131]     Grpc, Hibernate, or annotated with a custom '@Generated' annotation
13:03:46.216 [INFO]   [Creating]         [81/131]     (as long as the custom annotation has 'RUNTIME' or 'CLASS' retention).
13:03:46.216 [INFO]   [Creating]         [81/131]     Diffblue Cover considers these methods as not directly callable.
13:03:46.218 [INFO]   [Creating]         [82/131] uk.gov.gchq.palisade.user.User.auths
13:03:46.218 [INFO]   [Creating]         [82/131]   T024: Generated method
13:03:46.218 [INFO]   [Creating]         [82/131]     Indicates that the method is generated by some framework or tool and should not
13:03:46.218 [INFO]   [Creating]         [82/131]     be tested explicitly. The expectation is that the generator itself should be
13:03:46.218 [INFO]   [Creating]         [82/131]     tested and not each piece of code it produces.
13:03:46.218 [INFO]   [Creating]         [82/131]     Currently, this includes methods identified generated by Lombok, Protobuf,
13:03:46.218 [INFO]   [Creating]         [82/131]     Grpc, Hibernate, or annotated with a custom '@Generated' annotation
13:03:46.218 [INFO]   [Creating]         [82/131]     (as long as the custom annotation has 'RUNTIME' or 'CLASS' retention).
13:03:46.218 [INFO]   [Creating]         [82/131]     Diffblue Cover considers these methods as not directly callable.
13:03:46.219 [INFO]   [Creating]         [83/131] uk.gov.gchq.palisade.user.User.auths
13:03:46.219 [INFO]   [Creating]         [83/131]   T024: Generated method
13:03:46.219 [INFO]   [Creating]         [83/131]     Indicates that the method is generated by some framework or tool and should not
13:03:46.219 [INFO]   [Creating]         [83/131]     be tested explicitly. The expectation is that the generator itself should be
13:03:46.219 [INFO]   [Creating]         [83/131]     tested and not each piece of code it produces.
13:03:46.219 [INFO]   [Creating]         [83/131]     Currently, this includes methods identified generated by Lombok, Protobuf,
13:03:46.219 [INFO]   [Creating]         [83/131]     Grpc, Hibernate, or annotated with a custom '@Generated' annotation
13:03:46.219 [INFO]   [Creating]         [83/131]     (as long as the custom annotation has 'RUNTIME' or 'CLASS' retention).
13:03:46.219 [INFO]   [Creating]         [83/131]     Diffblue Cover considers these methods as not directly callable.
13:03:46.221 [INFO]   [Creating]         [84/131] uk.gov.gchq.palisade.user.User.equals
13:03:46.221 [INFO]   [Creating]         [84/131]   T024: Generated method
13:03:46.221 [INFO]   [Creating]         [84/131]     Indicates that the method is generated by some framework or tool and should not
13:03:46.221 [INFO]   [Creating]         [84/131]     be tested explicitly. The expectation is that the generator itself should be
13:03:46.221 [INFO]   [Creating]         [84/131]     tested and not each piece of code it produces.
13:03:46.221 [INFO]   [Creating]         [84/131]     Currently, this includes methods identified generated by Lombok, Protobuf,
13:03:46.221 [INFO]   [Creating]         [84/131]     Grpc, Hibernate, or annotated with a custom '@Generated' annotation
13:03:46.221 [INFO]   [Creating]         [84/131]     (as long as the custom annotation has 'RUNTIME' or 'CLASS' retention).
13:03:46.221 [INFO]   [Creating]         [84/131]     Diffblue Cover considers these methods as not directly callable.
13:03:46.223 [INFO]   [Creating]         [85/131] uk.gov.gchq.palisade.user.User.getAuths
13:03:46.223 [INFO]   [Creating]         [85/131]   T024: Generated method
13:03:46.223 [INFO]   [Creating]         [85/131]     Indicates that the method is generated by some framework or tool and should not
13:03:46.223 [INFO]   [Creating]         [85/131]     be tested explicitly. The expectation is that the generator itself should be
13:03:46.223 [INFO]   [Creating]         [85/131]     tested and not each piece of code it produces.
13:03:46.223 [INFO]   [Creating]         [85/131]     Currently, this includes methods identified generated by Lombok, Protobuf,
13:03:46.223 [INFO]   [Creating]         [85/131]     Grpc, Hibernate, or annotated with a custom '@Generated' annotation
13:03:46.223 [INFO]   [Creating]         [85/131]     (as long as the custom annotation has 'RUNTIME' or 'CLASS' retention).
13:03:46.223 [INFO]   [Creating]         [85/131]     Diffblue Cover considers these methods as not directly callable.
13:03:46.224 [INFO]   [Creating]         [86/131] uk.gov.gchq.palisade.user.User.getRoles
13:03:46.224 [INFO]   [Creating]         [86/131]   T024: Generated method
13:03:46.224 [INFO]   [Creating]         [86/131]     Indicates that the method is generated by some framework or tool and should not
13:03:46.224 [INFO]   [Creating]         [86/131]     be tested explicitly. The expectation is that the generator itself should be
13:03:46.224 [INFO]   [Creating]         [86/131]     tested and not each piece of code it produces.
13:03:46.224 [INFO]   [Creating]         [86/131]     Currently, this includes methods identified generated by Lombok, Protobuf,
13:03:46.224 [INFO]   [Creating]         [86/131]     Grpc, Hibernate, or annotated with a custom '@Generated' annotation
13:03:46.224 [INFO]   [Creating]         [86/131]     (as long as the custom annotation has 'RUNTIME' or 'CLASS' retention).
13:03:46.224 [INFO]   [Creating]         [86/131]     Diffblue Cover considers these methods as not directly callable.
13:03:46.225 [INFO]   [Creating]         [87/131] uk.gov.gchq.palisade.user.User.getUserId
13:03:46.226 [INFO]   [Creating]         [87/131]   T024: Generated method
13:03:46.226 [INFO]   [Creating]         [87/131]     Indicates that the method is generated by some framework or tool and should not
13:03:46.226 [INFO]   [Creating]         [87/131]     be tested explicitly. The expectation is that the generator itself should be
13:03:46.226 [INFO]   [Creating]         [87/131]     tested and not each piece of code it produces.
13:03:46.226 [INFO]   [Creating]         [87/131]     Currently, this includes methods identified generated by Lombok, Protobuf,
13:03:46.226 [INFO]   [Creating]         [87/131]     Grpc, Hibernate, or annotated with a custom '@Generated' annotation
13:03:46.226 [INFO]   [Creating]         [87/131]     (as long as the custom annotation has 'RUNTIME' or 'CLASS' retention).
13:03:46.226 [INFO]   [Creating]         [87/131]     Diffblue Cover considers these methods as not directly callable.
13:03:46.227 [INFO]   [Creating]         [88/131] uk.gov.gchq.palisade.user.User.hashCode
13:03:46.227 [INFO]   [Creating]         [88/131]   T024: Generated method
13:03:46.227 [INFO]   [Creating]         [88/131]     Indicates that the method is generated by some framework or tool and should not
13:03:46.227 [INFO]   [Creating]         [88/131]     be tested explicitly. The expectation is that the generator itself should be
13:03:46.227 [INFO]   [Creating]         [88/131]     tested and not each piece of code it produces.
13:03:46.227 [INFO]   [Creating]         [88/131]     Currently, this includes methods identified generated by Lombok, Protobuf,
13:03:46.227 [INFO]   [Creating]         [88/131]     Grpc, Hibernate, or annotated with a custom '@Generated' annotation
13:03:46.227 [INFO]   [Creating]         [88/131]     (as long as the custom annotation has 'RUNTIME' or 'CLASS' retention).
13:03:46.227 [INFO]   [Creating]         [88/131]     Diffblue Cover considers these methods as not directly callable.
13:03:46.228 [INFO]   [Creating]         [89/131] uk.gov.gchq.palisade.user.User.roles
13:03:46.228 [INFO]   [Creating]         [89/131]   T024: Generated method
13:03:46.228 [INFO]   [Creating]         [89/131]     Indicates that the method is generated by some framework or tool and should not
13:03:46.228 [INFO]   [Creating]         [89/131]     be tested explicitly. The expectation is that the generator itself should be
13:03:46.228 [INFO]   [Creating]         [89/131]     tested and not each piece of code it produces.
13:03:46.228 [INFO]   [Creating]         [89/131]     Currently, this includes methods identified generated by Lombok, Protobuf,
13:03:46.228 [INFO]   [Creating]         [89/131]     Grpc, Hibernate, or annotated with a custom '@Generated' annotation
13:03:46.228 [INFO]   [Creating]         [89/131]     (as long as the custom annotation has 'RUNTIME' or 'CLASS' retention).
13:03:46.228 [INFO]   [Creating]         [89/131]     Diffblue Cover considers these methods as not directly callable.
13:03:46.229 [INFO]   [Creating]         [90/131] uk.gov.gchq.palisade.user.User.roles
13:03:46.229 [INFO]   [Creating]         [90/131]   T024: Generated method
13:03:46.229 [INFO]   [Creating]         [90/131]     Indicates that the method is generated by some framework or tool and should not
13:03:46.229 [INFO]   [Creating]         [90/131]     be tested explicitly. The expectation is that the generator itself should be
13:03:46.229 [INFO]   [Creating]         [90/131]     tested and not each piece of code it produces.
13:03:46.229 [INFO]   [Creating]         [90/131]     Currently, this includes methods identified generated by Lombok, Protobuf,
13:03:46.229 [INFO]   [Creating]         [90/131]     Grpc, Hibernate, or annotated with a custom '@Generated' annotation
13:03:46.229 [INFO]   [Creating]         [90/131]     (as long as the custom annotation has 'RUNTIME' or 'CLASS' retention).
13:03:46.229 [INFO]   [Creating]         [90/131]     Diffblue Cover considers these methods as not directly callable.
13:03:46.230 [INFO]   [Creating]         [91/131] uk.gov.gchq.palisade.user.User.setAuths
13:03:46.230 [INFO]   [Creating]         [91/131]   T024: Generated method
13:03:46.230 [INFO]   [Creating]         [91/131]     Indicates that the method is generated by some framework or tool and should not
13:03:46.230 [INFO]   [Creating]         [91/131]     be tested explicitly. The expectation is that the generator itself should be
13:03:46.230 [INFO]   [Creating]         [91/131]     tested and not each piece of code it produces.
13:03:46.230 [INFO]   [Creating]         [91/131]     Currently, this includes methods identified generated by Lombok, Protobuf,
13:03:46.230 [INFO]   [Creating]         [91/131]     Grpc, Hibernate, or annotated with a custom '@Generated' annotation
13:03:46.230 [INFO]   [Creating]         [91/131]     (as long as the custom annotation has 'RUNTIME' or 'CLASS' retention).
13:03:46.231 [INFO]   [Creating]         [91/131]     Diffblue Cover considers these methods as not directly callable.
13:03:46.232 [INFO]   [Creating]         [92/131] uk.gov.gchq.palisade.user.User.setRoles
13:03:46.232 [INFO]   [Creating]         [92/131]   T024: Generated method
13:03:46.232 [INFO]   [Creating]         [92/131]     Indicates that the method is generated by some framework or tool and should not
13:03:46.232 [INFO]   [Creating]         [92/131]     be tested explicitly. The expectation is that the generator itself should be
13:03:46.232 [INFO]   [Creating]         [92/131]     tested and not each piece of code it produces.
13:03:46.232 [INFO]   [Creating]         [92/131]     Currently, this includes methods identified generated by Lombok, Protobuf,
13:03:46.232 [INFO]   [Creating]         [92/131]     Grpc, Hibernate, or annotated with a custom '@Generated' annotation
13:03:46.232 [INFO]   [Creating]         [92/131]     (as long as the custom annotation has 'RUNTIME' or 'CLASS' retention).
13:03:46.232 [INFO]   [Creating]         [92/131]     Diffblue Cover considers these methods as not directly callable.
13:03:46.233 [INFO]   [Creating]         [93/131] uk.gov.gchq.palisade.user.User.setUserId
13:03:46.233 [INFO]   [Creating]         [93/131]   T024: Generated method
13:03:46.233 [INFO]   [Creating]         [93/131]     Indicates that the method is generated by some framework or tool and should not
13:03:46.233 [INFO]   [Creating]         [93/131]     be tested explicitly. The expectation is that the generator itself should be
13:03:46.233 [INFO]   [Creating]         [93/131]     tested and not each piece of code it produces.
13:03:46.233 [INFO]   [Creating]         [93/131]     Currently, this includes methods identified generated by Lombok, Protobuf,
13:03:46.233 [INFO]   [Creating]         [93/131]     Grpc, Hibernate, or annotated with a custom '@Generated' annotation
13:03:46.233 [INFO]   [Creating]         [93/131]     (as long as the custom annotation has 'RUNTIME' or 'CLASS' retention).
13:03:46.233 [INFO]   [Creating]         [93/131]     Diffblue Cover considers these methods as not directly callable.
13:03:46.234 [INFO]   [Creating]         [94/131] uk.gov.gchq.palisade.user.User.toString
13:03:46.235 [INFO]   [Creating]         [94/131]   T024: Generated method
13:03:46.235 [INFO]   [Creating]         [94/131]     Indicates that the method is generated by some framework or tool and should not
13:03:46.235 [INFO]   [Creating]         [94/131]     be tested explicitly. The expectation is that the generator itself should be
13:03:46.235 [INFO]   [Creating]         [94/131]     tested and not each piece of code it produces.
13:03:46.235 [INFO]   [Creating]         [94/131]     Currently, this includes methods identified generated by Lombok, Protobuf,
13:03:46.235 [INFO]   [Creating]         [94/131]     Grpc, Hibernate, or annotated with a custom '@Generated' annotation
13:03:46.235 [INFO]   [Creating]         [94/131]     (as long as the custom annotation has 'RUNTIME' or 'CLASS' retention).
13:03:46.235 [INFO]   [Creating]         [94/131]     Diffblue Cover considers these methods as not directly callable.
13:03:46.236 [INFO]   [Creating]         [95/131] uk.gov.gchq.palisade.user.User.userId
13:03:46.236 [INFO]   [Creating]         [95/131]   T024: Generated method
13:03:46.236 [INFO]   [Creating]         [95/131]     Indicates that the method is generated by some framework or tool and should not
13:03:46.236 [INFO]   [Creating]         [95/131]     be tested explicitly. The expectation is that the generator itself should be
13:03:46.236 [INFO]   [Creating]         [95/131]     tested and not each piece of code it produces.
13:03:46.236 [INFO]   [Creating]         [95/131]     Currently, this includes methods identified generated by Lombok, Protobuf,
13:03:46.236 [INFO]   [Creating]         [95/131]     Grpc, Hibernate, or annotated with a custom '@Generated' annotation
13:03:46.236 [INFO]   [Creating]         [95/131]     (as long as the custom annotation has 'RUNTIME' or 'CLASS' retention).
13:03:46.236 [INFO]   [Creating]         [95/131]     Diffblue Cover considers these methods as not directly callable.
13:03:46.238 [INFO]   [Creating]         [96/131] uk.gov.gchq.palisade.user.User.userId
13:03:46.238 [INFO]   [Creating]         [96/131]   T024: Generated method
13:03:46.238 [INFO]   [Creating]         [96/131]     Indicates that the method is generated by some framework or tool and should not
13:03:46.238 [INFO]   [Creating]         [96/131]     be tested explicitly. The expectation is that the generator itself should be
13:03:46.238 [INFO]   [Creating]         [96/131]     tested and not each piece of code it produces.
13:03:46.238 [INFO]   [Creating]         [96/131]     Currently, this includes methods identified generated by Lombok, Protobuf,
13:03:46.238 [INFO]   [Creating]         [96/131]     Grpc, Hibernate, or annotated with a custom '@Generated' annotation
13:03:46.238 [INFO]   [Creating]         [96/131]     (as long as the custom annotation has 'RUNTIME' or 'CLASS' retention).
13:03:46.238 [INFO]   [Creating]         [96/131]     Diffblue Cover considers these methods as not directly callable.
13:03:46.239 [INFO]   [Creating]    Filtering of methods complete. Creating analysis request
13:03:46.239 [INFO]   [Creating]    Attempting to get service client, retry 1.
13:03:46.564 [INFO]   [Creating]         [97/131] uk.gov.gchq.palisade.user.User.<init>
13:03:46.564 [INFO]   [Creating]         [97/131]   Tests created: 1
13:03:46.620 [INFO]   [Creating]         [98/131] uk.gov.gchq.palisade.user.User.<init>
13:03:46.620 [INFO]   [Creating]         [98/131]   Tests created: 1
13:03:46.621 [INFO]   [Creating]    [11/25] uk.gov.gchq.palisade.user.User
13:03:46.622 [INFO]   [Creating]    [11/25]   Tests created: 2
13:03:46.622 [INFO]   [Creating]    
================================================================================
= Starting analysis for class 'uk.gov.gchq.palisade.user.UserId'
================================================================================
13:03:46.622 [INFO]   [Creating]    Filtering out non-testable methods...
13:03:46.624 [INFO]   [Creating]         [99/131] uk.gov.gchq.palisade.user.UserId.equals
13:03:46.624 [INFO]   [Creating]         [99/131]   T024: Generated method
13:03:46.624 [INFO]   [Creating]         [99/131]     Indicates that the method is generated by some framework or tool and should not
13:03:46.624 [INFO]   [Creating]         [99/131]     be tested explicitly. The expectation is that the generator itself should be
13:03:46.624 [INFO]   [Creating]         [99/131]     tested and not each piece of code it produces.
13:03:46.624 [INFO]   [Creating]         [99/131]     Currently, this includes methods identified generated by Lombok, Protobuf,
13:03:46.624 [INFO]   [Creating]         [99/131]     Grpc, Hibernate, or annotated with a custom '@Generated' annotation
13:03:46.624 [INFO]   [Creating]         [99/131]     (as long as the custom annotation has 'RUNTIME' or 'CLASS' retention).
13:03:46.624 [INFO]   [Creating]         [99/131]     Diffblue Cover considers these methods as not directly callable.
13:03:46.625 [INFO]   [Creating]        [100/131] uk.gov.gchq.palisade.user.UserId.getId
13:03:46.625 [INFO]   [Creating]        [100/131]   T024: Generated method
13:03:46.625 [INFO]   [Creating]        [100/131]     Indicates that the method is generated by some framework or tool and should not
13:03:46.625 [INFO]   [Creating]        [100/131]     be tested explicitly. The expectation is that the generator itself should be
13:03:46.625 [INFO]   [Creating]        [100/131]     tested and not each piece of code it produces.
13:03:46.625 [INFO]   [Creating]        [100/131]     Currently, this includes methods identified generated by Lombok, Protobuf,
13:03:46.625 [INFO]   [Creating]        [100/131]     Grpc, Hibernate, or annotated with a custom '@Generated' annotation
13:03:46.625 [INFO]   [Creating]        [100/131]     (as long as the custom annotation has 'RUNTIME' or 'CLASS' retention).
13:03:46.625 [INFO]   [Creating]        [100/131]     Diffblue Cover considers these methods as not directly callable.
13:03:46.626 [INFO]   [Creating]        [101/131] uk.gov.gchq.palisade.user.UserId.hashCode
13:03:46.626 [INFO]   [Creating]        [101/131]   T024: Generated method
13:03:46.626 [INFO]   [Creating]        [101/131]     Indicates that the method is generated by some framework or tool and should not
13:03:46.626 [INFO]   [Creating]        [101/131]     be tested explicitly. The expectation is that the generator itself should be
13:03:46.626 [INFO]   [Creating]        [101/131]     tested and not each piece of code it produces.
13:03:46.626 [INFO]   [Creating]        [101/131]     Currently, this includes methods identified generated by Lombok, Protobuf,
13:03:46.626 [INFO]   [Creating]        [101/131]     Grpc, Hibernate, or annotated with a custom '@Generated' annotation
13:03:46.626 [INFO]   [Creating]        [101/131]     (as long as the custom annotation has 'RUNTIME' or 'CLASS' retention).
13:03:46.626 [INFO]   [Creating]        [101/131]     Diffblue Cover considers these methods as not directly callable.
13:03:46.627 [INFO]   [Creating]        [102/131] uk.gov.gchq.palisade.user.UserId.id
13:03:46.627 [INFO]   [Creating]        [102/131]   T024: Generated method
13:03:46.627 [INFO]   [Creating]        [102/131]     Indicates that the method is generated by some framework or tool and should not
13:03:46.627 [INFO]   [Creating]        [102/131]     be tested explicitly. The expectation is that the generator itself should be
13:03:46.627 [INFO]   [Creating]        [102/131]     tested and not each piece of code it produces.
13:03:46.627 [INFO]   [Creating]        [102/131]     Currently, this includes methods identified generated by Lombok, Protobuf,
13:03:46.627 [INFO]   [Creating]        [102/131]     Grpc, Hibernate, or annotated with a custom '@Generated' annotation
13:03:46.627 [INFO]   [Creating]        [102/131]     (as long as the custom annotation has 'RUNTIME' or 'CLASS' retention).
13:03:46.627 [INFO]   [Creating]        [102/131]     Diffblue Cover considers these methods as not directly callable.
13:03:46.628 [INFO]   [Creating]        [103/131] uk.gov.gchq.palisade.user.UserId.setId
13:03:46.628 [INFO]   [Creating]        [103/131]   T024: Generated method
13:03:46.628 [INFO]   [Creating]        [103/131]     Indicates that the method is generated by some framework or tool and should not
13:03:46.628 [INFO]   [Creating]        [103/131]     be tested explicitly. The expectation is that the generator itself should be
13:03:46.628 [INFO]   [Creating]        [103/131]     tested and not each piece of code it produces.
13:03:46.628 [INFO]   [Creating]        [103/131]     Currently, this includes methods identified generated by Lombok, Protobuf,
13:03:46.628 [INFO]   [Creating]        [103/131]     Grpc, Hibernate, or annotated with a custom '@Generated' annotation
13:03:46.628 [INFO]   [Creating]        [103/131]     (as long as the custom annotation has 'RUNTIME' or 'CLASS' retention).
13:03:46.628 [INFO]   [Creating]        [103/131]     Diffblue Cover considers these methods as not directly callable.
13:03:46.630 [INFO]   [Creating]        [104/131] uk.gov.gchq.palisade.user.UserId.toString
13:03:46.630 [INFO]   [Creating]        [104/131]   T024: Generated method
13:03:46.630 [INFO]   [Creating]        [104/131]     Indicates that the method is generated by some framework or tool and should not
13:03:46.630 [INFO]   [Creating]        [104/131]     be tested explicitly. The expectation is that the generator itself should be
13:03:46.630 [INFO]   [Creating]        [104/131]     tested and not each piece of code it produces.
13:03:46.630 [INFO]   [Creating]        [104/131]     Currently, this includes methods identified generated by Lombok, Protobuf,
13:03:46.630 [INFO]   [Creating]        [104/131]     Grpc, Hibernate, or annotated with a custom '@Generated' annotation
13:03:46.630 [INFO]   [Creating]        [104/131]     (as long as the custom annotation has 'RUNTIME' or 'CLASS' retention).
13:03:46.630 [INFO]   [Creating]        [104/131]     Diffblue Cover considers these methods as not directly callable.
13:03:46.630 [INFO]   [Creating]    Filtering of methods complete. Creating analysis request
13:03:46.630 [INFO]   [Creating]    Attempting to get service client, retry 1.
13:03:46.836 [INFO]   [Creating]        [105/131] uk.gov.gchq.palisade.user.UserId.<init>
13:03:46.836 [INFO]   [Creating]        [105/131]   Tests created: 1
13:03:46.883 [INFO]   [Creating]        [106/131] uk.gov.gchq.palisade.user.UserId.<init>
13:03:46.883 [INFO]   [Creating]        [106/131]   Tests created: 1
13:03:46.884 [INFO]   [Creating]    [12/25] uk.gov.gchq.palisade.user.UserId
13:03:46.885 [INFO]   [Creating]    [12/25]   Tests created: 2
13:03:46.885 [INFO]   [Creating]    
================================================================================
= Starting analysis for class 'uk.gov.gchq.palisade.util.AbstractResourceBuilder'
================================================================================
13:03:46.885 [INFO]   [Creating]    Filtering out non-testable methods...
13:03:46.892 [INFO]   [Creating]    Filtering of methods complete. Creating analysis request
13:03:46.892 [INFO]   [Creating]    Attempting to get service client, retry 1.
13:03:47.878 [INFO]   [Creating]        [107/131] uk.gov.gchq.palisade.util.AbstractResourceBuilder.create
13:03:47.878 [INFO]   [Creating]        [107/131]   Tests created: 1
13:03:47.979 [INFO]   [Creating]        [108/131] uk.gov.gchq.palisade.util.AbstractResourceBuilder.create
13:03:47.979 [INFO]   [Creating]        [108/131]   Diffblue AI was unable to find a test
13:03:48.354 [INFO]   [Creating]        [109/131] uk.gov.gchq.palisade.util.AbstractResourceBuilder.refreshProviders
13:03:48.354 [INFO]   [Creating]        [109/131]   Diffblue AI was unable to find a test
13:03:48.357 [INFO]   [Creating]        [110/131] uk.gov.gchq.palisade.util.AbstractResourceBuilder.buildNormal
13:03:48.358 [INFO]   [Creating]        [110/131]   Diffblue AI was unable to find a test
13:03:48.360 [INFO]   [Creating]    [13/25] uk.gov.gchq.palisade.util.AbstractResourceBuilder
13:03:48.360 [INFO]   [Creating]    [13/25]   Tests created: 1
13:03:48.361 [INFO]   [Creating]    
================================================================================
= Starting analysis for class 'uk.gov.gchq.palisade.util.FileResourceBuilder'
================================================================================
13:03:48.361 [INFO]   [Creating]    Filtering out non-testable methods...
13:03:48.364 [INFO]   [Creating]    Filtering of methods complete. Creating analysis request
13:03:48.364 [INFO]   [Creating]    Attempting to get service client, retry 1.
13:03:48.748 [INFO]   [Creating]        [111/131] uk.gov.gchq.palisade.util.FileResourceBuilder.<init>
13:03:48.748 [INFO]   [Creating]        [112/131] uk.gov.gchq.palisade.util.FileResourceBuilder.build
13:03:48.748 [INFO]   [Creating]        [112/131]   Tests created: 1
13:03:48.815 [INFO]   [Creating]        [113/131] uk.gov.gchq.palisade.util.FileResourceBuilder.accepts
13:03:48.815 [INFO]   [Creating]        [113/131]   Tests created: 1
13:03:48.816 [INFO]   [Creating]    [14/25] uk.gov.gchq.palisade.util.FileResourceBuilder
13:03:48.816 [INFO]   [Creating]    [14/25]   Tests created: 2
13:03:48.817 [INFO]   [Creating]    
================================================================================
= Starting analysis for class 'uk.gov.gchq.palisade.util.RulesUtil'
================================================================================
13:03:48.817 [INFO]   [Creating]    Filtering out non-testable methods...
13:03:48.819 [INFO]   [Creating]    Filtering of methods complete. Creating analysis request
13:03:48.819 [INFO]   [Creating]    Attempting to get service client, retry 1.
13:03:53.225 [INFO]   [Creating]        [114/131] uk.gov.gchq.palisade.util.RulesUtil.applyRulesToItem
13:03:53.225 [INFO]   [Creating]        [114/131]   R005: Unable to load class
13:03:53.225 [INFO]   [Creating]        [114/131]     Class: akka.actor.CoordinatedShutdown$ActorSystemTerminateReason
13:03:53.225 [INFO]   [Creating]        [114/131]     Please check that the class is available on your test runtime classpath.
13:03:53.225 [INFO]   [Creating]        [114/131]     See https://diff.blue/R005 to resolve this issue.
13:04:01.545 [INFO]   [Creating]        [115/131] uk.gov.gchq.palisade.util.RulesUtil.applyRulesToStream
13:04:01.545 [INFO]   [Creating]        [115/131]   Tests created: 3
13:04:01.546 [INFO]   [Creating]    [15/25] uk.gov.gchq.palisade.util.RulesUtil
13:04:01.546 [INFO]   [Creating]    [15/25]   Tests created: 3
13:04:01.547 [INFO]   [Creating]    
================================================================================
= Starting analysis for class 'uk.gov.gchq.palisade.util.UriBuilder'
================================================================================
13:04:01.547 [INFO]   [Creating]    Filtering out non-testable methods...
13:04:01.550 [INFO]   [Creating]    Filtering of methods complete. Creating analysis request
13:04:01.550 [INFO]   [Creating]    Attempting to get service client, retry 1.
13:04:02.095 [INFO]   [Creating]        [116/131] uk.gov.gchq.palisade.util.UriBuilder.getBaseUri
13:04:02.095 [INFO]   [Creating]        [116/131]   Tests created: 1
13:04:02.936 [INFO]   [Creating]        [117/131] uk.gov.gchq.palisade.util.UriBuilder.<init>
13:04:02.936 [INFO]   [Creating]        [117/131]   Tests created: 1
13:04:04.748 [INFO]   [Creating]        [118/131] uk.gov.gchq.palisade.util.UriBuilder.create
13:04:04.748 [INFO]   [Creating]        [118/131]   Diffblue AI was unable to find a test
13:04:04.750 [INFO]   [Creating]        [119/131] uk.gov.gchq.palisade.util.UriBuilder.create
13:04:04.750 [INFO]   [Creating]        [119/131]   Diffblue AI was unable to find a test
13:04:04.752 [INFO]   [Creating]    [16/25] uk.gov.gchq.palisade.util.UriBuilder
13:04:04.752 [INFO]   [Creating]    [16/25]   Tests created: 2
13:04:04.753 [INFO]   [Creating]    
================================================================================
= Starting analysis for class 'uk.gov.gchq.palisade.util.UriBuilder$AuthorityBuilder'
================================================================================
13:04:04.753 [INFO]   [Creating]    Filtering out non-testable methods...
13:04:04.757 [INFO]   [Creating]    Filtering of methods complete. Creating analysis request
13:04:04.757 [INFO]   [Creating]    Attempting to get service client, retry 1.
13:04:05.140 [INFO]   [Creating]        [120/131] uk.gov.gchq.palisade.util.UriBuilder$AuthorityBuilder.getBaseUri
13:04:05.140 [INFO]   [Creating]        [120/131]   Tests created: 1
13:04:05.641 [INFO]   [Creating]        [121/131] uk.gov.gchq.palisade.util.UriBuilder$AuthorityBuilder.<init>
13:04:05.641 [INFO]   [Creating]        [121/131]   Tests created: 1
13:04:06.921 [INFO]   [Creating]        [122/131] uk.gov.gchq.palisade.util.UriBuilder$AuthorityBuilder.create
13:04:06.921 [INFO]   [Creating]        [122/131]   Diffblue AI was unable to find a test
13:04:06.923 [INFO]   [Creating]        [123/131] uk.gov.gchq.palisade.util.UriBuilder$AuthorityBuilder.create
13:04:06.923 [INFO]   [Creating]        [123/131]   Diffblue AI was unable to find a test
13:04:06.924 [INFO]   [Creating]    [17/25] uk.gov.gchq.palisade.util.UriBuilder$AuthorityBuilder
13:04:06.924 [INFO]   [Creating]    [17/25]   Tests created: 2
13:04:06.925 [INFO]   [Creating]    
================================================================================
= Starting analysis for class 'uk.gov.gchq.palisade.util.UriBuilder$AuthorityBuilder$IHost'
================================================================================
13:04:06.925 [INFO]   [Creating]    Filtering out non-testable methods...
13:04:06.926 [INFO]   [Creating]        [124/131] uk.gov.gchq.palisade.util.UriBuilder$AuthorityBuilder$IHost.withoutHost
13:04:06.927 [INFO]   [Creating]        [124/131]   T009: No implementation for abstract class
13:04:06.927 [INFO]   [Creating]        [124/131]     The method is a non-abstract instance method in an abstract class or
13:04:06.927 [INFO]   [Creating]        [124/131]     a default method in an interface. Diffblue Cover would test such methods
13:04:06.927 [INFO]   [Creating]        [124/131]     by using an implementation of that abstract class or interface. However,
13:04:06.927 [INFO]   [Creating]        [124/131]     no such implementation has been found.
13:04:06.927 [INFO]   [Creating]        [124/131]     Please provide an implementation for the abstract class or interface.
13:04:06.927 [INFO]   [Creating]        [124/131]     See https://diff.blue/T009 to resolve this issue.
13:04:06.927 [INFO]   [Creating]    [18/25] uk.gov.gchq.palisade.util.UriBuilder$AuthorityBuilder$IHost
13:04:06.927 [INFO]   [Creating]    [18/25]   Tests created: 0
13:04:06.927 [INFO]   [Creating]    No testable methods
13:04:06.927 [INFO]   [Creating]    
================================================================================
= Starting analysis for class 'uk.gov.gchq.palisade.util.UriBuilder$AuthorityBuilder$IPort'
================================================================================
13:04:06.927 [INFO]   [Creating]    Filtering out non-testable methods...
13:04:06.928 [INFO]   [Creating]        [125/131] uk.gov.gchq.palisade.util.UriBuilder$AuthorityBuilder$IPort.withoutPort
13:04:06.928 [INFO]   [Creating]        [125/131]   T009: No implementation for abstract class
13:04:06.928 [INFO]   [Creating]        [125/131]     The method is a non-abstract instance method in an abstract class or
13:04:06.928 [INFO]   [Creating]        [125/131]     a default method in an interface. Diffblue Cover would test such methods
13:04:06.928 [INFO]   [Creating]        [125/131]     by using an implementation of that abstract class or interface. However,
13:04:06.928 [INFO]   [Creating]        [125/131]     no such implementation has been found.
13:04:06.928 [INFO]   [Creating]        [125/131]     Please provide an implementation for the abstract class or interface.
13:04:06.928 [INFO]   [Creating]        [125/131]     See https://diff.blue/T009 to resolve this issue.
13:04:06.929 [INFO]   [Creating]    [19/25] uk.gov.gchq.palisade.util.UriBuilder$AuthorityBuilder$IPort
13:04:06.929 [INFO]   [Creating]    [19/25]   Tests created: 0
13:04:06.929 [INFO]   [Creating]    No testable methods
13:04:06.929 [INFO]   [Creating]    
================================================================================
= Starting analysis for class 'uk.gov.gchq.palisade.util.UriBuilder$AuthorityBuilder$IUserInfo'
================================================================================
13:04:06.929 [INFO]   [Creating]    Filtering out non-testable methods...
13:04:06.931 [INFO]   [Creating]        [126/131] uk.gov.gchq.palisade.util.UriBuilder$AuthorityBuilder$IUserInfo.withoutUserInfo
13:04:06.931 [INFO]   [Creating]        [126/131]   T009: No implementation for abstract class
13:04:06.931 [INFO]   [Creating]        [126/131]     The method is a non-abstract instance method in an abstract class or
13:04:06.931 [INFO]   [Creating]        [126/131]     a default method in an interface. Diffblue Cover would test such methods
13:04:06.931 [INFO]   [Creating]        [126/131]     by using an implementation of that abstract class or interface. However,
13:04:06.931 [INFO]   [Creating]        [126/131]     no such implementation has been found.
13:04:06.931 [INFO]   [Creating]        [126/131]     Please provide an implementation for the abstract class or interface.
13:04:06.931 [INFO]   [Creating]        [126/131]     See https://diff.blue/T009 to resolve this issue.
13:04:06.931 [INFO]   [Creating]    [20/25] uk.gov.gchq.palisade.util.UriBuilder$AuthorityBuilder$IUserInfo
13:04:06.931 [INFO]   [Creating]    [20/25]   Tests created: 0
13:04:06.931 [INFO]   [Creating]    No testable methods
13:04:06.931 [INFO]   [Creating]    
================================================================================
= Starting analysis for class 'uk.gov.gchq.palisade.util.UriBuilder$IAuthority'
================================================================================
13:04:06.931 [INFO]   [Creating]    Filtering out non-testable methods...
13:04:06.932 [INFO]   [Creating]        [127/131] uk.gov.gchq.palisade.util.UriBuilder$IAuthority.withoutAuthority
13:04:06.932 [INFO]   [Creating]        [127/131]   T009: No implementation for abstract class
13:04:06.932 [INFO]   [Creating]        [127/131]     The method is a non-abstract instance method in an abstract class or
13:04:06.932 [INFO]   [Creating]        [127/131]     a default method in an interface. Diffblue Cover would test such methods
13:04:06.932 [INFO]   [Creating]        [127/131]     by using an implementation of that abstract class or interface. However,
13:04:06.932 [INFO]   [Creating]        [127/131]     no such implementation has been found.
13:04:06.932 [INFO]   [Creating]        [127/131]     Please provide an implementation for the abstract class or interface.
13:04:06.932 [INFO]   [Creating]        [127/131]     See https://diff.blue/T009 to resolve this issue.
13:04:06.933 [INFO]   [Creating]    [21/25] uk.gov.gchq.palisade.util.UriBuilder$IAuthority
13:04:06.933 [INFO]   [Creating]    [21/25]   Tests created: 0
13:04:06.933 [INFO]   [Creating]    No testable methods
13:04:06.933 [INFO]   [Creating]    
================================================================================
= Starting analysis for class 'uk.gov.gchq.palisade.util.UriBuilder$IFragment'
================================================================================
13:04:06.933 [INFO]   [Creating]    Filtering out non-testable methods...
13:04:06.934 [INFO]   [Creating]        [128/131] uk.gov.gchq.palisade.util.UriBuilder$IFragment.withoutFragment
13:04:06.934 [INFO]   [Creating]        [128/131]   T009: No implementation for abstract class
13:04:06.934 [INFO]   [Creating]        [128/131]     The method is a non-abstract instance method in an abstract class or
13:04:06.934 [INFO]   [Creating]        [128/131]     a default method in an interface. Diffblue Cover would test such methods
13:04:06.934 [INFO]   [Creating]        [128/131]     by using an implementation of that abstract class or interface. However,
13:04:06.934 [INFO]   [Creating]        [128/131]     no such implementation has been found.
13:04:06.934 [INFO]   [Creating]        [128/131]     Please provide an implementation for the abstract class or interface.
13:04:06.934 [INFO]   [Creating]        [128/131]     See https://diff.blue/T009 to resolve this issue.
13:04:06.934 [INFO]   [Creating]    [22/25] uk.gov.gchq.palisade.util.UriBuilder$IFragment
13:04:06.934 [INFO]   [Creating]    [22/25]   Tests created: 0
13:04:06.934 [INFO]   [Creating]    No testable methods
13:04:06.934 [INFO]   [Creating]    
================================================================================
= Starting analysis for class 'uk.gov.gchq.palisade.util.UriBuilder$IPath'
================================================================================
13:04:06.934 [INFO]   [Creating]    Filtering out non-testable methods...
13:04:06.935 [INFO]   [Creating]        [129/131] uk.gov.gchq.palisade.util.UriBuilder$IPath.withoutPath
13:04:06.935 [INFO]   [Creating]        [129/131]   T009: No implementation for abstract class
13:04:06.935 [INFO]   [Creating]        [129/131]     The method is a non-abstract instance method in an abstract class or
13:04:06.935 [INFO]   [Creating]        [129/131]     a default method in an interface. Diffblue Cover would test such methods
13:04:06.935 [INFO]   [Creating]        [129/131]     by using an implementation of that abstract class or interface. However,
13:04:06.935 [INFO]   [Creating]        [129/131]     no such implementation has been found.
13:04:06.935 [INFO]   [Creating]        [129/131]     Please provide an implementation for the abstract class or interface.
13:04:06.935 [INFO]   [Creating]        [129/131]     See https://diff.blue/T009 to resolve this issue.
13:04:06.935 [INFO]   [Creating]    [23/25] uk.gov.gchq.palisade.util.UriBuilder$IPath
13:04:06.935 [INFO]   [Creating]    [23/25]   Tests created: 0
13:04:06.935 [INFO]   [Creating]    No testable methods
13:04:06.935 [INFO]   [Creating]    
================================================================================
= Starting analysis for class 'uk.gov.gchq.palisade.util.UriBuilder$IQuery'
================================================================================
13:04:06.935 [INFO]   [Creating]    Filtering out non-testable methods...
13:04:06.937 [INFO]   [Creating]        [130/131] uk.gov.gchq.palisade.util.UriBuilder$IQuery.withoutQuery
13:04:06.937 [INFO]   [Creating]        [130/131]   T009: No implementation for abstract class
13:04:06.937 [INFO]   [Creating]        [130/131]     The method is a non-abstract instance method in an abstract class or
13:04:06.937 [INFO]   [Creating]        [130/131]     a default method in an interface. Diffblue Cover would test such methods
13:04:06.937 [INFO]   [Creating]        [130/131]     by using an implementation of that abstract class or interface. However,
13:04:06.937 [INFO]   [Creating]        [130/131]     no such implementation has been found.
13:04:06.937 [INFO]   [Creating]        [130/131]     Please provide an implementation for the abstract class or interface.
13:04:06.937 [INFO]   [Creating]        [130/131]     See https://diff.blue/T009 to resolve this issue.
13:04:06.937 [INFO]   [Creating]    [24/25] uk.gov.gchq.palisade.util.UriBuilder$IQuery
13:04:06.937 [INFO]   [Creating]    [24/25]   Tests created: 0
13:04:06.937 [INFO]   [Creating]    No testable methods
13:04:06.937 [INFO]   [Creating]    
================================================================================
= Starting analysis for class 'uk.gov.gchq.palisade.util.UriBuilder$IScheme'
================================================================================
13:04:06.937 [INFO]   [Creating]    Filtering out non-testable methods...
13:04:06.938 [INFO]   [Creating]        [131/131] uk.gov.gchq.palisade.util.UriBuilder$IScheme.withoutScheme
13:04:06.938 [INFO]   [Creating]        [131/131]   T009: No implementation for abstract class
13:04:06.938 [INFO]   [Creating]        [131/131]     The method is a non-abstract instance method in an abstract class or
13:04:06.938 [INFO]   [Creating]        [131/131]     a default method in an interface. Diffblue Cover would test such methods
13:04:06.938 [INFO]   [Creating]        [131/131]     by using an implementation of that abstract class or interface. However,
13:04:06.938 [INFO]   [Creating]        [131/131]     no such implementation has been found.
13:04:06.938 [INFO]   [Creating]        [131/131]     Please provide an implementation for the abstract class or interface.
13:04:06.938 [INFO]   [Creating]        [131/131]     See https://diff.blue/T009 to resolve this issue.
13:04:06.939 [INFO]   [Creating]    [25/25] uk.gov.gchq.palisade.util.UriBuilder$IScheme
13:04:06.939 [INFO]   [Creating]    [25/25]   Tests created: 0
13:04:06.939 [INFO]   [Creating]    No testable methods
13:04:06.946 [INFO]   [Reporting]   
13:04:06.946 [INFO]   [Reporting]   Test creation summary for module: uk.gov.gchq.palisade:common
13:04:06.946 [INFO]   [Reporting]   -------------------------------------------------------------
13:04:06.946 [INFO]   [Reporting]   Total:                                             131 methods
13:04:06.946 [INFO]   [Reporting]   49 tests created for:                               36 methods
13:04:06.946 [INFO]   [Reporting]   
13:04:06.946 [INFO]   [Reporting]   Not unit-testable:                                  11 methods
13:04:06.946 [INFO]   [Reporting]      11 T009: No implementation for abstract class
13:04:06.946 [INFO]   [Reporting]   No tests created for:                                8 methods
13:04:06.946 [INFO]   [Reporting]       1 R005: Unable to load class
13:04:06.946 [INFO]   [Reporting]   Could not find the following classes - please check your classpath
13:04:06.946 [INFO]   [Reporting]   akka.actor.CoordinatedShutdown$ActorSystemTerminateReason
13:04:07.109 [INFO]   [Validating]  
13:04:07.109 [INFO]   [Validating]  Running validation command.
13:04:07.109 [INFO]   [Validating]  Using default build rules as no custom rules found in any of [/home/jbergqvist/diffblue/Palisade-common]
13:04:07.109 [INFO]   [Validating]  Attempting to invoke mvnw in working directory: /home/jbergqvist/diffblue/Palisade-common
13:04:07.110 [INFO]   [Validating]  Attempting to invoke /home/jbergqvist/.sdkman/candidates/maven/current/bin/mvn in working directory: /home/jbergqvist/diffblue/Palisade-common
13:04:07.110 [INFO]   [Validating]  Started "/home/jbergqvist/.sdkman/candidates/maven/current/bin/mvn -Dmaven.ext.class.path=/opt/cover/cover-buildsystem-maven-spy-jar-with-dependencies.jar -Dcom.diffblue.cover.skipTests=true -DskipTestOptimizer --batch-mode --projects=uk.gov.gchq.palisade:common --global-settings=/home/jbergqvist/.sdkman/candidates/maven/current/conf/settings.xml org.apache.maven.plugins:maven-checkstyle-plugin:check -Dcheckstyle.failOnViolation=false validate --also-make"
13:04:07.899 [INFO]   [Validating]  out: [INFO] Scanning for projects...
13:04:08.008 [INFO]   [Validating]  out: [INFO] 
13:04:08.008 [INFO]   [Validating]  out: [INFO] --------------------< uk.gov.gchq.palisade:common >---------------------
13:04:08.008 [INFO]   [Validating]  out: [INFO] Building GCHQ Palisade Common Library 0.5.2-SNAPSHOT
13:04:08.008 [INFO]   [Validating]  out: [INFO]   from pom.xml
13:04:08.008 [INFO]   [Validating]  out: [INFO] --------------------------------[ jar ]---------------------------------
13:04:08.133 [INFO]   [Validating]  deserializing line [DIFFBLUE]{"__type":"com.diffblue.cover.buildsystem.model.DefaultEventMessage","project":"uk.gov.gchq.palisade:common","goal":"check","cause":null,"state":"STARTED"}
13:04:08.137 [INFO]   [Validating]  out: [INFO] 
13:04:08.137 [INFO]   [Validating]  out: [INFO] --- checkstyle:3.1.0:check (default-cli) @ common ---
13:04:08.847 [INFO]   [Validating]  out: [INFO] Starting audit...
13:04:08.848 [INFO]   [Validating]  out: Audit done.
13:04:08.854 [INFO]   [Validating]  deserializing line [DIFFBLUE]{"__type":"com.diffblue.cover.buildsystem.model.DefaultEventMessage","project":"uk.gov.gchq.palisade:common","goal":"check","cause":null,"state":"SUCCESS"}
13:04:08.878 [INFO]   [Validating]  deserializing line [DIFFBLUE]{"__type":"com.diffblue.cover.buildsystem.model.DefaultProjectModuleMessage","project":{"__type":"DefaultProjectModule","junitReport":["/home/jbergqvist/diffblue/Palisade-common/target/surefire-reports"],"jacocoReport":["/home/jbergqvist/diffblue/Palisade-common/target/site/jacoco/jacoco.xml"],"jacocoDestFile":["${sonar.jacoco.reportPath}","/home/jbergqvist/diffblue/Palisade-common/target/jacoco.exec"],"jacocoFormats":["xml"],"jacocoSkipped":false,"classpath":["/home/jbergqvist/diffblue/Palisade-common/target/classes"],"complianceLevel":"11","productionSources":["/home/jbergqvist/diffblue/Palisade-common/src/main/java"],"testSources":["/home/jbergqvist/diffblue/Palisade-common/src/test/java"],"productionClasses":"/home/jbergqvist/diffblue/Palisade-common/target/classes","testClasses":"/home/jbergqvist/diffblue/Palisade-common/target/test-classes","sourceToBuildPathMap":null,"testSourceToBuildPathMap":null,"buildDirectory":"/home/jbergqvist/diffblue/Palisade-common/target","plugins":[{"__type":"DefaultPlugin","groupId":"org.apache.maven.plugins","artefactId":"maven-compiler-plugin","version":"3.8.0","pluginClassName":null},{"__type":"DefaultPlugin","groupId":"org.apache.maven.plugins","artefactId":"maven-javadoc-plugin","version":"3.1.0","pluginClassName":null},{"__type":"DefaultPlugin","groupId":"org.apache.maven.plugins","artefactId":"maven-dependency-plugin","version":"3.1.2","pluginClassName":null},{"__type":"DefaultPlugin","groupId":"org.codehaus.mojo","artefactId":"flatten-maven-plugin","version":"1.1.0","pluginClassName":null},{"__type":"DefaultPlugin","groupId":"org.codehaus.mojo","artefactId":"license-maven-plugin","version":"2.0.0","pluginClassName":null},{"__type":"DefaultPlugin","groupId":"org.jacoco","artefactId":"jacoco-maven-plugin","version":"0.8.5","pluginClassName":null},{"__type":"DefaultPlugin","groupId":"org.apache.maven.plugins","artefactId":"maven-checkstyle-plugin","version":"3.1.0","pluginClassName":null},{"__type":"DefaultPlugin","groupId":"org.apache.maven.plugins","artefactId":"maven-clean-plugin","version":"3.2.0","pluginClassName":null},{"__type":"DefaultPlugin","groupId":"org.apache.maven.plugins","artefactId":"maven-resources-plugin","version":"3.3.1","pluginClassName":null},{"__type":"DefaultPlugin","groupId":"org.apache.maven.plugins","artefactId":"maven-jar-plugin","version":"3.4.1","pluginClassName":null},{"__type":"DefaultPlugin","groupId":"org.apache.maven.plugins","artefactId":"maven-surefire-plugin","version":"3.2.5","pluginClassName":null},{"__type":"DefaultPlugin","groupId":"org.apache.maven.plugins","artefactId":"maven-install-plugin","version":"3.1.2","pluginClassName":null},{"__type":"DefaultPlugin","groupId":"org.apache.maven.plugins","artefactId":"maven-deploy-plugin","version":"3.1.2","pluginClassName":null},{"__type":"DefaultPlugin","groupId":"org.apache.maven.plugins","artefactId":"maven-site-plugin","version":"3.12.1","pluginClassName":null}],"version":"3.9.12","encoding":"UTF-8","name":"maven","subModules":[],"simpleModuleName":null,"parentModuleName":null,"location":"/home/jbergqvist/diffblue/Palisade-common","fullModuleName":"uk.gov.gchq.palisade:common"}}
13:04:08.881 [INFO]   [Validating]  out: [INFO] ------------------------------------------------------------------------
13:04:08.881 [INFO]   [Validating]  out: [INFO] BUILD SUCCESS
13:04:08.881 [INFO]   [Validating]  out: [INFO] ------------------------------------------------------------------------
13:04:08.881 [INFO]   [Validating]  out: [INFO] Total time:  0.994 s
13:04:08.881 [INFO]   [Validating]  out: [INFO] Finished at: 2026-01-12T13:04:08Z
13:04:08.881 [INFO]   [Validating]  out: [INFO] ------------------------------------------------------------------------
13:04:08.882 [INFO]   [Validating]  deserializing line [DIFFBLUE]{"__type":"com.diffblue.cover.buildsystem.model.ProjectInfoMessage","projectName":"uk.gov.gchq.palisade:common","productionSources":["/home/jbergqvist/diffblue/Palisade-common/src/main/java"],"testSources":["/home/jbergqvist/diffblue/Palisade-common/src/test/java"],"location":"/home/jbergqvist/diffblue/Palisade-common"}
13:04:08.936 [INFO]   [Validating]  maven:err process not stopped, joining thread
13:04:08.937 [INFO]   [Validating]  maven:out process not stopped, joining thread
13:04:08.938 [INFO]   [Validating]  This can take a couple of minutes.
13:04:08.938 [INFO]   [Validating]  Using default build rules as no custom rules found in any of [/home/jbergqvist/diffblue/Palisade-common]
13:04:08.938 [INFO]   [Validating]  Attempting to invoke mvnw in working directory: /home/jbergqvist/diffblue/Palisade-common
13:04:08.939 [INFO]   [Validating]  Attempting to invoke /home/jbergqvist/.sdkman/candidates/maven/current/bin/mvn in working directory: /home/jbergqvist/diffblue/Palisade-common
13:04:08.939 [INFO]   [Validating]  Started "/home/jbergqvist/.sdkman/candidates/maven/current/bin/mvn -Dmaven.ext.class.path=/opt/cover/cover-buildsystem-maven-spy-jar-with-dependencies.jar -Dcom.diffblue.cover.skipTests=true -DskipTestOptimizer --batch-mode --projects=uk.gov.gchq.palisade:common --global-settings=/home/jbergqvist/.sdkman/candidates/maven/current/conf/settings.xml org.apache.maven.plugins:maven-checkstyle-plugin:check -Dcheckstyle.failOnViolation=false clean test"
13:04:09.722 [INFO]   [Validating]  out: [INFO] Scanning for projects...
13:04:09.817 [INFO]   [Validating]  out: [INFO] 
13:04:09.818 [INFO]   [Validating]  out: [INFO] --------------------< uk.gov.gchq.palisade:common >---------------------
13:04:09.818 [INFO]   [Validating]  out: [INFO] Building GCHQ Palisade Common Library 0.5.2-SNAPSHOT
13:04:09.818 [INFO]   [Validating]  out: [INFO]   from pom.xml
13:04:09.818 [INFO]   [Validating]  out: [INFO] --------------------------------[ jar ]---------------------------------
13:04:10.062 [INFO]   [Validating]  deserializing line [DIFFBLUE]{"__type":"com.diffblue.cover.buildsystem.model.DefaultEventMessage","project":"uk.gov.gchq.palisade:common","goal":"check","cause":null,"state":"STARTED"}
13:04:10.063 [INFO]   [Validating]  out: [INFO] 
13:04:10.063 [INFO]   [Validating]  out: [INFO] --- checkstyle:3.1.0:check (default-cli) @ common ---
13:04:10.731 [INFO]   [Validating]  out: [INFO] Starting audit...
13:04:10.731 [INFO]   [Validating]  out: Audit done.
13:04:10.737 [INFO]   [Validating]  deserializing line [DIFFBLUE]{"__type":"com.diffblue.cover.buildsystem.model.DefaultEventMessage","project":"uk.gov.gchq.palisade:common","goal":"check","cause":null,"state":"SUCCESS"}
13:04:10.739 [INFO]   [Validating]  deserializing line [DIFFBLUE]{"__type":"com.diffblue.cover.buildsystem.model.DefaultEventMessage","project":"uk.gov.gchq.palisade:common","goal":"clean","cause":null,"state":"STARTED"}
13:04:10.740 [INFO]   [Validating]  out: [INFO] 
13:04:10.740 [INFO]   [Validating]  out: [INFO] --- clean:3.2.0:clean (default-clean) @ common ---
13:04:10.766 [INFO]   [Validating]  out: [INFO] Deleting /home/jbergqvist/diffblue/Palisade-common/target
13:04:10.777 [INFO]   [Validating]  deserializing line [DIFFBLUE]{"__type":"com.diffblue.cover.buildsystem.model.DefaultEventMessage","project":"uk.gov.gchq.palisade:common","goal":"clean","cause":null,"state":"SUCCESS"}
13:04:10.778 [INFO]   [Validating]  deserializing line [DIFFBLUE]{"__type":"com.diffblue.cover.buildsystem.model.DefaultEventMessage","project":"uk.gov.gchq.palisade:common","goal":"clean","cause":null,"state":"STARTED"}
13:04:10.779 [INFO]   [Validating]  out: [INFO] 
13:04:10.780 [INFO]   [Validating]  out: [INFO] --- flatten:1.1.0:clean (flatten.clean) @ common ---
13:04:10.859 [INFO]   [Validating]  out: [INFO] Deleting /home/jbergqvist/diffblue/Palisade-common/.flattened-pom.xml
13:04:10.861 [INFO]   [Validating]  deserializing line [DIFFBLUE]{"__type":"com.diffblue.cover.buildsystem.model.DefaultEventMessage","project":"uk.gov.gchq.palisade:common","goal":"clean","cause":null,"state":"SUCCESS"}
13:04:10.862 [INFO]   [Validating]  deserializing line [DIFFBLUE]{"__type":"com.diffblue.cover.buildsystem.model.DefaultEventMessage","project":"uk.gov.gchq.palisade:common","goal":"prepare-agent","cause":null,"state":"STARTED"}
13:04:10.864 [INFO]   [Validating]  out: [INFO] 
13:04:10.864 [INFO]   [Validating]  out: [INFO] --- jacoco:0.8.5:prepare-agent (agent) @ common ---
13:04:10.958 [INFO]   [Validating]  out: [INFO] argLine set to -javaagent:/home/jbergqvist/.m2/repository/org/jacoco/org.jacoco.agent/0.8.5/org.jacoco.agent-0.8.5-runtime.jar=destfile=/home/jbergqvist/diffblue/Palisade-common/target/jacoco.exec,append=true
13:04:10.959 [INFO]   [Validating]  deserializing line [DIFFBLUE]{"__type":"com.diffblue.cover.buildsystem.model.DefaultEventMessage","project":"uk.gov.gchq.palisade:common","goal":"prepare-agent","cause":null,"state":"SUCCESS"}
13:04:10.960 [INFO]   [Validating]  deserializing line [DIFFBLUE]{"__type":"com.diffblue.cover.buildsystem.model.DefaultEventMessage","project":"uk.gov.gchq.palisade:common","goal":"resources","cause":null,"state":"STARTED"}
13:04:10.961 [INFO]   [Validating]  out: [INFO] 
13:04:10.961 [INFO]   [Validating]  out: [INFO] --- resources:3.3.1:resources (default-resources) @ common ---
13:04:11.004 [INFO]   [Validating]  out: [INFO] Copying 1 resource from src/main/resources to target/classes
13:04:11.009 [INFO]   [Validating]  deserializing line [DIFFBLUE]{"__type":"com.diffblue.cover.buildsystem.model.DefaultEventMessage","project":"uk.gov.gchq.palisade:common","goal":"resources","cause":null,"state":"SUCCESS"}
13:04:11.011 [INFO]   [Validating]  deserializing line [DIFFBLUE]{"__type":"com.diffblue.cover.buildsystem.model.DefaultEventMessage","project":"uk.gov.gchq.palisade:common","goal":"flatten","cause":null,"state":"STARTED"}
13:04:11.012 [INFO]   [Validating]  out: [INFO] 
13:04:11.012 [INFO]   [Validating]  out: [INFO] --- flatten:1.1.0:flatten (flatten) @ common ---
13:04:11.015 [INFO]   [Validating]  out: [INFO] Generating flattened POM of project uk.gov.gchq.palisade:common:jar:0.5.2-SNAPSHOT...
13:04:11.047 [INFO]   [Validating]  deserializing line [DIFFBLUE]{"__type":"com.diffblue.cover.buildsystem.model.DefaultEventMessage","project":"uk.gov.gchq.palisade:common","goal":"flatten","cause":null,"state":"SUCCESS"}
13:04:11.048 [INFO]   [Validating]  deserializing line [DIFFBLUE]{"__type":"com.diffblue.cover.buildsystem.model.DefaultEventMessage","project":"uk.gov.gchq.palisade:common","goal":"compile","cause":null,"state":"STARTED"}
13:04:11.049 [INFO]   [Validating]  out: [INFO] 
13:04:11.050 [INFO]   [Validating]  out: [INFO] --- compiler:3.8.0:compile (default-compile) @ common ---
13:04:11.128 [INFO]   [Validating]  out: [INFO] Changes detected - recompiling the module!
13:04:11.130 [INFO]   [Validating]  out: [INFO] Compiling 22 source files to /home/jbergqvist/diffblue/Palisade-common/target/classes
13:04:11.804 [INFO]   [Validating]  deserializing line [DIFFBLUE]{"__type":"com.diffblue.cover.buildsystem.model.DefaultEventMessage","project":"uk.gov.gchq.palisade:common","goal":"compile","cause":null,"state":"SUCCESS"}
13:04:11.806 [INFO]   [Validating]  deserializing line [DIFFBLUE]{"__type":"com.diffblue.cover.buildsystem.model.DefaultEventMessage","project":"uk.gov.gchq.palisade:common","goal":"javadoc-no-fork","cause":null,"state":"STARTED"}
13:04:11.807 [INFO]   [Validating]  out: [INFO] 
13:04:11.807 [INFO]   [Validating]  out: [INFO] --- javadoc:3.1.0:javadoc-no-fork (javadoc-compile) @ common ---
13:04:13.478 [INFO]   [Validating]  deserializing line [DIFFBLUE]{"__type":"com.diffblue.cover.buildsystem.model.DefaultEventMessage","project":"uk.gov.gchq.palisade:common","goal":"javadoc-no-fork","cause":null,"state":"SUCCESS"}
13:04:13.479 [INFO]   [Validating]  deserializing line [DIFFBLUE]{"__type":"com.diffblue.cover.buildsystem.model.DefaultEventMessage","project":"uk.gov.gchq.palisade:common","goal":"aggregate-no-fork","cause":null,"state":"STARTED"}
13:04:13.480 [INFO]   [Validating]  out: [INFO] 
13:04:13.480 [INFO]   [Validating]  out: [INFO] --- javadoc:3.1.0:aggregate-no-fork (javadoc-compile) @ common ---
13:04:14.886 [INFO]   [Validating]  deserializing line [DIFFBLUE]{"__type":"com.diffblue.cover.buildsystem.model.DefaultEventMessage","project":"uk.gov.gchq.palisade:common","goal":"aggregate-no-fork","cause":null,"state":"SUCCESS"}
13:04:14.887 [INFO]   [Validating]  deserializing line [DIFFBLUE]{"__type":"com.diffblue.cover.buildsystem.model.DefaultEventMessage","project":"uk.gov.gchq.palisade:common","goal":"testResources","cause":null,"state":"STARTED"}
13:04:14.887 [INFO]   [Validating]  out: [INFO] 
13:04:14.887 [INFO]   [Validating]  out: [INFO] --- resources:3.3.1:testResources (default-testResources) @ common ---
13:04:14.889 [INFO]   [Validating]  out: [INFO] skip non existing resourceDirectory /home/jbergqvist/diffblue/Palisade-common/src/test/resources
13:04:14.890 [INFO]   [Validating]  deserializing line [DIFFBLUE]{"__type":"com.diffblue.cover.buildsystem.model.DefaultEventMessage","project":"uk.gov.gchq.palisade:common","goal":"testResources","cause":null,"state":"SUCCESS"}
13:04:14.890 [INFO]   [Validating]  deserializing line [DIFFBLUE]{"__type":"com.diffblue.cover.buildsystem.model.DefaultEventMessage","project":"uk.gov.gchq.palisade:common","goal":"testCompile","cause":null,"state":"STARTED"}
13:04:14.891 [INFO]   [Validating]  out: [INFO] 
13:04:14.891 [INFO]   [Validating]  out: [INFO] --- compiler:3.8.0:testCompile (default-testCompile) @ common ---
13:04:14.897 [INFO]   [Validating]  out: [INFO] Changes detected - recompiling the module!
13:04:14.897 [INFO]   [Validating]  out: [INFO] Compiling 16 source files to /home/jbergqvist/diffblue/Palisade-common/target/test-classes
13:04:15.092 [INFO]   [Validating]  out: [INFO] /home/jbergqvist/diffblue/Palisade-common/src/test/java/uk/gov/gchq/palisade/rule/RulesDiffblueTest.java: Some input files use unchecked or unsafe operations.
13:04:15.092 [INFO]   [Validating]  out: [INFO] /home/jbergqvist/diffblue/Palisade-common/src/test/java/uk/gov/gchq/palisade/rule/RulesDiffblueTest.java: Recompile with -Xlint:unchecked for details.
13:04:15.093 [INFO]   [Validating]  deserializing line [DIFFBLUE]{"__type":"com.diffblue.cover.buildsystem.model.DefaultEventMessage","project":"uk.gov.gchq.palisade:common","goal":"testCompile","cause":null,"state":"SUCCESS"}
13:04:15.095 [INFO]   [Validating]  deserializing line [DIFFBLUE]{"__type":"com.diffblue.cover.buildsystem.model.DefaultEventMessage","project":"uk.gov.gchq.palisade:common","goal":"test","cause":null,"state":"STARTED"}
13:04:15.097 [INFO]   [Validating]  out: [INFO] 
13:04:15.097 [INFO]   [Validating]  out: [INFO] --- surefire:3.2.5:test (default-test) @ common ---
13:04:15.187 [INFO]   [Validating]  out: [INFO] Using auto detected provider org.apache.maven.surefire.junitplatform.JUnitPlatformProvider
13:04:15.226 [INFO]   [Validating]  out: [INFO] 
13:04:15.226 [INFO]   [Validating]  out: [INFO] -------------------------------------------------------
13:04:15.226 [INFO]   [Validating]  out: [INFO]  T E S T S
13:04:15.226 [INFO]   [Validating]  out: [INFO] -------------------------------------------------------
13:04:15.972 [INFO]   [Validating]  out: [INFO] Running uk.gov.gchq.palisade.user.UserIdDiffblueTest
13:04:16.036 [INFO]   [Validating]  out: [INFO] Tests run: 2, Failures: 0, Errors: 0, Skipped: 0, Time elapsed: 0.054 s -- in uk.gov.gchq.palisade.user.UserIdDiffblueTest
13:04:16.036 [INFO]   [Validating]  out: [INFO] Running uk.gov.gchq.palisade.user.UserDiffblueTest
13:04:16.040 [INFO]   [Validating]  out: [INFO] Tests run: 2, Failures: 0, Errors: 0, Skipped: 0, Time elapsed: 0.006 s -- in uk.gov.gchq.palisade.user.UserDiffblueTest
13:04:16.040 [INFO]   [Validating]  out: [INFO] Running uk.gov.gchq.palisade.rule.RulesDiffblueTest
13:04:17.030 [INFO]   [Validating]  out: [INFO] Tests run: 11, Failures: 0, Errors: 0, Skipped: 0, Time elapsed: 0.995 s -- in uk.gov.gchq.palisade.rule.RulesDiffblueTest
13:04:17.031 [INFO]   [Validating]  out: [INFO] Running uk.gov.gchq.palisade.data.serialise.SerialiserDiffblueTest
13:04:17.042 [INFO]   [Validating]  err: SLF4J: Failed to load class "org.slf4j.impl.StaticLoggerBinder".
13:04:17.042 [INFO]   [Validating]  err: SLF4J: Defaulting to no-operation (NOP) logger implementation
13:04:17.042 [INFO]   [Validating]  err: SLF4J: See http://www.slf4j.org/codes.html#StaticLoggerBinder for further details.
13:04:17.055 [INFO]   [Validating]  out: [INFO] Tests run: 3, Failures: 0, Errors: 0, Skipped: 0, Time elapsed: 0.023 s -- in uk.gov.gchq.palisade.data.serialise.SerialiserDiffblueTest
13:04:17.056 [INFO]   [Validating]  out: [INFO] Running uk.gov.gchq.palisade.util.FileResourceBuilderDiffblueTest
13:04:17.064 [INFO]   [Validating]  out: [INFO] Tests run: 2, Failures: 0, Errors: 0, Skipped: 0, Time elapsed: 0.010 s -- in uk.gov.gchq.palisade.util.FileResourceBuilderDiffblueTest
13:04:17.064 [INFO]   [Validating]  out: [INFO] Running uk.gov.gchq.palisade.util.AbstractResourceBuilderDiffblueTest
13:04:17.070 [INFO]   [Validating]  out: [INFO] Tests run: 1, Failures: 0, Errors: 0, Skipped: 0, Time elapsed: 0.006 s -- in uk.gov.gchq.palisade.util.AbstractResourceBuilderDiffblueTest
13:04:17.070 [INFO]   [Validating]  out: [INFO] Running uk.gov.gchq.palisade.util.RulesUtilDiffblueTest
13:04:17.077 [INFO]   [Validating]  out: [INFO] Tests run: 3, Failures: 0, Errors: 0, Skipped: 0, Time elapsed: 0.006 s -- in uk.gov.gchq.palisade.util.RulesUtilDiffblueTest
13:04:17.078 [INFO]   [Validating]  out: [INFO] Running uk.gov.gchq.palisade.util.UriBuilderDiffblueTest
13:04:17.084 [INFO]   [Validating]  out: [INFO] Tests run: 4, Failures: 0, Errors: 0, Skipped: 0, Time elapsed: 0.007 s -- in uk.gov.gchq.palisade.util.UriBuilderDiffblueTest
13:04:17.084 [INFO]   [Validating]  out: [INFO] Running uk.gov.gchq.palisade.ContextDiffblueTest
13:04:17.091 [INFO]   [Validating]  out: [INFO] Tests run: 4, Failures: 0, Errors: 0, Skipped: 0, Time elapsed: 0.005 s -- in uk.gov.gchq.palisade.ContextDiffblueTest
13:04:17.091 [INFO]   [Validating]  out: [INFO] Running uk.gov.gchq.palisade.resource.AbstractResourceDiffblueTest
13:04:17.094 [INFO]   [Validating]  out: [INFO] Tests run: 1, Failures: 0, Errors: 0, Skipped: 0, Time elapsed: 0.003 s -- in uk.gov.gchq.palisade.resource.AbstractResourceDiffblueTest
13:04:17.094 [INFO]   [Validating]  out: [INFO] Running uk.gov.gchq.palisade.resource.impl.SystemResourceDiffblueTest
13:04:17.099 [INFO]   [Validating]  out: [INFO] Tests run: 3, Failures: 0, Errors: 0, Skipped: 0, Time elapsed: 0.004 s -- in uk.gov.gchq.palisade.resource.impl.SystemResourceDiffblueTest
13:04:17.099 [INFO]   [Validating]  out: [INFO] Running uk.gov.gchq.palisade.resource.impl.FileResourceDiffblueTest
13:04:17.149 [INFO]   [Validating]  out: [INFO] Tests run: 8, Failures: 0, Errors: 0, Skipped: 0, Time elapsed: 0.050 s -- in uk.gov.gchq.palisade.resource.impl.FileResourceDiffblueTest
13:04:17.149 [INFO]   [Validating]  out: [INFO] Running uk.gov.gchq.palisade.resource.impl.SimpleConnectionDetailDiffblueTest
13:04:17.153 [INFO]   [Validating]  out: [INFO] Tests run: 1, Failures: 0, Errors: 0, Skipped: 0, Time elapsed: 0.002 s -- in uk.gov.gchq.palisade.resource.impl.SimpleConnectionDetailDiffblueTest
13:04:17.153 [INFO]   [Validating]  out: [INFO] Running uk.gov.gchq.palisade.resource.impl.DirectoryResourceDiffblueTest
13:04:17.158 [INFO]   [Validating]  out: [INFO] Tests run: 4, Failures: 0, Errors: 0, Skipped: 0, Time elapsed: 0.005 s -- in uk.gov.gchq.palisade.resource.impl.DirectoryResourceDiffblueTest
13:04:17.204 [INFO]   [Validating]  out: [INFO] 
13:04:17.204 [INFO]   [Validating]  out: [INFO] Results:
13:04:17.204 [INFO]   [Validating]  out: [INFO] 
13:04:17.204 [INFO]   [Validating]  out: [INFO] Tests run: 49, Failures: 0, Errors: 0, Skipped: 0
13:04:17.204 [INFO]   [Validating]  out: [INFO] 
13:04:17.207 [INFO]   [Validating]  deserializing line [DIFFBLUE]{"__type":"com.diffblue.cover.buildsystem.model.DefaultEventMessage","project":"uk.gov.gchq.palisade:common","goal":"test","cause":null,"state":"SUCCESS"}
13:04:17.226 [INFO]   [Validating]  deserializing line [DIFFBLUE]{"__type":"com.diffblue.cover.buildsystem.model.DefaultProjectModuleMessage","project":{"__type":"DefaultProjectModule","junitReport":["/home/jbergqvist/diffblue/Palisade-common/target/surefire-reports"],"jacocoReport":["/home/jbergqvist/diffblue/Palisade-common/target/site/jacoco/jacoco.xml"],"jacocoDestFile":["${sonar.jacoco.reportPath}","/home/jbergqvist/diffblue/Palisade-common/target/jacoco.exec"],"jacocoFormats":["xml"],"jacocoSkipped":false,"classpath":["/home/jbergqvist/diffblue/Palisade-common/target/classes","/home/jbergqvist/.m2/repository/com/typesafe/akka/akka-stream_2.13/2.6.10/akka-stream_2.13-2.6.10.jar","/home/jbergqvist/.m2/repository/org/scala-lang/scala-library/2.13.3/scala-library-2.13.3.jar","/home/jbergqvist/.m2/repository/com/typesafe/akka/akka-actor_2.13/2.6.10/akka-actor_2.13-2.6.10.jar","/home/jbergqvist/.m2/repository/com/typesafe/config/1.4.0/config-1.4.0.jar","/home/jbergqvist/.m2/repository/org/scala-lang/modules/scala-java8-compat_2.13/0.9.0/scala-java8-compat_2.13-0.9.0.jar","/home/jbergqvist/.m2/repository/com/typesafe/akka/akka-protobuf-v3_2.13/2.6.10/akka-protobuf-v3_2.13-2.6.10.jar","/home/jbergqvist/.m2/repository/org/reactivestreams/reactive-streams/1.0.3/reactive-streams-1.0.3.jar","/home/jbergqvist/.m2/repository/com/typesafe/ssl-config-core_2.13/0.4.2/ssl-config-core_2.13-0.4.2.jar","/home/jbergqvist/.m2/repository/org/scala-lang/modules/scala-parser-combinators_2.13/1.1.2/scala-parser-combinators_2.13-1.1.2.jar","/home/jbergqvist/.m2/repository/org/junit/jupiter/junit-jupiter-engine/5.13.4/junit-jupiter-engine-5.13.4.jar","/home/jbergqvist/.m2/repository/org/junit/platform/junit-platform-engine/1.13.4/junit-platform-engine-1.13.4.jar","/home/jbergqvist/.m2/repository/org/opentest4j/opentest4j/1.3.0/opentest4j-1.3.0.jar","/home/jbergqvist/.m2/repository/org/junit/platform/junit-platform-commons/1.13.4/junit-platform-commons-1.13.4.jar","/home/jbergqvist/.m2/repository/org/junit/jupiter/junit-jupiter-api/5.13.4/junit-jupiter-api-5.13.4.jar","/home/jbergqvist/.m2/repository/org/apiguardian/apiguardian-api/1.1.2/apiguardian-api-1.1.2.jar","/home/jbergqvist/.m2/repository/org/mockito/mockito-core/5.20.0/mockito-core-5.20.0.jar","/home/jbergqvist/.m2/repository/net/bytebuddy/byte-buddy/1.17.7/byte-buddy-1.17.7.jar","/home/jbergqvist/.m2/repository/net/bytebuddy/byte-buddy-agent/1.17.7/byte-buddy-agent-1.17.7.jar","/home/jbergqvist/.m2/repository/org/objenesis/objenesis/3.3/objenesis-3.3.jar","/home/jbergqvist/.m2/repository/org/mockito/mockito-junit-jupiter/5.20.0/mockito-junit-jupiter-5.20.0.jar","/home/jbergqvist/.m2/repository/com/fasterxml/jackson/core/jackson-databind/2.11.0/jackson-databind-2.11.0.jar","/home/jbergqvist/.m2/repository/com/fasterxml/jackson/core/jackson-annotations/2.11.0/jackson-annotations-2.11.0.jar","/home/jbergqvist/.m2/repository/com/fasterxml/jackson/core/jackson-core/2.11.0/jackson-core-2.11.0.jar","/home/jbergqvist/.m2/repository/org/slf4j/slf4j-api/1.7.25/slf4j-api-1.7.25.jar","/home/jbergqvist/.m2/repository/com/diffblue/cover/cover-annotations/1.8.0/cover-annotations-1.8.0.jar"],"complianceLevel":"11","productionSources":["/home/jbergqvist/diffblue/Palisade-common/src/main/java"],"testSources":["/home/jbergqvist/diffblue/Palisade-common/src/test/java"],"productionClasses":"/home/jbergqvist/diffblue/Palisade-common/target/classes","testClasses":"/home/jbergqvist/diffblue/Palisade-common/target/test-classes","sourceToBuildPathMap":null,"testSourceToBuildPathMap":null,"buildDirectory":"/home/jbergqvist/diffblue/Palisade-common/target","plugins":[{"__type":"DefaultPlugin","groupId":"org.apache.maven.plugins","artefactId":"maven-compiler-plugin","version":"3.8.0","pluginClassName":null},{"__type":"DefaultPlugin","groupId":"org.apache.maven.plugins","artefactId":"maven-javadoc-plugin","version":"3.1.0","pluginClassName":null},{"__type":"DefaultPlugin","groupId":"org.apache.maven.plugins","artefactId":"maven-dependency-plugin","version":"3.1.2","pluginClassName":null},{"__type":"DefaultPlugin","groupId":"org.codehaus.mojo","artefactId":"flatten-maven-plugin","version":"1.1.0","pluginClassName":null},{"__type":"DefaultPlugin","groupId":"org.codehaus.mojo","artefactId":"license-maven-plugin","version":"2.0.0","pluginClassName":null},{"__type":"DefaultPlugin","groupId":"org.jacoco","artefactId":"jacoco-maven-plugin","version":"0.8.5","pluginClassName":null},{"__type":"DefaultPlugin","groupId":"org.apache.maven.plugins","artefactId":"maven-checkstyle-plugin","version":"3.1.0","pluginClassName":null},{"__type":"DefaultPlugin","groupId":"org.apache.maven.plugins","artefactId":"maven-clean-plugin","version":"3.2.0","pluginClassName":null},{"__type":"DefaultPlugin","groupId":"org.apache.maven.plugins","artefactId":"maven-resources-plugin","version":"3.3.1","pluginClassName":null},{"__type":"DefaultPlugin","groupId":"org.apache.maven.plugins","artefactId":"maven-jar-plugin","version":"3.4.1","pluginClassName":null},{"__type":"DefaultPlugin","groupId":"org.apache.maven.plugins","artefactId":"maven-surefire-plugin","version":"3.2.5","pluginClassName":null},{"__type":"DefaultPlugin","groupId":"org.apache.maven.plugins","artefactId":"maven-install-plugin","version":"3.1.2","pluginClassName":null},{"__type":"DefaultPlugin","groupId":"org.apache.maven.plugins","artefactId":"maven-deploy-plugin","version":"3.1.2","pluginClassName":null},{"__type":"DefaultPlugin","groupId":"org.apache.maven.plugins","artefactId":"maven-site-plugin","version":"3.12.1","pluginClassName":null}],"version":"3.9.12","encoding":"UTF-8","name":"maven","subModules":[],"simpleModuleName":null,"parentModuleName":null,"location":"/home/jbergqvist/diffblue/Palisade-common","fullModuleName":"uk.gov.gchq.palisade:common"}}
13:04:17.228 [INFO]   [Validating]  out: [INFO] ------------------------------------------------------------------------
13:04:17.228 [INFO]   [Validating]  out: [INFO] BUILD SUCCESS
13:04:17.228 [INFO]   [Validating]  out: [INFO] ------------------------------------------------------------------------
13:04:17.228 [INFO]   [Validating]  out: [INFO] Total time:  7.520 s
13:04:17.228 [INFO]   [Validating]  out: [INFO] Finished at: 2026-01-12T13:04:17Z
13:04:17.228 [INFO]   [Validating]  out: [INFO] ------------------------------------------------------------------------
13:04:17.229 [INFO]   [Validating]  deserializing line [DIFFBLUE]{"__type":"com.diffblue.cover.buildsystem.model.ProjectInfoMessage","projectName":"uk.gov.gchq.palisade:common","productionSources":["/home/jbergqvist/diffblue/Palisade-common/src/main/java","/home/jbergqvist/diffblue/Palisade-common/target/generated-sources/annotations"],"testSources":["/home/jbergqvist/diffblue/Palisade-common/src/test/java","/home/jbergqvist/diffblue/Palisade-common/target/generated-test-sources/test-annotations"],"location":"/home/jbergqvist/diffblue/Palisade-common"}
13:04:17.272 [INFO]   [Validating]  maven:err process not stopped, joining thread
13:04:17.273 [INFO]   [Validating]  maven:out process not stopped, joining thread
13:04:17.321 [INFO]   [Validating]  All 49 created tests were successfully validated.
13:04:17.337 [INFO]   [Measuring]   Calculating coverage from Diffblue tests.
13:04:17.338 [INFO]   [Measuring]   Using default build rules as no custom rules found in any of [/home/jbergqvist/diffblue/Palisade-common]
13:04:17.338 [INFO]   [Measuring]   Using default build rules as no custom rules found in any of [/home/jbergqvist/diffblue/Palisade-common]
13:04:17.339 [INFO]   [Measuring]   Attempting to invoke mvnw in working directory: /home/jbergqvist/diffblue/Palisade-common
13:04:17.339 [INFO]   [Measuring]   Attempting to invoke /home/jbergqvist/.sdkman/candidates/maven/current/bin/mvn in working directory: /home/jbergqvist/diffblue/Palisade-common
13:04:17.340 [INFO]   [Measuring]   Started "/home/jbergqvist/.sdkman/candidates/maven/current/bin/mvn -Dmaven.ext.class.path=/opt/cover/cover-buildsystem-maven-spy-jar-with-dependencies.jar -Dcom.diffblue.cover.skipTests=true -DskipTestOptimizer --batch-mode --projects=uk.gov.gchq.palisade:common --global-settings=/home/jbergqvist/.sdkman/candidates/maven/current/conf/settings.xml org.apache.maven.plugins:maven-checkstyle-plugin:check -Dcheckstyle.failOnViolation=false org.jacoco:jacoco-maven-plugin:0.8.5:prepare-agent -Djacoco.skip=false test -DfailIfNoTests=false -Dsurefire.failIfNoSpecifiedTests=false -Dmaven.test.failure.ignore=True -Dtest=*DiffblueTest org.jacoco:jacoco-maven-plugin:0.8.5:report -Djacoco.skip=false"
13:04:18.137 [INFO]   [Measuring]   out: [INFO] Scanning for projects...
13:04:18.256 [INFO]   [Measuring]   out: [INFO] 
13:04:18.257 [INFO]   [Measuring]   out: [INFO] --------------------< uk.gov.gchq.palisade:common >---------------------
13:04:18.257 [INFO]   [Measuring]   out: [INFO] Building GCHQ Palisade Common Library 0.5.2-SNAPSHOT
13:04:18.257 [INFO]   [Measuring]   out: [INFO]   from pom.xml
13:04:18.257 [INFO]   [Measuring]   out: [INFO] --------------------------------[ jar ]---------------------------------
13:04:18.498 [INFO]   [Measuring]   deserializing line [DIFFBLUE]{"__type":"com.diffblue.cover.buildsystem.model.DefaultEventMessage","project":"uk.gov.gchq.palisade:common","goal":"check","cause":null,"state":"STARTED"}
13:04:18.500 [INFO]   [Measuring]   out: [INFO] 
13:04:18.500 [INFO]   [Measuring]   out: [INFO] --- checkstyle:3.1.0:check (default-cli) @ common ---
13:04:19.617 [INFO]   [Measuring]   out: [INFO] Starting audit...
13:04:19.618 [INFO]   [Measuring]   out: Audit done.
13:04:19.627 [INFO]   [Measuring]   deserializing line [DIFFBLUE]{"__type":"com.diffblue.cover.buildsystem.model.DefaultEventMessage","project":"uk.gov.gchq.palisade:common","goal":"check","cause":null,"state":"SUCCESS"}
13:04:19.629 [INFO]   [Measuring]   deserializing line [DIFFBLUE]{"__type":"com.diffblue.cover.buildsystem.model.DefaultEventMessage","project":"uk.gov.gchq.palisade:common","goal":"prepare-agent","cause":null,"state":"STARTED"}
13:04:19.631 [INFO]   [Measuring]   out: [INFO] 
13:04:19.631 [INFO]   [Measuring]   out: [INFO] --- jacoco:0.8.5:prepare-agent (default-cli) @ common ---
13:04:19.756 [INFO]   [Measuring]   out: [INFO] argLine set to -javaagent:/home/jbergqvist/.m2/repository/org/jacoco/org.jacoco.agent/0.8.5/org.jacoco.agent-0.8.5-runtime.jar=destfile=/home/jbergqvist/diffblue/Palisade-common/target/jacoco.exec,append=true
13:04:19.758 [INFO]   [Measuring]   deserializing line [DIFFBLUE]{"__type":"com.diffblue.cover.buildsystem.model.DefaultEventMessage","project":"uk.gov.gchq.palisade:common","goal":"prepare-agent","cause":null,"state":"SUCCESS"}
13:04:19.760 [INFO]   [Measuring]   deserializing line [DIFFBLUE]{"__type":"com.diffblue.cover.buildsystem.model.DefaultEventMessage","project":"uk.gov.gchq.palisade:common","goal":"prepare-agent","cause":null,"state":"STARTED"}
13:04:19.760 [INFO]   [Measuring]   out: [INFO] 
13:04:19.760 [INFO]   [Measuring]   out: [INFO] --- jacoco:0.8.5:prepare-agent (agent) @ common ---
13:04:19.761 [INFO]   [Measuring]   out: [INFO] argLine set to -javaagent:/home/jbergqvist/.m2/repository/org/jacoco/org.jacoco.agent/0.8.5/org.jacoco.agent-0.8.5-runtime.jar=destfile=/home/jbergqvist/diffblue/Palisade-common/target/jacoco.exec,append=true
13:04:19.762 [INFO]   [Measuring]   deserializing line [DIFFBLUE]{"__type":"com.diffblue.cover.buildsystem.model.DefaultEventMessage","project":"uk.gov.gchq.palisade:common","goal":"prepare-agent","cause":null,"state":"SUCCESS"}
13:04:19.764 [INFO]   [Measuring]   deserializing line [DIFFBLUE]{"__type":"com.diffblue.cover.buildsystem.model.DefaultEventMessage","project":"uk.gov.gchq.palisade:common","goal":"resources","cause":null,"state":"STARTED"}
13:04:19.765 [INFO]   [Measuring]   out: [INFO] 
13:04:19.765 [INFO]   [Measuring]   out: [INFO] --- resources:3.3.1:resources (default-resources) @ common ---
13:04:19.819 [INFO]   [Measuring]   out: [INFO] Copying 1 resource from src/main/resources to target/classes
13:04:19.824 [INFO]   [Measuring]   deserializing line [DIFFBLUE]{"__type":"com.diffblue.cover.buildsystem.model.DefaultEventMessage","project":"uk.gov.gchq.palisade:common","goal":"resources","cause":null,"state":"SUCCESS"}
13:04:19.825 [INFO]   [Measuring]   deserializing line [DIFFBLUE]{"__type":"com.diffblue.cover.buildsystem.model.DefaultEventMessage","project":"uk.gov.gchq.palisade:common","goal":"flatten","cause":null,"state":"STARTED"}
13:04:19.826 [INFO]   [Measuring]   out: [INFO] 
13:04:19.826 [INFO]   [Measuring]   out: [INFO] --- flatten:1.1.0:flatten (flatten) @ common ---
13:04:19.949 [INFO]   [Measuring]   out: [INFO] Generating flattened POM of project uk.gov.gchq.palisade:common:jar:0.5.2-SNAPSHOT...
13:04:19.983 [INFO]   [Measuring]   deserializing line [DIFFBLUE]{"__type":"com.diffblue.cover.buildsystem.model.DefaultEventMessage","project":"uk.gov.gchq.palisade:common","goal":"flatten","cause":null,"state":"SUCCESS"}
13:04:19.985 [INFO]   [Measuring]   deserializing line [DIFFBLUE]{"__type":"com.diffblue.cover.buildsystem.model.DefaultEventMessage","project":"uk.gov.gchq.palisade:common","goal":"compile","cause":null,"state":"STARTED"}
13:04:19.986 [INFO]   [Measuring]   out: [INFO] 
13:04:19.986 [INFO]   [Measuring]   out: [INFO] --- compiler:3.8.0:compile (default-compile) @ common ---
13:04:20.070 [INFO]   [Measuring]   out: [INFO] Nothing to compile - all classes are up to date
13:04:20.071 [INFO]   [Measuring]   deserializing line [DIFFBLUE]{"__type":"com.diffblue.cover.buildsystem.model.DefaultEventMessage","project":"uk.gov.gchq.palisade:common","goal":"compile","cause":null,"state":"SUCCESS"}
13:04:20.073 [INFO]   [Measuring]   deserializing line [DIFFBLUE]{"__type":"com.diffblue.cover.buildsystem.model.DefaultEventMessage","project":"uk.gov.gchq.palisade:common","goal":"javadoc-no-fork","cause":null,"state":"STARTED"}
13:04:20.074 [INFO]   [Measuring]   out: [INFO] 
13:04:20.074 [INFO]   [Measuring]   out: [INFO] --- javadoc:3.1.0:javadoc-no-fork (javadoc-compile) @ common ---
13:04:21.615 [INFO]   [Measuring]   deserializing line [DIFFBLUE]{"__type":"com.diffblue.cover.buildsystem.model.DefaultEventMessage","project":"uk.gov.gchq.palisade:common","goal":"javadoc-no-fork","cause":null,"state":"SUCCESS"}
13:04:21.616 [INFO]   [Measuring]   deserializing line [DIFFBLUE]{"__type":"com.diffblue.cover.buildsystem.model.DefaultEventMessage","project":"uk.gov.gchq.palisade:common","goal":"aggregate-no-fork","cause":null,"state":"STARTED"}
13:04:21.617 [INFO]   [Measuring]   out: [INFO] 
13:04:21.617 [INFO]   [Measuring]   out: [INFO] --- javadoc:3.1.0:aggregate-no-fork (javadoc-compile) @ common ---
13:04:23.051 [INFO]   [Measuring]   deserializing line [DIFFBLUE]{"__type":"com.diffblue.cover.buildsystem.model.DefaultEventMessage","project":"uk.gov.gchq.palisade:common","goal":"aggregate-no-fork","cause":null,"state":"SUCCESS"}
13:04:23.054 [INFO]   [Measuring]   deserializing line [DIFFBLUE]{"__type":"com.diffblue.cover.buildsystem.model.DefaultEventMessage","project":"uk.gov.gchq.palisade:common","goal":"testResources","cause":null,"state":"STARTED"}
13:04:23.055 [INFO]   [Measuring]   out: [INFO] 
13:04:23.055 [INFO]   [Measuring]   out: [INFO] --- resources:3.3.1:testResources (default-testResources) @ common ---
13:04:23.059 [INFO]   [Measuring]   out: [INFO] skip non existing resourceDirectory /home/jbergqvist/diffblue/Palisade-common/src/test/resources
13:04:23.061 [INFO]   [Measuring]   deserializing line [DIFFBLUE]{"__type":"com.diffblue.cover.buildsystem.model.DefaultEventMessage","project":"uk.gov.gchq.palisade:common","goal":"testResources","cause":null,"state":"SUCCESS"}
13:04:23.063 [INFO]   [Measuring]   deserializing line [DIFFBLUE]{"__type":"com.diffblue.cover.buildsystem.model.DefaultEventMessage","project":"uk.gov.gchq.palisade:common","goal":"testCompile","cause":null,"state":"STARTED"}
13:04:23.064 [INFO]   [Measuring]   out: [INFO] 
13:04:23.064 [INFO]   [Measuring]   out: [INFO] --- compiler:3.8.0:testCompile (default-testCompile) @ common ---
13:04:23.069 [INFO]   [Measuring]   out: [INFO] Nothing to compile - all classes are up to date
13:04:23.070 [INFO]   [Measuring]   deserializing line [DIFFBLUE]{"__type":"com.diffblue.cover.buildsystem.model.DefaultEventMessage","project":"uk.gov.gchq.palisade:common","goal":"testCompile","cause":null,"state":"SUCCESS"}
13:04:23.070 [INFO]   [Measuring]   deserializing line [DIFFBLUE]{"__type":"com.diffblue.cover.buildsystem.model.DefaultEventMessage","project":"uk.gov.gchq.palisade:common","goal":"test","cause":null,"state":"STARTED"}
13:04:23.071 [INFO]   [Measuring]   out: [INFO] 
13:04:23.071 [INFO]   [Measuring]   out: [INFO] --- surefire:3.2.5:test (default-test) @ common ---
13:04:23.168 [INFO]   [Measuring]   out: [INFO] Using auto detected provider org.apache.maven.surefire.junitplatform.JUnitPlatformProvider
13:04:23.202 [INFO]   [Measuring]   out: [INFO] 
13:04:23.202 [INFO]   [Measuring]   out: [INFO] -------------------------------------------------------
13:04:23.202 [INFO]   [Measuring]   out: [INFO]  T E S T S
13:04:23.202 [INFO]   [Measuring]   out: [INFO] -------------------------------------------------------
13:04:23.900 [INFO]   [Measuring]   out: [INFO] Running uk.gov.gchq.palisade.user.UserIdDiffblueTest
13:04:23.951 [INFO]   [Measuring]   out: [INFO] Tests run: 2, Failures: 0, Errors: 0, Skipped: 0, Time elapsed: 0.041 s -- in uk.gov.gchq.palisade.user.UserIdDiffblueTest
13:04:23.952 [INFO]   [Measuring]   out: [INFO] Running uk.gov.gchq.palisade.user.UserDiffblueTest
13:04:23.955 [INFO]   [Measuring]   out: [INFO] Tests run: 2, Failures: 0, Errors: 0, Skipped: 0, Time elapsed: 0.005 s -- in uk.gov.gchq.palisade.user.UserDiffblueTest
13:04:23.955 [INFO]   [Measuring]   out: [INFO] Running uk.gov.gchq.palisade.rule.RulesDiffblueTest
13:04:24.876 [INFO]   [Measuring]   out: [INFO] Tests run: 11, Failures: 0, Errors: 0, Skipped: 0, Time elapsed: 0.928 s -- in uk.gov.gchq.palisade.rule.RulesDiffblueTest
13:04:24.877 [INFO]   [Measuring]   out: [INFO] Running uk.gov.gchq.palisade.data.serialise.SerialiserDiffblueTest
13:04:24.888 [INFO]   [Measuring]   err: SLF4J: Failed to load class "org.slf4j.impl.StaticLoggerBinder".
13:04:24.888 [INFO]   [Measuring]   err: SLF4J: Defaulting to no-operation (NOP) logger implementation
13:04:24.888 [INFO]   [Measuring]   err: SLF4J: See http://www.slf4j.org/codes.html#StaticLoggerBinder for further details.
13:04:24.904 [INFO]   [Measuring]   out: [INFO] Tests run: 3, Failures: 0, Errors: 0, Skipped: 0, Time elapsed: 0.025 s -- in uk.gov.gchq.palisade.data.serialise.SerialiserDiffblueTest
13:04:24.904 [INFO]   [Measuring]   out: [INFO] Running uk.gov.gchq.palisade.util.FileResourceBuilderDiffblueTest
13:04:24.912 [INFO]   [Measuring]   out: [INFO] Tests run: 2, Failures: 0, Errors: 0, Skipped: 0, Time elapsed: 0.009 s -- in uk.gov.gchq.palisade.util.FileResourceBuilderDiffblueTest
13:04:24.912 [INFO]   [Measuring]   out: [INFO] Running uk.gov.gchq.palisade.util.AbstractResourceBuilderDiffblueTest
13:04:24.918 [INFO]   [Measuring]   out: [INFO] Tests run: 1, Failures: 0, Errors: 0, Skipped: 0, Time elapsed: 0.006 s -- in uk.gov.gchq.palisade.util.AbstractResourceBuilderDiffblueTest
13:04:24.918 [INFO]   [Measuring]   out: [INFO] Running uk.gov.gchq.palisade.util.RulesUtilDiffblueTest
13:04:24.925 [INFO]   [Measuring]   out: [INFO] Tests run: 3, Failures: 0, Errors: 0, Skipped: 0, Time elapsed: 0.006 s -- in uk.gov.gchq.palisade.util.RulesUtilDiffblueTest
13:04:24.925 [INFO]   [Measuring]   out: [INFO] Running uk.gov.gchq.palisade.util.UriBuilderDiffblueTest
13:04:24.931 [INFO]   [Measuring]   out: [INFO] Tests run: 4, Failures: 0, Errors: 0, Skipped: 0, Time elapsed: 0.005 s -- in uk.gov.gchq.palisade.util.UriBuilderDiffblueTest
13:04:24.931 [INFO]   [Measuring]   out: [INFO] Running uk.gov.gchq.palisade.ContextDiffblueTest
13:04:24.935 [INFO]   [Measuring]   out: [INFO] Tests run: 4, Failures: 0, Errors: 0, Skipped: 0, Time elapsed: 0.003 s -- in uk.gov.gchq.palisade.ContextDiffblueTest
13:04:24.935 [INFO]   [Measuring]   out: [INFO] Running uk.gov.gchq.palisade.resource.AbstractResourceDiffblueTest
13:04:24.938 [INFO]   [Measuring]   out: [INFO] Tests run: 1, Failures: 0, Errors: 0, Skipped: 0, Time elapsed: 0.002 s -- in uk.gov.gchq.palisade.resource.AbstractResourceDiffblueTest
13:04:24.938 [INFO]   [Measuring]   out: [INFO] Running uk.gov.gchq.palisade.resource.impl.SystemResourceDiffblueTest
13:04:24.942 [INFO]   [Measuring]   out: [INFO] Tests run: 3, Failures: 0, Errors: 0, Skipped: 0, Time elapsed: 0.003 s -- in uk.gov.gchq.palisade.resource.impl.SystemResourceDiffblueTest
13:04:24.942 [INFO]   [Measuring]   out: [INFO] Running uk.gov.gchq.palisade.resource.impl.FileResourceDiffblueTest
13:04:24.994 [INFO]   [Measuring]   out: [INFO] Tests run: 8, Failures: 0, Errors: 0, Skipped: 0, Time elapsed: 0.052 s -- in uk.gov.gchq.palisade.resource.impl.FileResourceDiffblueTest
13:04:24.995 [INFO]   [Measuring]   out: [INFO] Running uk.gov.gchq.palisade.resource.impl.SimpleConnectionDetailDiffblueTest
13:04:24.998 [INFO]   [Measuring]   out: [INFO] Tests run: 1, Failures: 0, Errors: 0, Skipped: 0, Time elapsed: 0.003 s -- in uk.gov.gchq.palisade.resource.impl.SimpleConnectionDetailDiffblueTest
13:04:24.998 [INFO]   [Measuring]   out: [INFO] Running uk.gov.gchq.palisade.resource.impl.DirectoryResourceDiffblueTest
13:04:25.002 [INFO]   [Measuring]   out: [INFO] Tests run: 4, Failures: 0, Errors: 0, Skipped: 0, Time elapsed: 0.003 s -- in uk.gov.gchq.palisade.resource.impl.DirectoryResourceDiffblueTest
13:04:25.061 [INFO]   [Measuring]   out: [INFO] 
13:04:25.061 [INFO]   [Measuring]   out: [INFO] Results:
13:04:25.061 [INFO]   [Measuring]   out: [INFO] 
13:04:25.061 [INFO]   [Measuring]   out: [INFO] Tests run: 49, Failures: 0, Errors: 0, Skipped: 0
13:04:25.061 [INFO]   [Measuring]   out: [INFO] 
13:04:25.064 [INFO]   [Measuring]   deserializing line [DIFFBLUE]{"__type":"com.diffblue.cover.buildsystem.model.DefaultEventMessage","project":"uk.gov.gchq.palisade:common","goal":"test","cause":null,"state":"SUCCESS"}
13:04:25.065 [INFO]   [Measuring]   deserializing line [DIFFBLUE]{"__type":"com.diffblue.cover.buildsystem.model.DefaultEventMessage","project":"uk.gov.gchq.palisade:common","goal":"report","cause":null,"state":"STARTED"}
13:04:25.066 [INFO]   [Measuring]   out: [INFO] 
13:04:25.066 [INFO]   [Measuring]   out: [INFO] --- jacoco:0.8.5:report (default-cli) @ common ---
13:04:25.102 [INFO]   [Measuring]   out: [INFO] Loading execution data file /home/jbergqvist/diffblue/Palisade-common/target/jacoco.exec
13:04:25.161 [INFO]   [Measuring]   out: [INFO] Analyzed bundle 'GCHQ Palisade Common Library' with 25 classes
13:04:25.220 [INFO]   [Measuring]   deserializing line [DIFFBLUE]{"__type":"com.diffblue.cover.buildsystem.model.DefaultEventMessage","project":"uk.gov.gchq.palisade:common","goal":"report","cause":null,"state":"SUCCESS"}
13:04:25.238 [INFO]   [Measuring]   deserializing line [DIFFBLUE]{"__type":"com.diffblue.cover.buildsystem.model.DefaultProjectModuleMessage","project":{"__type":"DefaultProjectModule","junitReport":["/home/jbergqvist/diffblue/Palisade-common/target/surefire-reports"],"jacocoReport":["/home/jbergqvist/diffblue/Palisade-common/target/site/jacoco/jacoco.xml"],"jacocoDestFile":["${sonar.jacoco.reportPath}","/home/jbergqvist/diffblue/Palisade-common/target/jacoco.exec"],"jacocoFormats":["xml"],"jacocoSkipped":false,"classpath":["/home/jbergqvist/diffblue/Palisade-common/target/classes","/home/jbergqvist/.m2/repository/com/typesafe/akka/akka-stream_2.13/2.6.10/akka-stream_2.13-2.6.10.jar","/home/jbergqvist/.m2/repository/org/scala-lang/scala-library/2.13.3/scala-library-2.13.3.jar","/home/jbergqvist/.m2/repository/com/typesafe/akka/akka-actor_2.13/2.6.10/akka-actor_2.13-2.6.10.jar","/home/jbergqvist/.m2/repository/com/typesafe/config/1.4.0/config-1.4.0.jar","/home/jbergqvist/.m2/repository/org/scala-lang/modules/scala-java8-compat_2.13/0.9.0/scala-java8-compat_2.13-0.9.0.jar","/home/jbergqvist/.m2/repository/com/typesafe/akka/akka-protobuf-v3_2.13/2.6.10/akka-protobuf-v3_2.13-2.6.10.jar","/home/jbergqvist/.m2/repository/org/reactivestreams/reactive-streams/1.0.3/reactive-streams-1.0.3.jar","/home/jbergqvist/.m2/repository/com/typesafe/ssl-config-core_2.13/0.4.2/ssl-config-core_2.13-0.4.2.jar","/home/jbergqvist/.m2/repository/org/scala-lang/modules/scala-parser-combinators_2.13/1.1.2/scala-parser-combinators_2.13-1.1.2.jar","/home/jbergqvist/.m2/repository/org/junit/jupiter/junit-jupiter-engine/5.13.4/junit-jupiter-engine-5.13.4.jar","/home/jbergqvist/.m2/repository/org/junit/platform/junit-platform-engine/1.13.4/junit-platform-engine-1.13.4.jar","/home/jbergqvist/.m2/repository/org/opentest4j/opentest4j/1.3.0/opentest4j-1.3.0.jar","/home/jbergqvist/.m2/repository/org/junit/platform/junit-platform-commons/1.13.4/junit-platform-commons-1.13.4.jar","/home/jbergqvist/.m2/repository/org/junit/jupiter/junit-jupiter-api/5.13.4/junit-jupiter-api-5.13.4.jar","/home/jbergqvist/.m2/repository/org/apiguardian/apiguardian-api/1.1.2/apiguardian-api-1.1.2.jar","/home/jbergqvist/.m2/repository/org/mockito/mockito-core/5.20.0/mockito-core-5.20.0.jar","/home/jbergqvist/.m2/repository/net/bytebuddy/byte-buddy/1.17.7/byte-buddy-1.17.7.jar","/home/jbergqvist/.m2/repository/net/bytebuddy/byte-buddy-agent/1.17.7/byte-buddy-agent-1.17.7.jar","/home/jbergqvist/.m2/repository/org/objenesis/objenesis/3.3/objenesis-3.3.jar","/home/jbergqvist/.m2/repository/org/mockito/mockito-junit-jupiter/5.20.0/mockito-junit-jupiter-5.20.0.jar","/home/jbergqvist/.m2/repository/com/fasterxml/jackson/core/jackson-databind/2.11.0/jackson-databind-2.11.0.jar","/home/jbergqvist/.m2/repository/com/fasterxml/jackson/core/jackson-annotations/2.11.0/jackson-annotations-2.11.0.jar","/home/jbergqvist/.m2/repository/com/fasterxml/jackson/core/jackson-core/2.11.0/jackson-core-2.11.0.jar","/home/jbergqvist/.m2/repository/org/slf4j/slf4j-api/1.7.25/slf4j-api-1.7.25.jar","/home/jbergqvist/.m2/repository/com/diffblue/cover/cover-annotations/1.8.0/cover-annotations-1.8.0.jar"],"complianceLevel":"11","productionSources":["/home/jbergqvist/diffblue/Palisade-common/src/main/java"],"testSources":["/home/jbergqvist/diffblue/Palisade-common/src/test/java"],"productionClasses":"/home/jbergqvist/diffblue/Palisade-common/target/classes","testClasses":"/home/jbergqvist/diffblue/Palisade-common/target/test-classes","sourceToBuildPathMap":null,"testSourceToBuildPathMap":null,"buildDirectory":"/home/jbergqvist/diffblue/Palisade-common/target","plugins":[{"__type":"DefaultPlugin","groupId":"org.apache.maven.plugins","artefactId":"maven-compiler-plugin","version":"3.8.0","pluginClassName":null},{"__type":"DefaultPlugin","groupId":"org.apache.maven.plugins","artefactId":"maven-javadoc-plugin","version":"3.1.0","pluginClassName":null},{"__type":"DefaultPlugin","groupId":"org.apache.maven.plugins","artefactId":"maven-dependency-plugin","version":"3.1.2","pluginClassName":null},{"__type":"DefaultPlugin","groupId":"org.codehaus.mojo","artefactId":"flatten-maven-plugin","version":"1.1.0","pluginClassName":null},{"__type":"DefaultPlugin","groupId":"org.codehaus.mojo","artefactId":"license-maven-plugin","version":"2.0.0","pluginClassName":null},{"__type":"DefaultPlugin","groupId":"org.jacoco","artefactId":"jacoco-maven-plugin","version":"0.8.5","pluginClassName":null},{"__type":"DefaultPlugin","groupId":"org.apache.maven.plugins","artefactId":"maven-checkstyle-plugin","version":"3.1.0","pluginClassName":null},{"__type":"DefaultPlugin","groupId":"org.apache.maven.plugins","artefactId":"maven-clean-plugin","version":"3.2.0","pluginClassName":null},{"__type":"DefaultPlugin","groupId":"org.apache.maven.plugins","artefactId":"maven-resources-plugin","version":"3.3.1","pluginClassName":null},{"__type":"DefaultPlugin","groupId":"org.apache.maven.plugins","artefactId":"maven-jar-plugin","version":"3.4.1","pluginClassName":null},{"__type":"DefaultPlugin","groupId":"org.apache.maven.plugins","artefactId":"maven-surefire-plugin","version":"3.2.5","pluginClassName":null},{"__type":"DefaultPlugin","groupId":"org.apache.maven.plugins","artefactId":"maven-install-plugin","version":"3.1.2","pluginClassName":null},{"__type":"DefaultPlugin","groupId":"org.apache.maven.plugins","artefactId":"maven-deploy-plugin","version":"3.1.2","pluginClassName":null},{"__type":"DefaultPlugin","groupId":"org.apache.maven.plugins","artefactId":"maven-site-plugin","version":"3.12.1","pluginClassName":null}],"version":"3.9.12","encoding":"UTF-8","name":"maven","subModules":[],"simpleModuleName":null,"parentModuleName":null,"location":"/home/jbergqvist/diffblue/Palisade-common","fullModuleName":"uk.gov.gchq.palisade:common"}}
13:04:25.241 [INFO]   [Measuring]   out: [INFO] ------------------------------------------------------------------------
13:04:25.241 [INFO]   [Measuring]   out: [INFO] BUILD SUCCESS
13:04:25.241 [INFO]   [Measuring]   out: [INFO] ------------------------------------------------------------------------
13:04:25.241 [INFO]   [Measuring]   out: [INFO] Total time:  7.116 s
13:04:25.241 [INFO]   [Measuring]   out: [INFO] Finished at: 2026-01-12T13:04:25Z
13:04:25.241 [INFO]   [Measuring]   out: [INFO] ------------------------------------------------------------------------
13:04:25.242 [INFO]   [Measuring]   deserializing line [DIFFBLUE]{"__type":"com.diffblue.cover.buildsystem.model.ProjectInfoMessage","projectName":"uk.gov.gchq.palisade:common","productionSources":["/home/jbergqvist/diffblue/Palisade-common/src/main/java","/home/jbergqvist/diffblue/Palisade-common/target/generated-sources/annotations"],"testSources":["/home/jbergqvist/diffblue/Palisade-common/src/test/java","/home/jbergqvist/diffblue/Palisade-common/target/generated-test-sources/test-annotations"],"location":"/home/jbergqvist/diffblue/Palisade-common"}
13:04:25.286 [INFO]   [Measuring]   maven:err process not stopped, joining thread
13:04:25.287 [INFO]   [Measuring]   maven:out process not stopped, joining thread
13:04:25.287 [INFO]   [Measuring]   Attempting to invoke mvnw in working directory: /home/jbergqvist/diffblue/Palisade-common
13:04:25.287 [INFO]   [Measuring]   Attempting to invoke /home/jbergqvist/.sdkman/candidates/maven/current/bin/mvn in working directory: /home/jbergqvist/diffblue/Palisade-common
13:04:25.288 [INFO]   [Measuring]   Started "/home/jbergqvist/.sdkman/candidates/maven/current/bin/mvn -Dmaven.ext.class.path=/opt/cover/cover-buildsystem-maven-spy-jar-with-dependencies.jar -Dcom.diffblue.cover.skipTests=true -DskipTestOptimizer --batch-mode --projects=uk.gov.gchq.palisade:common --global-settings=/home/jbergqvist/.sdkman/candidates/maven/current/conf/settings.xml org.apache.maven.plugins:maven-checkstyle-plugin:check -Dcheckstyle.failOnViolation=false org.jacoco:jacoco-maven-plugin:0.8.5:prepare-agent -Djacoco.skip=false test -DfailIfNoTests=false -Dsurefire.failIfNoSpecifiedTests=false -Dmaven.test.failure.ignore=True -Dtest=!*DiffblueTest,**/Test*.java,**/*Test.java,**/*Tests.java,**/*TestCase.java -Dgroups=MaintainedByDiffblue,ContributionFromDiffblue org.jacoco:jacoco-maven-plugin:0.8.5:report -Djacoco.skip=false"
13:04:26.043 [INFO]   [Measuring]   out: [INFO] Scanning for projects...
13:04:26.146 [INFO]   [Measuring]   out: [INFO] 
13:04:26.146 [INFO]   [Measuring]   out: [INFO] --------------------< uk.gov.gchq.palisade:common >---------------------
13:04:26.146 [INFO]   [Measuring]   out: [INFO] Building GCHQ Palisade Common Library 0.5.2-SNAPSHOT
13:04:26.146 [INFO]   [Measuring]   out: [INFO]   from pom.xml
13:04:26.146 [INFO]   [Measuring]   out: [INFO] --------------------------------[ jar ]---------------------------------
13:04:26.389 [INFO]   [Measuring]   deserializing line [DIFFBLUE]{"__type":"com.diffblue.cover.buildsystem.model.DefaultEventMessage","project":"uk.gov.gchq.palisade:common","goal":"check","cause":null,"state":"STARTED"}
13:04:26.390 [INFO]   [Measuring]   out: [INFO] 
13:04:26.390 [INFO]   [Measuring]   out: [INFO] --- checkstyle:3.1.0:check (default-cli) @ common ---
13:04:27.036 [INFO]   [Measuring]   out: [INFO] Starting audit...
13:04:27.036 [INFO]   [Measuring]   out: Audit done.
13:04:27.042 [INFO]   [Measuring]   deserializing line [DIFFBLUE]{"__type":"com.diffblue.cover.buildsystem.model.DefaultEventMessage","project":"uk.gov.gchq.palisade:common","goal":"check","cause":null,"state":"SUCCESS"}
13:04:27.044 [INFO]   [Measuring]   deserializing line [DIFFBLUE]{"__type":"com.diffblue.cover.buildsystem.model.DefaultEventMessage","project":"uk.gov.gchq.palisade:common","goal":"prepare-agent","cause":null,"state":"STARTED"}
13:04:27.045 [INFO]   [Measuring]   out: [INFO] 
13:04:27.045 [INFO]   [Measuring]   out: [INFO] --- jacoco:0.8.5:prepare-agent (default-cli) @ common ---
13:04:27.157 [INFO]   [Measuring]   out: [INFO] argLine set to -javaagent:/home/jbergqvist/.m2/repository/org/jacoco/org.jacoco.agent/0.8.5/org.jacoco.agent-0.8.5-runtime.jar=destfile=/home/jbergqvist/diffblue/Palisade-common/target/jacoco.exec,append=true
13:04:27.158 [INFO]   [Measuring]   deserializing line [DIFFBLUE]{"__type":"com.diffblue.cover.buildsystem.model.DefaultEventMessage","project":"uk.gov.gchq.palisade:common","goal":"prepare-agent","cause":null,"state":"SUCCESS"}
13:04:27.160 [INFO]   [Measuring]   deserializing line [DIFFBLUE]{"__type":"com.diffblue.cover.buildsystem.model.DefaultEventMessage","project":"uk.gov.gchq.palisade:common","goal":"prepare-agent","cause":null,"state":"STARTED"}
13:04:27.160 [INFO]   [Measuring]   out: [INFO] 
13:04:27.160 [INFO]   [Measuring]   out: [INFO] --- jacoco:0.8.5:prepare-agent (agent) @ common ---
13:04:27.161 [INFO]   [Measuring]   out: [INFO] argLine set to -javaagent:/home/jbergqvist/.m2/repository/org/jacoco/org.jacoco.agent/0.8.5/org.jacoco.agent-0.8.5-runtime.jar=destfile=/home/jbergqvist/diffblue/Palisade-common/target/jacoco.exec,append=true
13:04:27.162 [INFO]   [Measuring]   deserializing line [DIFFBLUE]{"__type":"com.diffblue.cover.buildsystem.model.DefaultEventMessage","project":"uk.gov.gchq.palisade:common","goal":"prepare-agent","cause":null,"state":"SUCCESS"}
13:04:27.163 [INFO]   [Measuring]   deserializing line [DIFFBLUE]{"__type":"com.diffblue.cover.buildsystem.model.DefaultEventMessage","project":"uk.gov.gchq.palisade:common","goal":"resources","cause":null,"state":"STARTED"}
13:04:27.164 [INFO]   [Measuring]   out: [INFO] 
13:04:27.164 [INFO]   [Measuring]   out: [INFO] --- resources:3.3.1:resources (default-resources) @ common ---
13:04:27.213 [INFO]   [Measuring]   out: [INFO] Copying 1 resource from src/main/resources to target/classes
13:04:27.217 [INFO]   [Measuring]   deserializing line [DIFFBLUE]{"__type":"com.diffblue.cover.buildsystem.model.DefaultEventMessage","project":"uk.gov.gchq.palisade:common","goal":"resources","cause":null,"state":"SUCCESS"}
13:04:27.218 [INFO]   [Measuring]   deserializing line [DIFFBLUE]{"__type":"com.diffblue.cover.buildsystem.model.DefaultEventMessage","project":"uk.gov.gchq.palisade:common","goal":"flatten","cause":null,"state":"STARTED"}
13:04:27.219 [INFO]   [Measuring]   out: [INFO] 
13:04:27.219 [INFO]   [Measuring]   out: [INFO] --- flatten:1.1.0:flatten (flatten) @ common ---
13:04:27.309 [INFO]   [Measuring]   out: [INFO] Generating flattened POM of project uk.gov.gchq.palisade:common:jar:0.5.2-SNAPSHOT...
13:04:27.341 [INFO]   [Measuring]   deserializing line [DIFFBLUE]{"__type":"com.diffblue.cover.buildsystem.model.DefaultEventMessage","project":"uk.gov.gchq.palisade:common","goal":"flatten","cause":null,"state":"SUCCESS"}
13:04:27.342 [INFO]   [Measuring]   deserializing line [DIFFBLUE]{"__type":"com.diffblue.cover.buildsystem.model.DefaultEventMessage","project":"uk.gov.gchq.palisade:common","goal":"compile","cause":null,"state":"STARTED"}
13:04:27.343 [INFO]   [Measuring]   out: [INFO] 
13:04:27.343 [INFO]   [Measuring]   out: [INFO] --- compiler:3.8.0:compile (default-compile) @ common ---
13:04:27.427 [INFO]   [Measuring]   out: [INFO] Nothing to compile - all classes are up to date
13:04:27.428 [INFO]   [Measuring]   deserializing line [DIFFBLUE]{"__type":"com.diffblue.cover.buildsystem.model.DefaultEventMessage","project":"uk.gov.gchq.palisade:common","goal":"compile","cause":null,"state":"SUCCESS"}
13:04:27.430 [INFO]   [Measuring]   deserializing line [DIFFBLUE]{"__type":"com.diffblue.cover.buildsystem.model.DefaultEventMessage","project":"uk.gov.gchq.palisade:common","goal":"javadoc-no-fork","cause":null,"state":"STARTED"}
13:04:27.431 [INFO]   [Measuring]   out: [INFO] 
13:04:27.431 [INFO]   [Measuring]   out: [INFO] --- javadoc:3.1.0:javadoc-no-fork (javadoc-compile) @ common ---
13:04:29.011 [INFO]   [Measuring]   deserializing line [DIFFBLUE]{"__type":"com.diffblue.cover.buildsystem.model.DefaultEventMessage","project":"uk.gov.gchq.palisade:common","goal":"javadoc-no-fork","cause":null,"state":"SUCCESS"}
13:04:29.012 [INFO]   [Measuring]   deserializing line [DIFFBLUE]{"__type":"com.diffblue.cover.buildsystem.model.DefaultEventMessage","project":"uk.gov.gchq.palisade:common","goal":"aggregate-no-fork","cause":null,"state":"STARTED"}
13:04:29.012 [INFO]   [Measuring]   out: [INFO] 
13:04:29.012 [INFO]   [Measuring]   out: [INFO] --- javadoc:3.1.0:aggregate-no-fork (javadoc-compile) @ common ---
13:04:30.373 [INFO]   [Measuring]   deserializing line [DIFFBLUE]{"__type":"com.diffblue.cover.buildsystem.model.DefaultEventMessage","project":"uk.gov.gchq.palisade:common","goal":"aggregate-no-fork","cause":null,"state":"SUCCESS"}
13:04:30.374 [INFO]   [Measuring]   deserializing line [DIFFBLUE]{"__type":"com.diffblue.cover.buildsystem.model.DefaultEventMessage","project":"uk.gov.gchq.palisade:common","goal":"testResources","cause":null,"state":"STARTED"}
13:04:30.375 [INFO]   [Measuring]   out: [INFO] 
13:04:30.375 [INFO]   [Measuring]   out: [INFO] --- resources:3.3.1:testResources (default-testResources) @ common ---
13:04:30.376 [INFO]   [Measuring]   out: [INFO] skip non existing resourceDirectory /home/jbergqvist/diffblue/Palisade-common/src/test/resources
13:04:30.377 [INFO]   [Measuring]   deserializing line [DIFFBLUE]{"__type":"com.diffblue.cover.buildsystem.model.DefaultEventMessage","project":"uk.gov.gchq.palisade:common","goal":"testResources","cause":null,"state":"SUCCESS"}
13:04:30.378 [INFO]   [Measuring]   deserializing line [DIFFBLUE]{"__type":"com.diffblue.cover.buildsystem.model.DefaultEventMessage","project":"uk.gov.gchq.palisade:common","goal":"testCompile","cause":null,"state":"STARTED"}
13:04:30.379 [INFO]   [Measuring]   out: [INFO] 
13:04:30.379 [INFO]   [Measuring]   out: [INFO] --- compiler:3.8.0:testCompile (default-testCompile) @ common ---
13:04:30.383 [INFO]   [Measuring]   out: [INFO] Nothing to compile - all classes are up to date
13:04:30.384 [INFO]   [Measuring]   deserializing line [DIFFBLUE]{"__type":"com.diffblue.cover.buildsystem.model.DefaultEventMessage","project":"uk.gov.gchq.palisade:common","goal":"testCompile","cause":null,"state":"SUCCESS"}
13:04:30.385 [INFO]   [Measuring]   deserializing line [DIFFBLUE]{"__type":"com.diffblue.cover.buildsystem.model.DefaultEventMessage","project":"uk.gov.gchq.palisade:common","goal":"test","cause":null,"state":"STARTED"}
13:04:30.386 [INFO]   [Measuring]   out: [INFO] 
13:04:30.386 [INFO]   [Measuring]   out: [INFO] --- surefire:3.2.5:test (default-test) @ common ---
13:04:30.457 [INFO]   [Measuring]   deserializing line [DIFFBLUE]{"__type":"com.diffblue.cover.buildsystem.model.DefaultEventMessage","project":"uk.gov.gchq.palisade:common","goal":"test","cause":null,"state":"SUCCESS"}
13:04:30.458 [INFO]   [Measuring]   deserializing line [DIFFBLUE]{"__type":"com.diffblue.cover.buildsystem.model.DefaultEventMessage","project":"uk.gov.gchq.palisade:common","goal":"report","cause":null,"state":"STARTED"}
13:04:30.458 [INFO]   [Measuring]   out: [INFO] 
13:04:30.458 [INFO]   [Measuring]   out: [INFO] --- jacoco:0.8.5:report (default-cli) @ common ---
13:04:30.509 [INFO]   [Measuring]   out: [INFO] Loading execution data file /home/jbergqvist/diffblue/Palisade-common/target/jacoco.exec
13:04:30.573 [INFO]   [Measuring]   out: [INFO] Analyzed bundle 'GCHQ Palisade Common Library' with 25 classes
13:04:30.635 [INFO]   [Measuring]   deserializing line [DIFFBLUE]{"__type":"com.diffblue.cover.buildsystem.model.DefaultEventMessage","project":"uk.gov.gchq.palisade:common","goal":"report","cause":null,"state":"SUCCESS"}
13:04:30.659 [INFO]   [Measuring]   deserializing line [DIFFBLUE]{"__type":"com.diffblue.cover.buildsystem.model.DefaultProjectModuleMessage","project":{"__type":"DefaultProjectModule","junitReport":["/home/jbergqvist/diffblue/Palisade-common/target/surefire-reports"],"jacocoReport":["/home/jbergqvist/diffblue/Palisade-common/target/site/jacoco/jacoco.xml"],"jacocoDestFile":["${sonar.jacoco.reportPath}","/home/jbergqvist/diffblue/Palisade-common/target/jacoco.exec"],"jacocoFormats":["xml"],"jacocoSkipped":false,"classpath":["/home/jbergqvist/diffblue/Palisade-common/target/classes","/home/jbergqvist/.m2/repository/com/typesafe/akka/akka-stream_2.13/2.6.10/akka-stream_2.13-2.6.10.jar","/home/jbergqvist/.m2/repository/org/scala-lang/scala-library/2.13.3/scala-library-2.13.3.jar","/home/jbergqvist/.m2/repository/com/typesafe/akka/akka-actor_2.13/2.6.10/akka-actor_2.13-2.6.10.jar","/home/jbergqvist/.m2/repository/com/typesafe/config/1.4.0/config-1.4.0.jar","/home/jbergqvist/.m2/repository/org/scala-lang/modules/scala-java8-compat_2.13/0.9.0/scala-java8-compat_2.13-0.9.0.jar","/home/jbergqvist/.m2/repository/com/typesafe/akka/akka-protobuf-v3_2.13/2.6.10/akka-protobuf-v3_2.13-2.6.10.jar","/home/jbergqvist/.m2/repository/org/reactivestreams/reactive-streams/1.0.3/reactive-streams-1.0.3.jar","/home/jbergqvist/.m2/repository/com/typesafe/ssl-config-core_2.13/0.4.2/ssl-config-core_2.13-0.4.2.jar","/home/jbergqvist/.m2/repository/org/scala-lang/modules/scala-parser-combinators_2.13/1.1.2/scala-parser-combinators_2.13-1.1.2.jar","/home/jbergqvist/.m2/repository/org/junit/jupiter/junit-jupiter-engine/5.13.4/junit-jupiter-engine-5.13.4.jar","/home/jbergqvist/.m2/repository/org/junit/platform/junit-platform-engine/1.13.4/junit-platform-engine-1.13.4.jar","/home/jbergqvist/.m2/repository/org/opentest4j/opentest4j/1.3.0/opentest4j-1.3.0.jar","/home/jbergqvist/.m2/repository/org/junit/platform/junit-platform-commons/1.13.4/junit-platform-commons-1.13.4.jar","/home/jbergqvist/.m2/repository/org/junit/jupiter/junit-jupiter-api/5.13.4/junit-jupiter-api-5.13.4.jar","/home/jbergqvist/.m2/repository/org/apiguardian/apiguardian-api/1.1.2/apiguardian-api-1.1.2.jar","/home/jbergqvist/.m2/repository/org/mockito/mockito-core/5.20.0/mockito-core-5.20.0.jar","/home/jbergqvist/.m2/repository/net/bytebuddy/byte-buddy/1.17.7/byte-buddy-1.17.7.jar","/home/jbergqvist/.m2/repository/net/bytebuddy/byte-buddy-agent/1.17.7/byte-buddy-agent-1.17.7.jar","/home/jbergqvist/.m2/repository/org/objenesis/objenesis/3.3/objenesis-3.3.jar","/home/jbergqvist/.m2/repository/org/mockito/mockito-junit-jupiter/5.20.0/mockito-junit-jupiter-5.20.0.jar","/home/jbergqvist/.m2/repository/com/fasterxml/jackson/core/jackson-databind/2.11.0/jackson-databind-2.11.0.jar","/home/jbergqvist/.m2/repository/com/fasterxml/jackson/core/jackson-annotations/2.11.0/jackson-annotations-2.11.0.jar","/home/jbergqvist/.m2/repository/com/fasterxml/jackson/core/jackson-core/2.11.0/jackson-core-2.11.0.jar","/home/jbergqvist/.m2/repository/org/slf4j/slf4j-api/1.7.25/slf4j-api-1.7.25.jar","/home/jbergqvist/.m2/repository/com/diffblue/cover/cover-annotations/1.8.0/cover-annotations-1.8.0.jar"],"complianceLevel":"11","productionSources":["/home/jbergqvist/diffblue/Palisade-common/src/main/java"],"testSources":["/home/jbergqvist/diffblue/Palisade-common/src/test/java"],"productionClasses":"/home/jbergqvist/diffblue/Palisade-common/target/classes","testClasses":"/home/jbergqvist/diffblue/Palisade-common/target/test-classes","sourceToBuildPathMap":null,"testSourceToBuildPathMap":null,"buildDirectory":"/home/jbergqvist/diffblue/Palisade-common/target","plugins":[{"__type":"DefaultPlugin","groupId":"org.apache.maven.plugins","artefactId":"maven-compiler-plugin","version":"3.8.0","pluginClassName":null},{"__type":"DefaultPlugin","groupId":"org.apache.maven.plugins","artefactId":"maven-javadoc-plugin","version":"3.1.0","pluginClassName":null},{"__type":"DefaultPlugin","groupId":"org.apache.maven.plugins","artefactId":"maven-dependency-plugin","version":"3.1.2","pluginClassName":null},{"__type":"DefaultPlugin","groupId":"org.codehaus.mojo","artefactId":"flatten-maven-plugin","version":"1.1.0","pluginClassName":null},{"__type":"DefaultPlugin","groupId":"org.codehaus.mojo","artefactId":"license-maven-plugin","version":"2.0.0","pluginClassName":null},{"__type":"DefaultPlugin","groupId":"org.jacoco","artefactId":"jacoco-maven-plugin","version":"0.8.5","pluginClassName":null},{"__type":"DefaultPlugin","groupId":"org.apache.maven.plugins","artefactId":"maven-checkstyle-plugin","version":"3.1.0","pluginClassName":null},{"__type":"DefaultPlugin","groupId":"org.apache.maven.plugins","artefactId":"maven-clean-plugin","version":"3.2.0","pluginClassName":null},{"__type":"DefaultPlugin","groupId":"org.apache.maven.plugins","artefactId":"maven-resources-plugin","version":"3.3.1","pluginClassName":null},{"__type":"DefaultPlugin","groupId":"org.apache.maven.plugins","artefactId":"maven-jar-plugin","version":"3.4.1","pluginClassName":null},{"__type":"DefaultPlugin","groupId":"org.apache.maven.plugins","artefactId":"maven-surefire-plugin","version":"3.2.5","pluginClassName":null},{"__type":"DefaultPlugin","groupId":"org.apache.maven.plugins","artefactId":"maven-install-plugin","version":"3.1.2","pluginClassName":null},{"__type":"DefaultPlugin","groupId":"org.apache.maven.plugins","artefactId":"maven-deploy-plugin","version":"3.1.2","pluginClassName":null},{"__type":"DefaultPlugin","groupId":"org.apache.maven.plugins","artefactId":"maven-site-plugin","version":"3.12.1","pluginClassName":null}],"version":"3.9.12","encoding":"UTF-8","name":"maven","subModules":[],"simpleModuleName":null,"parentModuleName":null,"location":"/home/jbergqvist/diffblue/Palisade-common","fullModuleName":"uk.gov.gchq.palisade:common"}}
13:04:30.662 [INFO]   [Measuring]   out: [INFO] ------------------------------------------------------------------------
13:04:30.662 [INFO]   [Measuring]   out: [INFO] BUILD SUCCESS
13:04:30.662 [INFO]   [Measuring]   out: [INFO] ------------------------------------------------------------------------
13:04:30.662 [INFO]   [Measuring]   out: [INFO] Total time:  4.630 s
13:04:30.662 [INFO]   [Measuring]   out: [INFO] Finished at: 2026-01-12T13:04:30Z
13:04:30.662 [INFO]   [Measuring]   out: [INFO] ------------------------------------------------------------------------
13:04:30.663 [INFO]   [Measuring]   deserializing line [DIFFBLUE]{"__type":"com.diffblue.cover.buildsystem.model.ProjectInfoMessage","projectName":"uk.gov.gchq.palisade:common","productionSources":["/home/jbergqvist/diffblue/Palisade-common/src/main/java","/home/jbergqvist/diffblue/Palisade-common/target/generated-sources/annotations"],"testSources":["/home/jbergqvist/diffblue/Palisade-common/src/test/java","/home/jbergqvist/diffblue/Palisade-common/target/generated-test-sources/test-annotations"],"location":"/home/jbergqvist/diffblue/Palisade-common"}
13:04:30.704 [INFO]   [Measuring]   maven:err process not stopped, joining thread
13:04:30.704 [INFO]   [Measuring]   maven:out process not stopped, joining thread
13:04:30.723 [INFO]   [Measuring]   JaCoCo report file created in /home/jbergqvist/diffblue/Palisade-common/.diffblue/reports/diffblue-tests-jacoco-report.xml
13:04:30.747 [INFO]   [Measuring]   Calculating coverage from manual tests.
13:04:30.748 [INFO]   [Measuring]   Using default build rules as no custom rules found in any of [/home/jbergqvist/diffblue/Palisade-common]
13:04:30.749 [INFO]   [Measuring]   Attempting to invoke mvnw in working directory: /home/jbergqvist/diffblue/Palisade-common
13:04:30.749 [INFO]   [Measuring]   Attempting to invoke /home/jbergqvist/.sdkman/candidates/maven/current/bin/mvn in working directory: /home/jbergqvist/diffblue/Palisade-common
13:04:30.749 [INFO]   [Measuring]   Started "/home/jbergqvist/.sdkman/candidates/maven/current/bin/mvn -Dmaven.ext.class.path=/opt/cover/cover-buildsystem-maven-spy-jar-with-dependencies.jar -Dcom.diffblue.cover.skipTests=true -DskipTestOptimizer --batch-mode --projects=uk.gov.gchq.palisade:common --global-settings=/home/jbergqvist/.sdkman/candidates/maven/current/conf/settings.xml org.apache.maven.plugins:maven-checkstyle-plugin:check -Dcheckstyle.failOnViolation=false org.jacoco:jacoco-maven-plugin:0.8.5:prepare-agent -Djacoco.skip=false test -DfailIfNoTests=false -Dsurefire.failIfNoSpecifiedTests=false -Dmaven.test.failure.ignore=True -Dtest=!*DiffblueTest,**/Test*.java,**/*Test.java,**/*Tests.java,**/*TestCase.java -DexcludedGroups=MaintainedByDiffblue,ContributionFromDiffblue org.jacoco:jacoco-maven-plugin:0.8.5:report -Djacoco.skip=false"
13:04:31.508 [INFO]   [Measuring]   out: [INFO] Scanning for projects...
13:04:31.619 [INFO]   [Measuring]   out: [INFO] 
13:04:31.619 [INFO]   [Measuring]   out: [INFO] --------------------< uk.gov.gchq.palisade:common >---------------------
13:04:31.619 [INFO]   [Measuring]   out: [INFO] Building GCHQ Palisade Common Library 0.5.2-SNAPSHOT
13:04:31.619 [INFO]   [Measuring]   out: [INFO]   from pom.xml
13:04:31.619 [INFO]   [Measuring]   out: [INFO] --------------------------------[ jar ]---------------------------------
13:04:31.853 [INFO]   [Measuring]   deserializing line [DIFFBLUE]{"__type":"com.diffblue.cover.buildsystem.model.DefaultEventMessage","project":"uk.gov.gchq.palisade:common","goal":"check","cause":null,"state":"STARTED"}
13:04:31.855 [INFO]   [Measuring]   out: [INFO] 
13:04:31.855 [INFO]   [Measuring]   out: [INFO] --- checkstyle:3.1.0:check (default-cli) @ common ---
13:04:32.498 [INFO]   [Measuring]   out: [INFO] Starting audit...
13:04:32.498 [INFO]   [Measuring]   out: Audit done.
13:04:32.505 [INFO]   [Measuring]   deserializing line [DIFFBLUE]{"__type":"com.diffblue.cover.buildsystem.model.DefaultEventMessage","project":"uk.gov.gchq.palisade:common","goal":"check","cause":null,"state":"SUCCESS"}
13:04:32.507 [INFO]   [Measuring]   deserializing line [DIFFBLUE]{"__type":"com.diffblue.cover.buildsystem.model.DefaultEventMessage","project":"uk.gov.gchq.palisade:common","goal":"prepare-agent","cause":null,"state":"STARTED"}
13:04:32.508 [INFO]   [Measuring]   out: [INFO] 
13:04:32.508 [INFO]   [Measuring]   out: [INFO] --- jacoco:0.8.5:prepare-agent (default-cli) @ common ---
13:04:32.613 [INFO]   [Measuring]   out: [INFO] argLine set to -javaagent:/home/jbergqvist/.m2/repository/org/jacoco/org.jacoco.agent/0.8.5/org.jacoco.agent-0.8.5-runtime.jar=destfile=/home/jbergqvist/diffblue/Palisade-common/target/jacoco.exec,append=true
13:04:32.614 [INFO]   [Measuring]   deserializing line [DIFFBLUE]{"__type":"com.diffblue.cover.buildsystem.model.DefaultEventMessage","project":"uk.gov.gchq.palisade:common","goal":"prepare-agent","cause":null,"state":"SUCCESS"}
13:04:32.616 [INFO]   [Measuring]   deserializing line [DIFFBLUE]{"__type":"com.diffblue.cover.buildsystem.model.DefaultEventMessage","project":"uk.gov.gchq.palisade:common","goal":"prepare-agent","cause":null,"state":"STARTED"}
13:04:32.616 [INFO]   [Measuring]   out: [INFO] 
13:04:32.617 [INFO]   [Measuring]   out: [INFO] --- jacoco:0.8.5:prepare-agent (agent) @ common ---
13:04:32.617 [INFO]   [Measuring]   out: [INFO] argLine set to -javaagent:/home/jbergqvist/.m2/repository/org/jacoco/org.jacoco.agent/0.8.5/org.jacoco.agent-0.8.5-runtime.jar=destfile=/home/jbergqvist/diffblue/Palisade-common/target/jacoco.exec,append=true
13:04:32.618 [INFO]   [Measuring]   deserializing line [DIFFBLUE]{"__type":"com.diffblue.cover.buildsystem.model.DefaultEventMessage","project":"uk.gov.gchq.palisade:common","goal":"prepare-agent","cause":null,"state":"SUCCESS"}
13:04:32.619 [INFO]   [Measuring]   deserializing line [DIFFBLUE]{"__type":"com.diffblue.cover.buildsystem.model.DefaultEventMessage","project":"uk.gov.gchq.palisade:common","goal":"resources","cause":null,"state":"STARTED"}
13:04:32.620 [INFO]   [Measuring]   out: [INFO] 
13:04:32.620 [INFO]   [Measuring]   out: [INFO] --- resources:3.3.1:resources (default-resources) @ common ---
13:04:32.661 [INFO]   [Measuring]   out: [INFO] Copying 1 resource from src/main/resources to target/classes
13:04:32.665 [INFO]   [Measuring]   deserializing line [DIFFBLUE]{"__type":"com.diffblue.cover.buildsystem.model.DefaultEventMessage","project":"uk.gov.gchq.palisade:common","goal":"resources","cause":null,"state":"SUCCESS"}
13:04:32.667 [INFO]   [Measuring]   deserializing line [DIFFBLUE]{"__type":"com.diffblue.cover.buildsystem.model.DefaultEventMessage","project":"uk.gov.gchq.palisade:common","goal":"flatten","cause":null,"state":"STARTED"}
13:04:32.668 [INFO]   [Measuring]   out: [INFO] 
13:04:32.668 [INFO]   [Measuring]   out: [INFO] --- flatten:1.1.0:flatten (flatten) @ common ---
13:04:32.748 [INFO]   [Measuring]   out: [INFO] Generating flattened POM of project uk.gov.gchq.palisade:common:jar:0.5.2-SNAPSHOT...
13:04:32.779 [INFO]   [Measuring]   deserializing line [DIFFBLUE]{"__type":"com.diffblue.cover.buildsystem.model.DefaultEventMessage","project":"uk.gov.gchq.palisade:common","goal":"flatten","cause":null,"state":"SUCCESS"}
13:04:32.780 [INFO]   [Measuring]   deserializing line [DIFFBLUE]{"__type":"com.diffblue.cover.buildsystem.model.DefaultEventMessage","project":"uk.gov.gchq.palisade:common","goal":"compile","cause":null,"state":"STARTED"}
13:04:32.781 [INFO]   [Measuring]   out: [INFO] 
13:04:32.781 [INFO]   [Measuring]   out: [INFO] --- compiler:3.8.0:compile (default-compile) @ common ---
13:04:32.860 [INFO]   [Measuring]   out: [INFO] Nothing to compile - all classes are up to date
13:04:32.861 [INFO]   [Measuring]   deserializing line [DIFFBLUE]{"__type":"com.diffblue.cover.buildsystem.model.DefaultEventMessage","project":"uk.gov.gchq.palisade:common","goal":"compile","cause":null,"state":"SUCCESS"}
13:04:32.863 [INFO]   [Measuring]   deserializing line [DIFFBLUE]{"__type":"com.diffblue.cover.buildsystem.model.DefaultEventMessage","project":"uk.gov.gchq.palisade:common","goal":"javadoc-no-fork","cause":null,"state":"STARTED"}
13:04:32.863 [INFO]   [Measuring]   out: [INFO] 
13:04:32.863 [INFO]   [Measuring]   out: [INFO] --- javadoc:3.1.0:javadoc-no-fork (javadoc-compile) @ common ---
13:04:34.352 [INFO]   [Measuring]   deserializing line [DIFFBLUE]{"__type":"com.diffblue.cover.buildsystem.model.DefaultEventMessage","project":"uk.gov.gchq.palisade:common","goal":"javadoc-no-fork","cause":null,"state":"SUCCESS"}
13:04:34.353 [INFO]   [Measuring]   deserializing line [DIFFBLUE]{"__type":"com.diffblue.cover.buildsystem.model.DefaultEventMessage","project":"uk.gov.gchq.palisade:common","goal":"aggregate-no-fork","cause":null,"state":"STARTED"}
13:04:34.354 [INFO]   [Measuring]   out: [INFO] 
13:04:34.354 [INFO]   [Measuring]   out: [INFO] --- javadoc:3.1.0:aggregate-no-fork (javadoc-compile) @ common ---
13:04:35.750 [INFO]   [Measuring]   deserializing line [DIFFBLUE]{"__type":"com.diffblue.cover.buildsystem.model.DefaultEventMessage","project":"uk.gov.gchq.palisade:common","goal":"aggregate-no-fork","cause":null,"state":"SUCCESS"}
13:04:35.752 [INFO]   [Measuring]   deserializing line [DIFFBLUE]{"__type":"com.diffblue.cover.buildsystem.model.DefaultEventMessage","project":"uk.gov.gchq.palisade:common","goal":"testResources","cause":null,"state":"STARTED"}
13:04:35.753 [INFO]   [Measuring]   out: [INFO] 
13:04:35.753 [INFO]   [Measuring]   out: [INFO] --- resources:3.3.1:testResources (default-testResources) @ common ---
13:04:35.755 [INFO]   [Measuring]   out: [INFO] skip non existing resourceDirectory /home/jbergqvist/diffblue/Palisade-common/src/test/resources
13:04:35.756 [INFO]   [Measuring]   deserializing line [DIFFBLUE]{"__type":"com.diffblue.cover.buildsystem.model.DefaultEventMessage","project":"uk.gov.gchq.palisade:common","goal":"testResources","cause":null,"state":"SUCCESS"}
13:04:35.758 [INFO]   [Measuring]   deserializing line [DIFFBLUE]{"__type":"com.diffblue.cover.buildsystem.model.DefaultEventMessage","project":"uk.gov.gchq.palisade:common","goal":"testCompile","cause":null,"state":"STARTED"}
13:04:35.758 [INFO]   [Measuring]   out: [INFO] 
13:04:35.759 [INFO]   [Measuring]   out: [INFO] --- compiler:3.8.0:testCompile (default-testCompile) @ common ---
13:04:35.765 [INFO]   [Measuring]   out: [INFO] Nothing to compile - all classes are up to date
13:04:35.766 [INFO]   [Measuring]   deserializing line [DIFFBLUE]{"__type":"com.diffblue.cover.buildsystem.model.DefaultEventMessage","project":"uk.gov.gchq.palisade:common","goal":"testCompile","cause":null,"state":"SUCCESS"}
13:04:35.767 [INFO]   [Measuring]   deserializing line [DIFFBLUE]{"__type":"com.diffblue.cover.buildsystem.model.DefaultEventMessage","project":"uk.gov.gchq.palisade:common","goal":"test","cause":null,"state":"STARTED"}
13:04:35.768 [INFO]   [Measuring]   out: [INFO] 
13:04:35.768 [INFO]   [Measuring]   out: [INFO] --- surefire:3.2.5:test (default-test) @ common ---
13:04:35.851 [INFO]   [Measuring]   deserializing line [DIFFBLUE]{"__type":"com.diffblue.cover.buildsystem.model.DefaultEventMessage","project":"uk.gov.gchq.palisade:common","goal":"test","cause":null,"state":"SUCCESS"}
13:04:35.852 [INFO]   [Measuring]   deserializing line [DIFFBLUE]{"__type":"com.diffblue.cover.buildsystem.model.DefaultEventMessage","project":"uk.gov.gchq.palisade:common","goal":"report","cause":null,"state":"STARTED"}
13:04:35.852 [INFO]   [Measuring]   out: [INFO] 
13:04:35.852 [INFO]   [Measuring]   out: [INFO] --- jacoco:0.8.5:report (default-cli) @ common ---
13:04:35.892 [INFO]   [Measuring]   out: [INFO] Loading execution data file /home/jbergqvist/diffblue/Palisade-common/target/jacoco.exec
13:04:35.950 [INFO]   [Measuring]   out: [INFO] Analyzed bundle 'GCHQ Palisade Common Library' with 25 classes
13:04:35.992 [INFO]   [Measuring]   deserializing line [DIFFBLUE]{"__type":"com.diffblue.cover.buildsystem.model.DefaultEventMessage","project":"uk.gov.gchq.palisade:common","goal":"report","cause":null,"state":"SUCCESS"}
13:04:36.013 [INFO]   [Measuring]   deserializing line [DIFFBLUE]{"__type":"com.diffblue.cover.buildsystem.model.DefaultProjectModuleMessage","project":{"__type":"DefaultProjectModule","junitReport":["/home/jbergqvist/diffblue/Palisade-common/target/surefire-reports"],"jacocoReport":["/home/jbergqvist/diffblue/Palisade-common/target/site/jacoco/jacoco.xml"],"jacocoDestFile":["${sonar.jacoco.reportPath}","/home/jbergqvist/diffblue/Palisade-common/target/jacoco.exec"],"jacocoFormats":["xml"],"jacocoSkipped":false,"classpath":["/home/jbergqvist/diffblue/Palisade-common/target/classes","/home/jbergqvist/.m2/repository/com/typesafe/akka/akka-stream_2.13/2.6.10/akka-stream_2.13-2.6.10.jar","/home/jbergqvist/.m2/repository/org/scala-lang/scala-library/2.13.3/scala-library-2.13.3.jar","/home/jbergqvist/.m2/repository/com/typesafe/akka/akka-actor_2.13/2.6.10/akka-actor_2.13-2.6.10.jar","/home/jbergqvist/.m2/repository/com/typesafe/config/1.4.0/config-1.4.0.jar","/home/jbergqvist/.m2/repository/org/scala-lang/modules/scala-java8-compat_2.13/0.9.0/scala-java8-compat_2.13-0.9.0.jar","/home/jbergqvist/.m2/repository/com/typesafe/akka/akka-protobuf-v3_2.13/2.6.10/akka-protobuf-v3_2.13-2.6.10.jar","/home/jbergqvist/.m2/repository/org/reactivestreams/reactive-streams/1.0.3/reactive-streams-1.0.3.jar","/home/jbergqvist/.m2/repository/com/typesafe/ssl-config-core_2.13/0.4.2/ssl-config-core_2.13-0.4.2.jar","/home/jbergqvist/.m2/repository/org/scala-lang/modules/scala-parser-combinators_2.13/1.1.2/scala-parser-combinators_2.13-1.1.2.jar","/home/jbergqvist/.m2/repository/org/junit/jupiter/junit-jupiter-engine/5.13.4/junit-jupiter-engine-5.13.4.jar","/home/jbergqvist/.m2/repository/org/junit/platform/junit-platform-engine/1.13.4/junit-platform-engine-1.13.4.jar","/home/jbergqvist/.m2/repository/org/opentest4j/opentest4j/1.3.0/opentest4j-1.3.0.jar","/home/jbergqvist/.m2/repository/org/junit/platform/junit-platform-commons/1.13.4/junit-platform-commons-1.13.4.jar","/home/jbergqvist/.m2/repository/org/junit/jupiter/junit-jupiter-api/5.13.4/junit-jupiter-api-5.13.4.jar","/home/jbergqvist/.m2/repository/org/apiguardian/apiguardian-api/1.1.2/apiguardian-api-1.1.2.jar","/home/jbergqvist/.m2/repository/org/mockito/mockito-core/5.20.0/mockito-core-5.20.0.jar","/home/jbergqvist/.m2/repository/net/bytebuddy/byte-buddy/1.17.7/byte-buddy-1.17.7.jar","/home/jbergqvist/.m2/repository/net/bytebuddy/byte-buddy-agent/1.17.7/byte-buddy-agent-1.17.7.jar","/home/jbergqvist/.m2/repository/org/objenesis/objenesis/3.3/objenesis-3.3.jar","/home/jbergqvist/.m2/repository/org/mockito/mockito-junit-jupiter/5.20.0/mockito-junit-jupiter-5.20.0.jar","/home/jbergqvist/.m2/repository/com/fasterxml/jackson/core/jackson-databind/2.11.0/jackson-databind-2.11.0.jar","/home/jbergqvist/.m2/repository/com/fasterxml/jackson/core/jackson-annotations/2.11.0/jackson-annotations-2.11.0.jar","/home/jbergqvist/.m2/repository/com/fasterxml/jackson/core/jackson-core/2.11.0/jackson-core-2.11.0.jar","/home/jbergqvist/.m2/repository/org/slf4j/slf4j-api/1.7.25/slf4j-api-1.7.25.jar","/home/jbergqvist/.m2/repository/com/diffblue/cover/cover-annotations/1.8.0/cover-annotations-1.8.0.jar"],"complianceLevel":"11","productionSources":["/home/jbergqvist/diffblue/Palisade-common/src/main/java"],"testSources":["/home/jbergqvist/diffblue/Palisade-common/src/test/java"],"productionClasses":"/home/jbergqvist/diffblue/Palisade-common/target/classes","testClasses":"/home/jbergqvist/diffblue/Palisade-common/target/test-classes","sourceToBuildPathMap":null,"testSourceToBuildPathMap":null,"buildDirectory":"/home/jbergqvist/diffblue/Palisade-common/target","plugins":[{"__type":"DefaultPlugin","groupId":"org.apache.maven.plugins","artefactId":"maven-compiler-plugin","version":"3.8.0","pluginClassName":null},{"__type":"DefaultPlugin","groupId":"org.apache.maven.plugins","artefactId":"maven-javadoc-plugin","version":"3.1.0","pluginClassName":null},{"__type":"DefaultPlugin","groupId":"org.apache.maven.plugins","artefactId":"maven-dependency-plugin","version":"3.1.2","pluginClassName":null},{"__type":"DefaultPlugin","groupId":"org.codehaus.mojo","artefactId":"flatten-maven-plugin","version":"1.1.0","pluginClassName":null},{"__type":"DefaultPlugin","groupId":"org.codehaus.mojo","artefactId":"license-maven-plugin","version":"2.0.0","pluginClassName":null},{"__type":"DefaultPlugin","groupId":"org.jacoco","artefactId":"jacoco-maven-plugin","version":"0.8.5","pluginClassName":null},{"__type":"DefaultPlugin","groupId":"org.apache.maven.plugins","artefactId":"maven-checkstyle-plugin","version":"3.1.0","pluginClassName":null},{"__type":"DefaultPlugin","groupId":"org.apache.maven.plugins","artefactId":"maven-clean-plugin","version":"3.2.0","pluginClassName":null},{"__type":"DefaultPlugin","groupId":"org.apache.maven.plugins","artefactId":"maven-resources-plugin","version":"3.3.1","pluginClassName":null},{"__type":"DefaultPlugin","groupId":"org.apache.maven.plugins","artefactId":"maven-jar-plugin","version":"3.4.1","pluginClassName":null},{"__type":"DefaultPlugin","groupId":"org.apache.maven.plugins","artefactId":"maven-surefire-plugin","version":"3.2.5","pluginClassName":null},{"__type":"DefaultPlugin","groupId":"org.apache.maven.plugins","artefactId":"maven-install-plugin","version":"3.1.2","pluginClassName":null},{"__type":"DefaultPlugin","groupId":"org.apache.maven.plugins","artefactId":"maven-deploy-plugin","version":"3.1.2","pluginClassName":null},{"__type":"DefaultPlugin","groupId":"org.apache.maven.plugins","artefactId":"maven-site-plugin","version":"3.12.1","pluginClassName":null}],"version":"3.9.12","encoding":"UTF-8","name":"maven","subModules":[],"simpleModuleName":null,"parentModuleName":null,"location":"/home/jbergqvist/diffblue/Palisade-common","fullModuleName":"uk.gov.gchq.palisade:common"}}
13:04:36.015 [INFO]   [Measuring]   out: [INFO] ------------------------------------------------------------------------
13:04:36.016 [INFO]   [Measuring]   out: [INFO] BUILD SUCCESS
13:04:36.016 [INFO]   [Measuring]   out: [INFO] ------------------------------------------------------------------------
13:04:36.016 [INFO]   [Measuring]   out: [INFO] Total time:  4.520 s
13:04:36.016 [INFO]   [Measuring]   out: [INFO] Finished at: 2026-01-12T13:04:36Z
13:04:36.016 [INFO]   [Measuring]   out: [INFO] ------------------------------------------------------------------------
13:04:36.017 [INFO]   [Measuring]   deserializing line [DIFFBLUE]{"__type":"com.diffblue.cover.buildsystem.model.ProjectInfoMessage","projectName":"uk.gov.gchq.palisade:common","productionSources":["/home/jbergqvist/diffblue/Palisade-common/src/main/java","/home/jbergqvist/diffblue/Palisade-common/target/generated-sources/annotations"],"testSources":["/home/jbergqvist/diffblue/Palisade-common/src/test/java","/home/jbergqvist/diffblue/Palisade-common/target/generated-test-sources/test-annotations"],"location":"/home/jbergqvist/diffblue/Palisade-common"}
13:04:36.068 [INFO]   [Measuring]   maven:err process not stopped, joining thread
13:04:36.069 [INFO]   [Measuring]   maven:out process not stopped, joining thread
13:04:36.069 [INFO]   [Measuring]   JaCoCo report file created in /home/jbergqvist/diffblue/Palisade-common/.diffblue/reports/manual-tests-jacoco-report.xml
13:04:36.076 [INFO]   [Measuring]   
13:04:36.083 [INFO]   [Measuring]   Diffblue tests cover 161 of 234 lines to cover (68.8%)
13:04:36.087 [INFO]   [Measuring]   Manual tests cover 0 of 234 lines to cover (0.0%)
13:04:36.194 [INFO]   [Reporting]   Writing JSON report to /home/jbergqvist/diffblue/Palisade-common/.diffblue/reports/report.json
13:04:36.291 [INFO]   [Reporting]   
13:04:36.291 [INFO]   [Reporting]   Log file: /home/jbergqvist/diffblue/Palisade-common/.diffblue/log/user-20260112T130237.log
13:04:36.291 [INFO]   [Reporting]   Finished in 1m 53s
