12:50:10.634 [DEBUG]  [Preparing]   [main]              [com.diffblue.cover.commons.configuration.e] Loading properties from resources
12:50:10.635 [DEBUG]  [Preparing]   [main]              [com.diffblue.cover.commons.configuration.e] Loading properties from installation directory
12:50:10.635 [DEBUG]  [Preparing]   [main]              [com.diffblue.cover.commons.configuration.e] /opt/cover/cover.properties doesn't exist
12:50:10.636 [DEBUG]  [Preparing]   [main]              [com.diffblue.cover.commons.configuration.e] Loading properties from user home directory
12:50:10.636 [DEBUG]  [Preparing]   [main]              [com.diffblue.cover.commons.configuration.e] /home/jbergqvist/.diffblue/cover.properties doesn't exist
12:50:10.636 [DEBUG]  [Preparing]   [main]              [com.diffblue.cover.commons.configuration.e] Loaded properties
12:50:10.636 [DEBUG]  [Preparing]   [main]              [com.diffblue.cover.commons.configuration.e] Property cover.disableEnvironmentCache has not been set, using default value false
12:50:10.658 [DEBUG]  [Preparing]   [main]              [com.diffblue.cover.commons.configuration.e] Property cover.licence.environment has not been set, using default value PRODUCTION
12:50:11.049 [DEBUG]  [Preparing]   [main]              [com.diffblue.cover.commons.configuration.e] Loading properties from resources
12:50:11.049 [DEBUG]  [Preparing]   [main]              [com.diffblue.cover.commons.configuration.e] Loading properties from installation directory
12:50:11.050 [DEBUG]  [Preparing]   [main]              [com.diffblue.cover.commons.configuration.e]  - telemetry.collect.username: false
12:50:11.050 [DEBUG]  [Preparing]   [main]              [com.diffblue.cover.commons.configuration.e]  - telemetry.external.environment: production
12:50:11.050 [DEBUG]  [Preparing]   [main]              [com.diffblue.cover.commons.configuration.e]  - telemetry.collect.username: false
12:50:11.050 [DEBUG]  [Preparing]   [main]              [com.diffblue.cover.commons.configuration.e]  - telemetry.external.environment: production
12:50:11.050 [DEBUG]  [Preparing]   [main]              [com.diffblue.cover.commons.configuration.e] Loading properties from user home directory
12:50:11.050 [DEBUG]  [Preparing]   [main]              [com.diffblue.cover.commons.configuration.e]  - telemetry.external.environment: production
12:50:11.050 [DEBUG]  [Preparing]   [main]              [com.diffblue.cover.commons.configuration.e]  - telemetry.id: f11a2ef0-98f3-4977-8276-e71972899881
12:50:11.050 [DEBUG]  [Preparing]   [main]              [com.diffblue.cover.commons.configuration.e] Loaded properties
12:50:11.050 [DEBUG]  [Preparing]   [main]              [com.diffblue.cover.commons.configuration.e]  - telemetry.collect.username: false
12:50:11.050 [DEBUG]  [Preparing]   [main]              [com.diffblue.cover.commons.configuration.e]  - telemetry.external.environment: production
12:50:11.050 [DEBUG]  [Preparing]   [main]              [com.diffblue.cover.commons.configuration.e]  - telemetry.id: f11a2ef0-98f3-4977-8276-e71972899881
12:50:11.050 [DEBUG]  [Preparing]   [main]              [com.diffblue.cover.commons.configuration.e] Property telemetry.collect.username set in properties file to value false
12:50:11.051 [DEBUG]  [Preparing]   [main]              [com.diffblue.cover.commons.configuration.e] Property telemetry.external.environment set in properties file to value production
12:50:11.051 [DEBUG]  [Preparing]   [main]              [com.diffblue.cover.commons.configuration.e] Property telemetry.id set in properties file to value f11a2ef0-98f3-4977-8276-e71972899881
12:50:11.059 [DEBUG]  [Preparing]   [main]              [com.diffblue.cover.commons.configuration.e] Property telemetry.external.enabled has not been set, using default value true
12:50:11.059 [DEBUG]  [Preparing]   [main]              [com.diffblue.cover.commons.configuration.e] Property telemetry.reports.scheme has not been set, using default value http
12:50:11.059 [DEBUG]  [Preparing]   [main]              [com.diffblue.cover.commons.configuration.e] Property telemetry.reports.hostname has not been set, using default value localhost
12:50:11.059 [DEBUG]  [Preparing]   [main]              [com.diffblue.cover.commons.configuration.e] Property telemetry.reports.port has not been set, using default value 8080
12:50:11.060 [DEBUG]  [Preparing]   [main]              [com.diffblue.cover.commons.configuration.e] Property telemetry.reports.enabled has not been set, using default value false
12:50:11.061 [DEBUG]  [Preparing]   [main]              [com.diffblue.cover.d.a] Checking connectivity of telemetry (mixpanel) to uri: https://api-eu.mixpanel.com
12:50:11.113 [DEBUG]  [Preparing]   [main]              [com.diffblue.cover.d.a] Unable to connect to telemetry (mixpanel) with error: 
java.net.ConnectException: Connection refused (Connection refused)
	at java.base/java.net.PlainSocketImpl.socketConnect(Native Method)
	at java.base/java.net.AbstractPlainSocketImpl.doConnect(AbstractPlainSocketImpl.java:412)
	at java.base/java.net.AbstractPlainSocketImpl.connectToAddress(AbstractPlainSocketImpl.java:255)
	at java.base/java.net.AbstractPlainSocketImpl.connect(AbstractPlainSocketImpl.java:237)
	at java.base/java.net.SocksSocketImpl.connect(SocksSocketImpl.java:392)
	at java.base/java.net.Socket.connect(Socket.java:609)
	at java.base/sun.security.ssl.SSLSocketImpl.connect(SSLSocketImpl.java:305)
	at java.base/sun.net.NetworkClient.doConnect(NetworkClient.java:177)
	at java.base/sun.net.www.http.HttpClient.openServer(HttpClient.java:509)
	at java.base/sun.net.www.http.HttpClient.openServer(HttpClient.java:604)
	at java.base/sun.net.www.protocol.https.HttpsClient.<init>(HttpsClient.java:266)
	at java.base/sun.net.www.protocol.https.HttpsClient.New(HttpsClient.java:373)
	at java.base/sun.net.www.protocol.https.AbstractDelegateHttpsURLConnection.getNewHttpClient(AbstractDelegateHttpsURLConnection.java:207)
	at java.base/sun.net.www.protocol.http.HttpURLConnection.plainConnect0(HttpURLConnection.java:1204)
	at java.base/sun.net.www.protocol.http.HttpURLConnection.plainConnect(HttpURLConnection.java:1098)
	at java.base/sun.net.www.protocol.https.AbstractDelegateHttpsURLConnection.connect(AbstractDelegateHttpsURLConnection.java:193)
	at java.base/sun.net.www.protocol.http.HttpURLConnection.getInputStream0(HttpURLConnection.java:1631)
	at java.base/sun.net.www.protocol.http.HttpURLConnection.getInputStream(HttpURLConnection.java:1559)
	at java.base/java.net.HttpURLConnection.getResponseCode(HttpURLConnection.java:527)
	at java.base/sun.net.www.protocol.https.HttpsURLConnectionImpl.getResponseCode(HttpsURLConnectionImpl.java:334)
	at com.diffblue.cover.d.a.a(SourceFile:150)
	at com.diffblue.cover.analytics.c.b.a(SourceFile:54)
	at com.diffblue.cover.analytics.a.c.d(SourceFile:338)
	at com.diffblue.cover.analytics.b.a.d(SourceFile:56)
	at com.diffblue.cover.analytics.a.h.d(SourceFile:57)
	at java.base/java.util.ArrayList.forEach(ArrayList.java:1541)
	at com.diffblue.cover.analytics.a.m.d(SourceFile:72)
	at com.diffblue.cover.ui.controller.ak.a(SourceFile:190)
	at com.diffblue.cover.ui.Main.main(SourceFile:63)
	at java.base/jdk.internal.reflect.NativeMethodAccessorImpl.invoke0(Native Method)
	at java.base/jdk.internal.reflect.NativeMethodAccessorImpl.invoke(NativeMethodAccessorImpl.java:62)
	at java.base/jdk.internal.reflect.DelegatingMethodAccessorImpl.invoke(DelegatingMethodAccessorImpl.java:43)
	at java.base/java.lang.reflect.Method.invoke(Method.java:566)
	at com.diffblue.cover.launcher.Launcher.invokeMainMethod(Launcher.java:118)
	at com.diffblue.cover.launcher.Launcher.main(Launcher.java:74)
12:50:11.412 [DEBUG]  [Preparing]   [main]              [com.diffblue.cover.ui.controller.ak] Client heap size: 16016 MB
12:50:11.424 [INFO]   [Preparing]   [main]              [com.diffblue.cover.ui.controller.s] Diffblue Cover 2025.12.02-74144f0-licensed
12:50:11.425 [INFO]   [Preparing]   [main]              [com.diffblue.cover.ui.controller.s] Running: dcover create --coverage-reports
12:50:11.425 [INFO]   [Preparing]   [main]              [com.diffblue.cover.ui.controller.am] 
12:50:11.425 [INFO]   [Preparing]   [main]              [com.diffblue.cover.ui.controller.am] Command: create
12:50:11.426 [INFO]   [Preparing]   [main]              [com.diffblue.cover.ui.controller.am] Create tests for the specified package/class/method.
12:50:11.426 [INFO]   [Preparing]   [main]              [com.diffblue.cover.ui.controller.am] 
12:50:11.559 [DEBUG]  [Preparing]   [main]              [com.diffblue.cover.commons.configuration.e] Property cover.extraLogging has not been set, and no default value provided
12:50:11.560 [DEBUG]  [Preparing]   [main]              [com.diffblue.cover.commons.configuration.e] Checking Cover Property extraLogging under alias extra.logging
12:50:11.561 [DEBUG]  [Preparing]   [main]              [com.diffblue.cover.commons.configuration.e] Property extra.logging has not been set, and no default value provided
12:50:13.446 [DEBUG]  [Checking]    [main]              [com.diffblue.cover.r.b.h] initializeManager for Offline
12:50:13.557 [DEBUG]  [Checking]    [main]              [com.diffblue.cover.r.b.d] Checking license edition
12:50:13.607 [DEBUG]  [Checking]    [main]              [com.diffblue.cover.r.b.c] Licence label to match: Enterprise Edition
12:50:13.607 [DEBUG]  [Checking]    [main]              [com.diffblue.cover.r.b.h] checkLicense for Offline
12:50:13.935 [DEBUG]  [Checking]    [main]              [com.diffblue.cover.configuration.b] Using JSON detector cache at /home/jbergqvist/diffblue/Palisade-common/.diffblue/cache/env.json
12:50:14.105 [DEBUG]  [Checking]    [main]              [com.diffblue.cover.configuration.a.g] checking if /home/jbergqvist/diffblue/Palisade-common/DiffblueBuild.yaml exists...
12:50:14.105 [DEBUG]  [Checking]    [main]              [com.diffblue.cover.configuration.a.g] checking if /home/jbergqvist/diffblue/Palisade-common/DiffblueBuild.yml exists...
12:50:14.191 [DEBUG]  [Checking]    [main]              [com.diffblue.cover.configuration.a.e] DetectorCache miss DETECTED_BUILD_SYSTEM_GRADLE
12:50:14.191 [DEBUG]  [Checking]    [main]              [com.diffblue.cover.configuration.cache.a] Writing cache to /home/jbergqvist/diffblue/Palisade-common/.diffblue/cache/env.json containing 3 items
12:50:14.227 [DEBUG]  [Checking]    [main]              [com.diffblue.cover.configuration.a.d] Maven home found: /home/jbergqvist/.sdkman/candidates/maven/current
12:50:14.229 [INFO]   [Checking]    [main]              [com.diffblue.cover.configuration.a.d] Maven Using ${maven.home} of: /home/jbergqvist/.sdkman/candidates/maven/current.
12:50:14.232 [INFO]   [Checking]    [main]              [com.diffblue.cover.configuration.a.d] Maven Executing: /bin/sh -c cd /home/jbergqvist/diffblue/Palisade-common && /home/jbergqvist/.sdkman/candidates/maven/3.9.12/bin/mvn -B -version
12:50:14.459 [INFO]   [Checking]    [main]              [com.diffblue.cover.buildsystem.internal.c.a] Standard output of build tool (Maven)
12:50:14.459 [INFO]   [Checking]    [main]              [com.diffblue.cover.buildsystem.internal.c.a] > Apache Maven 3.9.12 (848fbb4bf2d427b72bdb2471c22fced7ebd9a7a1)
12:50:14.459 [INFO]   [Checking]    [main]              [com.diffblue.cover.buildsystem.internal.c.a] > Maven home: /home/jbergqvist/.sdkman/candidates/maven/3.9.12
12:50:14.459 [INFO]   [Checking]    [main]              [com.diffblue.cover.buildsystem.internal.c.a] > Java version: 11.0.29, vendor: Amazon.com Inc., runtime: /home/jbergqvist/.sdkman/candidates/java/11.0.29-amzn
12:50:14.459 [INFO]   [Checking]    [main]              [com.diffblue.cover.buildsystem.internal.c.a] > Default locale: en_GB, platform encoding: UTF-8
12:50:14.459 [INFO]   [Checking]    [main]              [com.diffblue.cover.buildsystem.internal.c.a] > OS name: "linux", version: "6.8.0-90-generic", arch: "amd64", family: "unix"
12:50:14.461 [DEBUG]  [Checking]    [main]              [com.diffblue.cover.buildsystem.config.registry.Registry] checking if /home/jbergqvist/diffblue/Palisade-common/DiffblueBuild.yaml exists...
12:50:14.461 [DEBUG]  [Checking]    [main]              [com.diffblue.cover.buildsystem.config.registry.Registry] checking if /home/jbergqvist/diffblue/Palisade-common/DiffblueBuild.yml exists...
12:50:14.461 [INFO]   [Checking]    [main]              [com.diffblue.cover.buildsystem.config.registry.Registry] Using default build rules as no custom rules found in any of [/home/jbergqvist/diffblue/Palisade-common]
12:50:14.464 [DEBUG]  [Checking]    [main]              [com.diffblue.cover.buildsystem.config.registry.Registry] Build execution request for Classpath Phase
12:50:14.466 [INFO]   [Checking]    [main]              [com.diffblue.cover.buildsystem.config.a.a] Attempting to invoke mvnw in working directory: /home/jbergqvist/diffblue/Palisade-common
12:50:14.466 [INFO]   [Checking]    [main]              [com.diffblue.cover.buildsystem.config.a.a] Attempting to invoke /home/jbergqvist/.sdkman/candidates/maven/current/bin/mvn in working directory: /home/jbergqvist/diffblue/Palisade-common
12:50:14.467 [INFO]   [Checking]    [main]              [com.diffblue.cover.buildsystem.config.a.a] Started "/home/jbergqvist/.sdkman/candidates/maven/current/bin/mvn -Dmaven.ext.class.path=/opt/cover/cover-buildsystem-maven-spy-jar-with-dependencies.jar -Dcom.diffblue.cover.skipTests=true -DskipTestOptimizer --batch-mode --global-settings=/home/jbergqvist/.sdkman/candidates/maven/current/conf/settings.xml dependency:build-classpath"
12:50:15.223 [INFO]   [Checking]    [maven:out]         [com.diffblue.cover.buildsystem.config.a.a] out: [INFO] Scanning for projects...
12:50:15.333 [INFO]   [Checking]    [maven:out]         [com.diffblue.cover.buildsystem.config.a.a] out: [INFO] 
12:50:15.334 [INFO]   [Checking]    [maven:out]         [com.diffblue.cover.buildsystem.config.a.a] out: [INFO] --------------------< uk.gov.gchq.palisade:common >---------------------
12:50:15.334 [INFO]   [Checking]    [maven:out]         [com.diffblue.cover.buildsystem.config.a.a] out: [INFO] Building GCHQ Palisade Common Library 0.5.2-SNAPSHOT
12:50:15.334 [INFO]   [Checking]    [maven:out]         [com.diffblue.cover.buildsystem.config.a.a] out: [INFO]   from pom.xml
12:50:15.334 [INFO]   [Checking]    [maven:out]         [com.diffblue.cover.buildsystem.config.a.a] out: [INFO] --------------------------------[ jar ]---------------------------------
12:50:15.496 [INFO]   [Checking]    [maven:out]         [com.diffblue.cover.buildsystem.internal.f.f] deserializing line [DIFFBLUE]{"__type":"com.diffblue.cover.buildsystem.model.DefaultEventMessage","project":"uk.gov.gchq.palisade:common","goal":"build-classpath","cause":null,"state":"STARTED"}
12:50:15.539 [INFO]   [Checking]    [maven:out]         [com.diffblue.cover.buildsystem.config.a.a] out: [INFO] 
12:50:15.539 [INFO]   [Checking]    [maven:out]         [com.diffblue.cover.buildsystem.config.a.a] out: [INFO] --- dependency:3.1.2:build-classpath (default-cli) @ common ---
12:50:15.970 [INFO]   [Checking]    [maven:out]         [com.diffblue.cover.buildsystem.config.a.a] out: [INFO] Dependencies classpath:
12:50:15.971 [INFO]   [Checking]    [maven:out]         [com.diffblue.cover.buildsystem.config.a.a] out: /home/jbergqvist/.m2/repository/com/typesafe/akka/akka-stream_2.13/2.6.10/akka-stream_2.13-2.6.10.jar:/home/jbergqvist/.m2/repository/org/scala-lang/scala-library/2.13.3/scala-library-2.13.3.jar:/home/jbergqvist/.m2/repository/com/typesafe/akka/akka-actor_2.13/2.6.10/akka-actor_2.13-2.6.10.jar:/home/jbergqvist/.m2/repository/com/typesafe/config/1.4.0/config-1.4.0.jar:/home/jbergqvist/.m2/repository/org/scala-lang/modules/scala-java8-compat_2.13/0.9.0/scala-java8-compat_2.13-0.9.0.jar:/home/jbergqvist/.m2/repository/com/typesafe/akka/akka-protobuf-v3_2.13/2.6.10/akka-protobuf-v3_2.13-2.6.10.jar:/home/jbergqvist/.m2/repository/org/reactivestreams/reactive-streams/1.0.3/reactive-streams-1.0.3.jar:/home/jbergqvist/.m2/repository/com/typesafe/ssl-config-core_2.13/0.4.2/ssl-config-core_2.13-0.4.2.jar:/home/jbergqvist/.m2/repository/org/scala-lang/modules/scala-parser-combinators_2.13/1.1.2/scala-parser-combinators_2.13-1.1.2.jar:/home/jbergqvist/.m2/repository/org/junit/jupiter/junit-jupiter-engine/5.13.4/junit-jupiter-engine-5.13.4.jar:/home/jbergqvist/.m2/repository/org/junit/platform/junit-platform-engine/1.13.4/junit-platform-engine-1.13.4.jar:/home/jbergqvist/.m2/repository/org/opentest4j/opentest4j/1.3.0/opentest4j-1.3.0.jar:/home/jbergqvist/.m2/repository/org/junit/platform/junit-platform-commons/1.13.4/junit-platform-commons-1.13.4.jar:/home/jbergqvist/.m2/repository/org/junit/jupiter/junit-jupiter-api/5.13.4/junit-jupiter-api-5.13.4.jar:/home/jbergqvist/.m2/repository/org/apiguardian/apiguardian-api/1.1.2/apiguardian-api-1.1.2.jar:/home/jbergqvist/.m2/repository/org/mockito/mockito-core/5.20.0/mockito-core-5.20.0.jar:/home/jbergqvist/.m2/repository/net/bytebuddy/byte-buddy/1.17.7/byte-buddy-1.17.7.jar:/home/jbergqvist/.m2/repository/net/bytebuddy/byte-buddy-agent/1.17.7/byte-buddy-agent-1.17.7.jar:/home/jbergqvist/.m2/repository/org/objenesis/objenesis/3.3/objenesis-3.3.jar:/home/jbergqvist/.m2/repository/org/mockito/mockito-junit-jupiter/5.20.0/mockito-junit-jupiter-5.20.0.jar:/home/jbergqvist/.m2/repository/com/fasterxml/jackson/core/jackson-databind/2.11.0/jackson-databind-2.11.0.jar:/home/jbergqvist/.m2/repository/com/fasterxml/jackson/core/jackson-annotations/2.11.0/jackson-annotations-2.11.0.jar:/home/jbergqvist/.m2/repository/com/fasterxml/jackson/core/jackson-core/2.11.0/jackson-core-2.11.0.jar:/home/jbergqvist/.m2/repository/org/slf4j/slf4j-api/1.7.25/slf4j-api-1.7.25.jar:/home/jbergqvist/.m2/repository/com/diffblue/cover/cover-annotations/1.8.0/cover-annotations-1.8.0.jar
12:50:15.972 [INFO]   [Checking]    [maven:out]         [com.diffblue.cover.buildsystem.internal.f.f] deserializing line [DIFFBLUE]{"__type":"com.diffblue.cover.buildsystem.model.DefaultEventMessage","project":"uk.gov.gchq.palisade:common","goal":"build-classpath","cause":null,"state":"SUCCESS"}
12:50:16.001 [INFO]   [Checking]    [maven:out]         [com.diffblue.cover.buildsystem.internal.f.f] deserializing line [DIFFBLUE]{"__type":"com.diffblue.cover.buildsystem.model.DefaultProjectModuleMessage","project":{"__type":"DefaultProjectModule","junitReport":["/home/jbergqvist/diffblue/Palisade-common/target/surefire-reports"],"jacocoReport":["/home/jbergqvist/diffblue/Palisade-common/target/site/jacoco/jacoco.xml"],"jacocoDestFile":["${sonar.jacoco.reportPath}","/home/jbergqvist/diffblue/Palisade-common/target/jacoco.exec"],"jacocoFormats":["xml"],"jacocoSkipped":false,"classpath":["/home/jbergqvist/diffblue/Palisade-common/target/classes","/home/jbergqvist/.m2/repository/com/typesafe/akka/akka-stream_2.13/2.6.10/akka-stream_2.13-2.6.10.jar","/home/jbergqvist/.m2/repository/org/scala-lang/scala-library/2.13.3/scala-library-2.13.3.jar","/home/jbergqvist/.m2/repository/com/typesafe/akka/akka-actor_2.13/2.6.10/akka-actor_2.13-2.6.10.jar","/home/jbergqvist/.m2/repository/com/typesafe/config/1.4.0/config-1.4.0.jar","/home/jbergqvist/.m2/repository/org/scala-lang/modules/scala-java8-compat_2.13/0.9.0/scala-java8-compat_2.13-0.9.0.jar","/home/jbergqvist/.m2/repository/com/typesafe/akka/akka-protobuf-v3_2.13/2.6.10/akka-protobuf-v3_2.13-2.6.10.jar","/home/jbergqvist/.m2/repository/org/reactivestreams/reactive-streams/1.0.3/reactive-streams-1.0.3.jar","/home/jbergqvist/.m2/repository/com/typesafe/ssl-config-core_2.13/0.4.2/ssl-config-core_2.13-0.4.2.jar","/home/jbergqvist/.m2/repository/org/scala-lang/modules/scala-parser-combinators_2.13/1.1.2/scala-parser-combinators_2.13-1.1.2.jar","/home/jbergqvist/.m2/repository/org/junit/jupiter/junit-jupiter-engine/5.13.4/junit-jupiter-engine-5.13.4.jar","/home/jbergqvist/.m2/repository/org/junit/platform/junit-platform-engine/1.13.4/junit-platform-engine-1.13.4.jar","/home/jbergqvist/.m2/repository/org/opentest4j/opentest4j/1.3.0/opentest4j-1.3.0.jar","/home/jbergqvist/.m2/repository/org/junit/platform/junit-platform-commons/1.13.4/junit-platform-commons-1.13.4.jar","/home/jbergqvist/.m2/repository/org/junit/jupiter/junit-jupiter-api/5.13.4/junit-jupiter-api-5.13.4.jar","/home/jbergqvist/.m2/repository/org/apiguardian/apiguardian-api/1.1.2/apiguardian-api-1.1.2.jar","/home/jbergqvist/.m2/repository/org/mockito/mockito-core/5.20.0/mockito-core-5.20.0.jar","/home/jbergqvist/.m2/repository/net/bytebuddy/byte-buddy/1.17.7/byte-buddy-1.17.7.jar","/home/jbergqvist/.m2/repository/net/bytebuddy/byte-buddy-agent/1.17.7/byte-buddy-agent-1.17.7.jar","/home/jbergqvist/.m2/repository/org/objenesis/objenesis/3.3/objenesis-3.3.jar","/home/jbergqvist/.m2/repository/org/mockito/mockito-junit-jupiter/5.20.0/mockito-junit-jupiter-5.20.0.jar","/home/jbergqvist/.m2/repository/com/fasterxml/jackson/core/jackson-databind/2.11.0/jackson-databind-2.11.0.jar","/home/jbergqvist/.m2/repository/com/fasterxml/jackson/core/jackson-annotations/2.11.0/jackson-annotations-2.11.0.jar","/home/jbergqvist/.m2/repository/com/fasterxml/jackson/core/jackson-core/2.11.0/jackson-core-2.11.0.jar","/home/jbergqvist/.m2/repository/org/slf4j/slf4j-api/1.7.25/slf4j-api-1.7.25.jar","/home/jbergqvist/.m2/repository/com/diffblue/cover/cover-annotations/1.8.0/cover-annotations-1.8.0.jar"],"complianceLevel":"11","productionSources":["/home/jbergqvist/diffblue/Palisade-common/src/main/java"],"testSources":["/home/jbergqvist/diffblue/Palisade-common/src/test/java"],"productionClasses":"/home/jbergqvist/diffblue/Palisade-common/target/classes","testClasses":"/home/jbergqvist/diffblue/Palisade-common/target/test-classes","sourceToBuildPathMap":null,"testSourceToBuildPathMap":null,"buildDirectory":"/home/jbergqvist/diffblue/Palisade-common/target","plugins":[{"__type":"DefaultPlugin","groupId":"org.apache.maven.plugins","artefactId":"maven-compiler-plugin","version":"3.8.0","pluginClassName":null},{"__type":"DefaultPlugin","groupId":"org.apache.maven.plugins","artefactId":"maven-javadoc-plugin","version":"3.1.0","pluginClassName":null},{"__type":"DefaultPlugin","groupId":"org.apache.maven.plugins","artefactId":"maven-dependency-plugin","version":"3.1.2","pluginClassName":null},{"__type":"DefaultPlugin","groupId":"org.codehaus.mojo","artefactId":"flatten-maven-plugin","version":"1.1.0","pluginClassName":null},{"__type":"DefaultPlugin","groupId":"org.codehaus.mojo","artefactId":"license-maven-plugin","version":"2.0.0","pluginClassName":null},{"__type":"DefaultPlugin","groupId":"org.jacoco","artefactId":"jacoco-maven-plugin","version":"0.8.5","pluginClassName":null},{"__type":"DefaultPlugin","groupId":"org.apache.maven.plugins","artefactId":"maven-checkstyle-plugin","version":"3.1.0","pluginClassName":null},{"__type":"DefaultPlugin","groupId":"org.apache.maven.plugins","artefactId":"maven-clean-plugin","version":"3.2.0","pluginClassName":null},{"__type":"DefaultPlugin","groupId":"org.apache.maven.plugins","artefactId":"maven-resources-plugin","version":"3.3.1","pluginClassName":null},{"__type":"DefaultPlugin","groupId":"org.apache.maven.plugins","artefactId":"maven-jar-plugin","version":"3.4.1","pluginClassName":null},{"__type":"DefaultPlugin","groupId":"org.apache.maven.plugins","artefactId":"maven-surefire-plugin","version":"3.2.5","pluginClassName":null},{"__type":"DefaultPlugin","groupId":"org.apache.maven.plugins","artefactId":"maven-install-plugin","version":"3.1.2","pluginClassName":null},{"__type":"DefaultPlugin","groupId":"org.apache.maven.plugins","artefactId":"maven-deploy-plugin","version":"3.1.2","pluginClassName":null},{"__type":"DefaultPlugin","groupId":"org.apache.maven.plugins","artefactId":"maven-site-plugin","version":"3.12.1","pluginClassName":null}],"version":"3.9.12","encoding":"UTF-8","name":"maven","subModules":[],"simpleModuleName":null,"parentModuleName":null,"location":"/home/jbergqvist/diffblue/Palisade-common","fullModuleName":"uk.gov.gchq.palisade:common"}}
12:50:16.016 [INFO]   [Checking]    [maven:out]         [com.diffblue.cover.buildsystem.config.a.a] out: [INFO] ------------------------------------------------------------------------
12:50:16.016 [INFO]   [Checking]    [maven:out]         [com.diffblue.cover.buildsystem.config.a.a] out: [INFO] BUILD SUCCESS
12:50:16.016 [INFO]   [Checking]    [maven:out]         [com.diffblue.cover.buildsystem.config.a.a] out: [INFO] ------------------------------------------------------------------------
12:50:16.016 [INFO]   [Checking]    [maven:out]         [com.diffblue.cover.buildsystem.config.a.a] out: [INFO] Total time:  0.792 s
12:50:16.016 [INFO]   [Checking]    [maven:out]         [com.diffblue.cover.buildsystem.config.a.a] out: [INFO] Finished at: 2026-01-12T12:50:16Z
12:50:16.016 [INFO]   [Checking]    [maven:out]         [com.diffblue.cover.buildsystem.config.a.a] out: [INFO] ------------------------------------------------------------------------
12:50:16.017 [INFO]   [Checking]    [maven:out]         [com.diffblue.cover.buildsystem.internal.f.f] deserializing line [DIFFBLUE]{"__type":"com.diffblue.cover.buildsystem.model.ProjectInfoMessage","projectName":"uk.gov.gchq.palisade:common","productionSources":["/home/jbergqvist/diffblue/Palisade-common/src/main/java"],"testSources":["/home/jbergqvist/diffblue/Palisade-common/src/test/java"],"location":"/home/jbergqvist/diffblue/Palisade-common"}
12:50:16.109 [INFO]   [Checking]    [main]              [com.diffblue.cover.buildsystem.internal.f.d] maven:err process not stopped, joining thread
12:50:16.109 [INFO]   [Checking]    [main]              [com.diffblue.cover.buildsystem.internal.f.d] maven:out process not stopped, joining thread
12:50:16.109 [DEBUG]  [Checking]    [main]              [com.diffblue.cover.buildsystem.config.a.a] Executor spent 1s on command "/home/jbergqvist/.sdkman/candidates/maven/current/bin/mvn -Dmaven.ext.class.path=/opt/cover/cover-buildsystem-maven-spy-jar-with-dependencies.jar -Dcom.diffblue.cover.skipTests=true -DskipTestOptimizer --batch-mode --global-settings=/home/jbergqvist/.sdkman/candidates/maven/current/conf/settings.xml dependency:build-classpath"
12:50:16.110 [INFO]   [Checking]    [main]              [com.diffblue.cover.buildsystem.internal.f.f] Deserializing project module message
12:50:16.110 [INFO]   [Checking]    [main]              [com.diffblue.cover.buildsystem.internal.f.f] deserializing line [DIFFBLUE]{"__type":"com.diffblue.cover.buildsystem.model.DefaultEventMessage","project":"uk.gov.gchq.palisade:common","goal":"build-classpath","cause":null,"state":"STARTED"}
12:50:16.113 [INFO]   [Checking]    [main]              [com.diffblue.cover.buildsystem.internal.f.f] deserializing line [DIFFBLUE]{"__type":"com.diffblue.cover.buildsystem.model.DefaultEventMessage","project":"uk.gov.gchq.palisade:common","goal":"build-classpath","cause":null,"state":"SUCCESS"}
12:50:16.115 [INFO]   [Checking]    [main]              [com.diffblue.cover.buildsystem.internal.f.f] deserializing line [DIFFBLUE]{"__type":"com.diffblue.cover.buildsystem.model.DefaultProjectModuleMessage","project":{"__type":"DefaultProjectModule","junitReport":["/home/jbergqvist/diffblue/Palisade-common/target/surefire-reports"],"jacocoReport":["/home/jbergqvist/diffblue/Palisade-common/target/site/jacoco/jacoco.xml"],"jacocoDestFile":["${sonar.jacoco.reportPath}","/home/jbergqvist/diffblue/Palisade-common/target/jacoco.exec"],"jacocoFormats":["xml"],"jacocoSkipped":false,"classpath":["/home/jbergqvist/diffblue/Palisade-common/target/classes","/home/jbergqvist/.m2/repository/com/typesafe/akka/akka-stream_2.13/2.6.10/akka-stream_2.13-2.6.10.jar","/home/jbergqvist/.m2/repository/org/scala-lang/scala-library/2.13.3/scala-library-2.13.3.jar","/home/jbergqvist/.m2/repository/com/typesafe/akka/akka-actor_2.13/2.6.10/akka-actor_2.13-2.6.10.jar","/home/jbergqvist/.m2/repository/com/typesafe/config/1.4.0/config-1.4.0.jar","/home/jbergqvist/.m2/repository/org/scala-lang/modules/scala-java8-compat_2.13/0.9.0/scala-java8-compat_2.13-0.9.0.jar","/home/jbergqvist/.m2/repository/com/typesafe/akka/akka-protobuf-v3_2.13/2.6.10/akka-protobuf-v3_2.13-2.6.10.jar","/home/jbergqvist/.m2/repository/org/reactivestreams/reactive-streams/1.0.3/reactive-streams-1.0.3.jar","/home/jbergqvist/.m2/repository/com/typesafe/ssl-config-core_2.13/0.4.2/ssl-config-core_2.13-0.4.2.jar","/home/jbergqvist/.m2/repository/org/scala-lang/modules/scala-parser-combinators_2.13/1.1.2/scala-parser-combinators_2.13-1.1.2.jar","/home/jbergqvist/.m2/repository/org/junit/jupiter/junit-jupiter-engine/5.13.4/junit-jupiter-engine-5.13.4.jar","/home/jbergqvist/.m2/repository/org/junit/platform/junit-platform-engine/1.13.4/junit-platform-engine-1.13.4.jar","/home/jbergqvist/.m2/repository/org/opentest4j/opentest4j/1.3.0/opentest4j-1.3.0.jar","/home/jbergqvist/.m2/repository/org/junit/platform/junit-platform-commons/1.13.4/junit-platform-commons-1.13.4.jar","/home/jbergqvist/.m2/repository/org/junit/jupiter/junit-jupiter-api/5.13.4/junit-jupiter-api-5.13.4.jar","/home/jbergqvist/.m2/repository/org/apiguardian/apiguardian-api/1.1.2/apiguardian-api-1.1.2.jar","/home/jbergqvist/.m2/repository/org/mockito/mockito-core/5.20.0/mockito-core-5.20.0.jar","/home/jbergqvist/.m2/repository/net/bytebuddy/byte-buddy/1.17.7/byte-buddy-1.17.7.jar","/home/jbergqvist/.m2/repository/net/bytebuddy/byte-buddy-agent/1.17.7/byte-buddy-agent-1.17.7.jar","/home/jbergqvist/.m2/repository/org/objenesis/objenesis/3.3/objenesis-3.3.jar","/home/jbergqvist/.m2/repository/org/mockito/mockito-junit-jupiter/5.20.0/mockito-junit-jupiter-5.20.0.jar","/home/jbergqvist/.m2/repository/com/fasterxml/jackson/core/jackson-databind/2.11.0/jackson-databind-2.11.0.jar","/home/jbergqvist/.m2/repository/com/fasterxml/jackson/core/jackson-annotations/2.11.0/jackson-annotations-2.11.0.jar","/home/jbergqvist/.m2/repository/com/fasterxml/jackson/core/jackson-core/2.11.0/jackson-core-2.11.0.jar","/home/jbergqvist/.m2/repository/org/slf4j/slf4j-api/1.7.25/slf4j-api-1.7.25.jar","/home/jbergqvist/.m2/repository/com/diffblue/cover/cover-annotations/1.8.0/cover-annotations-1.8.0.jar"],"complianceLevel":"11","productionSources":["/home/jbergqvist/diffblue/Palisade-common/src/main/java"],"testSources":["/home/jbergqvist/diffblue/Palisade-common/src/test/java"],"productionClasses":"/home/jbergqvist/diffblue/Palisade-common/target/classes","testClasses":"/home/jbergqvist/diffblue/Palisade-common/target/test-classes","sourceToBuildPathMap":null,"testSourceToBuildPathMap":null,"buildDirectory":"/home/jbergqvist/diffblue/Palisade-common/target","plugins":[{"__type":"DefaultPlugin","groupId":"org.apache.maven.plugins","artefactId":"maven-compiler-plugin","version":"3.8.0","pluginClassName":null},{"__type":"DefaultPlugin","groupId":"org.apache.maven.plugins","artefactId":"maven-javadoc-plugin","version":"3.1.0","pluginClassName":null},{"__type":"DefaultPlugin","groupId":"org.apache.maven.plugins","artefactId":"maven-dependency-plugin","version":"3.1.2","pluginClassName":null},{"__type":"DefaultPlugin","groupId":"org.codehaus.mojo","artefactId":"flatten-maven-plugin","version":"1.1.0","pluginClassName":null},{"__type":"DefaultPlugin","groupId":"org.codehaus.mojo","artefactId":"license-maven-plugin","version":"2.0.0","pluginClassName":null},{"__type":"DefaultPlugin","groupId":"org.jacoco","artefactId":"jacoco-maven-plugin","version":"0.8.5","pluginClassName":null},{"__type":"DefaultPlugin","groupId":"org.apache.maven.plugins","artefactId":"maven-checkstyle-plugin","version":"3.1.0","pluginClassName":null},{"__type":"DefaultPlugin","groupId":"org.apache.maven.plugins","artefactId":"maven-clean-plugin","version":"3.2.0","pluginClassName":null},{"__type":"DefaultPlugin","groupId":"org.apache.maven.plugins","artefactId":"maven-resources-plugin","version":"3.3.1","pluginClassName":null},{"__type":"DefaultPlugin","groupId":"org.apache.maven.plugins","artefactId":"maven-jar-plugin","version":"3.4.1","pluginClassName":null},{"__type":"DefaultPlugin","groupId":"org.apache.maven.plugins","artefactId":"maven-surefire-plugin","version":"3.2.5","pluginClassName":null},{"__type":"DefaultPlugin","groupId":"org.apache.maven.plugins","artefactId":"maven-install-plugin","version":"3.1.2","pluginClassName":null},{"__type":"DefaultPlugin","groupId":"org.apache.maven.plugins","artefactId":"maven-deploy-plugin","version":"3.1.2","pluginClassName":null},{"__type":"DefaultPlugin","groupId":"org.apache.maven.plugins","artefactId":"maven-site-plugin","version":"3.12.1","pluginClassName":null}],"version":"3.9.12","encoding":"UTF-8","name":"maven","subModules":[],"simpleModuleName":null,"parentModuleName":null,"location":"/home/jbergqvist/diffblue/Palisade-common","fullModuleName":"uk.gov.gchq.palisade:common"}}
12:50:16.124 [INFO]   [Checking]    [main]              [com.diffblue.cover.buildsystem.internal.f.f] deserializing line [DIFFBLUE]{"__type":"com.diffblue.cover.buildsystem.model.ProjectInfoMessage","projectName":"uk.gov.gchq.palisade:common","productionSources":["/home/jbergqvist/diffblue/Palisade-common/src/main/java"],"testSources":["/home/jbergqvist/diffblue/Palisade-common/src/test/java"],"location":"/home/jbergqvist/diffblue/Palisade-common"}
12:50:16.125 [INFO]   [Checking]    [main]              [com.diffblue.cover.buildsystem.internal.f.f] Found 1 ProjectModuleMessages (ignoring buildSrc projects)
12:50:16.126 [INFO]   [Checking]    [main]              [com.diffblue.cover.buildsystem.internal.f.f] Found module uk.gov.gchq.palisade:common in the working directory /home/jbergqvist/diffblue/Palisade-common
12:50:16.126 [INFO]   [Checking]    [main]              [com.diffblue.cover.buildsystem.e] deserialized project module is present? true
12:50:16.127 [DEBUG]  [Checking]    [main]              [com.diffblue.cover.configuration.a.e] DetectorCache miss DETECTED_BUILD_SYSTEM_MAVEN
12:50:16.127 [DEBUG]  [Checking]    [main]              [com.diffblue.cover.configuration.cache.a] Writing cache to /home/jbergqvist/diffblue/Palisade-common/.diffblue/cache/env.json containing 3 items
12:50:16.134 [DEBUG]  [Checking]    [main]              [com.diffblue.cover.commons.l.d] Processing rule com.diffblue.cover.configuration.a.d took 1911ms
12:50:16.134 [DEBUG]  [Checking]    [main]              [com.diffblue.cover.configuration.a.e] DetectorCache miss DETECTED_BUILD_SYSTEM_CONFIGURABLE
12:50:16.134 [DEBUG]  [Checking]    [main]              [com.diffblue.cover.configuration.cache.a] Writing cache to /home/jbergqvist/diffblue/Palisade-common/.diffblue/cache/env.json containing 3 items
12:50:16.140 [INFO]   [Checking]    [main]              [com.diffblue.cover.configuration.a.bb] Operating System: Linux amd64 6.8.0-90-generic
12:50:16.140 [INFO]   [Checking]    [main]              [com.diffblue.cover.configuration.a.bb] Default charset: UTF-8
12:50:16.140 [INFO]   [Checking]    [main]              [com.diffblue.cover.configuration.a.bb] Default locale: en_GB
12:50:16.140 [INFO]   [Checking]    [main]              [com.diffblue.cover.configuration.a.bb] Default time zone: Europe/London
12:50:16.144 [DEBUG]  [Checking]    [main]              [com.diffblue.cover.configuration.a.z] Java home guessed from System property: /home/jbergqvist/.sdkman/candidates/java/11.0.29-amzn
12:50:16.146 [DEBUG]  [Checking]    [main]              [com.diffblue.cover.commons.l.d] Inference engine finished in 2048ms
12:50:16.148 [INFO]   [Checking]    [main]              [com.diffblue.cover.ui.controller.ad] Discovered modules:
12:50:16.148 [INFO]   [Checking]    [main]              [com.diffblue.cover.ui.controller.ad] - uk.gov.gchq.palisade:common
12:50:16.148 [INFO]   [Checking]    [main]              [com.diffblue.cover.ui.controller.ad] 
12:50:16.153 [INFO]   [Checking]    [main]              [com.diffblue.cover.ui.controller.ad] 
12:50:16.153 [INFO]   [Checking]    [main]              [com.diffblue.cover.ui.controller.ad] [1/1] Creating tests for module: uk.gov.gchq.palisade:common
12:50:16.153 [INFO]   [Checking]    [main]              [com.diffblue.cover.ui.controller.ad] ============================================================
12:50:16.153 [INFO]   [Checking]    [main]              [com.diffblue.cover.ui.controller.ad] 
12:50:16.153 [INFO]   [Checking]    [main]              [com.diffblue.cover.ui.controller.r] Detecting environment:
12:50:16.153 [INFO]   [Checking]    [main]              [com.diffblue.cover.ui.controller.r] ----------------------
12:50:16.209 [DEBUG]  [Checking]    [main]              [com.diffblue.cover.configuration.b] Using JSON detector cache at /home/jbergqvist/diffblue/Palisade-common/.diffblue/cache/env.json
12:50:16.218 [INFO]   [Checking]    [main]              [com.diffblue.cover.ui.controller.r] Detected Java version 11.0.29
12:50:16.218 [DEBUG]  [Checking]    [main]              [com.diffblue.cover.configuration.a.g] checking if /home/jbergqvist/diffblue/Palisade-common/DiffblueBuild.yaml exists...
12:50:16.218 [DEBUG]  [Checking]    [main]              [com.diffblue.cover.configuration.a.g] checking if /home/jbergqvist/diffblue/Palisade-common/DiffblueBuild.yml exists...
12:50:16.218 [DEBUG]  [Checking]    [main]              [com.diffblue.cover.configuration.a.e] DetectorCache miss DETECTED_BUILD_SYSTEM_CONFIGURABLE
12:50:16.218 [DEBUG]  [Checking]    [main]              [com.diffblue.cover.configuration.cache.a] Writing cache to /home/jbergqvist/diffblue/Palisade-common/.diffblue/cache/env.json containing 3 items
12:50:16.225 [DEBUG]  [Checking]    [main]              [com.diffblue.cover.configuration.a.e] DetectorCache miss DETECTED_BUILD_SYSTEM_GRADLE
12:50:16.225 [DEBUG]  [Checking]    [main]              [com.diffblue.cover.configuration.cache.a] Writing cache to /home/jbergqvist/diffblue/Palisade-common/.diffblue/cache/env.json containing 3 items
12:50:16.230 [DEBUG]  [Checking]    [main]              [com.diffblue.cover.configuration.a.d] Maven home found: /home/jbergqvist/.sdkman/candidates/maven/current
12:50:16.230 [INFO]   [Checking]    [main]              [com.diffblue.cover.configuration.a.d] Maven Using ${maven.home} of: /home/jbergqvist/.sdkman/candidates/maven/current.
12:50:16.230 [INFO]   [Checking]    [main]              [com.diffblue.cover.configuration.a.d] Maven Executing: /bin/sh -c cd /home/jbergqvist/diffblue/Palisade-common && /home/jbergqvist/.sdkman/candidates/maven/3.9.12/bin/mvn -B -version
12:50:16.392 [INFO]   [Checking]    [main]              [com.diffblue.cover.buildsystem.internal.c.a] Standard output of build tool (Maven)
12:50:16.392 [INFO]   [Checking]    [main]              [com.diffblue.cover.buildsystem.internal.c.a] > Apache Maven 3.9.12 (848fbb4bf2d427b72bdb2471c22fced7ebd9a7a1)
12:50:16.392 [INFO]   [Checking]    [main]              [com.diffblue.cover.buildsystem.internal.c.a] > Maven home: /home/jbergqvist/.sdkman/candidates/maven/3.9.12
12:50:16.392 [INFO]   [Checking]    [main]              [com.diffblue.cover.buildsystem.internal.c.a] > Java version: 11.0.29, vendor: Amazon.com Inc., runtime: /home/jbergqvist/.sdkman/candidates/java/11.0.29-amzn
12:50:16.392 [INFO]   [Checking]    [main]              [com.diffblue.cover.buildsystem.internal.c.a] > Default locale: en_GB, platform encoding: UTF-8
12:50:16.392 [INFO]   [Checking]    [main]              [com.diffblue.cover.buildsystem.internal.c.a] > OS name: "linux", version: "6.8.0-90-generic", arch: "amd64", family: "unix"
12:50:16.393 [INFO]   [Checking]    [main]              [com.diffblue.cover.ui.controller.r] Detected build system: Maven 3.9.12
12:50:16.393 [DEBUG]  [Checking]    [main]              [com.diffblue.cover.configuration.a.e] DetectorCache miss DETECTED_BUILD_SYSTEM_MAVEN
12:50:16.393 [DEBUG]  [Checking]    [main]              [com.diffblue.cover.configuration.cache.a] Writing cache to /home/jbergqvist/diffblue/Palisade-common/.diffblue/cache/env.json containing 3 items
12:50:16.398 [INFO]   [Checking]    [main]              [com.diffblue.cover.configuration.a.bb] Operating System: Linux amd64 6.8.0-90-generic
12:50:16.399 [INFO]   [Checking]    [main]              [com.diffblue.cover.configuration.a.bb] Default charset: UTF-8
12:50:16.399 [INFO]   [Checking]    [main]              [com.diffblue.cover.configuration.a.bb] Default locale: en_GB
12:50:16.399 [INFO]   [Checking]    [main]              [com.diffblue.cover.configuration.a.bb] Default time zone: Europe/London
12:50:16.400 [INFO]   [Checking]    [main]              [com.diffblue.cover.ui.controller.r] Selected build system: Maven
12:50:16.407 [INFO]   [Checking]    [main]              [com.diffblue.cover.ui.controller.r] Selected classpath from build system maven
12:50:16.409 [INFO]   [Checking]    [main]              [com.diffblue.cover.configuration.c.b] Expanded classpath: 
/home/jbergqvist/diffblue/Palisade-common/target/test-classes (does not exist) (test build path)
/home/jbergqvist/diffblue/Palisade-common/target/classes (code under test)
/home/jbergqvist/.m2/repository/com/typesafe/akka/akka-stream_2.13/2.6.10/akka-stream_2.13-2.6.10.jar
/home/jbergqvist/.m2/repository/org/scala-lang/scala-library/2.13.3/scala-library-2.13.3.jar
/home/jbergqvist/.m2/repository/com/typesafe/akka/akka-actor_2.13/2.6.10/akka-actor_2.13-2.6.10.jar
/home/jbergqvist/.m2/repository/com/typesafe/config/1.4.0/config-1.4.0.jar
/home/jbergqvist/.m2/repository/org/scala-lang/modules/scala-java8-compat_2.13/0.9.0/scala-java8-compat_2.13-0.9.0.jar
/home/jbergqvist/.m2/repository/com/typesafe/akka/akka-protobuf-v3_2.13/2.6.10/akka-protobuf-v3_2.13-2.6.10.jar
/home/jbergqvist/.m2/repository/org/reactivestreams/reactive-streams/1.0.3/reactive-streams-1.0.3.jar
/home/jbergqvist/.m2/repository/com/typesafe/ssl-config-core_2.13/0.4.2/ssl-config-core_2.13-0.4.2.jar
/home/jbergqvist/.m2/repository/org/scala-lang/modules/scala-parser-combinators_2.13/1.1.2/scala-parser-combinators_2.13-1.1.2.jar
/home/jbergqvist/.m2/repository/org/junit/jupiter/junit-jupiter-engine/5.13.4/junit-jupiter-engine-5.13.4.jar
/home/jbergqvist/.m2/repository/org/junit/platform/junit-platform-engine/1.13.4/junit-platform-engine-1.13.4.jar
/home/jbergqvist/.m2/repository/org/opentest4j/opentest4j/1.3.0/opentest4j-1.3.0.jar
/home/jbergqvist/.m2/repository/org/junit/platform/junit-platform-commons/1.13.4/junit-platform-commons-1.13.4.jar
/home/jbergqvist/.m2/repository/org/junit/jupiter/junit-jupiter-api/5.13.4/junit-jupiter-api-5.13.4.jar
/home/jbergqvist/.m2/repository/org/apiguardian/apiguardian-api/1.1.2/apiguardian-api-1.1.2.jar
/home/jbergqvist/.m2/repository/org/mockito/mockito-core/5.20.0/mockito-core-5.20.0.jar
/home/jbergqvist/.m2/repository/net/bytebuddy/byte-buddy/1.17.7/byte-buddy-1.17.7.jar
/home/jbergqvist/.m2/repository/net/bytebuddy/byte-buddy-agent/1.17.7/byte-buddy-agent-1.17.7.jar
/home/jbergqvist/.m2/repository/org/objenesis/objenesis/3.3/objenesis-3.3.jar
/home/jbergqvist/.m2/repository/org/mockito/mockito-junit-jupiter/5.20.0/mockito-junit-jupiter-5.20.0.jar
/home/jbergqvist/.m2/repository/com/fasterxml/jackson/core/jackson-databind/2.11.0/jackson-databind-2.11.0.jar
/home/jbergqvist/.m2/repository/com/fasterxml/jackson/core/jackson-annotations/2.11.0/jackson-annotations-2.11.0.jar
/home/jbergqvist/.m2/repository/com/fasterxml/jackson/core/jackson-core/2.11.0/jackson-core-2.11.0.jar
/home/jbergqvist/.m2/repository/org/slf4j/slf4j-api/1.7.25/slf4j-api-1.7.25.jar
/home/jbergqvist/.m2/repository/com/diffblue/cover/cover-annotations/1.8.0/cover-annotations-1.8.0.jar
12:50:16.430 [DEBUG]  [Checking]    [main]              [com.diffblue.cover.commons.dependency.a.b] Detected JUnit Jupiter API version 5.13.4 (via jar:file:/home/jbergqvist/.m2/repository/org/junit/jupiter/junit-jupiter-api/5.13.4/junit-jupiter-api-5.13.4.jar!/org/junit/jupiter/api/Assertions.class)
12:50:16.433 [INFO]   [Checking]    [main]              [com.diffblue.cover.ui.controller.r] Detected test framework: JUnit Jupiter API 5.13.4
12:50:16.436 [DEBUG]  [Checking]    [main]              [com.diffblue.cover.commons.dependency.a.b] Detected JUnit Jupiter Engine version 5.13.4 (via jar:file:/home/jbergqvist/.m2/repository/org/junit/jupiter/junit-jupiter-engine/5.13.4/junit-jupiter-engine-5.13.4.jar!/org/junit/jupiter/engine/JupiterTestEngine.class)
12:50:16.437 [INFO]   [Checking]    [main]              [com.diffblue.cover.ui.controller.r] Detected JUnit Jupiter Engine version 5.13.4
12:50:16.455 [DEBUG]  [Checking]    [main]              [com.diffblue.cover.configuration.a.e] DetectorCache miss DETECTED_JUNIT_VINTAGE_ENGINE
12:50:16.456 [DEBUG]  [Checking]    [main]              [com.diffblue.cover.configuration.cache.a] Writing cache to /home/jbergqvist/diffblue/Palisade-common/.diffblue/cache/env.json containing 4 items
12:50:16.466 [DEBUG]  [Checking]    [main]              [com.diffblue.cover.commons.dependency.a.b] Detected Mockito Core version 5.20.0 (via jar:file:/home/jbergqvist/.m2/repository/org/mockito/mockito-core/5.20.0/mockito-core-5.20.0.jar!/org/mockito/Mockito.class)
12:50:16.467 [INFO]   [Checking]    [main]              [com.diffblue.cover.ui.controller.r] Detected Mockito Core version 5.20.0
12:50:16.811 [DEBUG]  [Checking]    [main]              [com.diffblue.cover.commons.l.d] Processing rule com.diffblue.cover.configuration.a.am took 343ms
12:50:16.816 [DEBUG]  [Checking]    [main]              [com.diffblue.cover.commons.dependency.a.b] Detected Mockito Core version 5.20.0 (via jar:file:/home/jbergqvist/.m2/repository/org/mockito/mockito-core/5.20.0/mockito-core-5.20.0.jar!/org/mockito/Mockito.class)
12:50:16.820 [DEBUG]  [Checking]    [main]              [com.diffblue.cover.commons.dependency.a.b] Detected Mockito Core version 5.20.0 (via jar:file:/home/jbergqvist/.m2/repository/org/mockito/mockito-core/5.20.0/mockito-core-5.20.0.jar!/org/mockito/Mockito.class)
12:50:16.822 [INFO]   [Checking]    [main]              [com.diffblue.cover.ui.controller.r] Indexing...
12:50:17.135 [DEBUG]  [Checking]    [main]              [com.diffblue.cover.commons.l.d] Processing rule com.diffblue.cover.configuration.a.bm took 314ms
12:50:17.140 [DEBUG]  [Checking]    [main]              [com.diffblue.cover.configuration.a.bi] the build system has test sources configured
12:50:17.142 [INFO]   [Checking]    [main]              [com.diffblue.cover.ui.controller.r] Selected test output directory: /home/jbergqvist/diffblue/Palisade-common/src/test/java
12:50:17.144 [DEBUG]  [Checking]    [main]              [com.diffblue.cover.configuration.a.e] DetectorCache miss DETECTED_TESTS_EXECUTE_WITH_TESTNG
12:50:17.144 [DEBUG]  [Checking]    [main]              [com.diffblue.cover.configuration.cache.a] Writing cache to /home/jbergqvist/diffblue/Palisade-common/.diffblue/cache/env.json containing 5 items
12:50:17.160 [DEBUG]  [Checking]    [main]              [com.diffblue.cover.buildsystem.config.registry.Registry] checking if /home/jbergqvist/diffblue/Palisade-common/DiffblueBuild.yaml exists...
12:50:17.160 [DEBUG]  [Checking]    [main]              [com.diffblue.cover.buildsystem.config.registry.Registry] checking if /home/jbergqvist/diffblue/Palisade-common/DiffblueBuild.yml exists...
12:50:17.160 [INFO]   [Checking]    [main]              [com.diffblue.cover.buildsystem.config.registry.Registry] Using default build rules as no custom rules found in any of [/home/jbergqvist/diffblue/Palisade-common]
12:50:17.160 [DEBUG]  [Checking]    [main]              [com.diffblue.cover.buildsystem.config.registry.Registry] Build execution request for Test Phase
12:50:17.161 [INFO]   [Checking]    [main]              [com.diffblue.cover.buildsystem.config.a.a] Attempting to invoke mvnw in working directory: /home/jbergqvist/diffblue/Palisade-common
12:50:17.162 [INFO]   [Checking]    [main]              [com.diffblue.cover.buildsystem.config.a.a] Attempting to invoke /home/jbergqvist/.sdkman/candidates/maven/current/bin/mvn in working directory: /home/jbergqvist/diffblue/Palisade-common
12:50:17.162 [INFO]   [Checking]    [main]              [com.diffblue.cover.buildsystem.config.a.a] Started "/home/jbergqvist/.sdkman/candidates/maven/current/bin/mvn -Dmaven.ext.class.path=/opt/cover/cover-buildsystem-maven-spy-jar-with-dependencies.jar -Dcom.diffblue.cover.skipTests=true -DskipTestOptimizer --batch-mode --projects=uk.gov.gchq.palisade:common --global-settings=/home/jbergqvist/.sdkman/candidates/maven/current/conf/settings.xml -Dcheckstyle.skip=true test -DfailIfNoTests=false -Dsurefire.failIfNoSpecifiedTests=false -Dmaven.test.failure.ignore=True -Dtest=DummyJupiterDiffblueTest"
12:50:17.985 [INFO]   [Checking]    [maven:out]         [com.diffblue.cover.buildsystem.config.a.a] out: [INFO] Scanning for projects...
12:50:18.066 [INFO]   [Checking]    [maven:out]         [com.diffblue.cover.buildsystem.config.a.a] out: [INFO] 
12:50:18.066 [INFO]   [Checking]    [maven:out]         [com.diffblue.cover.buildsystem.config.a.a] out: [INFO] --------------------< uk.gov.gchq.palisade:common >---------------------
12:50:18.066 [INFO]   [Checking]    [maven:out]         [com.diffblue.cover.buildsystem.config.a.a] out: [INFO] Building GCHQ Palisade Common Library 0.5.2-SNAPSHOT
12:50:18.067 [INFO]   [Checking]    [maven:out]         [com.diffblue.cover.buildsystem.config.a.a] out: [INFO]   from pom.xml
12:50:18.067 [INFO]   [Checking]    [maven:out]         [com.diffblue.cover.buildsystem.config.a.a] out: [INFO] --------------------------------[ jar ]---------------------------------
12:50:18.339 [INFO]   [Checking]    [maven:out]         [com.diffblue.cover.buildsystem.internal.f.f] deserializing line [DIFFBLUE]{"__type":"com.diffblue.cover.buildsystem.model.DefaultEventMessage","project":"uk.gov.gchq.palisade:common","goal":"prepare-agent","cause":null,"state":"STARTED"}
12:50:18.342 [INFO]   [Checking]    [maven:out]         [com.diffblue.cover.buildsystem.config.a.a] out: [INFO] 
12:50:18.342 [INFO]   [Checking]    [maven:out]         [com.diffblue.cover.buildsystem.config.a.a] out: [INFO] --- jacoco:0.8.5:prepare-agent (agent) @ common ---
12:50:18.586 [INFO]   [Checking]    [maven:out]         [com.diffblue.cover.buildsystem.config.a.a] out: [INFO] argLine set to -javaagent:/home/jbergqvist/.m2/repository/org/jacoco/org.jacoco.agent/0.8.5/org.jacoco.agent-0.8.5-runtime.jar=destfile=/home/jbergqvist/diffblue/Palisade-common/target/jacoco.exec,append=true
12:50:18.587 [INFO]   [Checking]    [maven:out]         [com.diffblue.cover.buildsystem.internal.f.f] deserializing line [DIFFBLUE]{"__type":"com.diffblue.cover.buildsystem.model.DefaultEventMessage","project":"uk.gov.gchq.palisade:common","goal":"prepare-agent","cause":null,"state":"SUCCESS"}
12:50:18.590 [INFO]   [Checking]    [maven:out]         [com.diffblue.cover.buildsystem.internal.f.f] deserializing line [DIFFBLUE]{"__type":"com.diffblue.cover.buildsystem.model.DefaultEventMessage","project":"uk.gov.gchq.palisade:common","goal":"resources","cause":null,"state":"STARTED"}
12:50:18.592 [INFO]   [Checking]    [maven:out]         [com.diffblue.cover.buildsystem.config.a.a] out: [INFO] 
12:50:18.592 [INFO]   [Checking]    [maven:out]         [com.diffblue.cover.buildsystem.config.a.a] out: [INFO] --- resources:3.3.1:resources (default-resources) @ common ---
12:50:18.639 [INFO]   [Checking]    [maven:out]         [com.diffblue.cover.buildsystem.config.a.a] out: [INFO] Copying 1 resource from src/main/resources to target/classes
12:50:18.642 [INFO]   [Checking]    [maven:out]         [com.diffblue.cover.buildsystem.internal.f.f] deserializing line [DIFFBLUE]{"__type":"com.diffblue.cover.buildsystem.model.DefaultEventMessage","project":"uk.gov.gchq.palisade:common","goal":"resources","cause":null,"state":"SUCCESS"}
12:50:18.645 [INFO]   [Checking]    [maven:out]         [com.diffblue.cover.buildsystem.internal.f.f] deserializing line [DIFFBLUE]{"__type":"com.diffblue.cover.buildsystem.model.DefaultEventMessage","project":"uk.gov.gchq.palisade:common","goal":"flatten","cause":null,"state":"STARTED"}
12:50:18.648 [INFO]   [Checking]    [maven:out]         [com.diffblue.cover.buildsystem.config.a.a] out: [INFO] 
12:50:18.648 [INFO]   [Checking]    [maven:out]         [com.diffblue.cover.buildsystem.config.a.a] out: [INFO] --- flatten:1.1.0:flatten (flatten) @ common ---
12:50:18.749 [INFO]   [Checking]    [maven:out]         [com.diffblue.cover.buildsystem.config.a.a] out: [INFO] Generating flattened POM of project uk.gov.gchq.palisade:common:jar:0.5.2-SNAPSHOT...
12:50:18.795 [INFO]   [Checking]    [maven:out]         [com.diffblue.cover.buildsystem.internal.f.f] deserializing line [DIFFBLUE]{"__type":"com.diffblue.cover.buildsystem.model.DefaultEventMessage","project":"uk.gov.gchq.palisade:common","goal":"flatten","cause":null,"state":"SUCCESS"}
12:50:18.798 [INFO]   [Checking]    [maven:out]         [com.diffblue.cover.buildsystem.internal.f.f] deserializing line [DIFFBLUE]{"__type":"com.diffblue.cover.buildsystem.model.DefaultEventMessage","project":"uk.gov.gchq.palisade:common","goal":"compile","cause":null,"state":"STARTED"}
12:50:18.800 [INFO]   [Checking]    [maven:out]         [com.diffblue.cover.buildsystem.config.a.a] out: [INFO] 
12:50:18.801 [INFO]   [Checking]    [maven:out]         [com.diffblue.cover.buildsystem.config.a.a] out: [INFO] --- compiler:3.8.0:compile (default-compile) @ common ---
12:50:18.922 [INFO]   [Checking]    [maven:out]         [com.diffblue.cover.buildsystem.config.a.a] out: [INFO] Nothing to compile - all classes are up to date
12:50:18.923 [INFO]   [Checking]    [maven:out]         [com.diffblue.cover.buildsystem.internal.f.f] deserializing line [DIFFBLUE]{"__type":"com.diffblue.cover.buildsystem.model.DefaultEventMessage","project":"uk.gov.gchq.palisade:common","goal":"compile","cause":null,"state":"SUCCESS"}
12:50:18.926 [INFO]   [Checking]    [maven:out]         [com.diffblue.cover.buildsystem.internal.f.f] deserializing line [DIFFBLUE]{"__type":"com.diffblue.cover.buildsystem.model.DefaultEventMessage","project":"uk.gov.gchq.palisade:common","goal":"javadoc-no-fork","cause":null,"state":"STARTED"}
12:50:18.927 [INFO]   [Checking]    [maven:out]         [com.diffblue.cover.buildsystem.config.a.a] out: [INFO] 
12:50:18.928 [INFO]   [Checking]    [maven:out]         [com.diffblue.cover.buildsystem.config.a.a] out: [INFO] --- javadoc:3.1.0:javadoc-no-fork (javadoc-compile) @ common ---
12:50:20.580 [INFO]   [Checking]    [maven:out]         [com.diffblue.cover.buildsystem.internal.f.f] deserializing line [DIFFBLUE]{"__type":"com.diffblue.cover.buildsystem.model.DefaultEventMessage","project":"uk.gov.gchq.palisade:common","goal":"javadoc-no-fork","cause":null,"state":"SUCCESS"}
12:50:20.582 [INFO]   [Checking]    [maven:out]         [com.diffblue.cover.buildsystem.internal.f.f] deserializing line [DIFFBLUE]{"__type":"com.diffblue.cover.buildsystem.model.DefaultEventMessage","project":"uk.gov.gchq.palisade:common","goal":"aggregate-no-fork","cause":null,"state":"STARTED"}
12:50:20.583 [INFO]   [Checking]    [maven:out]         [com.diffblue.cover.buildsystem.config.a.a] out: [INFO] 
12:50:20.583 [INFO]   [Checking]    [maven:out]         [com.diffblue.cover.buildsystem.config.a.a] out: [INFO] --- javadoc:3.1.0:aggregate-no-fork (javadoc-compile) @ common ---
12:50:21.939 [INFO]   [Checking]    [maven:out]         [com.diffblue.cover.buildsystem.internal.f.f] deserializing line [DIFFBLUE]{"__type":"com.diffblue.cover.buildsystem.model.DefaultEventMessage","project":"uk.gov.gchq.palisade:common","goal":"aggregate-no-fork","cause":null,"state":"SUCCESS"}
12:50:21.941 [INFO]   [Checking]    [maven:out]         [com.diffblue.cover.buildsystem.internal.f.f] deserializing line [DIFFBLUE]{"__type":"com.diffblue.cover.buildsystem.model.DefaultEventMessage","project":"uk.gov.gchq.palisade:common","goal":"testResources","cause":null,"state":"STARTED"}
12:50:21.942 [INFO]   [Checking]    [maven:out]         [com.diffblue.cover.buildsystem.config.a.a] out: [INFO] 
12:50:21.942 [INFO]   [Checking]    [maven:out]         [com.diffblue.cover.buildsystem.config.a.a] out: [INFO] --- resources:3.3.1:testResources (default-testResources) @ common ---
12:50:21.942 [INFO]   [Checking]    [maven:out]         [com.diffblue.cover.buildsystem.config.a.a] out: [INFO] skip non existing resourceDirectory /home/jbergqvist/diffblue/Palisade-common/src/test/resources
12:50:21.942 [INFO]   [Checking]    [maven:out]         [com.diffblue.cover.buildsystem.internal.f.f] deserializing line [DIFFBLUE]{"__type":"com.diffblue.cover.buildsystem.model.DefaultEventMessage","project":"uk.gov.gchq.palisade:common","goal":"testResources","cause":null,"state":"SUCCESS"}
12:50:21.944 [INFO]   [Checking]    [maven:out]         [com.diffblue.cover.buildsystem.internal.f.f] deserializing line [DIFFBLUE]{"__type":"com.diffblue.cover.buildsystem.model.DefaultEventMessage","project":"uk.gov.gchq.palisade:common","goal":"testCompile","cause":null,"state":"STARTED"}
12:50:21.945 [INFO]   [Checking]    [maven:out]         [com.diffblue.cover.buildsystem.config.a.a] out: [INFO] 
12:50:21.945 [INFO]   [Checking]    [maven:out]         [com.diffblue.cover.buildsystem.config.a.a] out: [INFO] --- compiler:3.8.0:testCompile (default-testCompile) @ common ---
12:50:21.946 [INFO]   [Checking]    [maven:out]         [com.diffblue.cover.buildsystem.config.a.a] out: [INFO] Changes detected - recompiling the module!
12:50:21.947 [INFO]   [Checking]    [maven:out]         [com.diffblue.cover.buildsystem.config.a.a] out: [INFO] Compiling 1 source file to /home/jbergqvist/diffblue/Palisade-common/target/test-classes
12:50:22.246 [INFO]   [Checking]    [maven:out]         [com.diffblue.cover.buildsystem.internal.f.f] deserializing line [DIFFBLUE]{"__type":"com.diffblue.cover.buildsystem.model.DefaultEventMessage","project":"uk.gov.gchq.palisade:common","goal":"testCompile","cause":null,"state":"SUCCESS"}
12:50:22.248 [INFO]   [Checking]    [maven:out]         [com.diffblue.cover.buildsystem.internal.f.f] deserializing line [DIFFBLUE]{"__type":"com.diffblue.cover.buildsystem.model.DefaultEventMessage","project":"uk.gov.gchq.palisade:common","goal":"test","cause":null,"state":"STARTED"}
12:50:22.249 [INFO]   [Checking]    [maven:out]         [com.diffblue.cover.buildsystem.config.a.a] out: [INFO] 
12:50:22.250 [INFO]   [Checking]    [maven:out]         [com.diffblue.cover.buildsystem.config.a.a] out: [INFO] --- surefire:3.2.5:test (default-test) @ common ---
12:50:22.338 [INFO]   [Checking]    [maven:out]         [com.diffblue.cover.buildsystem.config.a.a] out: [INFO] Using auto detected provider org.apache.maven.surefire.junitplatform.JUnitPlatformProvider
12:50:22.366 [INFO]   [Checking]    [maven:out]         [com.diffblue.cover.buildsystem.config.a.a] out: [INFO] 
12:50:22.367 [INFO]   [Checking]    [maven:out]         [com.diffblue.cover.buildsystem.config.a.a] out: [INFO] -------------------------------------------------------
12:50:22.367 [INFO]   [Checking]    [maven:out]         [com.diffblue.cover.buildsystem.config.a.a] out: [INFO]  T E S T S
12:50:22.367 [INFO]   [Checking]    [maven:out]         [com.diffblue.cover.buildsystem.config.a.a] out: [INFO] -------------------------------------------------------
12:50:22.998 [INFO]   [Checking]    [maven:out]         [com.diffblue.cover.buildsystem.config.a.a] out: [INFO] Running DummyJupiterDiffblueTest
12:50:23.061 [INFO]   [Checking]    [maven:out]         [com.diffblue.cover.buildsystem.config.a.a] out: [INFO] Tests run: 1, Failures: 0, Errors: 0, Skipped: 0, Time elapsed: 0.052 s -- in DummyJupiterDiffblueTest
12:50:23.100 [INFO]   [Checking]    [maven:out]         [com.diffblue.cover.buildsystem.config.a.a] out: [INFO] 
12:50:23.100 [INFO]   [Checking]    [maven:out]         [com.diffblue.cover.buildsystem.config.a.a] out: [INFO] Results:
12:50:23.100 [INFO]   [Checking]    [maven:out]         [com.diffblue.cover.buildsystem.config.a.a] out: [INFO] 
12:50:23.100 [INFO]   [Checking]    [maven:out]         [com.diffblue.cover.buildsystem.config.a.a] out: [INFO] Tests run: 1, Failures: 0, Errors: 0, Skipped: 0
12:50:23.100 [INFO]   [Checking]    [maven:out]         [com.diffblue.cover.buildsystem.config.a.a] out: [INFO] 
12:50:23.103 [INFO]   [Checking]    [maven:out]         [com.diffblue.cover.buildsystem.internal.f.f] deserializing line [DIFFBLUE]{"__type":"com.diffblue.cover.buildsystem.model.DefaultEventMessage","project":"uk.gov.gchq.palisade:common","goal":"test","cause":null,"state":"SUCCESS"}
12:50:23.126 [INFO]   [Checking]    [maven:out]         [com.diffblue.cover.buildsystem.internal.f.f] deserializing line [DIFFBLUE]{"__type":"com.diffblue.cover.buildsystem.model.DefaultProjectModuleMessage","project":{"__type":"DefaultProjectModule","junitReport":["/home/jbergqvist/diffblue/Palisade-common/target/surefire-reports"],"jacocoReport":["/home/jbergqvist/diffblue/Palisade-common/target/site/jacoco/jacoco.xml"],"jacocoDestFile":["${sonar.jacoco.reportPath}","/home/jbergqvist/diffblue/Palisade-common/target/jacoco.exec"],"jacocoFormats":["xml"],"jacocoSkipped":false,"classpath":["/home/jbergqvist/diffblue/Palisade-common/target/classes","/home/jbergqvist/.m2/repository/com/typesafe/akka/akka-stream_2.13/2.6.10/akka-stream_2.13-2.6.10.jar","/home/jbergqvist/.m2/repository/org/scala-lang/scala-library/2.13.3/scala-library-2.13.3.jar","/home/jbergqvist/.m2/repository/com/typesafe/akka/akka-actor_2.13/2.6.10/akka-actor_2.13-2.6.10.jar","/home/jbergqvist/.m2/repository/com/typesafe/config/1.4.0/config-1.4.0.jar","/home/jbergqvist/.m2/repository/org/scala-lang/modules/scala-java8-compat_2.13/0.9.0/scala-java8-compat_2.13-0.9.0.jar","/home/jbergqvist/.m2/repository/com/typesafe/akka/akka-protobuf-v3_2.13/2.6.10/akka-protobuf-v3_2.13-2.6.10.jar","/home/jbergqvist/.m2/repository/org/reactivestreams/reactive-streams/1.0.3/reactive-streams-1.0.3.jar","/home/jbergqvist/.m2/repository/com/typesafe/ssl-config-core_2.13/0.4.2/ssl-config-core_2.13-0.4.2.jar","/home/jbergqvist/.m2/repository/org/scala-lang/modules/scala-parser-combinators_2.13/1.1.2/scala-parser-combinators_2.13-1.1.2.jar","/home/jbergqvist/.m2/repository/org/junit/jupiter/junit-jupiter-engine/5.13.4/junit-jupiter-engine-5.13.4.jar","/home/jbergqvist/.m2/repository/org/junit/platform/junit-platform-engine/1.13.4/junit-platform-engine-1.13.4.jar","/home/jbergqvist/.m2/repository/org/opentest4j/opentest4j/1.3.0/opentest4j-1.3.0.jar","/home/jbergqvist/.m2/repository/org/junit/platform/junit-platform-commons/1.13.4/junit-platform-commons-1.13.4.jar","/home/jbergqvist/.m2/repository/org/junit/jupiter/junit-jupiter-api/5.13.4/junit-jupiter-api-5.13.4.jar","/home/jbergqvist/.m2/repository/org/apiguardian/apiguardian-api/1.1.2/apiguardian-api-1.1.2.jar","/home/jbergqvist/.m2/repository/org/mockito/mockito-core/5.20.0/mockito-core-5.20.0.jar","/home/jbergqvist/.m2/repository/net/bytebuddy/byte-buddy/1.17.7/byte-buddy-1.17.7.jar","/home/jbergqvist/.m2/repository/net/bytebuddy/byte-buddy-agent/1.17.7/byte-buddy-agent-1.17.7.jar","/home/jbergqvist/.m2/repository/org/objenesis/objenesis/3.3/objenesis-3.3.jar","/home/jbergqvist/.m2/repository/org/mockito/mockito-junit-jupiter/5.20.0/mockito-junit-jupiter-5.20.0.jar","/home/jbergqvist/.m2/repository/com/fasterxml/jackson/core/jackson-databind/2.11.0/jackson-databind-2.11.0.jar","/home/jbergqvist/.m2/repository/com/fasterxml/jackson/core/jackson-annotations/2.11.0/jackson-annotations-2.11.0.jar","/home/jbergqvist/.m2/repository/com/fasterxml/jackson/core/jackson-core/2.11.0/jackson-core-2.11.0.jar","/home/jbergqvist/.m2/repository/org/slf4j/slf4j-api/1.7.25/slf4j-api-1.7.25.jar","/home/jbergqvist/.m2/repository/com/diffblue/cover/cover-annotations/1.8.0/cover-annotations-1.8.0.jar"],"complianceLevel":"11","productionSources":["/home/jbergqvist/diffblue/Palisade-common/src/main/java"],"testSources":["/home/jbergqvist/diffblue/Palisade-common/src/test/java"],"productionClasses":"/home/jbergqvist/diffblue/Palisade-common/target/classes","testClasses":"/home/jbergqvist/diffblue/Palisade-common/target/test-classes","sourceToBuildPathMap":null,"testSourceToBuildPathMap":null,"buildDirectory":"/home/jbergqvist/diffblue/Palisade-common/target","plugins":[{"__type":"DefaultPlugin","groupId":"org.apache.maven.plugins","artefactId":"maven-compiler-plugin","version":"3.8.0","pluginClassName":null},{"__type":"DefaultPlugin","groupId":"org.apache.maven.plugins","artefactId":"maven-javadoc-plugin","version":"3.1.0","pluginClassName":null},{"__type":"DefaultPlugin","groupId":"org.apache.maven.plugins","artefactId":"maven-dependency-plugin","version":"3.1.2","pluginClassName":null},{"__type":"DefaultPlugin","groupId":"org.codehaus.mojo","artefactId":"flatten-maven-plugin","version":"1.1.0","pluginClassName":null},{"__type":"DefaultPlugin","groupId":"org.codehaus.mojo","artefactId":"license-maven-plugin","version":"2.0.0","pluginClassName":null},{"__type":"DefaultPlugin","groupId":"org.jacoco","artefactId":"jacoco-maven-plugin","version":"0.8.5","pluginClassName":null},{"__type":"DefaultPlugin","groupId":"org.apache.maven.plugins","artefactId":"maven-checkstyle-plugin","version":"3.1.0","pluginClassName":null},{"__type":"DefaultPlugin","groupId":"org.apache.maven.plugins","artefactId":"maven-clean-plugin","version":"3.2.0","pluginClassName":null},{"__type":"DefaultPlugin","groupId":"org.apache.maven.plugins","artefactId":"maven-resources-plugin","version":"3.3.1","pluginClassName":null},{"__type":"DefaultPlugin","groupId":"org.apache.maven.plugins","artefactId":"maven-jar-plugin","version":"3.4.1","pluginClassName":null},{"__type":"DefaultPlugin","groupId":"org.apache.maven.plugins","artefactId":"maven-surefire-plugin","version":"3.2.5","pluginClassName":null},{"__type":"DefaultPlugin","groupId":"org.apache.maven.plugins","artefactId":"maven-install-plugin","version":"3.1.2","pluginClassName":null},{"__type":"DefaultPlugin","groupId":"org.apache.maven.plugins","artefactId":"maven-deploy-plugin","version":"3.1.2","pluginClassName":null},{"__type":"DefaultPlugin","groupId":"org.apache.maven.plugins","artefactId":"maven-site-plugin","version":"3.12.1","pluginClassName":null}],"version":"3.9.12","encoding":"UTF-8","name":"maven","subModules":[],"simpleModuleName":null,"parentModuleName":null,"location":"/home/jbergqvist/diffblue/Palisade-common","fullModuleName":"uk.gov.gchq.palisade:common"}}
12:50:23.131 [INFO]   [Checking]    [maven:out]         [com.diffblue.cover.buildsystem.config.a.a] out: [INFO] ------------------------------------------------------------------------
12:50:23.131 [INFO]   [Checking]    [maven:out]         [com.diffblue.cover.buildsystem.config.a.a] out: [INFO] BUILD SUCCESS
12:50:23.131 [INFO]   [Checking]    [maven:out]         [com.diffblue.cover.buildsystem.config.a.a] out: [INFO] ------------------------------------------------------------------------
12:50:23.131 [INFO]   [Checking]    [maven:out]         [com.diffblue.cover.buildsystem.config.a.a] out: [INFO] Total time:  5.155 s
12:50:23.131 [INFO]   [Checking]    [maven:out]         [com.diffblue.cover.buildsystem.config.a.a] out: [INFO] Finished at: 2026-01-12T12:50:23Z
12:50:23.131 [INFO]   [Checking]    [maven:out]         [com.diffblue.cover.buildsystem.config.a.a] out: [INFO] ------------------------------------------------------------------------
12:50:23.131 [INFO]   [Checking]    [maven:out]         [com.diffblue.cover.buildsystem.internal.f.f] deserializing line [DIFFBLUE]{"__type":"com.diffblue.cover.buildsystem.model.ProjectInfoMessage","projectName":"uk.gov.gchq.palisade:common","productionSources":["/home/jbergqvist/diffblue/Palisade-common/src/main/java","/home/jbergqvist/diffblue/Palisade-common/target/generated-sources/annotations"],"testSources":["/home/jbergqvist/diffblue/Palisade-common/src/test/java","/home/jbergqvist/diffblue/Palisade-common/target/generated-test-sources/test-annotations"],"location":"/home/jbergqvist/diffblue/Palisade-common"}
12:50:23.161 [INFO]   [Checking]    [main]              [com.diffblue.cover.buildsystem.internal.f.d] maven:err process not stopped, joining thread
12:50:23.161 [INFO]   [Checking]    [main]              [com.diffblue.cover.buildsystem.internal.f.d] maven:out process not stopped, joining thread
12:50:23.161 [DEBUG]  [Checking]    [main]              [com.diffblue.cover.buildsystem.config.a.a] Executor spent 5s on command "/home/jbergqvist/.sdkman/candidates/maven/current/bin/mvn -Dmaven.ext.class.path=/opt/cover/cover-buildsystem-maven-spy-jar-with-dependencies.jar -Dcom.diffblue.cover.skipTests=true -DskipTestOptimizer --batch-mode --projects=uk.gov.gchq.palisade:common --global-settings=/home/jbergqvist/.sdkman/candidates/maven/current/conf/settings.xml -Dcheckstyle.skip=true test -DfailIfNoTests=false -Dsurefire.failIfNoSpecifiedTests=false -Dmaven.test.failure.ignore=True -Dtest=DummyJupiterDiffblueTest"
12:50:23.161 [DEBUG]  [Checking]    [main]              [com.diffblue.cover.configuration.e] Purging written files... [/home/jbergqvist/diffblue/Palisade-common/src/test/java/DummyJupiterDiffblueTest.java]
12:50:23.162 [DEBUG]  [Checking]    [main]              [com.diffblue.cover.configuration.e] Attempting to find class files '[DummyJupiterDiffblueTest.class]' in '/home/jbergqvist/diffblue/Palisade-common/target/classes'
12:50:23.163 [DEBUG]  [Checking]    [main]              [com.diffblue.cover.configuration.e] Attempting to find class files '[DummyJupiterDiffblueTest.class]' in '/home/jbergqvist/diffblue/Palisade-common/target/test-classes'
12:50:23.163 [DEBUG]  [Checking]    [main]              [com.diffblue.cover.configuration.e] Found /home/jbergqvist/diffblue/Palisade-common/target/test-classes/DummyJupiterDiffblueTest.class, scheduling deletion
12:50:23.163 [DEBUG]  [Checking]    [main]              [com.diffblue.cover.configuration.a.e] DetectorCache miss DETECTED_TESTS_EXECUTE_WITH_JUNIT_JUPITER
12:50:23.163 [DEBUG]  [Checking]    [main]              [com.diffblue.cover.configuration.cache.a] Writing cache to /home/jbergqvist/diffblue/Palisade-common/.diffblue/cache/env.json containing 6 items
12:50:23.168 [DEBUG]  [Checking]    [main]              [com.diffblue.cover.commons.l.d] Processing rule com.diffblue.cover.configuration.a.bf took 6011ms
12:50:23.169 [DEBUG]  [Checking]    [main]              [com.diffblue.cover.configuration.a.e] DetectorCache miss DETECTED_TESTS_EXECUTE_WITH_JUNIT
12:50:23.169 [DEBUG]  [Checking]    [main]              [com.diffblue.cover.configuration.cache.a] Writing cache to /home/jbergqvist/diffblue/Palisade-common/.diffblue/cache/env.json containing 7 items
12:50:23.174 [DEBUG]  [Checking]    [main]              [com.diffblue.cover.configuration.c.q] JUnitJupiter5 is present
12:50:23.174 [DEBUG]  [Checking]    [main]              [com.diffblue.cover.configuration.c.q] JUnitJupiter5 is supported
12:50:23.174 [DEBUG]  [Checking]    [main]              [com.diffblue.cover.configuration.c.q] JUnit 5 is present and either it's not been specified by the user or it is the same as the version the user specified
12:50:23.175 [INFO]   [Checking]    [main]              [com.diffblue.cover.ui.controller.r] Selected test framework: JUnit Jupiter API
12:50:23.182 [DEBUG]  [Checking]    [main]              [com.diffblue.cover.commons.dependency.a.b] Detected Mockito JUnit Jupiter version 5.20.0 (via jar:file:/home/jbergqvist/.m2/repository/org/mockito/mockito-junit-jupiter/5.20.0/mockito-junit-jupiter-5.20.0.jar!/org/mockito/junit/jupiter/MockitoExtension.class)
12:50:23.184 [INFO]   [Checking]    [main]              [com.diffblue.cover.ui.controller.r] Detected Mockito JUnit Jupiter version 5.20.0
12:50:23.228 [DEBUG]  [Checking]    [main]              [com.diffblue.cover.buildsystem.config.registry.Registry] checking if /home/jbergqvist/diffblue/Palisade-common/DiffblueBuild.yaml exists...
12:50:23.228 [DEBUG]  [Checking]    [main]              [com.diffblue.cover.buildsystem.config.registry.Registry] checking if /home/jbergqvist/diffblue/Palisade-common/DiffblueBuild.yml exists...
12:50:23.228 [INFO]   [Checking]    [main]              [com.diffblue.cover.buildsystem.config.registry.Registry] Using default build rules as no custom rules found in any of [/home/jbergqvist/diffblue/Palisade-common]
12:50:23.228 [DEBUG]  [Checking]    [main]              [com.diffblue.cover.buildsystem.config.registry.Registry] Build execution request for Test Phase
12:50:23.229 [INFO]   [Checking]    [main]              [com.diffblue.cover.buildsystem.config.a.a] Attempting to invoke mvnw in working directory: /home/jbergqvist/diffblue/Palisade-common
12:50:23.229 [INFO]   [Checking]    [main]              [com.diffblue.cover.buildsystem.config.a.a] Attempting to invoke /home/jbergqvist/.sdkman/candidates/maven/current/bin/mvn in working directory: /home/jbergqvist/diffblue/Palisade-common
12:50:23.229 [INFO]   [Checking]    [main]              [com.diffblue.cover.buildsystem.config.a.a] Started "/home/jbergqvist/.sdkman/candidates/maven/current/bin/mvn -Dmaven.ext.class.path=/opt/cover/cover-buildsystem-maven-spy-jar-with-dependencies.jar -Dcom.diffblue.cover.skipTests=true -DskipTestOptimizer --batch-mode --projects=uk.gov.gchq.palisade:common --global-settings=/home/jbergqvist/.sdkman/candidates/maven/current/conf/settings.xml -Dcheckstyle.skip=true test -DfailIfNoTests=false -Dsurefire.failIfNoSpecifiedTests=false -Dmaven.test.failure.ignore=True -Dtest=DummyJUnitJupiterLauncherDiffblueTest3491162179773590169"
12:50:23.988 [INFO]   [Checking]    [maven:out]         [com.diffblue.cover.buildsystem.config.a.a] out: [INFO] Scanning for projects...
12:50:24.061 [INFO]   [Checking]    [maven:out]         [com.diffblue.cover.buildsystem.config.a.a] out: [INFO] 
12:50:24.062 [INFO]   [Checking]    [maven:out]         [com.diffblue.cover.buildsystem.config.a.a] out: [INFO] --------------------< uk.gov.gchq.palisade:common >---------------------
12:50:24.062 [INFO]   [Checking]    [maven:out]         [com.diffblue.cover.buildsystem.config.a.a] out: [INFO] Building GCHQ Palisade Common Library 0.5.2-SNAPSHOT
12:50:24.062 [INFO]   [Checking]    [maven:out]         [com.diffblue.cover.buildsystem.config.a.a] out: [INFO]   from pom.xml
12:50:24.062 [INFO]   [Checking]    [maven:out]         [com.diffblue.cover.buildsystem.config.a.a] out: [INFO] --------------------------------[ jar ]---------------------------------
12:50:24.325 [INFO]   [Checking]    [maven:out]         [com.diffblue.cover.buildsystem.internal.f.f] deserializing line [DIFFBLUE]{"__type":"com.diffblue.cover.buildsystem.model.DefaultEventMessage","project":"uk.gov.gchq.palisade:common","goal":"prepare-agent","cause":null,"state":"STARTED"}
12:50:24.327 [INFO]   [Checking]    [maven:out]         [com.diffblue.cover.buildsystem.config.a.a] out: [INFO] 
12:50:24.327 [INFO]   [Checking]    [maven:out]         [com.diffblue.cover.buildsystem.config.a.a] out: [INFO] --- jacoco:0.8.5:prepare-agent (agent) @ common ---
12:50:24.573 [INFO]   [Checking]    [maven:out]         [com.diffblue.cover.buildsystem.config.a.a] out: [INFO] argLine set to -javaagent:/home/jbergqvist/.m2/repository/org/jacoco/org.jacoco.agent/0.8.5/org.jacoco.agent-0.8.5-runtime.jar=destfile=/home/jbergqvist/diffblue/Palisade-common/target/jacoco.exec,append=true
12:50:24.574 [INFO]   [Checking]    [maven:out]         [com.diffblue.cover.buildsystem.internal.f.f] deserializing line [DIFFBLUE]{"__type":"com.diffblue.cover.buildsystem.model.DefaultEventMessage","project":"uk.gov.gchq.palisade:common","goal":"prepare-agent","cause":null,"state":"SUCCESS"}
12:50:24.576 [INFO]   [Checking]    [maven:out]         [com.diffblue.cover.buildsystem.internal.f.f] deserializing line [DIFFBLUE]{"__type":"com.diffblue.cover.buildsystem.model.DefaultEventMessage","project":"uk.gov.gchq.palisade:common","goal":"resources","cause":null,"state":"STARTED"}
12:50:24.578 [INFO]   [Checking]    [maven:out]         [com.diffblue.cover.buildsystem.config.a.a] out: [INFO] 
12:50:24.578 [INFO]   [Checking]    [maven:out]         [com.diffblue.cover.buildsystem.config.a.a] out: [INFO] --- resources:3.3.1:resources (default-resources) @ common ---
12:50:24.626 [INFO]   [Checking]    [maven:out]         [com.diffblue.cover.buildsystem.config.a.a] out: [INFO] Copying 1 resource from src/main/resources to target/classes
12:50:24.629 [INFO]   [Checking]    [maven:out]         [com.diffblue.cover.buildsystem.internal.f.f] deserializing line [DIFFBLUE]{"__type":"com.diffblue.cover.buildsystem.model.DefaultEventMessage","project":"uk.gov.gchq.palisade:common","goal":"resources","cause":null,"state":"SUCCESS"}
12:50:24.631 [INFO]   [Checking]    [maven:out]         [com.diffblue.cover.buildsystem.internal.f.f] deserializing line [DIFFBLUE]{"__type":"com.diffblue.cover.buildsystem.model.DefaultEventMessage","project":"uk.gov.gchq.palisade:common","goal":"flatten","cause":null,"state":"STARTED"}
12:50:24.633 [INFO]   [Checking]    [maven:out]         [com.diffblue.cover.buildsystem.config.a.a] out: [INFO] 
12:50:24.633 [INFO]   [Checking]    [maven:out]         [com.diffblue.cover.buildsystem.config.a.a] out: [INFO] --- flatten:1.1.0:flatten (flatten) @ common ---
12:50:24.744 [INFO]   [Checking]    [maven:out]         [com.diffblue.cover.buildsystem.config.a.a] out: [INFO] Generating flattened POM of project uk.gov.gchq.palisade:common:jar:0.5.2-SNAPSHOT...
12:50:24.790 [INFO]   [Checking]    [maven:out]         [com.diffblue.cover.buildsystem.internal.f.f] deserializing line [DIFFBLUE]{"__type":"com.diffblue.cover.buildsystem.model.DefaultEventMessage","project":"uk.gov.gchq.palisade:common","goal":"flatten","cause":null,"state":"SUCCESS"}
12:50:24.793 [INFO]   [Checking]    [maven:out]         [com.diffblue.cover.buildsystem.internal.f.f] deserializing line [DIFFBLUE]{"__type":"com.diffblue.cover.buildsystem.model.DefaultEventMessage","project":"uk.gov.gchq.palisade:common","goal":"compile","cause":null,"state":"STARTED"}
12:50:24.794 [INFO]   [Checking]    [maven:out]         [com.diffblue.cover.buildsystem.config.a.a] out: [INFO] 
12:50:24.794 [INFO]   [Checking]    [maven:out]         [com.diffblue.cover.buildsystem.config.a.a] out: [INFO] --- compiler:3.8.0:compile (default-compile) @ common ---
12:50:24.912 [INFO]   [Checking]    [maven:out]         [com.diffblue.cover.buildsystem.config.a.a] out: [INFO] Nothing to compile - all classes are up to date
12:50:24.913 [INFO]   [Checking]    [maven:out]         [com.diffblue.cover.buildsystem.internal.f.f] deserializing line [DIFFBLUE]{"__type":"com.diffblue.cover.buildsystem.model.DefaultEventMessage","project":"uk.gov.gchq.palisade:common","goal":"compile","cause":null,"state":"SUCCESS"}
12:50:24.916 [INFO]   [Checking]    [maven:out]         [com.diffblue.cover.buildsystem.internal.f.f] deserializing line [DIFFBLUE]{"__type":"com.diffblue.cover.buildsystem.model.DefaultEventMessage","project":"uk.gov.gchq.palisade:common","goal":"javadoc-no-fork","cause":null,"state":"STARTED"}
12:50:24.918 [INFO]   [Checking]    [maven:out]         [com.diffblue.cover.buildsystem.config.a.a] out: [INFO] 
12:50:24.918 [INFO]   [Checking]    [maven:out]         [com.diffblue.cover.buildsystem.config.a.a] out: [INFO] --- javadoc:3.1.0:javadoc-no-fork (javadoc-compile) @ common ---
12:50:26.563 [INFO]   [Checking]    [maven:out]         [com.diffblue.cover.buildsystem.internal.f.f] deserializing line [DIFFBLUE]{"__type":"com.diffblue.cover.buildsystem.model.DefaultEventMessage","project":"uk.gov.gchq.palisade:common","goal":"javadoc-no-fork","cause":null,"state":"SUCCESS"}
12:50:26.564 [INFO]   [Checking]    [maven:out]         [com.diffblue.cover.buildsystem.internal.f.f] deserializing line [DIFFBLUE]{"__type":"com.diffblue.cover.buildsystem.model.DefaultEventMessage","project":"uk.gov.gchq.palisade:common","goal":"aggregate-no-fork","cause":null,"state":"STARTED"}
12:50:26.565 [INFO]   [Checking]    [maven:out]         [com.diffblue.cover.buildsystem.config.a.a] out: [INFO] 
12:50:26.565 [INFO]   [Checking]    [maven:out]         [com.diffblue.cover.buildsystem.config.a.a] out: [INFO] --- javadoc:3.1.0:aggregate-no-fork (javadoc-compile) @ common ---
12:50:27.888 [INFO]   [Checking]    [maven:out]         [com.diffblue.cover.buildsystem.internal.f.f] deserializing line [DIFFBLUE]{"__type":"com.diffblue.cover.buildsystem.model.DefaultEventMessage","project":"uk.gov.gchq.palisade:common","goal":"aggregate-no-fork","cause":null,"state":"SUCCESS"}
12:50:27.890 [INFO]   [Checking]    [maven:out]         [com.diffblue.cover.buildsystem.internal.f.f] deserializing line [DIFFBLUE]{"__type":"com.diffblue.cover.buildsystem.model.DefaultEventMessage","project":"uk.gov.gchq.palisade:common","goal":"testResources","cause":null,"state":"STARTED"}
12:50:27.891 [INFO]   [Checking]    [maven:out]         [com.diffblue.cover.buildsystem.config.a.a] out: [INFO] 
12:50:27.891 [INFO]   [Checking]    [maven:out]         [com.diffblue.cover.buildsystem.config.a.a] out: [INFO] --- resources:3.3.1:testResources (default-testResources) @ common ---
12:50:27.891 [INFO]   [Checking]    [maven:out]         [com.diffblue.cover.buildsystem.config.a.a] out: [INFO] skip non existing resourceDirectory /home/jbergqvist/diffblue/Palisade-common/src/test/resources
12:50:27.892 [INFO]   [Checking]    [maven:out]         [com.diffblue.cover.buildsystem.internal.f.f] deserializing line [DIFFBLUE]{"__type":"com.diffblue.cover.buildsystem.model.DefaultEventMessage","project":"uk.gov.gchq.palisade:common","goal":"testResources","cause":null,"state":"SUCCESS"}
12:50:27.893 [INFO]   [Checking]    [maven:out]         [com.diffblue.cover.buildsystem.internal.f.f] deserializing line [DIFFBLUE]{"__type":"com.diffblue.cover.buildsystem.model.DefaultEventMessage","project":"uk.gov.gchq.palisade:common","goal":"testCompile","cause":null,"state":"STARTED"}
12:50:27.894 [INFO]   [Checking]    [maven:out]         [com.diffblue.cover.buildsystem.config.a.a] out: [INFO] 
12:50:27.895 [INFO]   [Checking]    [maven:out]         [com.diffblue.cover.buildsystem.config.a.a] out: [INFO] --- compiler:3.8.0:testCompile (default-testCompile) @ common ---
12:50:27.896 [INFO]   [Checking]    [maven:out]         [com.diffblue.cover.buildsystem.config.a.a] out: [INFO] Changes detected - recompiling the module!
12:50:27.897 [INFO]   [Checking]    [maven:out]         [com.diffblue.cover.buildsystem.config.a.a] out: [INFO] Compiling 1 source file to /home/jbergqvist/diffblue/Palisade-common/target/test-classes
12:50:28.225 [INFO]   [Checking]    [maven:out]         [com.diffblue.cover.buildsystem.internal.f.f] deserializing line [DIFFBLUE]{"__type":"com.diffblue.cover.buildsystem.model.DefaultEventMessage","project":"uk.gov.gchq.palisade:common","goal":"testCompile","cause":null,"state":"SUCCESS"}
12:50:28.227 [INFO]   [Checking]    [maven:out]         [com.diffblue.cover.buildsystem.internal.f.f] deserializing line [DIFFBLUE]{"__type":"com.diffblue.cover.buildsystem.model.DefaultEventMessage","project":"uk.gov.gchq.palisade:common","goal":"test","cause":null,"state":"STARTED"}
12:50:28.228 [INFO]   [Checking]    [maven:out]         [com.diffblue.cover.buildsystem.config.a.a] out: [INFO] 
12:50:28.228 [INFO]   [Checking]    [maven:out]         [com.diffblue.cover.buildsystem.config.a.a] out: [INFO] --- surefire:3.2.5:test (default-test) @ common ---
12:50:28.305 [INFO]   [Checking]    [maven:out]         [com.diffblue.cover.buildsystem.config.a.a] out: [INFO] Using auto detected provider org.apache.maven.surefire.junitplatform.JUnitPlatformProvider
12:50:28.332 [INFO]   [Checking]    [maven:out]         [com.diffblue.cover.buildsystem.config.a.a] out: [INFO] 
12:50:28.332 [INFO]   [Checking]    [maven:out]         [com.diffblue.cover.buildsystem.config.a.a] out: [INFO] -------------------------------------------------------
12:50:28.332 [INFO]   [Checking]    [maven:out]         [com.diffblue.cover.buildsystem.config.a.a] out: [INFO]  T E S T S
12:50:28.332 [INFO]   [Checking]    [maven:out]         [com.diffblue.cover.buildsystem.config.a.a] out: [INFO] -------------------------------------------------------
12:50:29.011 [INFO]   [Checking]    [maven:out]         [com.diffblue.cover.buildsystem.config.a.a] out: [INFO] Running DummyJUnitJupiterLauncherDiffblueTest3491162179773590169
12:50:29.058 [INFO]   [Checking]    [maven:out]         [com.diffblue.cover.buildsystem.config.a.a] out: [INFO] Tests run: 1, Failures: 0, Errors: 0, Skipped: 0, Time elapsed: 0.039 s -- in DummyJUnitJupiterLauncherDiffblueTest3491162179773590169
12:50:29.088 [INFO]   [Checking]    [maven:out]         [com.diffblue.cover.buildsystem.config.a.a] out: [INFO] 
12:50:29.088 [INFO]   [Checking]    [maven:out]         [com.diffblue.cover.buildsystem.config.a.a] out: [INFO] Results:
12:50:29.088 [INFO]   [Checking]    [maven:out]         [com.diffblue.cover.buildsystem.config.a.a] out: [INFO] 
12:50:29.088 [INFO]   [Checking]    [maven:out]         [com.diffblue.cover.buildsystem.config.a.a] out: [INFO] Tests run: 1, Failures: 0, Errors: 0, Skipped: 0
12:50:29.088 [INFO]   [Checking]    [maven:out]         [com.diffblue.cover.buildsystem.config.a.a] out: [INFO] 
12:50:29.091 [INFO]   [Checking]    [maven:out]         [com.diffblue.cover.buildsystem.internal.f.f] deserializing line [DIFFBLUE]{"__type":"com.diffblue.cover.buildsystem.model.DefaultEventMessage","project":"uk.gov.gchq.palisade:common","goal":"test","cause":null,"state":"SUCCESS"}
12:50:29.117 [INFO]   [Checking]    [maven:out]         [com.diffblue.cover.buildsystem.internal.f.f] deserializing line [DIFFBLUE]{"__type":"com.diffblue.cover.buildsystem.model.DefaultProjectModuleMessage","project":{"__type":"DefaultProjectModule","junitReport":["/home/jbergqvist/diffblue/Palisade-common/target/surefire-reports"],"jacocoReport":["/home/jbergqvist/diffblue/Palisade-common/target/site/jacoco/jacoco.xml"],"jacocoDestFile":["${sonar.jacoco.reportPath}","/home/jbergqvist/diffblue/Palisade-common/target/jacoco.exec"],"jacocoFormats":["xml"],"jacocoSkipped":false,"classpath":["/home/jbergqvist/diffblue/Palisade-common/target/classes","/home/jbergqvist/.m2/repository/com/typesafe/akka/akka-stream_2.13/2.6.10/akka-stream_2.13-2.6.10.jar","/home/jbergqvist/.m2/repository/org/scala-lang/scala-library/2.13.3/scala-library-2.13.3.jar","/home/jbergqvist/.m2/repository/com/typesafe/akka/akka-actor_2.13/2.6.10/akka-actor_2.13-2.6.10.jar","/home/jbergqvist/.m2/repository/com/typesafe/config/1.4.0/config-1.4.0.jar","/home/jbergqvist/.m2/repository/org/scala-lang/modules/scala-java8-compat_2.13/0.9.0/scala-java8-compat_2.13-0.9.0.jar","/home/jbergqvist/.m2/repository/com/typesafe/akka/akka-protobuf-v3_2.13/2.6.10/akka-protobuf-v3_2.13-2.6.10.jar","/home/jbergqvist/.m2/repository/org/reactivestreams/reactive-streams/1.0.3/reactive-streams-1.0.3.jar","/home/jbergqvist/.m2/repository/com/typesafe/ssl-config-core_2.13/0.4.2/ssl-config-core_2.13-0.4.2.jar","/home/jbergqvist/.m2/repository/org/scala-lang/modules/scala-parser-combinators_2.13/1.1.2/scala-parser-combinators_2.13-1.1.2.jar","/home/jbergqvist/.m2/repository/org/junit/jupiter/junit-jupiter-engine/5.13.4/junit-jupiter-engine-5.13.4.jar","/home/jbergqvist/.m2/repository/org/junit/platform/junit-platform-engine/1.13.4/junit-platform-engine-1.13.4.jar","/home/jbergqvist/.m2/repository/org/opentest4j/opentest4j/1.3.0/opentest4j-1.3.0.jar","/home/jbergqvist/.m2/repository/org/junit/platform/junit-platform-commons/1.13.4/junit-platform-commons-1.13.4.jar","/home/jbergqvist/.m2/repository/org/junit/jupiter/junit-jupiter-api/5.13.4/junit-jupiter-api-5.13.4.jar","/home/jbergqvist/.m2/repository/org/apiguardian/apiguardian-api/1.1.2/apiguardian-api-1.1.2.jar","/home/jbergqvist/.m2/repository/org/mockito/mockito-core/5.20.0/mockito-core-5.20.0.jar","/home/jbergqvist/.m2/repository/net/bytebuddy/byte-buddy/1.17.7/byte-buddy-1.17.7.jar","/home/jbergqvist/.m2/repository/net/bytebuddy/byte-buddy-agent/1.17.7/byte-buddy-agent-1.17.7.jar","/home/jbergqvist/.m2/repository/org/objenesis/objenesis/3.3/objenesis-3.3.jar","/home/jbergqvist/.m2/repository/org/mockito/mockito-junit-jupiter/5.20.0/mockito-junit-jupiter-5.20.0.jar","/home/jbergqvist/.m2/repository/com/fasterxml/jackson/core/jackson-databind/2.11.0/jackson-databind-2.11.0.jar","/home/jbergqvist/.m2/repository/com/fasterxml/jackson/core/jackson-annotations/2.11.0/jackson-annotations-2.11.0.jar","/home/jbergqvist/.m2/repository/com/fasterxml/jackson/core/jackson-core/2.11.0/jackson-core-2.11.0.jar","/home/jbergqvist/.m2/repository/org/slf4j/slf4j-api/1.7.25/slf4j-api-1.7.25.jar","/home/jbergqvist/.m2/repository/com/diffblue/cover/cover-annotations/1.8.0/cover-annotations-1.8.0.jar"],"complianceLevel":"11","productionSources":["/home/jbergqvist/diffblue/Palisade-common/src/main/java"],"testSources":["/home/jbergqvist/diffblue/Palisade-common/src/test/java"],"productionClasses":"/home/jbergqvist/diffblue/Palisade-common/target/classes","testClasses":"/home/jbergqvist/diffblue/Palisade-common/target/test-classes","sourceToBuildPathMap":null,"testSourceToBuildPathMap":null,"buildDirectory":"/home/jbergqvist/diffblue/Palisade-common/target","plugins":[{"__type":"DefaultPlugin","groupId":"org.apache.maven.plugins","artefactId":"maven-compiler-plugin","version":"3.8.0","pluginClassName":null},{"__type":"DefaultPlugin","groupId":"org.apache.maven.plugins","artefactId":"maven-javadoc-plugin","version":"3.1.0","pluginClassName":null},{"__type":"DefaultPlugin","groupId":"org.apache.maven.plugins","artefactId":"maven-dependency-plugin","version":"3.1.2","pluginClassName":null},{"__type":"DefaultPlugin","groupId":"org.codehaus.mojo","artefactId":"flatten-maven-plugin","version":"1.1.0","pluginClassName":null},{"__type":"DefaultPlugin","groupId":"org.codehaus.mojo","artefactId":"license-maven-plugin","version":"2.0.0","pluginClassName":null},{"__type":"DefaultPlugin","groupId":"org.jacoco","artefactId":"jacoco-maven-plugin","version":"0.8.5","pluginClassName":null},{"__type":"DefaultPlugin","groupId":"org.apache.maven.plugins","artefactId":"maven-checkstyle-plugin","version":"3.1.0","pluginClassName":null},{"__type":"DefaultPlugin","groupId":"org.apache.maven.plugins","artefactId":"maven-clean-plugin","version":"3.2.0","pluginClassName":null},{"__type":"DefaultPlugin","groupId":"org.apache.maven.plugins","artefactId":"maven-resources-plugin","version":"3.3.1","pluginClassName":null},{"__type":"DefaultPlugin","groupId":"org.apache.maven.plugins","artefactId":"maven-jar-plugin","version":"3.4.1","pluginClassName":null},{"__type":"DefaultPlugin","groupId":"org.apache.maven.plugins","artefactId":"maven-surefire-plugin","version":"3.2.5","pluginClassName":null},{"__type":"DefaultPlugin","groupId":"org.apache.maven.plugins","artefactId":"maven-install-plugin","version":"3.1.2","pluginClassName":null},{"__type":"DefaultPlugin","groupId":"org.apache.maven.plugins","artefactId":"maven-deploy-plugin","version":"3.1.2","pluginClassName":null},{"__type":"DefaultPlugin","groupId":"org.apache.maven.plugins","artefactId":"maven-site-plugin","version":"3.12.1","pluginClassName":null}],"version":"3.9.12","encoding":"UTF-8","name":"maven","subModules":[],"simpleModuleName":null,"parentModuleName":null,"location":"/home/jbergqvist/diffblue/Palisade-common","fullModuleName":"uk.gov.gchq.palisade:common"}}
12:50:29.123 [INFO]   [Checking]    [maven:out]         [com.diffblue.cover.buildsystem.config.a.a] out: [INFO] ------------------------------------------------------------------------
12:50:29.123 [INFO]   [Checking]    [maven:out]         [com.diffblue.cover.buildsystem.config.a.a] out: [INFO] BUILD SUCCESS
12:50:29.123 [INFO]   [Checking]    [maven:out]         [com.diffblue.cover.buildsystem.config.a.a] out: [INFO] ------------------------------------------------------------------------
12:50:29.123 [INFO]   [Checking]    [maven:out]         [com.diffblue.cover.buildsystem.config.a.a] out: [INFO] Total time:  5.144 s
12:50:29.123 [INFO]   [Checking]    [maven:out]         [com.diffblue.cover.buildsystem.config.a.a] out: [INFO] Finished at: 2026-01-12T12:50:29Z
12:50:29.123 [INFO]   [Checking]    [maven:out]         [com.diffblue.cover.buildsystem.config.a.a] out: [INFO] ------------------------------------------------------------------------
12:50:29.123 [INFO]   [Checking]    [maven:out]         [com.diffblue.cover.buildsystem.internal.f.f] deserializing line [DIFFBLUE]{"__type":"com.diffblue.cover.buildsystem.model.ProjectInfoMessage","projectName":"uk.gov.gchq.palisade:common","productionSources":["/home/jbergqvist/diffblue/Palisade-common/src/main/java","/home/jbergqvist/diffblue/Palisade-common/target/generated-sources/annotations"],"testSources":["/home/jbergqvist/diffblue/Palisade-common/src/test/java","/home/jbergqvist/diffblue/Palisade-common/target/generated-test-sources/test-annotations"],"location":"/home/jbergqvist/diffblue/Palisade-common"}
12:50:29.166 [INFO]   [Checking]    [main]              [com.diffblue.cover.buildsystem.internal.f.d] maven:err process not stopped, joining thread
12:50:29.166 [INFO]   [Checking]    [main]              [com.diffblue.cover.buildsystem.internal.f.d] maven:out process not stopped, joining thread
12:50:29.166 [DEBUG]  [Checking]    [main]              [com.diffblue.cover.buildsystem.config.a.a] Executor spent 5s on command "/home/jbergqvist/.sdkman/candidates/maven/current/bin/mvn -Dmaven.ext.class.path=/opt/cover/cover-buildsystem-maven-spy-jar-with-dependencies.jar -Dcom.diffblue.cover.skipTests=true -DskipTestOptimizer --batch-mode --projects=uk.gov.gchq.palisade:common --global-settings=/home/jbergqvist/.sdkman/candidates/maven/current/conf/settings.xml -Dcheckstyle.skip=true test -DfailIfNoTests=false -Dsurefire.failIfNoSpecifiedTests=false -Dmaven.test.failure.ignore=True -Dtest=DummyJUnitJupiterLauncherDiffblueTest3491162179773590169"
12:50:29.167 [DEBUG]  [Checking]    [main]              [com.diffblue.cover.configuration.e] Purging written files... [/home/jbergqvist/diffblue/Palisade-common/src/test/java/DummyJUnitJupiterLauncherDiffblueTest3491162179773590169.java]
12:50:29.167 [DEBUG]  [Checking]    [main]              [com.diffblue.cover.configuration.e] Attempting to find class files '[DummyJUnitJupiterLauncherDiffblueTest3491162179773590169.class]' in '/home/jbergqvist/diffblue/Palisade-common/target/classes'
12:50:29.168 [DEBUG]  [Checking]    [main]              [com.diffblue.cover.configuration.e] Attempting to find class files '[DummyJUnitJupiterLauncherDiffblueTest3491162179773590169.class]' in '/home/jbergqvist/diffblue/Palisade-common/target/test-classes'
12:50:29.168 [DEBUG]  [Checking]    [main]              [com.diffblue.cover.configuration.e] Found /home/jbergqvist/diffblue/Palisade-common/target/test-classes/DummyJUnitJupiterLauncherDiffblueTest3491162179773590169.class, scheduling deletion
12:50:29.168 [DEBUG]  [Checking]    [main]              [com.diffblue.cover.configuration.a.e] DetectorCache miss DETECTED_JUNIT_JUPITER_LAUNCHER
12:50:29.168 [DEBUG]  [Checking]    [main]              [com.diffblue.cover.configuration.cache.a] Writing cache to /home/jbergqvist/diffblue/Palisade-common/.diffblue/cache/env.json containing 8 items
12:50:29.173 [DEBUG]  [Checking]    [main]              [com.diffblue.cover.commons.l.d] Processing rule com.diffblue.cover.configuration.a.o took 5945ms
12:50:29.173 [DEBUG]  [Checking]    [main]              [com.diffblue.cover.configuration.a.e] DetectorCache miss DETECTED_JUNIT_LAUNCHER
12:50:29.173 [DEBUG]  [Checking]    [main]              [com.diffblue.cover.configuration.cache.a] Writing cache to /home/jbergqvist/diffblue/Palisade-common/.diffblue/cache/env.json containing 9 items
12:50:29.177 [DEBUG]  [Checking]    [main]              [com.diffblue.cover.configuration.a.e] DetectorCache miss DETECTED_TESTNG_LAUNCHER
12:50:29.177 [DEBUG]  [Checking]    [main]              [com.diffblue.cover.configuration.cache.a] Writing cache to /home/jbergqvist/diffblue/Palisade-common/.diffblue/cache/env.json containing 10 items
12:50:29.366 [DEBUG]  [Checking]    [main]              [com.diffblue.cover.commons.dependency.a.b] Detected Jackson Databind version 2.11.0 (via jar:file:/home/jbergqvist/.m2/repository/com/fasterxml/jackson/core/jackson-databind/2.11.0/jackson-databind-2.11.0.jar!/com/fasterxml/jackson/databind/type/MapType.class)
12:50:29.368 [INFO]   [Checking]    [main]              [com.diffblue.cover.ui.controller.r] Detected Jackson Databind version 2.11.0
12:50:29.379 [DEBUG]  [Checking]    [main]              [com.diffblue.cover.configuration.a.z] Java home guessed from System property: /home/jbergqvist/.sdkman/candidates/java/11.0.29-amzn
12:50:29.379 [INFO]   [Checking]    [main]              [com.diffblue.cover.ui.controller.r] Detected JVM architecture: 64-Bit
12:50:29.380 [DEBUG]  [Checking]    [main]              [com.diffblue.cover.configuration.a.e] DetectorCache miss JaCoCo execution
12:50:29.380 [DEBUG]  [Checking]    [main]              [com.diffblue.cover.configuration.cache.a] Writing cache to /home/jbergqvist/diffblue/Palisade-common/.diffblue/cache/env.json containing 11 items
12:50:29.388 [DEBUG]  [Checking]    [main]              [com.diffblue.cover.buildsystem.config.registry.Registry] checking if /home/jbergqvist/diffblue/Palisade-common/DiffblueBuild.yaml exists...
12:50:29.388 [DEBUG]  [Checking]    [main]              [com.diffblue.cover.buildsystem.config.registry.Registry] checking if /home/jbergqvist/diffblue/Palisade-common/DiffblueBuild.yml exists...
12:50:29.388 [INFO]   [Checking]    [main]              [com.diffblue.cover.buildsystem.config.registry.Registry] Using default build rules as no custom rules found in any of [/home/jbergqvist/diffblue/Palisade-common]
12:50:29.388 [DEBUG]  [Checking]    [main]              [com.diffblue.cover.buildsystem.config.registry.Registry] Build execution request for Coverage Phase
12:50:29.389 [INFO]   [Checking]    [main]              [com.diffblue.cover.buildsystem.config.a.a] Attempting to invoke mvnw in working directory: /home/jbergqvist/diffblue/Palisade-common
12:50:29.389 [INFO]   [Checking]    [main]              [com.diffblue.cover.buildsystem.config.a.a] Attempting to invoke /home/jbergqvist/.sdkman/candidates/maven/current/bin/mvn in working directory: /home/jbergqvist/diffblue/Palisade-common
12:50:29.389 [INFO]   [Checking]    [main]              [com.diffblue.cover.buildsystem.config.a.a] Started "/home/jbergqvist/.sdkman/candidates/maven/current/bin/mvn -Dmaven.ext.class.path=/opt/cover/cover-buildsystem-maven-spy-jar-with-dependencies.jar -Dcom.diffblue.cover.skipTests=true -DskipTestOptimizer --batch-mode --projects=uk.gov.gchq.palisade:common --global-settings=/home/jbergqvist/.sdkman/candidates/maven/current/conf/settings.xml -Dcheckstyle.skip=true org.jacoco:jacoco-maven-plugin:0.8.5:prepare-agent -Djacoco.skip=false test -DfailIfNoTests=false -Dsurefire.failIfNoSpecifiedTests=false -Dmaven.test.failure.ignore=True -Dtest=DiffblueDummyCoverageJupiterDiffblueTest org.jacoco:jacoco-maven-plugin:0.8.5:report -Djacoco.skip=false"
12:50:30.157 [INFO]   [Checking]    [maven:out]         [com.diffblue.cover.buildsystem.config.a.a] out: [INFO] Scanning for projects...
12:50:30.247 [INFO]   [Checking]    [maven:out]         [com.diffblue.cover.buildsystem.config.a.a] out: [INFO] 
12:50:30.247 [INFO]   [Checking]    [maven:out]         [com.diffblue.cover.buildsystem.config.a.a] out: [INFO] --------------------< uk.gov.gchq.palisade:common >---------------------
12:50:30.247 [INFO]   [Checking]    [maven:out]         [com.diffblue.cover.buildsystem.config.a.a] out: [INFO] Building GCHQ Palisade Common Library 0.5.2-SNAPSHOT
12:50:30.248 [INFO]   [Checking]    [maven:out]         [com.diffblue.cover.buildsystem.config.a.a] out: [INFO]   from pom.xml
12:50:30.248 [INFO]   [Checking]    [maven:out]         [com.diffblue.cover.buildsystem.config.a.a] out: [INFO] --------------------------------[ jar ]---------------------------------
12:50:30.500 [INFO]   [Checking]    [maven:out]         [com.diffblue.cover.buildsystem.internal.f.f] deserializing line [DIFFBLUE]{"__type":"com.diffblue.cover.buildsystem.model.DefaultEventMessage","project":"uk.gov.gchq.palisade:common","goal":"prepare-agent","cause":null,"state":"STARTED"}
12:50:30.502 [INFO]   [Checking]    [maven:out]         [com.diffblue.cover.buildsystem.config.a.a] out: [INFO] 
12:50:30.502 [INFO]   [Checking]    [maven:out]         [com.diffblue.cover.buildsystem.config.a.a] out: [INFO] --- jacoco:0.8.5:prepare-agent (default-cli) @ common ---
12:50:30.746 [INFO]   [Checking]    [maven:out]         [com.diffblue.cover.buildsystem.config.a.a] out: [INFO] argLine set to -javaagent:/home/jbergqvist/.m2/repository/org/jacoco/org.jacoco.agent/0.8.5/org.jacoco.agent-0.8.5-runtime.jar=destfile=/home/jbergqvist/diffblue/Palisade-common/target/jacoco.exec,append=true
12:50:30.747 [INFO]   [Checking]    [maven:out]         [com.diffblue.cover.buildsystem.internal.f.f] deserializing line [DIFFBLUE]{"__type":"com.diffblue.cover.buildsystem.model.DefaultEventMessage","project":"uk.gov.gchq.palisade:common","goal":"prepare-agent","cause":null,"state":"SUCCESS"}
12:50:30.749 [INFO]   [Checking]    [maven:out]         [com.diffblue.cover.buildsystem.internal.f.f] deserializing line [DIFFBLUE]{"__type":"com.diffblue.cover.buildsystem.model.DefaultEventMessage","project":"uk.gov.gchq.palisade:common","goal":"prepare-agent","cause":null,"state":"STARTED"}
12:50:30.750 [INFO]   [Checking]    [maven:out]         [com.diffblue.cover.buildsystem.config.a.a] out: [INFO] 
12:50:30.750 [INFO]   [Checking]    [maven:out]         [com.diffblue.cover.buildsystem.config.a.a] out: [INFO] --- jacoco:0.8.5:prepare-agent (agent) @ common ---
12:50:30.750 [INFO]   [Checking]    [maven:out]         [com.diffblue.cover.buildsystem.config.a.a] out: [INFO] argLine set to -javaagent:/home/jbergqvist/.m2/repository/org/jacoco/org.jacoco.agent/0.8.5/org.jacoco.agent-0.8.5-runtime.jar=destfile=/home/jbergqvist/diffblue/Palisade-common/target/jacoco.exec,append=true
12:50:30.751 [INFO]   [Checking]    [maven:out]         [com.diffblue.cover.buildsystem.internal.f.f] deserializing line [DIFFBLUE]{"__type":"com.diffblue.cover.buildsystem.model.DefaultEventMessage","project":"uk.gov.gchq.palisade:common","goal":"prepare-agent","cause":null,"state":"SUCCESS"}
12:50:30.752 [INFO]   [Checking]    [maven:out]         [com.diffblue.cover.buildsystem.internal.f.f] deserializing line [DIFFBLUE]{"__type":"com.diffblue.cover.buildsystem.model.DefaultEventMessage","project":"uk.gov.gchq.palisade:common","goal":"resources","cause":null,"state":"STARTED"}
12:50:30.753 [INFO]   [Checking]    [maven:out]         [com.diffblue.cover.buildsystem.config.a.a] out: [INFO] 
12:50:30.753 [INFO]   [Checking]    [maven:out]         [com.diffblue.cover.buildsystem.config.a.a] out: [INFO] --- resources:3.3.1:resources (default-resources) @ common ---
12:50:30.801 [INFO]   [Checking]    [maven:out]         [com.diffblue.cover.buildsystem.config.a.a] out: [INFO] Copying 1 resource from src/main/resources to target/classes
12:50:30.805 [INFO]   [Checking]    [maven:out]         [com.diffblue.cover.buildsystem.internal.f.f] deserializing line [DIFFBLUE]{"__type":"com.diffblue.cover.buildsystem.model.DefaultEventMessage","project":"uk.gov.gchq.palisade:common","goal":"resources","cause":null,"state":"SUCCESS"}
12:50:30.807 [INFO]   [Checking]    [maven:out]         [com.diffblue.cover.buildsystem.internal.f.f] deserializing line [DIFFBLUE]{"__type":"com.diffblue.cover.buildsystem.model.DefaultEventMessage","project":"uk.gov.gchq.palisade:common","goal":"flatten","cause":null,"state":"STARTED"}
12:50:30.808 [INFO]   [Checking]    [maven:out]         [com.diffblue.cover.buildsystem.config.a.a] out: [INFO] 
12:50:30.808 [INFO]   [Checking]    [maven:out]         [com.diffblue.cover.buildsystem.config.a.a] out: [INFO] --- flatten:1.1.0:flatten (flatten) @ common ---
12:50:30.910 [INFO]   [Checking]    [maven:out]         [com.diffblue.cover.buildsystem.config.a.a] out: [INFO] Generating flattened POM of project uk.gov.gchq.palisade:common:jar:0.5.2-SNAPSHOT...
12:50:30.956 [INFO]   [Checking]    [maven:out]         [com.diffblue.cover.buildsystem.internal.f.f] deserializing line [DIFFBLUE]{"__type":"com.diffblue.cover.buildsystem.model.DefaultEventMessage","project":"uk.gov.gchq.palisade:common","goal":"flatten","cause":null,"state":"SUCCESS"}
12:50:30.957 [INFO]   [Checking]    [maven:out]         [com.diffblue.cover.buildsystem.internal.f.f] deserializing line [DIFFBLUE]{"__type":"com.diffblue.cover.buildsystem.model.DefaultEventMessage","project":"uk.gov.gchq.palisade:common","goal":"compile","cause":null,"state":"STARTED"}
12:50:30.958 [INFO]   [Checking]    [maven:out]         [com.diffblue.cover.buildsystem.config.a.a] out: [INFO] 
12:50:30.959 [INFO]   [Checking]    [maven:out]         [com.diffblue.cover.buildsystem.config.a.a] out: [INFO] --- compiler:3.8.0:compile (default-compile) @ common ---
12:50:31.081 [INFO]   [Checking]    [maven:out]         [com.diffblue.cover.buildsystem.config.a.a] out: [INFO] Changes detected - recompiling the module!
12:50:31.086 [INFO]   [Checking]    [maven:out]         [com.diffblue.cover.buildsystem.config.a.a] out: [INFO] Compiling 23 source files to /home/jbergqvist/diffblue/Palisade-common/target/classes
12:50:31.746 [INFO]   [Checking]    [maven:out]         [com.diffblue.cover.buildsystem.internal.f.f] deserializing line [DIFFBLUE]{"__type":"com.diffblue.cover.buildsystem.model.DefaultEventMessage","project":"uk.gov.gchq.palisade:common","goal":"compile","cause":null,"state":"SUCCESS"}
12:50:31.748 [INFO]   [Checking]    [maven:out]         [com.diffblue.cover.buildsystem.internal.f.f] deserializing line [DIFFBLUE]{"__type":"com.diffblue.cover.buildsystem.model.DefaultEventMessage","project":"uk.gov.gchq.palisade:common","goal":"javadoc-no-fork","cause":null,"state":"STARTED"}
12:50:31.749 [INFO]   [Checking]    [maven:out]         [com.diffblue.cover.buildsystem.config.a.a] out: [INFO] 
12:50:31.749 [INFO]   [Checking]    [maven:out]         [com.diffblue.cover.buildsystem.config.a.a] out: [INFO] --- javadoc:3.1.0:javadoc-no-fork (javadoc-compile) @ common ---
12:50:33.350 [INFO]   [Checking]    [maven:out]         [com.diffblue.cover.buildsystem.internal.f.f] deserializing line [DIFFBLUE]{"__type":"com.diffblue.cover.buildsystem.model.DefaultEventMessage","project":"uk.gov.gchq.palisade:common","goal":"javadoc-no-fork","cause":null,"state":"SUCCESS"}
12:50:33.352 [INFO]   [Checking]    [maven:out]         [com.diffblue.cover.buildsystem.internal.f.f] deserializing line [DIFFBLUE]{"__type":"com.diffblue.cover.buildsystem.model.DefaultEventMessage","project":"uk.gov.gchq.palisade:common","goal":"aggregate-no-fork","cause":null,"state":"STARTED"}
12:50:33.353 [INFO]   [Checking]    [maven:out]         [com.diffblue.cover.buildsystem.config.a.a] out: [INFO] 
12:50:33.353 [INFO]   [Checking]    [maven:out]         [com.diffblue.cover.buildsystem.config.a.a] out: [INFO] --- javadoc:3.1.0:aggregate-no-fork (javadoc-compile) @ common ---
12:50:34.683 [INFO]   [Checking]    [maven:out]         [com.diffblue.cover.buildsystem.internal.f.f] deserializing line [DIFFBLUE]{"__type":"com.diffblue.cover.buildsystem.model.DefaultEventMessage","project":"uk.gov.gchq.palisade:common","goal":"aggregate-no-fork","cause":null,"state":"SUCCESS"}
12:50:34.685 [INFO]   [Checking]    [maven:out]         [com.diffblue.cover.buildsystem.internal.f.f] deserializing line [DIFFBLUE]{"__type":"com.diffblue.cover.buildsystem.model.DefaultEventMessage","project":"uk.gov.gchq.palisade:common","goal":"testResources","cause":null,"state":"STARTED"}
12:50:34.686 [INFO]   [Checking]    [maven:out]         [com.diffblue.cover.buildsystem.config.a.a] out: [INFO] 
12:50:34.686 [INFO]   [Checking]    [maven:out]         [com.diffblue.cover.buildsystem.config.a.a] out: [INFO] --- resources:3.3.1:testResources (default-testResources) @ common ---
12:50:34.686 [INFO]   [Checking]    [maven:out]         [com.diffblue.cover.buildsystem.config.a.a] out: [INFO] skip non existing resourceDirectory /home/jbergqvist/diffblue/Palisade-common/src/test/resources
12:50:34.687 [INFO]   [Checking]    [maven:out]         [com.diffblue.cover.buildsystem.internal.f.f] deserializing line [DIFFBLUE]{"__type":"com.diffblue.cover.buildsystem.model.DefaultEventMessage","project":"uk.gov.gchq.palisade:common","goal":"testResources","cause":null,"state":"SUCCESS"}
12:50:34.689 [INFO]   [Checking]    [maven:out]         [com.diffblue.cover.buildsystem.internal.f.f] deserializing line [DIFFBLUE]{"__type":"com.diffblue.cover.buildsystem.model.DefaultEventMessage","project":"uk.gov.gchq.palisade:common","goal":"testCompile","cause":null,"state":"STARTED"}
12:50:34.690 [INFO]   [Checking]    [maven:out]         [com.diffblue.cover.buildsystem.config.a.a] out: [INFO] 
12:50:34.690 [INFO]   [Checking]    [maven:out]         [com.diffblue.cover.buildsystem.config.a.a] out: [INFO] --- compiler:3.8.0:testCompile (default-testCompile) @ common ---
12:50:34.691 [INFO]   [Checking]    [maven:out]         [com.diffblue.cover.buildsystem.config.a.a] out: [INFO] Changes detected - recompiling the module!
12:50:34.691 [INFO]   [Checking]    [maven:out]         [com.diffblue.cover.buildsystem.config.a.a] out: [INFO] Compiling 2 source files to /home/jbergqvist/diffblue/Palisade-common/target/test-classes
12:50:34.752 [INFO]   [Checking]    [maven:out]         [com.diffblue.cover.buildsystem.internal.f.f] deserializing line [DIFFBLUE]{"__type":"com.diffblue.cover.buildsystem.model.DefaultEventMessage","project":"uk.gov.gchq.palisade:common","goal":"testCompile","cause":null,"state":"SUCCESS"}
12:50:34.754 [INFO]   [Checking]    [maven:out]         [com.diffblue.cover.buildsystem.internal.f.f] deserializing line [DIFFBLUE]{"__type":"com.diffblue.cover.buildsystem.model.DefaultEventMessage","project":"uk.gov.gchq.palisade:common","goal":"test","cause":null,"state":"STARTED"}
12:50:34.756 [INFO]   [Checking]    [maven:out]         [com.diffblue.cover.buildsystem.config.a.a] out: [INFO] 
12:50:34.756 [INFO]   [Checking]    [maven:out]         [com.diffblue.cover.buildsystem.config.a.a] out: [INFO] --- surefire:3.2.5:test (default-test) @ common ---
12:50:34.849 [INFO]   [Checking]    [maven:out]         [com.diffblue.cover.buildsystem.config.a.a] out: [INFO] Using auto detected provider org.apache.maven.surefire.junitplatform.JUnitPlatformProvider
12:50:34.875 [INFO]   [Checking]    [maven:out]         [com.diffblue.cover.buildsystem.config.a.a] out: [INFO] 
12:50:34.875 [INFO]   [Checking]    [maven:out]         [com.diffblue.cover.buildsystem.config.a.a] out: [INFO] -------------------------------------------------------
12:50:34.875 [INFO]   [Checking]    [maven:out]         [com.diffblue.cover.buildsystem.config.a.a] out: [INFO]  T E S T S
12:50:34.875 [INFO]   [Checking]    [maven:out]         [com.diffblue.cover.buildsystem.config.a.a] out: [INFO] -------------------------------------------------------
12:50:35.487 [INFO]   [Checking]    [maven:out]         [com.diffblue.cover.buildsystem.config.a.a] out: [INFO] Running DiffblueDummyCoverageJupiterDiffblueTest
12:50:35.537 [INFO]   [Checking]    [maven:out]         [com.diffblue.cover.buildsystem.config.a.a] out: [INFO] Tests run: 1, Failures: 0, Errors: 0, Skipped: 0, Time elapsed: 0.037 s -- in DiffblueDummyCoverageJupiterDiffblueTest
12:50:35.586 [INFO]   [Checking]    [maven:out]         [com.diffblue.cover.buildsystem.config.a.a] out: [INFO] 
12:50:35.586 [INFO]   [Checking]    [maven:out]         [com.diffblue.cover.buildsystem.config.a.a] out: [INFO] Results:
12:50:35.586 [INFO]   [Checking]    [maven:out]         [com.diffblue.cover.buildsystem.config.a.a] out: [INFO] 
12:50:35.586 [INFO]   [Checking]    [maven:out]         [com.diffblue.cover.buildsystem.config.a.a] out: [INFO] Tests run: 1, Failures: 0, Errors: 0, Skipped: 0
12:50:35.586 [INFO]   [Checking]    [maven:out]         [com.diffblue.cover.buildsystem.config.a.a] out: [INFO] 
12:50:35.589 [INFO]   [Checking]    [maven:out]         [com.diffblue.cover.buildsystem.internal.f.f] deserializing line [DIFFBLUE]{"__type":"com.diffblue.cover.buildsystem.model.DefaultEventMessage","project":"uk.gov.gchq.palisade:common","goal":"test","cause":null,"state":"SUCCESS"}
12:50:35.591 [INFO]   [Checking]    [maven:out]         [com.diffblue.cover.buildsystem.internal.f.f] deserializing line [DIFFBLUE]{"__type":"com.diffblue.cover.buildsystem.model.DefaultEventMessage","project":"uk.gov.gchq.palisade:common","goal":"report","cause":null,"state":"STARTED"}
12:50:35.591 [INFO]   [Checking]    [maven:out]         [com.diffblue.cover.buildsystem.config.a.a] out: [INFO] 
12:50:35.592 [INFO]   [Checking]    [maven:out]         [com.diffblue.cover.buildsystem.config.a.a] out: [INFO] --- jacoco:0.8.5:report (default-cli) @ common ---
12:50:35.628 [INFO]   [Checking]    [maven:out]         [com.diffblue.cover.buildsystem.config.a.a] out: [INFO] Loading execution data file /home/jbergqvist/diffblue/Palisade-common/target/jacoco.exec
12:50:35.691 [INFO]   [Checking]    [maven:out]         [com.diffblue.cover.buildsystem.config.a.a] out: [INFO] Analyzed bundle 'GCHQ Palisade Common Library' with 26 classes
12:50:35.746 [INFO]   [Checking]    [maven:out]         [com.diffblue.cover.buildsystem.internal.f.f] deserializing line [DIFFBLUE]{"__type":"com.diffblue.cover.buildsystem.model.DefaultEventMessage","project":"uk.gov.gchq.palisade:common","goal":"report","cause":null,"state":"SUCCESS"}
12:50:35.767 [INFO]   [Checking]    [maven:out]         [com.diffblue.cover.buildsystem.internal.f.f] deserializing line [DIFFBLUE]{"__type":"com.diffblue.cover.buildsystem.model.DefaultProjectModuleMessage","project":{"__type":"DefaultProjectModule","junitReport":["/home/jbergqvist/diffblue/Palisade-common/target/surefire-reports"],"jacocoReport":["/home/jbergqvist/diffblue/Palisade-common/target/site/jacoco/jacoco.xml"],"jacocoDestFile":["${sonar.jacoco.reportPath}","/home/jbergqvist/diffblue/Palisade-common/target/jacoco.exec"],"jacocoFormats":["xml"],"jacocoSkipped":false,"classpath":["/home/jbergqvist/diffblue/Palisade-common/target/classes","/home/jbergqvist/.m2/repository/com/typesafe/akka/akka-stream_2.13/2.6.10/akka-stream_2.13-2.6.10.jar","/home/jbergqvist/.m2/repository/org/scala-lang/scala-library/2.13.3/scala-library-2.13.3.jar","/home/jbergqvist/.m2/repository/com/typesafe/akka/akka-actor_2.13/2.6.10/akka-actor_2.13-2.6.10.jar","/home/jbergqvist/.m2/repository/com/typesafe/config/1.4.0/config-1.4.0.jar","/home/jbergqvist/.m2/repository/org/scala-lang/modules/scala-java8-compat_2.13/0.9.0/scala-java8-compat_2.13-0.9.0.jar","/home/jbergqvist/.m2/repository/com/typesafe/akka/akka-protobuf-v3_2.13/2.6.10/akka-protobuf-v3_2.13-2.6.10.jar","/home/jbergqvist/.m2/repository/org/reactivestreams/reactive-streams/1.0.3/reactive-streams-1.0.3.jar","/home/jbergqvist/.m2/repository/com/typesafe/ssl-config-core_2.13/0.4.2/ssl-config-core_2.13-0.4.2.jar","/home/jbergqvist/.m2/repository/org/scala-lang/modules/scala-parser-combinators_2.13/1.1.2/scala-parser-combinators_2.13-1.1.2.jar","/home/jbergqvist/.m2/repository/org/junit/jupiter/junit-jupiter-engine/5.13.4/junit-jupiter-engine-5.13.4.jar","/home/jbergqvist/.m2/repository/org/junit/platform/junit-platform-engine/1.13.4/junit-platform-engine-1.13.4.jar","/home/jbergqvist/.m2/repository/org/opentest4j/opentest4j/1.3.0/opentest4j-1.3.0.jar","/home/jbergqvist/.m2/repository/org/junit/platform/junit-platform-commons/1.13.4/junit-platform-commons-1.13.4.jar","/home/jbergqvist/.m2/repository/org/junit/jupiter/junit-jupiter-api/5.13.4/junit-jupiter-api-5.13.4.jar","/home/jbergqvist/.m2/repository/org/apiguardian/apiguardian-api/1.1.2/apiguardian-api-1.1.2.jar","/home/jbergqvist/.m2/repository/org/mockito/mockito-core/5.20.0/mockito-core-5.20.0.jar","/home/jbergqvist/.m2/repository/net/bytebuddy/byte-buddy/1.17.7/byte-buddy-1.17.7.jar","/home/jbergqvist/.m2/repository/net/bytebuddy/byte-buddy-agent/1.17.7/byte-buddy-agent-1.17.7.jar","/home/jbergqvist/.m2/repository/org/objenesis/objenesis/3.3/objenesis-3.3.jar","/home/jbergqvist/.m2/repository/org/mockito/mockito-junit-jupiter/5.20.0/mockito-junit-jupiter-5.20.0.jar","/home/jbergqvist/.m2/repository/com/fasterxml/jackson/core/jackson-databind/2.11.0/jackson-databind-2.11.0.jar","/home/jbergqvist/.m2/repository/com/fasterxml/jackson/core/jackson-annotations/2.11.0/jackson-annotations-2.11.0.jar","/home/jbergqvist/.m2/repository/com/fasterxml/jackson/core/jackson-core/2.11.0/jackson-core-2.11.0.jar","/home/jbergqvist/.m2/repository/org/slf4j/slf4j-api/1.7.25/slf4j-api-1.7.25.jar","/home/jbergqvist/.m2/repository/com/diffblue/cover/cover-annotations/1.8.0/cover-annotations-1.8.0.jar"],"complianceLevel":"11","productionSources":["/home/jbergqvist/diffblue/Palisade-common/src/main/java"],"testSources":["/home/jbergqvist/diffblue/Palisade-common/src/test/java"],"productionClasses":"/home/jbergqvist/diffblue/Palisade-common/target/classes","testClasses":"/home/jbergqvist/diffblue/Palisade-common/target/test-classes","sourceToBuildPathMap":null,"testSourceToBuildPathMap":null,"buildDirectory":"/home/jbergqvist/diffblue/Palisade-common/target","plugins":[{"__type":"DefaultPlugin","groupId":"org.apache.maven.plugins","artefactId":"maven-compiler-plugin","version":"3.8.0","pluginClassName":null},{"__type":"DefaultPlugin","groupId":"org.apache.maven.plugins","artefactId":"maven-javadoc-plugin","version":"3.1.0","pluginClassName":null},{"__type":"DefaultPlugin","groupId":"org.apache.maven.plugins","artefactId":"maven-dependency-plugin","version":"3.1.2","pluginClassName":null},{"__type":"DefaultPlugin","groupId":"org.codehaus.mojo","artefactId":"flatten-maven-plugin","version":"1.1.0","pluginClassName":null},{"__type":"DefaultPlugin","groupId":"org.codehaus.mojo","artefactId":"license-maven-plugin","version":"2.0.0","pluginClassName":null},{"__type":"DefaultPlugin","groupId":"org.jacoco","artefactId":"jacoco-maven-plugin","version":"0.8.5","pluginClassName":null},{"__type":"DefaultPlugin","groupId":"org.apache.maven.plugins","artefactId":"maven-checkstyle-plugin","version":"3.1.0","pluginClassName":null},{"__type":"DefaultPlugin","groupId":"org.apache.maven.plugins","artefactId":"maven-clean-plugin","version":"3.2.0","pluginClassName":null},{"__type":"DefaultPlugin","groupId":"org.apache.maven.plugins","artefactId":"maven-resources-plugin","version":"3.3.1","pluginClassName":null},{"__type":"DefaultPlugin","groupId":"org.apache.maven.plugins","artefactId":"maven-jar-plugin","version":"3.4.1","pluginClassName":null},{"__type":"DefaultPlugin","groupId":"org.apache.maven.plugins","artefactId":"maven-surefire-plugin","version":"3.2.5","pluginClassName":null},{"__type":"DefaultPlugin","groupId":"org.apache.maven.plugins","artefactId":"maven-install-plugin","version":"3.1.2","pluginClassName":null},{"__type":"DefaultPlugin","groupId":"org.apache.maven.plugins","artefactId":"maven-deploy-plugin","version":"3.1.2","pluginClassName":null},{"__type":"DefaultPlugin","groupId":"org.apache.maven.plugins","artefactId":"maven-site-plugin","version":"3.12.1","pluginClassName":null}],"version":"3.9.12","encoding":"UTF-8","name":"maven","subModules":[],"simpleModuleName":null,"parentModuleName":null,"location":"/home/jbergqvist/diffblue/Palisade-common","fullModuleName":"uk.gov.gchq.palisade:common"}}
12:50:35.771 [INFO]   [Checking]    [maven:out]         [com.diffblue.cover.buildsystem.config.a.a] out: [INFO] ------------------------------------------------------------------------
12:50:35.771 [INFO]   [Checking]    [maven:out]         [com.diffblue.cover.buildsystem.config.a.a] out: [INFO] BUILD SUCCESS
12:50:35.771 [INFO]   [Checking]    [maven:out]         [com.diffblue.cover.buildsystem.config.a.a] out: [INFO] ------------------------------------------------------------------------
12:50:35.771 [INFO]   [Checking]    [maven:out]         [com.diffblue.cover.buildsystem.config.a.a] out: [INFO] Total time:  5.626 s
12:50:35.771 [INFO]   [Checking]    [maven:out]         [com.diffblue.cover.buildsystem.config.a.a] out: [INFO] Finished at: 2026-01-12T12:50:35Z
12:50:35.771 [INFO]   [Checking]    [maven:out]         [com.diffblue.cover.buildsystem.config.a.a] out: [INFO] ------------------------------------------------------------------------
12:50:35.772 [INFO]   [Checking]    [maven:out]         [com.diffblue.cover.buildsystem.internal.f.f] deserializing line [DIFFBLUE]{"__type":"com.diffblue.cover.buildsystem.model.ProjectInfoMessage","projectName":"uk.gov.gchq.palisade:common","productionSources":["/home/jbergqvist/diffblue/Palisade-common/src/main/java","/home/jbergqvist/diffblue/Palisade-common/target/generated-sources/annotations"],"testSources":["/home/jbergqvist/diffblue/Palisade-common/src/test/java","/home/jbergqvist/diffblue/Palisade-common/target/generated-test-sources/test-annotations"],"location":"/home/jbergqvist/diffblue/Palisade-common"}
12:50:35.801 [INFO]   [Checking]    [main]              [com.diffblue.cover.buildsystem.internal.f.d] maven:err process not stopped, joining thread
12:50:35.801 [INFO]   [Checking]    [main]              [com.diffblue.cover.buildsystem.internal.f.d] maven:out process not stopped, joining thread
12:50:35.801 [DEBUG]  [Checking]    [main]              [com.diffblue.cover.buildsystem.config.a.a] Executor spent 6s on command "/home/jbergqvist/.sdkman/candidates/maven/current/bin/mvn -Dmaven.ext.class.path=/opt/cover/cover-buildsystem-maven-spy-jar-with-dependencies.jar -Dcom.diffblue.cover.skipTests=true -DskipTestOptimizer --batch-mode --projects=uk.gov.gchq.palisade:common --global-settings=/home/jbergqvist/.sdkman/candidates/maven/current/conf/settings.xml -Dcheckstyle.skip=true org.jacoco:jacoco-maven-plugin:0.8.5:prepare-agent -Djacoco.skip=false test -DfailIfNoTests=false -Dsurefire.failIfNoSpecifiedTests=false -Dmaven.test.failure.ignore=True -Dtest=DiffblueDummyCoverageJupiterDiffblueTest org.jacoco:jacoco-maven-plugin:0.8.5:report -Djacoco.skip=false"
12:50:35.910 [DEBUG]  [Checking]    [main]              [com.diffblue.cover.buildsystem.config.registry.Registry] checking if /home/jbergqvist/diffblue/Palisade-common/DiffblueBuild.yaml exists...
12:50:35.910 [DEBUG]  [Checking]    [main]              [com.diffblue.cover.buildsystem.config.registry.Registry] checking if /home/jbergqvist/diffblue/Palisade-common/DiffblueBuild.yml exists...
12:50:35.910 [INFO]   [Checking]    [main]              [com.diffblue.cover.buildsystem.config.registry.Registry] Using default build rules as no custom rules found in any of [/home/jbergqvist/diffblue/Palisade-common]
12:50:35.910 [DEBUG]  [Checking]    [main]              [com.diffblue.cover.buildsystem.config.registry.Registry] Build execution request for Coverage Phase
12:50:35.911 [INFO]   [Checking]    [main]              [com.diffblue.cover.buildsystem.config.a.a] Attempting to invoke mvnw in working directory: /home/jbergqvist/diffblue/Palisade-common
12:50:35.911 [INFO]   [Checking]    [main]              [com.diffblue.cover.buildsystem.config.a.a] Attempting to invoke /home/jbergqvist/.sdkman/candidates/maven/current/bin/mvn in working directory: /home/jbergqvist/diffblue/Palisade-common
12:50:35.911 [INFO]   [Checking]    [main]              [com.diffblue.cover.buildsystem.config.a.a] Started "/home/jbergqvist/.sdkman/candidates/maven/current/bin/mvn -Dmaven.ext.class.path=/opt/cover/cover-buildsystem-maven-spy-jar-with-dependencies.jar -Dcom.diffblue.cover.skipTests=true -DskipTestOptimizer --batch-mode --projects=uk.gov.gchq.palisade:common --global-settings=/home/jbergqvist/.sdkman/candidates/maven/current/conf/settings.xml -Dcheckstyle.skip=true org.jacoco:jacoco-maven-plugin:0.8.5:prepare-agent -Djacoco.skip=false test -DfailIfNoTests=false -Dsurefire.failIfNoSpecifiedTests=false -Dmaven.test.failure.ignore=True -Dtest=!*DiffblueTest,**/DiffblueDummy* org.jacoco:jacoco-maven-plugin:0.8.5:report -Djacoco.skip=false"
12:50:36.679 [INFO]   [Checking]    [maven:out]         [com.diffblue.cover.buildsystem.config.a.a] out: [INFO] Scanning for projects...
12:50:36.794 [INFO]   [Checking]    [maven:out]         [com.diffblue.cover.buildsystem.config.a.a] out: [INFO] 
12:50:36.794 [INFO]   [Checking]    [maven:out]         [com.diffblue.cover.buildsystem.config.a.a] out: [INFO] --------------------< uk.gov.gchq.palisade:common >---------------------
12:50:36.794 [INFO]   [Checking]    [maven:out]         [com.diffblue.cover.buildsystem.config.a.a] out: [INFO] Building GCHQ Palisade Common Library 0.5.2-SNAPSHOT
12:50:36.794 [INFO]   [Checking]    [maven:out]         [com.diffblue.cover.buildsystem.config.a.a] out: [INFO]   from pom.xml
12:50:36.794 [INFO]   [Checking]    [maven:out]         [com.diffblue.cover.buildsystem.config.a.a] out: [INFO] --------------------------------[ jar ]---------------------------------
12:50:37.047 [INFO]   [Checking]    [maven:out]         [com.diffblue.cover.buildsystem.internal.f.f] deserializing line [DIFFBLUE]{"__type":"com.diffblue.cover.buildsystem.model.DefaultEventMessage","project":"uk.gov.gchq.palisade:common","goal":"prepare-agent","cause":null,"state":"STARTED"}
12:50:37.048 [INFO]   [Checking]    [maven:out]         [com.diffblue.cover.buildsystem.config.a.a] out: [INFO] 
12:50:37.048 [INFO]   [Checking]    [maven:out]         [com.diffblue.cover.buildsystem.config.a.a] out: [INFO] --- jacoco:0.8.5:prepare-agent (default-cli) @ common ---
12:50:37.303 [INFO]   [Checking]    [maven:out]         [com.diffblue.cover.buildsystem.config.a.a] out: [INFO] argLine set to -javaagent:/home/jbergqvist/.m2/repository/org/jacoco/org.jacoco.agent/0.8.5/org.jacoco.agent-0.8.5-runtime.jar=destfile=/home/jbergqvist/diffblue/Palisade-common/target/jacoco.exec,append=true
12:50:37.304 [INFO]   [Checking]    [maven:out]         [com.diffblue.cover.buildsystem.internal.f.f] deserializing line [DIFFBLUE]{"__type":"com.diffblue.cover.buildsystem.model.DefaultEventMessage","project":"uk.gov.gchq.palisade:common","goal":"prepare-agent","cause":null,"state":"SUCCESS"}
12:50:37.306 [INFO]   [Checking]    [maven:out]         [com.diffblue.cover.buildsystem.internal.f.f] deserializing line [DIFFBLUE]{"__type":"com.diffblue.cover.buildsystem.model.DefaultEventMessage","project":"uk.gov.gchq.palisade:common","goal":"prepare-agent","cause":null,"state":"STARTED"}
12:50:37.307 [INFO]   [Checking]    [maven:out]         [com.diffblue.cover.buildsystem.config.a.a] out: [INFO] 
12:50:37.307 [INFO]   [Checking]    [maven:out]         [com.diffblue.cover.buildsystem.config.a.a] out: [INFO] --- jacoco:0.8.5:prepare-agent (agent) @ common ---
12:50:37.307 [INFO]   [Checking]    [maven:out]         [com.diffblue.cover.buildsystem.config.a.a] out: [INFO] argLine set to -javaagent:/home/jbergqvist/.m2/repository/org/jacoco/org.jacoco.agent/0.8.5/org.jacoco.agent-0.8.5-runtime.jar=destfile=/home/jbergqvist/diffblue/Palisade-common/target/jacoco.exec,append=true
12:50:37.308 [INFO]   [Checking]    [maven:out]         [com.diffblue.cover.buildsystem.internal.f.f] deserializing line [DIFFBLUE]{"__type":"com.diffblue.cover.buildsystem.model.DefaultEventMessage","project":"uk.gov.gchq.palisade:common","goal":"prepare-agent","cause":null,"state":"SUCCESS"}
12:50:37.310 [INFO]   [Checking]    [maven:out]         [com.diffblue.cover.buildsystem.internal.f.f] deserializing line [DIFFBLUE]{"__type":"com.diffblue.cover.buildsystem.model.DefaultEventMessage","project":"uk.gov.gchq.palisade:common","goal":"resources","cause":null,"state":"STARTED"}
12:50:37.311 [INFO]   [Checking]    [maven:out]         [com.diffblue.cover.buildsystem.config.a.a] out: [INFO] 
12:50:37.311 [INFO]   [Checking]    [maven:out]         [com.diffblue.cover.buildsystem.config.a.a] out: [INFO] --- resources:3.3.1:resources (default-resources) @ common ---
12:50:37.358 [INFO]   [Checking]    [maven:out]         [com.diffblue.cover.buildsystem.config.a.a] out: [INFO] Copying 1 resource from src/main/resources to target/classes
12:50:37.362 [INFO]   [Checking]    [maven:out]         [com.diffblue.cover.buildsystem.internal.f.f] deserializing line [DIFFBLUE]{"__type":"com.diffblue.cover.buildsystem.model.DefaultEventMessage","project":"uk.gov.gchq.palisade:common","goal":"resources","cause":null,"state":"SUCCESS"}
12:50:37.363 [INFO]   [Checking]    [maven:out]         [com.diffblue.cover.buildsystem.internal.f.f] deserializing line [DIFFBLUE]{"__type":"com.diffblue.cover.buildsystem.model.DefaultEventMessage","project":"uk.gov.gchq.palisade:common","goal":"flatten","cause":null,"state":"STARTED"}
12:50:37.364 [INFO]   [Checking]    [maven:out]         [com.diffblue.cover.buildsystem.config.a.a] out: [INFO] 
12:50:37.364 [INFO]   [Checking]    [maven:out]         [com.diffblue.cover.buildsystem.config.a.a] out: [INFO] --- flatten:1.1.0:flatten (flatten) @ common ---
12:50:37.463 [INFO]   [Checking]    [maven:out]         [com.diffblue.cover.buildsystem.config.a.a] out: [INFO] Generating flattened POM of project uk.gov.gchq.palisade:common:jar:0.5.2-SNAPSHOT...
12:50:37.513 [INFO]   [Checking]    [maven:out]         [com.diffblue.cover.buildsystem.internal.f.f] deserializing line [DIFFBLUE]{"__type":"com.diffblue.cover.buildsystem.model.DefaultEventMessage","project":"uk.gov.gchq.palisade:common","goal":"flatten","cause":null,"state":"SUCCESS"}
12:50:37.515 [INFO]   [Checking]    [maven:out]         [com.diffblue.cover.buildsystem.internal.f.f] deserializing line [DIFFBLUE]{"__type":"com.diffblue.cover.buildsystem.model.DefaultEventMessage","project":"uk.gov.gchq.palisade:common","goal":"compile","cause":null,"state":"STARTED"}
12:50:37.516 [INFO]   [Checking]    [maven:out]         [com.diffblue.cover.buildsystem.config.a.a] out: [INFO] 
12:50:37.516 [INFO]   [Checking]    [maven:out]         [com.diffblue.cover.buildsystem.config.a.a] out: [INFO] --- compiler:3.8.0:compile (default-compile) @ common ---
12:50:37.661 [INFO]   [Checking]    [maven:out]         [com.diffblue.cover.buildsystem.config.a.a] out: [INFO] Changes detected - recompiling the module!
12:50:37.664 [INFO]   [Checking]    [maven:out]         [com.diffblue.cover.buildsystem.config.a.a] out: [INFO] Compiling 23 source files to /home/jbergqvist/diffblue/Palisade-common/target/classes
12:50:38.348 [INFO]   [Checking]    [maven:out]         [com.diffblue.cover.buildsystem.internal.f.f] deserializing line [DIFFBLUE]{"__type":"com.diffblue.cover.buildsystem.model.DefaultEventMessage","project":"uk.gov.gchq.palisade:common","goal":"compile","cause":null,"state":"SUCCESS"}
12:50:38.350 [INFO]   [Checking]    [maven:out]         [com.diffblue.cover.buildsystem.internal.f.f] deserializing line [DIFFBLUE]{"__type":"com.diffblue.cover.buildsystem.model.DefaultEventMessage","project":"uk.gov.gchq.palisade:common","goal":"javadoc-no-fork","cause":null,"state":"STARTED"}
12:50:38.351 [INFO]   [Checking]    [maven:out]         [com.diffblue.cover.buildsystem.config.a.a] out: [INFO] 
12:50:38.351 [INFO]   [Checking]    [maven:out]         [com.diffblue.cover.buildsystem.config.a.a] out: [INFO] --- javadoc:3.1.0:javadoc-no-fork (javadoc-compile) @ common ---
12:50:39.972 [INFO]   [Checking]    [maven:out]         [com.diffblue.cover.buildsystem.internal.f.f] deserializing line [DIFFBLUE]{"__type":"com.diffblue.cover.buildsystem.model.DefaultEventMessage","project":"uk.gov.gchq.palisade:common","goal":"javadoc-no-fork","cause":null,"state":"SUCCESS"}
12:50:39.974 [INFO]   [Checking]    [maven:out]         [com.diffblue.cover.buildsystem.internal.f.f] deserializing line [DIFFBLUE]{"__type":"com.diffblue.cover.buildsystem.model.DefaultEventMessage","project":"uk.gov.gchq.palisade:common","goal":"aggregate-no-fork","cause":null,"state":"STARTED"}
12:50:39.975 [INFO]   [Checking]    [maven:out]         [com.diffblue.cover.buildsystem.config.a.a] out: [INFO] 
12:50:39.975 [INFO]   [Checking]    [maven:out]         [com.diffblue.cover.buildsystem.config.a.a] out: [INFO] --- javadoc:3.1.0:aggregate-no-fork (javadoc-compile) @ common ---
12:50:41.380 [INFO]   [Checking]    [maven:out]         [com.diffblue.cover.buildsystem.internal.f.f] deserializing line [DIFFBLUE]{"__type":"com.diffblue.cover.buildsystem.model.DefaultEventMessage","project":"uk.gov.gchq.palisade:common","goal":"aggregate-no-fork","cause":null,"state":"SUCCESS"}
12:50:41.382 [INFO]   [Checking]    [maven:out]         [com.diffblue.cover.buildsystem.internal.f.f] deserializing line [DIFFBLUE]{"__type":"com.diffblue.cover.buildsystem.model.DefaultEventMessage","project":"uk.gov.gchq.palisade:common","goal":"testResources","cause":null,"state":"STARTED"}
12:50:41.383 [INFO]   [Checking]    [maven:out]         [com.diffblue.cover.buildsystem.config.a.a] out: [INFO] 
12:50:41.384 [INFO]   [Checking]    [maven:out]         [com.diffblue.cover.buildsystem.config.a.a] out: [INFO] --- resources:3.3.1:testResources (default-testResources) @ common ---
12:50:41.384 [INFO]   [Checking]    [maven:out]         [com.diffblue.cover.buildsystem.config.a.a] out: [INFO] skip non existing resourceDirectory /home/jbergqvist/diffblue/Palisade-common/src/test/resources
12:50:41.386 [INFO]   [Checking]    [maven:out]         [com.diffblue.cover.buildsystem.internal.f.f] deserializing line [DIFFBLUE]{"__type":"com.diffblue.cover.buildsystem.model.DefaultEventMessage","project":"uk.gov.gchq.palisade:common","goal":"testResources","cause":null,"state":"SUCCESS"}
12:50:41.387 [INFO]   [Checking]    [maven:out]         [com.diffblue.cover.buildsystem.internal.f.f] deserializing line [DIFFBLUE]{"__type":"com.diffblue.cover.buildsystem.model.DefaultEventMessage","project":"uk.gov.gchq.palisade:common","goal":"testCompile","cause":null,"state":"STARTED"}
12:50:41.389 [INFO]   [Checking]    [maven:out]         [com.diffblue.cover.buildsystem.config.a.a] out: [INFO] 
12:50:41.389 [INFO]   [Checking]    [maven:out]         [com.diffblue.cover.buildsystem.config.a.a] out: [INFO] --- compiler:3.8.0:testCompile (default-testCompile) @ common ---
12:50:41.392 [INFO]   [Checking]    [maven:out]         [com.diffblue.cover.buildsystem.config.a.a] out: [INFO] Changes detected - recompiling the module!
12:50:41.393 [INFO]   [Checking]    [maven:out]         [com.diffblue.cover.buildsystem.config.a.a] out: [INFO] Compiling 2 source files to /home/jbergqvist/diffblue/Palisade-common/target/test-classes
12:50:41.462 [INFO]   [Checking]    [maven:out]         [com.diffblue.cover.buildsystem.internal.f.f] deserializing line [DIFFBLUE]{"__type":"com.diffblue.cover.buildsystem.model.DefaultEventMessage","project":"uk.gov.gchq.palisade:common","goal":"testCompile","cause":null,"state":"SUCCESS"}
12:50:41.464 [INFO]   [Checking]    [maven:out]         [com.diffblue.cover.buildsystem.internal.f.f] deserializing line [DIFFBLUE]{"__type":"com.diffblue.cover.buildsystem.model.DefaultEventMessage","project":"uk.gov.gchq.palisade:common","goal":"test","cause":null,"state":"STARTED"}
12:50:41.465 [INFO]   [Checking]    [maven:out]         [com.diffblue.cover.buildsystem.config.a.a] out: [INFO] 
12:50:41.465 [INFO]   [Checking]    [maven:out]         [com.diffblue.cover.buildsystem.config.a.a] out: [INFO] --- surefire:3.2.5:test (default-test) @ common ---
12:50:41.564 [INFO]   [Checking]    [maven:out]         [com.diffblue.cover.buildsystem.config.a.a] out: [INFO] Using auto detected provider org.apache.maven.surefire.junitplatform.JUnitPlatformProvider
12:50:41.590 [INFO]   [Checking]    [maven:out]         [com.diffblue.cover.buildsystem.config.a.a] out: [INFO] 
12:50:41.591 [INFO]   [Checking]    [maven:out]         [com.diffblue.cover.buildsystem.config.a.a] out: [INFO] -------------------------------------------------------
12:50:41.591 [INFO]   [Checking]    [maven:out]         [com.diffblue.cover.buildsystem.config.a.a] out: [INFO]  T E S T S
12:50:41.591 [INFO]   [Checking]    [maven:out]         [com.diffblue.cover.buildsystem.config.a.a] out: [INFO] -------------------------------------------------------
12:50:42.205 [INFO]   [Checking]    [maven:out]         [com.diffblue.cover.buildsystem.config.a.a] out: [INFO] Running DiffblueDummyCoverageJupiterTest
12:50:42.254 [INFO]   [Checking]    [maven:out]         [com.diffblue.cover.buildsystem.config.a.a] out: [INFO] Tests run: 1, Failures: 0, Errors: 0, Skipped: 0, Time elapsed: 0.040 s -- in DiffblueDummyCoverageJupiterTest
12:50:42.290 [INFO]   [Checking]    [maven:out]         [com.diffblue.cover.buildsystem.config.a.a] out: [INFO] 
12:50:42.290 [INFO]   [Checking]    [maven:out]         [com.diffblue.cover.buildsystem.config.a.a] out: [INFO] Results:
12:50:42.290 [INFO]   [Checking]    [maven:out]         [com.diffblue.cover.buildsystem.config.a.a] out: [INFO] 
12:50:42.290 [INFO]   [Checking]    [maven:out]         [com.diffblue.cover.buildsystem.config.a.a] out: [INFO] Tests run: 1, Failures: 0, Errors: 0, Skipped: 0
12:50:42.290 [INFO]   [Checking]    [maven:out]         [com.diffblue.cover.buildsystem.config.a.a] out: [INFO] 
12:50:42.293 [INFO]   [Checking]    [maven:out]         [com.diffblue.cover.buildsystem.internal.f.f] deserializing line [DIFFBLUE]{"__type":"com.diffblue.cover.buildsystem.model.DefaultEventMessage","project":"uk.gov.gchq.palisade:common","goal":"test","cause":null,"state":"SUCCESS"}
12:50:42.294 [INFO]   [Checking]    [maven:out]         [com.diffblue.cover.buildsystem.internal.f.f] deserializing line [DIFFBLUE]{"__type":"com.diffblue.cover.buildsystem.model.DefaultEventMessage","project":"uk.gov.gchq.palisade:common","goal":"report","cause":null,"state":"STARTED"}
12:50:42.295 [INFO]   [Checking]    [maven:out]         [com.diffblue.cover.buildsystem.config.a.a] out: [INFO] 
12:50:42.295 [INFO]   [Checking]    [maven:out]         [com.diffblue.cover.buildsystem.config.a.a] out: [INFO] --- jacoco:0.8.5:report (default-cli) @ common ---
12:50:42.332 [INFO]   [Checking]    [maven:out]         [com.diffblue.cover.buildsystem.config.a.a] out: [INFO] Loading execution data file /home/jbergqvist/diffblue/Palisade-common/target/jacoco.exec
12:50:42.390 [INFO]   [Checking]    [maven:out]         [com.diffblue.cover.buildsystem.config.a.a] out: [INFO] Analyzed bundle 'GCHQ Palisade Common Library' with 26 classes
12:50:42.438 [INFO]   [Checking]    [maven:out]         [com.diffblue.cover.buildsystem.internal.f.f] deserializing line [DIFFBLUE]{"__type":"com.diffblue.cover.buildsystem.model.DefaultEventMessage","project":"uk.gov.gchq.palisade:common","goal":"report","cause":null,"state":"SUCCESS"}
12:50:42.459 [INFO]   [Checking]    [maven:out]         [com.diffblue.cover.buildsystem.internal.f.f] deserializing line [DIFFBLUE]{"__type":"com.diffblue.cover.buildsystem.model.DefaultProjectModuleMessage","project":{"__type":"DefaultProjectModule","junitReport":["/home/jbergqvist/diffblue/Palisade-common/target/surefire-reports"],"jacocoReport":["/home/jbergqvist/diffblue/Palisade-common/target/site/jacoco/jacoco.xml"],"jacocoDestFile":["${sonar.jacoco.reportPath}","/home/jbergqvist/diffblue/Palisade-common/target/jacoco.exec"],"jacocoFormats":["xml"],"jacocoSkipped":false,"classpath":["/home/jbergqvist/diffblue/Palisade-common/target/classes","/home/jbergqvist/.m2/repository/com/typesafe/akka/akka-stream_2.13/2.6.10/akka-stream_2.13-2.6.10.jar","/home/jbergqvist/.m2/repository/org/scala-lang/scala-library/2.13.3/scala-library-2.13.3.jar","/home/jbergqvist/.m2/repository/com/typesafe/akka/akka-actor_2.13/2.6.10/akka-actor_2.13-2.6.10.jar","/home/jbergqvist/.m2/repository/com/typesafe/config/1.4.0/config-1.4.0.jar","/home/jbergqvist/.m2/repository/org/scala-lang/modules/scala-java8-compat_2.13/0.9.0/scala-java8-compat_2.13-0.9.0.jar","/home/jbergqvist/.m2/repository/com/typesafe/akka/akka-protobuf-v3_2.13/2.6.10/akka-protobuf-v3_2.13-2.6.10.jar","/home/jbergqvist/.m2/repository/org/reactivestreams/reactive-streams/1.0.3/reactive-streams-1.0.3.jar","/home/jbergqvist/.m2/repository/com/typesafe/ssl-config-core_2.13/0.4.2/ssl-config-core_2.13-0.4.2.jar","/home/jbergqvist/.m2/repository/org/scala-lang/modules/scala-parser-combinators_2.13/1.1.2/scala-parser-combinators_2.13-1.1.2.jar","/home/jbergqvist/.m2/repository/org/junit/jupiter/junit-jupiter-engine/5.13.4/junit-jupiter-engine-5.13.4.jar","/home/jbergqvist/.m2/repository/org/junit/platform/junit-platform-engine/1.13.4/junit-platform-engine-1.13.4.jar","/home/jbergqvist/.m2/repository/org/opentest4j/opentest4j/1.3.0/opentest4j-1.3.0.jar","/home/jbergqvist/.m2/repository/org/junit/platform/junit-platform-commons/1.13.4/junit-platform-commons-1.13.4.jar","/home/jbergqvist/.m2/repository/org/junit/jupiter/junit-jupiter-api/5.13.4/junit-jupiter-api-5.13.4.jar","/home/jbergqvist/.m2/repository/org/apiguardian/apiguardian-api/1.1.2/apiguardian-api-1.1.2.jar","/home/jbergqvist/.m2/repository/org/mockito/mockito-core/5.20.0/mockito-core-5.20.0.jar","/home/jbergqvist/.m2/repository/net/bytebuddy/byte-buddy/1.17.7/byte-buddy-1.17.7.jar","/home/jbergqvist/.m2/repository/net/bytebuddy/byte-buddy-agent/1.17.7/byte-buddy-agent-1.17.7.jar","/home/jbergqvist/.m2/repository/org/objenesis/objenesis/3.3/objenesis-3.3.jar","/home/jbergqvist/.m2/repository/org/mockito/mockito-junit-jupiter/5.20.0/mockito-junit-jupiter-5.20.0.jar","/home/jbergqvist/.m2/repository/com/fasterxml/jackson/core/jackson-databind/2.11.0/jackson-databind-2.11.0.jar","/home/jbergqvist/.m2/repository/com/fasterxml/jackson/core/jackson-annotations/2.11.0/jackson-annotations-2.11.0.jar","/home/jbergqvist/.m2/repository/com/fasterxml/jackson/core/jackson-core/2.11.0/jackson-core-2.11.0.jar","/home/jbergqvist/.m2/repository/org/slf4j/slf4j-api/1.7.25/slf4j-api-1.7.25.jar","/home/jbergqvist/.m2/repository/com/diffblue/cover/cover-annotations/1.8.0/cover-annotations-1.8.0.jar"],"complianceLevel":"11","productionSources":["/home/jbergqvist/diffblue/Palisade-common/src/main/java"],"testSources":["/home/jbergqvist/diffblue/Palisade-common/src/test/java"],"productionClasses":"/home/jbergqvist/diffblue/Palisade-common/target/classes","testClasses":"/home/jbergqvist/diffblue/Palisade-common/target/test-classes","sourceToBuildPathMap":null,"testSourceToBuildPathMap":null,"buildDirectory":"/home/jbergqvist/diffblue/Palisade-common/target","plugins":[{"__type":"DefaultPlugin","groupId":"org.apache.maven.plugins","artefactId":"maven-compiler-plugin","version":"3.8.0","pluginClassName":null},{"__type":"DefaultPlugin","groupId":"org.apache.maven.plugins","artefactId":"maven-javadoc-plugin","version":"3.1.0","pluginClassName":null},{"__type":"DefaultPlugin","groupId":"org.apache.maven.plugins","artefactId":"maven-dependency-plugin","version":"3.1.2","pluginClassName":null},{"__type":"DefaultPlugin","groupId":"org.codehaus.mojo","artefactId":"flatten-maven-plugin","version":"1.1.0","pluginClassName":null},{"__type":"DefaultPlugin","groupId":"org.codehaus.mojo","artefactId":"license-maven-plugin","version":"2.0.0","pluginClassName":null},{"__type":"DefaultPlugin","groupId":"org.jacoco","artefactId":"jacoco-maven-plugin","version":"0.8.5","pluginClassName":null},{"__type":"DefaultPlugin","groupId":"org.apache.maven.plugins","artefactId":"maven-checkstyle-plugin","version":"3.1.0","pluginClassName":null},{"__type":"DefaultPlugin","groupId":"org.apache.maven.plugins","artefactId":"maven-clean-plugin","version":"3.2.0","pluginClassName":null},{"__type":"DefaultPlugin","groupId":"org.apache.maven.plugins","artefactId":"maven-resources-plugin","version":"3.3.1","pluginClassName":null},{"__type":"DefaultPlugin","groupId":"org.apache.maven.plugins","artefactId":"maven-jar-plugin","version":"3.4.1","pluginClassName":null},{"__type":"DefaultPlugin","groupId":"org.apache.maven.plugins","artefactId":"maven-surefire-plugin","version":"3.2.5","pluginClassName":null},{"__type":"DefaultPlugin","groupId":"org.apache.maven.plugins","artefactId":"maven-install-plugin","version":"3.1.2","pluginClassName":null},{"__type":"DefaultPlugin","groupId":"org.apache.maven.plugins","artefactId":"maven-deploy-plugin","version":"3.1.2","pluginClassName":null},{"__type":"DefaultPlugin","groupId":"org.apache.maven.plugins","artefactId":"maven-site-plugin","version":"3.12.1","pluginClassName":null}],"version":"3.9.12","encoding":"UTF-8","name":"maven","subModules":[],"simpleModuleName":null,"parentModuleName":null,"location":"/home/jbergqvist/diffblue/Palisade-common","fullModuleName":"uk.gov.gchq.palisade:common"}}
12:50:42.463 [INFO]   [Checking]    [maven:out]         [com.diffblue.cover.buildsystem.config.a.a] out: [INFO] ------------------------------------------------------------------------
12:50:42.463 [INFO]   [Checking]    [maven:out]         [com.diffblue.cover.buildsystem.config.a.a] out: [INFO] BUILD SUCCESS
12:50:42.463 [INFO]   [Checking]    [maven:out]         [com.diffblue.cover.buildsystem.config.a.a] out: [INFO] ------------------------------------------------------------------------
12:50:42.463 [INFO]   [Checking]    [maven:out]         [com.diffblue.cover.buildsystem.config.a.a] out: [INFO] Total time:  5.796 s
12:50:42.463 [INFO]   [Checking]    [maven:out]         [com.diffblue.cover.buildsystem.config.a.a] out: [INFO] Finished at: 2026-01-12T12:50:42Z
12:50:42.463 [INFO]   [Checking]    [maven:out]         [com.diffblue.cover.buildsystem.config.a.a] out: [INFO] ------------------------------------------------------------------------
12:50:42.463 [INFO]   [Checking]    [maven:out]         [com.diffblue.cover.buildsystem.internal.f.f] deserializing line [DIFFBLUE]{"__type":"com.diffblue.cover.buildsystem.model.ProjectInfoMessage","projectName":"uk.gov.gchq.palisade:common","productionSources":["/home/jbergqvist/diffblue/Palisade-common/src/main/java","/home/jbergqvist/diffblue/Palisade-common/target/generated-sources/annotations"],"testSources":["/home/jbergqvist/diffblue/Palisade-common/src/test/java","/home/jbergqvist/diffblue/Palisade-common/target/generated-test-sources/test-annotations"],"location":"/home/jbergqvist/diffblue/Palisade-common"}
12:50:42.496 [INFO]   [Checking]    [main]              [com.diffblue.cover.buildsystem.internal.f.d] maven:err process not stopped, joining thread
12:50:42.497 [INFO]   [Checking]    [main]              [com.diffblue.cover.buildsystem.internal.f.d] maven:out process not stopped, joining thread
12:50:42.497 [DEBUG]  [Checking]    [main]              [com.diffblue.cover.buildsystem.config.a.a] Executor spent 6s on command "/home/jbergqvist/.sdkman/candidates/maven/current/bin/mvn -Dmaven.ext.class.path=/opt/cover/cover-buildsystem-maven-spy-jar-with-dependencies.jar -Dcom.diffblue.cover.skipTests=true -DskipTestOptimizer --batch-mode --projects=uk.gov.gchq.palisade:common --global-settings=/home/jbergqvist/.sdkman/candidates/maven/current/conf/settings.xml -Dcheckstyle.skip=true org.jacoco:jacoco-maven-plugin:0.8.5:prepare-agent -Djacoco.skip=false test -DfailIfNoTests=false -Dsurefire.failIfNoSpecifiedTests=false -Dmaven.test.failure.ignore=True -Dtest=!*DiffblueTest,**/DiffblueDummy* org.jacoco:jacoco-maven-plugin:0.8.5:report -Djacoco.skip=false"
12:50:42.529 [DEBUG]  [Checking]    [main]              [com.diffblue.cover.configuration.e] Purging written files... [/home/jbergqvist/diffblue/Palisade-common/src/main/java/DiffblueDummyCoverageClass.java, /home/jbergqvist/diffblue/Palisade-common/src/test/java/DiffblueDummyCoverageJupiterDiffblueTest.java, /home/jbergqvist/diffblue/Palisade-common/src/test/java/DiffblueDummyCoverageJupiterTest.java]
12:50:42.530 [DEBUG]  [Checking]    [main]              [com.diffblue.cover.configuration.e] Attempting to find class files '[DiffblueDummyCoverageClass.class, DiffblueDummyCoverageJupiterDiffblueTest.class, DiffblueDummyCoverageJupiterTest.class]' in '/home/jbergqvist/diffblue/Palisade-common/target/classes'
12:50:42.530 [DEBUG]  [Checking]    [main]              [com.diffblue.cover.configuration.e] Found /home/jbergqvist/diffblue/Palisade-common/target/classes/DiffblueDummyCoverageClass.class, scheduling deletion
12:50:42.530 [DEBUG]  [Checking]    [main]              [com.diffblue.cover.configuration.e] Attempting to find class files '[DiffblueDummyCoverageClass.class, DiffblueDummyCoverageJupiterDiffblueTest.class, DiffblueDummyCoverageJupiterTest.class]' in '/home/jbergqvist/diffblue/Palisade-common/target/test-classes'
12:50:42.530 [DEBUG]  [Checking]    [main]              [com.diffblue.cover.configuration.e] Found /home/jbergqvist/diffblue/Palisade-common/target/test-classes/DiffblueDummyCoverageJupiterTest.class, scheduling deletion
12:50:42.530 [DEBUG]  [Checking]    [main]              [com.diffblue.cover.configuration.e] Found /home/jbergqvist/diffblue/Palisade-common/target/test-classes/DiffblueDummyCoverageJupiterDiffblueTest.class, scheduling deletion
12:50:42.531 [DEBUG]  [Checking]    [main]              [com.diffblue.cover.configuration.a.e] DetectorCache miss JaCoCo execution
12:50:42.531 [DEBUG]  [Checking]    [main]              [com.diffblue.cover.configuration.cache.a] Writing cache to /home/jbergqvist/diffblue/Palisade-common/.diffblue/cache/env.json containing 12 items
12:50:42.535 [DEBUG]  [Checking]    [main]              [com.diffblue.cover.commons.l.d] Processing rule com.diffblue.cover.configuration.a.u took 13151ms
12:50:42.556 [DEBUG]  [Checking]    [main]              [com.diffblue.cover.commons.dependency.a.b] Detected Cover Annotations version 1.8.0 (via jar:file:/home/jbergqvist/.m2/repository/com/diffblue/cover/cover-annotations/1.8.0/cover-annotations-1.8.0.jar!/META-INF/maven/com.diffblue.cover/cover-annotations/pom.properties)
12:50:42.557 [INFO]   [Checking]    [main]              [com.diffblue.cover.ui.controller.r] Detected Cover Annotations version 1.8.0
12:50:42.631 [DEBUG]  [Checking]    [main]              [com.diffblue.cover.commons.configuration.e] Property cover.llm.complete has not been set, and no default value provided
12:50:42.632 [DEBUG]  [Checking]    [main]              [com.diffblue.cover.commons.configuration.e] Property cover.llm.objects has not been set, and no default value provided
12:50:42.632 [DEBUG]  [Checking]    [main]              [com.diffblue.cover.commons.configuration.e] Property cover.llm.strings has not been set, and no default value provided
12:50:42.632 [DEBUG]  [Checking]    [main]              [com.diffblue.cover.commons.configuration.e] Property cover.llm.postprocessing has not been set, and no default value provided
12:50:42.634 [DEBUG]  [Checking]    [main]              [com.diffblue.cover.commons.configuration.e] Property cover.reports.upload.url has not been set, and no default value provided
12:50:42.638 [INFO]   [Checking]    [main]              [com.diffblue.cover.ui.controller.r] Selected Java language compliance level: 11
12:50:42.639 [INFO]   [Checking]    [main]              [com.diffblue.cover.ui.controller.r] Selected test validation: enabled
12:50:42.666 [DEBUG]  [Checking]    [main]              [com.diffblue.cover.commons.configuration.e] Property cover.experimental.sandbox has not been set, using default value false
12:50:43.012 [INFO]   [Checking]    [main]              [com.diffblue.cover.ui.controller.r] Prefixes for filtering classes/methods:
12:50:43.018 [INFO]   [Checking]    [main]              [com.diffblue.cover.ui.controller.r] - uk.gov.gchq.palisade
12:50:43.019 [INFO]   [Checking]    [main]              [com.diffblue.cover.ui.controller.r] - uk.gov.gchq.palisade.data.serialise
12:50:43.020 [INFO]   [Checking]    [main]              [com.diffblue.cover.ui.controller.r] - uk.gov.gchq.palisade.resource
12:50:43.021 [INFO]   [Checking]    [main]              [com.diffblue.cover.ui.controller.r] - uk.gov.gchq.palisade.resource.impl
12:50:43.022 [INFO]   [Checking]    [main]              [com.diffblue.cover.ui.controller.r] - uk.gov.gchq.palisade.rule
12:50:43.023 [INFO]   [Checking]    [main]              [com.diffblue.cover.ui.controller.r] - uk.gov.gchq.palisade.user
12:50:43.024 [INFO]   [Checking]    [main]              [com.diffblue.cover.ui.controller.r] - uk.gov.gchq.palisade.util
12:50:43.025 [INFO]   [Checking]    [main]              [com.diffblue.cover.ui.controller.r] Gathering methods to test...
12:50:43.730 [DEBUG]  [Checking]    [main]              [com.diffblue.cover.commons.l.d] Processing rule com.diffblue.cover.ui.configuration.CliEntryPointsSelector took 1090ms
12:50:43.734 [DEBUG]  [Checking]    [main]              [com.diffblue.cover.commons.l.d] Inference engine finished in 27519ms
12:50:43.760 [INFO]   [Reporting]   [main]              [com.diffblue.cover.ui.e] 
12:50:43.760 [INFO]   [Reporting]   [main]              [com.diffblue.cover.ui.e] Environment summary for module: uk.gov.gchq.palisade:common
12:50:43.760 [INFO]   [Reporting]   [main]              [com.diffblue.cover.ui.e] -----------------------------------------------------------
12:50:43.761 [INFO]   [Reporting]   [main]              [com.diffblue.cover.ui.e] Java version                   11.0.29                       SUCCESS        
12:50:43.761 [INFO]   [Reporting]   [main]              [com.diffblue.cover.ui.e] Build system                   Maven                         SUCCESS        
12:50:43.761 [INFO]   [Reporting]   [main]              [com.diffblue.cover.ui.e] Mocking Framework              Mockito Core 5.20.0           SUCCESS        
12:50:43.761 [INFO]   [Reporting]   [main]              [com.diffblue.cover.ui.e] Surefire version               3.2.5                         SUCCESS        
12:50:43.761 [INFO]   [Reporting]   [main]              [com.diffblue.cover.ui.e] Testing framework              JUnit Jupiter                 SUCCESS        
12:50:43.761 [INFO]   [Reporting]   [main]              [com.diffblue.cover.ui.e] Mockito JUnit Jupiter version  5.20.0                        SUCCESS        
12:50:43.761 [INFO]   [Reporting]   [main]              [com.diffblue.cover.ui.e] JavaEE version                 Skipped                       -----          
12:50:43.761 [INFO]   [Reporting]   [main]              [com.diffblue.cover.ui.e] OSGi Annotations               Not Detected                  -----          
12:50:43.761 [INFO]   [Reporting]   [main]              [com.diffblue.cover.ui.e] Javax WS RS API                Not Detected                  -----          
12:50:43.761 [INFO]   [Reporting]   [main]              [com.diffblue.cover.ui.e] Jakarta RESTful WS API         Not Detected                  -----          
12:50:43.761 [INFO]   [Reporting]   [main]              [com.diffblue.cover.ui.e] Jersey Server                  Not Detected                  -----          
12:50:43.761 [INFO]   [Reporting]   [main]              [com.diffblue.cover.ui.e] Jersey Test Framework          Not Detected                  -----          
12:50:43.761 [INFO]   [Reporting]   [main]              [com.diffblue.cover.ui.e] Jersey Test Provider InMemory  Not Detected                  -----          
12:50:43.761 [INFO]   [Reporting]   [main]              [com.diffblue.cover.ui.e] Guice Framework                Not Detected                  -----          
12:50:43.761 [INFO]   [Reporting]   [main]              [com.diffblue.cover.ui.e] JaCoCo plugin version          0.8.5                         SUCCESS        
12:50:43.761 [INFO]   [Reporting]   [main]              [com.diffblue.cover.ui.e] Launcher                       JUnit Jupiter                 SUCCESS        
12:50:43.761 [INFO]   [Reporting]   [main]              [com.diffblue.cover.ui.e] Quarkus                        Not Detected                  -----          
12:50:43.761 [INFO]   [Reporting]   [main]              [com.diffblue.cover.ui.e] Test validation                Enabled                       SUCCESS        
12:50:43.761 [INFO]   [Reporting]   [main]              [com.diffblue.cover.ui.e] Hamcrest                       Not Detected                  -----          
12:50:43.761 [INFO]   [Reporting]   [main]              [com.diffblue.cover.ui.e] Spring Core                    Not Detected                  -----          
12:50:43.761 [INFO]   [Reporting]   [main]              [com.diffblue.cover.ui.e] Spring Boot                    Skipped                       -----          
12:50:43.761 [INFO]   [Reporting]   [main]              [com.diffblue.cover.ui.e] Spring Boot Starter Webflux    Skipped                       -----          
12:50:43.761 [INFO]   [Reporting]   [main]              [com.diffblue.cover.ui.e] Spring Boot Test Autoconfigure Skipped                       -----          
12:50:43.761 [INFO]   [Reporting]   [main]              [com.diffblue.cover.ui.e] Spring Boot Test               Skipped                       -----          
12:50:43.761 [INFO]   [Reporting]   [main]              [com.diffblue.cover.ui.e] Spring Web                     Skipped                       -----          
12:50:43.761 [INFO]   [Reporting]   [main]              [com.diffblue.cover.ui.e] Spring Security Web            Skipped                       -----          
12:50:43.761 [INFO]   [Reporting]   [main]              [com.diffblue.cover.ui.e] Spring Test                    Skipped                       -----          
12:50:43.761 [INFO]   [Reporting]   [main]              [com.diffblue.cover.ui.e] 
12:50:43.761 [INFO]   [Reporting]   [main]              [com.diffblue.cover.ui.e] Environment check status: SUCCESS
12:50:43.891 [DEBUG]  [Creating]    [pool-3-thread-1]   [com.diffblue.cover.m.a.e] Configuration:
Module: 
Configuration: 
 features=[COVERAGE_REPORTS, TESTING_FRAMEWORK_JUNIT_JUPITER5, MOCKING, MOCKITO_SESSION, MOCKITO_DI, INLINE_MOCK_MAKER, INCLUDE_SYSTEM_ENVIRONMENT_VARIABLES, INLINING, INLINE_ACT_INTO_ASSERT, INLINE_ARRANGE_INTO_ACT_ASSERT, INLINE_CHAINED_MEMBER_ACCESSES, INLINE_CONSTRUCTORS, INLINE_IMMEDIATE_VALUES, JOIN_SIMPLE_TESTS, SHOW_SECTION_COMMENTS, NEW_DIFFBLUE_COVERAGE_ONLY, REPORT, SANDBOXING, DESCRIPTIVE_TEST_NAMES, SPRING_TESTS_ENABLED, SPRING_BOOT_TESTS_ENABLED, VALIDATION, ANALYZER_SERVICE, VERIFICATION, HAS_METHOD_GROUP_ANNOTATION, TAG_WITH_CONTRIBUTION_FROM_DIFFBLUE, TAG_WITH_MANAGED_BY_DIFFBLUE]
 analyzerServiceIdleTimeout=PT2M
 coverReportsBaseUrl=Optional.empty
 environmentVariables={}
 complianceLevel=11
 fuzzingIterations=1000
 jacocoCommandDiffblue=Optional.empty
 jacocoCommandManual=Optional.empty
 jacocoXmlTestReport=Optional.empty
 jacocoXmlTestReportDiffblue=/home/jbergqvist/diffblue/Palisade-common/.diffblue/reports/diffblue-tests-jacoco-report.xml
 jacocoXmlTestReportManual=/home/jbergqvist/diffblue/Palisade-common/.diffblue/reports/manual-tests-jacoco-report.xml
 sandboxAllowedJavaNativeInterfacePrefixes=[]
 mockingFramework=MOCKITO_5_0_0
 mockClasses=[]
 mockStaticClasses=[]
 workingDirectory=/home/jbergqvist/diffblue/Palisade-common
 classpath=Classpath(27 full entries, 1 code under test entries, 1 test build entries)
 warningsToSuppress=[]
 perMethodTimeouts=Timeouts{softTimeout=PT20S, initialExecutionTimeout=PT20S, hardTimeout=PT1M, springStartupTimeout=PT4M}
 reportFile=/home/jbergqvist/diffblue/Palisade-common/.diffblue/reports/report.json
 activeProfiles=[]
 classScheme=${CLASS}DiffblueTest
 diffblueClassScheme=${CLASS}DiffblueTest
 methodScheme=test${INNER}${UNIT}${_}${GIVEN}${_}${WHEN}${_}${THEN}
 springConfigurationClasses=[]
 testOutputDirectory=/home/jbergqvist/diffblue/Palisade-common/src/test/java
 validationCommand=Optional.empty
 validationTimeout=PT30M
 jacocoVersion=0.8.5
 observerMethodSpecification=MethodSpecification[excludedPrefixes=[]]
 excludeMethodSpecification=MethodSpecification[excludedPrefixes=[]]
 analyzerServiceRestartFrequency=50
 jerseyFramework=null
 launcher=/home/jbergqvist/.m2/repository/org/junit/platform/junit-platform-launcher/1.13.4/junit-platform-launcher-1.13.4.jar
 maxCountOfAssertionsPerTest=2147483647
 remoteAi=RemoteAiConfig{complete=null, objects=null, strings=null, postprocessing='true'}

12:50:43.894 [INFO]   [Creating]    [pool-3-thread-1]   [com.diffblue.cover.ui.b.b] Found 129 callable methods in 25 classes
12:50:43.896 [INFO]   [Creating]    [pool-3-thread-1]   [com.diffblue.cover.m.a.b] 
12:50:43.896 [INFO]   [Creating]    [pool-3-thread-1]   [com.diffblue.cover.m.a.b] Creating tests:
12:50:43.896 [INFO]   [Creating]    [pool-3-thread-1]   [com.diffblue.cover.m.a.b] ---------------
12:50:43.900 [INFO]   [Creating]    [pool-3-thread-1]   [com.diffblue.cover.m.a.b] 
================================================================================
= Starting analysis for class 'uk.gov.gchq.palisade.Context'
================================================================================
12:50:43.901 [INFO]   [Creating]    [pool-3-thread-1]   [com.diffblue.cover.m.a.b] Filtering out non-testable methods...
12:50:44.399 [INFO]   [Creating]    [pool-3-thread-1]   [com.diffblue.cover.ui.b.b]       [1/129] uk.gov.gchq.palisade.Context.contents
12:50:44.399 [INFO]   [Creating]    [pool-3-thread-1]   [com.diffblue.cover.ui.b.b]       [1/129]   T024: Generated method
12:50:44.399 [DEBUG]  [Creating]    [pool-3-thread-1]   [com.diffblue.cover.ui.b.b]       [1/129]   (at least 2 lines uncovered in this method)
12:50:44.399 [INFO]   [Creating]    [pool-3-thread-1]   [com.diffblue.cover.ui.b.b]       [1/129]     Indicates that the method is generated by some framework or tool and should not
12:50:44.399 [INFO]   [Creating]    [pool-3-thread-1]   [com.diffblue.cover.ui.b.b]       [1/129]     be tested explicitly. The expectation is that the generator itself should be
12:50:44.399 [INFO]   [Creating]    [pool-3-thread-1]   [com.diffblue.cover.ui.b.b]       [1/129]     tested and not each piece of code it produces.
12:50:44.399 [INFO]   [Creating]    [pool-3-thread-1]   [com.diffblue.cover.ui.b.b]       [1/129]     Currently, this includes methods identified generated by Lombok, Protobuf,
12:50:44.399 [INFO]   [Creating]    [pool-3-thread-1]   [com.diffblue.cover.ui.b.b]       [1/129]     Grpc, Hibernate, or annotated with a custom '@Generated' annotation
12:50:44.399 [INFO]   [Creating]    [pool-3-thread-1]   [com.diffblue.cover.ui.b.b]       [1/129]     (as long as the custom annotation has 'RUNTIME' or 'CLASS' retention).
12:50:44.399 [INFO]   [Creating]    [pool-3-thread-1]   [com.diffblue.cover.ui.b.b]       [1/129]     Diffblue Cover considers these methods as not directly callable.
12:50:44.405 [INFO]   [Creating]    [pool-3-thread-1]   [com.diffblue.cover.ui.b.b]       [2/129] uk.gov.gchq.palisade.Context.equals
12:50:44.405 [INFO]   [Creating]    [pool-3-thread-1]   [com.diffblue.cover.ui.b.b]       [2/129]   T024: Generated method
12:50:44.405 [DEBUG]  [Creating]    [pool-3-thread-1]   [com.diffblue.cover.ui.b.b]       [2/129]   (at least 6 lines uncovered in this method)
12:50:44.405 [INFO]   [Creating]    [pool-3-thread-1]   [com.diffblue.cover.ui.b.b]       [2/129]     Indicates that the method is generated by some framework or tool and should not
12:50:44.405 [INFO]   [Creating]    [pool-3-thread-1]   [com.diffblue.cover.ui.b.b]       [2/129]     be tested explicitly. The expectation is that the generator itself should be
12:50:44.405 [INFO]   [Creating]    [pool-3-thread-1]   [com.diffblue.cover.ui.b.b]       [2/129]     tested and not each piece of code it produces.
12:50:44.405 [INFO]   [Creating]    [pool-3-thread-1]   [com.diffblue.cover.ui.b.b]       [2/129]     Currently, this includes methods identified generated by Lombok, Protobuf,
12:50:44.405 [INFO]   [Creating]    [pool-3-thread-1]   [com.diffblue.cover.ui.b.b]       [2/129]     Grpc, Hibernate, or annotated with a custom '@Generated' annotation
12:50:44.405 [INFO]   [Creating]    [pool-3-thread-1]   [com.diffblue.cover.ui.b.b]       [2/129]     (as long as the custom annotation has 'RUNTIME' or 'CLASS' retention).
12:50:44.405 [INFO]   [Creating]    [pool-3-thread-1]   [com.diffblue.cover.ui.b.b]       [2/129]     Diffblue Cover considers these methods as not directly callable.
12:50:44.412 [INFO]   [Creating]    [pool-3-thread-1]   [com.diffblue.cover.ui.b.b]       [3/129] uk.gov.gchq.palisade.Context.get
12:50:44.412 [INFO]   [Creating]    [pool-3-thread-1]   [com.diffblue.cover.ui.b.b]       [3/129]   T024: Generated method
12:50:44.412 [DEBUG]  [Creating]    [pool-3-thread-1]   [com.diffblue.cover.ui.b.b]       [3/129]   (at least 1 line uncovered in this method)
12:50:44.412 [INFO]   [Creating]    [pool-3-thread-1]   [com.diffblue.cover.ui.b.b]       [3/129]     Indicates that the method is generated by some framework or tool and should not
12:50:44.412 [INFO]   [Creating]    [pool-3-thread-1]   [com.diffblue.cover.ui.b.b]       [3/129]     be tested explicitly. The expectation is that the generator itself should be
12:50:44.412 [INFO]   [Creating]    [pool-3-thread-1]   [com.diffblue.cover.ui.b.b]       [3/129]     tested and not each piece of code it produces.
12:50:44.412 [INFO]   [Creating]    [pool-3-thread-1]   [com.diffblue.cover.ui.b.b]       [3/129]     Currently, this includes methods identified generated by Lombok, Protobuf,
12:50:44.412 [INFO]   [Creating]    [pool-3-thread-1]   [com.diffblue.cover.ui.b.b]       [3/129]     Grpc, Hibernate, or annotated with a custom '@Generated' annotation
12:50:44.412 [INFO]   [Creating]    [pool-3-thread-1]   [com.diffblue.cover.ui.b.b]       [3/129]     (as long as the custom annotation has 'RUNTIME' or 'CLASS' retention).
12:50:44.412 [INFO]   [Creating]    [pool-3-thread-1]   [com.diffblue.cover.ui.b.b]       [3/129]     Diffblue Cover considers these methods as not directly callable.
12:50:44.417 [INFO]   [Creating]    [pool-3-thread-1]   [com.diffblue.cover.ui.b.b]       [4/129] uk.gov.gchq.palisade.Context.getContents
12:50:44.417 [INFO]   [Creating]    [pool-3-thread-1]   [com.diffblue.cover.ui.b.b]       [4/129]   T024: Generated method
12:50:44.417 [DEBUG]  [Creating]    [pool-3-thread-1]   [com.diffblue.cover.ui.b.b]       [4/129]   (at least 1 line uncovered in this method)
12:50:44.417 [INFO]   [Creating]    [pool-3-thread-1]   [com.diffblue.cover.ui.b.b]       [4/129]     Indicates that the method is generated by some framework or tool and should not
12:50:44.417 [INFO]   [Creating]    [pool-3-thread-1]   [com.diffblue.cover.ui.b.b]       [4/129]     be tested explicitly. The expectation is that the generator itself should be
12:50:44.417 [INFO]   [Creating]    [pool-3-thread-1]   [com.diffblue.cover.ui.b.b]       [4/129]     tested and not each piece of code it produces.
12:50:44.417 [INFO]   [Creating]    [pool-3-thread-1]   [com.diffblue.cover.ui.b.b]       [4/129]     Currently, this includes methods identified generated by Lombok, Protobuf,
12:50:44.417 [INFO]   [Creating]    [pool-3-thread-1]   [com.diffblue.cover.ui.b.b]       [4/129]     Grpc, Hibernate, or annotated with a custom '@Generated' annotation
12:50:44.417 [INFO]   [Creating]    [pool-3-thread-1]   [com.diffblue.cover.ui.b.b]       [4/129]     (as long as the custom annotation has 'RUNTIME' or 'CLASS' retention).
12:50:44.417 [INFO]   [Creating]    [pool-3-thread-1]   [com.diffblue.cover.ui.b.b]       [4/129]     Diffblue Cover considers these methods as not directly callable.
12:50:44.425 [INFO]   [Creating]    [pool-3-thread-1]   [com.diffblue.cover.ui.b.b]       [5/129] uk.gov.gchq.palisade.Context.getContentsCopy
12:50:44.425 [INFO]   [Creating]    [pool-3-thread-1]   [com.diffblue.cover.ui.b.b]       [5/129]   T024: Generated method
12:50:44.425 [DEBUG]  [Creating]    [pool-3-thread-1]   [com.diffblue.cover.ui.b.b]       [5/129]   (at least 1 line uncovered in this method)
12:50:44.425 [INFO]   [Creating]    [pool-3-thread-1]   [com.diffblue.cover.ui.b.b]       [5/129]     Indicates that the method is generated by some framework or tool and should not
12:50:44.425 [INFO]   [Creating]    [pool-3-thread-1]   [com.diffblue.cover.ui.b.b]       [5/129]     be tested explicitly. The expectation is that the generator itself should be
12:50:44.425 [INFO]   [Creating]    [pool-3-thread-1]   [com.diffblue.cover.ui.b.b]       [5/129]     tested and not each piece of code it produces.
12:50:44.425 [INFO]   [Creating]    [pool-3-thread-1]   [com.diffblue.cover.ui.b.b]       [5/129]     Currently, this includes methods identified generated by Lombok, Protobuf,
12:50:44.425 [INFO]   [Creating]    [pool-3-thread-1]   [com.diffblue.cover.ui.b.b]       [5/129]     Grpc, Hibernate, or annotated with a custom '@Generated' annotation
12:50:44.425 [INFO]   [Creating]    [pool-3-thread-1]   [com.diffblue.cover.ui.b.b]       [5/129]     (as long as the custom annotation has 'RUNTIME' or 'CLASS' retention).
12:50:44.425 [INFO]   [Creating]    [pool-3-thread-1]   [com.diffblue.cover.ui.b.b]       [5/129]     Diffblue Cover considers these methods as not directly callable.
12:50:44.433 [INFO]   [Creating]    [pool-3-thread-1]   [com.diffblue.cover.ui.b.b]       [6/129] uk.gov.gchq.palisade.Context.hashCode
12:50:44.433 [INFO]   [Creating]    [pool-3-thread-1]   [com.diffblue.cover.ui.b.b]       [6/129]   T024: Generated method
12:50:44.433 [DEBUG]  [Creating]    [pool-3-thread-1]   [com.diffblue.cover.ui.b.b]       [6/129]   (at least 1 line uncovered in this method)
12:50:44.433 [INFO]   [Creating]    [pool-3-thread-1]   [com.diffblue.cover.ui.b.b]       [6/129]     Indicates that the method is generated by some framework or tool and should not
12:50:44.433 [INFO]   [Creating]    [pool-3-thread-1]   [com.diffblue.cover.ui.b.b]       [6/129]     be tested explicitly. The expectation is that the generator itself should be
12:50:44.433 [INFO]   [Creating]    [pool-3-thread-1]   [com.diffblue.cover.ui.b.b]       [6/129]     tested and not each piece of code it produces.
12:50:44.433 [INFO]   [Creating]    [pool-3-thread-1]   [com.diffblue.cover.ui.b.b]       [6/129]     Currently, this includes methods identified generated by Lombok, Protobuf,
12:50:44.433 [INFO]   [Creating]    [pool-3-thread-1]   [com.diffblue.cover.ui.b.b]       [6/129]     Grpc, Hibernate, or annotated with a custom '@Generated' annotation
12:50:44.433 [INFO]   [Creating]    [pool-3-thread-1]   [com.diffblue.cover.ui.b.b]       [6/129]     (as long as the custom annotation has 'RUNTIME' or 'CLASS' retention).
12:50:44.433 [INFO]   [Creating]    [pool-3-thread-1]   [com.diffblue.cover.ui.b.b]       [6/129]     Diffblue Cover considers these methods as not directly callable.
12:50:44.437 [INFO]   [Creating]    [pool-3-thread-1]   [com.diffblue.cover.ui.b.b]       [7/129] uk.gov.gchq.palisade.Context.purpose
12:50:44.437 [INFO]   [Creating]    [pool-3-thread-1]   [com.diffblue.cover.ui.b.b]       [7/129]   T024: Generated method
12:50:44.437 [DEBUG]  [Creating]    [pool-3-thread-1]   [com.diffblue.cover.ui.b.b]       [7/129]   (at least 2 lines uncovered in this method)
12:50:44.437 [INFO]   [Creating]    [pool-3-thread-1]   [com.diffblue.cover.ui.b.b]       [7/129]     Indicates that the method is generated by some framework or tool and should not
12:50:44.437 [INFO]   [Creating]    [pool-3-thread-1]   [com.diffblue.cover.ui.b.b]       [7/129]     be tested explicitly. The expectation is that the generator itself should be
12:50:44.438 [INFO]   [Creating]    [pool-3-thread-1]   [com.diffblue.cover.ui.b.b]       [7/129]     tested and not each piece of code it produces.
12:50:44.438 [INFO]   [Creating]    [pool-3-thread-1]   [com.diffblue.cover.ui.b.b]       [7/129]     Currently, this includes methods identified generated by Lombok, Protobuf,
12:50:44.438 [INFO]   [Creating]    [pool-3-thread-1]   [com.diffblue.cover.ui.b.b]       [7/129]     Grpc, Hibernate, or annotated with a custom '@Generated' annotation
12:50:44.438 [INFO]   [Creating]    [pool-3-thread-1]   [com.diffblue.cover.ui.b.b]       [7/129]     (as long as the custom annotation has 'RUNTIME' or 'CLASS' retention).
12:50:44.438 [INFO]   [Creating]    [pool-3-thread-1]   [com.diffblue.cover.ui.b.b]       [7/129]     Diffblue Cover considers these methods as not directly callable.
12:50:44.444 [INFO]   [Creating]    [pool-3-thread-1]   [com.diffblue.cover.ui.b.b]       [8/129] uk.gov.gchq.palisade.Context.put
12:50:44.444 [INFO]   [Creating]    [pool-3-thread-1]   [com.diffblue.cover.ui.b.b]       [8/129]   T024: Generated method
12:50:44.444 [DEBUG]  [Creating]    [pool-3-thread-1]   [com.diffblue.cover.ui.b.b]       [8/129]   (at least 4 lines uncovered in this method)
12:50:44.444 [INFO]   [Creating]    [pool-3-thread-1]   [com.diffblue.cover.ui.b.b]       [8/129]     Indicates that the method is generated by some framework or tool and should not
12:50:44.444 [INFO]   [Creating]    [pool-3-thread-1]   [com.diffblue.cover.ui.b.b]       [8/129]     be tested explicitly. The expectation is that the generator itself should be
12:50:44.444 [INFO]   [Creating]    [pool-3-thread-1]   [com.diffblue.cover.ui.b.b]       [8/129]     tested and not each piece of code it produces.
12:50:44.444 [INFO]   [Creating]    [pool-3-thread-1]   [com.diffblue.cover.ui.b.b]       [8/129]     Currently, this includes methods identified generated by Lombok, Protobuf,
12:50:44.444 [INFO]   [Creating]    [pool-3-thread-1]   [com.diffblue.cover.ui.b.b]       [8/129]     Grpc, Hibernate, or annotated with a custom '@Generated' annotation
12:50:44.444 [INFO]   [Creating]    [pool-3-thread-1]   [com.diffblue.cover.ui.b.b]       [8/129]     (as long as the custom annotation has 'RUNTIME' or 'CLASS' retention).
12:50:44.444 [INFO]   [Creating]    [pool-3-thread-1]   [com.diffblue.cover.ui.b.b]       [8/129]     Diffblue Cover considers these methods as not directly callable.
12:50:44.450 [INFO]   [Creating]    [pool-3-thread-1]   [com.diffblue.cover.ui.b.b]       [9/129] uk.gov.gchq.palisade.Context.putIfAbsent
12:50:44.450 [INFO]   [Creating]    [pool-3-thread-1]   [com.diffblue.cover.ui.b.b]       [9/129]   T024: Generated method
12:50:44.450 [DEBUG]  [Creating]    [pool-3-thread-1]   [com.diffblue.cover.ui.b.b]       [9/129]   (at least 4 lines uncovered in this method)
12:50:44.450 [INFO]   [Creating]    [pool-3-thread-1]   [com.diffblue.cover.ui.b.b]       [9/129]     Indicates that the method is generated by some framework or tool and should not
12:50:44.450 [INFO]   [Creating]    [pool-3-thread-1]   [com.diffblue.cover.ui.b.b]       [9/129]     be tested explicitly. The expectation is that the generator itself should be
12:50:44.450 [INFO]   [Creating]    [pool-3-thread-1]   [com.diffblue.cover.ui.b.b]       [9/129]     tested and not each piece of code it produces.
12:50:44.450 [INFO]   [Creating]    [pool-3-thread-1]   [com.diffblue.cover.ui.b.b]       [9/129]     Currently, this includes methods identified generated by Lombok, Protobuf,
12:50:44.450 [INFO]   [Creating]    [pool-3-thread-1]   [com.diffblue.cover.ui.b.b]       [9/129]     Grpc, Hibernate, or annotated with a custom '@Generated' annotation
12:50:44.450 [INFO]   [Creating]    [pool-3-thread-1]   [com.diffblue.cover.ui.b.b]       [9/129]     (as long as the custom annotation has 'RUNTIME' or 'CLASS' retention).
12:50:44.450 [INFO]   [Creating]    [pool-3-thread-1]   [com.diffblue.cover.ui.b.b]       [9/129]     Diffblue Cover considers these methods as not directly callable.
12:50:44.455 [INFO]   [Creating]    [pool-3-thread-1]   [com.diffblue.cover.ui.b.b]      [10/129] uk.gov.gchq.palisade.Context.setContents
12:50:44.455 [INFO]   [Creating]    [pool-3-thread-1]   [com.diffblue.cover.ui.b.b]      [10/129]   T024: Generated method
12:50:44.455 [DEBUG]  [Creating]    [pool-3-thread-1]   [com.diffblue.cover.ui.b.b]      [10/129]   (at least 3 lines uncovered in this method)
12:50:44.455 [INFO]   [Creating]    [pool-3-thread-1]   [com.diffblue.cover.ui.b.b]      [10/129]     Indicates that the method is generated by some framework or tool and should not
12:50:44.455 [INFO]   [Creating]    [pool-3-thread-1]   [com.diffblue.cover.ui.b.b]      [10/129]     be tested explicitly. The expectation is that the generator itself should be
12:50:44.455 [INFO]   [Creating]    [pool-3-thread-1]   [com.diffblue.cover.ui.b.b]      [10/129]     tested and not each piece of code it produces.
12:50:44.455 [INFO]   [Creating]    [pool-3-thread-1]   [com.diffblue.cover.ui.b.b]      [10/129]     Currently, this includes methods identified generated by Lombok, Protobuf,
12:50:44.455 [INFO]   [Creating]    [pool-3-thread-1]   [com.diffblue.cover.ui.b.b]      [10/129]     Grpc, Hibernate, or annotated with a custom '@Generated' annotation
12:50:44.455 [INFO]   [Creating]    [pool-3-thread-1]   [com.diffblue.cover.ui.b.b]      [10/129]     (as long as the custom annotation has 'RUNTIME' or 'CLASS' retention).
12:50:44.455 [INFO]   [Creating]    [pool-3-thread-1]   [com.diffblue.cover.ui.b.b]      [10/129]     Diffblue Cover considers these methods as not directly callable.
12:50:44.460 [INFO]   [Creating]    [pool-3-thread-1]   [com.diffblue.cover.ui.b.b]      [11/129] uk.gov.gchq.palisade.Context.toString
12:50:44.460 [INFO]   [Creating]    [pool-3-thread-1]   [com.diffblue.cover.ui.b.b]      [11/129]   T024: Generated method
12:50:44.460 [DEBUG]  [Creating]    [pool-3-thread-1]   [com.diffblue.cover.ui.b.b]      [11/129]   (at least 4 lines uncovered in this method)
12:50:44.460 [INFO]   [Creating]    [pool-3-thread-1]   [com.diffblue.cover.ui.b.b]      [11/129]     Indicates that the method is generated by some framework or tool and should not
12:50:44.460 [INFO]   [Creating]    [pool-3-thread-1]   [com.diffblue.cover.ui.b.b]      [11/129]     be tested explicitly. The expectation is that the generator itself should be
12:50:44.460 [INFO]   [Creating]    [pool-3-thread-1]   [com.diffblue.cover.ui.b.b]      [11/129]     tested and not each piece of code it produces.
12:50:44.460 [INFO]   [Creating]    [pool-3-thread-1]   [com.diffblue.cover.ui.b.b]      [11/129]     Currently, this includes methods identified generated by Lombok, Protobuf,
12:50:44.460 [INFO]   [Creating]    [pool-3-thread-1]   [com.diffblue.cover.ui.b.b]      [11/129]     Grpc, Hibernate, or annotated with a custom '@Generated' annotation
12:50:44.460 [INFO]   [Creating]    [pool-3-thread-1]   [com.diffblue.cover.ui.b.b]      [11/129]     (as long as the custom annotation has 'RUNTIME' or 'CLASS' retention).
12:50:44.460 [INFO]   [Creating]    [pool-3-thread-1]   [com.diffblue.cover.ui.b.b]      [11/129]     Diffblue Cover considers these methods as not directly callable.
12:50:44.620 [DEBUG]  [Creating]    [pool-3-thread-1]   [com.diffblue.combiner.d.j] Using Javaparser to combine tests
12:50:44.682 [INFO]   [Creating]    [pool-3-thread-1]   [com.diffblue.cover.m.a.b] Filtering of methods complete. Creating analysis request
12:50:44.684 [INFO]   [Creating]    [pool-3-thread-1]   [com.diffblue.cover.service.c] Attempting to get service client, retry 1.
12:50:44.689 [INFO]   [Creating]    [pool-3-thread-1]   [com.diffblue.cover.service.c] Starting monitoring server.
12:50:44.853 [INFO]   [Creating]    [pool-3-thread-1]   [com.diffblue.cover.service.c] Monitoring server listening on localhost/127.0.0.1:33141
12:50:44.903 [INFO]   [Creating]    [pool-3-thread-1]   [com.diffblue.cover.service.c] Starting analyzer server process...
12:50:44.903 [INFO]   [Creating]    [pool-3-thread-1]   [com.diffblue.cover.service.c] Server command-line: /home/jbergqvist/.sdkman/candidates/java/11.0.29-amzn/bin/java -XX:+IgnoreUnrecognizedVMOptions -Djdk.attach.allowAttachSelf=true -Djdk.jar.maxSignatureFileSize=100000000 -ea -javaagent:/opt/cover/launcher-shared-jar.jar -Dlogback.configurationFile=/tmp/diffblue/config/logback-remote-service.xml -Dcom.diffblue.springIsolationJar=/opt/cover/cover-isolation-layer.jar -Dcover.jar.path=/opt/cover/cover-service-analyzer.jar -Dcom.diffblue.assertionSuggestionJar=/opt/cover/cover-service-analyzer.jar -Dcover.main.class=com.diffblue.cover.service.analyzer.Main -jar /opt/cover/launcher-shared-jar.jar --service-lifespan 120 --monitoring-service-port 33141 --index-service-port 33141 --debug-log
12:50:44.904 [INFO]   [Creating]    [pool-3-thread-1]   [com.diffblue.cover.service.c] Server started. Waiting up to 300 seconds for a connection to be established...
12:50:45.685 [DEBUG]  [Creating]    [nullmain]          [com.diffblue.cover.service.analyzer.Main] Service heap size: 16016 MB
12:50:45.765 [INFO]   [Creating]    [nullmain]          [com.diffblue.cover.service.a.a.b] Starting new remote monitor client
12:50:46.462 [INFO]   [Creating]    [analyzer-service:main][com.diffblue.cover.service.a.a.b] Attempting to start remote server.
12:50:46.467 [DEBUG]  [Creating]    [analyzer-service:main][com.diffblue.cover.service.analyzer.a.c] Watchdog reset
12:50:46.608 [INFO]   [Creating]    [analyzer-service:main][com.diffblue.cover.service.a.a.a] Server started, listening on localhost/127.0.0.1:43535
12:50:46.613 [INFO]   [Creating]    [pool-3-thread-1]   [com.diffblue.cover.service.c] Expect analyzer service to be listening on port 43535.
12:50:46.614 [DEBUG]  [Creating]    [analyzer-service:main][com.diffblue.cover.service.analyzer.a.c] Watchdog reset
12:50:47.362 [DEBUG]  [Creating]    [analyzer-service:grpc-default-executor-0][com.diffblue.cover.service.analyzer.a.c] Watchdog reset
12:50:47.371 [INFO]   [Creating]    [pool-3-thread-1]   [com.diffblue.cover.service.c] Started analyzer service and client retrieved.
12:50:47.606 [DEBUG]  [Creating]    [analyzer-service:grpc-default-executor-1][com.diffblue.cover.service.analyzer.a.c] Watchdog reset
12:50:47.651 [DEBUG]  [Creating]    [analyzer-service:grpc-default-executor-1][com.diffblue.cover.commons.configuration.e] Loading properties from resources
12:50:47.652 [DEBUG]  [Creating]    [analyzer-service:grpc-default-executor-1][com.diffblue.cover.commons.configuration.e] Loading properties from installation directory
12:50:47.652 [DEBUG]  [Creating]    [analyzer-service:grpc-default-executor-1][com.diffblue.cover.commons.configuration.e] /opt/cover/cover.properties doesn't exist
12:50:47.653 [DEBUG]  [Creating]    [analyzer-service:grpc-default-executor-1][com.diffblue.cover.commons.configuration.e] Loading properties from user home directory
12:50:47.653 [DEBUG]  [Creating]    [analyzer-service:grpc-default-executor-1][com.diffblue.cover.commons.configuration.e] /home/jbergqvist/.diffblue/cover.properties doesn't exist
12:50:47.653 [DEBUG]  [Creating]    [analyzer-service:grpc-default-executor-1][com.diffblue.cover.commons.configuration.e] Loaded properties
12:50:47.654 [DEBUG]  [Creating]    [analyzer-service:grpc-default-executor-1][com.diffblue.cover.commons.configuration.e] Property cover.disableEnvironmentCache has not been set, using default value false
12:50:47.656 [DEBUG]  [Creating]    [analyzer-service:grpc-default-executor-1][com.diffblue.cover.commons.configuration.e] Property cover.dfa.disabled has not been set, using default value false
12:50:47.659 [DEBUG]  [Creating]    [analyzer-service:grpc-default-executor-1][com.diffblue.cover.commons.configuration.e] Checking Cover Property dfa.disabled under alias disable.dfa
12:50:47.659 [DEBUG]  [Creating]    [analyzer-service:grpc-default-executor-1][com.diffblue.cover.commons.configuration.e] Property disable.dfa has not been set, using default value false
12:50:47.696 [DEBUG]  [Creating]    [analyzer-service:grpc-default-executor-1][com.diffblue.cover.commons.configuration.e] Property cover.experimental.sandbox has not been set, using default value false
12:50:49.591 [DEBUG]  [Creating]    [analyzer-service:grpc-default-executor-1][com.diffblue.cover.service.analyzer.a.c] Watchdog reset
12:50:49.609 [DEBUG]  [Creating]    [analyzer-service:grpc-default-executor-1][com.diffblue.cover.commons.configuration.e] Property cover.extraLogging has not been set, and no default value provided
12:50:49.610 [DEBUG]  [Creating]    [analyzer-service:grpc-default-executor-1][com.diffblue.cover.commons.configuration.e] Checking Cover Property extraLogging under alias extra.logging
12:50:49.610 [DEBUG]  [Creating]    [analyzer-service:grpc-default-executor-1][com.diffblue.cover.commons.configuration.e] Property extra.logging has not been set, and no default value provided
12:50:49.639 [DEBUG]  [Creating]    [analyzer-service:grpc-default-executor-1][com.diffblue.fuzztest.e.a] Class information:
12:50:49.650 [DEBUG]  [Creating]    [analyzer-service:grpc-default-executor-1][com.diffblue.fuzztest.e.a]   Class annotations: @com.fasterxml.jackson.annotation.JsonTypeInfo(property="", include=PROPERTY, visible=false, defaultImpl=com.fasterxml.jackson.annotation.JsonTypeInfo.class, use=CLASS)
12:50:49.650 [DEBUG]  [Creating]    [analyzer-service:grpc-default-executor-1][com.diffblue.fuzztest.e.a]   Fields: private static final java.lang.String uk.gov.gchq.palisade.Context.PURPOSE, private java.util.Map uk.gov.gchq.palisade.Context.contents
12:50:49.651 [DEBUG]  [Creating]    [analyzer-service:grpc-default-executor-1][com.diffblue.fuzztest.e.a]   Constructors: public uk.gov.gchq.palisade.Context(), public uk.gov.gchq.palisade.Context(java.util.Map)
12:50:49.652 [DEBUG]  [Creating]    [analyzer-service:grpc-default-executor-1][com.diffblue.fuzztest.e.a]   Methods: public uk.gov.gchq.palisade.Context uk.gov.gchq.palisade.Context.contents(java.util.Map), public boolean uk.gov.gchq.palisade.Context.equals(java.lang.Object), public java.lang.Object uk.gov.gchq.palisade.Context.get(java.lang.String), public java.util.Map uk.gov.gchq.palisade.Context.getContents(), public java.util.Map uk.gov.gchq.palisade.Context.getContentsCopy(), public java.lang.String uk.gov.gchq.palisade.Context.getPurpose(), public int uk.gov.gchq.palisade.Context.hashCode(), public uk.gov.gchq.palisade.Context uk.gov.gchq.palisade.Context.purpose(java.lang.String), public uk.gov.gchq.palisade.Context uk.gov.gchq.palisade.Context.put(java.lang.String,java.lang.Object), public uk.gov.gchq.palisade.Context uk.gov.gchq.palisade.Context.putIfAbsent(java.lang.String,java.lang.Object), public void uk.gov.gchq.palisade.Context.setContents(java.util.Map), public java.lang.String uk.gov.gchq.palisade.Context.toString()
12:50:50.626 [DEBUG]  [Creating]    [analyzer-service:grpc-default-executor-1][com.diffblue.cover.service.analyzer.a.c] Watchdog reset
12:50:50.903 [DEBUG]  [Creating]    [analyzer-service:grpc-default-executor-1][com.diffblue.cover.service.analyzer.a.c] Watchdog reset
12:50:50.931 [DEBUG]  [Creating]    [analyzer-service:TimedExecutor-6][com.diffblue.fuzztest.g.e] 
================================================================================
= Creating tests for 'uk.gov.gchq.palisade.Context.<init>:()V' using 'SiM (!sp, fnm, df)'
================================================================================
12:50:50.945 [DEBUG]  [Creating]    [analyzer-service:TimedExecutor-6][com.diffblue.cover.f.e.ad] Looking for xml files in /home/jbergqvist/diffblue/Palisade-common/target/classes
12:50:50.949 [DEBUG]  [Creating]    [analyzer-service:TimedExecutor-6][com.diffblue.cover.f.e.ad] Looking for xml files in /home/jbergqvist/diffblue/Palisade-common/target/test-classes
12:50:50.949 [DEBUG]  [Creating]    [analyzer-service:TimedExecutor-6][com.diffblue.cover.f.e.ad] Processed all XML files: 0 Time: 27μs
12:50:50.953 [DEBUG]  [Creating]    [analyzer-service:TimedExecutor-6][com.diffblue.cover.commons.configuration.e] Property cover.spring.autowiredAlternative has not been set, and no default value provided
12:50:50.953 [DEBUG]  [Creating]    [analyzer-service:TimedExecutor-6][com.diffblue.cover.commons.configuration.e] Checking Cover Property spring.autowiredAlternative under alias autowired.alternative
12:50:50.953 [DEBUG]  [Creating]    [analyzer-service:TimedExecutor-6][com.diffblue.cover.commons.configuration.e] Property autowired.alternative has not been set, and no default value provided
12:50:51.607 [DEBUG]  [Creating]    [analyzer-service:TimedExecutor-6][com.diffblue.cover.service.analyzer.a.c] Watchdog reset
12:50:53.428 [DEBUG]  [Creating]    [analyzer-service:TimedExecutor-6][com.diffblue.fuzztest.g.ap] Test file does not exist: /home/jbergqvist/diffblue/Palisade-common/src/test/java/uk/gov/gchq/palisade/ContextDiffblueTest.java
12:50:53.429 [DEBUG]  [Creating]    [analyzer-service:TimedExecutor-6][com.diffblue.fuzztest.g.e] 
================================================================================
= Trying DI configuration EmptyDependencyInjectionTirConfiguration for uk.gov.gchq.palisade.Context.<init>:()V
================================================================================
12:50:53.437 [DEBUG]  [Creating]    [analyzer-service:TimedExecutor-6][com.diffblue.cover.commons.dependency.a.b] Detected Mockito Core version 5.20.0 (via jar:file:/home/jbergqvist/.m2/repository/org/mockito/mockito-core/5.20.0/mockito-core-5.20.0.jar!/org/mockito/Mockito.class)
12:50:54.530 [DEBUG]  [Creating]    [analyzer-service:TimedExecutor-6][com.diffblue.cover.service.analyzer.a.c] Watchdog reset
12:50:54.552 [DEBUG]  [Creating]    [analyzer-service:TimedExecutor-6][com.diffblue.fuzztest.b.f] Refinement loop done: 1 seeds, 1+0 new+accumulated tests, 1+0 tests+partial tests, 1/1000 its
12:50:54.725 [DEBUG]  [Creating]    [analyzer-service:TimedExecutor-6][com.diffblue.fuzztest.g.e] DI configuration 'com.diffblue.tir.p' generated tests: 1
12:50:54.725 [DEBUG]  [Creating]    [analyzer-service:TimedExecutor-6][com.diffblue.fuzztest.g.e] Enabling descriptive test naming
12:50:55.219 [DEBUG]  [Creating]    [analyzer-service:grpc-default-executor-1][com.diffblue.fuzztest.e.c] Created 1+0 tests and partial tests via 'SiM (!sp, fnm, df)' SiM fallback 1/2, returning all 1
12:50:55.619 [DEBUG]  [Creating]    [analyzer-service:grpc-default-executor-1][com.diffblue.cover.service.analyzer.a.c] Watchdog reset
12:50:55.645 [DEBUG]  [Creating]    [pool-3-thread-1]   [com.diffblue.cover.m.a.b] in processAnalysisResult for uk.gov.gchq.palisade.Context.<init>:()V
12:50:55.647 [DEBUG]  [Creating]    [pool-3-thread-1]   [com.diffblue.combiner.d.j] Using Javaparser to combine tests
12:50:57.038 [DEBUG]  [Creating]    [pool-6-thread-1]   [com.diffblue.cover.l.a.c] EdgeCoverageRuntime contains 11 edges
12:50:57.040 [DEBUG]  [Creating]    [pool-3-thread-1]   [com.diffblue.combiner.a.c] Adding changeSet to account as new: Optional[uk.gov.gchq.palisade.Context.<init>:()V]
12:50:57.121 [DEBUG]  [Creating]    [analyzer-service:grpc-default-executor-1][com.diffblue.cover.service.analyzer.a.c] Watchdog reset
12:50:57.122 [DEBUG]  [Creating]    [analyzer-service:TimedExecutor-7][com.diffblue.fuzztest.g.e] 
================================================================================
= Creating tests for 'uk.gov.gchq.palisade.Context.<init>:(Ljava/util/Map;)V' using 'SiM (!sp, fnm, df)'
================================================================================
12:50:57.221 [DEBUG]  [Creating]    [analyzer-service:TimedExecutor-7][com.diffblue.fuzztest.g.ap] Parsed existing test class at /home/jbergqvist/diffblue/Palisade-common/src/test/java/uk/gov/gchq/palisade/ContextDiffblueTest.java: found 0 annotations
12:50:57.222 [DEBUG]  [Creating]    [analyzer-service:TimedExecutor-7][com.diffblue.fuzztest.g.e] 
================================================================================
= Trying DI configuration EmptyDependencyInjectionTirConfiguration for uk.gov.gchq.palisade.Context.<init>:(Ljava/util/Map;)V
================================================================================
12:50:58.483 [DEBUG]  [Creating]    [analyzer-service:TimedExecutor-7][com.diffblue.cover.service.analyzer.a.c] Watchdog reset
12:50:59.435 [DEBUG]  [Creating]    [analyzer-service:TimedExecutor-7][com.diffblue.cover.service.analyzer.a.c] Watchdog reset
12:51:00.337 [DEBUG]  [Creating]    [analyzer-service:TimedExecutor-7][com.diffblue.cover.service.analyzer.a.c] Watchdog reset
12:51:00.405 [DEBUG]  [Creating]    [analyzer-service:TimedExecutor-7][com.diffblue.fuzztest.b.f] Refinement loop done: 1 seeds, 1+0 new+accumulated tests, 1+0 tests+partial tests, 171/1000 its
12:51:00.468 [DEBUG]  [Creating]    [analyzer-service:TimedExecutor-7][com.diffblue.fuzztest.g.e] DI configuration 'com.diffblue.tir.p' generated tests: 1
12:51:00.469 [DEBUG]  [Creating]    [analyzer-service:TimedExecutor-7][com.diffblue.fuzztest.g.e] Enabling descriptive test naming
12:51:00.472 [DEBUG]  [Creating]    [analyzer-service:grpc-default-executor-1][com.diffblue.fuzztest.e.c] Created 1+0 tests and partial tests via 'SiM (!sp, fnm, df)' SiM fallback 1/2, returning all 1
12:51:00.510 [DEBUG]  [Creating]    [pool-3-thread-1]   [com.diffblue.cover.m.a.b] in processAnalysisResult for uk.gov.gchq.palisade.Context.<init>:(Ljava/util/Map;)V
12:51:00.511 [DEBUG]  [Creating]    [pool-3-thread-1]   [com.diffblue.cover.r.d] Finished with MethodGroup: <init>, countOfTests: 1, countOfMethodsTested: 1 TestGenerationAccount: a[countOfRemoved=0, countOfUnchanged=0, countOfUpdated=0, countOfNew=1]
12:51:00.512 [INFO]   [Creating]    [pool-3-thread-1]   [com.diffblue.cover.ui.b.b]      [12/129] uk.gov.gchq.palisade.Context.<init>
12:51:00.512 [INFO]   [Creating]    [pool-3-thread-1]   [com.diffblue.cover.ui.b.b]      [12/129]   Tests created: 1
12:51:00.512 [DEBUG]  [Creating]    [pool-3-thread-1]   [com.diffblue.combiner.d.j] Using Javaparser to combine tests
12:51:00.614 [DEBUG]  [Creating]    [pool-6-thread-2]   [com.diffblue.cover.l.a.c] EdgeCoverageRuntime contains 12 edges
12:51:00.615 [DEBUG]  [Creating]    [pool-3-thread-1]   [com.diffblue.combiner.a.c] Adding changeSet to account as new: Optional[uk.gov.gchq.palisade.Context.<init>:(Ljava/util/Map;)V]
12:51:00.645 [DEBUG]  [Creating]    [analyzer-service:grpc-default-executor-1][com.diffblue.cover.service.analyzer.a.c] Watchdog reset
12:51:00.645 [DEBUG]  [Creating]    [analyzer-service:TimedExecutor-8][com.diffblue.fuzztest.g.e] 
================================================================================
= Creating tests for 'uk.gov.gchq.palisade.Context.getPurpose:()Ljava/lang/String;' using 'SiM (!sp, fnm, df)'
================================================================================
12:51:00.655 [DEBUG]  [Creating]    [analyzer-service:TimedExecutor-8][com.diffblue.fuzztest.g.ap] Parsed existing test class at /home/jbergqvist/diffblue/Palisade-common/src/test/java/uk/gov/gchq/palisade/ContextDiffblueTest.java: found 0 annotations
12:51:00.655 [DEBUG]  [Creating]    [analyzer-service:TimedExecutor-8][com.diffblue.fuzztest.g.e] 
================================================================================
= Trying DI configuration EmptyDependencyInjectionTirConfiguration for uk.gov.gchq.palisade.Context.getPurpose:()Ljava/lang/String;
================================================================================
12:51:01.204 [DEBUG]  [Creating]    [analyzer-service:TimedExecutor-8][com.diffblue.fuzztest.b.f] Refinement loop done: 2 seeds, 2+0 new+accumulated tests, 2+0 tests+partial tests, 382/1000 its
12:51:01.283 [DEBUG]  [Creating]    [analyzer-service:TimedExecutor-8][com.diffblue.fuzztest.g.e] DI configuration 'com.diffblue.tir.p' generated tests: 2
12:51:01.284 [DEBUG]  [Creating]    [analyzer-service:TimedExecutor-8][com.diffblue.fuzztest.g.e] Enabling descriptive test naming
12:51:01.298 [DEBUG]  [Creating]    [analyzer-service:grpc-default-executor-1][com.diffblue.fuzztest.e.c] Created 2+0 tests and partial tests via 'SiM (!sp, fnm, df)' SiM fallback 1/2, returning all 2
12:51:01.353 [DEBUG]  [Creating]    [analyzer-service:grpc-default-executor-1][com.diffblue.cover.service.analyzer.a.c] Watchdog reset
12:51:01.360 [DEBUG]  [Creating]    [pool-3-thread-1]   [com.diffblue.cover.m.a.b] in processAnalysisResult for uk.gov.gchq.palisade.Context.getPurpose:()Ljava/lang/String;
12:51:01.360 [DEBUG]  [Creating]    [pool-3-thread-1]   [com.diffblue.cover.r.d] Finished with MethodGroup: <init>, countOfTests: 1, countOfMethodsTested: 1 TestGenerationAccount: a[countOfRemoved=0, countOfUnchanged=0, countOfUpdated=0, countOfNew=2]
12:51:01.360 [INFO]   [Creating]    [pool-3-thread-1]   [com.diffblue.cover.ui.b.b]      [13/129] uk.gov.gchq.palisade.Context.<init>
12:51:01.360 [INFO]   [Creating]    [pool-3-thread-1]   [com.diffblue.cover.ui.b.b]      [13/129]   Tests created: 1
12:51:01.360 [DEBUG]  [Creating]    [pool-3-thread-1]   [com.diffblue.combiner.d.j] Using Javaparser to combine tests
12:51:01.419 [DEBUG]  [Creating]    [pool-6-thread-3]   [com.diffblue.cover.l.a.c] EdgeCoverageRuntime contains 5 edges
12:51:01.419 [DEBUG]  [Creating]    [pool-3-thread-1]   [com.diffblue.combiner.a.c] Adding changeSet to account as new: Optional[uk.gov.gchq.palisade.Context.getPurpose:()Ljava/lang/String;]
12:51:01.441 [DEBUG]  [Creating]    [pool-3-thread-1]   [com.diffblue.combiner.d.j] Using Javaparser to combine tests
12:51:01.536 [DEBUG]  [Creating]    [pool-6-thread-4]   [com.diffblue.cover.l.a.c] EdgeCoverageRuntime contains 9 edges
12:51:01.537 [DEBUG]  [Creating]    [pool-3-thread-1]   [com.diffblue.combiner.a.c] Adding changeSet to account as new: Optional[uk.gov.gchq.palisade.Context.getPurpose:()Ljava/lang/String;]
12:51:01.570 [DEBUG]  [Creating]    [analyzer-service:grpc-default-executor-1][com.diffblue.cover.service.analyzer.a.c] Watchdog reset
12:51:01.572 [DEBUG]  [Creating]    [pool-3-thread-1]   [com.diffblue.cover.r.d] Finished with MethodGroup: getPurpose, countOfTests: 2, countOfMethodsTested: 1 TestGenerationAccount: a[countOfRemoved=0, countOfUnchanged=0, countOfUpdated=0, countOfNew=4]
12:51:01.572 [INFO]   [Creating]    [pool-3-thread-1]   [com.diffblue.cover.ui.b.b]      [14/129] uk.gov.gchq.palisade.Context.getPurpose
12:51:01.572 [INFO]   [Creating]    [pool-3-thread-1]   [com.diffblue.cover.ui.b.b]      [14/129]   Tests created: 2
12:51:01.579 [INFO]   [Creating]    [pool-3-thread-1]   [com.diffblue.cover.ui.b.b]  [1/25] uk.gov.gchq.palisade.Context
12:51:01.579 [INFO]   [Creating]    [pool-3-thread-1]   [com.diffblue.cover.ui.b.b]  [1/25]   Tests created: 4
12:51:01.580 [DEBUG]  [Creating]    [pool-3-thread-1]   [com.diffblue.cover.ui.b.b]  [1/25]   (at least 29 lines uncovered in this class)
12:51:01.581 [INFO]   [Creating]    [pool-3-thread-1]   [com.diffblue.cover.m.a.b] 
================================================================================
= Starting analysis for class 'uk.gov.gchq.palisade.data.serialise.Serialiser'
================================================================================
12:51:01.581 [INFO]   [Creating]    [pool-3-thread-1]   [com.diffblue.cover.m.a.b] Filtering out non-testable methods...
12:51:03.390 [INFO]   [Creating]    [pool-3-thread-1]   [com.diffblue.cover.ui.b.b]      [15/129] uk.gov.gchq.palisade.data.serialise.Serialiser.deserialiseFlow
12:51:03.390 [INFO]   [Creating]    [pool-3-thread-1]   [com.diffblue.cover.ui.b.b]      [15/129]   T009: No implementation for abstract class
12:51:03.390 [DEBUG]  [Creating]    [pool-3-thread-1]   [com.diffblue.cover.ui.b.b]      [15/129]   (at least 1 line uncovered in this method)
12:51:03.390 [INFO]   [Creating]    [pool-3-thread-1]   [com.diffblue.cover.ui.b.b]      [15/129]     The method is a non-abstract instance method in an abstract class or
12:51:03.390 [INFO]   [Creating]    [pool-3-thread-1]   [com.diffblue.cover.ui.b.b]      [15/129]     a default method in an interface. Diffblue Cover would test such methods
12:51:03.390 [INFO]   [Creating]    [pool-3-thread-1]   [com.diffblue.cover.ui.b.b]      [15/129]     by using an implementation of that abstract class or interface. However,
12:51:03.390 [INFO]   [Creating]    [pool-3-thread-1]   [com.diffblue.cover.ui.b.b]      [15/129]     no such implementation has been found.
12:51:03.390 [INFO]   [Creating]    [pool-3-thread-1]   [com.diffblue.cover.ui.b.b]      [15/129]     Please provide an implementation for the abstract class or interface.
12:51:03.390 [INFO]   [Creating]    [pool-3-thread-1]   [com.diffblue.cover.ui.b.b]      [15/129]     See https://diff.blue/T009 to resolve this issue.
12:51:03.392 [INFO]   [Creating]    [pool-3-thread-1]   [com.diffblue.cover.ui.b.b]      [16/129] uk.gov.gchq.palisade.data.serialise.Serialiser.serialiseFlow
12:51:03.392 [INFO]   [Creating]    [pool-3-thread-1]   [com.diffblue.cover.ui.b.b]      [16/129]   T009: No implementation for abstract class
12:51:03.392 [DEBUG]  [Creating]    [pool-3-thread-1]   [com.diffblue.cover.ui.b.b]      [16/129]   (at least 1 line uncovered in this method)
12:51:03.392 [INFO]   [Creating]    [pool-3-thread-1]   [com.diffblue.cover.ui.b.b]      [16/129]     The method is a non-abstract instance method in an abstract class or
12:51:03.392 [INFO]   [Creating]    [pool-3-thread-1]   [com.diffblue.cover.ui.b.b]      [16/129]     a default method in an interface. Diffblue Cover would test such methods
12:51:03.392 [INFO]   [Creating]    [pool-3-thread-1]   [com.diffblue.cover.ui.b.b]      [16/129]     by using an implementation of that abstract class or interface. However,
12:51:03.392 [INFO]   [Creating]    [pool-3-thread-1]   [com.diffblue.cover.ui.b.b]      [16/129]     no such implementation has been found.
12:51:03.392 [INFO]   [Creating]    [pool-3-thread-1]   [com.diffblue.cover.ui.b.b]      [16/129]     Please provide an implementation for the abstract class or interface.
12:51:03.392 [INFO]   [Creating]    [pool-3-thread-1]   [com.diffblue.cover.ui.b.b]      [16/129]     See https://diff.blue/T009 to resolve this issue.
12:51:03.393 [DEBUG]  [Creating]    [pool-3-thread-1]   [com.diffblue.combiner.d.j] Using Javaparser to combine tests
12:51:03.394 [INFO]   [Creating]    [pool-3-thread-1]   [com.diffblue.cover.m.a.b] Filtering of methods complete. Creating analysis request
12:51:03.394 [INFO]   [Creating]    [pool-3-thread-1]   [com.diffblue.cover.service.c] Attempting to get service client, retry 1.
12:51:03.395 [DEBUG]  [Creating]    [analyzer-service:grpc-default-executor-1][com.diffblue.cover.service.analyzer.a.c] Watchdog reset
12:51:03.440 [DEBUG]  [Creating]    [analyzer-service:grpc-default-executor-1][com.diffblue.fuzztest.e.a] Class information:
12:51:03.441 [DEBUG]  [Creating]    [analyzer-service:grpc-default-executor-1][com.diffblue.fuzztest.e.a]   Fields: public static final org.slf4j.Logger uk.gov.gchq.palisade.data.serialise.Serialiser.LOGGER
12:51:03.441 [DEBUG]  [Creating]    [analyzer-service:grpc-default-executor-1][com.diffblue.fuzztest.e.a]   Constructors: 
12:51:03.475 [DEBUG]  [Creating]    [analyzer-service:grpc-default-executor-1][com.diffblue.fuzztest.e.a]   Methods: private static java.lang.Object uk.gov.gchq.palisade.data.serialise.Serialiser.$deserializeLambda$(java.lang.invoke.SerializedLambda), public static uk.gov.gchq.palisade.data.serialise.Serialiser uk.gov.gchq.palisade.data.serialise.Serialiser.create(java.lang.Class,java.lang.Class), public abstract java.util.stream.Stream uk.gov.gchq.palisade.data.serialise.Serialiser.deserialise(java.io.InputStream), public default akka.stream.javadsl.Flow uk.gov.gchq.palisade.data.serialise.Serialiser.deserialiseFlow(), private akka.stream.javadsl.Flow uk.gov.gchq.palisade.data.serialise.Serialiser.lambda$deserialiseFlow$1(akka.stream.Materializer,akka.stream.Attributes), private static java.util.stream.BaseStream uk.gov.gchq.palisade.data.serialise.Serialiser.lambda$deserialiseFlow$53520e23$1(java.util.stream.Stream) throws java.lang.Exception, private static akka.stream.Graph uk.gov.gchq.palisade.data.serialise.Serialiser.lambda$deserialiseFlow$a3bf7913$1(java.util.stream.Stream) throws java.lang.Exception, private akka.stream.javadsl.Flow uk.gov.gchq.palisade.data.serialise.Serialiser.lambda$serialiseFlow$0(akka.stream.Materializer,akka.stream.Attributes), private static akka.stream.Graph uk.gov.gchq.palisade.data.serialise.Serialiser.lambda$serialiseFlow$f0cd8ea3$1(java.io.InputStream) throws java.lang.Exception, private static java.io.InputStream uk.gov.gchq.palisade.data.serialise.Serialiser.lambda$serialiseFlow$f3dfe089$1(java.io.InputStream) throws java.lang.Exception, public abstract java.io.InputStream uk.gov.gchq.palisade.data.serialise.Serialiser.serialise(java.util.stream.Stream), public default akka.stream.javadsl.Flow uk.gov.gchq.palisade.data.serialise.Serialiser.serialiseFlow(), public static java.util.Optional uk.gov.gchq.palisade.data.serialise.Serialiser.tryCreate(java.lang.Class,java.lang.String)
12:51:03.489 [DEBUG]  [Creating]    [analyzer-service:TimedExecutor-15][com.diffblue.fuzztest.g.e] 
================================================================================
= Creating tests for 'uk.gov.gchq.palisade.data.serialise.Serialiser.create:(Ljava/lang/Class;Ljava/lang/Class;)Luk/gov/gchq/palisade/data/serialise/Serialiser;' using 'SiM (!sp, fnm, df)'
================================================================================
12:51:03.498 [DEBUG]  [Creating]    [analyzer-service:TimedExecutor-15][com.diffblue.fuzztest.g.ap] Test file does not exist: /home/jbergqvist/diffblue/Palisade-common/src/test/java/uk/gov/gchq/palisade/data/serialise/SerialiserDiffblueTest.java
12:51:03.498 [DEBUG]  [Creating]    [analyzer-service:TimedExecutor-15][com.diffblue.fuzztest.g.e] 
================================================================================
= Trying DI configuration EmptyDependencyInjectionTirConfiguration for uk.gov.gchq.palisade.data.serialise.Serialiser.create:(Ljava/lang/Class;Ljava/lang/Class;)Luk/gov/gchq/palisade/data/serialise/Serialiser;
================================================================================
12:51:03.824 [DEBUG]  [Creating]    [analyzer-service:TimedExecutor-15][com.diffblue.cover.service.analyzer.a.c] Watchdog reset
12:51:04.192 [DEBUG]  [Creating]    [analyzer-service:TimedExecutor-15][com.diffblue.cover.service.analyzer.a.c] Watchdog reset
12:51:04.747 [DEBUG]  [Creating]    [analyzer-service:TimedExecutor-15][com.diffblue.fuzztest.b.f] Refinement loop done: 1 seeds, 3+0 new+accumulated tests, 1+2 tests+partial tests, 521/1000 its
12:51:04.835 [DEBUG]  [Creating]    [analyzer-service:TimedExecutor-15][com.diffblue.fuzztest.g.e] DI configuration 'com.diffblue.tir.p' generated tests: 3
12:51:04.836 [DEBUG]  [Creating]    [analyzer-service:TimedExecutor-15][com.diffblue.fuzztest.g.e] Enabling descriptive test naming
12:51:04.843 [DEBUG]  [Creating]    [analyzer-service:grpc-default-executor-1][com.diffblue.fuzztest.e.c] Created 1+0 tests and partial tests via 'SiM (!sp, fnm, df)' SiM fallback 1/2, returning all 1
12:51:04.880 [DEBUG]  [Creating]    [pool-3-thread-1]   [com.diffblue.cover.m.a.b] in processAnalysisResult for uk.gov.gchq.palisade.data.serialise.Serialiser.create:(Ljava/lang/Class;Ljava/lang/Class;)Luk/gov/gchq/palisade/data/serialise/Serialiser;
12:51:04.880 [DEBUG]  [Creating]    [pool-3-thread-1]   [com.diffblue.combiner.d.j] Using Javaparser to combine tests
12:51:04.991 [DEBUG]  [Creating]    [pool-6-thread-5]   [com.diffblue.cover.l.a.c] EdgeCoverageRuntime contains 6 edges
12:51:04.991 [DEBUG]  [Creating]    [pool-3-thread-1]   [com.diffblue.combiner.a.c] Adding changeSet to account as new: Optional[uk.gov.gchq.palisade.data.serialise.Serialiser.create:(Ljava/lang/Class;Ljava/lang/Class;)Luk/gov/gchq/palisade/data/serialise/Serialiser;]
12:51:05.018 [DEBUG]  [Creating]    [analyzer-service:grpc-default-executor-1][com.diffblue.cover.service.analyzer.a.c] Watchdog reset
12:51:05.019 [DEBUG]  [Creating]    [analyzer-service:TimedExecutor-16][com.diffblue.fuzztest.g.e] 
================================================================================
= Creating tests for 'uk.gov.gchq.palisade.data.serialise.Serialiser.tryCreate:(Ljava/lang/Class;Ljava/lang/String;)Ljava/util/Optional;' using 'SiM (!sp, fnm, df)'
================================================================================
12:51:05.027 [DEBUG]  [Creating]    [analyzer-service:TimedExecutor-16][com.diffblue.fuzztest.g.ap] Parsed existing test class at /home/jbergqvist/diffblue/Palisade-common/src/test/java/uk/gov/gchq/palisade/data/serialise/SerialiserDiffblueTest.java: found 0 annotations
12:51:05.027 [DEBUG]  [Creating]    [analyzer-service:TimedExecutor-16][com.diffblue.fuzztest.g.e] 
================================================================================
= Trying DI configuration EmptyDependencyInjectionTirConfiguration for uk.gov.gchq.palisade.data.serialise.Serialiser.tryCreate:(Ljava/lang/Class;Ljava/lang/String;)Ljava/util/Optional;
================================================================================
12:51:05.619 [DEBUG]  [Creating]    [analyzer-service:TimedExecutor-16][com.diffblue.fuzztest.b.f] Refinement loop done: 1 seeds, 3+0 new+accumulated tests, 2+1 tests+partial tests, 934/1000 its
12:51:05.686 [DEBUG]  [Creating]    [analyzer-service:TimedExecutor-16][com.diffblue.fuzztest.g.e] DI configuration 'com.diffblue.tir.p' generated tests: 3
12:51:05.686 [DEBUG]  [Creating]    [analyzer-service:TimedExecutor-16][com.diffblue.fuzztest.g.e] Enabling descriptive test naming
12:51:05.692 [DEBUG]  [Creating]    [analyzer-service:grpc-default-executor-1][com.diffblue.fuzztest.e.c] Created 2+0 tests and partial tests via 'SiM (!sp, fnm, df)' SiM fallback 1/2, returning all 2
12:51:05.753 [DEBUG]  [Creating]    [pool-3-thread-1]   [com.diffblue.cover.m.a.b] in processAnalysisResult for uk.gov.gchq.palisade.data.serialise.Serialiser.tryCreate:(Ljava/lang/Class;Ljava/lang/String;)Ljava/util/Optional;
12:51:05.753 [DEBUG]  [Creating]    [pool-3-thread-1]   [com.diffblue.cover.r.d] Finished with MethodGroup: create, countOfTests: 1, countOfMethodsTested: 1 TestGenerationAccount: a[countOfRemoved=0, countOfUnchanged=0, countOfUpdated=0, countOfNew=5]
12:51:05.754 [INFO]   [Creating]    [pool-3-thread-1]   [com.diffblue.cover.ui.b.b]      [17/129] uk.gov.gchq.palisade.data.serialise.Serialiser.create
12:51:05.754 [INFO]   [Creating]    [pool-3-thread-1]   [com.diffblue.cover.ui.b.b]      [17/129]   Tests created: 1
12:51:05.754 [DEBUG]  [Creating]    [pool-3-thread-1]   [com.diffblue.combiner.d.j] Using Javaparser to combine tests
12:51:05.812 [DEBUG]  [Creating]    [pool-6-thread-6]   [com.diffblue.cover.l.a.c] EdgeCoverageRuntime contains 5 edges
12:51:05.813 [DEBUG]  [Creating]    [pool-3-thread-1]   [com.diffblue.combiner.a.c] Adding changeSet to account as new: Optional[uk.gov.gchq.palisade.data.serialise.Serialiser.tryCreate:(Ljava/lang/Class;Ljava/lang/String;)Ljava/util/Optional;]
12:51:05.838 [DEBUG]  [Creating]    [pool-3-thread-1]   [com.diffblue.combiner.d.j] Using Javaparser to combine tests
12:51:05.897 [DEBUG]  [Creating]    [pool-6-thread-7]   [com.diffblue.cover.l.a.c] EdgeCoverageRuntime contains 5 edges
12:51:05.897 [DEBUG]  [Creating]    [pool-3-thread-1]   [com.diffblue.combiner.a.c] Adding changeSet to account as new: Optional[uk.gov.gchq.palisade.data.serialise.Serialiser.tryCreate:(Ljava/lang/Class;Ljava/lang/String;)Ljava/util/Optional;]
12:51:05.936 [DEBUG]  [Creating]    [pool-3-thread-1]   [com.diffblue.cover.r.d] Finished with MethodGroup: tryCreate, countOfTests: 2, countOfMethodsTested: 1 TestGenerationAccount: a[countOfRemoved=0, countOfUnchanged=0, countOfUpdated=0, countOfNew=7]
12:51:05.936 [INFO]   [Creating]    [pool-3-thread-1]   [com.diffblue.cover.ui.b.b]      [18/129] uk.gov.gchq.palisade.data.serialise.Serialiser.tryCreate
12:51:05.937 [INFO]   [Creating]    [pool-3-thread-1]   [com.diffblue.cover.ui.b.b]      [18/129]   Tests created: 2
12:51:05.934 [DEBUG]  [Creating]    [analyzer-service:grpc-default-executor-1][com.diffblue.cover.service.analyzer.a.c] Watchdog reset
12:51:05.940 [INFO]   [Creating]    [pool-3-thread-1]   [com.diffblue.cover.ui.b.b]  [2/25] uk.gov.gchq.palisade.data.serialise.Serialiser
12:51:05.940 [INFO]   [Creating]    [pool-3-thread-1]   [com.diffblue.cover.ui.b.b]  [2/25]   Tests created: 3
12:51:05.940 [DEBUG]  [Creating]    [pool-3-thread-1]   [com.diffblue.cover.ui.b.b]  [2/25]   (at least 2 lines uncovered in this class)
12:51:05.942 [INFO]   [Creating]    [pool-3-thread-1]   [com.diffblue.cover.m.a.b] 
================================================================================
= Starting analysis for class 'uk.gov.gchq.palisade.resource.AbstractLeafResource'
================================================================================
12:51:05.942 [INFO]   [Creating]    [pool-3-thread-1]   [com.diffblue.cover.m.a.b] Filtering out non-testable methods...
12:51:05.947 [INFO]   [Creating]    [pool-3-thread-1]   [com.diffblue.cover.ui.b.b]      [19/129] uk.gov.gchq.palisade.resource.AbstractLeafResource.attribute
12:51:05.947 [INFO]   [Creating]    [pool-3-thread-1]   [com.diffblue.cover.ui.b.b]      [19/129]   T024: Generated method
12:51:05.947 [DEBUG]  [Creating]    [pool-3-thread-1]   [com.diffblue.cover.ui.b.b]      [19/129]   (at least 2 lines uncovered in this method)
12:51:05.947 [INFO]   [Creating]    [pool-3-thread-1]   [com.diffblue.cover.ui.b.b]      [19/129]     Indicates that the method is generated by some framework or tool and should not
12:51:05.947 [INFO]   [Creating]    [pool-3-thread-1]   [com.diffblue.cover.ui.b.b]      [19/129]     be tested explicitly. The expectation is that the generator itself should be
12:51:05.947 [INFO]   [Creating]    [pool-3-thread-1]   [com.diffblue.cover.ui.b.b]      [19/129]     tested and not each piece of code it produces.
12:51:05.947 [INFO]   [Creating]    [pool-3-thread-1]   [com.diffblue.cover.ui.b.b]      [19/129]     Currently, this includes methods identified generated by Lombok, Protobuf,
12:51:05.947 [INFO]   [Creating]    [pool-3-thread-1]   [com.diffblue.cover.ui.b.b]      [19/129]     Grpc, Hibernate, or annotated with a custom '@Generated' annotation
12:51:05.947 [INFO]   [Creating]    [pool-3-thread-1]   [com.diffblue.cover.ui.b.b]      [19/129]     (as long as the custom annotation has 'RUNTIME' or 'CLASS' retention).
12:51:05.947 [INFO]   [Creating]    [pool-3-thread-1]   [com.diffblue.cover.ui.b.b]      [19/129]     Diffblue Cover considers these methods as not directly callable.
12:51:05.951 [INFO]   [Creating]    [pool-3-thread-1]   [com.diffblue.cover.ui.b.b]      [20/129] uk.gov.gchq.palisade.resource.AbstractLeafResource.attributes
12:51:05.951 [INFO]   [Creating]    [pool-3-thread-1]   [com.diffblue.cover.ui.b.b]      [20/129]   T024: Generated method
12:51:05.951 [DEBUG]  [Creating]    [pool-3-thread-1]   [com.diffblue.cover.ui.b.b]      [20/129]   (at least 2 lines uncovered in this method)
12:51:05.951 [INFO]   [Creating]    [pool-3-thread-1]   [com.diffblue.cover.ui.b.b]      [20/129]     Indicates that the method is generated by some framework or tool and should not
12:51:05.951 [INFO]   [Creating]    [pool-3-thread-1]   [com.diffblue.cover.ui.b.b]      [20/129]     be tested explicitly. The expectation is that the generator itself should be
12:51:05.951 [INFO]   [Creating]    [pool-3-thread-1]   [com.diffblue.cover.ui.b.b]      [20/129]     tested and not each piece of code it produces.
12:51:05.951 [INFO]   [Creating]    [pool-3-thread-1]   [com.diffblue.cover.ui.b.b]      [20/129]     Currently, this includes methods identified generated by Lombok, Protobuf,
12:51:05.951 [INFO]   [Creating]    [pool-3-thread-1]   [com.diffblue.cover.ui.b.b]      [20/129]     Grpc, Hibernate, or annotated with a custom '@Generated' annotation
12:51:05.951 [INFO]   [Creating]    [pool-3-thread-1]   [com.diffblue.cover.ui.b.b]      [20/129]     (as long as the custom annotation has 'RUNTIME' or 'CLASS' retention).
12:51:05.951 [INFO]   [Creating]    [pool-3-thread-1]   [com.diffblue.cover.ui.b.b]      [20/129]     Diffblue Cover considers these methods as not directly callable.
12:51:05.955 [INFO]   [Creating]    [pool-3-thread-1]   [com.diffblue.cover.ui.b.b]      [21/129] uk.gov.gchq.palisade.resource.AbstractLeafResource.connectionDetail
12:51:05.955 [INFO]   [Creating]    [pool-3-thread-1]   [com.diffblue.cover.ui.b.b]      [21/129]   T024: Generated method
12:51:05.955 [DEBUG]  [Creating]    [pool-3-thread-1]   [com.diffblue.cover.ui.b.b]      [21/129]   (at least 2 lines uncovered in this method)
12:51:05.955 [INFO]   [Creating]    [pool-3-thread-1]   [com.diffblue.cover.ui.b.b]      [21/129]     Indicates that the method is generated by some framework or tool and should not
12:51:05.955 [INFO]   [Creating]    [pool-3-thread-1]   [com.diffblue.cover.ui.b.b]      [21/129]     be tested explicitly. The expectation is that the generator itself should be
12:51:05.955 [INFO]   [Creating]    [pool-3-thread-1]   [com.diffblue.cover.ui.b.b]      [21/129]     tested and not each piece of code it produces.
12:51:05.955 [INFO]   [Creating]    [pool-3-thread-1]   [com.diffblue.cover.ui.b.b]      [21/129]     Currently, this includes methods identified generated by Lombok, Protobuf,
12:51:05.955 [INFO]   [Creating]    [pool-3-thread-1]   [com.diffblue.cover.ui.b.b]      [21/129]     Grpc, Hibernate, or annotated with a custom '@Generated' annotation
12:51:05.955 [INFO]   [Creating]    [pool-3-thread-1]   [com.diffblue.cover.ui.b.b]      [21/129]     (as long as the custom annotation has 'RUNTIME' or 'CLASS' retention).
12:51:05.955 [INFO]   [Creating]    [pool-3-thread-1]   [com.diffblue.cover.ui.b.b]      [21/129]     Diffblue Cover considers these methods as not directly callable.
12:51:05.959 [INFO]   [Creating]    [pool-3-thread-1]   [com.diffblue.cover.ui.b.b]      [22/129] uk.gov.gchq.palisade.resource.AbstractLeafResource.equals
12:51:05.959 [INFO]   [Creating]    [pool-3-thread-1]   [com.diffblue.cover.ui.b.b]      [22/129]   T024: Generated method
12:51:05.959 [DEBUG]  [Creating]    [pool-3-thread-1]   [com.diffblue.cover.ui.b.b]      [22/129]   (at least 12 lines uncovered in this method)
12:51:05.959 [INFO]   [Creating]    [pool-3-thread-1]   [com.diffblue.cover.ui.b.b]      [22/129]     Indicates that the method is generated by some framework or tool and should not
12:51:05.959 [INFO]   [Creating]    [pool-3-thread-1]   [com.diffblue.cover.ui.b.b]      [22/129]     be tested explicitly. The expectation is that the generator itself should be
12:51:05.959 [INFO]   [Creating]    [pool-3-thread-1]   [com.diffblue.cover.ui.b.b]      [22/129]     tested and not each piece of code it produces.
12:51:05.959 [INFO]   [Creating]    [pool-3-thread-1]   [com.diffblue.cover.ui.b.b]      [22/129]     Currently, this includes methods identified generated by Lombok, Protobuf,
12:51:05.959 [INFO]   [Creating]    [pool-3-thread-1]   [com.diffblue.cover.ui.b.b]      [22/129]     Grpc, Hibernate, or annotated with a custom '@Generated' annotation
12:51:05.959 [INFO]   [Creating]    [pool-3-thread-1]   [com.diffblue.cover.ui.b.b]      [22/129]     (as long as the custom annotation has 'RUNTIME' or 'CLASS' retention).
12:51:05.959 [INFO]   [Creating]    [pool-3-thread-1]   [com.diffblue.cover.ui.b.b]      [22/129]     Diffblue Cover considers these methods as not directly callable.
12:51:05.963 [INFO]   [Creating]    [pool-3-thread-1]   [com.diffblue.cover.ui.b.b]      [23/129] uk.gov.gchq.palisade.resource.AbstractLeafResource.getAttribute
12:51:05.963 [INFO]   [Creating]    [pool-3-thread-1]   [com.diffblue.cover.ui.b.b]      [23/129]   T024: Generated method
12:51:05.963 [DEBUG]  [Creating]    [pool-3-thread-1]   [com.diffblue.cover.ui.b.b]      [23/129]   (at least 1 line uncovered in this method)
12:51:05.963 [INFO]   [Creating]    [pool-3-thread-1]   [com.diffblue.cover.ui.b.b]      [23/129]     Indicates that the method is generated by some framework or tool and should not
12:51:05.963 [INFO]   [Creating]    [pool-3-thread-1]   [com.diffblue.cover.ui.b.b]      [23/129]     be tested explicitly. The expectation is that the generator itself should be
12:51:05.963 [INFO]   [Creating]    [pool-3-thread-1]   [com.diffblue.cover.ui.b.b]      [23/129]     tested and not each piece of code it produces.
12:51:05.963 [INFO]   [Creating]    [pool-3-thread-1]   [com.diffblue.cover.ui.b.b]      [23/129]     Currently, this includes methods identified generated by Lombok, Protobuf,
12:51:05.963 [INFO]   [Creating]    [pool-3-thread-1]   [com.diffblue.cover.ui.b.b]      [23/129]     Grpc, Hibernate, or annotated with a custom '@Generated' annotation
12:51:05.964 [INFO]   [Creating]    [pool-3-thread-1]   [com.diffblue.cover.ui.b.b]      [23/129]     (as long as the custom annotation has 'RUNTIME' or 'CLASS' retention).
12:51:05.964 [INFO]   [Creating]    [pool-3-thread-1]   [com.diffblue.cover.ui.b.b]      [23/129]     Diffblue Cover considers these methods as not directly callable.
12:51:05.967 [INFO]   [Creating]    [pool-3-thread-1]   [com.diffblue.cover.ui.b.b]      [24/129] uk.gov.gchq.palisade.resource.AbstractLeafResource.getAttributes
12:51:05.967 [INFO]   [Creating]    [pool-3-thread-1]   [com.diffblue.cover.ui.b.b]      [24/129]   T024: Generated method
12:51:05.967 [DEBUG]  [Creating]    [pool-3-thread-1]   [com.diffblue.cover.ui.b.b]      [24/129]   (at least 1 line uncovered in this method)
12:51:05.967 [INFO]   [Creating]    [pool-3-thread-1]   [com.diffblue.cover.ui.b.b]      [24/129]     Indicates that the method is generated by some framework or tool and should not
12:51:05.967 [INFO]   [Creating]    [pool-3-thread-1]   [com.diffblue.cover.ui.b.b]      [24/129]     be tested explicitly. The expectation is that the generator itself should be
12:51:05.967 [INFO]   [Creating]    [pool-3-thread-1]   [com.diffblue.cover.ui.b.b]      [24/129]     tested and not each piece of code it produces.
12:51:05.967 [INFO]   [Creating]    [pool-3-thread-1]   [com.diffblue.cover.ui.b.b]      [24/129]     Currently, this includes methods identified generated by Lombok, Protobuf,
12:51:05.967 [INFO]   [Creating]    [pool-3-thread-1]   [com.diffblue.cover.ui.b.b]      [24/129]     Grpc, Hibernate, or annotated with a custom '@Generated' annotation
12:51:05.967 [INFO]   [Creating]    [pool-3-thread-1]   [com.diffblue.cover.ui.b.b]      [24/129]     (as long as the custom annotation has 'RUNTIME' or 'CLASS' retention).
12:51:05.967 [INFO]   [Creating]    [pool-3-thread-1]   [com.diffblue.cover.ui.b.b]      [24/129]     Diffblue Cover considers these methods as not directly callable.
12:51:05.971 [INFO]   [Creating]    [pool-3-thread-1]   [com.diffblue.cover.ui.b.b]      [25/129] uk.gov.gchq.palisade.resource.AbstractLeafResource.getConnectionDetail
12:51:05.971 [INFO]   [Creating]    [pool-3-thread-1]   [com.diffblue.cover.ui.b.b]      [25/129]   T024: Generated method
12:51:05.971 [DEBUG]  [Creating]    [pool-3-thread-1]   [com.diffblue.cover.ui.b.b]      [25/129]   (at least 1 line uncovered in this method)
12:51:05.971 [INFO]   [Creating]    [pool-3-thread-1]   [com.diffblue.cover.ui.b.b]      [25/129]     Indicates that the method is generated by some framework or tool and should not
12:51:05.971 [INFO]   [Creating]    [pool-3-thread-1]   [com.diffblue.cover.ui.b.b]      [25/129]     be tested explicitly. The expectation is that the generator itself should be
12:51:05.971 [INFO]   [Creating]    [pool-3-thread-1]   [com.diffblue.cover.ui.b.b]      [25/129]     tested and not each piece of code it produces.
12:51:05.971 [INFO]   [Creating]    [pool-3-thread-1]   [com.diffblue.cover.ui.b.b]      [25/129]     Currently, this includes methods identified generated by Lombok, Protobuf,
12:51:05.971 [INFO]   [Creating]    [pool-3-thread-1]   [com.diffblue.cover.ui.b.b]      [25/129]     Grpc, Hibernate, or annotated with a custom '@Generated' annotation
12:51:05.971 [INFO]   [Creating]    [pool-3-thread-1]   [com.diffblue.cover.ui.b.b]      [25/129]     (as long as the custom annotation has 'RUNTIME' or 'CLASS' retention).
12:51:05.971 [INFO]   [Creating]    [pool-3-thread-1]   [com.diffblue.cover.ui.b.b]      [25/129]     Diffblue Cover considers these methods as not directly callable.
12:51:05.974 [INFO]   [Creating]    [pool-3-thread-1]   [com.diffblue.cover.ui.b.b]      [26/129] uk.gov.gchq.palisade.resource.AbstractLeafResource.getSerialisedFormat
12:51:05.974 [INFO]   [Creating]    [pool-3-thread-1]   [com.diffblue.cover.ui.b.b]      [26/129]   T024: Generated method
12:51:05.975 [DEBUG]  [Creating]    [pool-3-thread-1]   [com.diffblue.cover.ui.b.b]      [26/129]   (at least 1 line uncovered in this method)
12:51:05.975 [INFO]   [Creating]    [pool-3-thread-1]   [com.diffblue.cover.ui.b.b]      [26/129]     Indicates that the method is generated by some framework or tool and should not
12:51:05.975 [INFO]   [Creating]    [pool-3-thread-1]   [com.diffblue.cover.ui.b.b]      [26/129]     be tested explicitly. The expectation is that the generator itself should be
12:51:05.975 [INFO]   [Creating]    [pool-3-thread-1]   [com.diffblue.cover.ui.b.b]      [26/129]     tested and not each piece of code it produces.
12:51:05.975 [INFO]   [Creating]    [pool-3-thread-1]   [com.diffblue.cover.ui.b.b]      [26/129]     Currently, this includes methods identified generated by Lombok, Protobuf,
12:51:05.975 [INFO]   [Creating]    [pool-3-thread-1]   [com.diffblue.cover.ui.b.b]      [26/129]     Grpc, Hibernate, or annotated with a custom '@Generated' annotation
12:51:05.975 [INFO]   [Creating]    [pool-3-thread-1]   [com.diffblue.cover.ui.b.b]      [26/129]     (as long as the custom annotation has 'RUNTIME' or 'CLASS' retention).
12:51:05.975 [INFO]   [Creating]    [pool-3-thread-1]   [com.diffblue.cover.ui.b.b]      [26/129]     Diffblue Cover considers these methods as not directly callable.
12:51:05.978 [INFO]   [Creating]    [pool-3-thread-1]   [com.diffblue.cover.ui.b.b]      [27/129] uk.gov.gchq.palisade.resource.AbstractLeafResource.getType
12:51:05.978 [INFO]   [Creating]    [pool-3-thread-1]   [com.diffblue.cover.ui.b.b]      [27/129]   T024: Generated method
12:51:05.978 [DEBUG]  [Creating]    [pool-3-thread-1]   [com.diffblue.cover.ui.b.b]      [27/129]   (at least 1 line uncovered in this method)
12:51:05.978 [INFO]   [Creating]    [pool-3-thread-1]   [com.diffblue.cover.ui.b.b]      [27/129]     Indicates that the method is generated by some framework or tool and should not
12:51:05.978 [INFO]   [Creating]    [pool-3-thread-1]   [com.diffblue.cover.ui.b.b]      [27/129]     be tested explicitly. The expectation is that the generator itself should be
12:51:05.978 [INFO]   [Creating]    [pool-3-thread-1]   [com.diffblue.cover.ui.b.b]      [27/129]     tested and not each piece of code it produces.
12:51:05.978 [INFO]   [Creating]    [pool-3-thread-1]   [com.diffblue.cover.ui.b.b]      [27/129]     Currently, this includes methods identified generated by Lombok, Protobuf,
12:51:05.978 [INFO]   [Creating]    [pool-3-thread-1]   [com.diffblue.cover.ui.b.b]      [27/129]     Grpc, Hibernate, or annotated with a custom '@Generated' annotation
12:51:05.978 [INFO]   [Creating]    [pool-3-thread-1]   [com.diffblue.cover.ui.b.b]      [27/129]     (as long as the custom annotation has 'RUNTIME' or 'CLASS' retention).
12:51:05.978 [INFO]   [Creating]    [pool-3-thread-1]   [com.diffblue.cover.ui.b.b]      [27/129]     Diffblue Cover considers these methods as not directly callable.
12:51:05.982 [INFO]   [Creating]    [pool-3-thread-1]   [com.diffblue.cover.ui.b.b]      [28/129] uk.gov.gchq.palisade.resource.AbstractLeafResource.hashCode
12:51:05.982 [INFO]   [Creating]    [pool-3-thread-1]   [com.diffblue.cover.ui.b.b]      [28/129]   T024: Generated method
12:51:05.982 [DEBUG]  [Creating]    [pool-3-thread-1]   [com.diffblue.cover.ui.b.b]      [28/129]   (at least 1 line uncovered in this method)
12:51:05.982 [INFO]   [Creating]    [pool-3-thread-1]   [com.diffblue.cover.ui.b.b]      [28/129]     Indicates that the method is generated by some framework or tool and should not
12:51:05.982 [INFO]   [Creating]    [pool-3-thread-1]   [com.diffblue.cover.ui.b.b]      [28/129]     be tested explicitly. The expectation is that the generator itself should be
12:51:05.982 [INFO]   [Creating]    [pool-3-thread-1]   [com.diffblue.cover.ui.b.b]      [28/129]     tested and not each piece of code it produces.
12:51:05.982 [INFO]   [Creating]    [pool-3-thread-1]   [com.diffblue.cover.ui.b.b]      [28/129]     Currently, this includes methods identified generated by Lombok, Protobuf,
12:51:05.982 [INFO]   [Creating]    [pool-3-thread-1]   [com.diffblue.cover.ui.b.b]      [28/129]     Grpc, Hibernate, or annotated with a custom '@Generated' annotation
12:51:05.982 [INFO]   [Creating]    [pool-3-thread-1]   [com.diffblue.cover.ui.b.b]      [28/129]     (as long as the custom annotation has 'RUNTIME' or 'CLASS' retention).
12:51:05.982 [INFO]   [Creating]    [pool-3-thread-1]   [com.diffblue.cover.ui.b.b]      [28/129]     Diffblue Cover considers these methods as not directly callable.
12:51:05.986 [INFO]   [Creating]    [pool-3-thread-1]   [com.diffblue.cover.ui.b.b]      [29/129] uk.gov.gchq.palisade.resource.AbstractLeafResource.isAttributeSet
12:51:05.987 [INFO]   [Creating]    [pool-3-thread-1]   [com.diffblue.cover.ui.b.b]      [29/129]   T024: Generated method
12:51:05.987 [DEBUG]  [Creating]    [pool-3-thread-1]   [com.diffblue.cover.ui.b.b]      [29/129]   (at least 1 line uncovered in this method)
12:51:05.987 [INFO]   [Creating]    [pool-3-thread-1]   [com.diffblue.cover.ui.b.b]      [29/129]     Indicates that the method is generated by some framework or tool and should not
12:51:05.987 [INFO]   [Creating]    [pool-3-thread-1]   [com.diffblue.cover.ui.b.b]      [29/129]     be tested explicitly. The expectation is that the generator itself should be
12:51:05.987 [INFO]   [Creating]    [pool-3-thread-1]   [com.diffblue.cover.ui.b.b]      [29/129]     tested and not each piece of code it produces.
12:51:05.987 [INFO]   [Creating]    [pool-3-thread-1]   [com.diffblue.cover.ui.b.b]      [29/129]     Currently, this includes methods identified generated by Lombok, Protobuf,
12:51:05.987 [INFO]   [Creating]    [pool-3-thread-1]   [com.diffblue.cover.ui.b.b]      [29/129]     Grpc, Hibernate, or annotated with a custom '@Generated' annotation
12:51:05.987 [INFO]   [Creating]    [pool-3-thread-1]   [com.diffblue.cover.ui.b.b]      [29/129]     (as long as the custom annotation has 'RUNTIME' or 'CLASS' retention).
12:51:05.987 [INFO]   [Creating]    [pool-3-thread-1]   [com.diffblue.cover.ui.b.b]      [29/129]     Diffblue Cover considers these methods as not directly callable.
12:51:05.990 [INFO]   [Creating]    [pool-3-thread-1]   [com.diffblue.cover.ui.b.b]      [30/129] uk.gov.gchq.palisade.resource.AbstractLeafResource.serialisedFormat
12:51:05.990 [INFO]   [Creating]    [pool-3-thread-1]   [com.diffblue.cover.ui.b.b]      [30/129]   T024: Generated method
12:51:05.990 [DEBUG]  [Creating]    [pool-3-thread-1]   [com.diffblue.cover.ui.b.b]      [30/129]   (at least 2 lines uncovered in this method)
12:51:05.990 [INFO]   [Creating]    [pool-3-thread-1]   [com.diffblue.cover.ui.b.b]      [30/129]     Indicates that the method is generated by some framework or tool and should not
12:51:05.990 [INFO]   [Creating]    [pool-3-thread-1]   [com.diffblue.cover.ui.b.b]      [30/129]     be tested explicitly. The expectation is that the generator itself should be
12:51:05.990 [INFO]   [Creating]    [pool-3-thread-1]   [com.diffblue.cover.ui.b.b]      [30/129]     tested and not each piece of code it produces.
12:51:05.990 [INFO]   [Creating]    [pool-3-thread-1]   [com.diffblue.cover.ui.b.b]      [30/129]     Currently, this includes methods identified generated by Lombok, Protobuf,
12:51:05.990 [INFO]   [Creating]    [pool-3-thread-1]   [com.diffblue.cover.ui.b.b]      [30/129]     Grpc, Hibernate, or annotated with a custom '@Generated' annotation
12:51:05.990 [INFO]   [Creating]    [pool-3-thread-1]   [com.diffblue.cover.ui.b.b]      [30/129]     (as long as the custom annotation has 'RUNTIME' or 'CLASS' retention).
12:51:05.991 [INFO]   [Creating]    [pool-3-thread-1]   [com.diffblue.cover.ui.b.b]      [30/129]     Diffblue Cover considers these methods as not directly callable.
12:51:05.994 [INFO]   [Creating]    [pool-3-thread-1]   [com.diffblue.cover.ui.b.b]      [31/129] uk.gov.gchq.palisade.resource.AbstractLeafResource.setAttribute
12:51:05.994 [INFO]   [Creating]    [pool-3-thread-1]   [com.diffblue.cover.ui.b.b]      [31/129]   T024: Generated method
12:51:05.994 [DEBUG]  [Creating]    [pool-3-thread-1]   [com.diffblue.cover.ui.b.b]      [31/129]   (at least 4 lines uncovered in this method)
12:51:05.994 [INFO]   [Creating]    [pool-3-thread-1]   [com.diffblue.cover.ui.b.b]      [31/129]     Indicates that the method is generated by some framework or tool and should not
12:51:05.994 [INFO]   [Creating]    [pool-3-thread-1]   [com.diffblue.cover.ui.b.b]      [31/129]     be tested explicitly. The expectation is that the generator itself should be
12:51:05.994 [INFO]   [Creating]    [pool-3-thread-1]   [com.diffblue.cover.ui.b.b]      [31/129]     tested and not each piece of code it produces.
12:51:05.994 [INFO]   [Creating]    [pool-3-thread-1]   [com.diffblue.cover.ui.b.b]      [31/129]     Currently, this includes methods identified generated by Lombok, Protobuf,
12:51:05.994 [INFO]   [Creating]    [pool-3-thread-1]   [com.diffblue.cover.ui.b.b]      [31/129]     Grpc, Hibernate, or annotated with a custom '@Generated' annotation
12:51:05.994 [INFO]   [Creating]    [pool-3-thread-1]   [com.diffblue.cover.ui.b.b]      [31/129]     (as long as the custom annotation has 'RUNTIME' or 'CLASS' retention).
12:51:05.994 [INFO]   [Creating]    [pool-3-thread-1]   [com.diffblue.cover.ui.b.b]      [31/129]     Diffblue Cover considers these methods as not directly callable.
12:51:05.998 [INFO]   [Creating]    [pool-3-thread-1]   [com.diffblue.cover.ui.b.b]      [32/129] uk.gov.gchq.palisade.resource.AbstractLeafResource.setAttributes
12:51:05.998 [INFO]   [Creating]    [pool-3-thread-1]   [com.diffblue.cover.ui.b.b]      [32/129]   T024: Generated method
12:51:05.998 [DEBUG]  [Creating]    [pool-3-thread-1]   [com.diffblue.cover.ui.b.b]      [32/129]   (at least 3 lines uncovered in this method)
12:51:05.998 [INFO]   [Creating]    [pool-3-thread-1]   [com.diffblue.cover.ui.b.b]      [32/129]     Indicates that the method is generated by some framework or tool and should not
12:51:05.998 [INFO]   [Creating]    [pool-3-thread-1]   [com.diffblue.cover.ui.b.b]      [32/129]     be tested explicitly. The expectation is that the generator itself should be
12:51:05.998 [INFO]   [Creating]    [pool-3-thread-1]   [com.diffblue.cover.ui.b.b]      [32/129]     tested and not each piece of code it produces.
12:51:05.998 [INFO]   [Creating]    [pool-3-thread-1]   [com.diffblue.cover.ui.b.b]      [32/129]     Currently, this includes methods identified generated by Lombok, Protobuf,
12:51:05.998 [INFO]   [Creating]    [pool-3-thread-1]   [com.diffblue.cover.ui.b.b]      [32/129]     Grpc, Hibernate, or annotated with a custom '@Generated' annotation
12:51:05.998 [INFO]   [Creating]    [pool-3-thread-1]   [com.diffblue.cover.ui.b.b]      [32/129]     (as long as the custom annotation has 'RUNTIME' or 'CLASS' retention).
12:51:05.998 [INFO]   [Creating]    [pool-3-thread-1]   [com.diffblue.cover.ui.b.b]      [32/129]     Diffblue Cover considers these methods as not directly callable.
12:51:06.002 [INFO]   [Creating]    [pool-3-thread-1]   [com.diffblue.cover.ui.b.b]      [33/129] uk.gov.gchq.palisade.resource.AbstractLeafResource.setConnectionDetail
12:51:06.002 [INFO]   [Creating]    [pool-3-thread-1]   [com.diffblue.cover.ui.b.b]      [33/129]   T024: Generated method
12:51:06.002 [DEBUG]  [Creating]    [pool-3-thread-1]   [com.diffblue.cover.ui.b.b]      [33/129]   (at least 3 lines uncovered in this method)
12:51:06.002 [INFO]   [Creating]    [pool-3-thread-1]   [com.diffblue.cover.ui.b.b]      [33/129]     Indicates that the method is generated by some framework or tool and should not
12:51:06.002 [INFO]   [Creating]    [pool-3-thread-1]   [com.diffblue.cover.ui.b.b]      [33/129]     be tested explicitly. The expectation is that the generator itself should be
12:51:06.002 [INFO]   [Creating]    [pool-3-thread-1]   [com.diffblue.cover.ui.b.b]      [33/129]     tested and not each piece of code it produces.
12:51:06.002 [INFO]   [Creating]    [pool-3-thread-1]   [com.diffblue.cover.ui.b.b]      [33/129]     Currently, this includes methods identified generated by Lombok, Protobuf,
12:51:06.002 [INFO]   [Creating]    [pool-3-thread-1]   [com.diffblue.cover.ui.b.b]      [33/129]     Grpc, Hibernate, or annotated with a custom '@Generated' annotation
12:51:06.002 [INFO]   [Creating]    [pool-3-thread-1]   [com.diffblue.cover.ui.b.b]      [33/129]     (as long as the custom annotation has 'RUNTIME' or 'CLASS' retention).
12:51:06.002 [INFO]   [Creating]    [pool-3-thread-1]   [com.diffblue.cover.ui.b.b]      [33/129]     Diffblue Cover considers these methods as not directly callable.
12:51:06.006 [INFO]   [Creating]    [pool-3-thread-1]   [com.diffblue.cover.ui.b.b]      [34/129] uk.gov.gchq.palisade.resource.AbstractLeafResource.setSerialisedFormat
12:51:06.006 [INFO]   [Creating]    [pool-3-thread-1]   [com.diffblue.cover.ui.b.b]      [34/129]   T024: Generated method
12:51:06.006 [DEBUG]  [Creating]    [pool-3-thread-1]   [com.diffblue.cover.ui.b.b]      [34/129]   (at least 3 lines uncovered in this method)
12:51:06.006 [INFO]   [Creating]    [pool-3-thread-1]   [com.diffblue.cover.ui.b.b]      [34/129]     Indicates that the method is generated by some framework or tool and should not
12:51:06.006 [INFO]   [Creating]    [pool-3-thread-1]   [com.diffblue.cover.ui.b.b]      [34/129]     be tested explicitly. The expectation is that the generator itself should be
12:51:06.006 [INFO]   [Creating]    [pool-3-thread-1]   [com.diffblue.cover.ui.b.b]      [34/129]     tested and not each piece of code it produces.
12:51:06.006 [INFO]   [Creating]    [pool-3-thread-1]   [com.diffblue.cover.ui.b.b]      [34/129]     Currently, this includes methods identified generated by Lombok, Protobuf,
12:51:06.006 [INFO]   [Creating]    [pool-3-thread-1]   [com.diffblue.cover.ui.b.b]      [34/129]     Grpc, Hibernate, or annotated with a custom '@Generated' annotation
12:51:06.006 [INFO]   [Creating]    [pool-3-thread-1]   [com.diffblue.cover.ui.b.b]      [34/129]     (as long as the custom annotation has 'RUNTIME' or 'CLASS' retention).
12:51:06.006 [INFO]   [Creating]    [pool-3-thread-1]   [com.diffblue.cover.ui.b.b]      [34/129]     Diffblue Cover considers these methods as not directly callable.
12:51:06.010 [INFO]   [Creating]    [pool-3-thread-1]   [com.diffblue.cover.ui.b.b]      [35/129] uk.gov.gchq.palisade.resource.AbstractLeafResource.setType
12:51:06.010 [INFO]   [Creating]    [pool-3-thread-1]   [com.diffblue.cover.ui.b.b]      [35/129]   T024: Generated method
12:51:06.010 [DEBUG]  [Creating]    [pool-3-thread-1]   [com.diffblue.cover.ui.b.b]      [35/129]   (at least 3 lines uncovered in this method)
12:51:06.010 [INFO]   [Creating]    [pool-3-thread-1]   [com.diffblue.cover.ui.b.b]      [35/129]     Indicates that the method is generated by some framework or tool and should not
12:51:06.010 [INFO]   [Creating]    [pool-3-thread-1]   [com.diffblue.cover.ui.b.b]      [35/129]     be tested explicitly. The expectation is that the generator itself should be
12:51:06.010 [INFO]   [Creating]    [pool-3-thread-1]   [com.diffblue.cover.ui.b.b]      [35/129]     tested and not each piece of code it produces.
12:51:06.010 [INFO]   [Creating]    [pool-3-thread-1]   [com.diffblue.cover.ui.b.b]      [35/129]     Currently, this includes methods identified generated by Lombok, Protobuf,
12:51:06.010 [INFO]   [Creating]    [pool-3-thread-1]   [com.diffblue.cover.ui.b.b]      [35/129]     Grpc, Hibernate, or annotated with a custom '@Generated' annotation
12:51:06.010 [INFO]   [Creating]    [pool-3-thread-1]   [com.diffblue.cover.ui.b.b]      [35/129]     (as long as the custom annotation has 'RUNTIME' or 'CLASS' retention).
12:51:06.010 [INFO]   [Creating]    [pool-3-thread-1]   [com.diffblue.cover.ui.b.b]      [35/129]     Diffblue Cover considers these methods as not directly callable.
12:51:06.013 [INFO]   [Creating]    [pool-3-thread-1]   [com.diffblue.cover.ui.b.b]      [36/129] uk.gov.gchq.palisade.resource.AbstractLeafResource.toString
12:51:06.013 [INFO]   [Creating]    [pool-3-thread-1]   [com.diffblue.cover.ui.b.b]      [36/129]   T024: Generated method
12:51:06.013 [DEBUG]  [Creating]    [pool-3-thread-1]   [com.diffblue.cover.ui.b.b]      [36/129]   (at least 8 lines uncovered in this method)
12:51:06.013 [INFO]   [Creating]    [pool-3-thread-1]   [com.diffblue.cover.ui.b.b]      [36/129]     Indicates that the method is generated by some framework or tool and should not
12:51:06.013 [INFO]   [Creating]    [pool-3-thread-1]   [com.diffblue.cover.ui.b.b]      [36/129]     be tested explicitly. The expectation is that the generator itself should be
12:51:06.013 [INFO]   [Creating]    [pool-3-thread-1]   [com.diffblue.cover.ui.b.b]      [36/129]     tested and not each piece of code it produces.
12:51:06.013 [INFO]   [Creating]    [pool-3-thread-1]   [com.diffblue.cover.ui.b.b]      [36/129]     Currently, this includes methods identified generated by Lombok, Protobuf,
12:51:06.013 [INFO]   [Creating]    [pool-3-thread-1]   [com.diffblue.cover.ui.b.b]      [36/129]     Grpc, Hibernate, or annotated with a custom '@Generated' annotation
12:51:06.013 [INFO]   [Creating]    [pool-3-thread-1]   [com.diffblue.cover.ui.b.b]      [36/129]     (as long as the custom annotation has 'RUNTIME' or 'CLASS' retention).
12:51:06.013 [INFO]   [Creating]    [pool-3-thread-1]   [com.diffblue.cover.ui.b.b]      [36/129]     Diffblue Cover considers these methods as not directly callable.
12:51:06.017 [INFO]   [Creating]    [pool-3-thread-1]   [com.diffblue.cover.ui.b.b]      [37/129] uk.gov.gchq.palisade.resource.AbstractLeafResource.type
12:51:06.017 [INFO]   [Creating]    [pool-3-thread-1]   [com.diffblue.cover.ui.b.b]      [37/129]   T024: Generated method
12:51:06.017 [DEBUG]  [Creating]    [pool-3-thread-1]   [com.diffblue.cover.ui.b.b]      [37/129]   (at least 2 lines uncovered in this method)
12:51:06.017 [INFO]   [Creating]    [pool-3-thread-1]   [com.diffblue.cover.ui.b.b]      [37/129]     Indicates that the method is generated by some framework or tool and should not
12:51:06.017 [INFO]   [Creating]    [pool-3-thread-1]   [com.diffblue.cover.ui.b.b]      [37/129]     be tested explicitly. The expectation is that the generator itself should be
12:51:06.017 [INFO]   [Creating]    [pool-3-thread-1]   [com.diffblue.cover.ui.b.b]      [37/129]     tested and not each piece of code it produces.
12:51:06.017 [INFO]   [Creating]    [pool-3-thread-1]   [com.diffblue.cover.ui.b.b]      [37/129]     Currently, this includes methods identified generated by Lombok, Protobuf,
12:51:06.017 [INFO]   [Creating]    [pool-3-thread-1]   [com.diffblue.cover.ui.b.b]      [37/129]     Grpc, Hibernate, or annotated with a custom '@Generated' annotation
12:51:06.017 [INFO]   [Creating]    [pool-3-thread-1]   [com.diffblue.cover.ui.b.b]      [37/129]     (as long as the custom annotation has 'RUNTIME' or 'CLASS' retention).
12:51:06.017 [INFO]   [Creating]    [pool-3-thread-1]   [com.diffblue.cover.ui.b.b]      [37/129]     Diffblue Cover considers these methods as not directly callable.
12:51:06.018 [INFO]   [Creating]    [pool-3-thread-1]   [com.diffblue.cover.ui.b.b]  [3/25] uk.gov.gchq.palisade.resource.AbstractLeafResource
12:51:06.018 [INFO]   [Creating]    [pool-3-thread-1]   [com.diffblue.cover.ui.b.b]  [3/25]   Tests created: 0
12:51:06.018 [DEBUG]  [Creating]    [pool-3-thread-1]   [com.diffblue.cover.ui.b.b]  [3/25]   (at least 53 lines uncovered in this class)
12:51:06.018 [INFO]   [Creating]    [pool-3-thread-1]   [com.diffblue.cover.m.a.b] No testable methods
12:51:06.018 [INFO]   [Creating]    [pool-3-thread-1]   [com.diffblue.cover.m.a.b] 
================================================================================
= Starting analysis for class 'uk.gov.gchq.palisade.resource.AbstractResource'
================================================================================
12:51:06.018 [INFO]   [Creating]    [pool-3-thread-1]   [com.diffblue.cover.m.a.b] Filtering out non-testable methods...
12:51:06.038 [INFO]   [Creating]    [pool-3-thread-1]   [com.diffblue.cover.ui.b.b]      [38/129] uk.gov.gchq.palisade.resource.AbstractResource.equals
12:51:06.039 [INFO]   [Creating]    [pool-3-thread-1]   [com.diffblue.cover.ui.b.b]      [38/129]   T024: Generated method
12:51:06.039 [DEBUG]  [Creating]    [pool-3-thread-1]   [com.diffblue.cover.ui.b.b]      [38/129]   (at least 6 lines uncovered in this method)
12:51:06.039 [INFO]   [Creating]    [pool-3-thread-1]   [com.diffblue.cover.ui.b.b]      [38/129]     Indicates that the method is generated by some framework or tool and should not
12:51:06.039 [INFO]   [Creating]    [pool-3-thread-1]   [com.diffblue.cover.ui.b.b]      [38/129]     be tested explicitly. The expectation is that the generator itself should be
12:51:06.039 [INFO]   [Creating]    [pool-3-thread-1]   [com.diffblue.cover.ui.b.b]      [38/129]     tested and not each piece of code it produces.
12:51:06.039 [INFO]   [Creating]    [pool-3-thread-1]   [com.diffblue.cover.ui.b.b]      [38/129]     Currently, this includes methods identified generated by Lombok, Protobuf,
12:51:06.039 [INFO]   [Creating]    [pool-3-thread-1]   [com.diffblue.cover.ui.b.b]      [38/129]     Grpc, Hibernate, or annotated with a custom '@Generated' annotation
12:51:06.039 [INFO]   [Creating]    [pool-3-thread-1]   [com.diffblue.cover.ui.b.b]      [38/129]     (as long as the custom annotation has 'RUNTIME' or 'CLASS' retention).
12:51:06.039 [INFO]   [Creating]    [pool-3-thread-1]   [com.diffblue.cover.ui.b.b]      [38/129]     Diffblue Cover considers these methods as not directly callable.
12:51:06.042 [INFO]   [Creating]    [pool-3-thread-1]   [com.diffblue.cover.ui.b.b]      [39/129] uk.gov.gchq.palisade.resource.AbstractResource.getId
12:51:06.042 [INFO]   [Creating]    [pool-3-thread-1]   [com.diffblue.cover.ui.b.b]      [39/129]   T024: Generated method
12:51:06.042 [DEBUG]  [Creating]    [pool-3-thread-1]   [com.diffblue.cover.ui.b.b]      [39/129]   (at least 1 line uncovered in this method)
12:51:06.042 [INFO]   [Creating]    [pool-3-thread-1]   [com.diffblue.cover.ui.b.b]      [39/129]     Indicates that the method is generated by some framework or tool and should not
12:51:06.042 [INFO]   [Creating]    [pool-3-thread-1]   [com.diffblue.cover.ui.b.b]      [39/129]     be tested explicitly. The expectation is that the generator itself should be
12:51:06.042 [INFO]   [Creating]    [pool-3-thread-1]   [com.diffblue.cover.ui.b.b]      [39/129]     tested and not each piece of code it produces.
12:51:06.042 [INFO]   [Creating]    [pool-3-thread-1]   [com.diffblue.cover.ui.b.b]      [39/129]     Currently, this includes methods identified generated by Lombok, Protobuf,
12:51:06.042 [INFO]   [Creating]    [pool-3-thread-1]   [com.diffblue.cover.ui.b.b]      [39/129]     Grpc, Hibernate, or annotated with a custom '@Generated' annotation
12:51:06.042 [INFO]   [Creating]    [pool-3-thread-1]   [com.diffblue.cover.ui.b.b]      [39/129]     (as long as the custom annotation has 'RUNTIME' or 'CLASS' retention).
12:51:06.042 [INFO]   [Creating]    [pool-3-thread-1]   [com.diffblue.cover.ui.b.b]      [39/129]     Diffblue Cover considers these methods as not directly callable.
12:51:06.045 [INFO]   [Creating]    [pool-3-thread-1]   [com.diffblue.cover.ui.b.b]      [40/129] uk.gov.gchq.palisade.resource.AbstractResource.hashCode
12:51:06.045 [INFO]   [Creating]    [pool-3-thread-1]   [com.diffblue.cover.ui.b.b]      [40/129]   T024: Generated method
12:51:06.045 [DEBUG]  [Creating]    [pool-3-thread-1]   [com.diffblue.cover.ui.b.b]      [40/129]   (at least 1 line uncovered in this method)
12:51:06.045 [INFO]   [Creating]    [pool-3-thread-1]   [com.diffblue.cover.ui.b.b]      [40/129]     Indicates that the method is generated by some framework or tool and should not
12:51:06.045 [INFO]   [Creating]    [pool-3-thread-1]   [com.diffblue.cover.ui.b.b]      [40/129]     be tested explicitly. The expectation is that the generator itself should be
12:51:06.045 [INFO]   [Creating]    [pool-3-thread-1]   [com.diffblue.cover.ui.b.b]      [40/129]     tested and not each piece of code it produces.
12:51:06.045 [INFO]   [Creating]    [pool-3-thread-1]   [com.diffblue.cover.ui.b.b]      [40/129]     Currently, this includes methods identified generated by Lombok, Protobuf,
12:51:06.045 [INFO]   [Creating]    [pool-3-thread-1]   [com.diffblue.cover.ui.b.b]      [40/129]     Grpc, Hibernate, or annotated with a custom '@Generated' annotation
12:51:06.045 [INFO]   [Creating]    [pool-3-thread-1]   [com.diffblue.cover.ui.b.b]      [40/129]     (as long as the custom annotation has 'RUNTIME' or 'CLASS' retention).
12:51:06.045 [INFO]   [Creating]    [pool-3-thread-1]   [com.diffblue.cover.ui.b.b]      [40/129]     Diffblue Cover considers these methods as not directly callable.
12:51:06.048 [INFO]   [Creating]    [pool-3-thread-1]   [com.diffblue.cover.ui.b.b]      [41/129] uk.gov.gchq.palisade.resource.AbstractResource.id
12:51:06.048 [INFO]   [Creating]    [pool-3-thread-1]   [com.diffblue.cover.ui.b.b]      [41/129]   T024: Generated method
12:51:06.048 [DEBUG]  [Creating]    [pool-3-thread-1]   [com.diffblue.cover.ui.b.b]      [41/129]   (at least 2 lines uncovered in this method)
12:51:06.048 [INFO]   [Creating]    [pool-3-thread-1]   [com.diffblue.cover.ui.b.b]      [41/129]     Indicates that the method is generated by some framework or tool and should not
12:51:06.048 [INFO]   [Creating]    [pool-3-thread-1]   [com.diffblue.cover.ui.b.b]      [41/129]     be tested explicitly. The expectation is that the generator itself should be
12:51:06.048 [INFO]   [Creating]    [pool-3-thread-1]   [com.diffblue.cover.ui.b.b]      [41/129]     tested and not each piece of code it produces.
12:51:06.048 [INFO]   [Creating]    [pool-3-thread-1]   [com.diffblue.cover.ui.b.b]      [41/129]     Currently, this includes methods identified generated by Lombok, Protobuf,
12:51:06.048 [INFO]   [Creating]    [pool-3-thread-1]   [com.diffblue.cover.ui.b.b]      [41/129]     Grpc, Hibernate, or annotated with a custom '@Generated' annotation
12:51:06.048 [INFO]   [Creating]    [pool-3-thread-1]   [com.diffblue.cover.ui.b.b]      [41/129]     (as long as the custom annotation has 'RUNTIME' or 'CLASS' retention).
12:51:06.048 [INFO]   [Creating]    [pool-3-thread-1]   [com.diffblue.cover.ui.b.b]      [41/129]     Diffblue Cover considers these methods as not directly callable.
12:51:06.051 [INFO]   [Creating]    [pool-3-thread-1]   [com.diffblue.cover.ui.b.b]      [42/129] uk.gov.gchq.palisade.resource.AbstractResource.setId
12:51:06.052 [INFO]   [Creating]    [pool-3-thread-1]   [com.diffblue.cover.ui.b.b]      [42/129]   T024: Generated method
12:51:06.052 [DEBUG]  [Creating]    [pool-3-thread-1]   [com.diffblue.cover.ui.b.b]      [42/129]   (at least 3 lines uncovered in this method)
12:51:06.052 [INFO]   [Creating]    [pool-3-thread-1]   [com.diffblue.cover.ui.b.b]      [42/129]     Indicates that the method is generated by some framework or tool and should not
12:51:06.052 [INFO]   [Creating]    [pool-3-thread-1]   [com.diffblue.cover.ui.b.b]      [42/129]     be tested explicitly. The expectation is that the generator itself should be
12:51:06.052 [INFO]   [Creating]    [pool-3-thread-1]   [com.diffblue.cover.ui.b.b]      [42/129]     tested and not each piece of code it produces.
12:51:06.052 [INFO]   [Creating]    [pool-3-thread-1]   [com.diffblue.cover.ui.b.b]      [42/129]     Currently, this includes methods identified generated by Lombok, Protobuf,
12:51:06.052 [INFO]   [Creating]    [pool-3-thread-1]   [com.diffblue.cover.ui.b.b]      [42/129]     Grpc, Hibernate, or annotated with a custom '@Generated' annotation
12:51:06.052 [INFO]   [Creating]    [pool-3-thread-1]   [com.diffblue.cover.ui.b.b]      [42/129]     (as long as the custom annotation has 'RUNTIME' or 'CLASS' retention).
12:51:06.052 [INFO]   [Creating]    [pool-3-thread-1]   [com.diffblue.cover.ui.b.b]      [42/129]     Diffblue Cover considers these methods as not directly callable.
12:51:06.055 [INFO]   [Creating]    [pool-3-thread-1]   [com.diffblue.cover.ui.b.b]      [43/129] uk.gov.gchq.palisade.resource.AbstractResource.toString
12:51:06.055 [INFO]   [Creating]    [pool-3-thread-1]   [com.diffblue.cover.ui.b.b]      [43/129]   T024: Generated method
12:51:06.055 [DEBUG]  [Creating]    [pool-3-thread-1]   [com.diffblue.cover.ui.b.b]      [43/129]   (at least 5 lines uncovered in this method)
12:51:06.055 [INFO]   [Creating]    [pool-3-thread-1]   [com.diffblue.cover.ui.b.b]      [43/129]     Indicates that the method is generated by some framework or tool and should not
12:51:06.055 [INFO]   [Creating]    [pool-3-thread-1]   [com.diffblue.cover.ui.b.b]      [43/129]     be tested explicitly. The expectation is that the generator itself should be
12:51:06.055 [INFO]   [Creating]    [pool-3-thread-1]   [com.diffblue.cover.ui.b.b]      [43/129]     tested and not each piece of code it produces.
12:51:06.055 [INFO]   [Creating]    [pool-3-thread-1]   [com.diffblue.cover.ui.b.b]      [43/129]     Currently, this includes methods identified generated by Lombok, Protobuf,
12:51:06.055 [INFO]   [Creating]    [pool-3-thread-1]   [com.diffblue.cover.ui.b.b]      [43/129]     Grpc, Hibernate, or annotated with a custom '@Generated' annotation
12:51:06.055 [INFO]   [Creating]    [pool-3-thread-1]   [com.diffblue.cover.ui.b.b]      [43/129]     (as long as the custom annotation has 'RUNTIME' or 'CLASS' retention).
12:51:06.055 [INFO]   [Creating]    [pool-3-thread-1]   [com.diffblue.cover.ui.b.b]      [43/129]     Diffblue Cover considers these methods as not directly callable.
12:51:06.056 [DEBUG]  [Creating]    [pool-3-thread-1]   [com.diffblue.combiner.d.j] Using Javaparser to combine tests
12:51:06.057 [INFO]   [Creating]    [pool-3-thread-1]   [com.diffblue.cover.m.a.b] Filtering of methods complete. Creating analysis request
12:51:06.057 [INFO]   [Creating]    [pool-3-thread-1]   [com.diffblue.cover.service.c] Attempting to get service client, retry 1.
12:51:06.059 [DEBUG]  [Creating]    [analyzer-service:grpc-default-executor-2][com.diffblue.cover.service.analyzer.a.c] Watchdog reset
12:51:06.087 [DEBUG]  [Creating]    [analyzer-service:grpc-default-executor-2][com.diffblue.fuzztest.e.a] Class information:
12:51:06.087 [DEBUG]  [Creating]    [analyzer-service:grpc-default-executor-2][com.diffblue.fuzztest.e.a]   Implements: interface uk.gov.gchq.palisade.resource.Resource
12:51:06.087 [DEBUG]  [Creating]    [analyzer-service:grpc-default-executor-2][com.diffblue.fuzztest.e.a]   Fields: private static final java.util.Comparator uk.gov.gchq.palisade.resource.AbstractResource.COMP, protected java.lang.String uk.gov.gchq.palisade.resource.AbstractResource.id
12:51:06.087 [DEBUG]  [Creating]    [analyzer-service:grpc-default-executor-2][com.diffblue.fuzztest.e.a]   Constructors: protected uk.gov.gchq.palisade.resource.AbstractResource()
12:51:06.088 [DEBUG]  [Creating]    [analyzer-service:grpc-default-executor-2][com.diffblue.fuzztest.e.a]   Methods: public int uk.gov.gchq.palisade.resource.AbstractResource.compareTo(java.lang.Object), public int uk.gov.gchq.palisade.resource.AbstractResource.compareTo(uk.gov.gchq.palisade.resource.Resource), public boolean uk.gov.gchq.palisade.resource.AbstractResource.equals(java.lang.Object), public java.lang.String uk.gov.gchq.palisade.resource.AbstractResource.getId(), public int uk.gov.gchq.palisade.resource.AbstractResource.hashCode(), public uk.gov.gchq.palisade.resource.AbstractResource uk.gov.gchq.palisade.resource.AbstractResource.id(java.lang.String), public uk.gov.gchq.palisade.resource.Resource uk.gov.gchq.palisade.resource.AbstractResource.id(java.lang.String), public void uk.gov.gchq.palisade.resource.AbstractResource.setId(java.lang.String), public java.lang.String uk.gov.gchq.palisade.resource.AbstractResource.toString()
12:51:06.108 [DEBUG]  [Creating]    [analyzer-service:TimedExecutor-23][com.diffblue.fuzztest.g.e] 
================================================================================
= Creating tests for 'uk.gov.gchq.palisade.resource.AbstractResource.compareTo:(Luk/gov/gchq/palisade/resource/Resource;)I' using 'SiM (!sp, fnm, df)'
================================================================================
12:51:06.112 [DEBUG]  [Creating]    [analyzer-service:TimedExecutor-23][com.diffblue.fuzztest.g.ap] Test file does not exist: /home/jbergqvist/diffblue/Palisade-common/src/test/java/uk/gov/gchq/palisade/resource/AbstractResourceDiffblueTest.java
12:51:06.113 [DEBUG]  [Creating]    [analyzer-service:TimedExecutor-23][com.diffblue.fuzztest.g.e] 
================================================================================
= Trying DI configuration EmptyDependencyInjectionTirConfiguration for uk.gov.gchq.palisade.resource.AbstractResource.compareTo:(Luk/gov/gchq/palisade/resource/Resource;)I
================================================================================
12:51:06.359 [DEBUG]  [Creating]    [analyzer-service:TimedExecutor-23][com.diffblue.cover.service.analyzer.a.c] Watchdog reset
12:51:06.763 [DEBUG]  [Creating]    [analyzer-service:TimedExecutor-23][com.diffblue.fuzztest.b.f] Refinement loop done: 1 seeds, 2+0 new+accumulated tests, 1+1 tests+partial tests, 560/1000 its
12:51:06.826 [DEBUG]  [Creating]    [analyzer-service:TimedExecutor-23][com.diffblue.fuzztest.g.e] DI configuration 'com.diffblue.tir.p' generated tests: 2
12:51:06.827 [DEBUG]  [Creating]    [analyzer-service:TimedExecutor-23][com.diffblue.fuzztest.g.e] Enabling descriptive test naming
12:51:06.836 [DEBUG]  [Creating]    [analyzer-service:grpc-default-executor-2][com.diffblue.fuzztest.e.c] Created 1+0 tests and partial tests via 'SiM (!sp, fnm, df)' SiM fallback 1/2, returning all 1
12:51:06.869 [DEBUG]  [Creating]    [pool-3-thread-1]   [com.diffblue.cover.m.a.b] in processAnalysisResult for uk.gov.gchq.palisade.resource.AbstractResource.compareTo:(Luk/gov/gchq/palisade/resource/Resource;)I
12:51:06.870 [DEBUG]  [Creating]    [pool-3-thread-1]   [com.diffblue.combiner.d.j] Using Javaparser to combine tests
12:51:06.935 [DEBUG]  [Creating]    [pool-6-thread-8]   [com.diffblue.cover.l.a.c] EdgeCoverageRuntime contains 8 edges
12:51:06.936 [DEBUG]  [Creating]    [pool-3-thread-1]   [com.diffblue.combiner.a.c] Adding changeSet to account as new: Optional[uk.gov.gchq.palisade.resource.AbstractResource.compareTo:(Luk/gov/gchq/palisade/resource/Resource;)I]
12:51:06.968 [DEBUG]  [Creating]    [pool-3-thread-1]   [com.diffblue.cover.r.d] Finished with MethodGroup: compareTo, countOfTests: 1, countOfMethodsTested: 1 TestGenerationAccount: a[countOfRemoved=0, countOfUnchanged=0, countOfUpdated=0, countOfNew=8]
12:51:06.966 [DEBUG]  [Creating]    [analyzer-service:grpc-default-executor-2][com.diffblue.cover.service.analyzer.a.c] Watchdog reset
12:51:06.968 [INFO]   [Creating]    [pool-3-thread-1]   [com.diffblue.cover.ui.b.b]      [44/129] uk.gov.gchq.palisade.resource.AbstractResource.compareTo
12:51:06.968 [INFO]   [Creating]    [pool-3-thread-1]   [com.diffblue.cover.ui.b.b]      [44/129]   Tests created: 1
12:51:06.971 [INFO]   [Creating]    [pool-3-thread-1]   [com.diffblue.cover.ui.b.b]  [4/25] uk.gov.gchq.palisade.resource.AbstractResource
12:51:06.972 [INFO]   [Creating]    [pool-3-thread-1]   [com.diffblue.cover.ui.b.b]  [4/25]   Tests created: 1
12:51:06.972 [DEBUG]  [Creating]    [pool-3-thread-1]   [com.diffblue.cover.ui.b.b]  [4/25]   (at least 18 lines uncovered in this class)
12:51:06.973 [INFO]   [Creating]    [pool-3-thread-1]   [com.diffblue.cover.m.a.b] 
================================================================================
= Starting analysis for class 'uk.gov.gchq.palisade.resource.impl.DirectoryResource'
================================================================================
12:51:06.973 [INFO]   [Creating]    [pool-3-thread-1]   [com.diffblue.cover.m.a.b] Filtering out non-testable methods...
12:51:06.975 [DEBUG]  [Creating]    [pool-3-thread-1]   [com.diffblue.combiner.d.j] Using Javaparser to combine tests
12:51:06.976 [INFO]   [Creating]    [pool-3-thread-1]   [com.diffblue.cover.m.a.b] Filtering of methods complete. Creating analysis request
12:51:06.976 [INFO]   [Creating]    [pool-3-thread-1]   [com.diffblue.cover.service.c] Attempting to get service client, retry 1.
12:51:07.000 [DEBUG]  [Creating]    [analyzer-service:grpc-default-executor-2][com.diffblue.fuzztest.e.a] Class information:
12:51:07.001 [DEBUG]  [Creating]    [analyzer-service:grpc-default-executor-2][com.diffblue.fuzztest.e.a]   Implements: interface uk.gov.gchq.palisade.resource.ChildResource, interface uk.gov.gchq.palisade.resource.ParentResource
12:51:07.001 [DEBUG]  [Creating]    [analyzer-service:grpc-default-executor-2][com.diffblue.fuzztest.e.a]   Extends: class uk.gov.gchq.palisade.resource.AbstractResource
12:51:07.001 [DEBUG]  [Creating]    [analyzer-service:grpc-default-executor-2][com.diffblue.fuzztest.e.a]   Fields: private static final long uk.gov.gchq.palisade.resource.impl.DirectoryResource.serialVersionUID
12:51:07.001 [DEBUG]  [Creating]    [analyzer-service:grpc-default-executor-2][com.diffblue.fuzztest.e.a]   Constructors: public uk.gov.gchq.palisade.resource.impl.DirectoryResource()
12:51:07.001 [DEBUG]  [Creating]    [analyzer-service:grpc-default-executor-2][com.diffblue.fuzztest.e.a]   Methods: public uk.gov.gchq.palisade.resource.ParentResource uk.gov.gchq.palisade.resource.impl.DirectoryResource.getParent(), public uk.gov.gchq.palisade.resource.AbstractResource uk.gov.gchq.palisade.resource.impl.DirectoryResource.id(java.lang.String), public uk.gov.gchq.palisade.resource.Resource uk.gov.gchq.palisade.resource.impl.DirectoryResource.id(java.lang.String), public uk.gov.gchq.palisade.resource.impl.DirectoryResource uk.gov.gchq.palisade.resource.impl.DirectoryResource.id(java.lang.String)
12:51:07.019 [DEBUG]  [Creating]    [analyzer-service:TimedExecutor-30][com.diffblue.fuzztest.g.e] 
================================================================================
= Creating tests for 'uk.gov.gchq.palisade.resource.impl.DirectoryResource.<init>:()V' using 'TrM (!sp, !fnm, df)'
================================================================================
12:51:07.019 [DEBUG]  [Creating]    [analyzer-service:TimedExecutor-30][com.diffblue.fuzztest.g.e] 
================================================================================
= Trying DI configuration EmptyDependencyInjectionTirConfiguration for uk.gov.gchq.palisade.resource.impl.DirectoryResource.<init>:()V
================================================================================
12:51:07.096 [DEBUG]  [Creating]    [analyzer-service:TimedExecutor-30][com.diffblue.fuzztest.g.e] DI configuration 'com.diffblue.tir.p' generated tests: 1
12:51:07.096 [DEBUG]  [Creating]    [analyzer-service:TimedExecutor-30][com.diffblue.fuzztest.g.e] Enabling descriptive test naming
12:51:07.098 [DEBUG]  [Creating]    [analyzer-service:grpc-default-executor-2][com.diffblue.fuzztest.e.c] Created 1+0 tests and partial tests via 'TrM (!sp, !fnm, df)' , returning all 1
12:51:07.117 [DEBUG]  [Creating]    [pool-3-thread-1]   [com.diffblue.cover.m.a.b] in processAnalysisResult for uk.gov.gchq.palisade.resource.impl.DirectoryResource.<init>:()V
12:51:07.118 [DEBUG]  [Creating]    [pool-3-thread-1]   [com.diffblue.combiner.d.j] Using Javaparser to combine tests
12:51:07.187 [DEBUG]  [Creating]    [pool-6-thread-9]   [com.diffblue.cover.l.a.c] EdgeCoverageRuntime contains 5 edges
12:51:07.188 [DEBUG]  [Creating]    [pool-3-thread-1]   [com.diffblue.combiner.a.c] Adding changeSet to account as new: Optional[uk.gov.gchq.palisade.resource.impl.DirectoryResource.<init>:()V]
12:51:07.200 [DEBUG]  [Creating]    [analyzer-service:TimedExecutor-31][com.diffblue.fuzztest.g.e] 
================================================================================
= Creating tests for 'uk.gov.gchq.palisade.resource.impl.DirectoryResource.getParent:()Luk/gov/gchq/palisade/resource/ParentResource;' using 'SiM (!sp, fnm, df)'
================================================================================
12:51:07.206 [DEBUG]  [Creating]    [analyzer-service:TimedExecutor-31][com.diffblue.fuzztest.g.ap] Parsed existing test class at /home/jbergqvist/diffblue/Palisade-common/src/test/java/uk/gov/gchq/palisade/resource/impl/DirectoryResourceDiffblueTest.java: found 0 annotations
12:51:07.206 [DEBUG]  [Creating]    [analyzer-service:TimedExecutor-31][com.diffblue.fuzztest.g.e] 
================================================================================
= Trying DI configuration EmptyDependencyInjectionTirConfiguration for uk.gov.gchq.palisade.resource.impl.DirectoryResource.getParent:()Luk/gov/gchq/palisade/resource/ParentResource;
================================================================================
12:51:07.527 [DEBUG]  [Creating]    [analyzer-service:TimedExecutor-31][com.diffblue.fuzztest.b.f] Refinement loop done: 1 seeds, 2+0 new+accumulated tests, 0+2 tests+partial tests, 474/1000 its
12:51:07.587 [DEBUG]  [Creating]    [analyzer-service:TimedExecutor-31][com.diffblue.fuzztest.g.e] DI configuration 'com.diffblue.tir.p' generated no complete tests, trying another
12:51:07.587 [DEBUG]  [Creating]    [analyzer-service:TimedExecutor-31][com.diffblue.fuzztest.g.e] Incompleteness reason 'com.diffblue.cover.message.limitation.NoNonThrowingInputsMessage' (cause: 'java.lang.NullPointerException')
12:51:07.587 [DEBUG]  [Creating]    [analyzer-service:TimedExecutor-31][com.diffblue.fuzztest.g.e] Incompleteness reason 'com.diffblue.cover.message.limitation.NoNonThrowingInputsMessage' (cause: 'java.lang.NullPointerException')
12:51:07.587 [DEBUG]  [Creating]    [analyzer-service:TimedExecutor-31][com.diffblue.fuzztest.g.e] Enabling descriptive test naming
12:51:07.592 [DEBUG]  [Creating]    [analyzer-service:TimedExecutor-32][com.diffblue.fuzztest.g.e] 
================================================================================
= Creating tests for 'uk.gov.gchq.palisade.resource.impl.DirectoryResource.getParent:()Luk/gov/gchq/palisade/resource/ParentResource;' using 'SiM (!sp, !fnm, df)'
================================================================================
12:51:07.596 [DEBUG]  [Creating]    [analyzer-service:TimedExecutor-32][com.diffblue.fuzztest.g.ap] Parsed existing test class at /home/jbergqvist/diffblue/Palisade-common/src/test/java/uk/gov/gchq/palisade/resource/impl/DirectoryResourceDiffblueTest.java: found 0 annotations
12:51:07.596 [DEBUG]  [Creating]    [analyzer-service:TimedExecutor-32][com.diffblue.fuzztest.g.e] 
================================================================================
= Trying DI configuration EmptyDependencyInjectionTirConfiguration for uk.gov.gchq.palisade.resource.impl.DirectoryResource.getParent:()Luk/gov/gchq/palisade/resource/ParentResource;
================================================================================
12:51:07.781 [DEBUG]  [Creating]    [analyzer-service:TimedExecutor-32][com.diffblue.fuzztest.b.f] Refinement loop done: 1 seeds, 2+0 new+accumulated tests, 0+2 tests+partial tests, 474/1000 its
12:51:07.832 [DEBUG]  [Creating]    [analyzer-service:TimedExecutor-32][com.diffblue.fuzztest.g.e] DI configuration 'com.diffblue.tir.p' generated no complete tests, trying another
12:51:07.832 [DEBUG]  [Creating]    [analyzer-service:TimedExecutor-32][com.diffblue.fuzztest.g.e] Incompleteness reason 'com.diffblue.cover.message.limitation.NoNonThrowingInputsMessage' (cause: 'java.lang.NullPointerException')
12:51:07.832 [DEBUG]  [Creating]    [analyzer-service:TimedExecutor-32][com.diffblue.fuzztest.g.e] Incompleteness reason 'com.diffblue.cover.message.limitation.NoNonThrowingInputsMessage' (cause: 'java.lang.NullPointerException')
12:51:07.832 [DEBUG]  [Creating]    [analyzer-service:TimedExecutor-32][com.diffblue.fuzztest.g.e] Enabling descriptive test naming
12:51:07.837 [DEBUG]  [Creating]    [analyzer-service:grpc-default-executor-2][com.diffblue.fuzztest.g.o] All 2 subs either threw or created only partial tests; returning the 1 partial tests created by 'SiM (!sp, fnm, df)'
12:51:07.837 [DEBUG]  [Creating]    [analyzer-service:grpc-default-executor-2][com.diffblue.fuzztest.e.c] Created 1 partial tests via 'SiM (!sp, fnm, df)' , here is the last one:
12:51:07.879 [DEBUG]  [Creating]    [analyzer-service:grpc-default-executor-2][com.diffblue.combiner.d.j] Using Javaparser to combine tests
12:51:08.268 [DEBUG]  [Creating]    [analyzer-service:grpc-default-executor-2][com.diffblue.fuzztest.e.c] == begin partial test ==
12:51:08.268 [DEBUG]  [Creating]    [analyzer-service:grpc-default-executor-2][com.diffblue.fuzztest.e.c] Test:
package uk.gov.gchq.palisade.resource.impl;

import com.diffblue.cover.annotations.ManagedByDiffblue;
import com.diffblue.cover.annotations.MethodsUnderTest;
import org.junit.jupiter.api.Disabled;
import org.junit.jupiter.api.DisplayName;
import org.junit.jupiter.api.Tag;
import org.junit.jupiter.api.Test;

class DirectoryResourceDiffblueTest {
  /**
   * Test {@link DirectoryResource#getParent()}.
   *
   * <ul>
   *   <li>Given {@link DirectoryResource} (default constructor) Id is {@code 42}.
   * </ul>
   *
   * <p>Method under test: {@link DirectoryResource#getParent()}
   */
  @Test
  @DisplayName("Test getParent(); given DirectoryResource (default constructor) Id is '42'")
  @Disabled("TODO: Complete this test")
  @Tag("ContributionFromDiffblue")
  @ManagedByDiffblue
  @MethodsUnderTest({"uk.gov.gchq.palisade.resource.ParentResource DirectoryResource.getParent()"})
  void testGetParent_givenDirectoryResourceIdIs42() {
    // TODO: Diffblue Cover was only able to create a partial test for this method:
    //   Reason: No inputs found that don't throw a trivial exception.
    //   Diffblue Cover tried to run the arrange/act section, but the method under
    //   test threw
    //   java.lang.NullPointerException
    //       at
    // java.base/java.util.ImmutableCollections$Set12.contains(ImmutableCollections.java:524)
    //       at uk.gov.gchq.palisade.util.FileResourceBuilder.accepts(FileResourceBuilder.java:109)
    //       at
    // uk.gov.gchq.palisade.util.AbstractResourceBuilder.lambda$create$0(AbstractResourceBuilder.java:58)
    //       at java.base/java.util.stream.ReferencePipeline$2$1.accept(ReferencePipeline.java:176)
    //       at java.base/java.util.stream.ReferencePipeline$3$1.accept(ReferencePipeline.java:195)
    //       at
    // java.base/java.util.ServiceLoader$ProviderSpliterator.tryAdvance(ServiceLoader.java:1492)
    //       at
    // java.base/java.util.stream.ReferencePipeline.forEachWithCancel(ReferencePipeline.java:127)
    //       at
    // java.base/java.util.stream.AbstractPipeline.copyIntoWithCancel(AbstractPipeline.java:502)
    //       at java.base/java.util.stream.AbstractPipeline.copyInto(AbstractPipeline.java:488)
    //       at
    // java.base/java.util.stream.AbstractPipeline.wrapAndCopyInto(AbstractPipeline.java:474)
    //       at java.base/java.util.stream.FindOps$FindOp.evaluateSequential(FindOps.java:150)
    //       at java.base/java.util.stream.AbstractPipeline.evaluate(AbstractPipeline.java:234)
    //       at java.base/java.util.stream.ReferencePipeline.findAny(ReferencePipeline.java:548)
    //       at
    // uk.gov.gchq.palisade.util.AbstractResourceBuilder.create(AbstractResourceBuilder.java:59)
    //       at
    // uk.gov.gchq.palisade.resource.impl.DirectoryResource.getParent(DirectoryResource.java:39)
    //   See https://diff.blue/R013 to resolve this issue.

    // Arrange
    DirectoryResource directoryResource = new DirectoryResource();
    directoryResource.setId("42");

    // Act
    directoryResource.getParent();
  }
}

12:51:08.268 [DEBUG]  [Creating]    [analyzer-service:grpc-default-executor-2][com.diffblue.fuzztest.e.c] == end partial test ==
12:51:08.282 [DEBUG]  [Creating]    [analyzer-service:grpc-default-executor-2][com.diffblue.cover.service.analyzer.a.c] Watchdog reset
12:51:08.287 [DEBUG]  [Creating]    [pool-3-thread-1]   [com.diffblue.cover.m.a.b] in processAnalysisResult for uk.gov.gchq.palisade.resource.impl.DirectoryResource.getParent:()Luk/gov/gchq/palisade/resource/ParentResource;
12:51:08.287 [DEBUG]  [Creating]    [pool-3-thread-1]   [com.diffblue.cover.r.d] Finished with MethodGroup: <init>, countOfTests: 1, countOfMethodsTested: 1 TestGenerationAccount: a[countOfRemoved=0, countOfUnchanged=0, countOfUpdated=0, countOfNew=9]
12:51:08.287 [INFO]   [Creating]    [pool-3-thread-1]   [com.diffblue.cover.ui.b.b]      [45/129] uk.gov.gchq.palisade.resource.impl.DirectoryResource.<init>
12:51:08.287 [INFO]   [Creating]    [pool-3-thread-1]   [com.diffblue.cover.ui.b.b]      [45/129]   Tests created: 1
12:51:08.289 [DEBUG]  [Creating]    [analyzer-service:TimedExecutor-33][com.diffblue.fuzztest.g.e] 
================================================================================
= Creating tests for 'uk.gov.gchq.palisade.resource.impl.DirectoryResource.id:(Ljava/lang/String;)Luk/gov/gchq/palisade/resource/impl/DirectoryResource;' using 'SiM (!sp, fnm, df)'
================================================================================
12:51:08.293 [DEBUG]  [Creating]    [analyzer-service:TimedExecutor-33][com.diffblue.fuzztest.g.ap] Parsed existing test class at /home/jbergqvist/diffblue/Palisade-common/src/test/java/uk/gov/gchq/palisade/resource/impl/DirectoryResourceDiffblueTest.java: found 0 annotations
12:51:08.293 [DEBUG]  [Creating]    [analyzer-service:TimedExecutor-33][com.diffblue.fuzztest.g.e] 
================================================================================
= Trying DI configuration EmptyDependencyInjectionTirConfiguration for uk.gov.gchq.palisade.resource.impl.DirectoryResource.id:(Ljava/lang/String;)Luk/gov/gchq/palisade/resource/impl/DirectoryResource;
================================================================================
12:51:08.502 [DEBUG]  [Creating]    [analyzer-service:TimedExecutor-33][com.diffblue.fuzztest.b.f] Refinement loop done: 2 seeds, 2+0 new+accumulated tests, 2+0 tests+partial tests, 371/1000 its
12:51:08.558 [DEBUG]  [Creating]    [analyzer-service:TimedExecutor-33][com.diffblue.fuzztest.g.e] DI configuration 'com.diffblue.tir.p' generated tests: 2
12:51:08.558 [DEBUG]  [Creating]    [analyzer-service:TimedExecutor-33][com.diffblue.fuzztest.g.e] Enabling descriptive test naming
12:51:08.564 [DEBUG]  [Creating]    [analyzer-service:grpc-default-executor-2][com.diffblue.fuzztest.e.c] Created 2+0 tests and partial tests via 'SiM (!sp, fnm, df)' SiM fallback 1/2, returning all 2
12:51:08.599 [DEBUG]  [Creating]    [pool-3-thread-1]   [com.diffblue.cover.m.a.b] in processAnalysisResult for uk.gov.gchq.palisade.resource.impl.DirectoryResource.id:(Ljava/lang/String;)Luk/gov/gchq/palisade/resource/impl/DirectoryResource;
12:51:08.600 [DEBUG]  [Creating]    [pool-3-thread-1]   [com.diffblue.cover.r.d] Finished with MethodGroup: getParent, countOfTests: 0, countOfMethodsTested: 0 TestGenerationAccount: a[countOfRemoved=0, countOfUnchanged=0, countOfUpdated=0, countOfNew=9]
12:51:08.604 [INFO]   [Creating]    [pool-3-thread-1]   [com.diffblue.cover.ui.b.b]      [46/129] uk.gov.gchq.palisade.resource.impl.DirectoryResource.getParent
12:51:08.604 [INFO]   [Creating]    [pool-3-thread-1]   [com.diffblue.cover.ui.b.b]      [46/129]   R013: No inputs found that don't throw a trivial exception
12:51:08.604 [DEBUG]  [Creating]    [pool-3-thread-1]   [com.diffblue.cover.ui.b.b]      [46/129]   (at least 1 line uncovered in this method)
12:51:08.604 [INFO]   [Creating]    [pool-3-thread-1]   [com.diffblue.cover.ui.b.b]      [46/129]     Diffblue Cover tried to run the arrange/act section, but the test threw
12:51:08.604 [INFO]   [Creating]    [pool-3-thread-1]   [com.diffblue.cover.ui.b.b]      [46/129]     java.lang.NullPointerException
12:51:08.604 [INFO]   [Creating]    [pool-3-thread-1]   [com.diffblue.cover.ui.b.b]      [46/129]         at java.util.ImmutableCollections$Set12.contains(ImmutableCollections.java:524)
12:51:08.604 [INFO]   [Creating]    [pool-3-thread-1]   [com.diffblue.cover.ui.b.b]      [46/129]         at uk.gov.gchq.palisade.util.FileResourceBuilder.accepts(FileResourceBuilder.java:109)
12:51:08.604 [INFO]   [Creating]    [pool-3-thread-1]   [com.diffblue.cover.ui.b.b]      [46/129]         at uk.gov.gchq.palisade.util.AbstractResourceBuilder.lambda$create$0(AbstractResourceBuilder.java:58)
12:51:08.604 [INFO]   [Creating]    [pool-3-thread-1]   [com.diffblue.cover.ui.b.b]      [46/129]         at java.util.stream.ReferencePipeline$2$1.accept(ReferencePipeline.java:176)
12:51:08.604 [INFO]   [Creating]    [pool-3-thread-1]   [com.diffblue.cover.ui.b.b]      [46/129]         at java.util.stream.ReferencePipeline$3$1.accept(ReferencePipeline.java:195)
12:51:08.604 [INFO]   [Creating]    [pool-3-thread-1]   [com.diffblue.cover.ui.b.b]      [46/129]         at java.util.ServiceLoader$ProviderSpliterator.tryAdvance(ServiceLoader.java:1492)
12:51:08.604 [INFO]   [Creating]    [pool-3-thread-1]   [com.diffblue.cover.ui.b.b]      [46/129]         at java.util.stream.ReferencePipeline.forEachWithCancel(ReferencePipeline.java:127)
12:51:08.604 [INFO]   [Creating]    [pool-3-thread-1]   [com.diffblue.cover.ui.b.b]      [46/129]         at java.util.stream.AbstractPipeline.copyIntoWithCancel(AbstractPipeline.java:502)
12:51:08.604 [INFO]   [Creating]    [pool-3-thread-1]   [com.diffblue.cover.ui.b.b]      [46/129]         at java.util.stream.AbstractPipeline.copyInto(AbstractPipeline.java:488)
12:51:08.604 [INFO]   [Creating]    [pool-3-thread-1]   [com.diffblue.cover.ui.b.b]      [46/129]         at java.util.stream.AbstractPipeline.wrapAndCopyInto(AbstractPipeline.java:474)
12:51:08.604 [INFO]   [Creating]    [pool-3-thread-1]   [com.diffblue.cover.ui.b.b]      [46/129]         at java.util.stream.FindOps$FindOp.evaluateSequential(FindOps.java:150)
12:51:08.604 [INFO]   [Creating]    [pool-3-thread-1]   [com.diffblue.cover.ui.b.b]      [46/129]         at java.util.stream.AbstractPipeline.evaluate(AbstractPipeline.java:234)
12:51:08.604 [INFO]   [Creating]    [pool-3-thread-1]   [com.diffblue.cover.ui.b.b]      [46/129]         at java.util.stream.ReferencePipeline.findAny(ReferencePipeline.java:548)
12:51:08.604 [INFO]   [Creating]    [pool-3-thread-1]   [com.diffblue.cover.ui.b.b]      [46/129]         at uk.gov.gchq.palisade.util.AbstractResourceBuilder.create(AbstractResourceBuilder.java:59)
12:51:08.604 [INFO]   [Creating]    [pool-3-thread-1]   [com.diffblue.cover.ui.b.b]      [46/129]         at uk.gov.gchq.palisade.resource.impl.DirectoryResource.getParent(DirectoryResource.java:39)
12:51:08.604 [INFO]   [Creating]    [pool-3-thread-1]   [com.diffblue.cover.ui.b.b]      [46/129]     In order to prevent getParent()
12:51:08.604 [INFO]   [Creating]    [pool-3-thread-1]   [com.diffblue.cover.ui.b.b]      [46/129]     from throwing NullPointerException, add constructors or factory
12:51:08.604 [INFO]   [Creating]    [pool-3-thread-1]   [com.diffblue.cover.ui.b.b]      [46/129]     methods that make it easier to construct fully initialized objects used in
12:51:08.604 [INFO]   [Creating]    [pool-3-thread-1]   [com.diffblue.cover.ui.b.b]      [46/129]     getParent().
12:51:08.604 [INFO]   [Creating]    [pool-3-thread-1]   [com.diffblue.cover.ui.b.b]      [46/129]     See https://diff.blue/R013 to resolve this issue.
12:51:08.604 [DEBUG]  [Creating]    [pool-3-thread-1]   [com.diffblue.combiner.d.j] Using Javaparser to combine tests
12:51:08.662 [DEBUG]  [Creating]    [pool-6-thread-10]  [com.diffblue.cover.l.a.c] EdgeCoverageRuntime contains 7 edges
12:51:08.662 [DEBUG]  [Creating]    [pool-3-thread-1]   [com.diffblue.combiner.a.c] Adding changeSet to account as new: Optional[uk.gov.gchq.palisade.resource.impl.DirectoryResource.id:(Ljava/lang/String;)Luk/gov/gchq/palisade/resource/impl/DirectoryResource;]
12:51:08.685 [DEBUG]  [Creating]    [pool-3-thread-1]   [com.diffblue.combiner.d.j] Using Javaparser to combine tests
12:51:08.737 [DEBUG]  [Creating]    [pool-6-thread-11]  [com.diffblue.cover.l.a.c] EdgeCoverageRuntime contains 7 edges
12:51:08.738 [DEBUG]  [Creating]    [pool-3-thread-1]   [com.diffblue.combiner.a.c] Adding changeSet to account as new: Optional[uk.gov.gchq.palisade.resource.impl.DirectoryResource.id:(Ljava/lang/String;)Luk/gov/gchq/palisade/resource/impl/DirectoryResource;]
12:51:08.763 [DEBUG]  [Creating]    [analyzer-service:grpc-default-executor-2][com.diffblue.cover.service.analyzer.a.c] Watchdog reset
12:51:08.764 [DEBUG]  [Creating]    [pool-3-thread-1]   [com.diffblue.cover.r.d] Finished with MethodGroup: id, countOfTests: 2, countOfMethodsTested: 1 TestGenerationAccount: a[countOfRemoved=0, countOfUnchanged=0, countOfUpdated=0, countOfNew=11]
12:51:08.764 [INFO]   [Creating]    [pool-3-thread-1]   [com.diffblue.cover.ui.b.b]      [47/129] uk.gov.gchq.palisade.resource.impl.DirectoryResource.id
12:51:08.764 [INFO]   [Creating]    [pool-3-thread-1]   [com.diffblue.cover.ui.b.b]      [47/129]   Tests created: 2
12:51:08.766 [INFO]   [Creating]    [pool-3-thread-1]   [com.diffblue.cover.ui.b.b]  [5/25] uk.gov.gchq.palisade.resource.impl.DirectoryResource
12:51:08.766 [INFO]   [Creating]    [pool-3-thread-1]   [com.diffblue.cover.ui.b.b]  [5/25]   Tests created: 3
12:51:08.766 [DEBUG]  [Creating]    [pool-3-thread-1]   [com.diffblue.cover.ui.b.b]  [5/25]   (at least 1 line uncovered in this class)
12:51:08.767 [INFO]   [Creating]    [pool-3-thread-1]   [com.diffblue.cover.m.a.b] 
================================================================================
= Starting analysis for class 'uk.gov.gchq.palisade.resource.impl.FileResource'
================================================================================
12:51:08.767 [INFO]   [Creating]    [pool-3-thread-1]   [com.diffblue.cover.m.a.b] Filtering out non-testable methods...
12:51:08.772 [DEBUG]  [Creating]    [pool-3-thread-1]   [com.diffblue.combiner.d.j] Using Javaparser to combine tests
12:51:08.773 [INFO]   [Creating]    [pool-3-thread-1]   [com.diffblue.cover.m.a.b] Filtering of methods complete. Creating analysis request
12:51:08.773 [INFO]   [Creating]    [pool-3-thread-1]   [com.diffblue.cover.service.c] Attempting to get service client, retry 1.
12:51:08.795 [DEBUG]  [Creating]    [analyzer-service:grpc-default-executor-2][com.diffblue.fuzztest.e.a] Class information:
12:51:08.795 [DEBUG]  [Creating]    [analyzer-service:grpc-default-executor-2][com.diffblue.fuzztest.e.a]   Extends: class uk.gov.gchq.palisade.resource.AbstractLeafResource
12:51:08.795 [DEBUG]  [Creating]    [analyzer-service:grpc-default-executor-2][com.diffblue.fuzztest.e.a]   Fields: private static final long uk.gov.gchq.palisade.resource.impl.FileResource.serialVersionUID
12:51:08.795 [DEBUG]  [Creating]    [analyzer-service:grpc-default-executor-2][com.diffblue.fuzztest.e.a]   Constructors: public uk.gov.gchq.palisade.resource.impl.FileResource()
12:51:08.795 [DEBUG]  [Creating]    [analyzer-service:grpc-default-executor-2][com.diffblue.fuzztest.e.a]   Methods: public uk.gov.gchq.palisade.resource.AbstractLeafResource uk.gov.gchq.palisade.resource.impl.FileResource.attribute(java.lang.String,java.lang.String), public uk.gov.gchq.palisade.resource.impl.FileResource uk.gov.gchq.palisade.resource.impl.FileResource.attribute(java.lang.String,java.lang.String), public uk.gov.gchq.palisade.resource.AbstractLeafResource uk.gov.gchq.palisade.resource.impl.FileResource.attributes(java.util.Map), public uk.gov.gchq.palisade.resource.LeafResource uk.gov.gchq.palisade.resource.impl.FileResource.attributes(java.util.Map), public uk.gov.gchq.palisade.resource.impl.FileResource uk.gov.gchq.palisade.resource.impl.FileResource.attributes(java.util.Map), public uk.gov.gchq.palisade.resource.AbstractLeafResource uk.gov.gchq.palisade.resource.impl.FileResource.connectionDetail(uk.gov.gchq.palisade.resource.ConnectionDetail), public uk.gov.gchq.palisade.resource.LeafResource uk.gov.gchq.palisade.resource.impl.FileResource.connectionDetail(uk.gov.gchq.palisade.resource.ConnectionDetail), public uk.gov.gchq.palisade.resource.impl.FileResource uk.gov.gchq.palisade.resource.impl.FileResource.connectionDetail(uk.gov.gchq.palisade.resource.ConnectionDetail), public uk.gov.gchq.palisade.resource.ParentResource uk.gov.gchq.palisade.resource.impl.FileResource.getParent(), public uk.gov.gchq.palisade.resource.AbstractResource uk.gov.gchq.palisade.resource.impl.FileResource.id(java.lang.String), public uk.gov.gchq.palisade.resource.Resource uk.gov.gchq.palisade.resource.impl.FileResource.id(java.lang.String), public uk.gov.gchq.palisade.resource.impl.FileResource uk.gov.gchq.palisade.resource.impl.FileResource.id(java.lang.String), public uk.gov.gchq.palisade.resource.AbstractLeafResource uk.gov.gchq.palisade.resource.impl.FileResource.serialisedFormat(java.lang.String), public uk.gov.gchq.palisade.resource.LeafResource uk.gov.gchq.palisade.resource.impl.FileResource.serialisedFormat(java.lang.String), public uk.gov.gchq.palisade.resource.impl.FileResource uk.gov.gchq.palisade.resource.impl.FileResource.serialisedFormat(java.lang.String), public uk.gov.gchq.palisade.resource.AbstractLeafResource uk.gov.gchq.palisade.resource.impl.FileResource.type(java.lang.String), public uk.gov.gchq.palisade.resource.LeafResource uk.gov.gchq.palisade.resource.impl.FileResource.type(java.lang.String), public uk.gov.gchq.palisade.resource.impl.FileResource uk.gov.gchq.palisade.resource.impl.FileResource.type(java.lang.String)
12:51:08.821 [DEBUG]  [Creating]    [analyzer-service:TimedExecutor-40][com.diffblue.fuzztest.g.e] 
================================================================================
= Creating tests for 'uk.gov.gchq.palisade.resource.impl.FileResource.<init>:()V' using 'TrM (!sp, !fnm, df)'
================================================================================
12:51:08.821 [DEBUG]  [Creating]    [analyzer-service:TimedExecutor-40][com.diffblue.fuzztest.g.e] 
================================================================================
= Trying DI configuration EmptyDependencyInjectionTirConfiguration for uk.gov.gchq.palisade.resource.impl.FileResource.<init>:()V
================================================================================
12:51:08.856 [DEBUG]  [Creating]    [analyzer-service:TimedExecutor-40][com.diffblue.fuzztest.g.e] DI configuration 'com.diffblue.tir.p' generated tests: 1
12:51:08.856 [DEBUG]  [Creating]    [analyzer-service:TimedExecutor-40][com.diffblue.fuzztest.g.e] Enabling descriptive test naming
12:51:08.858 [DEBUG]  [Creating]    [analyzer-service:grpc-default-executor-2][com.diffblue.fuzztest.e.c] Created 1+0 tests and partial tests via 'TrM (!sp, !fnm, df)' , returning all 1
12:51:08.893 [DEBUG]  [Creating]    [pool-3-thread-1]   [com.diffblue.cover.m.a.b] in processAnalysisResult for uk.gov.gchq.palisade.resource.impl.FileResource.<init>:()V
12:51:08.894 [DEBUG]  [Creating]    [pool-3-thread-1]   [com.diffblue.combiner.d.j] Using Javaparser to combine tests
12:51:08.959 [DEBUG]  [Creating]    [pool-6-thread-12]  [com.diffblue.cover.l.a.c] EdgeCoverageRuntime contains 14 edges
12:51:08.960 [DEBUG]  [Creating]    [pool-3-thread-1]   [com.diffblue.combiner.a.c] Adding changeSet to account as new: Optional[uk.gov.gchq.palisade.resource.impl.FileResource.<init>:()V]
12:51:08.985 [DEBUG]  [Creating]    [analyzer-service:TimedExecutor-41][com.diffblue.fuzztest.g.e] 
================================================================================
= Creating tests for 'uk.gov.gchq.palisade.resource.impl.FileResource.attribute:(Ljava/lang/String;Ljava/lang/String;)Luk/gov/gchq/palisade/resource/impl/FileResource;' using 'SiM (!sp, fnm, df)'
================================================================================
12:51:08.990 [DEBUG]  [Creating]    [analyzer-service:TimedExecutor-41][com.diffblue.fuzztest.g.ap] Parsed existing test class at /home/jbergqvist/diffblue/Palisade-common/src/test/java/uk/gov/gchq/palisade/resource/impl/FileResourceDiffblueTest.java: found 0 annotations
12:51:08.990 [DEBUG]  [Creating]    [analyzer-service:TimedExecutor-41][com.diffblue.fuzztest.g.e] 
================================================================================
= Trying DI configuration EmptyDependencyInjectionTirConfiguration for uk.gov.gchq.palisade.resource.impl.FileResource.attribute:(Ljava/lang/String;Ljava/lang/String;)Luk/gov/gchq/palisade/resource/impl/FileResource;
================================================================================
12:51:09.335 [DEBUG]  [Creating]    [analyzer-service:TimedExecutor-41][com.diffblue.fuzztest.b.f] Refinement loop done: 2 seeds, 1+0 new+accumulated tests, 1+0 tests+partial tests, 406/1000 its
12:51:09.392 [DEBUG]  [Creating]    [analyzer-service:TimedExecutor-41][com.diffblue.fuzztest.g.e] DI configuration 'com.diffblue.tir.p' generated tests: 1
12:51:09.392 [DEBUG]  [Creating]    [analyzer-service:TimedExecutor-41][com.diffblue.fuzztest.g.e] Enabling descriptive test naming
12:51:09.394 [DEBUG]  [Creating]    [analyzer-service:grpc-default-executor-2][com.diffblue.fuzztest.e.c] Created 1+0 tests and partial tests via 'SiM (!sp, fnm, df)' SiM fallback 1/2, returning all 1
12:51:09.415 [DEBUG]  [Creating]    [pool-3-thread-1]   [com.diffblue.cover.m.a.b] in processAnalysisResult for uk.gov.gchq.palisade.resource.impl.FileResource.attribute:(Ljava/lang/String;Ljava/lang/String;)Luk/gov/gchq/palisade/resource/impl/FileResource;
12:51:09.416 [DEBUG]  [Creating]    [pool-3-thread-1]   [com.diffblue.cover.r.d] Finished with MethodGroup: <init>, countOfTests: 1, countOfMethodsTested: 1 TestGenerationAccount: a[countOfRemoved=0, countOfUnchanged=0, countOfUpdated=0, countOfNew=12]
12:51:09.416 [INFO]   [Creating]    [pool-3-thread-1]   [com.diffblue.cover.ui.b.b]      [48/129] uk.gov.gchq.palisade.resource.impl.FileResource.<init>
12:51:09.416 [INFO]   [Creating]    [pool-3-thread-1]   [com.diffblue.cover.ui.b.b]      [48/129]   Tests created: 1
12:51:09.416 [DEBUG]  [Creating]    [pool-3-thread-1]   [com.diffblue.combiner.d.j] Using Javaparser to combine tests
12:51:09.488 [DEBUG]  [Creating]    [pool-6-thread-13]  [com.diffblue.cover.l.a.c] EdgeCoverageRuntime contains 5 edges
12:51:09.489 [DEBUG]  [Creating]    [pool-3-thread-1]   [com.diffblue.combiner.a.c] Adding changeSet to account as new: Optional[uk.gov.gchq.palisade.resource.impl.FileResource.attribute:(Ljava/lang/String;Ljava/lang/String;)Luk/gov/gchq/palisade/resource/impl/FileResource;]
12:51:09.510 [DEBUG]  [Creating]    [analyzer-service:grpc-default-executor-2][com.diffblue.cover.service.analyzer.a.c] Watchdog reset
12:51:09.510 [DEBUG]  [Creating]    [analyzer-service:TimedExecutor-42][com.diffblue.fuzztest.g.e] 
================================================================================
= Creating tests for 'uk.gov.gchq.palisade.resource.impl.FileResource.attributes:(Ljava/util/Map;)Luk/gov/gchq/palisade/resource/impl/FileResource;' using 'SiM (!sp, fnm, df)'
================================================================================
12:51:09.516 [DEBUG]  [Creating]    [analyzer-service:TimedExecutor-42][com.diffblue.fuzztest.g.ap] Parsed existing test class at /home/jbergqvist/diffblue/Palisade-common/src/test/java/uk/gov/gchq/palisade/resource/impl/FileResourceDiffblueTest.java: found 0 annotations
12:51:09.516 [DEBUG]  [Creating]    [analyzer-service:TimedExecutor-42][com.diffblue.fuzztest.g.e] 
================================================================================
= Trying DI configuration EmptyDependencyInjectionTirConfiguration for uk.gov.gchq.palisade.resource.impl.FileResource.attributes:(Ljava/util/Map;)Luk/gov/gchq/palisade/resource/impl/FileResource;
================================================================================
12:51:09.994 [DEBUG]  [Creating]    [analyzer-service:TimedExecutor-42][com.diffblue.fuzztest.b.f] Refinement loop done: 1 seeds, 1+0 new+accumulated tests, 1+0 tests+partial tests, 501/1000 its
12:51:10.038 [DEBUG]  [Creating]    [analyzer-service:TimedExecutor-42][com.diffblue.fuzztest.g.e] DI configuration 'com.diffblue.tir.p' generated tests: 1
12:51:10.038 [DEBUG]  [Creating]    [analyzer-service:TimedExecutor-42][com.diffblue.fuzztest.g.e] Enabling descriptive test naming
12:51:10.040 [DEBUG]  [Creating]    [analyzer-service:grpc-default-executor-2][com.diffblue.fuzztest.e.c] Created 1+0 tests and partial tests via 'SiM (!sp, fnm, df)' SiM fallback 1/2, returning all 1
12:51:10.057 [DEBUG]  [Creating]    [pool-3-thread-1]   [com.diffblue.cover.m.a.b] in processAnalysisResult for uk.gov.gchq.palisade.resource.impl.FileResource.attributes:(Ljava/util/Map;)Luk/gov/gchq/palisade/resource/impl/FileResource;
12:51:10.057 [DEBUG]  [Creating]    [pool-3-thread-1]   [com.diffblue.cover.r.d] Finished with MethodGroup: attribute, countOfTests: 1, countOfMethodsTested: 1 TestGenerationAccount: a[countOfRemoved=0, countOfUnchanged=0, countOfUpdated=0, countOfNew=13]
12:51:10.057 [INFO]   [Creating]    [pool-3-thread-1]   [com.diffblue.cover.ui.b.b]      [49/129] uk.gov.gchq.palisade.resource.impl.FileResource.attribute
12:51:10.057 [INFO]   [Creating]    [pool-3-thread-1]   [com.diffblue.cover.ui.b.b]      [49/129]   Tests created: 1
12:51:10.058 [DEBUG]  [Creating]    [pool-3-thread-1]   [com.diffblue.combiner.d.j] Using Javaparser to combine tests
12:51:10.107 [DEBUG]  [Creating]    [pool-6-thread-14]  [com.diffblue.cover.l.a.c] EdgeCoverageRuntime contains 6 edges
12:51:10.108 [DEBUG]  [Creating]    [pool-3-thread-1]   [com.diffblue.combiner.a.c] Adding changeSet to account as new: Optional[uk.gov.gchq.palisade.resource.impl.FileResource.attributes:(Ljava/util/Map;)Luk/gov/gchq/palisade/resource/impl/FileResource;]
12:51:10.129 [DEBUG]  [Creating]    [analyzer-service:TimedExecutor-43][com.diffblue.fuzztest.g.e] 
================================================================================
= Creating tests for 'uk.gov.gchq.palisade.resource.impl.FileResource.connectionDetail:(Luk/gov/gchq/palisade/resource/ConnectionDetail;)Luk/gov/gchq/palisade/resource/impl/FileResource;' using 'SiM (!sp, fnm, df)'
================================================================================
12:51:10.135 [DEBUG]  [Creating]    [analyzer-service:TimedExecutor-43][com.diffblue.fuzztest.g.ap] Parsed existing test class at /home/jbergqvist/diffblue/Palisade-common/src/test/java/uk/gov/gchq/palisade/resource/impl/FileResourceDiffblueTest.java: found 0 annotations
12:51:10.135 [DEBUG]  [Creating]    [analyzer-service:TimedExecutor-43][com.diffblue.fuzztest.g.e] 
================================================================================
= Trying DI configuration EmptyDependencyInjectionTirConfiguration for uk.gov.gchq.palisade.resource.impl.FileResource.connectionDetail:(Luk/gov/gchq/palisade/resource/ConnectionDetail;)Luk/gov/gchq/palisade/resource/impl/FileResource;
================================================================================
12:51:10.580 [DEBUG]  [Creating]    [analyzer-service:TimedExecutor-43][com.diffblue.fuzztest.b.f] Refinement loop done: 1 seeds, 2+0 new+accumulated tests, 1+1 tests+partial tests, 518/1000 its
12:51:10.639 [DEBUG]  [Creating]    [analyzer-service:TimedExecutor-43][com.diffblue.fuzztest.g.e] DI configuration 'com.diffblue.tir.p' generated tests: 2
12:51:10.640 [DEBUG]  [Creating]    [analyzer-service:TimedExecutor-43][com.diffblue.fuzztest.g.e] Enabling descriptive test naming
12:51:10.645 [DEBUG]  [Creating]    [analyzer-service:grpc-default-executor-2][com.diffblue.fuzztest.e.c] Justification for mocking SiM fallback 1/2: 
  * uk.gov.gchq.palisade.resource.ConnectionDetail: SIMPLIFY_SETUP(Simplified setup: mocking can simplify the arrange section)
12:51:10.646 [DEBUG]  [Creating]    [analyzer-service:grpc-default-executor-2][com.diffblue.fuzztest.e.c] Created 1+0 tests and partial tests via 'SiM (!sp, fnm, df)' SiM fallback 1/2, returning all 1
12:51:10.669 [DEBUG]  [Creating]    [pool-3-thread-1]   [com.diffblue.cover.m.a.b] in processAnalysisResult for uk.gov.gchq.palisade.resource.impl.FileResource.connectionDetail:(Luk/gov/gchq/palisade/resource/ConnectionDetail;)Luk/gov/gchq/palisade/resource/impl/FileResource;
12:51:10.669 [DEBUG]  [Creating]    [pool-3-thread-1]   [com.diffblue.cover.r.d] Finished with MethodGroup: attributes, countOfTests: 1, countOfMethodsTested: 1 TestGenerationAccount: a[countOfRemoved=0, countOfUnchanged=0, countOfUpdated=0, countOfNew=14]
12:51:10.670 [INFO]   [Creating]    [pool-3-thread-1]   [com.diffblue.cover.ui.b.b]      [50/129] uk.gov.gchq.palisade.resource.impl.FileResource.attributes
12:51:10.670 [INFO]   [Creating]    [pool-3-thread-1]   [com.diffblue.cover.ui.b.b]      [50/129]   Tests created: 1
12:51:10.670 [DEBUG]  [Creating]    [pool-3-thread-1]   [com.diffblue.combiner.d.j] Using Javaparser to combine tests
12:51:11.170 [DEBUG]  [Creating]    [pool-6-thread-15]  [com.diffblue.cover.l.a.c] EdgeCoverageRuntime contains 8 edges
12:51:11.171 [DEBUG]  [Creating]    [pool-3-thread-1]   [com.diffblue.combiner.a.c] Adding changeSet to account as new: Optional[uk.gov.gchq.palisade.resource.impl.FileResource.connectionDetail:(Luk/gov/gchq/palisade/resource/ConnectionDetail;)Luk/gov/gchq/palisade/resource/impl/FileResource;]
12:51:11.209 [DEBUG]  [Creating]    [analyzer-service:grpc-default-executor-2][com.diffblue.cover.service.analyzer.a.c] Watchdog reset
12:51:11.210 [DEBUG]  [Creating]    [analyzer-service:TimedExecutor-44][com.diffblue.fuzztest.g.e] 
================================================================================
= Creating tests for 'uk.gov.gchq.palisade.resource.impl.FileResource.getParent:()Luk/gov/gchq/palisade/resource/ParentResource;' using 'SiM (!sp, fnm, df)'
================================================================================
12:51:11.216 [DEBUG]  [Creating]    [analyzer-service:TimedExecutor-44][com.diffblue.fuzztest.g.ap] Parsed existing test class at /home/jbergqvist/diffblue/Palisade-common/src/test/java/uk/gov/gchq/palisade/resource/impl/FileResourceDiffblueTest.java: found 0 annotations
12:51:11.217 [DEBUG]  [Creating]    [analyzer-service:TimedExecutor-44][com.diffblue.fuzztest.g.e] 
================================================================================
= Trying DI configuration EmptyDependencyInjectionTirConfiguration for uk.gov.gchq.palisade.resource.impl.FileResource.getParent:()Luk/gov/gchq/palisade/resource/ParentResource;
================================================================================
12:51:11.725 [DEBUG]  [Creating]    [analyzer-service:TimedExecutor-44][com.diffblue.fuzztest.b.f] Refinement loop done: 1 seeds, 2+0 new+accumulated tests, 0+2 tests+partial tests, 507/1000 its
12:51:11.770 [DEBUG]  [Creating]    [analyzer-service:TimedExecutor-44][com.diffblue.fuzztest.g.e] DI configuration 'com.diffblue.tir.p' generated no complete tests, trying another
12:51:11.771 [DEBUG]  [Creating]    [analyzer-service:TimedExecutor-44][com.diffblue.fuzztest.g.e] Incompleteness reason 'com.diffblue.cover.message.limitation.NoNonThrowingInputsMessage' (cause: 'java.lang.NullPointerException')
12:51:11.771 [DEBUG]  [Creating]    [analyzer-service:TimedExecutor-44][com.diffblue.fuzztest.g.e] Incompleteness reason 'com.diffblue.cover.message.limitation.NoNonThrowingInputsMessage' (cause: 'java.lang.NullPointerException')
12:51:11.771 [DEBUG]  [Creating]    [analyzer-service:TimedExecutor-44][com.diffblue.fuzztest.g.e] Enabling descriptive test naming
12:51:11.775 [DEBUG]  [Creating]    [analyzer-service:TimedExecutor-45][com.diffblue.fuzztest.g.e] 
================================================================================
= Creating tests for 'uk.gov.gchq.palisade.resource.impl.FileResource.getParent:()Luk/gov/gchq/palisade/resource/ParentResource;' using 'SiM (!sp, !fnm, df)'
================================================================================
12:51:11.781 [DEBUG]  [Creating]    [analyzer-service:TimedExecutor-45][com.diffblue.fuzztest.g.ap] Parsed existing test class at /home/jbergqvist/diffblue/Palisade-common/src/test/java/uk/gov/gchq/palisade/resource/impl/FileResourceDiffblueTest.java: found 0 annotations
12:51:11.781 [DEBUG]  [Creating]    [analyzer-service:TimedExecutor-45][com.diffblue.fuzztest.g.e] 
================================================================================
= Trying DI configuration EmptyDependencyInjectionTirConfiguration for uk.gov.gchq.palisade.resource.impl.FileResource.getParent:()Luk/gov/gchq/palisade/resource/ParentResource;
================================================================================
12:51:12.941 [DEBUG]  [Creating]    [analyzer-service:TimedExecutor-45][com.diffblue.fuzztest.b.f] Refinement loop done: 1 seeds, 2+0 new+accumulated tests, 0+2 tests+partial tests, 508/1000 its
12:51:13.036 [DEBUG]  [Creating]    [analyzer-service:TimedExecutor-45][com.diffblue.fuzztest.g.e] DI configuration 'com.diffblue.tir.p' generated no complete tests, trying another
12:51:13.036 [DEBUG]  [Creating]    [analyzer-service:TimedExecutor-45][com.diffblue.fuzztest.g.e] Incompleteness reason 'com.diffblue.cover.message.limitation.NoNonThrowingInputsMessage' (cause: 'java.lang.NullPointerException')
12:51:13.036 [DEBUG]  [Creating]    [analyzer-service:TimedExecutor-45][com.diffblue.fuzztest.g.e] Incompleteness reason 'com.diffblue.cover.message.limitation.NoNonThrowingInputsMessage' (cause: 'java.lang.NullPointerException')
12:51:13.036 [DEBUG]  [Creating]    [analyzer-service:TimedExecutor-45][com.diffblue.fuzztest.g.e] Enabling descriptive test naming
12:51:13.051 [DEBUG]  [Creating]    [analyzer-service:grpc-default-executor-2][com.diffblue.fuzztest.g.o] All 2 subs either threw or created only partial tests; returning the 1 partial tests created by 'SiM (!sp, fnm, df)'
12:51:13.051 [DEBUG]  [Creating]    [analyzer-service:grpc-default-executor-2][com.diffblue.fuzztest.e.c] Created 1 partial tests via 'SiM (!sp, fnm, df)' , here is the last one:
12:51:13.082 [DEBUG]  [Creating]    [analyzer-service:grpc-default-executor-2][com.diffblue.combiner.d.j] Using Javaparser to combine tests
12:51:13.125 [DEBUG]  [Creating]    [analyzer-service:grpc-default-executor-2][com.diffblue.fuzztest.e.c] == begin partial test ==
12:51:13.126 [DEBUG]  [Creating]    [analyzer-service:grpc-default-executor-2][com.diffblue.fuzztest.e.c] Test:
package uk.gov.gchq.palisade.resource.impl;

import com.diffblue.cover.annotations.ManagedByDiffblue;
import com.diffblue.cover.annotations.MethodsUnderTest;
import org.junit.jupiter.api.Disabled;
import org.junit.jupiter.api.DisplayName;
import org.junit.jupiter.api.Tag;
import org.junit.jupiter.api.Test;

class FileResourceDiffblueTest {
  /**
   * Test {@link FileResource#getParent()}.
   *
   * <ul>
   *   <li>Given {@link FileResource} (default constructor) Id is {@code 42}.
   * </ul>
   *
   * <p>Method under test: {@link FileResource#getParent()}
   */
  @Test
  @DisplayName("Test getParent(); given FileResource (default constructor) Id is '42'")
  @Disabled("TODO: Complete this test")
  @Tag("ContributionFromDiffblue")
  @ManagedByDiffblue
  @MethodsUnderTest({"uk.gov.gchq.palisade.resource.ParentResource FileResource.getParent()"})
  void testGetParent_givenFileResourceIdIs42() {
    // TODO: Diffblue Cover was only able to create a partial test for this method:
    //   Reason: No inputs found that don't throw a trivial exception.
    //   Diffblue Cover tried to run the arrange/act section, but the method under
    //   test threw
    //   java.lang.NullPointerException
    //   See https://diff.blue/R013 to resolve this issue.

    // Arrange
    FileResource fileResource = new FileResource();
    fileResource.setId("42");

    // Act
    fileResource.getParent();
  }
}

12:51:13.126 [DEBUG]  [Creating]    [analyzer-service:grpc-default-executor-2][com.diffblue.fuzztest.e.c] == end partial test ==
12:51:13.140 [DEBUG]  [Creating]    [analyzer-service:grpc-default-executor-2][com.diffblue.cover.service.analyzer.a.c] Watchdog reset
12:51:13.153 [DEBUG]  [Creating]    [pool-3-thread-1]   [com.diffblue.cover.m.a.b] in processAnalysisResult for uk.gov.gchq.palisade.resource.impl.FileResource.getParent:()Luk/gov/gchq/palisade/resource/ParentResource;
12:51:13.153 [DEBUG]  [Creating]    [pool-3-thread-1]   [com.diffblue.cover.r.d] Finished with MethodGroup: connectionDetail, countOfTests: 1, countOfMethodsTested: 1 TestGenerationAccount: a[countOfRemoved=0, countOfUnchanged=0, countOfUpdated=0, countOfNew=15]
12:51:13.154 [INFO]   [Creating]    [pool-3-thread-1]   [com.diffblue.cover.ui.b.b]      [51/129] uk.gov.gchq.palisade.resource.impl.FileResource.connectionDetail
12:51:13.154 [INFO]   [Creating]    [pool-3-thread-1]   [com.diffblue.cover.ui.b.b]      [51/129]   Tests created: 1
12:51:13.157 [DEBUG]  [Creating]    [analyzer-service:TimedExecutor-46][com.diffblue.fuzztest.g.e] 
================================================================================
= Creating tests for 'uk.gov.gchq.palisade.resource.impl.FileResource.id:(Ljava/lang/String;)Luk/gov/gchq/palisade/resource/impl/FileResource;' using 'SiM (!sp, fnm, df)'
================================================================================
12:51:13.170 [DEBUG]  [Creating]    [analyzer-service:TimedExecutor-46][com.diffblue.fuzztest.g.ap] Parsed existing test class at /home/jbergqvist/diffblue/Palisade-common/src/test/java/uk/gov/gchq/palisade/resource/impl/FileResourceDiffblueTest.java: found 0 annotations
12:51:13.170 [DEBUG]  [Creating]    [analyzer-service:TimedExecutor-46][com.diffblue.fuzztest.g.e] 
================================================================================
= Trying DI configuration EmptyDependencyInjectionTirConfiguration for uk.gov.gchq.palisade.resource.impl.FileResource.id:(Ljava/lang/String;)Luk/gov/gchq/palisade/resource/impl/FileResource;
================================================================================
12:51:13.677 [DEBUG]  [Creating]    [analyzer-service:TimedExecutor-46][com.diffblue.fuzztest.b.f] Refinement loop done: 1 seeds, 1+0 new+accumulated tests, 1+0 tests+partial tests, 481/1000 its
12:51:13.764 [DEBUG]  [Creating]    [analyzer-service:TimedExecutor-46][com.diffblue.fuzztest.g.e] DI configuration 'com.diffblue.tir.p' generated tests: 1
12:51:13.765 [DEBUG]  [Creating]    [analyzer-service:TimedExecutor-46][com.diffblue.fuzztest.g.e] Enabling descriptive test naming
12:51:13.768 [DEBUG]  [Creating]    [analyzer-service:grpc-default-executor-2][com.diffblue.fuzztest.e.c] Created 1+0 tests and partial tests via 'SiM (!sp, fnm, df)' SiM fallback 1/2, returning all 1
12:51:13.806 [DEBUG]  [Creating]    [pool-3-thread-1]   [com.diffblue.cover.m.a.b] in processAnalysisResult for uk.gov.gchq.palisade.resource.impl.FileResource.id:(Ljava/lang/String;)Luk/gov/gchq/palisade/resource/impl/FileResource;
12:51:13.807 [DEBUG]  [Creating]    [pool-3-thread-1]   [com.diffblue.cover.r.d] Finished with MethodGroup: getParent, countOfTests: 0, countOfMethodsTested: 0 TestGenerationAccount: a[countOfRemoved=0, countOfUnchanged=0, countOfUpdated=0, countOfNew=15]
12:51:13.809 [INFO]   [Creating]    [pool-3-thread-1]   [com.diffblue.cover.ui.b.b]      [52/129] uk.gov.gchq.palisade.resource.impl.FileResource.getParent
12:51:13.809 [INFO]   [Creating]    [pool-3-thread-1]   [com.diffblue.cover.ui.b.b]      [52/129]   R013: No inputs found that don't throw a trivial exception
12:51:13.809 [DEBUG]  [Creating]    [pool-3-thread-1]   [com.diffblue.cover.ui.b.b]      [52/129]   (at least 1 line uncovered in this method)
12:51:13.809 [INFO]   [Creating]    [pool-3-thread-1]   [com.diffblue.cover.ui.b.b]      [52/129]     Diffblue Cover tried to run the arrange/act section, but the test threw
12:51:13.809 [INFO]   [Creating]    [pool-3-thread-1]   [com.diffblue.cover.ui.b.b]      [52/129]     java.lang.NullPointerException
12:51:13.809 [INFO]   [Creating]    [pool-3-thread-1]   [com.diffblue.cover.ui.b.b]      [52/129]     In order to prevent getParent()
12:51:13.809 [INFO]   [Creating]    [pool-3-thread-1]   [com.diffblue.cover.ui.b.b]      [52/129]     from throwing NullPointerException, add constructors or factory
12:51:13.809 [INFO]   [Creating]    [pool-3-thread-1]   [com.diffblue.cover.ui.b.b]      [52/129]     methods that make it easier to construct fully initialized objects used in
12:51:13.809 [INFO]   [Creating]    [pool-3-thread-1]   [com.diffblue.cover.ui.b.b]      [52/129]     getParent().
12:51:13.809 [INFO]   [Creating]    [pool-3-thread-1]   [com.diffblue.cover.ui.b.b]      [52/129]     See https://diff.blue/R013 to resolve this issue.
12:51:13.809 [DEBUG]  [Creating]    [pool-3-thread-1]   [com.diffblue.combiner.d.j] Using Javaparser to combine tests
12:51:13.883 [DEBUG]  [Creating]    [pool-6-thread-16]  [com.diffblue.cover.l.a.c] EdgeCoverageRuntime contains 7 edges
12:51:13.884 [DEBUG]  [Creating]    [pool-3-thread-1]   [com.diffblue.combiner.a.c] Adding changeSet to account as new: Optional[uk.gov.gchq.palisade.resource.impl.FileResource.id:(Ljava/lang/String;)Luk/gov/gchq/palisade/resource/impl/FileResource;]
12:51:13.915 [DEBUG]  [Creating]    [analyzer-service:grpc-default-executor-2][com.diffblue.cover.service.analyzer.a.c] Watchdog reset
12:51:13.916 [DEBUG]  [Creating]    [analyzer-service:TimedExecutor-47][com.diffblue.fuzztest.g.e] 
================================================================================
= Creating tests for 'uk.gov.gchq.palisade.resource.impl.FileResource.serialisedFormat:(Ljava/lang/String;)Luk/gov/gchq/palisade/resource/impl/FileResource;' using 'SiM (!sp, fnm, df)'
================================================================================
12:51:13.930 [DEBUG]  [Creating]    [analyzer-service:TimedExecutor-47][com.diffblue.fuzztest.g.ap] Parsed existing test class at /home/jbergqvist/diffblue/Palisade-common/src/test/java/uk/gov/gchq/palisade/resource/impl/FileResourceDiffblueTest.java: found 0 annotations
12:51:13.930 [DEBUG]  [Creating]    [analyzer-service:TimedExecutor-47][com.diffblue.fuzztest.g.e] 
================================================================================
= Trying DI configuration EmptyDependencyInjectionTirConfiguration for uk.gov.gchq.palisade.resource.impl.FileResource.serialisedFormat:(Ljava/lang/String;)Luk/gov/gchq/palisade/resource/impl/FileResource;
================================================================================
12:51:14.366 [DEBUG]  [Creating]    [analyzer-service:TimedExecutor-47][com.diffblue.fuzztest.b.f] Refinement loop done: 1 seeds, 1+0 new+accumulated tests, 1+0 tests+partial tests, 481/1000 its
12:51:14.421 [DEBUG]  [Creating]    [analyzer-service:TimedExecutor-47][com.diffblue.fuzztest.g.e] DI configuration 'com.diffblue.tir.p' generated tests: 1
12:51:14.421 [DEBUG]  [Creating]    [analyzer-service:TimedExecutor-47][com.diffblue.fuzztest.g.e] Enabling descriptive test naming
12:51:14.423 [DEBUG]  [Creating]    [analyzer-service:grpc-default-executor-2][com.diffblue.fuzztest.e.c] Created 1+0 tests and partial tests via 'SiM (!sp, fnm, df)' SiM fallback 1/2, returning all 1
12:51:14.445 [DEBUG]  [Creating]    [pool-3-thread-1]   [com.diffblue.cover.m.a.b] in processAnalysisResult for uk.gov.gchq.palisade.resource.impl.FileResource.serialisedFormat:(Ljava/lang/String;)Luk/gov/gchq/palisade/resource/impl/FileResource;
12:51:14.445 [DEBUG]  [Creating]    [pool-3-thread-1]   [com.diffblue.cover.r.d] Finished with MethodGroup: id, countOfTests: 1, countOfMethodsTested: 1 TestGenerationAccount: a[countOfRemoved=0, countOfUnchanged=0, countOfUpdated=0, countOfNew=16]
12:51:14.445 [INFO]   [Creating]    [pool-3-thread-1]   [com.diffblue.cover.ui.b.b]      [53/129] uk.gov.gchq.palisade.resource.impl.FileResource.id
12:51:14.445 [INFO]   [Creating]    [pool-3-thread-1]   [com.diffblue.cover.ui.b.b]      [53/129]   Tests created: 1
12:51:14.445 [DEBUG]  [Creating]    [pool-3-thread-1]   [com.diffblue.combiner.d.j] Using Javaparser to combine tests
12:51:14.497 [DEBUG]  [Creating]    [pool-6-thread-17]  [com.diffblue.cover.l.a.c] EdgeCoverageRuntime contains 7 edges
12:51:14.498 [DEBUG]  [Creating]    [pool-3-thread-1]   [com.diffblue.combiner.a.c] Adding changeSet to account as new: Optional[uk.gov.gchq.palisade.resource.impl.FileResource.serialisedFormat:(Ljava/lang/String;)Luk/gov/gchq/palisade/resource/impl/FileResource;]
12:51:14.526 [DEBUG]  [Creating]    [analyzer-service:TimedExecutor-48][com.diffblue.fuzztest.g.e] 
================================================================================
= Creating tests for 'uk.gov.gchq.palisade.resource.impl.FileResource.type:(Ljava/lang/String;)Luk/gov/gchq/palisade/resource/impl/FileResource;' using 'SiM (!sp, fnm, df)'
================================================================================
12:51:14.540 [DEBUG]  [Creating]    [analyzer-service:TimedExecutor-48][com.diffblue.fuzztest.g.ap] Parsed existing test class at /home/jbergqvist/diffblue/Palisade-common/src/test/java/uk/gov/gchq/palisade/resource/impl/FileResourceDiffblueTest.java: found 0 annotations
12:51:14.540 [DEBUG]  [Creating]    [analyzer-service:TimedExecutor-48][com.diffblue.fuzztest.g.e] 
================================================================================
= Trying DI configuration EmptyDependencyInjectionTirConfiguration for uk.gov.gchq.palisade.resource.impl.FileResource.type:(Ljava/lang/String;)Luk/gov/gchq/palisade/resource/impl/FileResource;
================================================================================
12:51:14.888 [DEBUG]  [Creating]    [analyzer-service:TimedExecutor-48][com.diffblue.fuzztest.b.f] Refinement loop done: 1 seeds, 1+0 new+accumulated tests, 1+0 tests+partial tests, 481/1000 its
12:51:14.944 [DEBUG]  [Creating]    [analyzer-service:TimedExecutor-48][com.diffblue.fuzztest.g.e] DI configuration 'com.diffblue.tir.p' generated tests: 1
12:51:14.944 [DEBUG]  [Creating]    [analyzer-service:TimedExecutor-48][com.diffblue.fuzztest.g.e] Enabling descriptive test naming
12:51:14.947 [DEBUG]  [Creating]    [analyzer-service:grpc-default-executor-2][com.diffblue.fuzztest.e.c] Created 1+0 tests and partial tests via 'SiM (!sp, fnm, df)' SiM fallback 1/2, returning all 1
12:51:14.966 [DEBUG]  [Creating]    [pool-3-thread-1]   [com.diffblue.cover.m.a.b] in processAnalysisResult for uk.gov.gchq.palisade.resource.impl.FileResource.type:(Ljava/lang/String;)Luk/gov/gchq/palisade/resource/impl/FileResource;
12:51:14.966 [DEBUG]  [Creating]    [pool-3-thread-1]   [com.diffblue.cover.r.d] Finished with MethodGroup: serialisedFormat, countOfTests: 1, countOfMethodsTested: 1 TestGenerationAccount: a[countOfRemoved=0, countOfUnchanged=0, countOfUpdated=0, countOfNew=17]
12:51:14.966 [INFO]   [Creating]    [pool-3-thread-1]   [com.diffblue.cover.ui.b.b]      [54/129] uk.gov.gchq.palisade.resource.impl.FileResource.serialisedFormat
12:51:14.966 [INFO]   [Creating]    [pool-3-thread-1]   [com.diffblue.cover.ui.b.b]      [54/129]   Tests created: 1
12:51:14.966 [DEBUG]  [Creating]    [pool-3-thread-1]   [com.diffblue.combiner.d.j] Using Javaparser to combine tests
12:51:15.010 [DEBUG]  [Creating]    [pool-6-thread-18]  [com.diffblue.cover.l.a.c] EdgeCoverageRuntime contains 7 edges
12:51:15.011 [DEBUG]  [Creating]    [pool-3-thread-1]   [com.diffblue.combiner.a.c] Adding changeSet to account as new: Optional[uk.gov.gchq.palisade.resource.impl.FileResource.type:(Ljava/lang/String;)Luk/gov/gchq/palisade/resource/impl/FileResource;]
12:51:15.041 [DEBUG]  [Creating]    [pool-3-thread-1]   [com.diffblue.cover.r.d] Finished with MethodGroup: type, countOfTests: 1, countOfMethodsTested: 1 TestGenerationAccount: a[countOfRemoved=0, countOfUnchanged=0, countOfUpdated=0, countOfNew=18]
12:51:15.041 [INFO]   [Creating]    [pool-3-thread-1]   [com.diffblue.cover.ui.b.b]      [55/129] uk.gov.gchq.palisade.resource.impl.FileResource.type
12:51:15.041 [INFO]   [Creating]    [pool-3-thread-1]   [com.diffblue.cover.ui.b.b]      [55/129]   Tests created: 1
12:51:15.043 [INFO]   [Creating]    [pool-3-thread-1]   [com.diffblue.cover.ui.b.b]  [6/25] uk.gov.gchq.palisade.resource.impl.FileResource
12:51:15.043 [INFO]   [Creating]    [pool-3-thread-1]   [com.diffblue.cover.ui.b.b]  [6/25]   Tests created: 7
12:51:15.043 [DEBUG]  [Creating]    [pool-3-thread-1]   [com.diffblue.cover.ui.b.b]  [6/25]   (at least 1 line uncovered in this class)
12:51:15.045 [INFO]   [Creating]    [pool-3-thread-1]   [com.diffblue.cover.m.a.b] 
================================================================================
= Starting analysis for class 'uk.gov.gchq.palisade.resource.impl.SimpleConnectionDetail'
================================================================================
12:51:15.045 [INFO]   [Creating]    [pool-3-thread-1]   [com.diffblue.cover.m.a.b] Filtering out non-testable methods...
12:51:15.047 [INFO]   [Creating]    [pool-3-thread-1]   [com.diffblue.cover.ui.b.b]      [56/129] uk.gov.gchq.palisade.resource.impl.SimpleConnectionDetail.createConnection
12:51:15.047 [INFO]   [Creating]    [pool-3-thread-1]   [com.diffblue.cover.ui.b.b]      [56/129]   T024: Generated method
12:51:15.047 [DEBUG]  [Creating]    [pool-3-thread-1]   [com.diffblue.cover.ui.b.b]      [56/129]   (at least 1 line uncovered in this method)
12:51:15.047 [INFO]   [Creating]    [pool-3-thread-1]   [com.diffblue.cover.ui.b.b]      [56/129]     Indicates that the method is generated by some framework or tool and should not
12:51:15.047 [INFO]   [Creating]    [pool-3-thread-1]   [com.diffblue.cover.ui.b.b]      [56/129]     be tested explicitly. The expectation is that the generator itself should be
12:51:15.047 [INFO]   [Creating]    [pool-3-thread-1]   [com.diffblue.cover.ui.b.b]      [56/129]     tested and not each piece of code it produces.
12:51:15.047 [INFO]   [Creating]    [pool-3-thread-1]   [com.diffblue.cover.ui.b.b]      [56/129]     Currently, this includes methods identified generated by Lombok, Protobuf,
12:51:15.047 [INFO]   [Creating]    [pool-3-thread-1]   [com.diffblue.cover.ui.b.b]      [56/129]     Grpc, Hibernate, or annotated with a custom '@Generated' annotation
12:51:15.047 [INFO]   [Creating]    [pool-3-thread-1]   [com.diffblue.cover.ui.b.b]      [56/129]     (as long as the custom annotation has 'RUNTIME' or 'CLASS' retention).
12:51:15.047 [INFO]   [Creating]    [pool-3-thread-1]   [com.diffblue.cover.ui.b.b]      [56/129]     Diffblue Cover considers these methods as not directly callable.
12:51:15.049 [INFO]   [Creating]    [pool-3-thread-1]   [com.diffblue.cover.ui.b.b]      [57/129] uk.gov.gchq.palisade.resource.impl.SimpleConnectionDetail.equals
12:51:15.049 [INFO]   [Creating]    [pool-3-thread-1]   [com.diffblue.cover.ui.b.b]      [57/129]   T024: Generated method
12:51:15.049 [DEBUG]  [Creating]    [pool-3-thread-1]   [com.diffblue.cover.ui.b.b]      [57/129]   (at least 6 lines uncovered in this method)
12:51:15.049 [INFO]   [Creating]    [pool-3-thread-1]   [com.diffblue.cover.ui.b.b]      [57/129]     Indicates that the method is generated by some framework or tool and should not
12:51:15.049 [INFO]   [Creating]    [pool-3-thread-1]   [com.diffblue.cover.ui.b.b]      [57/129]     be tested explicitly. The expectation is that the generator itself should be
12:51:15.049 [INFO]   [Creating]    [pool-3-thread-1]   [com.diffblue.cover.ui.b.b]      [57/129]     tested and not each piece of code it produces.
12:51:15.049 [INFO]   [Creating]    [pool-3-thread-1]   [com.diffblue.cover.ui.b.b]      [57/129]     Currently, this includes methods identified generated by Lombok, Protobuf,
12:51:15.049 [INFO]   [Creating]    [pool-3-thread-1]   [com.diffblue.cover.ui.b.b]      [57/129]     Grpc, Hibernate, or annotated with a custom '@Generated' annotation
12:51:15.049 [INFO]   [Creating]    [pool-3-thread-1]   [com.diffblue.cover.ui.b.b]      [57/129]     (as long as the custom annotation has 'RUNTIME' or 'CLASS' retention).
12:51:15.049 [INFO]   [Creating]    [pool-3-thread-1]   [com.diffblue.cover.ui.b.b]      [57/129]     Diffblue Cover considers these methods as not directly callable.
12:51:15.050 [INFO]   [Creating]    [pool-3-thread-1]   [com.diffblue.cover.ui.b.b]      [58/129] uk.gov.gchq.palisade.resource.impl.SimpleConnectionDetail.getServiceName
12:51:15.050 [INFO]   [Creating]    [pool-3-thread-1]   [com.diffblue.cover.ui.b.b]      [58/129]   T024: Generated method
12:51:15.050 [DEBUG]  [Creating]    [pool-3-thread-1]   [com.diffblue.cover.ui.b.b]      [58/129]   (at least 1 line uncovered in this method)
12:51:15.050 [INFO]   [Creating]    [pool-3-thread-1]   [com.diffblue.cover.ui.b.b]      [58/129]     Indicates that the method is generated by some framework or tool and should not
12:51:15.050 [INFO]   [Creating]    [pool-3-thread-1]   [com.diffblue.cover.ui.b.b]      [58/129]     be tested explicitly. The expectation is that the generator itself should be
12:51:15.050 [INFO]   [Creating]    [pool-3-thread-1]   [com.diffblue.cover.ui.b.b]      [58/129]     tested and not each piece of code it produces.
12:51:15.050 [INFO]   [Creating]    [pool-3-thread-1]   [com.diffblue.cover.ui.b.b]      [58/129]     Currently, this includes methods identified generated by Lombok, Protobuf,
12:51:15.050 [INFO]   [Creating]    [pool-3-thread-1]   [com.diffblue.cover.ui.b.b]      [58/129]     Grpc, Hibernate, or annotated with a custom '@Generated' annotation
12:51:15.050 [INFO]   [Creating]    [pool-3-thread-1]   [com.diffblue.cover.ui.b.b]      [58/129]     (as long as the custom annotation has 'RUNTIME' or 'CLASS' retention).
12:51:15.050 [INFO]   [Creating]    [pool-3-thread-1]   [com.diffblue.cover.ui.b.b]      [58/129]     Diffblue Cover considers these methods as not directly callable.
12:51:15.052 [INFO]   [Creating]    [pool-3-thread-1]   [com.diffblue.cover.ui.b.b]      [59/129] uk.gov.gchq.palisade.resource.impl.SimpleConnectionDetail.hashCode
12:51:15.052 [INFO]   [Creating]    [pool-3-thread-1]   [com.diffblue.cover.ui.b.b]      [59/129]   T024: Generated method
12:51:15.052 [DEBUG]  [Creating]    [pool-3-thread-1]   [com.diffblue.cover.ui.b.b]      [59/129]   (at least 1 line uncovered in this method)
12:51:15.052 [INFO]   [Creating]    [pool-3-thread-1]   [com.diffblue.cover.ui.b.b]      [59/129]     Indicates that the method is generated by some framework or tool and should not
12:51:15.052 [INFO]   [Creating]    [pool-3-thread-1]   [com.diffblue.cover.ui.b.b]      [59/129]     be tested explicitly. The expectation is that the generator itself should be
12:51:15.052 [INFO]   [Creating]    [pool-3-thread-1]   [com.diffblue.cover.ui.b.b]      [59/129]     tested and not each piece of code it produces.
12:51:15.052 [INFO]   [Creating]    [pool-3-thread-1]   [com.diffblue.cover.ui.b.b]      [59/129]     Currently, this includes methods identified generated by Lombok, Protobuf,
12:51:15.052 [INFO]   [Creating]    [pool-3-thread-1]   [com.diffblue.cover.ui.b.b]      [59/129]     Grpc, Hibernate, or annotated with a custom '@Generated' annotation
12:51:15.052 [INFO]   [Creating]    [pool-3-thread-1]   [com.diffblue.cover.ui.b.b]      [59/129]     (as long as the custom annotation has 'RUNTIME' or 'CLASS' retention).
12:51:15.052 [INFO]   [Creating]    [pool-3-thread-1]   [com.diffblue.cover.ui.b.b]      [59/129]     Diffblue Cover considers these methods as not directly callable.
12:51:15.054 [INFO]   [Creating]    [pool-3-thread-1]   [com.diffblue.cover.ui.b.b]      [60/129] uk.gov.gchq.palisade.resource.impl.SimpleConnectionDetail.serviceName
12:51:15.054 [INFO]   [Creating]    [pool-3-thread-1]   [com.diffblue.cover.ui.b.b]      [60/129]   T024: Generated method
12:51:15.054 [DEBUG]  [Creating]    [pool-3-thread-1]   [com.diffblue.cover.ui.b.b]      [60/129]   (at least 2 lines uncovered in this method)
12:51:15.054 [INFO]   [Creating]    [pool-3-thread-1]   [com.diffblue.cover.ui.b.b]      [60/129]     Indicates that the method is generated by some framework or tool and should not
12:51:15.054 [INFO]   [Creating]    [pool-3-thread-1]   [com.diffblue.cover.ui.b.b]      [60/129]     be tested explicitly. The expectation is that the generator itself should be
12:51:15.054 [INFO]   [Creating]    [pool-3-thread-1]   [com.diffblue.cover.ui.b.b]      [60/129]     tested and not each piece of code it produces.
12:51:15.054 [INFO]   [Creating]    [pool-3-thread-1]   [com.diffblue.cover.ui.b.b]      [60/129]     Currently, this includes methods identified generated by Lombok, Protobuf,
12:51:15.054 [INFO]   [Creating]    [pool-3-thread-1]   [com.diffblue.cover.ui.b.b]      [60/129]     Grpc, Hibernate, or annotated with a custom '@Generated' annotation
12:51:15.054 [INFO]   [Creating]    [pool-3-thread-1]   [com.diffblue.cover.ui.b.b]      [60/129]     (as long as the custom annotation has 'RUNTIME' or 'CLASS' retention).
12:51:15.054 [INFO]   [Creating]    [pool-3-thread-1]   [com.diffblue.cover.ui.b.b]      [60/129]     Diffblue Cover considers these methods as not directly callable.
12:51:15.056 [INFO]   [Creating]    [pool-3-thread-1]   [com.diffblue.cover.ui.b.b]      [61/129] uk.gov.gchq.palisade.resource.impl.SimpleConnectionDetail.setServiceName
12:51:15.056 [INFO]   [Creating]    [pool-3-thread-1]   [com.diffblue.cover.ui.b.b]      [61/129]   T024: Generated method
12:51:15.056 [DEBUG]  [Creating]    [pool-3-thread-1]   [com.diffblue.cover.ui.b.b]      [61/129]   (at least 3 lines uncovered in this method)
12:51:15.056 [INFO]   [Creating]    [pool-3-thread-1]   [com.diffblue.cover.ui.b.b]      [61/129]     Indicates that the method is generated by some framework or tool and should not
12:51:15.056 [INFO]   [Creating]    [pool-3-thread-1]   [com.diffblue.cover.ui.b.b]      [61/129]     be tested explicitly. The expectation is that the generator itself should be
12:51:15.056 [INFO]   [Creating]    [pool-3-thread-1]   [com.diffblue.cover.ui.b.b]      [61/129]     tested and not each piece of code it produces.
12:51:15.056 [INFO]   [Creating]    [pool-3-thread-1]   [com.diffblue.cover.ui.b.b]      [61/129]     Currently, this includes methods identified generated by Lombok, Protobuf,
12:51:15.056 [INFO]   [Creating]    [pool-3-thread-1]   [com.diffblue.cover.ui.b.b]      [61/129]     Grpc, Hibernate, or annotated with a custom '@Generated' annotation
12:51:15.056 [INFO]   [Creating]    [pool-3-thread-1]   [com.diffblue.cover.ui.b.b]      [61/129]     (as long as the custom annotation has 'RUNTIME' or 'CLASS' retention).
12:51:15.056 [INFO]   [Creating]    [pool-3-thread-1]   [com.diffblue.cover.ui.b.b]      [61/129]     Diffblue Cover considers these methods as not directly callable.
12:51:15.057 [INFO]   [Creating]    [pool-3-thread-1]   [com.diffblue.cover.ui.b.b]      [62/129] uk.gov.gchq.palisade.resource.impl.SimpleConnectionDetail.toString
12:51:15.057 [INFO]   [Creating]    [pool-3-thread-1]   [com.diffblue.cover.ui.b.b]      [62/129]   T024: Generated method
12:51:15.058 [DEBUG]  [Creating]    [pool-3-thread-1]   [com.diffblue.cover.ui.b.b]      [62/129]   (at least 5 lines uncovered in this method)
12:51:15.058 [INFO]   [Creating]    [pool-3-thread-1]   [com.diffblue.cover.ui.b.b]      [62/129]     Indicates that the method is generated by some framework or tool and should not
12:51:15.058 [INFO]   [Creating]    [pool-3-thread-1]   [com.diffblue.cover.ui.b.b]      [62/129]     be tested explicitly. The expectation is that the generator itself should be
12:51:15.058 [INFO]   [Creating]    [pool-3-thread-1]   [com.diffblue.cover.ui.b.b]      [62/129]     tested and not each piece of code it produces.
12:51:15.058 [INFO]   [Creating]    [pool-3-thread-1]   [com.diffblue.cover.ui.b.b]      [62/129]     Currently, this includes methods identified generated by Lombok, Protobuf,
12:51:15.058 [INFO]   [Creating]    [pool-3-thread-1]   [com.diffblue.cover.ui.b.b]      [62/129]     Grpc, Hibernate, or annotated with a custom '@Generated' annotation
12:51:15.058 [INFO]   [Creating]    [pool-3-thread-1]   [com.diffblue.cover.ui.b.b]      [62/129]     (as long as the custom annotation has 'RUNTIME' or 'CLASS' retention).
12:51:15.058 [INFO]   [Creating]    [pool-3-thread-1]   [com.diffblue.cover.ui.b.b]      [62/129]     Diffblue Cover considers these methods as not directly callable.
12:51:15.058 [DEBUG]  [Creating]    [pool-3-thread-1]   [com.diffblue.combiner.d.j] Using Javaparser to combine tests
12:51:15.059 [INFO]   [Creating]    [pool-3-thread-1]   [com.diffblue.cover.m.a.b] Filtering of methods complete. Creating analysis request
12:51:15.059 [INFO]   [Creating]    [pool-3-thread-1]   [com.diffblue.cover.service.c] Attempting to get service client, retry 1.
12:51:15.084 [DEBUG]  [Creating]    [analyzer-service:grpc-default-executor-2][com.diffblue.fuzztest.e.a] Class information:
12:51:15.085 [DEBUG]  [Creating]    [analyzer-service:grpc-default-executor-2][com.diffblue.fuzztest.e.a]   Implements: interface uk.gov.gchq.palisade.resource.ConnectionDetail
12:51:15.085 [DEBUG]  [Creating]    [analyzer-service:grpc-default-executor-2][com.diffblue.fuzztest.e.a]   Fields: private static final long uk.gov.gchq.palisade.resource.impl.SimpleConnectionDetail.serialVersionUID, private java.lang.String uk.gov.gchq.palisade.resource.impl.SimpleConnectionDetail.serviceName
12:51:15.085 [DEBUG]  [Creating]    [analyzer-service:grpc-default-executor-2][com.diffblue.fuzztest.e.a]   Constructors: public uk.gov.gchq.palisade.resource.impl.SimpleConnectionDetail()
12:51:15.085 [DEBUG]  [Creating]    [analyzer-service:grpc-default-executor-2][com.diffblue.fuzztest.e.a]   Methods: public java.lang.String uk.gov.gchq.palisade.resource.impl.SimpleConnectionDetail.createConnection(), public boolean uk.gov.gchq.palisade.resource.impl.SimpleConnectionDetail.equals(java.lang.Object), public java.lang.String uk.gov.gchq.palisade.resource.impl.SimpleConnectionDetail.getServiceName(), public int uk.gov.gchq.palisade.resource.impl.SimpleConnectionDetail.hashCode(), public uk.gov.gchq.palisade.resource.impl.SimpleConnectionDetail uk.gov.gchq.palisade.resource.impl.SimpleConnectionDetail.serviceName(java.lang.String), public void uk.gov.gchq.palisade.resource.impl.SimpleConnectionDetail.setServiceName(java.lang.String), public java.lang.String uk.gov.gchq.palisade.resource.impl.SimpleConnectionDetail.toString()
12:51:15.089 [DEBUG]  [Creating]    [analyzer-service:TimedExecutor-55][com.diffblue.fuzztest.g.e] 
================================================================================
= Creating tests for 'uk.gov.gchq.palisade.resource.impl.SimpleConnectionDetail.<init>:()V' using 'TrM (!sp, !fnm, df)'
================================================================================
12:51:15.090 [DEBUG]  [Creating]    [analyzer-service:TimedExecutor-55][com.diffblue.fuzztest.g.e] 
================================================================================
= Trying DI configuration EmptyDependencyInjectionTirConfiguration for uk.gov.gchq.palisade.resource.impl.SimpleConnectionDetail.<init>:()V
================================================================================
12:51:15.120 [DEBUG]  [Creating]    [analyzer-service:TimedExecutor-55][com.diffblue.fuzztest.g.e] DI configuration 'com.diffblue.tir.p' generated tests: 1
12:51:15.120 [DEBUG]  [Creating]    [analyzer-service:TimedExecutor-55][com.diffblue.fuzztest.g.e] Enabling descriptive test naming
12:51:15.122 [DEBUG]  [Creating]    [analyzer-service:grpc-default-executor-0][com.diffblue.fuzztest.e.c] Created 1+0 tests and partial tests via 'TrM (!sp, !fnm, df)' , returning all 1
12:51:15.144 [DEBUG]  [Creating]    [pool-3-thread-1]   [com.diffblue.cover.m.a.b] in processAnalysisResult for uk.gov.gchq.palisade.resource.impl.SimpleConnectionDetail.<init>:()V
12:51:15.144 [DEBUG]  [Creating]    [pool-3-thread-1]   [com.diffblue.combiner.d.j] Using Javaparser to combine tests
12:51:15.201 [DEBUG]  [Creating]    [pool-6-thread-19]  [com.diffblue.cover.l.a.c] EdgeCoverageRuntime contains 5 edges
12:51:15.201 [DEBUG]  [Creating]    [pool-3-thread-1]   [com.diffblue.combiner.a.c] Adding changeSet to account as new: Optional[uk.gov.gchq.palisade.resource.impl.SimpleConnectionDetail.<init>:()V]
12:51:15.214 [DEBUG]  [Creating]    [pool-3-thread-1]   [com.diffblue.cover.r.d] Finished with MethodGroup: <init>, countOfTests: 1, countOfMethodsTested: 1 TestGenerationAccount: a[countOfRemoved=0, countOfUnchanged=0, countOfUpdated=0, countOfNew=19]
12:51:15.215 [INFO]   [Creating]    [pool-3-thread-1]   [com.diffblue.cover.ui.b.b]      [63/129] uk.gov.gchq.palisade.resource.impl.SimpleConnectionDetail.<init>
12:51:15.215 [INFO]   [Creating]    [pool-3-thread-1]   [com.diffblue.cover.ui.b.b]      [63/129]   Tests created: 1
12:51:15.217 [INFO]   [Creating]    [pool-3-thread-1]   [com.diffblue.cover.ui.b.b]  [7/25] uk.gov.gchq.palisade.resource.impl.SimpleConnectionDetail
12:51:15.218 [INFO]   [Creating]    [pool-3-thread-1]   [com.diffblue.cover.ui.b.b]  [7/25]   Tests created: 1
12:51:15.218 [DEBUG]  [Creating]    [pool-3-thread-1]   [com.diffblue.cover.ui.b.b]  [7/25]   (at least 19 lines uncovered in this class)
12:51:15.219 [INFO]   [Creating]    [pool-3-thread-1]   [com.diffblue.cover.m.a.b] 
================================================================================
= Starting analysis for class 'uk.gov.gchq.palisade.resource.impl.SystemResource'
================================================================================
12:51:15.219 [INFO]   [Creating]    [pool-3-thread-1]   [com.diffblue.cover.m.a.b] Filtering out non-testable methods...
12:51:15.221 [DEBUG]  [Creating]    [pool-3-thread-1]   [com.diffblue.combiner.d.j] Using Javaparser to combine tests
12:51:15.222 [INFO]   [Creating]    [pool-3-thread-1]   [com.diffblue.cover.m.a.b] Filtering of methods complete. Creating analysis request
12:51:15.222 [INFO]   [Creating]    [pool-3-thread-1]   [com.diffblue.cover.service.c] Attempting to get service client, retry 1.
12:51:15.244 [DEBUG]  [Creating]    [analyzer-service:grpc-default-executor-0][com.diffblue.fuzztest.e.a] Class information:
12:51:15.245 [DEBUG]  [Creating]    [analyzer-service:grpc-default-executor-0][com.diffblue.fuzztest.e.a]   Implements: interface uk.gov.gchq.palisade.resource.ParentResource
12:51:15.245 [DEBUG]  [Creating]    [analyzer-service:grpc-default-executor-0][com.diffblue.fuzztest.e.a]   Extends: class uk.gov.gchq.palisade.resource.AbstractResource
12:51:15.245 [DEBUG]  [Creating]    [analyzer-service:grpc-default-executor-0][com.diffblue.fuzztest.e.a]   Fields: private static final long uk.gov.gchq.palisade.resource.impl.SystemResource.serialVersionUID
12:51:15.245 [DEBUG]  [Creating]    [analyzer-service:grpc-default-executor-0][com.diffblue.fuzztest.e.a]   Constructors: public uk.gov.gchq.palisade.resource.impl.SystemResource()
12:51:15.245 [DEBUG]  [Creating]    [analyzer-service:grpc-default-executor-0][com.diffblue.fuzztest.e.a]   Methods: public uk.gov.gchq.palisade.resource.AbstractResource uk.gov.gchq.palisade.resource.impl.SystemResource.id(java.lang.String), public uk.gov.gchq.palisade.resource.Resource uk.gov.gchq.palisade.resource.impl.SystemResource.id(java.lang.String), public uk.gov.gchq.palisade.resource.impl.SystemResource uk.gov.gchq.palisade.resource.impl.SystemResource.id(java.lang.String)
12:51:15.254 [DEBUG]  [Creating]    [analyzer-service:TimedExecutor-62][com.diffblue.fuzztest.g.e] 
================================================================================
= Creating tests for 'uk.gov.gchq.palisade.resource.impl.SystemResource.<init>:()V' using 'TrM (!sp, !fnm, df)'
================================================================================
12:51:15.255 [DEBUG]  [Creating]    [analyzer-service:TimedExecutor-62][com.diffblue.fuzztest.g.e] 
================================================================================
= Trying DI configuration EmptyDependencyInjectionTirConfiguration for uk.gov.gchq.palisade.resource.impl.SystemResource.<init>:()V
================================================================================
12:51:15.281 [DEBUG]  [Creating]    [analyzer-service:TimedExecutor-62][com.diffblue.fuzztest.g.e] DI configuration 'com.diffblue.tir.p' generated tests: 1
12:51:15.281 [DEBUG]  [Creating]    [analyzer-service:TimedExecutor-62][com.diffblue.fuzztest.g.e] Enabling descriptive test naming
12:51:15.283 [DEBUG]  [Creating]    [analyzer-service:grpc-default-executor-0][com.diffblue.fuzztest.e.c] Created 1+0 tests and partial tests via 'TrM (!sp, !fnm, df)' , returning all 1
12:51:15.303 [DEBUG]  [Creating]    [pool-3-thread-1]   [com.diffblue.cover.m.a.b] in processAnalysisResult for uk.gov.gchq.palisade.resource.impl.SystemResource.<init>:()V
12:51:15.303 [DEBUG]  [Creating]    [pool-3-thread-1]   [com.diffblue.combiner.d.j] Using Javaparser to combine tests
12:51:15.369 [DEBUG]  [Creating]    [pool-6-thread-20]  [com.diffblue.cover.l.a.c] EdgeCoverageRuntime contains 5 edges
12:51:15.370 [DEBUG]  [Creating]    [pool-3-thread-1]   [com.diffblue.combiner.a.c] Adding changeSet to account as new: Optional[uk.gov.gchq.palisade.resource.impl.SystemResource.<init>:()V]
12:51:15.386 [DEBUG]  [Creating]    [analyzer-service:TimedExecutor-63][com.diffblue.fuzztest.g.e] 
================================================================================
= Creating tests for 'uk.gov.gchq.palisade.resource.impl.SystemResource.id:(Ljava/lang/String;)Luk/gov/gchq/palisade/resource/impl/SystemResource;' using 'SiM (!sp, fnm, df)'
================================================================================
12:51:15.390 [DEBUG]  [Creating]    [analyzer-service:TimedExecutor-63][com.diffblue.fuzztest.g.ap] Parsed existing test class at /home/jbergqvist/diffblue/Palisade-common/src/test/java/uk/gov/gchq/palisade/resource/impl/SystemResourceDiffblueTest.java: found 0 annotations
12:51:15.391 [DEBUG]  [Creating]    [analyzer-service:TimedExecutor-63][com.diffblue.fuzztest.g.e] 
================================================================================
= Trying DI configuration EmptyDependencyInjectionTirConfiguration for uk.gov.gchq.palisade.resource.impl.SystemResource.id:(Ljava/lang/String;)Luk/gov/gchq/palisade/resource/impl/SystemResource;
================================================================================
12:51:15.742 [DEBUG]  [Creating]    [analyzer-service:TimedExecutor-63][com.diffblue.fuzztest.b.f] Refinement loop done: 2 seeds, 2+0 new+accumulated tests, 2+0 tests+partial tests, 371/1000 its
12:51:15.799 [DEBUG]  [Creating]    [analyzer-service:TimedExecutor-63][com.diffblue.fuzztest.g.e] DI configuration 'com.diffblue.tir.p' generated tests: 2
12:51:15.800 [DEBUG]  [Creating]    [analyzer-service:TimedExecutor-63][com.diffblue.fuzztest.g.e] Enabling descriptive test naming
12:51:15.806 [DEBUG]  [Creating]    [analyzer-service:grpc-default-executor-0][com.diffblue.fuzztest.e.c] Created 2+0 tests and partial tests via 'SiM (!sp, fnm, df)' SiM fallback 1/2, returning all 2
12:51:15.842 [DEBUG]  [Creating]    [pool-3-thread-1]   [com.diffblue.cover.m.a.b] in processAnalysisResult for uk.gov.gchq.palisade.resource.impl.SystemResource.id:(Ljava/lang/String;)Luk/gov/gchq/palisade/resource/impl/SystemResource;
12:51:15.842 [DEBUG]  [Creating]    [pool-3-thread-1]   [com.diffblue.cover.r.d] Finished with MethodGroup: <init>, countOfTests: 1, countOfMethodsTested: 1 TestGenerationAccount: a[countOfRemoved=0, countOfUnchanged=0, countOfUpdated=0, countOfNew=20]
12:51:15.842 [INFO]   [Creating]    [pool-3-thread-1]   [com.diffblue.cover.ui.b.b]      [64/129] uk.gov.gchq.palisade.resource.impl.SystemResource.<init>
12:51:15.843 [INFO]   [Creating]    [pool-3-thread-1]   [com.diffblue.cover.ui.b.b]      [64/129]   Tests created: 1
12:51:15.843 [DEBUG]  [Creating]    [pool-3-thread-1]   [com.diffblue.combiner.d.j] Using Javaparser to combine tests
12:51:15.899 [DEBUG]  [Creating]    [pool-6-thread-21]  [com.diffblue.cover.l.a.c] EdgeCoverageRuntime contains 7 edges
12:51:15.900 [DEBUG]  [Creating]    [pool-3-thread-1]   [com.diffblue.combiner.a.c] Adding changeSet to account as new: Optional[uk.gov.gchq.palisade.resource.impl.SystemResource.id:(Ljava/lang/String;)Luk/gov/gchq/palisade/resource/impl/SystemResource;]
12:51:15.915 [DEBUG]  [Creating]    [pool-3-thread-1]   [com.diffblue.combiner.d.j] Using Javaparser to combine tests
12:51:15.956 [DEBUG]  [Creating]    [pool-6-thread-22]  [com.diffblue.cover.l.a.c] EdgeCoverageRuntime contains 7 edges
12:51:15.957 [DEBUG]  [Creating]    [pool-3-thread-1]   [com.diffblue.combiner.a.c] Adding changeSet to account as new: Optional[uk.gov.gchq.palisade.resource.impl.SystemResource.id:(Ljava/lang/String;)Luk/gov/gchq/palisade/resource/impl/SystemResource;]
12:51:15.977 [DEBUG]  [Creating]    [pool-3-thread-1]   [com.diffblue.cover.r.d] Finished with MethodGroup: id, countOfTests: 2, countOfMethodsTested: 1 TestGenerationAccount: a[countOfRemoved=0, countOfUnchanged=0, countOfUpdated=0, countOfNew=22]
12:51:15.976 [DEBUG]  [Creating]    [analyzer-service:grpc-default-executor-0][com.diffblue.cover.service.analyzer.a.c] Watchdog reset
12:51:15.977 [INFO]   [Creating]    [pool-3-thread-1]   [com.diffblue.cover.ui.b.b]      [65/129] uk.gov.gchq.palisade.resource.impl.SystemResource.id
12:51:15.977 [INFO]   [Creating]    [pool-3-thread-1]   [com.diffblue.cover.ui.b.b]      [65/129]   Tests created: 2
12:51:15.980 [INFO]   [Creating]    [pool-3-thread-1]   [com.diffblue.cover.ui.b.b]  [8/25] uk.gov.gchq.palisade.resource.impl.SystemResource
12:51:15.980 [INFO]   [Creating]    [pool-3-thread-1]   [com.diffblue.cover.ui.b.b]  [8/25]   Tests created: 3
12:51:15.981 [INFO]   [Creating]    [pool-3-thread-1]   [com.diffblue.cover.m.a.b] 
================================================================================
= Starting analysis for class 'uk.gov.gchq.palisade.rule.Rule'
================================================================================
12:51:15.981 [INFO]   [Creating]    [pool-3-thread-1]   [com.diffblue.cover.m.a.b] Filtering out non-testable methods...
12:51:15.984 [INFO]   [Creating]    [pool-3-thread-1]   [com.diffblue.cover.ui.b.b]      [66/129] uk.gov.gchq.palisade.rule.Rule.isApplicable
12:51:15.984 [INFO]   [Creating]    [pool-3-thread-1]   [com.diffblue.cover.ui.b.b]      [66/129]   T009: No implementation for abstract class
12:51:15.984 [DEBUG]  [Creating]    [pool-3-thread-1]   [com.diffblue.cover.ui.b.b]      [66/129]   (at least 1 line uncovered in this method)
12:51:15.984 [INFO]   [Creating]    [pool-3-thread-1]   [com.diffblue.cover.ui.b.b]      [66/129]     The method is a non-abstract instance method in an abstract class or
12:51:15.984 [INFO]   [Creating]    [pool-3-thread-1]   [com.diffblue.cover.ui.b.b]      [66/129]     a default method in an interface. Diffblue Cover would test such methods
12:51:15.984 [INFO]   [Creating]    [pool-3-thread-1]   [com.diffblue.cover.ui.b.b]      [66/129]     by using an implementation of that abstract class or interface. However,
12:51:15.984 [INFO]   [Creating]    [pool-3-thread-1]   [com.diffblue.cover.ui.b.b]      [66/129]     no such implementation has been found.
12:51:15.984 [INFO]   [Creating]    [pool-3-thread-1]   [com.diffblue.cover.ui.b.b]      [66/129]     Please provide an implementation for the abstract class or interface.
12:51:15.984 [INFO]   [Creating]    [pool-3-thread-1]   [com.diffblue.cover.ui.b.b]      [66/129]     See https://diff.blue/T009 to resolve this issue.
12:51:15.984 [INFO]   [Creating]    [pool-3-thread-1]   [com.diffblue.cover.ui.b.b]  [9/25] uk.gov.gchq.palisade.rule.Rule
12:51:15.984 [INFO]   [Creating]    [pool-3-thread-1]   [com.diffblue.cover.ui.b.b]  [9/25]   Tests created: 0
12:51:15.984 [DEBUG]  [Creating]    [pool-3-thread-1]   [com.diffblue.cover.ui.b.b]  [9/25]   (at least 1 line uncovered in this class)
12:51:15.984 [INFO]   [Creating]    [pool-3-thread-1]   [com.diffblue.cover.m.a.b] No testable methods
12:51:15.984 [INFO]   [Creating]    [pool-3-thread-1]   [com.diffblue.cover.m.a.b] 
================================================================================
= Starting analysis for class 'uk.gov.gchq.palisade.rule.Rules'
================================================================================
12:51:15.984 [INFO]   [Creating]    [pool-3-thread-1]   [com.diffblue.cover.m.a.b] Filtering out non-testable methods...
12:51:15.988 [INFO]   [Creating]    [pool-3-thread-1]   [com.diffblue.cover.ui.b.b]      [67/129] uk.gov.gchq.palisade.rule.Rules.addRule
12:51:15.988 [INFO]   [Creating]    [pool-3-thread-1]   [com.diffblue.cover.ui.b.b]      [67/129]   T024: Generated method
12:51:15.988 [DEBUG]  [Creating]    [pool-3-thread-1]   [com.diffblue.cover.ui.b.b]      [67/129]   (at least 4 lines uncovered in this method)
12:51:15.988 [INFO]   [Creating]    [pool-3-thread-1]   [com.diffblue.cover.ui.b.b]      [67/129]     Indicates that the method is generated by some framework or tool and should not
12:51:15.988 [INFO]   [Creating]    [pool-3-thread-1]   [com.diffblue.cover.ui.b.b]      [67/129]     be tested explicitly. The expectation is that the generator itself should be
12:51:15.988 [INFO]   [Creating]    [pool-3-thread-1]   [com.diffblue.cover.ui.b.b]      [67/129]     tested and not each piece of code it produces.
12:51:15.988 [INFO]   [Creating]    [pool-3-thread-1]   [com.diffblue.cover.ui.b.b]      [67/129]     Currently, this includes methods identified generated by Lombok, Protobuf,
12:51:15.988 [INFO]   [Creating]    [pool-3-thread-1]   [com.diffblue.cover.ui.b.b]      [67/129]     Grpc, Hibernate, or annotated with a custom '@Generated' annotation
12:51:15.988 [INFO]   [Creating]    [pool-3-thread-1]   [com.diffblue.cover.ui.b.b]      [67/129]     (as long as the custom annotation has 'RUNTIME' or 'CLASS' retention).
12:51:15.988 [INFO]   [Creating]    [pool-3-thread-1]   [com.diffblue.cover.ui.b.b]      [67/129]     Diffblue Cover considers these methods as not directly callable.
12:51:15.989 [INFO]   [Creating]    [pool-3-thread-1]   [com.diffblue.cover.ui.b.b]      [68/129] uk.gov.gchq.palisade.rule.Rules.addRules
12:51:15.989 [INFO]   [Creating]    [pool-3-thread-1]   [com.diffblue.cover.ui.b.b]      [68/129]   T024: Generated method
12:51:15.989 [DEBUG]  [Creating]    [pool-3-thread-1]   [com.diffblue.cover.ui.b.b]      [68/129]   (at least 3 lines uncovered in this method)
12:51:15.989 [INFO]   [Creating]    [pool-3-thread-1]   [com.diffblue.cover.ui.b.b]      [68/129]     Indicates that the method is generated by some framework or tool and should not
12:51:15.989 [INFO]   [Creating]    [pool-3-thread-1]   [com.diffblue.cover.ui.b.b]      [68/129]     be tested explicitly. The expectation is that the generator itself should be
12:51:15.989 [INFO]   [Creating]    [pool-3-thread-1]   [com.diffblue.cover.ui.b.b]      [68/129]     tested and not each piece of code it produces.
12:51:15.989 [INFO]   [Creating]    [pool-3-thread-1]   [com.diffblue.cover.ui.b.b]      [68/129]     Currently, this includes methods identified generated by Lombok, Protobuf,
12:51:15.989 [INFO]   [Creating]    [pool-3-thread-1]   [com.diffblue.cover.ui.b.b]      [68/129]     Grpc, Hibernate, or annotated with a custom '@Generated' annotation
12:51:15.989 [INFO]   [Creating]    [pool-3-thread-1]   [com.diffblue.cover.ui.b.b]      [68/129]     (as long as the custom annotation has 'RUNTIME' or 'CLASS' retention).
12:51:15.989 [INFO]   [Creating]    [pool-3-thread-1]   [com.diffblue.cover.ui.b.b]      [68/129]     Diffblue Cover considers these methods as not directly callable.
12:51:15.992 [INFO]   [Creating]    [pool-3-thread-1]   [com.diffblue.cover.ui.b.b]      [69/129] uk.gov.gchq.palisade.rule.Rules.getMessage
12:51:15.992 [INFO]   [Creating]    [pool-3-thread-1]   [com.diffblue.cover.ui.b.b]      [69/129]   T024: Generated method
12:51:15.992 [DEBUG]  [Creating]    [pool-3-thread-1]   [com.diffblue.cover.ui.b.b]      [69/129]   (at least 1 line uncovered in this method)
12:51:15.992 [INFO]   [Creating]    [pool-3-thread-1]   [com.diffblue.cover.ui.b.b]      [69/129]     Indicates that the method is generated by some framework or tool and should not
12:51:15.992 [INFO]   [Creating]    [pool-3-thread-1]   [com.diffblue.cover.ui.b.b]      [69/129]     be tested explicitly. The expectation is that the generator itself should be
12:51:15.992 [INFO]   [Creating]    [pool-3-thread-1]   [com.diffblue.cover.ui.b.b]      [69/129]     tested and not each piece of code it produces.
12:51:15.992 [INFO]   [Creating]    [pool-3-thread-1]   [com.diffblue.cover.ui.b.b]      [69/129]     Currently, this includes methods identified generated by Lombok, Protobuf,
12:51:15.992 [INFO]   [Creating]    [pool-3-thread-1]   [com.diffblue.cover.ui.b.b]      [69/129]     Grpc, Hibernate, or annotated with a custom '@Generated' annotation
12:51:15.992 [INFO]   [Creating]    [pool-3-thread-1]   [com.diffblue.cover.ui.b.b]      [69/129]     (as long as the custom annotation has 'RUNTIME' or 'CLASS' retention).
12:51:15.992 [INFO]   [Creating]    [pool-3-thread-1]   [com.diffblue.cover.ui.b.b]      [69/129]     Diffblue Cover considers these methods as not directly callable.
12:51:15.993 [INFO]   [Creating]    [pool-3-thread-1]   [com.diffblue.cover.ui.b.b]      [70/129] uk.gov.gchq.palisade.rule.Rules.getRules
12:51:15.993 [INFO]   [Creating]    [pool-3-thread-1]   [com.diffblue.cover.ui.b.b]      [70/129]   T024: Generated method
12:51:15.993 [DEBUG]  [Creating]    [pool-3-thread-1]   [com.diffblue.cover.ui.b.b]      [70/129]   (at least 1 line uncovered in this method)
12:51:15.993 [INFO]   [Creating]    [pool-3-thread-1]   [com.diffblue.cover.ui.b.b]      [70/129]     Indicates that the method is generated by some framework or tool and should not
12:51:15.993 [INFO]   [Creating]    [pool-3-thread-1]   [com.diffblue.cover.ui.b.b]      [70/129]     be tested explicitly. The expectation is that the generator itself should be
12:51:15.993 [INFO]   [Creating]    [pool-3-thread-1]   [com.diffblue.cover.ui.b.b]      [70/129]     tested and not each piece of code it produces.
12:51:15.993 [INFO]   [Creating]    [pool-3-thread-1]   [com.diffblue.cover.ui.b.b]      [70/129]     Currently, this includes methods identified generated by Lombok, Protobuf,
12:51:15.993 [INFO]   [Creating]    [pool-3-thread-1]   [com.diffblue.cover.ui.b.b]      [70/129]     Grpc, Hibernate, or annotated with a custom '@Generated' annotation
12:51:15.993 [INFO]   [Creating]    [pool-3-thread-1]   [com.diffblue.cover.ui.b.b]      [70/129]     (as long as the custom annotation has 'RUNTIME' or 'CLASS' retention).
12:51:15.993 [INFO]   [Creating]    [pool-3-thread-1]   [com.diffblue.cover.ui.b.b]      [70/129]     Diffblue Cover considers these methods as not directly callable.
12:51:15.994 [INFO]   [Creating]    [pool-3-thread-1]   [com.diffblue.cover.ui.b.b]      [71/129] uk.gov.gchq.palisade.rule.Rules.hashCode
12:51:15.994 [INFO]   [Creating]    [pool-3-thread-1]   [com.diffblue.cover.ui.b.b]      [71/129]   T024: Generated method
12:51:15.994 [DEBUG]  [Creating]    [pool-3-thread-1]   [com.diffblue.cover.ui.b.b]      [71/129]   (at least 1 line uncovered in this method)
12:51:15.994 [INFO]   [Creating]    [pool-3-thread-1]   [com.diffblue.cover.ui.b.b]      [71/129]     Indicates that the method is generated by some framework or tool and should not
12:51:15.994 [INFO]   [Creating]    [pool-3-thread-1]   [com.diffblue.cover.ui.b.b]      [71/129]     be tested explicitly. The expectation is that the generator itself should be
12:51:15.994 [INFO]   [Creating]    [pool-3-thread-1]   [com.diffblue.cover.ui.b.b]      [71/129]     tested and not each piece of code it produces.
12:51:15.994 [INFO]   [Creating]    [pool-3-thread-1]   [com.diffblue.cover.ui.b.b]      [71/129]     Currently, this includes methods identified generated by Lombok, Protobuf,
12:51:15.994 [INFO]   [Creating]    [pool-3-thread-1]   [com.diffblue.cover.ui.b.b]      [71/129]     Grpc, Hibernate, or annotated with a custom '@Generated' annotation
12:51:15.994 [INFO]   [Creating]    [pool-3-thread-1]   [com.diffblue.cover.ui.b.b]      [71/129]     (as long as the custom annotation has 'RUNTIME' or 'CLASS' retention).
12:51:15.994 [INFO]   [Creating]    [pool-3-thread-1]   [com.diffblue.cover.ui.b.b]      [71/129]     Diffblue Cover considers these methods as not directly callable.
12:51:15.996 [INFO]   [Creating]    [pool-3-thread-1]   [com.diffblue.cover.ui.b.b]      [72/129] uk.gov.gchq.palisade.rule.Rules.message
12:51:15.996 [INFO]   [Creating]    [pool-3-thread-1]   [com.diffblue.cover.ui.b.b]      [72/129]   T024: Generated method
12:51:15.996 [DEBUG]  [Creating]    [pool-3-thread-1]   [com.diffblue.cover.ui.b.b]      [72/129]   (at least 2 lines uncovered in this method)
12:51:15.996 [INFO]   [Creating]    [pool-3-thread-1]   [com.diffblue.cover.ui.b.b]      [72/129]     Indicates that the method is generated by some framework or tool and should not
12:51:15.996 [INFO]   [Creating]    [pool-3-thread-1]   [com.diffblue.cover.ui.b.b]      [72/129]     be tested explicitly. The expectation is that the generator itself should be
12:51:15.996 [INFO]   [Creating]    [pool-3-thread-1]   [com.diffblue.cover.ui.b.b]      [72/129]     tested and not each piece of code it produces.
12:51:15.996 [INFO]   [Creating]    [pool-3-thread-1]   [com.diffblue.cover.ui.b.b]      [72/129]     Currently, this includes methods identified generated by Lombok, Protobuf,
12:51:15.996 [INFO]   [Creating]    [pool-3-thread-1]   [com.diffblue.cover.ui.b.b]      [72/129]     Grpc, Hibernate, or annotated with a custom '@Generated' annotation
12:51:15.996 [INFO]   [Creating]    [pool-3-thread-1]   [com.diffblue.cover.ui.b.b]      [72/129]     (as long as the custom annotation has 'RUNTIME' or 'CLASS' retention).
12:51:15.996 [INFO]   [Creating]    [pool-3-thread-1]   [com.diffblue.cover.ui.b.b]      [72/129]     Diffblue Cover considers these methods as not directly callable.
12:51:15.997 [INFO]   [Creating]    [pool-3-thread-1]   [com.diffblue.cover.ui.b.b]      [73/129] uk.gov.gchq.palisade.rule.Rules.rules
12:51:15.997 [INFO]   [Creating]    [pool-3-thread-1]   [com.diffblue.cover.ui.b.b]      [73/129]   T024: Generated method
12:51:15.997 [DEBUG]  [Creating]    [pool-3-thread-1]   [com.diffblue.cover.ui.b.b]      [73/129]   (at least 2 lines uncovered in this method)
12:51:15.997 [INFO]   [Creating]    [pool-3-thread-1]   [com.diffblue.cover.ui.b.b]      [73/129]     Indicates that the method is generated by some framework or tool and should not
12:51:15.997 [INFO]   [Creating]    [pool-3-thread-1]   [com.diffblue.cover.ui.b.b]      [73/129]     be tested explicitly. The expectation is that the generator itself should be
12:51:15.997 [INFO]   [Creating]    [pool-3-thread-1]   [com.diffblue.cover.ui.b.b]      [73/129]     tested and not each piece of code it produces.
12:51:15.997 [INFO]   [Creating]    [pool-3-thread-1]   [com.diffblue.cover.ui.b.b]      [73/129]     Currently, this includes methods identified generated by Lombok, Protobuf,
12:51:15.997 [INFO]   [Creating]    [pool-3-thread-1]   [com.diffblue.cover.ui.b.b]      [73/129]     Grpc, Hibernate, or annotated with a custom '@Generated' annotation
12:51:15.997 [INFO]   [Creating]    [pool-3-thread-1]   [com.diffblue.cover.ui.b.b]      [73/129]     (as long as the custom annotation has 'RUNTIME' or 'CLASS' retention).
12:51:15.997 [INFO]   [Creating]    [pool-3-thread-1]   [com.diffblue.cover.ui.b.b]      [73/129]     Diffblue Cover considers these methods as not directly callable.
12:51:15.999 [INFO]   [Creating]    [pool-3-thread-1]   [com.diffblue.cover.ui.b.b]      [74/129] uk.gov.gchq.palisade.rule.Rules.setMessage
12:51:15.999 [INFO]   [Creating]    [pool-3-thread-1]   [com.diffblue.cover.ui.b.b]      [74/129]   T024: Generated method
12:51:15.999 [DEBUG]  [Creating]    [pool-3-thread-1]   [com.diffblue.cover.ui.b.b]      [74/129]   (at least 3 lines uncovered in this method)
12:51:15.999 [INFO]   [Creating]    [pool-3-thread-1]   [com.diffblue.cover.ui.b.b]      [74/129]     Indicates that the method is generated by some framework or tool and should not
12:51:15.999 [INFO]   [Creating]    [pool-3-thread-1]   [com.diffblue.cover.ui.b.b]      [74/129]     be tested explicitly. The expectation is that the generator itself should be
12:51:15.999 [INFO]   [Creating]    [pool-3-thread-1]   [com.diffblue.cover.ui.b.b]      [74/129]     tested and not each piece of code it produces.
12:51:15.999 [INFO]   [Creating]    [pool-3-thread-1]   [com.diffblue.cover.ui.b.b]      [74/129]     Currently, this includes methods identified generated by Lombok, Protobuf,
12:51:15.999 [INFO]   [Creating]    [pool-3-thread-1]   [com.diffblue.cover.ui.b.b]      [74/129]     Grpc, Hibernate, or annotated with a custom '@Generated' annotation
12:51:15.999 [INFO]   [Creating]    [pool-3-thread-1]   [com.diffblue.cover.ui.b.b]      [74/129]     (as long as the custom annotation has 'RUNTIME' or 'CLASS' retention).
12:51:15.999 [INFO]   [Creating]    [pool-3-thread-1]   [com.diffblue.cover.ui.b.b]      [74/129]     Diffblue Cover considers these methods as not directly callable.
12:51:16.000 [INFO]   [Creating]    [pool-3-thread-1]   [com.diffblue.cover.ui.b.b]      [75/129] uk.gov.gchq.palisade.rule.Rules.setRules
12:51:16.000 [INFO]   [Creating]    [pool-3-thread-1]   [com.diffblue.cover.ui.b.b]      [75/129]   T024: Generated method
12:51:16.000 [DEBUG]  [Creating]    [pool-3-thread-1]   [com.diffblue.cover.ui.b.b]      [75/129]   (at least 3 lines uncovered in this method)
12:51:16.000 [INFO]   [Creating]    [pool-3-thread-1]   [com.diffblue.cover.ui.b.b]      [75/129]     Indicates that the method is generated by some framework or tool and should not
12:51:16.000 [INFO]   [Creating]    [pool-3-thread-1]   [com.diffblue.cover.ui.b.b]      [75/129]     be tested explicitly. The expectation is that the generator itself should be
12:51:16.000 [INFO]   [Creating]    [pool-3-thread-1]   [com.diffblue.cover.ui.b.b]      [75/129]     tested and not each piece of code it produces.
12:51:16.000 [INFO]   [Creating]    [pool-3-thread-1]   [com.diffblue.cover.ui.b.b]      [75/129]     Currently, this includes methods identified generated by Lombok, Protobuf,
12:51:16.000 [INFO]   [Creating]    [pool-3-thread-1]   [com.diffblue.cover.ui.b.b]      [75/129]     Grpc, Hibernate, or annotated with a custom '@Generated' annotation
12:51:16.000 [INFO]   [Creating]    [pool-3-thread-1]   [com.diffblue.cover.ui.b.b]      [75/129]     (as long as the custom annotation has 'RUNTIME' or 'CLASS' retention).
12:51:16.000 [INFO]   [Creating]    [pool-3-thread-1]   [com.diffblue.cover.ui.b.b]      [75/129]     Diffblue Cover considers these methods as not directly callable.
12:51:16.002 [INFO]   [Creating]    [pool-3-thread-1]   [com.diffblue.cover.ui.b.b]      [76/129] uk.gov.gchq.palisade.rule.Rules.toString
12:51:16.002 [INFO]   [Creating]    [pool-3-thread-1]   [com.diffblue.cover.ui.b.b]      [76/129]   T024: Generated method
12:51:16.002 [DEBUG]  [Creating]    [pool-3-thread-1]   [com.diffblue.cover.ui.b.b]      [76/129]   (at least 5 lines uncovered in this method)
12:51:16.002 [INFO]   [Creating]    [pool-3-thread-1]   [com.diffblue.cover.ui.b.b]      [76/129]     Indicates that the method is generated by some framework or tool and should not
12:51:16.002 [INFO]   [Creating]    [pool-3-thread-1]   [com.diffblue.cover.ui.b.b]      [76/129]     be tested explicitly. The expectation is that the generator itself should be
12:51:16.002 [INFO]   [Creating]    [pool-3-thread-1]   [com.diffblue.cover.ui.b.b]      [76/129]     tested and not each piece of code it produces.
12:51:16.002 [INFO]   [Creating]    [pool-3-thread-1]   [com.diffblue.cover.ui.b.b]      [76/129]     Currently, this includes methods identified generated by Lombok, Protobuf,
12:51:16.002 [INFO]   [Creating]    [pool-3-thread-1]   [com.diffblue.cover.ui.b.b]      [76/129]     Grpc, Hibernate, or annotated with a custom '@Generated' annotation
12:51:16.002 [INFO]   [Creating]    [pool-3-thread-1]   [com.diffblue.cover.ui.b.b]      [76/129]     (as long as the custom annotation has 'RUNTIME' or 'CLASS' retention).
12:51:16.002 [INFO]   [Creating]    [pool-3-thread-1]   [com.diffblue.cover.ui.b.b]      [76/129]     Diffblue Cover considers these methods as not directly callable.
12:51:16.003 [DEBUG]  [Creating]    [pool-3-thread-1]   [com.diffblue.combiner.d.j] Using Javaparser to combine tests
12:51:16.003 [INFO]   [Creating]    [pool-3-thread-1]   [com.diffblue.cover.m.a.b] Filtering of methods complete. Creating analysis request
12:51:16.003 [INFO]   [Creating]    [pool-3-thread-1]   [com.diffblue.cover.service.c] Attempting to get service client, retry 1.
12:51:16.025 [DEBUG]  [Creating]    [analyzer-service:grpc-default-executor-0][com.diffblue.fuzztest.e.a] Class information:
12:51:16.026 [DEBUG]  [Creating]    [analyzer-service:grpc-default-executor-0][com.diffblue.fuzztest.e.a]   Implements: interface java.io.Serializable
12:51:16.026 [DEBUG]  [Creating]    [analyzer-service:grpc-default-executor-0][com.diffblue.fuzztest.e.a]   Fields: private static final java.lang.String uk.gov.gchq.palisade.rule.Rules.ID_CANNOT_BE_NULL, public static final java.lang.String uk.gov.gchq.palisade.rule.Rules.NO_RULES_SET, private static final java.lang.String uk.gov.gchq.palisade.rule.Rules.RULE_CANNOT_BE_NULL, private java.lang.String uk.gov.gchq.palisade.rule.Rules.message, private java.util.LinkedHashMap uk.gov.gchq.palisade.rule.Rules.rulesMap, private static final long uk.gov.gchq.palisade.rule.Rules.serialVersionUID
12:51:16.026 [DEBUG]  [Creating]    [analyzer-service:grpc-default-executor-0][com.diffblue.fuzztest.e.a]   Constructors: public uk.gov.gchq.palisade.rule.Rules()
12:51:16.028 [DEBUG]  [Creating]    [analyzer-service:grpc-default-executor-0][com.diffblue.fuzztest.e.a]   Methods: public uk.gov.gchq.palisade.rule.Rules uk.gov.gchq.palisade.rule.Rules.addRule(java.lang.String,uk.gov.gchq.palisade.rule.Rule), public uk.gov.gchq.palisade.rule.Rules uk.gov.gchq.palisade.rule.Rules.addRules(java.util.Map), public boolean uk.gov.gchq.palisade.rule.Rules.containsRules(), public boolean uk.gov.gchq.palisade.rule.Rules.equals(java.lang.Object), public java.lang.String uk.gov.gchq.palisade.rule.Rules.getMessage(), public java.util.Map uk.gov.gchq.palisade.rule.Rules.getRules(), public int uk.gov.gchq.palisade.rule.Rules.hashCode(), private static java.util.Optional uk.gov.gchq.palisade.rule.Rules.lambda$equals$0(java.util.Optional), private static java.util.Optional uk.gov.gchq.palisade.rule.Rules.lambda$equals$1(java.util.Optional), public uk.gov.gchq.palisade.rule.Rules uk.gov.gchq.palisade.rule.Rules.message(java.lang.String), public uk.gov.gchq.palisade.rule.Rules uk.gov.gchq.palisade.rule.Rules.rules(java.util.Map), public void uk.gov.gchq.palisade.rule.Rules.setMessage(java.lang.String), public void uk.gov.gchq.palisade.rule.Rules.setRules(java.util.Map), public java.lang.String uk.gov.gchq.palisade.rule.Rules.toString()
12:51:20.584 [DEBUG]  [Creating]    [analyzer-service:grpc-default-executor-0][com.diffblue.cover.service.analyzer.a.c] Watchdog reset
12:51:20.733 [DEBUG]  [Creating]    [analyzer-service:grpc-default-executor-0][com.diffblue.cover.service.analyzer.a.c] Watchdog reset
12:51:21.010 [DEBUG]  [Creating]    [analyzer-service:grpc-default-executor-0][com.diffblue.cover.service.analyzer.a.c] Watchdog reset
12:51:21.012 [DEBUG]  [Creating]    [analyzer-service:TimedExecutor-70][com.diffblue.fuzztest.g.e] 
================================================================================
= Creating tests for 'uk.gov.gchq.palisade.rule.Rules.<init>:()V' using 'TrM (!sp, !fnm, df)'
================================================================================
12:51:21.012 [DEBUG]  [Creating]    [analyzer-service:TimedExecutor-70][com.diffblue.fuzztest.g.e] 
================================================================================
= Trying DI configuration EmptyDependencyInjectionTirConfiguration for uk.gov.gchq.palisade.rule.Rules.<init>:()V
================================================================================
12:51:21.193 [DEBUG]  [Creating]    [analyzer-service:TimedExecutor-70][com.diffblue.cover.service.analyzer.a.c] Watchdog reset
12:51:21.213 [DEBUG]  [Creating]    [analyzer-service:TimedExecutor-70][com.diffblue.fuzztest.g.e] DI configuration 'com.diffblue.tir.p' generated tests: 1
12:51:21.214 [DEBUG]  [Creating]    [analyzer-service:TimedExecutor-70][com.diffblue.fuzztest.g.e] Enabling descriptive test naming
12:51:21.215 [DEBUG]  [Creating]    [analyzer-service:grpc-default-executor-0][com.diffblue.fuzztest.e.c] Created 1+0 tests and partial tests via 'TrM (!sp, !fnm, df)' , returning all 1
12:51:21.235 [DEBUG]  [Creating]    [pool-3-thread-1]   [com.diffblue.cover.m.a.b] in processAnalysisResult for uk.gov.gchq.palisade.rule.Rules.<init>:()V
12:51:21.236 [DEBUG]  [Creating]    [pool-3-thread-1]   [com.diffblue.combiner.d.j] Using Javaparser to combine tests
12:51:21.295 [DEBUG]  [Creating]    [pool-6-thread-23]  [com.diffblue.cover.l.a.c] EdgeCoverageRuntime contains 8 edges
12:51:21.295 [DEBUG]  [Creating]    [pool-3-thread-1]   [com.diffblue.combiner.a.c] Adding changeSet to account as new: Optional[uk.gov.gchq.palisade.rule.Rules.<init>:()V]
12:51:21.317 [DEBUG]  [Creating]    [analyzer-service:TimedExecutor-71][com.diffblue.fuzztest.g.e] 
================================================================================
= Creating tests for 'uk.gov.gchq.palisade.rule.Rules.equals:(Ljava/lang/Object;)Z' using 'EqH (!sp, !fnm, df)'
================================================================================
12:51:21.323 [DEBUG]  [Creating]    [analyzer-service:TimedExecutor-71][com.diffblue.fuzztest.g.ap] Parsed existing test class at /home/jbergqvist/diffblue/Palisade-common/src/test/java/uk/gov/gchq/palisade/rule/RulesDiffblueTest.java: found 0 annotations
12:51:21.324 [DEBUG]  [Creating]    [analyzer-service:TimedExecutor-71][com.diffblue.fuzztest.g.e] 
================================================================================
= Trying DI configuration com.diffblue.cover.f.e.aa@20 for uk.gov.gchq.palisade.rule.Rules.equals:(Ljava/lang/Object;)Z
================================================================================
12:51:21.631 [DEBUG]  [Creating]    [analyzer-service:TimedExecutor-71][com.diffblue.cover.service.analyzer.a.c] Watchdog reset
12:51:22.373 [DEBUG]  [Creating]    [analyzer-service:TimedExecutor-71][com.diffblue.fuzztest.b.f] Refinement loop done: 1 seeds, 5+0 new+accumulated tests, 5+0 tests+partial tests, 538/1000 its
12:51:22.428 [DEBUG]  [Creating]    [analyzer-service:TimedExecutor-71][com.diffblue.fuzztest.g.e] DI configuration 'com.diffblue.cover.f.e.aa' generated tests: 8
12:51:22.428 [DEBUG]  [Creating]    [analyzer-service:TimedExecutor-71][com.diffblue.fuzztest.g.e] 
================================================================================
= Trying DI configuration EmptyDependencyInjectionTirConfiguration for uk.gov.gchq.palisade.rule.Rules.equals:(Ljava/lang/Object;)Z
================================================================================
12:51:23.125 [DEBUG]  [Creating]    [analyzer-service:TimedExecutor-71][com.diffblue.fuzztest.b.f] Refinement loop done: 1 seeds, 5+0 new+accumulated tests, 5+0 tests+partial tests, 538/1000 its
12:51:23.280 [DEBUG]  [Creating]    [analyzer-service:grpc-default-executor-0][com.diffblue.fuzztest.e.c] Justification for mocking : 
  * uk.gov.gchq.palisade.rule.Rule<java.io.Serializable>: SIMPLIFY_SETUP(Simplified setup: mocking can simplify the arrange section)
12:51:23.280 [DEBUG]  [Creating]    [analyzer-service:grpc-default-executor-0][com.diffblue.fuzztest.e.c] Created 8+0 tests and partial tests via 'EqH (!sp, !fnm, df)' , returning all 8
12:51:23.393 [DEBUG]  [Creating]    [analyzer-service:grpc-default-executor-0][com.diffblue.cover.service.analyzer.a.c] Watchdog reset
12:51:23.400 [DEBUG]  [Creating]    [pool-3-thread-1]   [com.diffblue.cover.m.a.b] in processAnalysisResult for uk.gov.gchq.palisade.rule.Rules.equals:(Ljava/lang/Object;)Z
12:51:23.401 [DEBUG]  [Creating]    [pool-3-thread-1]   [com.diffblue.cover.r.d] Finished with MethodGroup: <init>, countOfTests: 1, countOfMethodsTested: 1 TestGenerationAccount: a[countOfRemoved=0, countOfUnchanged=0, countOfUpdated=0, countOfNew=23]
12:51:23.401 [INFO]   [Creating]    [pool-3-thread-1]   [com.diffblue.cover.ui.b.b]      [77/129] uk.gov.gchq.palisade.rule.Rules.<init>
12:51:23.401 [INFO]   [Creating]    [pool-3-thread-1]   [com.diffblue.cover.ui.b.b]      [77/129]   Tests created: 1
12:51:23.401 [DEBUG]  [Creating]    [pool-3-thread-1]   [com.diffblue.combiner.d.j] Using Javaparser to combine tests
12:51:23.469 [DEBUG]  [Creating]    [pool-6-thread-24]  [com.diffblue.cover.l.a.c] EdgeCoverageRuntime contains 4 edges
12:51:23.469 [DEBUG]  [Creating]    [pool-3-thread-1]   [com.diffblue.combiner.a.c] Adding changeSet to account as new: Optional[uk.gov.gchq.palisade.rule.Rules.equals:(Ljava/lang/Object;)Z]
12:51:23.483 [DEBUG]  [Creating]    [pool-3-thread-1]   [com.diffblue.combiner.d.j] Using Javaparser to combine tests
12:51:23.527 [DEBUG]  [Creating]    [pool-6-thread-25]  [com.diffblue.cover.l.a.c] EdgeCoverageRuntime contains 4 edges
12:51:23.527 [DEBUG]  [Creating]    [pool-3-thread-1]   [com.diffblue.combiner.a.c] Adding changeSet to account as new: Optional[uk.gov.gchq.palisade.rule.Rules.equals:(Ljava/lang/Object;)Z]
12:51:23.540 [DEBUG]  [Creating]    [pool-3-thread-1]   [com.diffblue.combiner.d.j] Using Javaparser to combine tests
12:51:23.583 [DEBUG]  [Creating]    [pool-6-thread-26]  [com.diffblue.cover.l.a.c] EdgeCoverageRuntime contains 7 edges
12:51:23.583 [DEBUG]  [Creating]    [pool-3-thread-1]   [com.diffblue.combiner.a.c] Adding changeSet to account as new: Optional[uk.gov.gchq.palisade.rule.Rules.equals:(Ljava/lang/Object;)Z]
12:51:23.602 [DEBUG]  [Creating]    [pool-3-thread-1]   [com.diffblue.combiner.d.j] Using Javaparser to combine tests
12:51:23.650 [DEBUG]  [Creating]    [pool-6-thread-27]  [com.diffblue.cover.l.a.c] EdgeCoverageRuntime contains 8 edges
12:51:23.650 [DEBUG]  [Creating]    [pool-3-thread-1]   [com.diffblue.combiner.a.c] Adding changeSet to account as new: Optional[uk.gov.gchq.palisade.rule.Rules.equals:(Ljava/lang/Object;)Z]
12:51:23.669 [DEBUG]  [Creating]    [pool-3-thread-1]   [com.diffblue.combiner.d.j] Using Javaparser to combine tests
12:51:23.839 [DEBUG]  [Creating]    [pool-6-thread-28]  [com.diffblue.cover.l.a.c] EdgeCoverageRuntime contains 7 edges
12:51:23.840 [DEBUG]  [Creating]    [pool-3-thread-1]   [com.diffblue.combiner.a.c] Adding changeSet to account as new: Optional[uk.gov.gchq.palisade.rule.Rules.equals:(Ljava/lang/Object;)Z]
12:51:23.873 [DEBUG]  [Creating]    [pool-3-thread-1]   [com.diffblue.combiner.d.j] Using Javaparser to combine tests
12:51:23.929 [DEBUG]  [Creating]    [pool-6-thread-29]  [com.diffblue.cover.l.a.c] EdgeCoverageRuntime contains 9 edges
12:51:23.930 [DEBUG]  [Creating]    [pool-3-thread-1]   [com.diffblue.combiner.a.c] Adding changeSet to account as new: Optional[uk.gov.gchq.palisade.rule.Rules.equals:(Ljava/lang/Object;)Z]
12:51:23.954 [DEBUG]  [Creating]    [pool-3-thread-1]   [com.diffblue.combiner.d.j] Using Javaparser to combine tests
12:51:23.996 [DEBUG]  [Creating]    [pool-6-thread-30]  [com.diffblue.cover.l.a.c] EdgeCoverageRuntime contains 7 edges
12:51:23.996 [DEBUG]  [Creating]    [pool-3-thread-1]   [com.diffblue.combiner.a.c] Adding changeSet to account as new: Optional[uk.gov.gchq.palisade.rule.Rules.equals:(Ljava/lang/Object;)Z]
12:51:24.019 [DEBUG]  [Creating]    [pool-3-thread-1]   [com.diffblue.combiner.d.j] Using Javaparser to combine tests
12:51:24.064 [DEBUG]  [Creating]    [pool-6-thread-31]  [com.diffblue.cover.l.a.c] EdgeCoverageRuntime contains 9 edges
12:51:24.065 [DEBUG]  [Creating]    [pool-3-thread-1]   [com.diffblue.combiner.a.c] Adding changeSet to account as new: Optional[uk.gov.gchq.palisade.rule.Rules.equals:(Ljava/lang/Object;)Z]
12:51:24.096 [DEBUG]  [Creating]    [analyzer-service:grpc-default-executor-0][com.diffblue.cover.service.analyzer.a.c] Watchdog reset
12:51:24.097 [DEBUG]  [Creating]    [analyzer-service:TimedExecutor-72][com.diffblue.fuzztest.g.e] 
================================================================================
= Creating tests for 'uk.gov.gchq.palisade.rule.Rules.containsRules:()Z' using 'SiM (!sp, fnm, df)'
================================================================================
12:51:24.110 [DEBUG]  [Creating]    [analyzer-service:TimedExecutor-72][com.diffblue.fuzztest.g.ap] Parsed existing test class at /home/jbergqvist/diffblue/Palisade-common/src/test/java/uk/gov/gchq/palisade/rule/RulesDiffblueTest.java: found 0 annotations
12:51:24.110 [DEBUG]  [Creating]    [analyzer-service:TimedExecutor-72][com.diffblue.fuzztest.g.e] 
================================================================================
= Trying DI configuration EmptyDependencyInjectionTirConfiguration for uk.gov.gchq.palisade.rule.Rules.containsRules:()Z
================================================================================
12:51:24.416 [DEBUG]  [Creating]    [analyzer-service:TimedExecutor-72][com.diffblue.fuzztest.b.f] Refinement loop done: 1 seeds, 2+0 new+accumulated tests, 2+0 tests+partial tests, 504/1000 its
12:51:24.476 [DEBUG]  [Creating]    [analyzer-service:TimedExecutor-72][com.diffblue.fuzztest.g.e] DI configuration 'com.diffblue.tir.p' generated tests: 2
12:51:24.476 [DEBUG]  [Creating]    [analyzer-service:TimedExecutor-72][com.diffblue.fuzztest.g.e] Enabling descriptive test naming
12:51:24.481 [DEBUG]  [Creating]    [analyzer-service:grpc-default-executor-0][com.diffblue.fuzztest.e.c] Justification for mocking SiM fallback 1/2: 
  * uk.gov.gchq.palisade.rule.Rule<java.io.Serializable>: SIMPLIFY_SETUP(Simplified setup: mocking can simplify the arrange section)
12:51:24.481 [DEBUG]  [Creating]    [analyzer-service:grpc-default-executor-0][com.diffblue.fuzztest.e.c] Created 2+0 tests and partial tests via 'SiM (!sp, fnm, df)' SiM fallback 1/2, returning all 2
12:51:24.511 [DEBUG]  [Creating]    [pool-3-thread-1]   [com.diffblue.cover.m.a.b] in processAnalysisResult for uk.gov.gchq.palisade.rule.Rules.containsRules:()Z
12:51:24.511 [DEBUG]  [Creating]    [pool-3-thread-1]   [com.diffblue.cover.r.d] Finished with MethodGroup: equals, countOfTests: 8, countOfMethodsTested: 1 TestGenerationAccount: a[countOfRemoved=0, countOfUnchanged=0, countOfUpdated=0, countOfNew=31]
12:51:24.512 [INFO]   [Creating]    [pool-3-thread-1]   [com.diffblue.cover.ui.b.b]      [78/129] uk.gov.gchq.palisade.rule.Rules.equals
12:51:24.512 [INFO]   [Creating]    [pool-3-thread-1]   [com.diffblue.cover.ui.b.b]      [78/129]   Tests created: 8
12:51:24.512 [DEBUG]  [Creating]    [pool-3-thread-1]   [com.diffblue.combiner.d.j] Using Javaparser to combine tests
12:51:24.554 [DEBUG]  [Creating]    [pool-6-thread-32]  [com.diffblue.cover.l.a.c] EdgeCoverageRuntime contains 5 edges
12:51:24.555 [DEBUG]  [Creating]    [pool-3-thread-1]   [com.diffblue.combiner.a.c] Adding changeSet to account as new: Optional[uk.gov.gchq.palisade.rule.Rules.containsRules:()Z]
12:51:24.577 [DEBUG]  [Creating]    [pool-3-thread-1]   [com.diffblue.combiner.d.j] Using Javaparser to combine tests
12:51:24.623 [DEBUG]  [Creating]    [pool-6-thread-33]  [com.diffblue.cover.l.a.c] EdgeCoverageRuntime contains 7 edges
12:51:24.623 [DEBUG]  [Creating]    [pool-3-thread-1]   [com.diffblue.combiner.a.c] Adding changeSet to account as new: Optional[uk.gov.gchq.palisade.rule.Rules.containsRules:()Z]
12:51:24.649 [DEBUG]  [Creating]    [pool-3-thread-1]   [com.diffblue.cover.r.d] Finished with MethodGroup: containsRules, countOfTests: 2, countOfMethodsTested: 1 TestGenerationAccount: a[countOfRemoved=0, countOfUnchanged=0, countOfUpdated=0, countOfNew=33]
12:51:24.648 [DEBUG]  [Creating]    [analyzer-service:grpc-default-executor-0][com.diffblue.cover.service.analyzer.a.c] Watchdog reset
12:51:24.649 [INFO]   [Creating]    [pool-3-thread-1]   [com.diffblue.cover.ui.b.b]      [79/129] uk.gov.gchq.palisade.rule.Rules.containsRules
12:51:24.649 [INFO]   [Creating]    [pool-3-thread-1]   [com.diffblue.cover.ui.b.b]      [79/129]   Tests created: 2
12:51:24.651 [INFO]   [Creating]    [pool-3-thread-1]   [com.diffblue.cover.ui.b.b] [10/25] uk.gov.gchq.palisade.rule.Rules
12:51:24.651 [INFO]   [Creating]    [pool-3-thread-1]   [com.diffblue.cover.ui.b.b] [10/25]   Tests created: 11
12:51:24.651 [DEBUG]  [Creating]    [pool-3-thread-1]   [com.diffblue.cover.ui.b.b] [10/25]   (at least 25 lines uncovered in this class)
12:51:24.654 [INFO]   [Creating]    [pool-3-thread-1]   [com.diffblue.cover.m.a.b] 
================================================================================
= Starting analysis for class 'uk.gov.gchq.palisade.user.User'
================================================================================
12:51:24.654 [INFO]   [Creating]    [pool-3-thread-1]   [com.diffblue.cover.m.a.b] Filtering out non-testable methods...
12:51:24.660 [INFO]   [Creating]    [pool-3-thread-1]   [com.diffblue.cover.ui.b.b]      [80/129] uk.gov.gchq.palisade.user.User.addAuths
12:51:24.660 [INFO]   [Creating]    [pool-3-thread-1]   [com.diffblue.cover.ui.b.b]      [80/129]   T024: Generated method
12:51:24.660 [DEBUG]  [Creating]    [pool-3-thread-1]   [com.diffblue.cover.ui.b.b]      [80/129]   (at least 3 lines uncovered in this method)
12:51:24.660 [INFO]   [Creating]    [pool-3-thread-1]   [com.diffblue.cover.ui.b.b]      [80/129]     Indicates that the method is generated by some framework or tool and should not
12:51:24.660 [INFO]   [Creating]    [pool-3-thread-1]   [com.diffblue.cover.ui.b.b]      [80/129]     be tested explicitly. The expectation is that the generator itself should be
12:51:24.660 [INFO]   [Creating]    [pool-3-thread-1]   [com.diffblue.cover.ui.b.b]      [80/129]     tested and not each piece of code it produces.
12:51:24.660 [INFO]   [Creating]    [pool-3-thread-1]   [com.diffblue.cover.ui.b.b]      [80/129]     Currently, this includes methods identified generated by Lombok, Protobuf,
12:51:24.660 [INFO]   [Creating]    [pool-3-thread-1]   [com.diffblue.cover.ui.b.b]      [80/129]     Grpc, Hibernate, or annotated with a custom '@Generated' annotation
12:51:24.660 [INFO]   [Creating]    [pool-3-thread-1]   [com.diffblue.cover.ui.b.b]      [80/129]     (as long as the custom annotation has 'RUNTIME' or 'CLASS' retention).
12:51:24.660 [INFO]   [Creating]    [pool-3-thread-1]   [com.diffblue.cover.ui.b.b]      [80/129]     Diffblue Cover considers these methods as not directly callable.
12:51:24.661 [INFO]   [Creating]    [pool-3-thread-1]   [com.diffblue.cover.ui.b.b]      [81/129] uk.gov.gchq.palisade.user.User.addRoles
12:51:24.661 [INFO]   [Creating]    [pool-3-thread-1]   [com.diffblue.cover.ui.b.b]      [81/129]   T024: Generated method
12:51:24.661 [DEBUG]  [Creating]    [pool-3-thread-1]   [com.diffblue.cover.ui.b.b]      [81/129]   (at least 3 lines uncovered in this method)
12:51:24.661 [INFO]   [Creating]    [pool-3-thread-1]   [com.diffblue.cover.ui.b.b]      [81/129]     Indicates that the method is generated by some framework or tool and should not
12:51:24.661 [INFO]   [Creating]    [pool-3-thread-1]   [com.diffblue.cover.ui.b.b]      [81/129]     be tested explicitly. The expectation is that the generator itself should be
12:51:24.661 [INFO]   [Creating]    [pool-3-thread-1]   [com.diffblue.cover.ui.b.b]      [81/129]     tested and not each piece of code it produces.
12:51:24.661 [INFO]   [Creating]    [pool-3-thread-1]   [com.diffblue.cover.ui.b.b]      [81/129]     Currently, this includes methods identified generated by Lombok, Protobuf,
12:51:24.661 [INFO]   [Creating]    [pool-3-thread-1]   [com.diffblue.cover.ui.b.b]      [81/129]     Grpc, Hibernate, or annotated with a custom '@Generated' annotation
12:51:24.661 [INFO]   [Creating]    [pool-3-thread-1]   [com.diffblue.cover.ui.b.b]      [81/129]     (as long as the custom annotation has 'RUNTIME' or 'CLASS' retention).
12:51:24.661 [INFO]   [Creating]    [pool-3-thread-1]   [com.diffblue.cover.ui.b.b]      [81/129]     Diffblue Cover considers these methods as not directly callable.
12:51:24.663 [INFO]   [Creating]    [pool-3-thread-1]   [com.diffblue.cover.ui.b.b]      [82/129] uk.gov.gchq.palisade.user.User.auths
12:51:24.663 [INFO]   [Creating]    [pool-3-thread-1]   [com.diffblue.cover.ui.b.b]      [82/129]   T024: Generated method
12:51:24.663 [DEBUG]  [Creating]    [pool-3-thread-1]   [com.diffblue.cover.ui.b.b]      [82/129]   (at least 2 lines uncovered in this method)
12:51:24.663 [INFO]   [Creating]    [pool-3-thread-1]   [com.diffblue.cover.ui.b.b]      [82/129]     Indicates that the method is generated by some framework or tool and should not
12:51:24.663 [INFO]   [Creating]    [pool-3-thread-1]   [com.diffblue.cover.ui.b.b]      [82/129]     be tested explicitly. The expectation is that the generator itself should be
12:51:24.663 [INFO]   [Creating]    [pool-3-thread-1]   [com.diffblue.cover.ui.b.b]      [82/129]     tested and not each piece of code it produces.
12:51:24.663 [INFO]   [Creating]    [pool-3-thread-1]   [com.diffblue.cover.ui.b.b]      [82/129]     Currently, this includes methods identified generated by Lombok, Protobuf,
12:51:24.663 [INFO]   [Creating]    [pool-3-thread-1]   [com.diffblue.cover.ui.b.b]      [82/129]     Grpc, Hibernate, or annotated with a custom '@Generated' annotation
12:51:24.663 [INFO]   [Creating]    [pool-3-thread-1]   [com.diffblue.cover.ui.b.b]      [82/129]     (as long as the custom annotation has 'RUNTIME' or 'CLASS' retention).
12:51:24.663 [INFO]   [Creating]    [pool-3-thread-1]   [com.diffblue.cover.ui.b.b]      [82/129]     Diffblue Cover considers these methods as not directly callable.
12:51:24.664 [INFO]   [Creating]    [pool-3-thread-1]   [com.diffblue.cover.ui.b.b]      [83/129] uk.gov.gchq.palisade.user.User.auths
12:51:24.664 [INFO]   [Creating]    [pool-3-thread-1]   [com.diffblue.cover.ui.b.b]      [83/129]   T024: Generated method
12:51:24.664 [DEBUG]  [Creating]    [pool-3-thread-1]   [com.diffblue.cover.ui.b.b]      [83/129]   (at least 2 lines uncovered in this method)
12:51:24.664 [INFO]   [Creating]    [pool-3-thread-1]   [com.diffblue.cover.ui.b.b]      [83/129]     Indicates that the method is generated by some framework or tool and should not
12:51:24.664 [INFO]   [Creating]    [pool-3-thread-1]   [com.diffblue.cover.ui.b.b]      [83/129]     be tested explicitly. The expectation is that the generator itself should be
12:51:24.664 [INFO]   [Creating]    [pool-3-thread-1]   [com.diffblue.cover.ui.b.b]      [83/129]     tested and not each piece of code it produces.
12:51:24.664 [INFO]   [Creating]    [pool-3-thread-1]   [com.diffblue.cover.ui.b.b]      [83/129]     Currently, this includes methods identified generated by Lombok, Protobuf,
12:51:24.664 [INFO]   [Creating]    [pool-3-thread-1]   [com.diffblue.cover.ui.b.b]      [83/129]     Grpc, Hibernate, or annotated with a custom '@Generated' annotation
12:51:24.664 [INFO]   [Creating]    [pool-3-thread-1]   [com.diffblue.cover.ui.b.b]      [83/129]     (as long as the custom annotation has 'RUNTIME' or 'CLASS' retention).
12:51:24.664 [INFO]   [Creating]    [pool-3-thread-1]   [com.diffblue.cover.ui.b.b]      [83/129]     Diffblue Cover considers these methods as not directly callable.
12:51:24.665 [INFO]   [Creating]    [pool-3-thread-1]   [com.diffblue.cover.ui.b.b]      [84/129] uk.gov.gchq.palisade.user.User.equals
12:51:24.665 [INFO]   [Creating]    [pool-3-thread-1]   [com.diffblue.cover.ui.b.b]      [84/129]   T024: Generated method
12:51:24.665 [DEBUG]  [Creating]    [pool-3-thread-1]   [com.diffblue.cover.ui.b.b]      [84/129]   (at least 9 lines uncovered in this method)
12:51:24.665 [INFO]   [Creating]    [pool-3-thread-1]   [com.diffblue.cover.ui.b.b]      [84/129]     Indicates that the method is generated by some framework or tool and should not
12:51:24.666 [INFO]   [Creating]    [pool-3-thread-1]   [com.diffblue.cover.ui.b.b]      [84/129]     be tested explicitly. The expectation is that the generator itself should be
12:51:24.666 [INFO]   [Creating]    [pool-3-thread-1]   [com.diffblue.cover.ui.b.b]      [84/129]     tested and not each piece of code it produces.
12:51:24.666 [INFO]   [Creating]    [pool-3-thread-1]   [com.diffblue.cover.ui.b.b]      [84/129]     Currently, this includes methods identified generated by Lombok, Protobuf,
12:51:24.666 [INFO]   [Creating]    [pool-3-thread-1]   [com.diffblue.cover.ui.b.b]      [84/129]     Grpc, Hibernate, or annotated with a custom '@Generated' annotation
12:51:24.666 [INFO]   [Creating]    [pool-3-thread-1]   [com.diffblue.cover.ui.b.b]      [84/129]     (as long as the custom annotation has 'RUNTIME' or 'CLASS' retention).
12:51:24.666 [INFO]   [Creating]    [pool-3-thread-1]   [com.diffblue.cover.ui.b.b]      [84/129]     Diffblue Cover considers these methods as not directly callable.
12:51:24.667 [INFO]   [Creating]    [pool-3-thread-1]   [com.diffblue.cover.ui.b.b]      [85/129] uk.gov.gchq.palisade.user.User.getAuths
12:51:24.667 [INFO]   [Creating]    [pool-3-thread-1]   [com.diffblue.cover.ui.b.b]      [85/129]   T024: Generated method
12:51:24.667 [DEBUG]  [Creating]    [pool-3-thread-1]   [com.diffblue.cover.ui.b.b]      [85/129]   (at least 1 line uncovered in this method)
12:51:24.667 [INFO]   [Creating]    [pool-3-thread-1]   [com.diffblue.cover.ui.b.b]      [85/129]     Indicates that the method is generated by some framework or tool and should not
12:51:24.667 [INFO]   [Creating]    [pool-3-thread-1]   [com.diffblue.cover.ui.b.b]      [85/129]     be tested explicitly. The expectation is that the generator itself should be
12:51:24.667 [INFO]   [Creating]    [pool-3-thread-1]   [com.diffblue.cover.ui.b.b]      [85/129]     tested and not each piece of code it produces.
12:51:24.667 [INFO]   [Creating]    [pool-3-thread-1]   [com.diffblue.cover.ui.b.b]      [85/129]     Currently, this includes methods identified generated by Lombok, Protobuf,
12:51:24.667 [INFO]   [Creating]    [pool-3-thread-1]   [com.diffblue.cover.ui.b.b]      [85/129]     Grpc, Hibernate, or annotated with a custom '@Generated' annotation
12:51:24.667 [INFO]   [Creating]    [pool-3-thread-1]   [com.diffblue.cover.ui.b.b]      [85/129]     (as long as the custom annotation has 'RUNTIME' or 'CLASS' retention).
12:51:24.667 [INFO]   [Creating]    [pool-3-thread-1]   [com.diffblue.cover.ui.b.b]      [85/129]     Diffblue Cover considers these methods as not directly callable.
12:51:24.668 [INFO]   [Creating]    [pool-3-thread-1]   [com.diffblue.cover.ui.b.b]      [86/129] uk.gov.gchq.palisade.user.User.getRoles
12:51:24.668 [INFO]   [Creating]    [pool-3-thread-1]   [com.diffblue.cover.ui.b.b]      [86/129]   T024: Generated method
12:51:24.668 [DEBUG]  [Creating]    [pool-3-thread-1]   [com.diffblue.cover.ui.b.b]      [86/129]   (at least 1 line uncovered in this method)
12:51:24.668 [INFO]   [Creating]    [pool-3-thread-1]   [com.diffblue.cover.ui.b.b]      [86/129]     Indicates that the method is generated by some framework or tool and should not
12:51:24.668 [INFO]   [Creating]    [pool-3-thread-1]   [com.diffblue.cover.ui.b.b]      [86/129]     be tested explicitly. The expectation is that the generator itself should be
12:51:24.668 [INFO]   [Creating]    [pool-3-thread-1]   [com.diffblue.cover.ui.b.b]      [86/129]     tested and not each piece of code it produces.
12:51:24.668 [INFO]   [Creating]    [pool-3-thread-1]   [com.diffblue.cover.ui.b.b]      [86/129]     Currently, this includes methods identified generated by Lombok, Protobuf,
12:51:24.668 [INFO]   [Creating]    [pool-3-thread-1]   [com.diffblue.cover.ui.b.b]      [86/129]     Grpc, Hibernate, or annotated with a custom '@Generated' annotation
12:51:24.668 [INFO]   [Creating]    [pool-3-thread-1]   [com.diffblue.cover.ui.b.b]      [86/129]     (as long as the custom annotation has 'RUNTIME' or 'CLASS' retention).
12:51:24.668 [INFO]   [Creating]    [pool-3-thread-1]   [com.diffblue.cover.ui.b.b]      [86/129]     Diffblue Cover considers these methods as not directly callable.
12:51:24.669 [INFO]   [Creating]    [pool-3-thread-1]   [com.diffblue.cover.ui.b.b]      [87/129] uk.gov.gchq.palisade.user.User.getUserId
12:51:24.669 [INFO]   [Creating]    [pool-3-thread-1]   [com.diffblue.cover.ui.b.b]      [87/129]   T024: Generated method
12:51:24.669 [DEBUG]  [Creating]    [pool-3-thread-1]   [com.diffblue.cover.ui.b.b]      [87/129]   (at least 1 line uncovered in this method)
12:51:24.669 [INFO]   [Creating]    [pool-3-thread-1]   [com.diffblue.cover.ui.b.b]      [87/129]     Indicates that the method is generated by some framework or tool and should not
12:51:24.669 [INFO]   [Creating]    [pool-3-thread-1]   [com.diffblue.cover.ui.b.b]      [87/129]     be tested explicitly. The expectation is that the generator itself should be
12:51:24.669 [INFO]   [Creating]    [pool-3-thread-1]   [com.diffblue.cover.ui.b.b]      [87/129]     tested and not each piece of code it produces.
12:51:24.669 [INFO]   [Creating]    [pool-3-thread-1]   [com.diffblue.cover.ui.b.b]      [87/129]     Currently, this includes methods identified generated by Lombok, Protobuf,
12:51:24.669 [INFO]   [Creating]    [pool-3-thread-1]   [com.diffblue.cover.ui.b.b]      [87/129]     Grpc, Hibernate, or annotated with a custom '@Generated' annotation
12:51:24.669 [INFO]   [Creating]    [pool-3-thread-1]   [com.diffblue.cover.ui.b.b]      [87/129]     (as long as the custom annotation has 'RUNTIME' or 'CLASS' retention).
12:51:24.669 [INFO]   [Creating]    [pool-3-thread-1]   [com.diffblue.cover.ui.b.b]      [87/129]     Diffblue Cover considers these methods as not directly callable.
12:51:24.670 [INFO]   [Creating]    [pool-3-thread-1]   [com.diffblue.cover.ui.b.b]      [88/129] uk.gov.gchq.palisade.user.User.hashCode
12:51:24.670 [INFO]   [Creating]    [pool-3-thread-1]   [com.diffblue.cover.ui.b.b]      [88/129]   T024: Generated method
12:51:24.670 [DEBUG]  [Creating]    [pool-3-thread-1]   [com.diffblue.cover.ui.b.b]      [88/129]   (at least 1 line uncovered in this method)
12:51:24.670 [INFO]   [Creating]    [pool-3-thread-1]   [com.diffblue.cover.ui.b.b]      [88/129]     Indicates that the method is generated by some framework or tool and should not
12:51:24.670 [INFO]   [Creating]    [pool-3-thread-1]   [com.diffblue.cover.ui.b.b]      [88/129]     be tested explicitly. The expectation is that the generator itself should be
12:51:24.670 [INFO]   [Creating]    [pool-3-thread-1]   [com.diffblue.cover.ui.b.b]      [88/129]     tested and not each piece of code it produces.
12:51:24.670 [INFO]   [Creating]    [pool-3-thread-1]   [com.diffblue.cover.ui.b.b]      [88/129]     Currently, this includes methods identified generated by Lombok, Protobuf,
12:51:24.670 [INFO]   [Creating]    [pool-3-thread-1]   [com.diffblue.cover.ui.b.b]      [88/129]     Grpc, Hibernate, or annotated with a custom '@Generated' annotation
12:51:24.670 [INFO]   [Creating]    [pool-3-thread-1]   [com.diffblue.cover.ui.b.b]      [88/129]     (as long as the custom annotation has 'RUNTIME' or 'CLASS' retention).
12:51:24.670 [INFO]   [Creating]    [pool-3-thread-1]   [com.diffblue.cover.ui.b.b]      [88/129]     Diffblue Cover considers these methods as not directly callable.
12:51:24.672 [INFO]   [Creating]    [pool-3-thread-1]   [com.diffblue.cover.ui.b.b]      [89/129] uk.gov.gchq.palisade.user.User.roles
12:51:24.672 [INFO]   [Creating]    [pool-3-thread-1]   [com.diffblue.cover.ui.b.b]      [89/129]   T024: Generated method
12:51:24.672 [DEBUG]  [Creating]    [pool-3-thread-1]   [com.diffblue.cover.ui.b.b]      [89/129]   (at least 2 lines uncovered in this method)
12:51:24.672 [INFO]   [Creating]    [pool-3-thread-1]   [com.diffblue.cover.ui.b.b]      [89/129]     Indicates that the method is generated by some framework or tool and should not
12:51:24.672 [INFO]   [Creating]    [pool-3-thread-1]   [com.diffblue.cover.ui.b.b]      [89/129]     be tested explicitly. The expectation is that the generator itself should be
12:51:24.672 [INFO]   [Creating]    [pool-3-thread-1]   [com.diffblue.cover.ui.b.b]      [89/129]     tested and not each piece of code it produces.
12:51:24.672 [INFO]   [Creating]    [pool-3-thread-1]   [com.diffblue.cover.ui.b.b]      [89/129]     Currently, this includes methods identified generated by Lombok, Protobuf,
12:51:24.672 [INFO]   [Creating]    [pool-3-thread-1]   [com.diffblue.cover.ui.b.b]      [89/129]     Grpc, Hibernate, or annotated with a custom '@Generated' annotation
12:51:24.672 [INFO]   [Creating]    [pool-3-thread-1]   [com.diffblue.cover.ui.b.b]      [89/129]     (as long as the custom annotation has 'RUNTIME' or 'CLASS' retention).
12:51:24.672 [INFO]   [Creating]    [pool-3-thread-1]   [com.diffblue.cover.ui.b.b]      [89/129]     Diffblue Cover considers these methods as not directly callable.
12:51:24.673 [INFO]   [Creating]    [pool-3-thread-1]   [com.diffblue.cover.ui.b.b]      [90/129] uk.gov.gchq.palisade.user.User.roles
12:51:24.673 [INFO]   [Creating]    [pool-3-thread-1]   [com.diffblue.cover.ui.b.b]      [90/129]   T024: Generated method
12:51:24.673 [DEBUG]  [Creating]    [pool-3-thread-1]   [com.diffblue.cover.ui.b.b]      [90/129]   (at least 2 lines uncovered in this method)
12:51:24.673 [INFO]   [Creating]    [pool-3-thread-1]   [com.diffblue.cover.ui.b.b]      [90/129]     Indicates that the method is generated by some framework or tool and should not
12:51:24.673 [INFO]   [Creating]    [pool-3-thread-1]   [com.diffblue.cover.ui.b.b]      [90/129]     be tested explicitly. The expectation is that the generator itself should be
12:51:24.673 [INFO]   [Creating]    [pool-3-thread-1]   [com.diffblue.cover.ui.b.b]      [90/129]     tested and not each piece of code it produces.
12:51:24.673 [INFO]   [Creating]    [pool-3-thread-1]   [com.diffblue.cover.ui.b.b]      [90/129]     Currently, this includes methods identified generated by Lombok, Protobuf,
12:51:24.673 [INFO]   [Creating]    [pool-3-thread-1]   [com.diffblue.cover.ui.b.b]      [90/129]     Grpc, Hibernate, or annotated with a custom '@Generated' annotation
12:51:24.673 [INFO]   [Creating]    [pool-3-thread-1]   [com.diffblue.cover.ui.b.b]      [90/129]     (as long as the custom annotation has 'RUNTIME' or 'CLASS' retention).
12:51:24.673 [INFO]   [Creating]    [pool-3-thread-1]   [com.diffblue.cover.ui.b.b]      [90/129]     Diffblue Cover considers these methods as not directly callable.
12:51:24.674 [INFO]   [Creating]    [pool-3-thread-1]   [com.diffblue.cover.ui.b.b]      [91/129] uk.gov.gchq.palisade.user.User.setAuths
12:51:24.674 [INFO]   [Creating]    [pool-3-thread-1]   [com.diffblue.cover.ui.b.b]      [91/129]   T024: Generated method
12:51:24.674 [DEBUG]  [Creating]    [pool-3-thread-1]   [com.diffblue.cover.ui.b.b]      [91/129]   (at least 3 lines uncovered in this method)
12:51:24.674 [INFO]   [Creating]    [pool-3-thread-1]   [com.diffblue.cover.ui.b.b]      [91/129]     Indicates that the method is generated by some framework or tool and should not
12:51:24.674 [INFO]   [Creating]    [pool-3-thread-1]   [com.diffblue.cover.ui.b.b]      [91/129]     be tested explicitly. The expectation is that the generator itself should be
12:51:24.674 [INFO]   [Creating]    [pool-3-thread-1]   [com.diffblue.cover.ui.b.b]      [91/129]     tested and not each piece of code it produces.
12:51:24.674 [INFO]   [Creating]    [pool-3-thread-1]   [com.diffblue.cover.ui.b.b]      [91/129]     Currently, this includes methods identified generated by Lombok, Protobuf,
12:51:24.674 [INFO]   [Creating]    [pool-3-thread-1]   [com.diffblue.cover.ui.b.b]      [91/129]     Grpc, Hibernate, or annotated with a custom '@Generated' annotation
12:51:24.674 [INFO]   [Creating]    [pool-3-thread-1]   [com.diffblue.cover.ui.b.b]      [91/129]     (as long as the custom annotation has 'RUNTIME' or 'CLASS' retention).
12:51:24.674 [INFO]   [Creating]    [pool-3-thread-1]   [com.diffblue.cover.ui.b.b]      [91/129]     Diffblue Cover considers these methods as not directly callable.
12:51:24.675 [INFO]   [Creating]    [pool-3-thread-1]   [com.diffblue.cover.ui.b.b]      [92/129] uk.gov.gchq.palisade.user.User.setRoles
12:51:24.675 [INFO]   [Creating]    [pool-3-thread-1]   [com.diffblue.cover.ui.b.b]      [92/129]   T024: Generated method
12:51:24.675 [DEBUG]  [Creating]    [pool-3-thread-1]   [com.diffblue.cover.ui.b.b]      [92/129]   (at least 3 lines uncovered in this method)
12:51:24.675 [INFO]   [Creating]    [pool-3-thread-1]   [com.diffblue.cover.ui.b.b]      [92/129]     Indicates that the method is generated by some framework or tool and should not
12:51:24.675 [INFO]   [Creating]    [pool-3-thread-1]   [com.diffblue.cover.ui.b.b]      [92/129]     be tested explicitly. The expectation is that the generator itself should be
12:51:24.675 [INFO]   [Creating]    [pool-3-thread-1]   [com.diffblue.cover.ui.b.b]      [92/129]     tested and not each piece of code it produces.
12:51:24.675 [INFO]   [Creating]    [pool-3-thread-1]   [com.diffblue.cover.ui.b.b]      [92/129]     Currently, this includes methods identified generated by Lombok, Protobuf,
12:51:24.675 [INFO]   [Creating]    [pool-3-thread-1]   [com.diffblue.cover.ui.b.b]      [92/129]     Grpc, Hibernate, or annotated with a custom '@Generated' annotation
12:51:24.675 [INFO]   [Creating]    [pool-3-thread-1]   [com.diffblue.cover.ui.b.b]      [92/129]     (as long as the custom annotation has 'RUNTIME' or 'CLASS' retention).
12:51:24.675 [INFO]   [Creating]    [pool-3-thread-1]   [com.diffblue.cover.ui.b.b]      [92/129]     Diffblue Cover considers these methods as not directly callable.
12:51:24.676 [INFO]   [Creating]    [pool-3-thread-1]   [com.diffblue.cover.ui.b.b]      [93/129] uk.gov.gchq.palisade.user.User.setUserId
12:51:24.676 [INFO]   [Creating]    [pool-3-thread-1]   [com.diffblue.cover.ui.b.b]      [93/129]   T024: Generated method
12:51:24.676 [DEBUG]  [Creating]    [pool-3-thread-1]   [com.diffblue.cover.ui.b.b]      [93/129]   (at least 3 lines uncovered in this method)
12:51:24.676 [INFO]   [Creating]    [pool-3-thread-1]   [com.diffblue.cover.ui.b.b]      [93/129]     Indicates that the method is generated by some framework or tool and should not
12:51:24.676 [INFO]   [Creating]    [pool-3-thread-1]   [com.diffblue.cover.ui.b.b]      [93/129]     be tested explicitly. The expectation is that the generator itself should be
12:51:24.676 [INFO]   [Creating]    [pool-3-thread-1]   [com.diffblue.cover.ui.b.b]      [93/129]     tested and not each piece of code it produces.
12:51:24.676 [INFO]   [Creating]    [pool-3-thread-1]   [com.diffblue.cover.ui.b.b]      [93/129]     Currently, this includes methods identified generated by Lombok, Protobuf,
12:51:24.676 [INFO]   [Creating]    [pool-3-thread-1]   [com.diffblue.cover.ui.b.b]      [93/129]     Grpc, Hibernate, or annotated with a custom '@Generated' annotation
12:51:24.676 [INFO]   [Creating]    [pool-3-thread-1]   [com.diffblue.cover.ui.b.b]      [93/129]     (as long as the custom annotation has 'RUNTIME' or 'CLASS' retention).
12:51:24.676 [INFO]   [Creating]    [pool-3-thread-1]   [com.diffblue.cover.ui.b.b]      [93/129]     Diffblue Cover considers these methods as not directly callable.
12:51:24.677 [INFO]   [Creating]    [pool-3-thread-1]   [com.diffblue.cover.ui.b.b]      [94/129] uk.gov.gchq.palisade.user.User.toString
12:51:24.677 [INFO]   [Creating]    [pool-3-thread-1]   [com.diffblue.cover.ui.b.b]      [94/129]   T024: Generated method
12:51:24.677 [DEBUG]  [Creating]    [pool-3-thread-1]   [com.diffblue.cover.ui.b.b]      [94/129]   (at least 7 lines uncovered in this method)
12:51:24.677 [INFO]   [Creating]    [pool-3-thread-1]   [com.diffblue.cover.ui.b.b]      [94/129]     Indicates that the method is generated by some framework or tool and should not
12:51:24.677 [INFO]   [Creating]    [pool-3-thread-1]   [com.diffblue.cover.ui.b.b]      [94/129]     be tested explicitly. The expectation is that the generator itself should be
12:51:24.677 [INFO]   [Creating]    [pool-3-thread-1]   [com.diffblue.cover.ui.b.b]      [94/129]     tested and not each piece of code it produces.
12:51:24.677 [INFO]   [Creating]    [pool-3-thread-1]   [com.diffblue.cover.ui.b.b]      [94/129]     Currently, this includes methods identified generated by Lombok, Protobuf,
12:51:24.677 [INFO]   [Creating]    [pool-3-thread-1]   [com.diffblue.cover.ui.b.b]      [94/129]     Grpc, Hibernate, or annotated with a custom '@Generated' annotation
12:51:24.677 [INFO]   [Creating]    [pool-3-thread-1]   [com.diffblue.cover.ui.b.b]      [94/129]     (as long as the custom annotation has 'RUNTIME' or 'CLASS' retention).
12:51:24.677 [INFO]   [Creating]    [pool-3-thread-1]   [com.diffblue.cover.ui.b.b]      [94/129]     Diffblue Cover considers these methods as not directly callable.
12:51:24.678 [INFO]   [Creating]    [pool-3-thread-1]   [com.diffblue.cover.ui.b.b]      [95/129] uk.gov.gchq.palisade.user.User.userId
12:51:24.678 [INFO]   [Creating]    [pool-3-thread-1]   [com.diffblue.cover.ui.b.b]      [95/129]   T024: Generated method
12:51:24.678 [DEBUG]  [Creating]    [pool-3-thread-1]   [com.diffblue.cover.ui.b.b]      [95/129]   (at least 2 lines uncovered in this method)
12:51:24.678 [INFO]   [Creating]    [pool-3-thread-1]   [com.diffblue.cover.ui.b.b]      [95/129]     Indicates that the method is generated by some framework or tool and should not
12:51:24.678 [INFO]   [Creating]    [pool-3-thread-1]   [com.diffblue.cover.ui.b.b]      [95/129]     be tested explicitly. The expectation is that the generator itself should be
12:51:24.678 [INFO]   [Creating]    [pool-3-thread-1]   [com.diffblue.cover.ui.b.b]      [95/129]     tested and not each piece of code it produces.
12:51:24.678 [INFO]   [Creating]    [pool-3-thread-1]   [com.diffblue.cover.ui.b.b]      [95/129]     Currently, this includes methods identified generated by Lombok, Protobuf,
12:51:24.678 [INFO]   [Creating]    [pool-3-thread-1]   [com.diffblue.cover.ui.b.b]      [95/129]     Grpc, Hibernate, or annotated with a custom '@Generated' annotation
12:51:24.678 [INFO]   [Creating]    [pool-3-thread-1]   [com.diffblue.cover.ui.b.b]      [95/129]     (as long as the custom annotation has 'RUNTIME' or 'CLASS' retention).
12:51:24.678 [INFO]   [Creating]    [pool-3-thread-1]   [com.diffblue.cover.ui.b.b]      [95/129]     Diffblue Cover considers these methods as not directly callable.
12:51:24.679 [INFO]   [Creating]    [pool-3-thread-1]   [com.diffblue.cover.ui.b.b]      [96/129] uk.gov.gchq.palisade.user.User.userId
12:51:24.679 [INFO]   [Creating]    [pool-3-thread-1]   [com.diffblue.cover.ui.b.b]      [96/129]   T024: Generated method
12:51:24.679 [DEBUG]  [Creating]    [pool-3-thread-1]   [com.diffblue.cover.ui.b.b]      [96/129]   (at least 2 lines uncovered in this method)
12:51:24.679 [INFO]   [Creating]    [pool-3-thread-1]   [com.diffblue.cover.ui.b.b]      [96/129]     Indicates that the method is generated by some framework or tool and should not
12:51:24.679 [INFO]   [Creating]    [pool-3-thread-1]   [com.diffblue.cover.ui.b.b]      [96/129]     be tested explicitly. The expectation is that the generator itself should be
12:51:24.679 [INFO]   [Creating]    [pool-3-thread-1]   [com.diffblue.cover.ui.b.b]      [96/129]     tested and not each piece of code it produces.
12:51:24.679 [INFO]   [Creating]    [pool-3-thread-1]   [com.diffblue.cover.ui.b.b]      [96/129]     Currently, this includes methods identified generated by Lombok, Protobuf,
12:51:24.679 [INFO]   [Creating]    [pool-3-thread-1]   [com.diffblue.cover.ui.b.b]      [96/129]     Grpc, Hibernate, or annotated with a custom '@Generated' annotation
12:51:24.679 [INFO]   [Creating]    [pool-3-thread-1]   [com.diffblue.cover.ui.b.b]      [96/129]     (as long as the custom annotation has 'RUNTIME' or 'CLASS' retention).
12:51:24.679 [INFO]   [Creating]    [pool-3-thread-1]   [com.diffblue.cover.ui.b.b]      [96/129]     Diffblue Cover considers these methods as not directly callable.
12:51:24.680 [DEBUG]  [Creating]    [pool-3-thread-1]   [com.diffblue.combiner.d.j] Using Javaparser to combine tests
12:51:24.680 [INFO]   [Creating]    [pool-3-thread-1]   [com.diffblue.cover.m.a.b] Filtering of methods complete. Creating analysis request
12:51:24.680 [INFO]   [Creating]    [pool-3-thread-1]   [com.diffblue.cover.service.c] Attempting to get service client, retry 1.
12:51:24.696 [DEBUG]  [Creating]    [analyzer-service:grpc-default-executor-0][com.diffblue.fuzztest.e.a] Class information:
12:51:24.696 [DEBUG]  [Creating]    [analyzer-service:grpc-default-executor-0][com.diffblue.fuzztest.e.a]   Implements: interface java.io.Serializable
12:51:24.696 [DEBUG]  [Creating]    [analyzer-service:grpc-default-executor-0][com.diffblue.fuzztest.e.a]   Class annotations: @com.fasterxml.jackson.annotation.JsonTypeInfo(property="", include=PROPERTY, visible=false, defaultImpl=com.fasterxml.jackson.annotation.JsonTypeInfo.class, use=CLASS)
12:51:24.696 [DEBUG]  [Creating]    [analyzer-service:grpc-default-executor-0][com.diffblue.fuzztest.e.a]   Fields: private java.util.Set uk.gov.gchq.palisade.user.User.auths, private java.util.Set uk.gov.gchq.palisade.user.User.roles, private static final long uk.gov.gchq.palisade.user.User.serialVersionUID, private uk.gov.gchq.palisade.user.UserId uk.gov.gchq.palisade.user.User.userId
12:51:24.696 [DEBUG]  [Creating]    [analyzer-service:grpc-default-executor-0][com.diffblue.fuzztest.e.a]   Constructors: public uk.gov.gchq.palisade.user.User(), uk.gov.gchq.palisade.user.User(uk.gov.gchq.palisade.user.User)
12:51:24.697 [DEBUG]  [Creating]    [analyzer-service:grpc-default-executor-0][com.diffblue.fuzztest.e.a]   Methods: public uk.gov.gchq.palisade.user.User uk.gov.gchq.palisade.user.User.addAuths(java.util.Set), public uk.gov.gchq.palisade.user.User uk.gov.gchq.palisade.user.User.addRoles(java.util.Set), public uk.gov.gchq.palisade.user.User uk.gov.gchq.palisade.user.User.auths(java.util.Set), public uk.gov.gchq.palisade.user.User uk.gov.gchq.palisade.user.User.auths(java.lang.String[]), public boolean uk.gov.gchq.palisade.user.User.equals(java.lang.Object), public java.util.Set uk.gov.gchq.palisade.user.User.getAuths(), public java.util.Set uk.gov.gchq.palisade.user.User.getRoles(), public uk.gov.gchq.palisade.user.UserId uk.gov.gchq.palisade.user.User.getUserId(), public int uk.gov.gchq.palisade.user.User.hashCode(), public uk.gov.gchq.palisade.user.User uk.gov.gchq.palisade.user.User.roles(java.util.Set), public uk.gov.gchq.palisade.user.User uk.gov.gchq.palisade.user.User.roles(java.lang.String[]), public void uk.gov.gchq.palisade.user.User.setAuths(java.util.Set), public void uk.gov.gchq.palisade.user.User.setRoles(java.util.Set), public void uk.gov.gchq.palisade.user.User.setUserId(uk.gov.gchq.palisade.user.UserId), public java.lang.String uk.gov.gchq.palisade.user.User.toString(), public uk.gov.gchq.palisade.user.User uk.gov.gchq.palisade.user.User.userId(java.lang.String), public uk.gov.gchq.palisade.user.User uk.gov.gchq.palisade.user.User.userId(uk.gov.gchq.palisade.user.UserId)
12:51:24.704 [DEBUG]  [Creating]    [analyzer-service:TimedExecutor-79][com.diffblue.fuzztest.g.e] 
================================================================================
= Creating tests for 'uk.gov.gchq.palisade.user.User.<init>:()V' using 'TrM (!sp, !fnm, df)'
================================================================================
12:51:24.704 [DEBUG]  [Creating]    [analyzer-service:TimedExecutor-79][com.diffblue.fuzztest.g.e] 
================================================================================
= Trying DI configuration EmptyDependencyInjectionTirConfiguration for uk.gov.gchq.palisade.user.User.<init>:()V
================================================================================
12:51:24.751 [DEBUG]  [Creating]    [analyzer-service:TimedExecutor-79][com.diffblue.fuzztest.g.e] DI configuration 'com.diffblue.tir.p' generated tests: 1
12:51:24.751 [DEBUG]  [Creating]    [analyzer-service:TimedExecutor-79][com.diffblue.fuzztest.g.e] Enabling descriptive test naming
12:51:24.752 [DEBUG]  [Creating]    [analyzer-service:grpc-default-executor-0][com.diffblue.fuzztest.e.c] Created 1+0 tests and partial tests via 'TrM (!sp, !fnm, df)' , returning all 1
12:51:24.765 [DEBUG]  [Creating]    [pool-3-thread-1]   [com.diffblue.cover.m.a.b] in processAnalysisResult for uk.gov.gchq.palisade.user.User.<init>:()V
12:51:24.765 [DEBUG]  [Creating]    [pool-3-thread-1]   [com.diffblue.combiner.d.j] Using Javaparser to combine tests
12:51:24.813 [DEBUG]  [Creating]    [pool-6-thread-34]  [com.diffblue.cover.l.a.c] EdgeCoverageRuntime contains 5 edges
12:51:24.813 [DEBUG]  [Creating]    [pool-3-thread-1]   [com.diffblue.combiner.a.c] Adding changeSet to account as new: Optional[uk.gov.gchq.palisade.user.User.<init>:()V]
12:51:24.827 [DEBUG]  [Creating]    [analyzer-service:TimedExecutor-80][com.diffblue.fuzztest.g.e] 
================================================================================
= Creating tests for 'uk.gov.gchq.palisade.user.User.<init>:(Luk/gov/gchq/palisade/user/User;)V' using 'SiM (!sp, fnm, df)'
================================================================================
12:51:24.832 [DEBUG]  [Creating]    [analyzer-service:TimedExecutor-80][com.diffblue.fuzztest.g.ap] Parsed existing test class at /home/jbergqvist/diffblue/Palisade-common/src/test/java/uk/gov/gchq/palisade/user/UserDiffblueTest.java: found 0 annotations
12:51:24.832 [DEBUG]  [Creating]    [analyzer-service:TimedExecutor-80][com.diffblue.fuzztest.g.e] 
================================================================================
= Trying DI configuration EmptyDependencyInjectionTirConfiguration for uk.gov.gchq.palisade.user.User.<init>:(Luk/gov/gchq/palisade/user/User;)V
================================================================================
12:51:24.976 [DEBUG]  [Creating]    [analyzer-service:TimedExecutor-80][com.diffblue.fuzztest.b.f] Refinement loop done: 1 seeds, 2+0 new+accumulated tests, 1+1 tests+partial tests, 75/1000 its
12:51:25.021 [DEBUG]  [Creating]    [analyzer-service:TimedExecutor-80][com.diffblue.fuzztest.g.e] DI configuration 'com.diffblue.tir.p' generated tests: 2
12:51:25.022 [DEBUG]  [Creating]    [analyzer-service:TimedExecutor-80][com.diffblue.fuzztest.g.e] Enabling descriptive test naming
12:51:25.026 [DEBUG]  [Creating]    [analyzer-service:grpc-default-executor-0][com.diffblue.fuzztest.e.c] Created 1+0 tests and partial tests via 'SiM (!sp, fnm, df)' SiM fallback 1/2, returning all 1
12:51:25.047 [DEBUG]  [Creating]    [pool-3-thread-1]   [com.diffblue.cover.m.a.b] in processAnalysisResult for uk.gov.gchq.palisade.user.User.<init>:(Luk/gov/gchq/palisade/user/User;)V
12:51:25.047 [DEBUG]  [Creating]    [pool-3-thread-1]   [com.diffblue.cover.r.d] Finished with MethodGroup: <init>, countOfTests: 1, countOfMethodsTested: 1 TestGenerationAccount: a[countOfRemoved=0, countOfUnchanged=0, countOfUpdated=0, countOfNew=34]
12:51:25.047 [INFO]   [Creating]    [pool-3-thread-1]   [com.diffblue.cover.ui.b.b]      [97/129] uk.gov.gchq.palisade.user.User.<init>
12:51:25.047 [INFO]   [Creating]    [pool-3-thread-1]   [com.diffblue.cover.ui.b.b]      [97/129]   Tests created: 1
12:51:25.047 [DEBUG]  [Creating]    [pool-3-thread-1]   [com.diffblue.combiner.d.j] Using Javaparser to combine tests
12:51:25.120 [DEBUG]  [Creating]    [pool-6-thread-35]  [com.diffblue.cover.l.a.c] EdgeCoverageRuntime contains 12 edges
12:51:25.121 [DEBUG]  [Creating]    [pool-3-thread-1]   [com.diffblue.combiner.a.c] Adding changeSet to account as new: Optional[uk.gov.gchq.palisade.user.User.<init>:(Luk/gov/gchq/palisade/user/User;)V]
12:51:25.142 [DEBUG]  [Creating]    [analyzer-service:grpc-default-executor-0][com.diffblue.cover.service.analyzer.a.c] Watchdog reset
12:51:25.144 [DEBUG]  [Creating]    [pool-3-thread-1]   [com.diffblue.cover.r.d] Finished with MethodGroup: <init>, countOfTests: 1, countOfMethodsTested: 1 TestGenerationAccount: a[countOfRemoved=0, countOfUnchanged=0, countOfUpdated=0, countOfNew=35]
12:51:25.144 [INFO]   [Creating]    [pool-3-thread-1]   [com.diffblue.cover.ui.b.b]      [98/129] uk.gov.gchq.palisade.user.User.<init>
12:51:25.144 [INFO]   [Creating]    [pool-3-thread-1]   [com.diffblue.cover.ui.b.b]      [98/129]   Tests created: 1
12:51:25.146 [INFO]   [Creating]    [pool-3-thread-1]   [com.diffblue.cover.ui.b.b] [11/25] uk.gov.gchq.palisade.user.User
12:51:25.146 [INFO]   [Creating]    [pool-3-thread-1]   [com.diffblue.cover.ui.b.b] [11/25]   Tests created: 2
12:51:25.146 [DEBUG]  [Creating]    [pool-3-thread-1]   [com.diffblue.cover.ui.b.b] [11/25]   (at least 47 lines uncovered in this class)
12:51:25.147 [INFO]   [Creating]    [pool-3-thread-1]   [com.diffblue.cover.m.a.b] 
================================================================================
= Starting analysis for class 'uk.gov.gchq.palisade.user.UserId'
================================================================================
12:51:25.147 [INFO]   [Creating]    [pool-3-thread-1]   [com.diffblue.cover.m.a.b] Filtering out non-testable methods...
12:51:25.149 [INFO]   [Creating]    [pool-3-thread-1]   [com.diffblue.cover.ui.b.b]      [99/129] uk.gov.gchq.palisade.user.UserId.equals
12:51:25.149 [INFO]   [Creating]    [pool-3-thread-1]   [com.diffblue.cover.ui.b.b]      [99/129]   T024: Generated method
12:51:25.149 [DEBUG]  [Creating]    [pool-3-thread-1]   [com.diffblue.cover.ui.b.b]      [99/129]   (at least 6 lines uncovered in this method)
12:51:25.149 [INFO]   [Creating]    [pool-3-thread-1]   [com.diffblue.cover.ui.b.b]      [99/129]     Indicates that the method is generated by some framework or tool and should not
12:51:25.149 [INFO]   [Creating]    [pool-3-thread-1]   [com.diffblue.cover.ui.b.b]      [99/129]     be tested explicitly. The expectation is that the generator itself should be
12:51:25.149 [INFO]   [Creating]    [pool-3-thread-1]   [com.diffblue.cover.ui.b.b]      [99/129]     tested and not each piece of code it produces.
12:51:25.149 [INFO]   [Creating]    [pool-3-thread-1]   [com.diffblue.cover.ui.b.b]      [99/129]     Currently, this includes methods identified generated by Lombok, Protobuf,
12:51:25.149 [INFO]   [Creating]    [pool-3-thread-1]   [com.diffblue.cover.ui.b.b]      [99/129]     Grpc, Hibernate, or annotated with a custom '@Generated' annotation
12:51:25.149 [INFO]   [Creating]    [pool-3-thread-1]   [com.diffblue.cover.ui.b.b]      [99/129]     (as long as the custom annotation has 'RUNTIME' or 'CLASS' retention).
12:51:25.149 [INFO]   [Creating]    [pool-3-thread-1]   [com.diffblue.cover.ui.b.b]      [99/129]     Diffblue Cover considers these methods as not directly callable.
12:51:25.151 [INFO]   [Creating]    [pool-3-thread-1]   [com.diffblue.cover.ui.b.b]     [100/129] uk.gov.gchq.palisade.user.UserId.getId
12:51:25.151 [INFO]   [Creating]    [pool-3-thread-1]   [com.diffblue.cover.ui.b.b]     [100/129]   T024: Generated method
12:51:25.151 [DEBUG]  [Creating]    [pool-3-thread-1]   [com.diffblue.cover.ui.b.b]     [100/129]   (at least 1 line uncovered in this method)
12:51:25.151 [INFO]   [Creating]    [pool-3-thread-1]   [com.diffblue.cover.ui.b.b]     [100/129]     Indicates that the method is generated by some framework or tool and should not
12:51:25.151 [INFO]   [Creating]    [pool-3-thread-1]   [com.diffblue.cover.ui.b.b]     [100/129]     be tested explicitly. The expectation is that the generator itself should be
12:51:25.151 [INFO]   [Creating]    [pool-3-thread-1]   [com.diffblue.cover.ui.b.b]     [100/129]     tested and not each piece of code it produces.
12:51:25.151 [INFO]   [Creating]    [pool-3-thread-1]   [com.diffblue.cover.ui.b.b]     [100/129]     Currently, this includes methods identified generated by Lombok, Protobuf,
12:51:25.151 [INFO]   [Creating]    [pool-3-thread-1]   [com.diffblue.cover.ui.b.b]     [100/129]     Grpc, Hibernate, or annotated with a custom '@Generated' annotation
12:51:25.151 [INFO]   [Creating]    [pool-3-thread-1]   [com.diffblue.cover.ui.b.b]     [100/129]     (as long as the custom annotation has 'RUNTIME' or 'CLASS' retention).
12:51:25.151 [INFO]   [Creating]    [pool-3-thread-1]   [com.diffblue.cover.ui.b.b]     [100/129]     Diffblue Cover considers these methods as not directly callable.
12:51:25.152 [INFO]   [Creating]    [pool-3-thread-1]   [com.diffblue.cover.ui.b.b]     [101/129] uk.gov.gchq.palisade.user.UserId.hashCode
12:51:25.152 [INFO]   [Creating]    [pool-3-thread-1]   [com.diffblue.cover.ui.b.b]     [101/129]   T024: Generated method
12:51:25.152 [DEBUG]  [Creating]    [pool-3-thread-1]   [com.diffblue.cover.ui.b.b]     [101/129]   (at least 1 line uncovered in this method)
12:51:25.152 [INFO]   [Creating]    [pool-3-thread-1]   [com.diffblue.cover.ui.b.b]     [101/129]     Indicates that the method is generated by some framework or tool and should not
12:51:25.152 [INFO]   [Creating]    [pool-3-thread-1]   [com.diffblue.cover.ui.b.b]     [101/129]     be tested explicitly. The expectation is that the generator itself should be
12:51:25.152 [INFO]   [Creating]    [pool-3-thread-1]   [com.diffblue.cover.ui.b.b]     [101/129]     tested and not each piece of code it produces.
12:51:25.152 [INFO]   [Creating]    [pool-3-thread-1]   [com.diffblue.cover.ui.b.b]     [101/129]     Currently, this includes methods identified generated by Lombok, Protobuf,
12:51:25.152 [INFO]   [Creating]    [pool-3-thread-1]   [com.diffblue.cover.ui.b.b]     [101/129]     Grpc, Hibernate, or annotated with a custom '@Generated' annotation
12:51:25.152 [INFO]   [Creating]    [pool-3-thread-1]   [com.diffblue.cover.ui.b.b]     [101/129]     (as long as the custom annotation has 'RUNTIME' or 'CLASS' retention).
12:51:25.152 [INFO]   [Creating]    [pool-3-thread-1]   [com.diffblue.cover.ui.b.b]     [101/129]     Diffblue Cover considers these methods as not directly callable.
12:51:25.154 [INFO]   [Creating]    [pool-3-thread-1]   [com.diffblue.cover.ui.b.b]     [102/129] uk.gov.gchq.palisade.user.UserId.id
12:51:25.154 [INFO]   [Creating]    [pool-3-thread-1]   [com.diffblue.cover.ui.b.b]     [102/129]   T024: Generated method
12:51:25.154 [DEBUG]  [Creating]    [pool-3-thread-1]   [com.diffblue.cover.ui.b.b]     [102/129]   (at least 2 lines uncovered in this method)
12:51:25.154 [INFO]   [Creating]    [pool-3-thread-1]   [com.diffblue.cover.ui.b.b]     [102/129]     Indicates that the method is generated by some framework or tool and should not
12:51:25.154 [INFO]   [Creating]    [pool-3-thread-1]   [com.diffblue.cover.ui.b.b]     [102/129]     be tested explicitly. The expectation is that the generator itself should be
12:51:25.154 [INFO]   [Creating]    [pool-3-thread-1]   [com.diffblue.cover.ui.b.b]     [102/129]     tested and not each piece of code it produces.
12:51:25.154 [INFO]   [Creating]    [pool-3-thread-1]   [com.diffblue.cover.ui.b.b]     [102/129]     Currently, this includes methods identified generated by Lombok, Protobuf,
12:51:25.154 [INFO]   [Creating]    [pool-3-thread-1]   [com.diffblue.cover.ui.b.b]     [102/129]     Grpc, Hibernate, or annotated with a custom '@Generated' annotation
12:51:25.154 [INFO]   [Creating]    [pool-3-thread-1]   [com.diffblue.cover.ui.b.b]     [102/129]     (as long as the custom annotation has 'RUNTIME' or 'CLASS' retention).
12:51:25.154 [INFO]   [Creating]    [pool-3-thread-1]   [com.diffblue.cover.ui.b.b]     [102/129]     Diffblue Cover considers these methods as not directly callable.
12:51:25.156 [INFO]   [Creating]    [pool-3-thread-1]   [com.diffblue.cover.ui.b.b]     [103/129] uk.gov.gchq.palisade.user.UserId.setId
12:51:25.156 [INFO]   [Creating]    [pool-3-thread-1]   [com.diffblue.cover.ui.b.b]     [103/129]   T024: Generated method
12:51:25.156 [DEBUG]  [Creating]    [pool-3-thread-1]   [com.diffblue.cover.ui.b.b]     [103/129]   (at least 3 lines uncovered in this method)
12:51:25.156 [INFO]   [Creating]    [pool-3-thread-1]   [com.diffblue.cover.ui.b.b]     [103/129]     Indicates that the method is generated by some framework or tool and should not
12:51:25.156 [INFO]   [Creating]    [pool-3-thread-1]   [com.diffblue.cover.ui.b.b]     [103/129]     be tested explicitly. The expectation is that the generator itself should be
12:51:25.156 [INFO]   [Creating]    [pool-3-thread-1]   [com.diffblue.cover.ui.b.b]     [103/129]     tested and not each piece of code it produces.
12:51:25.156 [INFO]   [Creating]    [pool-3-thread-1]   [com.diffblue.cover.ui.b.b]     [103/129]     Currently, this includes methods identified generated by Lombok, Protobuf,
12:51:25.156 [INFO]   [Creating]    [pool-3-thread-1]   [com.diffblue.cover.ui.b.b]     [103/129]     Grpc, Hibernate, or annotated with a custom '@Generated' annotation
12:51:25.156 [INFO]   [Creating]    [pool-3-thread-1]   [com.diffblue.cover.ui.b.b]     [103/129]     (as long as the custom annotation has 'RUNTIME' or 'CLASS' retention).
12:51:25.156 [INFO]   [Creating]    [pool-3-thread-1]   [com.diffblue.cover.ui.b.b]     [103/129]     Diffblue Cover considers these methods as not directly callable.
12:51:25.158 [INFO]   [Creating]    [pool-3-thread-1]   [com.diffblue.cover.ui.b.b]     [104/129] uk.gov.gchq.palisade.user.UserId.toString
12:51:25.158 [INFO]   [Creating]    [pool-3-thread-1]   [com.diffblue.cover.ui.b.b]     [104/129]   T024: Generated method
12:51:25.158 [DEBUG]  [Creating]    [pool-3-thread-1]   [com.diffblue.cover.ui.b.b]     [104/129]   (at least 4 lines uncovered in this method)
12:51:25.158 [INFO]   [Creating]    [pool-3-thread-1]   [com.diffblue.cover.ui.b.b]     [104/129]     Indicates that the method is generated by some framework or tool and should not
12:51:25.158 [INFO]   [Creating]    [pool-3-thread-1]   [com.diffblue.cover.ui.b.b]     [104/129]     be tested explicitly. The expectation is that the generator itself should be
12:51:25.158 [INFO]   [Creating]    [pool-3-thread-1]   [com.diffblue.cover.ui.b.b]     [104/129]     tested and not each piece of code it produces.
12:51:25.158 [INFO]   [Creating]    [pool-3-thread-1]   [com.diffblue.cover.ui.b.b]     [104/129]     Currently, this includes methods identified generated by Lombok, Protobuf,
12:51:25.158 [INFO]   [Creating]    [pool-3-thread-1]   [com.diffblue.cover.ui.b.b]     [104/129]     Grpc, Hibernate, or annotated with a custom '@Generated' annotation
12:51:25.158 [INFO]   [Creating]    [pool-3-thread-1]   [com.diffblue.cover.ui.b.b]     [104/129]     (as long as the custom annotation has 'RUNTIME' or 'CLASS' retention).
12:51:25.158 [INFO]   [Creating]    [pool-3-thread-1]   [com.diffblue.cover.ui.b.b]     [104/129]     Diffblue Cover considers these methods as not directly callable.
12:51:25.159 [DEBUG]  [Creating]    [pool-3-thread-1]   [com.diffblue.combiner.d.j] Using Javaparser to combine tests
12:51:25.159 [INFO]   [Creating]    [pool-3-thread-1]   [com.diffblue.cover.m.a.b] Filtering of methods complete. Creating analysis request
12:51:25.160 [INFO]   [Creating]    [pool-3-thread-1]   [com.diffblue.cover.service.c] Attempting to get service client, retry 1.
12:51:25.177 [DEBUG]  [Creating]    [analyzer-service:grpc-default-executor-0][com.diffblue.fuzztest.e.a] Class information:
12:51:25.177 [DEBUG]  [Creating]    [analyzer-service:grpc-default-executor-0][com.diffblue.fuzztest.e.a]   Implements: interface java.io.Serializable
12:51:25.177 [DEBUG]  [Creating]    [analyzer-service:grpc-default-executor-0][com.diffblue.fuzztest.e.a]   Fields: private java.lang.String uk.gov.gchq.palisade.user.UserId.id, private static final long uk.gov.gchq.palisade.user.UserId.serialVersionUID
12:51:25.178 [DEBUG]  [Creating]    [analyzer-service:grpc-default-executor-0][com.diffblue.fuzztest.e.a]   Constructors: public uk.gov.gchq.palisade.user.UserId(), uk.gov.gchq.palisade.user.UserId(uk.gov.gchq.palisade.user.UserId)
12:51:25.178 [DEBUG]  [Creating]    [analyzer-service:grpc-default-executor-0][com.diffblue.fuzztest.e.a]   Methods: public boolean uk.gov.gchq.palisade.user.UserId.equals(java.lang.Object), public java.lang.String uk.gov.gchq.palisade.user.UserId.getId(), public int uk.gov.gchq.palisade.user.UserId.hashCode(), public uk.gov.gchq.palisade.user.UserId uk.gov.gchq.palisade.user.UserId.id(java.lang.String), public void uk.gov.gchq.palisade.user.UserId.setId(java.lang.String), public java.lang.String uk.gov.gchq.palisade.user.UserId.toString()
12:51:25.188 [DEBUG]  [Creating]    [analyzer-service:TimedExecutor-87][com.diffblue.fuzztest.g.e] 
================================================================================
= Creating tests for 'uk.gov.gchq.palisade.user.UserId.<init>:()V' using 'TrM (!sp, !fnm, df)'
================================================================================
12:51:25.188 [DEBUG]  [Creating]    [analyzer-service:TimedExecutor-87][com.diffblue.fuzztest.g.e] 
================================================================================
= Trying DI configuration EmptyDependencyInjectionTirConfiguration for uk.gov.gchq.palisade.user.UserId.<init>:()V
================================================================================
12:51:25.207 [DEBUG]  [Creating]    [analyzer-service:TimedExecutor-87][com.diffblue.fuzztest.g.e] DI configuration 'com.diffblue.tir.p' generated tests: 1
12:51:25.208 [DEBUG]  [Creating]    [analyzer-service:TimedExecutor-87][com.diffblue.fuzztest.g.e] Enabling descriptive test naming
12:51:25.209 [DEBUG]  [Creating]    [analyzer-service:grpc-default-executor-0][com.diffblue.fuzztest.e.c] Created 1+0 tests and partial tests via 'TrM (!sp, !fnm, df)' , returning all 1
12:51:25.225 [DEBUG]  [Creating]    [pool-3-thread-1]   [com.diffblue.cover.m.a.b] in processAnalysisResult for uk.gov.gchq.palisade.user.UserId.<init>:()V
12:51:25.226 [DEBUG]  [Creating]    [pool-3-thread-1]   [com.diffblue.combiner.d.j] Using Javaparser to combine tests
12:51:25.270 [DEBUG]  [Creating]    [pool-6-thread-36]  [com.diffblue.cover.l.a.c] EdgeCoverageRuntime contains 5 edges
12:51:25.270 [DEBUG]  [Creating]    [pool-3-thread-1]   [com.diffblue.combiner.a.c] Adding changeSet to account as new: Optional[uk.gov.gchq.palisade.user.UserId.<init>:()V]
12:51:25.281 [DEBUG]  [Creating]    [analyzer-service:TimedExecutor-88][com.diffblue.fuzztest.g.e] 
================================================================================
= Creating tests for 'uk.gov.gchq.palisade.user.UserId.<init>:(Luk/gov/gchq/palisade/user/UserId;)V' using 'SiM (!sp, fnm, df)'
================================================================================
12:51:25.284 [DEBUG]  [Creating]    [analyzer-service:TimedExecutor-88][com.diffblue.fuzztest.g.ap] Parsed existing test class at /home/jbergqvist/diffblue/Palisade-common/src/test/java/uk/gov/gchq/palisade/user/UserIdDiffblueTest.java: found 0 annotations
12:51:25.284 [DEBUG]  [Creating]    [analyzer-service:TimedExecutor-88][com.diffblue.fuzztest.g.e] 
================================================================================
= Trying DI configuration EmptyDependencyInjectionTirConfiguration for uk.gov.gchq.palisade.user.UserId.<init>:(Luk/gov/gchq/palisade/user/UserId;)V
================================================================================
12:51:25.341 [DEBUG]  [Creating]    [analyzer-service:TimedExecutor-88][com.diffblue.fuzztest.b.f] Refinement loop done: 1 seeds, 2+0 new+accumulated tests, 1+1 tests+partial tests, 99/1000 its
12:51:25.363 [DEBUG]  [Creating]    [analyzer-service:TimedExecutor-88][com.diffblue.fuzztest.g.e] DI configuration 'com.diffblue.tir.p' generated tests: 2
12:51:25.363 [DEBUG]  [Creating]    [analyzer-service:TimedExecutor-88][com.diffblue.fuzztest.g.e] Enabling descriptive test naming
12:51:25.366 [DEBUG]  [Creating]    [analyzer-service:grpc-default-executor-0][com.diffblue.fuzztest.e.c] Created 1+0 tests and partial tests via 'SiM (!sp, fnm, df)' SiM fallback 1/2, returning all 1
12:51:25.384 [DEBUG]  [Creating]    [pool-3-thread-1]   [com.diffblue.cover.m.a.b] in processAnalysisResult for uk.gov.gchq.palisade.user.UserId.<init>:(Luk/gov/gchq/palisade/user/UserId;)V
12:51:25.384 [DEBUG]  [Creating]    [pool-3-thread-1]   [com.diffblue.cover.r.d] Finished with MethodGroup: <init>, countOfTests: 1, countOfMethodsTested: 1 TestGenerationAccount: a[countOfRemoved=0, countOfUnchanged=0, countOfUpdated=0, countOfNew=36]
12:51:25.384 [INFO]   [Creating]    [pool-3-thread-1]   [com.diffblue.cover.ui.b.b]     [105/129] uk.gov.gchq.palisade.user.UserId.<init>
12:51:25.384 [INFO]   [Creating]    [pool-3-thread-1]   [com.diffblue.cover.ui.b.b]     [105/129]   Tests created: 1
12:51:25.384 [DEBUG]  [Creating]    [pool-3-thread-1]   [com.diffblue.combiner.d.j] Using Javaparser to combine tests
12:51:25.427 [DEBUG]  [Creating]    [pool-6-thread-37]  [com.diffblue.cover.l.a.c] EdgeCoverageRuntime contains 6 edges
12:51:25.428 [DEBUG]  [Creating]    [pool-3-thread-1]   [com.diffblue.combiner.a.c] Adding changeSet to account as new: Optional[uk.gov.gchq.palisade.user.UserId.<init>:(Luk/gov/gchq/palisade/user/UserId;)V]
12:51:25.439 [DEBUG]  [Creating]    [pool-3-thread-1]   [com.diffblue.cover.r.d] Finished with MethodGroup: <init>, countOfTests: 1, countOfMethodsTested: 1 TestGenerationAccount: a[countOfRemoved=0, countOfUnchanged=0, countOfUpdated=0, countOfNew=37]
12:51:25.439 [INFO]   [Creating]    [pool-3-thread-1]   [com.diffblue.cover.ui.b.b]     [106/129] uk.gov.gchq.palisade.user.UserId.<init>
12:51:25.439 [INFO]   [Creating]    [pool-3-thread-1]   [com.diffblue.cover.ui.b.b]     [106/129]   Tests created: 1
12:51:25.440 [INFO]   [Creating]    [pool-3-thread-1]   [com.diffblue.cover.ui.b.b] [12/25] uk.gov.gchq.palisade.user.UserId
12:51:25.440 [INFO]   [Creating]    [pool-3-thread-1]   [com.diffblue.cover.ui.b.b] [12/25]   Tests created: 2
12:51:25.440 [DEBUG]  [Creating]    [pool-3-thread-1]   [com.diffblue.cover.ui.b.b] [12/25]   (at least 17 lines uncovered in this class)
12:51:25.441 [INFO]   [Creating]    [pool-3-thread-1]   [com.diffblue.cover.m.a.b] 
================================================================================
= Starting analysis for class 'uk.gov.gchq.palisade.util.AbstractResourceBuilder'
================================================================================
12:51:25.441 [INFO]   [Creating]    [pool-3-thread-1]   [com.diffblue.cover.m.a.b] Filtering out non-testable methods...
12:51:25.448 [DEBUG]  [Creating]    [pool-3-thread-1]   [com.diffblue.combiner.d.j] Using Javaparser to combine tests
12:51:25.449 [INFO]   [Creating]    [pool-3-thread-1]   [com.diffblue.cover.m.a.b] Filtering of methods complete. Creating analysis request
12:51:25.449 [INFO]   [Creating]    [pool-3-thread-1]   [com.diffblue.cover.service.c] Attempting to get service client, retry 1.
12:51:25.465 [DEBUG]  [Creating]    [analyzer-service:grpc-default-executor-0][com.diffblue.fuzztest.e.a] Class information:
12:51:25.466 [DEBUG]  [Creating]    [analyzer-service:grpc-default-executor-0][com.diffblue.fuzztest.e.a]   Fields: private static final java.util.ServiceLoader uk.gov.gchq.palisade.util.AbstractResourceBuilder.LOADER, private static final org.slf4j.Logger uk.gov.gchq.palisade.util.AbstractResourceBuilder.LOGGER, private static final java.lang.String uk.gov.gchq.palisade.util.AbstractResourceBuilder.URI_PATH_SEPARATOR
12:51:25.466 [DEBUG]  [Creating]    [analyzer-service:grpc-default-executor-0][com.diffblue.fuzztest.e.a]   Constructors: public uk.gov.gchq.palisade.util.AbstractResourceBuilder()
12:51:25.466 [DEBUG]  [Creating]    [analyzer-service:grpc-default-executor-0][com.diffblue.fuzztest.e.a]   Methods: public abstract boolean uk.gov.gchq.palisade.util.AbstractResourceBuilder.accepts(java.net.URI), protected abstract uk.gov.gchq.palisade.resource.Resource uk.gov.gchq.palisade.util.AbstractResourceBuilder.build(java.net.URI), public uk.gov.gchq.palisade.resource.Resource uk.gov.gchq.palisade.util.AbstractResourceBuilder.buildNormal(java.net.URI), public static uk.gov.gchq.palisade.resource.Resource uk.gov.gchq.palisade.util.AbstractResourceBuilder.create(java.lang.String), public static uk.gov.gchq.palisade.resource.Resource uk.gov.gchq.palisade.util.AbstractResourceBuilder.create(java.net.URI), private static boolean uk.gov.gchq.palisade.util.AbstractResourceBuilder.lambda$create$0(java.net.URI,uk.gov.gchq.palisade.util.AbstractResourceBuilder), private static java.lang.IllegalArgumentException uk.gov.gchq.palisade.util.AbstractResourceBuilder.lambda$create$1(java.net.URI), public static void uk.gov.gchq.palisade.util.AbstractResourceBuilder.refreshProviders()
12:51:25.520 [DEBUG]  [Creating]    [analyzer-service:TimedExecutor-95][com.diffblue.fuzztest.g.e] 
================================================================================
= Creating tests for 'uk.gov.gchq.palisade.util.AbstractResourceBuilder.create:(Ljava/lang/String;)Luk/gov/gchq/palisade/resource/Resource;' using 'SiM (!sp, fnm, df)'
================================================================================
12:51:25.522 [DEBUG]  [Creating]    [analyzer-service:TimedExecutor-95][com.diffblue.fuzztest.g.ap] Test file does not exist: /home/jbergqvist/diffblue/Palisade-common/src/test/java/uk/gov/gchq/palisade/util/AbstractResourceBuilderDiffblueTest.java
12:51:25.522 [DEBUG]  [Creating]    [analyzer-service:TimedExecutor-95][com.diffblue.fuzztest.g.e] 
================================================================================
= Trying DI configuration EmptyDependencyInjectionTirConfiguration for uk.gov.gchq.palisade.util.AbstractResourceBuilder.create:(Ljava/lang/String;)Luk/gov/gchq/palisade/resource/Resource;
================================================================================
12:51:25.645 [DEBUG]  [Creating]    [analyzer-service:TimedExecutor-95][com.diffblue.fuzztest.b.f] Refinement loop done: 1 seeds, 2+0 new+accumulated tests, 1+1 tests+partial tests, 86/1000 its
12:51:25.719 [DEBUG]  [Creating]    [analyzer-service:TimedExecutor-95][com.diffblue.fuzztest.g.e] DI configuration 'com.diffblue.tir.p' generated tests: 2
12:51:25.719 [DEBUG]  [Creating]    [analyzer-service:TimedExecutor-95][com.diffblue.fuzztest.g.e] Enabling descriptive test naming
12:51:25.721 [DEBUG]  [Creating]    [analyzer-service:grpc-default-executor-0][com.diffblue.fuzztest.e.c] Created 1+0 tests and partial tests via 'SiM (!sp, fnm, df)' SiM fallback 1/2, returning all 1
12:51:25.739 [DEBUG]  [Creating]    [pool-3-thread-1]   [com.diffblue.cover.m.a.b] in processAnalysisResult for uk.gov.gchq.palisade.util.AbstractResourceBuilder.create:(Ljava/lang/String;)Luk/gov/gchq/palisade/resource/Resource;
12:51:25.739 [DEBUG]  [Creating]    [pool-3-thread-1]   [com.diffblue.combiner.d.j] Using Javaparser to combine tests
12:51:25.791 [DEBUG]  [Creating]    [pool-6-thread-38]  [com.diffblue.cover.l.a.c] EdgeCoverageRuntime contains 6 edges
12:51:25.791 [DEBUG]  [Creating]    [pool-3-thread-1]   [com.diffblue.combiner.a.c] Adding changeSet to account as new: Optional[uk.gov.gchq.palisade.util.AbstractResourceBuilder.create:(Ljava/lang/String;)Luk/gov/gchq/palisade/resource/Resource;]
12:51:25.802 [DEBUG]  [Creating]    [analyzer-service:TimedExecutor-96][com.diffblue.fuzztest.g.e] 
================================================================================
= Creating tests for 'uk.gov.gchq.palisade.util.AbstractResourceBuilder.create:(Ljava/net/URI;)Luk/gov/gchq/palisade/resource/Resource;' using 'SiM (!sp, fnm, df)'
================================================================================
12:51:25.805 [DEBUG]  [Creating]    [analyzer-service:TimedExecutor-96][com.diffblue.fuzztest.g.ap] Parsed existing test class at /home/jbergqvist/diffblue/Palisade-common/src/test/java/uk/gov/gchq/palisade/util/AbstractResourceBuilderDiffblueTest.java: found 0 annotations
12:51:25.805 [DEBUG]  [Creating]    [analyzer-service:TimedExecutor-96][com.diffblue.fuzztest.g.e] 
================================================================================
= Trying DI configuration EmptyDependencyInjectionTirConfiguration for uk.gov.gchq.palisade.util.AbstractResourceBuilder.create:(Ljava/net/URI;)Luk/gov/gchq/palisade/resource/Resource;
================================================================================
12:51:25.900 [DEBUG]  [Creating]    [analyzer-service:TimedExecutor-96][com.diffblue.fuzztest.b.f] Refinement loop done: 1 seeds, 1+0 new+accumulated tests, 1+0 tests+partial tests, 61/1000 its
12:51:26.001 [DEBUG]  [Creating]    [analyzer-service:TimedExecutor-96][com.diffblue.fuzztest.g.e] DI configuration 'com.diffblue.tir.p' generated no complete tests, trying another
12:51:26.001 [DEBUG]  [Creating]    [analyzer-service:TimedExecutor-96][com.diffblue.fuzztest.g.e] Incompleteness reason 'com.diffblue.cover.message.limitation.NonDeterministicMethodMessage' (cause: 'com.diffblue.cover.e.a'): Execution failed for an unknown reason
12:51:26.001 [DEBUG]  [Creating]    [analyzer-service:TimedExecutor-96][com.diffblue.fuzztest.g.e] Enabling descriptive test naming
12:51:26.003 [DEBUG]  [Creating]    [analyzer-service:TimedExecutor-97][com.diffblue.fuzztest.g.e] 
================================================================================
= Creating tests for 'uk.gov.gchq.palisade.util.AbstractResourceBuilder.create:(Ljava/net/URI;)Luk/gov/gchq/palisade/resource/Resource;' using 'SiM (!sp, !fnm, df)'
================================================================================
12:51:26.006 [DEBUG]  [Creating]    [analyzer-service:TimedExecutor-97][com.diffblue.fuzztest.g.ap] Parsed existing test class at /home/jbergqvist/diffblue/Palisade-common/src/test/java/uk/gov/gchq/palisade/util/AbstractResourceBuilderDiffblueTest.java: found 0 annotations
12:51:26.006 [DEBUG]  [Creating]    [analyzer-service:TimedExecutor-97][com.diffblue.fuzztest.g.e] 
================================================================================
= Trying DI configuration EmptyDependencyInjectionTirConfiguration for uk.gov.gchq.palisade.util.AbstractResourceBuilder.create:(Ljava/net/URI;)Luk/gov/gchq/palisade/resource/Resource;
================================================================================
12:51:26.063 [DEBUG]  [Creating]    [analyzer-service:TimedExecutor-97][com.diffblue.fuzztest.b.f] Refinement loop done: 1 seeds, 1+0 new+accumulated tests, 1+0 tests+partial tests, 61/1000 its
12:51:26.165 [DEBUG]  [Creating]    [analyzer-service:TimedExecutor-97][com.diffblue.fuzztest.g.e] DI configuration 'com.diffblue.tir.p' generated no complete tests, trying another
12:51:26.165 [DEBUG]  [Creating]    [analyzer-service:TimedExecutor-97][com.diffblue.fuzztest.g.e] Incompleteness reason 'com.diffblue.cover.message.limitation.NonDeterministicMethodMessage' (cause: 'com.diffblue.cover.e.a'): Execution failed for an unknown reason
12:51:26.165 [DEBUG]  [Creating]    [analyzer-service:TimedExecutor-97][com.diffblue.fuzztest.g.e] Enabling descriptive test naming
12:51:26.166 [DEBUG]  [Creating]    [analyzer-service:grpc-default-executor-0][com.diffblue.fuzztest.g.o] All 2 subs either threw or created only partial tests; returning the 1 partial tests created by 'SiM (!sp, fnm, df)'
12:51:26.167 [DEBUG]  [Creating]    [analyzer-service:grpc-default-executor-0][com.diffblue.fuzztest.e.c] Created 1 partial tests via 'SiM (!sp, fnm, df)' , here is the last one:
12:51:26.199 [DEBUG]  [Creating]    [analyzer-service:grpc-default-executor-0][com.diffblue.combiner.d.j] Using Javaparser to combine tests
12:51:26.273 [DEBUG]  [Creating]    [analyzer-service:grpc-default-executor-0][com.diffblue.fuzztest.e.c] == begin partial test ==
12:51:26.274 [DEBUG]  [Creating]    [analyzer-service:grpc-default-executor-0][com.diffblue.fuzztest.e.c] Test:
package uk.gov.gchq.palisade.util;

import static org.junit.jupiter.api.Assertions.assertEquals;
import static org.junit.jupiter.api.Assertions.assertNull;
import static org.junit.jupiter.api.Assertions.assertTrue;
import com.diffblue.cover.annotations.ManagedByDiffblue;
import com.diffblue.cover.annotations.MethodsUnderTest;
import java.net.URI;
import java.nio.file.Paths;
import org.junit.jupiter.api.Disabled;
import org.junit.jupiter.api.DisplayName;
import org.junit.jupiter.api.Tag;
import org.junit.jupiter.api.Test;
import uk.gov.gchq.palisade.resource.ParentResource;
import uk.gov.gchq.palisade.resource.Resource;
import uk.gov.gchq.palisade.resource.impl.DirectoryResource;
import uk.gov.gchq.palisade.resource.impl.FileResource;
import uk.gov.gchq.palisade.resource.impl.SystemResource;

class AbstractResourceBuilderDiffblueTest {
  /**
   * Test {@link AbstractResourceBuilder#create(URI)} with {@code resourceUri}.
   *
   * <p>Method under test: {@link AbstractResourceBuilder#create(URI)}
   */
  @Test
  @DisplayName("Test create(URI) with 'resourceUri'")
  @Disabled("TODO: Complete this test")
  @Tag("ContributionFromDiffblue")
  @ManagedByDiffblue
  @MethodsUnderTest({"Resource AbstractResourceBuilder.create(URI)"})
  void testCreateWithResourceUri() {
    // TODO: Diffblue Cover was only able to create a partial test for this method:
    //   Diffblue AI was unable to find a test

    // Arrange and Act
    Resource actualCreateResult =
        AbstractResourceBuilder.create(
            Paths.get(System.getProperty("java.io.tmpdir"), "test.txt").toUri());

    // Assert
    assertTrue(actualCreateResult instanceof FileResource);
    assertTrue(((FileResource) actualCreateResult).getAttributes().isEmpty());
    assertNull(((FileResource) actualCreateResult).getConnectionDetail());
    String actualId = actualCreateResult.getId();
    String expectedId =
        String.join(
            "", "file:", Paths.get(System.getProperty("java.io.tmpdir"), "test.txt").toString());
    assertEquals(expectedId, actualId);
    ParentResource parent = ((FileResource) actualCreateResult).getParent();
    assertTrue(parent instanceof DirectoryResource);
    String actualId2 = parent.getId();
    String expectedId2 = String.join("", "file:", System.getProperty("java.io.tmpdir"));
    assertEquals(expectedId2, actualId2);
    ParentResource parent2 = ((DirectoryResource) parent).getParent();
    assertTrue(parent2 instanceof SystemResource);
    assertEquals("file:/", parent2.getId());
    assertNull(((FileResource) actualCreateResult).getSerialisedFormat());
    assertNull(((FileResource) actualCreateResult).getType());
  }
}

12:51:26.274 [DEBUG]  [Creating]    [analyzer-service:grpc-default-executor-0][com.diffblue.fuzztest.e.c] == end partial test ==
12:51:26.278 [DEBUG]  [Creating]    [analyzer-service:grpc-default-executor-0][com.diffblue.cover.service.analyzer.a.c] Watchdog reset
12:51:26.284 [DEBUG]  [Creating]    [pool-3-thread-1]   [com.diffblue.cover.m.a.b] in processAnalysisResult for uk.gov.gchq.palisade.util.AbstractResourceBuilder.create:(Ljava/net/URI;)Luk/gov/gchq/palisade/resource/Resource;
12:51:26.284 [DEBUG]  [Creating]    [pool-3-thread-1]   [com.diffblue.cover.r.d] Finished with MethodGroup: create, countOfTests: 1, countOfMethodsTested: 1 TestGenerationAccount: a[countOfRemoved=0, countOfUnchanged=0, countOfUpdated=0, countOfNew=38]
12:51:26.284 [INFO]   [Creating]    [pool-3-thread-1]   [com.diffblue.cover.ui.b.b]     [107/129] uk.gov.gchq.palisade.util.AbstractResourceBuilder.create
12:51:26.284 [INFO]   [Creating]    [pool-3-thread-1]   [com.diffblue.cover.ui.b.b]     [107/129]   Tests created: 1
12:51:26.286 [DEBUG]  [Creating]    [analyzer-service:TimedExecutor-98][com.diffblue.fuzztest.g.e] 
================================================================================
= Creating tests for 'uk.gov.gchq.palisade.util.AbstractResourceBuilder.refreshProviders:()V' using 'SiM (!sp, fnm, df)'
================================================================================
12:51:26.289 [DEBUG]  [Creating]    [analyzer-service:TimedExecutor-98][com.diffblue.fuzztest.g.ap] Parsed existing test class at /home/jbergqvist/diffblue/Palisade-common/src/test/java/uk/gov/gchq/palisade/util/AbstractResourceBuilderDiffblueTest.java: found 0 annotations
12:51:26.290 [DEBUG]  [Creating]    [analyzer-service:TimedExecutor-98][com.diffblue.fuzztest.g.e] 
================================================================================
= Trying DI configuration EmptyDependencyInjectionTirConfiguration for uk.gov.gchq.palisade.util.AbstractResourceBuilder.refreshProviders:()V
================================================================================
12:51:26.309 [DEBUG]  [Creating]    [analyzer-service:TimedExecutor-98][com.diffblue.fuzztest.b.f] Refinement loop done: 1 seeds, 1+0 new+accumulated tests, 1+0 tests+partial tests, 1/1000 its
12:51:26.332 [DEBUG]  [Creating]    [analyzer-service:TimedExecutor-98][com.diffblue.fuzztest.g.e] DI configuration 'com.diffblue.tir.p' generated no complete tests, trying another
12:51:26.332 [DEBUG]  [Creating]    [analyzer-service:TimedExecutor-98][com.diffblue.fuzztest.g.e] Incompleteness reason 'com.diffblue.cover.message.limitation.NoMeaningfulAssertionMessage' (cause: 'none')
12:51:26.332 [DEBUG]  [Creating]    [analyzer-service:TimedExecutor-98][com.diffblue.fuzztest.g.e] Enabling descriptive test naming
12:51:26.333 [DEBUG]  [Creating]    [analyzer-service:TimedExecutor-99][com.diffblue.fuzztest.g.e] 
================================================================================
= Creating tests for 'uk.gov.gchq.palisade.util.AbstractResourceBuilder.refreshProviders:()V' using 'SiM (!sp, !fnm, df)'
================================================================================
12:51:26.336 [DEBUG]  [Creating]    [analyzer-service:TimedExecutor-99][com.diffblue.fuzztest.g.ap] Parsed existing test class at /home/jbergqvist/diffblue/Palisade-common/src/test/java/uk/gov/gchq/palisade/util/AbstractResourceBuilderDiffblueTest.java: found 0 annotations
12:51:26.336 [DEBUG]  [Creating]    [analyzer-service:TimedExecutor-99][com.diffblue.fuzztest.g.e] 
================================================================================
= Trying DI configuration EmptyDependencyInjectionTirConfiguration for uk.gov.gchq.palisade.util.AbstractResourceBuilder.refreshProviders:()V
================================================================================
12:51:26.352 [DEBUG]  [Creating]    [analyzer-service:TimedExecutor-99][com.diffblue.fuzztest.b.f] Refinement loop done: 1 seeds, 1+0 new+accumulated tests, 1+0 tests+partial tests, 1/1000 its
12:51:26.371 [DEBUG]  [Creating]    [analyzer-service:TimedExecutor-99][com.diffblue.fuzztest.g.e] DI configuration 'com.diffblue.tir.p' generated no complete tests, trying another
12:51:26.371 [DEBUG]  [Creating]    [analyzer-service:TimedExecutor-99][com.diffblue.fuzztest.g.e] Incompleteness reason 'com.diffblue.cover.message.limitation.NoMeaningfulAssertionMessage' (cause: 'none')
12:51:26.371 [DEBUG]  [Creating]    [analyzer-service:TimedExecutor-99][com.diffblue.fuzztest.g.e] Enabling descriptive test naming
12:51:26.372 [DEBUG]  [Creating]    [analyzer-service:grpc-default-executor-0][com.diffblue.fuzztest.g.o] All 2 subs either threw or created only partial tests; returning the 1 partial tests created by 'SiM (!sp, fnm, df)'
12:51:26.372 [DEBUG]  [Creating]    [analyzer-service:grpc-default-executor-0][com.diffblue.fuzztest.e.c] Created 1 partial tests via 'SiM (!sp, fnm, df)' , here is the last one:
12:51:26.379 [DEBUG]  [Creating]    [analyzer-service:grpc-default-executor-0][com.diffblue.combiner.d.j] Using Javaparser to combine tests
12:51:26.392 [DEBUG]  [Creating]    [analyzer-service:grpc-default-executor-0][com.diffblue.fuzztest.e.c] == begin partial test ==
12:51:26.392 [DEBUG]  [Creating]    [analyzer-service:grpc-default-executor-0][com.diffblue.fuzztest.e.c] Test:
package uk.gov.gchq.palisade.util;

import com.diffblue.cover.annotations.ManagedByDiffblue;
import com.diffblue.cover.annotations.MethodsUnderTest;
import org.junit.jupiter.api.DisplayName;
import org.junit.jupiter.api.Tag;
import org.junit.jupiter.api.Test;

class AbstractResourceBuilderDiffblueTest {
  /**
   * Test {@link AbstractResourceBuilder#refreshProviders()}.
   *
   * <p>Method under test: {@link AbstractResourceBuilder#refreshProviders()}
   */
  @Test
  @DisplayName("Test refreshProviders()")
  @Tag("ContributionFromDiffblue")
  @ManagedByDiffblue
  @MethodsUnderTest({"void AbstractResourceBuilder.refreshProviders()"})
  void testRefreshProviders() {
    // TODO: Diffblue Cover was only able to create a partial test for this method:
    //   Diffblue AI was unable to find a test

    // Arrange, Act and Assert
    AbstractResourceBuilder.refreshProviders();
  }
}

12:51:26.392 [DEBUG]  [Creating]    [analyzer-service:grpc-default-executor-0][com.diffblue.fuzztest.e.c] == end partial test ==
12:51:26.398 [DEBUG]  [Creating]    [pool-3-thread-1]   [com.diffblue.cover.m.a.b] in processAnalysisResult for uk.gov.gchq.palisade.util.AbstractResourceBuilder.refreshProviders:()V
12:51:26.398 [DEBUG]  [Creating]    [pool-3-thread-1]   [com.diffblue.cover.r.d] Finished with MethodGroup: create, countOfTests: 0, countOfMethodsTested: 0 TestGenerationAccount: a[countOfRemoved=0, countOfUnchanged=0, countOfUpdated=0, countOfNew=38]
12:51:26.399 [INFO]   [Creating]    [pool-3-thread-1]   [com.diffblue.cover.ui.b.b]     [108/129] uk.gov.gchq.palisade.util.AbstractResourceBuilder.create
12:51:26.399 [INFO]   [Creating]    [pool-3-thread-1]   [com.diffblue.cover.ui.b.b]     [108/129]   Diffblue AI was unable to find a test
12:51:26.399 [DEBUG]  [Creating]    [pool-3-thread-1]   [com.diffblue.cover.ui.b.b]     [108/129]   R015: Method may be nondeterministic
12:51:26.399 [DEBUG]  [Creating]    [pool-3-thread-1]   [com.diffblue.cover.ui.b.b]     [108/129]   (at least 6 lines uncovered in this method)
12:51:26.399 [DEBUG]  [Creating]    [pool-3-thread-1]   [com.diffblue.cover.ui.b.b]     [108/129]     The execution of the created test may depend on the runtime environment.
12:51:26.401 [DEBUG]  [Creating]    [analyzer-service:TimedExecutor-100][com.diffblue.fuzztest.g.e] 
================================================================================
= Creating tests for 'uk.gov.gchq.palisade.util.AbstractResourceBuilder.buildNormal:(Ljava/net/URI;)Luk/gov/gchq/palisade/resource/Resource;' using 'SiM (!sp, fnm, df)'
================================================================================
12:51:26.404 [DEBUG]  [Creating]    [analyzer-service:TimedExecutor-100][com.diffblue.fuzztest.g.ap] Parsed existing test class at /home/jbergqvist/diffblue/Palisade-common/src/test/java/uk/gov/gchq/palisade/util/AbstractResourceBuilderDiffblueTest.java: found 0 annotations
12:51:26.404 [DEBUG]  [Creating]    [analyzer-service:TimedExecutor-100][com.diffblue.fuzztest.g.e] 
================================================================================
= Trying DI configuration EmptyDependencyInjectionTirConfiguration for uk.gov.gchq.palisade.util.AbstractResourceBuilder.buildNormal:(Ljava/net/URI;)Luk/gov/gchq/palisade/resource/Resource;
================================================================================
12:51:26.527 [DEBUG]  [Creating]    [analyzer-service:TimedExecutor-100][com.diffblue.fuzztest.b.f] Refinement loop done: 1 seeds, 1+0 new+accumulated tests, 1+0 tests+partial tests, 71/1000 its
12:51:26.648 [DEBUG]  [Creating]    [analyzer-service:TimedExecutor-100][com.diffblue.fuzztest.g.e] DI configuration 'com.diffblue.tir.p' generated no complete tests, trying another
12:51:26.648 [DEBUG]  [Creating]    [analyzer-service:TimedExecutor-100][com.diffblue.fuzztest.g.e] Incompleteness reason 'com.diffblue.cover.message.limitation.NonDeterministicMethodMessage' (cause: 'com.diffblue.cover.e.a'): Execution failed for an unknown reason
12:51:26.648 [DEBUG]  [Creating]    [analyzer-service:TimedExecutor-100][com.diffblue.fuzztest.g.e] Enabling descriptive test naming
12:51:26.649 [DEBUG]  [Creating]    [analyzer-service:TimedExecutor-101][com.diffblue.fuzztest.g.e] 
================================================================================
= Creating tests for 'uk.gov.gchq.palisade.util.AbstractResourceBuilder.buildNormal:(Ljava/net/URI;)Luk/gov/gchq/palisade/resource/Resource;' using 'SiM (!sp, !fnm, df)'
================================================================================
12:51:26.652 [DEBUG]  [Creating]    [analyzer-service:TimedExecutor-101][com.diffblue.fuzztest.g.ap] Parsed existing test class at /home/jbergqvist/diffblue/Palisade-common/src/test/java/uk/gov/gchq/palisade/util/AbstractResourceBuilderDiffblueTest.java: found 0 annotations
12:51:26.652 [DEBUG]  [Creating]    [analyzer-service:TimedExecutor-101][com.diffblue.fuzztest.g.e] 
================================================================================
= Trying DI configuration EmptyDependencyInjectionTirConfiguration for uk.gov.gchq.palisade.util.AbstractResourceBuilder.buildNormal:(Ljava/net/URI;)Luk/gov/gchq/palisade/resource/Resource;
================================================================================
12:51:26.708 [DEBUG]  [Creating]    [analyzer-service:TimedExecutor-101][com.diffblue.fuzztest.b.f] Refinement loop done: 1 seeds, 1+0 new+accumulated tests, 1+0 tests+partial tests, 71/1000 its
12:51:26.797 [DEBUG]  [Creating]    [analyzer-service:TimedExecutor-101][com.diffblue.fuzztest.g.e] DI configuration 'com.diffblue.tir.p' generated no complete tests, trying another
12:51:26.797 [DEBUG]  [Creating]    [analyzer-service:TimedExecutor-101][com.diffblue.fuzztest.g.e] Incompleteness reason 'com.diffblue.cover.message.limitation.NonDeterministicMethodMessage' (cause: 'com.diffblue.cover.e.a'): Execution failed for an unknown reason
12:51:26.797 [DEBUG]  [Creating]    [analyzer-service:TimedExecutor-101][com.diffblue.fuzztest.g.e] Enabling descriptive test naming
12:51:26.798 [DEBUG]  [Creating]    [analyzer-service:grpc-default-executor-0][com.diffblue.fuzztest.g.o] All 2 subs either threw or created only partial tests; returning the 1 partial tests created by 'SiM (!sp, fnm, df)'
12:51:26.798 [DEBUG]  [Creating]    [analyzer-service:grpc-default-executor-0][com.diffblue.fuzztest.e.c] Created 1 partial tests via 'SiM (!sp, fnm, df)' , here is the last one:
12:51:26.815 [DEBUG]  [Creating]    [analyzer-service:grpc-default-executor-0][com.diffblue.combiner.d.j] Using Javaparser to combine tests
12:51:26.863 [DEBUG]  [Creating]    [analyzer-service:grpc-default-executor-0][com.diffblue.fuzztest.e.c] == begin partial test ==
12:51:26.863 [DEBUG]  [Creating]    [analyzer-service:grpc-default-executor-0][com.diffblue.fuzztest.e.c] Test:
package uk.gov.gchq.palisade.util;

import static org.junit.jupiter.api.Assertions.assertEquals;
import static org.junit.jupiter.api.Assertions.assertNull;
import static org.junit.jupiter.api.Assertions.assertTrue;
import com.diffblue.cover.annotations.ManagedByDiffblue;
import com.diffblue.cover.annotations.MethodsUnderTest;
import java.net.URI;
import java.nio.file.Paths;
import org.junit.jupiter.api.Disabled;
import org.junit.jupiter.api.DisplayName;
import org.junit.jupiter.api.Tag;
import org.junit.jupiter.api.Test;
import uk.gov.gchq.palisade.resource.ParentResource;
import uk.gov.gchq.palisade.resource.Resource;
import uk.gov.gchq.palisade.resource.impl.DirectoryResource;
import uk.gov.gchq.palisade.resource.impl.FileResource;
import uk.gov.gchq.palisade.resource.impl.SystemResource;

class AbstractResourceBuilderDiffblueTest {
  /**
   * Test {@link AbstractResourceBuilder#buildNormal(URI)}.
   *
   * <p>Method under test: {@link AbstractResourceBuilder#buildNormal(URI)}
   */
  @Test
  @DisplayName("Test buildNormal(URI)")
  @Disabled("TODO: Complete this test")
  @Tag("ContributionFromDiffblue")
  @ManagedByDiffblue
  @MethodsUnderTest({"Resource AbstractResourceBuilder.buildNormal(URI)"})
  void testBuildNormal() {
    // TODO: Diffblue Cover was only able to create a partial test for this method:
    //   Diffblue AI was unable to find a test

    // Arrange and Act
    Resource actualBuildNormalResult =
        new FileResourceBuilder()
            .buildNormal(Paths.get(System.getProperty("java.io.tmpdir"), "test.txt").toUri());

    // Assert
    assertTrue(actualBuildNormalResult instanceof FileResource);
    assertTrue(((FileResource) actualBuildNormalResult).getAttributes().isEmpty());
    assertNull(((FileResource) actualBuildNormalResult).getConnectionDetail());
    String actualId = actualBuildNormalResult.getId();
    String expectedId =
        String.join(
            "", "file:", Paths.get(System.getProperty("java.io.tmpdir"), "test.txt").toString());
    assertEquals(expectedId, actualId);
    ParentResource parent = ((FileResource) actualBuildNormalResult).getParent();
    assertTrue(parent instanceof DirectoryResource);
    String actualId2 = parent.getId();
    String expectedId2 = String.join("", "file:", System.getProperty("java.io.tmpdir"));
    assertEquals(expectedId2, actualId2);
    ParentResource parent2 = ((DirectoryResource) parent).getParent();
    assertTrue(parent2 instanceof SystemResource);
    assertEquals("file:/", parent2.getId());
    assertNull(((FileResource) actualBuildNormalResult).getSerialisedFormat());
    assertNull(((FileResource) actualBuildNormalResult).getType());
  }
}

12:51:26.863 [DEBUG]  [Creating]    [analyzer-service:grpc-default-executor-0][com.diffblue.fuzztest.e.c] == end partial test ==
12:51:26.871 [DEBUG]  [Creating]    [analyzer-service:grpc-default-executor-0][com.diffblue.cover.service.analyzer.a.c] Watchdog reset
12:51:26.876 [DEBUG]  [Creating]    [pool-3-thread-1]   [com.diffblue.cover.m.a.b] in processAnalysisResult for uk.gov.gchq.palisade.util.AbstractResourceBuilder.buildNormal:(Ljava/net/URI;)Luk/gov/gchq/palisade/resource/Resource;
12:51:26.876 [DEBUG]  [Creating]    [pool-3-thread-1]   [com.diffblue.cover.r.d] Finished with MethodGroup: refreshProviders, countOfTests: 0, countOfMethodsTested: 0 TestGenerationAccount: a[countOfRemoved=0, countOfUnchanged=0, countOfUpdated=0, countOfNew=38]
12:51:26.878 [INFO]   [Creating]    [pool-3-thread-1]   [com.diffblue.cover.ui.b.b]     [109/129] uk.gov.gchq.palisade.util.AbstractResourceBuilder.refreshProviders
12:51:26.878 [INFO]   [Creating]    [pool-3-thread-1]   [com.diffblue.cover.ui.b.b]     [109/129]   Diffblue AI was unable to find a test
12:51:26.878 [DEBUG]  [Creating]    [pool-3-thread-1]   [com.diffblue.cover.ui.b.b]     [109/129]   R004: No meaningful assertions found
12:51:26.878 [DEBUG]  [Creating]    [pool-3-thread-1]   [com.diffblue.cover.ui.b.b]     [109/129]   (at least 2 lines uncovered in this method)
12:51:26.878 [DEBUG]  [Creating]    [pool-3-thread-1]   [com.diffblue.cover.ui.b.b]     [109/129]     Diffblue Cover was unable to create an assertion.
12:51:26.878 [DEBUG]  [Creating]    [pool-3-thread-1]   [com.diffblue.cover.ui.b.b]     [109/129]     Fields modified by refreshProviders() might not
12:51:26.878 [DEBUG]  [Creating]    [pool-3-thread-1]   [com.diffblue.cover.ui.b.b]     [109/129]     have package-private, protected, or public getters.
12:51:26.881 [DEBUG]  [Creating]    [pool-3-thread-1]   [com.diffblue.cover.r.d] Finished with MethodGroup: buildNormal, countOfTests: 0, countOfMethodsTested: 0 TestGenerationAccount: a[countOfRemoved=0, countOfUnchanged=0, countOfUpdated=0, countOfNew=38]
12:51:26.882 [INFO]   [Creating]    [pool-3-thread-1]   [com.diffblue.cover.ui.b.b]     [110/129] uk.gov.gchq.palisade.util.AbstractResourceBuilder.buildNormal
12:51:26.882 [INFO]   [Creating]    [pool-3-thread-1]   [com.diffblue.cover.ui.b.b]     [110/129]   Diffblue AI was unable to find a test
12:51:26.882 [DEBUG]  [Creating]    [pool-3-thread-1]   [com.diffblue.cover.ui.b.b]     [110/129]   R015: Method may be nondeterministic
12:51:26.882 [DEBUG]  [Creating]    [pool-3-thread-1]   [com.diffblue.cover.ui.b.b]     [110/129]   (at least 28 lines uncovered in this method)
12:51:26.882 [DEBUG]  [Creating]    [pool-3-thread-1]   [com.diffblue.cover.ui.b.b]     [110/129]     The execution of the created test may depend on the runtime environment.
12:51:26.885 [INFO]   [Creating]    [pool-3-thread-1]   [com.diffblue.cover.ui.b.b] [13/25] uk.gov.gchq.palisade.util.AbstractResourceBuilder
12:51:26.885 [INFO]   [Creating]    [pool-3-thread-1]   [com.diffblue.cover.ui.b.b] [13/25]   Tests created: 1
12:51:26.885 [DEBUG]  [Creating]    [pool-3-thread-1]   [com.diffblue.cover.ui.b.b] [13/25]   (at least 36 lines uncovered in this class)
12:51:26.886 [INFO]   [Creating]    [pool-3-thread-1]   [com.diffblue.cover.m.a.b] 
================================================================================
= Starting analysis for class 'uk.gov.gchq.palisade.util.FileResourceBuilder'
================================================================================
12:51:26.886 [INFO]   [Creating]    [pool-3-thread-1]   [com.diffblue.cover.m.a.b] Filtering out non-testable methods...
12:51:26.888 [DEBUG]  [Creating]    [pool-3-thread-1]   [com.diffblue.combiner.d.j] Using Javaparser to combine tests
12:51:26.888 [INFO]   [Creating]    [pool-3-thread-1]   [com.diffblue.cover.m.a.b] Filtering of methods complete. Creating analysis request
12:51:26.888 [INFO]   [Creating]    [pool-3-thread-1]   [com.diffblue.cover.service.c] Attempting to get service client, retry 1.
12:51:26.908 [DEBUG]  [Creating]    [analyzer-service:grpc-default-executor-0][com.diffblue.fuzztest.e.a] Class information:
12:51:26.908 [DEBUG]  [Creating]    [analyzer-service:grpc-default-executor-0][com.diffblue.fuzztest.e.a]   Extends: class uk.gov.gchq.palisade.util.AbstractResourceBuilder
12:51:26.908 [DEBUG]  [Creating]    [analyzer-service:grpc-default-executor-0][com.diffblue.fuzztest.e.a]   Fields: private static final java.util.Set uk.gov.gchq.palisade.util.FileResourceBuilder.ACCEPTED_SCHEMES, private static final org.slf4j.Logger uk.gov.gchq.palisade.util.FileResourceBuilder.LOGGER, private static final java.net.URI uk.gov.gchq.palisade.util.FileResourceBuilder.ROOT
12:51:26.908 [DEBUG]  [Creating]    [analyzer-service:grpc-default-executor-0][com.diffblue.fuzztest.e.a]   Constructors: public uk.gov.gchq.palisade.util.FileResourceBuilder()
12:51:26.908 [DEBUG]  [Creating]    [analyzer-service:grpc-default-executor-0][com.diffblue.fuzztest.e.a]   Methods: public boolean uk.gov.gchq.palisade.util.FileResourceBuilder.accepts(java.net.URI), public uk.gov.gchq.palisade.resource.Resource uk.gov.gchq.palisade.util.FileResourceBuilder.build(java.net.URI), private static uk.gov.gchq.palisade.resource.impl.DirectoryResource uk.gov.gchq.palisade.util.FileResourceBuilder.directoryResource(java.net.URI), private static uk.gov.gchq.palisade.resource.impl.FileResource uk.gov.gchq.palisade.util.FileResourceBuilder.fileResource(java.net.URI), private static uk.gov.gchq.palisade.resource.Resource uk.gov.gchq.palisade.util.FileResourceBuilder.filesystemScheme(java.net.URI), private static uk.gov.gchq.palisade.resource.impl.SystemResource uk.gov.gchq.palisade.util.FileResourceBuilder.systemResource(java.net.URI)
12:51:26.918 [DEBUG]  [Creating]    [analyzer-service:TimedExecutor-108][com.diffblue.fuzztest.g.e] 
================================================================================
= Creating tests for 'uk.gov.gchq.palisade.util.FileResourceBuilder.<init>:()V, uk.gov.gchq.palisade.util.FileResourceBuilder.build:(Ljava/net/URI;)Luk/gov/gchq/palisade/resource/Resource;' using 'B (!sp, !fnm, df)'
================================================================================
12:51:26.919 [DEBUG]  [Creating]    [analyzer-service:TimedExecutor-108][com.diffblue.fuzztest.g.ap] Test file does not exist: /home/jbergqvist/diffblue/Palisade-common/src/test/java/uk/gov/gchq/palisade/util/FileResourceBuilderDiffblueTest.java
12:51:26.920 [DEBUG]  [Creating]    [analyzer-service:TimedExecutor-108][com.diffblue.fuzztest.g.e] 
================================================================================
= Trying DI configuration com.diffblue.cover.f.e.aa@20 for uk.gov.gchq.palisade.util.FileResourceBuilder.<init>:()V
================================================================================
12:51:27.032 [DEBUG]  [Creating]    [analyzer-service:TimedExecutor-108][com.diffblue.fuzztest.g.e] DI configuration 'com.diffblue.cover.f.e.aa' generated tests: 1
12:51:27.032 [DEBUG]  [Creating]    [analyzer-service:TimedExecutor-108][com.diffblue.fuzztest.g.e] 
================================================================================
= Trying DI configuration EmptyDependencyInjectionTirConfiguration for uk.gov.gchq.palisade.util.FileResourceBuilder.<init>:()V
================================================================================
12:51:27.124 [DEBUG]  [Creating]    [analyzer-service:TimedExecutor-108][com.diffblue.fuzztest.g.e] Enabling descriptive test naming
12:51:27.125 [DEBUG]  [Creating]    [analyzer-service:grpc-default-executor-0][com.diffblue.fuzztest.e.c] Created 1+0 tests and partial tests via 'B (!sp, !fnm, df)' , returning all 1
12:51:27.143 [DEBUG]  [Creating]    [pool-3-thread-1]   [com.diffblue.cover.m.a.b] in processAnalysisResult for uk.gov.gchq.palisade.util.FileResourceBuilder.<init>:()V, uk.gov.gchq.palisade.util.FileResourceBuilder.build:(Ljava/net/URI;)Luk/gov/gchq/palisade/resource/Resource;
12:51:27.143 [DEBUG]  [Creating]    [pool-3-thread-1]   [com.diffblue.combiner.d.j] Using Javaparser to combine tests
12:51:27.192 [DEBUG]  [Creating]    [pool-6-thread-39]  [com.diffblue.cover.l.a.c] EdgeCoverageRuntime contains 8 edges
12:51:27.192 [DEBUG]  [Creating]    [pool-3-thread-1]   [com.diffblue.combiner.a.c] Adding changeSet to account as new: Optional[uk.gov.gchq.palisade.util.FileResourceBuilder.<init>:()V, uk.gov.gchq.palisade.util.FileResourceBuilder.build:(Ljava/net/URI;)Luk/gov/gchq/palisade/resource/Resource;]
12:51:27.206 [DEBUG]  [Creating]    [analyzer-service:TimedExecutor-109][com.diffblue.fuzztest.g.e] 
================================================================================
= Creating tests for 'uk.gov.gchq.palisade.util.FileResourceBuilder.accepts:(Ljava/net/URI;)Z' using 'SiM (!sp, fnm, df)'
================================================================================
12:51:27.209 [DEBUG]  [Creating]    [analyzer-service:TimedExecutor-109][com.diffblue.fuzztest.g.ap] Parsed existing test class at /home/jbergqvist/diffblue/Palisade-common/src/test/java/uk/gov/gchq/palisade/util/FileResourceBuilderDiffblueTest.java: found 0 annotations
12:51:27.209 [DEBUG]  [Creating]    [analyzer-service:TimedExecutor-109][com.diffblue.fuzztest.g.e] 
================================================================================
= Trying DI configuration EmptyDependencyInjectionTirConfiguration for uk.gov.gchq.palisade.util.FileResourceBuilder.accepts:(Ljava/net/URI;)Z
================================================================================
12:51:27.254 [DEBUG]  [Creating]    [analyzer-service:TimedExecutor-109][com.diffblue.fuzztest.b.f] Refinement loop done: 1 seeds, 1+0 new+accumulated tests, 1+0 tests+partial tests, 54/1000 its
12:51:27.302 [DEBUG]  [Creating]    [analyzer-service:TimedExecutor-109][com.diffblue.fuzztest.g.e] DI configuration 'com.diffblue.tir.p' generated tests: 1
12:51:27.303 [DEBUG]  [Creating]    [analyzer-service:TimedExecutor-109][com.diffblue.fuzztest.g.e] Enabling descriptive test naming
12:51:27.303 [DEBUG]  [Creating]    [analyzer-service:grpc-default-executor-0][com.diffblue.fuzztest.e.c] Created 1+0 tests and partial tests via 'SiM (!sp, fnm, df)' SiM fallback 1/2, returning all 1
12:51:27.320 [DEBUG]  [Creating]    [pool-3-thread-1]   [com.diffblue.cover.m.a.b] in processAnalysisResult for uk.gov.gchq.palisade.util.FileResourceBuilder.accepts:(Ljava/net/URI;)Z
12:51:27.320 [DEBUG]  [Creating]    [pool-3-thread-1]   [com.diffblue.cover.r.d] Finished with MethodGroup: <init>, countOfTests: 1, countOfMethodsTested: 2 TestGenerationAccount: a[countOfRemoved=0, countOfUnchanged=0, countOfUpdated=0, countOfNew=39]
12:51:27.321 [INFO]   [Creating]    [pool-3-thread-1]   [com.diffblue.cover.ui.b.b]     [111/129] uk.gov.gchq.palisade.util.FileResourceBuilder.<init>
12:51:27.321 [INFO]   [Creating]    [pool-3-thread-1]   [com.diffblue.cover.ui.b.b]     [112/129] uk.gov.gchq.palisade.util.FileResourceBuilder.build
12:51:27.321 [INFO]   [Creating]    [pool-3-thread-1]   [com.diffblue.cover.ui.b.b]     [112/129]   Tests created: 1
12:51:27.321 [DEBUG]  [Creating]    [pool-3-thread-1]   [com.diffblue.combiner.d.j] Using Javaparser to combine tests
12:51:27.377 [DEBUG]  [Creating]    [pool-6-thread-40]  [com.diffblue.cover.l.a.c] EdgeCoverageRuntime contains 8 edges
12:51:27.377 [DEBUG]  [Creating]    [pool-3-thread-1]   [com.diffblue.combiner.a.c] Adding changeSet to account as new: Optional[uk.gov.gchq.palisade.util.FileResourceBuilder.accepts:(Ljava/net/URI;)Z]
12:51:27.391 [DEBUG]  [Creating]    [pool-3-thread-1]   [com.diffblue.cover.r.d] Finished with MethodGroup: accepts, countOfTests: 1, countOfMethodsTested: 1 TestGenerationAccount: a[countOfRemoved=0, countOfUnchanged=0, countOfUpdated=0, countOfNew=40]
12:51:27.391 [INFO]   [Creating]    [pool-3-thread-1]   [com.diffblue.cover.ui.b.b]     [113/129] uk.gov.gchq.palisade.util.FileResourceBuilder.accepts
12:51:27.391 [INFO]   [Creating]    [pool-3-thread-1]   [com.diffblue.cover.ui.b.b]     [113/129]   Tests created: 1
12:51:27.392 [INFO]   [Creating]    [pool-3-thread-1]   [com.diffblue.cover.ui.b.b] [14/25] uk.gov.gchq.palisade.util.FileResourceBuilder
12:51:27.392 [INFO]   [Creating]    [pool-3-thread-1]   [com.diffblue.cover.ui.b.b] [14/25]   Tests created: 2
12:51:27.393 [INFO]   [Creating]    [pool-3-thread-1]   [com.diffblue.cover.m.a.b] 
================================================================================
= Starting analysis for class 'uk.gov.gchq.palisade.util.RulesUtil'
================================================================================
12:51:27.393 [INFO]   [Creating]    [pool-3-thread-1]   [com.diffblue.cover.m.a.b] Filtering out non-testable methods...
12:51:27.394 [DEBUG]  [Creating]    [pool-3-thread-1]   [com.diffblue.combiner.d.j] Using Javaparser to combine tests
12:51:27.395 [INFO]   [Creating]    [pool-3-thread-1]   [com.diffblue.cover.m.a.b] Filtering of methods complete. Creating analysis request
12:51:27.395 [INFO]   [Creating]    [pool-3-thread-1]   [com.diffblue.cover.service.c] Attempting to get service client, retry 1.
12:51:27.408 [DEBUG]  [Creating]    [analyzer-service:grpc-default-executor-0][com.diffblue.fuzztest.e.a] Class information:
12:51:27.408 [DEBUG]  [Creating]    [analyzer-service:grpc-default-executor-0][com.diffblue.fuzztest.e.a]   Fields: 
12:51:27.408 [DEBUG]  [Creating]    [analyzer-service:grpc-default-executor-0][com.diffblue.fuzztest.e.a]   Constructors: private uk.gov.gchq.palisade.util.RulesUtil()
12:51:27.408 [DEBUG]  [Creating]    [analyzer-service:grpc-default-executor-0][com.diffblue.fuzztest.e.a]   Methods: public static java.io.Serializable uk.gov.gchq.palisade.util.RulesUtil.applyRulesToItem(java.io.Serializable,uk.gov.gchq.palisade.user.User,uk.gov.gchq.palisade.Context,uk.gov.gchq.palisade.rule.Rules), public static java.util.stream.Stream uk.gov.gchq.palisade.util.RulesUtil.applyRulesToStream(java.util.stream.Stream,uk.gov.gchq.palisade.user.User,uk.gov.gchq.palisade.Context,uk.gov.gchq.palisade.rule.Rules,java.util.concurrent.atomic.AtomicLong,java.util.concurrent.atomic.AtomicLong), private static java.io.Serializable uk.gov.gchq.palisade.util.RulesUtil.lambda$applyRulesToStream$0(java.util.concurrent.atomic.AtomicLong,uk.gov.gchq.palisade.user.User,uk.gov.gchq.palisade.Context,uk.gov.gchq.palisade.rule.Rules,java.util.concurrent.atomic.AtomicLong,java.io.Serializable)
12:51:27.416 [DEBUG]  [Creating]    [analyzer-service:TimedExecutor-116][com.diffblue.fuzztest.g.e] 
================================================================================
= Creating tests for 'uk.gov.gchq.palisade.util.RulesUtil.applyRulesToItem:(Ljava/io/Serializable;Luk/gov/gchq/palisade/user/User;Luk/gov/gchq/palisade/Context;Luk/gov/gchq/palisade/rule/Rules;)Ljava/io/Serializable;' using 'SiM (!sp, fnm, df)'
================================================================================
12:51:27.418 [DEBUG]  [Creating]    [analyzer-service:TimedExecutor-116][com.diffblue.fuzztest.g.ap] Test file does not exist: /home/jbergqvist/diffblue/Palisade-common/src/test/java/uk/gov/gchq/palisade/util/RulesUtilDiffblueTest.java
12:51:27.418 [DEBUG]  [Creating]    [analyzer-service:TimedExecutor-116][com.diffblue.fuzztest.g.e] 
================================================================================
= Trying DI configuration EmptyDependencyInjectionTirConfiguration for uk.gov.gchq.palisade.util.RulesUtil.applyRulesToItem:(Ljava/io/Serializable;Luk/gov/gchq/palisade/user/User;Luk/gov/gchq/palisade/Context;Luk/gov/gchq/palisade/rule/Rules;)Ljava/io/Serializable;
================================================================================
12:51:31.485 [DEBUG]  [Creating]    [analyzer-service:grpc-default-executor-0][com.diffblue.cover.commons.system.e] Unable to create any test via 'SiM (!sp, fnm, df)', 1/2:
12:51:31.490 [DEBUG]  [Creating]    [analyzer-service:grpc-default-executor-0][com.diffblue.cover.commons.system.e] R005: Unable to load class
Class: akka.actor.CoordinatedShutdown$ActorSystemTerminateReason
Please check that the class is available on your test runtime classpath.
See https://diff.blue/R005 to resolve this issue.
	at com.diffblue.cover.commons.reflect.ClassName.a(SourceFile:598)
	at com.diffblue.cover.commons.reflect.h.getClass(SourceFile:421)
	at com.diffblue.cover.commons.reflect.h.a(SourceFile:433)
	at com.diffblue.fuzztest.d.b.b.a(SourceFile:318)
	at com.diffblue.fuzztest.d.b.b.a(SourceFile:236)
	at java.base/java.util.stream.ReferencePipeline$7$1.accept(ReferencePipeline.java:271)
	at java.base/java.util.stream.DistinctOps$1$2.accept(DistinctOps.java:175)
	at java.base/java.util.stream.StreamSpliterators$WrappingSpliterator.tryAdvance(StreamSpliterators.java:302)
	at java.base/java.util.stream.Streams$ConcatSpliterator.tryAdvance(Streams.java:727)
	at java.base/java.util.stream.ReferencePipeline.forEachWithCancel(ReferencePipeline.java:127)
	at java.base/java.util.stream.AbstractPipeline.copyIntoWithCancel(AbstractPipeline.java:502)
	at java.base/java.util.stream.AbstractPipeline.copyInto(AbstractPipeline.java:488)
	at java.base/java.util.stream.AbstractPipeline.wrapAndCopyInto(AbstractPipeline.java:474)
	at java.base/java.util.stream.ReduceOps$ReduceOp.evaluateSequential(ReduceOps.java:913)
	at java.base/java.util.stream.AbstractPipeline.evaluate(AbstractPipeline.java:234)
	at java.base/java.util.stream.ReferencePipeline.collect(ReferencePipeline.java:578)
	at com.diffblue.cover.h.z.a(SourceFile:96)
	at com.diffblue.fuzztest.d.b.b.b(SourceFile:230)
	at com.diffblue.fuzztest.d.b.b.b(SourceFile:64)
	at com.diffblue.cover.h.b.a(SourceFile:172)
	at com.google.common.cache.CacheLoader$FunctionToCacheLoader.load(SourceFile:169)
	at com.google.common.cache.LocalCache$LoadingValueReference.loadFuture(SourceFile:3574)
	at com.google.common.cache.LocalCache$Segment.loadSync(SourceFile:2316)
	at com.google.common.cache.LocalCache$Segment.lockedGetOrLoad(SourceFile:2189)
	at com.google.common.cache.LocalCache$Segment.get(SourceFile:2079)
	at com.google.common.cache.LocalCache.get(SourceFile:4017)
	at com.google.common.cache.LocalCache.getOrLoad(SourceFile:4040)
	at com.google.common.cache.LocalCache$LocalLoadingCache.get(SourceFile:4989)
	at com.diffblue.cover.h.b.c(SourceFile:191)
	at com.diffblue.cover.h.t.a(SourceFile:46)
	at com.diffblue.cover.h.t.a(SourceFile:39)
	at com.diffblue.fuzztest.d.h.a(SourceFile:114)
	at com.diffblue.fuzztest.d.h.c(SourceFile:2073)
	at com.diffblue.cover.h.t.a(SourceFile:46)
	at com.diffblue.cover.h.t.a(SourceFile:39)
	at com.diffblue.cover.h.k.a.d(SourceFile:302)
	at com.diffblue.cover.h.k.a.a(SourceFile:2097)
	at com.diffblue.fuzztest.d.h.a.c(SourceFile:132)
	at com.diffblue.fuzztest.d.a.a(SourceFile:55)
	at com.diffblue.fuzztest.d.e.a(SourceFile:46)
	at com.diffblue.fuzztest.g.y.a(SourceFile:52)
	at com.diffblue.fuzztest.g.i.a(SourceFile:104)
	at com.diffblue.fuzztest.g.a.a(SourceFile:46)
	at com.diffblue.fuzztest.g.p.a(SourceFile:128)
	at com.diffblue.fuzztest.g.a.a(SourceFile:46)
	at com.diffblue.fuzztest.g.ae.a(SourceFile:94)
	at com.diffblue.fuzztest.g.af.a(SourceFile:162)
	at com.diffblue.fuzztest.g.ae.a(SourceFile:193)
	at com.diffblue.fuzztest.g.e.r(SourceFile:499)
	at com.diffblue.cover.sandbox.execution.WorkerThread.lambda$callWorkerThread$3(SourceFile:164)
	at com.diffblue.cover.sandbox.execution.WorkerThread.run(SourceFile:265)
12:51:31.490 [DEBUG]  [Creating]    [analyzer-service:grpc-default-executor-0][com.diffblue.cover.commons.system.e] Caused by: com.diffblue.cover.exception.SerializableException:java.lang.ClassNotFoundException: akka.actor.CoordinatedShutdown$ActorSystemTerminateReason
	at java.base/java.net.URLClassLoader.findClass(URLClassLoader.java:476)
	at java.base/java.lang.ClassLoader.loadClass(ClassLoader.java:594)
	at com.diffblue.cover.launcher.FilteringClassLoader.loadClassBasedOnPolicy(FilteringClassLoader.java:72)
	at com.diffblue.cover.launcher.FilteringClassLoader.loadClass(FilteringClassLoader.java:60)
	at com.diffblue.cover.i.e.loadClass(SourceFile:67)
	at java.base/java.lang.Class.forName0(Native Method)
	at java.base/java.lang.Class.forName(Class.java:398)
	at com.diffblue.cover.commons.reflect.ClassName.a(SourceFile:595)
	at com.diffblue.cover.commons.reflect.h.getClass(SourceFile:421)
	at com.diffblue.cover.commons.reflect.h.a(SourceFile:433)
	at com.diffblue.fuzztest.d.b.b.a(SourceFile:318)
	at com.diffblue.fuzztest.d.b.b.a(SourceFile:236)
	at java.base/java.util.stream.ReferencePipeline$7$1.accept(ReferencePipeline.java:271)
	at java.base/java.util.stream.DistinctOps$1$2.accept(DistinctOps.java:175)
	at java.base/java.util.stream.StreamSpliterators$WrappingSpliterator.tryAdvance(StreamSpliterators.java:302)
	at java.base/java.util.stream.Streams$ConcatSpliterator.tryAdvance(Streams.java:727)
	at java.base/java.util.stream.ReferencePipeline.forEachWithCancel(ReferencePipeline.java:127)
	at java.base/java.util.stream.AbstractPipeline.copyIntoWithCancel(AbstractPipeline.java:502)
	at java.base/java.util.stream.AbstractPipeline.copyInto(AbstractPipeline.java:488)
	at java.base/java.util.stream.AbstractPipeline.wrapAndCopyInto(AbstractPipeline.java:474)
	at java.base/java.util.stream.ReduceOps$ReduceOp.evaluateSequential(ReduceOps.java:913)
	at java.base/java.util.stream.AbstractPipeline.evaluate(AbstractPipeline.java:234)
	at java.base/java.util.stream.ReferencePipeline.collect(ReferencePipeline.java:578)
	at com.diffblue.cover.h.z.a(SourceFile:96)
	at com.diffblue.fuzztest.d.b.b.b(SourceFile:230)
	at com.diffblue.fuzztest.d.b.b.b(SourceFile:64)
	at com.diffblue.cover.h.b.a(SourceFile:172)
	at com.google.common.cache.CacheLoader$FunctionToCacheLoader.load(SourceFile:169)
	at com.google.common.cache.LocalCache$LoadingValueReference.loadFuture(SourceFile:3574)
	at com.google.common.cache.LocalCache$Segment.loadSync(SourceFile:2316)
	at com.google.common.cache.LocalCache$Segment.lockedGetOrLoad(SourceFile:2189)
	at com.google.common.cache.LocalCache$Segment.get(SourceFile:2079)
	at com.google.common.cache.LocalCache.get(SourceFile:4017)
	at com.google.common.cache.LocalCache.getOrLoad(SourceFile:4040)
	at com.google.common.cache.LocalCache$LocalLoadingCache.get(SourceFile:4989)
	at com.diffblue.cover.h.b.c(SourceFile:191)
	at com.diffblue.cover.h.t.a(SourceFile:46)
	at com.diffblue.cover.h.t.a(SourceFile:39)
	at com.diffblue.fuzztest.d.h.a(SourceFile:114)
	at com.diffblue.fuzztest.d.h.c(SourceFile:2073)
	at com.diffblue.cover.h.t.a(SourceFile:46)
	at com.diffblue.cover.h.t.a(SourceFile:39)
	at com.diffblue.cover.h.k.a.d(SourceFile:302)
	at com.diffblue.cover.h.k.a.a(SourceFile:2097)
	at com.diffblue.fuzztest.d.h.a.c(SourceFile:132)
	at com.diffblue.fuzztest.d.a.a(SourceFile:55)
	at com.diffblue.fuzztest.d.e.a(SourceFile:46)
	at com.diffblue.fuzztest.g.y.a(SourceFile:52)
	at com.diffblue.fuzztest.g.i.a(SourceFile:104)
	at com.diffblue.fuzztest.g.a.a(SourceFile:46)
	at com.diffblue.fuzztest.g.p.a(SourceFile:128)
	at com.diffblue.fuzztest.g.a.a(SourceFile:46)
	at com.diffblue.fuzztest.g.ae.a(SourceFile:94)
	at com.diffblue.fuzztest.g.af.a(SourceFile:162)
	at com.diffblue.fuzztest.g.ae.a(SourceFile:193)
	at com.diffblue.fuzztest.g.e.r(SourceFile:499)
	at com.diffblue.cover.sandbox.execution.WorkerThread.lambda$callWorkerThread$3(SourceFile:164)
	at com.diffblue.cover.sandbox.execution.WorkerThread.run(SourceFile:265)
12:51:31.491 [DEBUG]  [Creating]    [analyzer-service:TimedExecutor-117][com.diffblue.fuzztest.g.e] 
================================================================================
= Creating tests for 'uk.gov.gchq.palisade.util.RulesUtil.applyRulesToItem:(Ljava/io/Serializable;Luk/gov/gchq/palisade/user/User;Luk/gov/gchq/palisade/Context;Luk/gov/gchq/palisade/rule/Rules;)Ljava/io/Serializable;' using 'SiM (!sp, !fnm, df)'
================================================================================
12:51:31.492 [DEBUG]  [Creating]    [analyzer-service:TimedExecutor-117][com.diffblue.fuzztest.g.ap] Test file does not exist: /home/jbergqvist/diffblue/Palisade-common/src/test/java/uk/gov/gchq/palisade/util/RulesUtilDiffblueTest.java
12:51:31.492 [DEBUG]  [Creating]    [analyzer-service:TimedExecutor-117][com.diffblue.fuzztest.g.e] 
================================================================================
= Trying DI configuration EmptyDependencyInjectionTirConfiguration for uk.gov.gchq.palisade.util.RulesUtil.applyRulesToItem:(Ljava/io/Serializable;Luk/gov/gchq/palisade/user/User;Luk/gov/gchq/palisade/Context;Luk/gov/gchq/palisade/rule/Rules;)Ljava/io/Serializable;
================================================================================
12:51:31.672 [DEBUG]  [Creating]    [analyzer-service:grpc-default-executor-0][com.diffblue.cover.commons.system.e] Unable to create any test via 'SiM (!sp, !fnm, df)', 2/2:
12:51:31.675 [DEBUG]  [Creating]    [analyzer-service:grpc-default-executor-0][com.diffblue.cover.commons.system.e] R005: Unable to load class
Class: akka.actor.CoordinatedShutdown$ActorSystemTerminateReason
Please check that the class is available on your test runtime classpath.
See https://diff.blue/R005 to resolve this issue.
	at com.diffblue.cover.commons.reflect.ClassName.a(SourceFile:598)
	at com.diffblue.cover.commons.reflect.h.getClass(SourceFile:421)
	at com.diffblue.cover.commons.reflect.h.a(SourceFile:433)
	at com.diffblue.fuzztest.d.b.b.a(SourceFile:318)
	at com.diffblue.fuzztest.d.b.b.a(SourceFile:236)
	at java.base/java.util.stream.ReferencePipeline$7$1.accept(ReferencePipeline.java:271)
	at java.base/java.util.stream.DistinctOps$1$2.accept(DistinctOps.java:175)
	at java.base/java.util.stream.StreamSpliterators$WrappingSpliterator.tryAdvance(StreamSpliterators.java:302)
	at java.base/java.util.stream.Streams$ConcatSpliterator.tryAdvance(Streams.java:727)
	at java.base/java.util.stream.ReferencePipeline.forEachWithCancel(ReferencePipeline.java:127)
	at java.base/java.util.stream.AbstractPipeline.copyIntoWithCancel(AbstractPipeline.java:502)
	at java.base/java.util.stream.AbstractPipeline.copyInto(AbstractPipeline.java:488)
	at java.base/java.util.stream.AbstractPipeline.wrapAndCopyInto(AbstractPipeline.java:474)
	at java.base/java.util.stream.ReduceOps$ReduceOp.evaluateSequential(ReduceOps.java:913)
	at java.base/java.util.stream.AbstractPipeline.evaluate(AbstractPipeline.java:234)
	at java.base/java.util.stream.ReferencePipeline.collect(ReferencePipeline.java:578)
	at com.diffblue.cover.h.z.a(SourceFile:96)
	at com.diffblue.fuzztest.d.b.b.b(SourceFile:230)
	at com.diffblue.fuzztest.d.b.b.b(SourceFile:64)
	at com.diffblue.cover.h.b.a(SourceFile:172)
	at com.google.common.cache.CacheLoader$FunctionToCacheLoader.load(SourceFile:169)
	at com.google.common.cache.LocalCache$LoadingValueReference.loadFuture(SourceFile:3574)
	at com.google.common.cache.LocalCache$Segment.loadSync(SourceFile:2316)
	at com.google.common.cache.LocalCache$Segment.lockedGetOrLoad(SourceFile:2189)
	at com.google.common.cache.LocalCache$Segment.get(SourceFile:2079)
	at com.google.common.cache.LocalCache.get(SourceFile:4017)
	at com.google.common.cache.LocalCache.getOrLoad(SourceFile:4040)
	at com.google.common.cache.LocalCache$LocalLoadingCache.get(SourceFile:4989)
	at com.diffblue.cover.h.b.c(SourceFile:191)
	at com.diffblue.cover.h.t.a(SourceFile:46)
	at com.diffblue.cover.h.t.a(SourceFile:39)
	at com.diffblue.fuzztest.d.h.a(SourceFile:114)
	at com.diffblue.fuzztest.d.h.c(SourceFile:2073)
	at com.diffblue.cover.h.t.a(SourceFile:46)
	at com.diffblue.cover.h.t.a(SourceFile:39)
	at com.diffblue.cover.h.k.a.d(SourceFile:302)
	at com.diffblue.cover.h.k.a.a(SourceFile:2097)
	at com.diffblue.fuzztest.d.h.a.c(SourceFile:132)
	at com.diffblue.fuzztest.d.a.a(SourceFile:55)
	at com.diffblue.fuzztest.d.e.a(SourceFile:46)
	at com.diffblue.fuzztest.g.y.a(SourceFile:52)
	at com.diffblue.fuzztest.g.i.a(SourceFile:104)
	at com.diffblue.fuzztest.g.a.a(SourceFile:46)
	at com.diffblue.fuzztest.g.p.a(SourceFile:128)
	at com.diffblue.fuzztest.g.a.a(SourceFile:46)
	at com.diffblue.fuzztest.g.ae.a(SourceFile:94)
	at com.diffblue.fuzztest.g.af.a(SourceFile:162)
	at com.diffblue.fuzztest.g.ae.a(SourceFile:193)
	at com.diffblue.fuzztest.g.e.r(SourceFile:499)
	at com.diffblue.cover.sandbox.execution.WorkerThread.lambda$callWorkerThread$3(SourceFile:164)
	at com.diffblue.cover.sandbox.execution.WorkerThread.run(SourceFile:265)
12:51:31.675 [DEBUG]  [Creating]    [analyzer-service:grpc-default-executor-0][com.diffblue.cover.commons.system.e] Caused by: com.diffblue.cover.exception.SerializableException:java.lang.ClassNotFoundException: akka.actor.CoordinatedShutdown$ActorSystemTerminateReason
	at java.base/java.net.URLClassLoader.findClass(URLClassLoader.java:476)
	at java.base/java.lang.ClassLoader.loadClass(ClassLoader.java:594)
	at com.diffblue.cover.launcher.FilteringClassLoader.loadClassBasedOnPolicy(FilteringClassLoader.java:72)
	at com.diffblue.cover.launcher.FilteringClassLoader.loadClass(FilteringClassLoader.java:60)
	at com.diffblue.cover.i.e.loadClass(SourceFile:67)
	at java.base/java.lang.Class.forName0(Native Method)
	at java.base/java.lang.Class.forName(Class.java:398)
	at com.diffblue.cover.commons.reflect.ClassName.a(SourceFile:595)
	at com.diffblue.cover.commons.reflect.h.getClass(SourceFile:421)
	at com.diffblue.cover.commons.reflect.h.a(SourceFile:433)
	at com.diffblue.fuzztest.d.b.b.a(SourceFile:318)
	at com.diffblue.fuzztest.d.b.b.a(SourceFile:236)
	at java.base/java.util.stream.ReferencePipeline$7$1.accept(ReferencePipeline.java:271)
	at java.base/java.util.stream.DistinctOps$1$2.accept(DistinctOps.java:175)
	at java.base/java.util.stream.StreamSpliterators$WrappingSpliterator.tryAdvance(StreamSpliterators.java:302)
	at java.base/java.util.stream.Streams$ConcatSpliterator.tryAdvance(Streams.java:727)
	at java.base/java.util.stream.ReferencePipeline.forEachWithCancel(ReferencePipeline.java:127)
	at java.base/java.util.stream.AbstractPipeline.copyIntoWithCancel(AbstractPipeline.java:502)
	at java.base/java.util.stream.AbstractPipeline.copyInto(AbstractPipeline.java:488)
	at java.base/java.util.stream.AbstractPipeline.wrapAndCopyInto(AbstractPipeline.java:474)
	at java.base/java.util.stream.ReduceOps$ReduceOp.evaluateSequential(ReduceOps.java:913)
	at java.base/java.util.stream.AbstractPipeline.evaluate(AbstractPipeline.java:234)
	at java.base/java.util.stream.ReferencePipeline.collect(ReferencePipeline.java:578)
	at com.diffblue.cover.h.z.a(SourceFile:96)
	at com.diffblue.fuzztest.d.b.b.b(SourceFile:230)
	at com.diffblue.fuzztest.d.b.b.b(SourceFile:64)
	at com.diffblue.cover.h.b.a(SourceFile:172)
	at com.google.common.cache.CacheLoader$FunctionToCacheLoader.load(SourceFile:169)
	at com.google.common.cache.LocalCache$LoadingValueReference.loadFuture(SourceFile:3574)
	at com.google.common.cache.LocalCache$Segment.loadSync(SourceFile:2316)
	at com.google.common.cache.LocalCache$Segment.lockedGetOrLoad(SourceFile:2189)
	at com.google.common.cache.LocalCache$Segment.get(SourceFile:2079)
	at com.google.common.cache.LocalCache.get(SourceFile:4017)
	at com.google.common.cache.LocalCache.getOrLoad(SourceFile:4040)
	at com.google.common.cache.LocalCache$LocalLoadingCache.get(SourceFile:4989)
	at com.diffblue.cover.h.b.c(SourceFile:191)
	at com.diffblue.cover.h.t.a(SourceFile:46)
	at com.diffblue.cover.h.t.a(SourceFile:39)
	at com.diffblue.fuzztest.d.h.a(SourceFile:114)
	at com.diffblue.fuzztest.d.h.c(SourceFile:2073)
	at com.diffblue.cover.h.t.a(SourceFile:46)
	at com.diffblue.cover.h.t.a(SourceFile:39)
	at com.diffblue.cover.h.k.a.d(SourceFile:302)
	at com.diffblue.cover.h.k.a.a(SourceFile:2097)
	at com.diffblue.fuzztest.d.h.a.c(SourceFile:132)
	at com.diffblue.fuzztest.d.a.a(SourceFile:55)
	at com.diffblue.fuzztest.d.e.a(SourceFile:46)
	at com.diffblue.fuzztest.g.y.a(SourceFile:52)
	at com.diffblue.fuzztest.g.i.a(SourceFile:104)
	at com.diffblue.fuzztest.g.a.a(SourceFile:46)
	at com.diffblue.fuzztest.g.p.a(SourceFile:128)
	at com.diffblue.fuzztest.g.a.a(SourceFile:46)
	at com.diffblue.fuzztest.g.ae.a(SourceFile:94)
	at com.diffblue.fuzztest.g.af.a(SourceFile:162)
	at com.diffblue.fuzztest.g.ae.a(SourceFile:193)
	at com.diffblue.fuzztest.g.e.r(SourceFile:499)
	at com.diffblue.cover.sandbox.execution.WorkerThread.lambda$callWorkerThread$3(SourceFile:164)
	at com.diffblue.cover.sandbox.execution.WorkerThread.run(SourceFile:265)
12:51:31.675 [DEBUG]  [Creating]    [analyzer-service:grpc-default-executor-0][com.diffblue.fuzztest.g.o] All 2 subs failed to create any test, failing with first error seen
12:51:31.687 [DEBUG]  [Creating]    [analyzer-service:grpc-default-executor-0][com.diffblue.cover.service.analyzer.a.c] Watchdog reset
12:51:31.697 [DEBUG]  [Creating]    [pool-3-thread-1]   [com.diffblue.cover.m.a.b] in processAnalysisResult for uk.gov.gchq.palisade.util.RulesUtil.applyRulesToItem:(Ljava/io/Serializable;Luk/gov/gchq/palisade/user/User;Luk/gov/gchq/palisade/Context;Luk/gov/gchq/palisade/rule/Rules;)Ljava/io/Serializable;
12:51:31.700 [INFO]   [Creating]    [pool-3-thread-1]   [com.diffblue.cover.ui.b.b]     [114/129] uk.gov.gchq.palisade.util.RulesUtil.applyRulesToItem
12:51:31.700 [INFO]   [Creating]    [pool-3-thread-1]   [com.diffblue.cover.ui.b.b]     [114/129]   R005: Unable to load class
12:51:31.700 [DEBUG]  [Creating]    [pool-3-thread-1]   [com.diffblue.cover.ui.b.b]     [114/129]   (at least 9 lines uncovered in this method)
12:51:31.700 [INFO]   [Creating]    [pool-3-thread-1]   [com.diffblue.cover.ui.b.b]     [114/129]     Class: akka.actor.CoordinatedShutdown$ActorSystemTerminateReason
12:51:31.700 [INFO]   [Creating]    [pool-3-thread-1]   [com.diffblue.cover.ui.b.b]     [114/129]     Please check that the class is available on your test runtime classpath.
12:51:31.700 [INFO]   [Creating]    [pool-3-thread-1]   [com.diffblue.cover.ui.b.b]     [114/129]     See https://diff.blue/R005 to resolve this issue.
12:51:31.701 [DEBUG]  [Creating]    [analyzer-service:TimedExecutor-118][com.diffblue.fuzztest.g.e] 
================================================================================
= Creating tests for 'uk.gov.gchq.palisade.util.RulesUtil.applyRulesToStream:(Ljava/util/stream/Stream;Luk/gov/gchq/palisade/user/User;Luk/gov/gchq/palisade/Context;Luk/gov/gchq/palisade/rule/Rules;Ljava/util/concurrent/atomic/AtomicLong;Ljava/util/concurrent/atomic/AtomicLong;)Ljava/util/stream/Stream;' using 'SiM (!sp, fnm, df)'
================================================================================
12:51:31.703 [DEBUG]  [Creating]    [analyzer-service:TimedExecutor-118][com.diffblue.fuzztest.g.ap] Test file does not exist: /home/jbergqvist/diffblue/Palisade-common/src/test/java/uk/gov/gchq/palisade/util/RulesUtilDiffblueTest.java
12:51:31.703 [DEBUG]  [Creating]    [analyzer-service:TimedExecutor-118][com.diffblue.fuzztest.g.e] 
================================================================================
= Trying DI configuration EmptyDependencyInjectionTirConfiguration for uk.gov.gchq.palisade.util.RulesUtil.applyRulesToStream:(Ljava/util/stream/Stream;Luk/gov/gchq/palisade/user/User;Luk/gov/gchq/palisade/Context;Luk/gov/gchq/palisade/rule/Rules;Ljava/util/concurrent/atomic/AtomicLong;Ljava/util/concurrent/atomic/AtomicLong;)Ljava/util/stream/Stream;
================================================================================
12:51:31.734 [DEBUG]  [Creating]    [analyzer-service:TimedExecutor-118][com.diffblue.a.a.c.d.a.a.h] Stream provenance not unhandled by stream interpreter arg#0
12:51:31.735 [DEBUG]  [Creating]    [analyzer-service:TimedExecutor-118][com.diffblue.a.a.c.d.a.a.h] Stream provenance not unhandled by stream interpreter (pruned)
12:51:31.735 [DEBUG]  [Creating]    [analyzer-service:TimedExecutor-118][com.diffblue.a.a.c.d.a.a.h] Stream provenance not unhandled by stream interpreter arg#0
12:51:31.735 [DEBUG]  [Creating]    [analyzer-service:TimedExecutor-118][com.diffblue.a.a.c.d.a.a.h] Stream provenance not unhandled by stream interpreter (pruned)
12:51:32.277 [DEBUG]  [Creating]    [analyzer-service:TimedExecutor-118][com.diffblue.cover.service.analyzer.a.c] Watchdog reset
12:51:33.100 [DEBUG]  [Creating]    [analyzer-service:TimedExecutor-118][com.diffblue.cover.service.analyzer.a.c] Watchdog reset
12:51:33.136 [DEBUG]  [Creating]    [analyzer-service:TimedExecutor-118][com.diffblue.fuzztest.d.s.c] Could not construct class type 'akka.pattern.CircuitBreaker$Open$'
com.diffblue.cover.exception.BaseException: Unable to load class
	at com.diffblue.tir.h.a.f.a(SourceFile:70)
	at com.diffblue.tir.h.a.f.c(SourceFile:92)
	at com.diffblue.fuzztest.d.s.c.a(SourceFile:290)
	at com.diffblue.fuzztest.d.s.c.a(SourceFile:157)
	at com.diffblue.fuzztest.d.s.c.c(SourceFile:103)
	at java.base/java.util.stream.ReferencePipeline$7$1.accept(ReferencePipeline.java:271)
	at java.base/java.util.ArrayList$ArrayListSpliterator.forEachRemaining(ArrayList.java:1655)
	at java.base/java.util.stream.AbstractPipeline.copyInto(AbstractPipeline.java:484)
	at java.base/java.util.stream.AbstractPipeline.wrapAndCopyInto(AbstractPipeline.java:474)
	at java.base/java.util.stream.ReduceOps$ReduceOp.evaluateSequential(ReduceOps.java:913)
	at java.base/java.util.stream.AbstractPipeline.evaluate(AbstractPipeline.java:234)
	at java.base/java.util.stream.ReferencePipeline.collect(ReferencePipeline.java:578)
	at com.diffblue.cover.h.z.a(SourceFile:96)
	at com.diffblue.cover.h.z.a(SourceFile:83)
	at com.diffblue.fuzztest.d.s.c.a(SourceFile:99)
	at com.diffblue.fuzztest.d.f.a(SourceFile:34)
	at java.base/java.util.stream.ReferencePipeline$7$1.accept(ReferencePipeline.java:271)
	at java.base/java.util.ArrayList$ArrayListSpliterator.tryAdvance(ArrayList.java:1632)
	at java.base/java.util.stream.ReferencePipeline.forEachWithCancel(ReferencePipeline.java:127)
	at java.base/java.util.stream.AbstractPipeline.copyIntoWithCancel(AbstractPipeline.java:502)
	at java.base/java.util.stream.AbstractPipeline.copyInto(AbstractPipeline.java:488)
	at java.base/java.util.stream.AbstractPipeline.wrapAndCopyInto(AbstractPipeline.java:474)
	at java.base/java.util.stream.ReduceOps$ReduceOp.evaluateSequential(ReduceOps.java:913)
	at java.base/java.util.stream.AbstractPipeline.evaluate(AbstractPipeline.java:234)
	at java.base/java.util.stream.ReferencePipeline.collect(ReferencePipeline.java:578)
	at com.diffblue.cover.h.z.a(SourceFile:96)
	at com.diffblue.fuzztest.d.f.a(SourceFile:33)
	at com.diffblue.fuzztest.b.a.d.a(SourceFile:493)
	at com.diffblue.fuzztest.b.a.d.a(SourceFile:470)
	at com.diffblue.fuzztest.b.a.d.a(SourceFile:402)
	at com.diffblue.fuzztest.b.a.d.d(SourceFile:856)
	at com.diffblue.fuzztest.b.a.d.a(SourceFile:160)
	at com.diffblue.fuzztest.b.a.d.a(SourceFile:123)
	at com.diffblue.fuzztest.b.f.a(SourceFile:564)
	at com.diffblue.fuzztest.b.f.a(SourceFile:292)
	at com.diffblue.fuzztest.b.f.b(SourceFile:377)
	at com.diffblue.fuzztest.g.ae.a(SourceFile:100)
	at com.diffblue.fuzztest.g.af.a(SourceFile:162)
	at com.diffblue.fuzztest.g.ae.a(SourceFile:193)
	at com.diffblue.fuzztest.g.e.r(SourceFile:499)
	at com.diffblue.cover.sandbox.execution.WorkerThread.lambda$callWorkerThread$3(SourceFile:164)
	at com.diffblue.cover.sandbox.execution.WorkerThread.run(SourceFile:265)
Caused by: java.lang.ClassNotFoundException: akka.pattern.CircuitBreaker$Open
	at java.base/java.net.URLClassLoader.findClass(URLClassLoader.java:476)
	at java.base/java.lang.ClassLoader.loadClass(ClassLoader.java:594)
	at com.diffblue.cover.launcher.FilteringClassLoader.loadClassBasedOnPolicy(FilteringClassLoader.java:72)
	at com.diffblue.cover.launcher.FilteringClassLoader.loadClass(FilteringClassLoader.java:60)
	at com.diffblue.cover.i.e.loadClass(SourceFile:67)
	at java.base/java.lang.Class.forName0(Native Method)
	at java.base/java.lang.Class.forName(Class.java:398)
	at com.diffblue.cover.commons.reflect.q.a(SourceFile:525)
	at com.diffblue.tir.h.a.f.a(SourceFile:67)
	... 41 common frames omitted
12:51:33.139 [DEBUG]  [Creating]    [analyzer-service:TimedExecutor-118][com.diffblue.fuzztest.d.s.c] Could not construct class type 'akka.pattern.CircuitBreaker$Open$'
com.diffblue.cover.exception.BaseException: Unable to load class
	at com.diffblue.tir.h.a.f.a(SourceFile:70)
	at com.diffblue.tir.h.a.f.c(SourceFile:92)
	at com.diffblue.fuzztest.d.s.c.b(SourceFile:274)
	at com.diffblue.fuzztest.d.s.c.a(SourceFile:160)
	at com.diffblue.fuzztest.d.s.c.c(SourceFile:103)
	at java.base/java.util.stream.ReferencePipeline$7$1.accept(ReferencePipeline.java:271)
	at java.base/java.util.ArrayList$ArrayListSpliterator.forEachRemaining(ArrayList.java:1655)
	at java.base/java.util.stream.AbstractPipeline.copyInto(AbstractPipeline.java:484)
	at java.base/java.util.stream.AbstractPipeline.wrapAndCopyInto(AbstractPipeline.java:474)
	at java.base/java.util.stream.ReduceOps$ReduceOp.evaluateSequential(ReduceOps.java:913)
	at java.base/java.util.stream.AbstractPipeline.evaluate(AbstractPipeline.java:234)
	at java.base/java.util.stream.ReferencePipeline.collect(ReferencePipeline.java:578)
	at com.diffblue.cover.h.z.a(SourceFile:96)
	at com.diffblue.cover.h.z.a(SourceFile:83)
	at com.diffblue.fuzztest.d.s.c.a(SourceFile:99)
	at com.diffblue.fuzztest.d.f.a(SourceFile:34)
	at java.base/java.util.stream.ReferencePipeline$7$1.accept(ReferencePipeline.java:271)
	at java.base/java.util.ArrayList$ArrayListSpliterator.tryAdvance(ArrayList.java:1632)
	at java.base/java.util.stream.ReferencePipeline.forEachWithCancel(ReferencePipeline.java:127)
	at java.base/java.util.stream.AbstractPipeline.copyIntoWithCancel(AbstractPipeline.java:502)
	at java.base/java.util.stream.AbstractPipeline.copyInto(AbstractPipeline.java:488)
	at java.base/java.util.stream.AbstractPipeline.wrapAndCopyInto(AbstractPipeline.java:474)
	at java.base/java.util.stream.ReduceOps$ReduceOp.evaluateSequential(ReduceOps.java:913)
	at java.base/java.util.stream.AbstractPipeline.evaluate(AbstractPipeline.java:234)
	at java.base/java.util.stream.ReferencePipeline.collect(ReferencePipeline.java:578)
	at com.diffblue.cover.h.z.a(SourceFile:96)
	at com.diffblue.fuzztest.d.f.a(SourceFile:33)
	at com.diffblue.fuzztest.b.a.d.a(SourceFile:493)
	at com.diffblue.fuzztest.b.a.d.a(SourceFile:470)
	at com.diffblue.fuzztest.b.a.d.a(SourceFile:402)
	at com.diffblue.fuzztest.b.a.d.d(SourceFile:856)
	at com.diffblue.fuzztest.b.a.d.a(SourceFile:160)
	at com.diffblue.fuzztest.b.a.d.a(SourceFile:123)
	at com.diffblue.fuzztest.b.f.a(SourceFile:564)
	at com.diffblue.fuzztest.b.f.a(SourceFile:292)
	at com.diffblue.fuzztest.b.f.b(SourceFile:377)
	at com.diffblue.fuzztest.g.ae.a(SourceFile:100)
	at com.diffblue.fuzztest.g.af.a(SourceFile:162)
	at com.diffblue.fuzztest.g.ae.a(SourceFile:193)
	at com.diffblue.fuzztest.g.e.r(SourceFile:499)
	at com.diffblue.cover.sandbox.execution.WorkerThread.lambda$callWorkerThread$3(SourceFile:164)
	at com.diffblue.cover.sandbox.execution.WorkerThread.run(SourceFile:265)
Caused by: java.lang.ClassNotFoundException: akka.pattern.CircuitBreaker$Open
	at java.base/java.net.URLClassLoader.findClass(URLClassLoader.java:476)
	at java.base/java.lang.ClassLoader.loadClass(ClassLoader.java:594)
	at com.diffblue.cover.launcher.FilteringClassLoader.loadClassBasedOnPolicy(FilteringClassLoader.java:72)
	at com.diffblue.cover.launcher.FilteringClassLoader.loadClass(FilteringClassLoader.java:60)
	at com.diffblue.cover.i.e.loadClass(SourceFile:67)
	at java.base/java.lang.Class.forName0(Native Method)
	at java.base/java.lang.Class.forName(Class.java:398)
	at com.diffblue.cover.commons.reflect.q.a(SourceFile:525)
	at com.diffblue.tir.h.a.f.a(SourceFile:67)
	... 41 common frames omitted
12:51:33.153 [DEBUG]  [Creating]    [analyzer-service:TimedExecutor-118][com.diffblue.fuzztest.d.s.c] Could not construct class type 'akka.pattern.CircuitBreaker$Open$'
com.diffblue.cover.exception.BaseException: Unable to load class
	at com.diffblue.tir.h.a.f.a(SourceFile:70)
	at com.diffblue.tir.h.a.f.c(SourceFile:92)
	at com.diffblue.fuzztest.d.s.c.a(SourceFile:290)
	at com.diffblue.fuzztest.d.s.c.a(SourceFile:157)
	at com.diffblue.fuzztest.d.s.c.c(SourceFile:103)
	at java.base/java.util.stream.ReferencePipeline$7$1.accept(ReferencePipeline.java:271)
	at java.base/java.util.ArrayList$ArrayListSpliterator.forEachRemaining(ArrayList.java:1655)
	at java.base/java.util.stream.AbstractPipeline.copyInto(AbstractPipeline.java:484)
	at java.base/java.util.stream.AbstractPipeline.wrapAndCopyInto(AbstractPipeline.java:474)
	at java.base/java.util.stream.ReduceOps$ReduceOp.evaluateSequential(ReduceOps.java:913)
	at java.base/java.util.stream.AbstractPipeline.evaluate(AbstractPipeline.java:234)
	at java.base/java.util.stream.ReferencePipeline.collect(ReferencePipeline.java:578)
	at com.diffblue.cover.h.z.a(SourceFile:96)
	at com.diffblue.cover.h.z.a(SourceFile:83)
	at com.diffblue.fuzztest.d.s.c.a(SourceFile:99)
	at com.diffblue.fuzztest.d.f.a(SourceFile:34)
	at java.base/java.util.stream.ReferencePipeline$7$1.accept(ReferencePipeline.java:271)
	at java.base/java.util.ArrayList$ArrayListSpliterator.tryAdvance(ArrayList.java:1632)
	at java.base/java.util.stream.ReferencePipeline.forEachWithCancel(ReferencePipeline.java:127)
	at java.base/java.util.stream.AbstractPipeline.copyIntoWithCancel(AbstractPipeline.java:502)
	at java.base/java.util.stream.AbstractPipeline.copyInto(AbstractPipeline.java:488)
	at java.base/java.util.stream.AbstractPipeline.wrapAndCopyInto(AbstractPipeline.java:474)
	at java.base/java.util.stream.ReduceOps$ReduceOp.evaluateSequential(ReduceOps.java:913)
	at java.base/java.util.stream.AbstractPipeline.evaluate(AbstractPipeline.java:234)
	at java.base/java.util.stream.ReferencePipeline.collect(ReferencePipeline.java:578)
	at com.diffblue.cover.h.z.a(SourceFile:96)
	at com.diffblue.fuzztest.d.f.a(SourceFile:33)
	at com.diffblue.fuzztest.b.a.d.a(SourceFile:493)
	at com.diffblue.fuzztest.b.a.d.a(SourceFile:470)
	at com.diffblue.fuzztest.b.a.d.a(SourceFile:402)
	at com.diffblue.fuzztest.b.a.d.d(SourceFile:856)
	at com.diffblue.fuzztest.b.a.d.a(SourceFile:160)
	at com.diffblue.fuzztest.b.a.d.a(SourceFile:123)
	at com.diffblue.fuzztest.b.f.a(SourceFile:564)
	at com.diffblue.fuzztest.b.f.a(SourceFile:292)
	at com.diffblue.fuzztest.b.f.b(SourceFile:377)
	at com.diffblue.fuzztest.g.ae.a(SourceFile:100)
	at com.diffblue.fuzztest.g.af.a(SourceFile:162)
	at com.diffblue.fuzztest.g.ae.a(SourceFile:193)
	at com.diffblue.fuzztest.g.e.r(SourceFile:499)
	at com.diffblue.cover.sandbox.execution.WorkerThread.lambda$callWorkerThread$3(SourceFile:164)
	at com.diffblue.cover.sandbox.execution.WorkerThread.run(SourceFile:265)
Caused by: java.lang.ClassNotFoundException: akka.pattern.CircuitBreaker$Open
	at java.base/java.net.URLClassLoader.findClass(URLClassLoader.java:476)
	at java.base/java.lang.ClassLoader.loadClass(ClassLoader.java:594)
	at com.diffblue.cover.launcher.FilteringClassLoader.loadClassBasedOnPolicy(FilteringClassLoader.java:72)
	at com.diffblue.cover.launcher.FilteringClassLoader.loadClass(FilteringClassLoader.java:60)
	at com.diffblue.cover.i.e.loadClass(SourceFile:67)
	at java.base/java.lang.Class.forName0(Native Method)
	at java.base/java.lang.Class.forName(Class.java:398)
	at com.diffblue.cover.commons.reflect.q.a(SourceFile:525)
	at com.diffblue.tir.h.a.f.a(SourceFile:67)
	... 41 common frames omitted
12:51:33.154 [DEBUG]  [Creating]    [analyzer-service:TimedExecutor-118][com.diffblue.fuzztest.d.s.c] Could not construct class type 'akka.pattern.CircuitBreaker$Open$'
com.diffblue.cover.exception.BaseException: Unable to load class
	at com.diffblue.tir.h.a.f.a(SourceFile:70)
	at com.diffblue.tir.h.a.f.c(SourceFile:92)
	at com.diffblue.fuzztest.d.s.c.b(SourceFile:274)
	at com.diffblue.fuzztest.d.s.c.a(SourceFile:160)
	at com.diffblue.fuzztest.d.s.c.c(SourceFile:103)
	at java.base/java.util.stream.ReferencePipeline$7$1.accept(ReferencePipeline.java:271)
	at java.base/java.util.ArrayList$ArrayListSpliterator.forEachRemaining(ArrayList.java:1655)
	at java.base/java.util.stream.AbstractPipeline.copyInto(AbstractPipeline.java:484)
	at java.base/java.util.stream.AbstractPipeline.wrapAndCopyInto(AbstractPipeline.java:474)
	at java.base/java.util.stream.ReduceOps$ReduceOp.evaluateSequential(ReduceOps.java:913)
	at java.base/java.util.stream.AbstractPipeline.evaluate(AbstractPipeline.java:234)
	at java.base/java.util.stream.ReferencePipeline.collect(ReferencePipeline.java:578)
	at com.diffblue.cover.h.z.a(SourceFile:96)
	at com.diffblue.cover.h.z.a(SourceFile:83)
	at com.diffblue.fuzztest.d.s.c.a(SourceFile:99)
	at com.diffblue.fuzztest.d.f.a(SourceFile:34)
	at java.base/java.util.stream.ReferencePipeline$7$1.accept(ReferencePipeline.java:271)
	at java.base/java.util.ArrayList$ArrayListSpliterator.tryAdvance(ArrayList.java:1632)
	at java.base/java.util.stream.ReferencePipeline.forEachWithCancel(ReferencePipeline.java:127)
	at java.base/java.util.stream.AbstractPipeline.copyIntoWithCancel(AbstractPipeline.java:502)
	at java.base/java.util.stream.AbstractPipeline.copyInto(AbstractPipeline.java:488)
	at java.base/java.util.stream.AbstractPipeline.wrapAndCopyInto(AbstractPipeline.java:474)
	at java.base/java.util.stream.ReduceOps$ReduceOp.evaluateSequential(ReduceOps.java:913)
	at java.base/java.util.stream.AbstractPipeline.evaluate(AbstractPipeline.java:234)
	at java.base/java.util.stream.ReferencePipeline.collect(ReferencePipeline.java:578)
	at com.diffblue.cover.h.z.a(SourceFile:96)
	at com.diffblue.fuzztest.d.f.a(SourceFile:33)
	at com.diffblue.fuzztest.b.a.d.a(SourceFile:493)
	at com.diffblue.fuzztest.b.a.d.a(SourceFile:470)
	at com.diffblue.fuzztest.b.a.d.a(SourceFile:402)
	at com.diffblue.fuzztest.b.a.d.d(SourceFile:856)
	at com.diffblue.fuzztest.b.a.d.a(SourceFile:160)
	at com.diffblue.fuzztest.b.a.d.a(SourceFile:123)
	at com.diffblue.fuzztest.b.f.a(SourceFile:564)
	at com.diffblue.fuzztest.b.f.a(SourceFile:292)
	at com.diffblue.fuzztest.b.f.b(SourceFile:377)
	at com.diffblue.fuzztest.g.ae.a(SourceFile:100)
	at com.diffblue.fuzztest.g.af.a(SourceFile:162)
	at com.diffblue.fuzztest.g.ae.a(SourceFile:193)
	at com.diffblue.fuzztest.g.e.r(SourceFile:499)
	at com.diffblue.cover.sandbox.execution.WorkerThread.lambda$callWorkerThread$3(SourceFile:164)
	at com.diffblue.cover.sandbox.execution.WorkerThread.run(SourceFile:265)
Caused by: java.lang.ClassNotFoundException: akka.pattern.CircuitBreaker$Open
	at java.base/java.net.URLClassLoader.findClass(URLClassLoader.java:476)
	at java.base/java.lang.ClassLoader.loadClass(ClassLoader.java:594)
	at com.diffblue.cover.launcher.FilteringClassLoader.loadClassBasedOnPolicy(FilteringClassLoader.java:72)
	at com.diffblue.cover.launcher.FilteringClassLoader.loadClass(FilteringClassLoader.java:60)
	at com.diffblue.cover.i.e.loadClass(SourceFile:67)
	at java.base/java.lang.Class.forName0(Native Method)
	at java.base/java.lang.Class.forName(Class.java:398)
	at com.diffblue.cover.commons.reflect.q.a(SourceFile:525)
	at com.diffblue.tir.h.a.f.a(SourceFile:67)
	... 41 common frames omitted
12:51:33.964 [DEBUG]  [Creating]    [analyzer-service:TimedExecutor-118][com.diffblue.cover.service.analyzer.a.c] Watchdog reset
12:51:33.992 [DEBUG]  [Creating]    [analyzer-service:TimedExecutor-118][com.diffblue.fuzztest.d.s.c] Could not construct class type 'akka.pattern.CircuitBreaker$Open$'
com.diffblue.cover.exception.BaseException: Unable to load class
	at com.diffblue.tir.h.a.f.a(SourceFile:70)
	at com.diffblue.tir.h.a.f.c(SourceFile:92)
	at com.diffblue.fuzztest.d.s.c.a(SourceFile:290)
	at com.diffblue.fuzztest.d.s.c.a(SourceFile:157)
	at com.diffblue.fuzztest.d.s.c.c(SourceFile:103)
	at java.base/java.util.stream.ReferencePipeline$7$1.accept(ReferencePipeline.java:271)
	at java.base/java.util.ArrayList$ArrayListSpliterator.forEachRemaining(ArrayList.java:1655)
	at java.base/java.util.stream.AbstractPipeline.copyInto(AbstractPipeline.java:484)
	at java.base/java.util.stream.AbstractPipeline.wrapAndCopyInto(AbstractPipeline.java:474)
	at java.base/java.util.stream.ReduceOps$ReduceOp.evaluateSequential(ReduceOps.java:913)
	at java.base/java.util.stream.AbstractPipeline.evaluate(AbstractPipeline.java:234)
	at java.base/java.util.stream.ReferencePipeline.collect(ReferencePipeline.java:578)
	at com.diffblue.cover.h.z.a(SourceFile:96)
	at com.diffblue.cover.h.z.a(SourceFile:83)
	at com.diffblue.fuzztest.d.s.c.a(SourceFile:99)
	at com.diffblue.fuzztest.d.f.a(SourceFile:34)
	at java.base/java.util.stream.ReferencePipeline$7$1.accept(ReferencePipeline.java:271)
	at java.base/java.util.ArrayList$ArrayListSpliterator.tryAdvance(ArrayList.java:1632)
	at java.base/java.util.stream.ReferencePipeline.forEachWithCancel(ReferencePipeline.java:127)
	at java.base/java.util.stream.AbstractPipeline.copyIntoWithCancel(AbstractPipeline.java:502)
	at java.base/java.util.stream.AbstractPipeline.copyInto(AbstractPipeline.java:488)
	at java.base/java.util.stream.AbstractPipeline.wrapAndCopyInto(AbstractPipeline.java:474)
	at java.base/java.util.stream.ReduceOps$ReduceOp.evaluateSequential(ReduceOps.java:913)
	at java.base/java.util.stream.AbstractPipeline.evaluate(AbstractPipeline.java:234)
	at java.base/java.util.stream.ReferencePipeline.collect(ReferencePipeline.java:578)
	at com.diffblue.cover.h.z.a(SourceFile:96)
	at com.diffblue.fuzztest.d.f.a(SourceFile:33)
	at com.diffblue.fuzztest.b.a.d.a(SourceFile:493)
	at com.diffblue.fuzztest.b.a.d.a(SourceFile:470)
	at com.diffblue.fuzztest.b.a.d.a(SourceFile:402)
	at com.diffblue.fuzztest.b.a.d.d(SourceFile:856)
	at com.diffblue.fuzztest.b.a.d.a(SourceFile:160)
	at com.diffblue.fuzztest.b.a.d.a(SourceFile:123)
	at com.diffblue.fuzztest.b.f.a(SourceFile:564)
	at com.diffblue.fuzztest.b.f.a(SourceFile:292)
	at com.diffblue.fuzztest.b.f.b(SourceFile:377)
	at com.diffblue.fuzztest.g.ae.a(SourceFile:100)
	at com.diffblue.fuzztest.g.af.a(SourceFile:162)
	at com.diffblue.fuzztest.g.ae.a(SourceFile:193)
	at com.diffblue.fuzztest.g.e.r(SourceFile:499)
	at com.diffblue.cover.sandbox.execution.WorkerThread.lambda$callWorkerThread$3(SourceFile:164)
	at com.diffblue.cover.sandbox.execution.WorkerThread.run(SourceFile:265)
Caused by: java.lang.ClassNotFoundException: akka.pattern.CircuitBreaker$Open
	at java.base/java.net.URLClassLoader.findClass(URLClassLoader.java:476)
	at java.base/java.lang.ClassLoader.loadClass(ClassLoader.java:594)
	at com.diffblue.cover.launcher.FilteringClassLoader.loadClassBasedOnPolicy(FilteringClassLoader.java:72)
	at com.diffblue.cover.launcher.FilteringClassLoader.loadClass(FilteringClassLoader.java:60)
	at com.diffblue.cover.i.e.loadClass(SourceFile:67)
	at java.base/java.lang.Class.forName0(Native Method)
	at java.base/java.lang.Class.forName(Class.java:398)
	at com.diffblue.cover.commons.reflect.q.a(SourceFile:525)
	at com.diffblue.tir.h.a.f.a(SourceFile:67)
	... 41 common frames omitted
12:51:33.992 [DEBUG]  [Creating]    [analyzer-service:TimedExecutor-118][com.diffblue.fuzztest.d.s.c] Could not construct class type 'akka.pattern.CircuitBreaker$Open$'
com.diffblue.cover.exception.BaseException: Unable to load class
	at com.diffblue.tir.h.a.f.a(SourceFile:70)
	at com.diffblue.tir.h.a.f.c(SourceFile:92)
	at com.diffblue.fuzztest.d.s.c.b(SourceFile:274)
	at com.diffblue.fuzztest.d.s.c.a(SourceFile:160)
	at com.diffblue.fuzztest.d.s.c.c(SourceFile:103)
	at java.base/java.util.stream.ReferencePipeline$7$1.accept(ReferencePipeline.java:271)
	at java.base/java.util.ArrayList$ArrayListSpliterator.forEachRemaining(ArrayList.java:1655)
	at java.base/java.util.stream.AbstractPipeline.copyInto(AbstractPipeline.java:484)
	at java.base/java.util.stream.AbstractPipeline.wrapAndCopyInto(AbstractPipeline.java:474)
	at java.base/java.util.stream.ReduceOps$ReduceOp.evaluateSequential(ReduceOps.java:913)
	at java.base/java.util.stream.AbstractPipeline.evaluate(AbstractPipeline.java:234)
	at java.base/java.util.stream.ReferencePipeline.collect(ReferencePipeline.java:578)
	at com.diffblue.cover.h.z.a(SourceFile:96)
	at com.diffblue.cover.h.z.a(SourceFile:83)
	at com.diffblue.fuzztest.d.s.c.a(SourceFile:99)
	at com.diffblue.fuzztest.d.f.a(SourceFile:34)
	at java.base/java.util.stream.ReferencePipeline$7$1.accept(ReferencePipeline.java:271)
	at java.base/java.util.ArrayList$ArrayListSpliterator.tryAdvance(ArrayList.java:1632)
	at java.base/java.util.stream.ReferencePipeline.forEachWithCancel(ReferencePipeline.java:127)
	at java.base/java.util.stream.AbstractPipeline.copyIntoWithCancel(AbstractPipeline.java:502)
	at java.base/java.util.stream.AbstractPipeline.copyInto(AbstractPipeline.java:488)
	at java.base/java.util.stream.AbstractPipeline.wrapAndCopyInto(AbstractPipeline.java:474)
	at java.base/java.util.stream.ReduceOps$ReduceOp.evaluateSequential(ReduceOps.java:913)
	at java.base/java.util.stream.AbstractPipeline.evaluate(AbstractPipeline.java:234)
	at java.base/java.util.stream.ReferencePipeline.collect(ReferencePipeline.java:578)
	at com.diffblue.cover.h.z.a(SourceFile:96)
	at com.diffblue.fuzztest.d.f.a(SourceFile:33)
	at com.diffblue.fuzztest.b.a.d.a(SourceFile:493)
	at com.diffblue.fuzztest.b.a.d.a(SourceFile:470)
	at com.diffblue.fuzztest.b.a.d.a(SourceFile:402)
	at com.diffblue.fuzztest.b.a.d.d(SourceFile:856)
	at com.diffblue.fuzztest.b.a.d.a(SourceFile:160)
	at com.diffblue.fuzztest.b.a.d.a(SourceFile:123)
	at com.diffblue.fuzztest.b.f.a(SourceFile:564)
	at com.diffblue.fuzztest.b.f.a(SourceFile:292)
	at com.diffblue.fuzztest.b.f.b(SourceFile:377)
	at com.diffblue.fuzztest.g.ae.a(SourceFile:100)
	at com.diffblue.fuzztest.g.af.a(SourceFile:162)
	at com.diffblue.fuzztest.g.ae.a(SourceFile:193)
	at com.diffblue.fuzztest.g.e.r(SourceFile:499)
	at com.diffblue.cover.sandbox.execution.WorkerThread.lambda$callWorkerThread$3(SourceFile:164)
	at com.diffblue.cover.sandbox.execution.WorkerThread.run(SourceFile:265)
Caused by: java.lang.ClassNotFoundException: akka.pattern.CircuitBreaker$Open
	at java.base/java.net.URLClassLoader.findClass(URLClassLoader.java:476)
	at java.base/java.lang.ClassLoader.loadClass(ClassLoader.java:594)
	at com.diffblue.cover.launcher.FilteringClassLoader.loadClassBasedOnPolicy(FilteringClassLoader.java:72)
	at com.diffblue.cover.launcher.FilteringClassLoader.loadClass(FilteringClassLoader.java:60)
	at com.diffblue.cover.i.e.loadClass(SourceFile:67)
	at java.base/java.lang.Class.forName0(Native Method)
	at java.base/java.lang.Class.forName(Class.java:398)
	at com.diffblue.cover.commons.reflect.q.a(SourceFile:525)
	at com.diffblue.tir.h.a.f.a(SourceFile:67)
	... 41 common frames omitted
12:51:34.001 [DEBUG]  [Creating]    [analyzer-service:TimedExecutor-118][com.diffblue.fuzztest.d.s.c] Could not construct class type 'akka.pattern.CircuitBreaker$Open$'
com.diffblue.cover.exception.BaseException: Unable to load class
	at com.diffblue.tir.h.a.f.a(SourceFile:70)
	at com.diffblue.tir.h.a.f.c(SourceFile:92)
	at com.diffblue.fuzztest.d.s.c.a(SourceFile:290)
	at com.diffblue.fuzztest.d.s.c.a(SourceFile:157)
	at com.diffblue.fuzztest.d.s.c.c(SourceFile:103)
	at java.base/java.util.stream.ReferencePipeline$7$1.accept(ReferencePipeline.java:271)
	at java.base/java.util.ArrayList$ArrayListSpliterator.forEachRemaining(ArrayList.java:1655)
	at java.base/java.util.stream.AbstractPipeline.copyInto(AbstractPipeline.java:484)
	at java.base/java.util.stream.AbstractPipeline.wrapAndCopyInto(AbstractPipeline.java:474)
	at java.base/java.util.stream.ReduceOps$ReduceOp.evaluateSequential(ReduceOps.java:913)
	at java.base/java.util.stream.AbstractPipeline.evaluate(AbstractPipeline.java:234)
	at java.base/java.util.stream.ReferencePipeline.collect(ReferencePipeline.java:578)
	at com.diffblue.cover.h.z.a(SourceFile:96)
	at com.diffblue.cover.h.z.a(SourceFile:83)
	at com.diffblue.fuzztest.d.s.c.a(SourceFile:99)
	at com.diffblue.fuzztest.d.f.a(SourceFile:34)
	at java.base/java.util.stream.ReferencePipeline$7$1.accept(ReferencePipeline.java:271)
	at java.base/java.util.ArrayList$ArrayListSpliterator.tryAdvance(ArrayList.java:1632)
	at java.base/java.util.stream.ReferencePipeline.forEachWithCancel(ReferencePipeline.java:127)
	at java.base/java.util.stream.AbstractPipeline.copyIntoWithCancel(AbstractPipeline.java:502)
	at java.base/java.util.stream.AbstractPipeline.copyInto(AbstractPipeline.java:488)
	at java.base/java.util.stream.AbstractPipeline.wrapAndCopyInto(AbstractPipeline.java:474)
	at java.base/java.util.stream.ReduceOps$ReduceOp.evaluateSequential(ReduceOps.java:913)
	at java.base/java.util.stream.AbstractPipeline.evaluate(AbstractPipeline.java:234)
	at java.base/java.util.stream.ReferencePipeline.collect(ReferencePipeline.java:578)
	at com.diffblue.cover.h.z.a(SourceFile:96)
	at com.diffblue.fuzztest.d.f.a(SourceFile:33)
	at com.diffblue.fuzztest.b.a.d.a(SourceFile:493)
	at com.diffblue.fuzztest.b.a.d.a(SourceFile:470)
	at com.diffblue.fuzztest.b.a.d.a(SourceFile:402)
	at com.diffblue.fuzztest.b.a.d.d(SourceFile:856)
	at com.diffblue.fuzztest.b.a.d.a(SourceFile:160)
	at com.diffblue.fuzztest.b.a.d.a(SourceFile:123)
	at com.diffblue.fuzztest.b.f.a(SourceFile:564)
	at com.diffblue.fuzztest.b.f.a(SourceFile:292)
	at com.diffblue.fuzztest.b.f.b(SourceFile:377)
	at com.diffblue.fuzztest.g.ae.a(SourceFile:100)
	at com.diffblue.fuzztest.g.af.a(SourceFile:162)
	at com.diffblue.fuzztest.g.ae.a(SourceFile:193)
	at com.diffblue.fuzztest.g.e.r(SourceFile:499)
	at com.diffblue.cover.sandbox.execution.WorkerThread.lambda$callWorkerThread$3(SourceFile:164)
	at com.diffblue.cover.sandbox.execution.WorkerThread.run(SourceFile:265)
Caused by: java.lang.ClassNotFoundException: akka.pattern.CircuitBreaker$Open
	at java.base/java.net.URLClassLoader.findClass(URLClassLoader.java:476)
	at java.base/java.lang.ClassLoader.loadClass(ClassLoader.java:594)
	at com.diffblue.cover.launcher.FilteringClassLoader.loadClassBasedOnPolicy(FilteringClassLoader.java:72)
	at com.diffblue.cover.launcher.FilteringClassLoader.loadClass(FilteringClassLoader.java:60)
	at com.diffblue.cover.i.e.loadClass(SourceFile:67)
	at java.base/java.lang.Class.forName0(Native Method)
	at java.base/java.lang.Class.forName(Class.java:398)
	at com.diffblue.cover.commons.reflect.q.a(SourceFile:525)
	at com.diffblue.tir.h.a.f.a(SourceFile:67)
	... 41 common frames omitted
12:51:34.002 [DEBUG]  [Creating]    [analyzer-service:TimedExecutor-118][com.diffblue.fuzztest.d.s.c] Could not construct class type 'akka.pattern.CircuitBreaker$Open$'
com.diffblue.cover.exception.BaseException: Unable to load class
	at com.diffblue.tir.h.a.f.a(SourceFile:70)
	at com.diffblue.tir.h.a.f.c(SourceFile:92)
	at com.diffblue.fuzztest.d.s.c.b(SourceFile:274)
	at com.diffblue.fuzztest.d.s.c.a(SourceFile:160)
	at com.diffblue.fuzztest.d.s.c.c(SourceFile:103)
	at java.base/java.util.stream.ReferencePipeline$7$1.accept(ReferencePipeline.java:271)
	at java.base/java.util.ArrayList$ArrayListSpliterator.forEachRemaining(ArrayList.java:1655)
	at java.base/java.util.stream.AbstractPipeline.copyInto(AbstractPipeline.java:484)
	at java.base/java.util.stream.AbstractPipeline.wrapAndCopyInto(AbstractPipeline.java:474)
	at java.base/java.util.stream.ReduceOps$ReduceOp.evaluateSequential(ReduceOps.java:913)
	at java.base/java.util.stream.AbstractPipeline.evaluate(AbstractPipeline.java:234)
	at java.base/java.util.stream.ReferencePipeline.collect(ReferencePipeline.java:578)
	at com.diffblue.cover.h.z.a(SourceFile:96)
	at com.diffblue.cover.h.z.a(SourceFile:83)
	at com.diffblue.fuzztest.d.s.c.a(SourceFile:99)
	at com.diffblue.fuzztest.d.f.a(SourceFile:34)
	at java.base/java.util.stream.ReferencePipeline$7$1.accept(ReferencePipeline.java:271)
	at java.base/java.util.ArrayList$ArrayListSpliterator.tryAdvance(ArrayList.java:1632)
	at java.base/java.util.stream.ReferencePipeline.forEachWithCancel(ReferencePipeline.java:127)
	at java.base/java.util.stream.AbstractPipeline.copyIntoWithCancel(AbstractPipeline.java:502)
	at java.base/java.util.stream.AbstractPipeline.copyInto(AbstractPipeline.java:488)
	at java.base/java.util.stream.AbstractPipeline.wrapAndCopyInto(AbstractPipeline.java:474)
	at java.base/java.util.stream.ReduceOps$ReduceOp.evaluateSequential(ReduceOps.java:913)
	at java.base/java.util.stream.AbstractPipeline.evaluate(AbstractPipeline.java:234)
	at java.base/java.util.stream.ReferencePipeline.collect(ReferencePipeline.java:578)
	at com.diffblue.cover.h.z.a(SourceFile:96)
	at com.diffblue.fuzztest.d.f.a(SourceFile:33)
	at com.diffblue.fuzztest.b.a.d.a(SourceFile:493)
	at com.diffblue.fuzztest.b.a.d.a(SourceFile:470)
	at com.diffblue.fuzztest.b.a.d.a(SourceFile:402)
	at com.diffblue.fuzztest.b.a.d.d(SourceFile:856)
	at com.diffblue.fuzztest.b.a.d.a(SourceFile:160)
	at com.diffblue.fuzztest.b.a.d.a(SourceFile:123)
	at com.diffblue.fuzztest.b.f.a(SourceFile:564)
	at com.diffblue.fuzztest.b.f.a(SourceFile:292)
	at com.diffblue.fuzztest.b.f.b(SourceFile:377)
	at com.diffblue.fuzztest.g.ae.a(SourceFile:100)
	at com.diffblue.fuzztest.g.af.a(SourceFile:162)
	at com.diffblue.fuzztest.g.ae.a(SourceFile:193)
	at com.diffblue.fuzztest.g.e.r(SourceFile:499)
	at com.diffblue.cover.sandbox.execution.WorkerThread.lambda$callWorkerThread$3(SourceFile:164)
	at com.diffblue.cover.sandbox.execution.WorkerThread.run(SourceFile:265)
Caused by: java.lang.ClassNotFoundException: akka.pattern.CircuitBreaker$Open
	at java.base/java.net.URLClassLoader.findClass(URLClassLoader.java:476)
	at java.base/java.lang.ClassLoader.loadClass(ClassLoader.java:594)
	at com.diffblue.cover.launcher.FilteringClassLoader.loadClassBasedOnPolicy(FilteringClassLoader.java:72)
	at com.diffblue.cover.launcher.FilteringClassLoader.loadClass(FilteringClassLoader.java:60)
	at com.diffblue.cover.i.e.loadClass(SourceFile:67)
	at java.base/java.lang.Class.forName0(Native Method)
	at java.base/java.lang.Class.forName(Class.java:398)
	at com.diffblue.cover.commons.reflect.q.a(SourceFile:525)
	at com.diffblue.tir.h.a.f.a(SourceFile:67)
	... 41 common frames omitted
12:51:34.846 [DEBUG]  [Creating]    [analyzer-service:TimedExecutor-118][com.diffblue.cover.service.analyzer.a.c] Watchdog reset
12:51:34.881 [DEBUG]  [Creating]    [analyzer-service:TimedExecutor-118][com.diffblue.fuzztest.d.s.c] Could not construct class type 'akka.pattern.CircuitBreaker$Open$'
com.diffblue.cover.exception.BaseException: Unable to load class
	at com.diffblue.tir.h.a.f.a(SourceFile:70)
	at com.diffblue.tir.h.a.f.c(SourceFile:92)
	at com.diffblue.fuzztest.d.s.c.a(SourceFile:290)
	at com.diffblue.fuzztest.d.s.c.a(SourceFile:157)
	at com.diffblue.fuzztest.d.s.c.c(SourceFile:103)
	at java.base/java.util.stream.ReferencePipeline$7$1.accept(ReferencePipeline.java:271)
	at java.base/java.util.ArrayList$ArrayListSpliterator.forEachRemaining(ArrayList.java:1655)
	at java.base/java.util.stream.AbstractPipeline.copyInto(AbstractPipeline.java:484)
	at java.base/java.util.stream.AbstractPipeline.wrapAndCopyInto(AbstractPipeline.java:474)
	at java.base/java.util.stream.ReduceOps$ReduceOp.evaluateSequential(ReduceOps.java:913)
	at java.base/java.util.stream.AbstractPipeline.evaluate(AbstractPipeline.java:234)
	at java.base/java.util.stream.ReferencePipeline.collect(ReferencePipeline.java:578)
	at com.diffblue.cover.h.z.a(SourceFile:96)
	at com.diffblue.cover.h.z.a(SourceFile:83)
	at com.diffblue.fuzztest.d.s.c.a(SourceFile:99)
	at com.diffblue.fuzztest.d.f.a(SourceFile:34)
	at java.base/java.util.stream.ReferencePipeline$7$1.accept(ReferencePipeline.java:271)
	at java.base/java.util.ArrayList$ArrayListSpliterator.tryAdvance(ArrayList.java:1632)
	at java.base/java.util.stream.ReferencePipeline.forEachWithCancel(ReferencePipeline.java:127)
	at java.base/java.util.stream.AbstractPipeline.copyIntoWithCancel(AbstractPipeline.java:502)
	at java.base/java.util.stream.AbstractPipeline.copyInto(AbstractPipeline.java:488)
	at java.base/java.util.stream.AbstractPipeline.wrapAndCopyInto(AbstractPipeline.java:474)
	at java.base/java.util.stream.ReduceOps$ReduceOp.evaluateSequential(ReduceOps.java:913)
	at java.base/java.util.stream.AbstractPipeline.evaluate(AbstractPipeline.java:234)
	at java.base/java.util.stream.ReferencePipeline.collect(ReferencePipeline.java:578)
	at com.diffblue.cover.h.z.a(SourceFile:96)
	at com.diffblue.fuzztest.d.f.a(SourceFile:33)
	at com.diffblue.fuzztest.b.a.d.a(SourceFile:493)
	at com.diffblue.fuzztest.b.a.d.a(SourceFile:470)
	at com.diffblue.fuzztest.b.a.d.a(SourceFile:402)
	at com.diffblue.fuzztest.b.a.d.d(SourceFile:856)
	at com.diffblue.fuzztest.b.a.d.a(SourceFile:160)
	at com.diffblue.fuzztest.b.a.d.a(SourceFile:123)
	at com.diffblue.fuzztest.b.f.a(SourceFile:564)
	at com.diffblue.fuzztest.b.f.a(SourceFile:292)
	at com.diffblue.fuzztest.b.f.b(SourceFile:377)
	at com.diffblue.fuzztest.g.ae.a(SourceFile:100)
	at com.diffblue.fuzztest.g.af.a(SourceFile:162)
	at com.diffblue.fuzztest.g.ae.a(SourceFile:193)
	at com.diffblue.fuzztest.g.e.r(SourceFile:499)
	at com.diffblue.cover.sandbox.execution.WorkerThread.lambda$callWorkerThread$3(SourceFile:164)
	at com.diffblue.cover.sandbox.execution.WorkerThread.run(SourceFile:265)
Caused by: java.lang.ClassNotFoundException: akka.pattern.CircuitBreaker$Open
	at java.base/java.net.URLClassLoader.findClass(URLClassLoader.java:476)
	at java.base/java.lang.ClassLoader.loadClass(ClassLoader.java:594)
	at com.diffblue.cover.launcher.FilteringClassLoader.loadClassBasedOnPolicy(FilteringClassLoader.java:72)
	at com.diffblue.cover.launcher.FilteringClassLoader.loadClass(FilteringClassLoader.java:60)
	at com.diffblue.cover.i.e.loadClass(SourceFile:67)
	at java.base/java.lang.Class.forName0(Native Method)
	at java.base/java.lang.Class.forName(Class.java:398)
	at com.diffblue.cover.commons.reflect.q.a(SourceFile:525)
	at com.diffblue.tir.h.a.f.a(SourceFile:67)
	... 41 common frames omitted
12:51:34.882 [DEBUG]  [Creating]    [analyzer-service:TimedExecutor-118][com.diffblue.fuzztest.d.s.c] Could not construct class type 'akka.pattern.CircuitBreaker$Open$'
com.diffblue.cover.exception.BaseException: Unable to load class
	at com.diffblue.tir.h.a.f.a(SourceFile:70)
	at com.diffblue.tir.h.a.f.c(SourceFile:92)
	at com.diffblue.fuzztest.d.s.c.b(SourceFile:274)
	at com.diffblue.fuzztest.d.s.c.a(SourceFile:160)
	at com.diffblue.fuzztest.d.s.c.c(SourceFile:103)
	at java.base/java.util.stream.ReferencePipeline$7$1.accept(ReferencePipeline.java:271)
	at java.base/java.util.ArrayList$ArrayListSpliterator.forEachRemaining(ArrayList.java:1655)
	at java.base/java.util.stream.AbstractPipeline.copyInto(AbstractPipeline.java:484)
	at java.base/java.util.stream.AbstractPipeline.wrapAndCopyInto(AbstractPipeline.java:474)
	at java.base/java.util.stream.ReduceOps$ReduceOp.evaluateSequential(ReduceOps.java:913)
	at java.base/java.util.stream.AbstractPipeline.evaluate(AbstractPipeline.java:234)
	at java.base/java.util.stream.ReferencePipeline.collect(ReferencePipeline.java:578)
	at com.diffblue.cover.h.z.a(SourceFile:96)
	at com.diffblue.cover.h.z.a(SourceFile:83)
	at com.diffblue.fuzztest.d.s.c.a(SourceFile:99)
	at com.diffblue.fuzztest.d.f.a(SourceFile:34)
	at java.base/java.util.stream.ReferencePipeline$7$1.accept(ReferencePipeline.java:271)
	at java.base/java.util.ArrayList$ArrayListSpliterator.tryAdvance(ArrayList.java:1632)
	at java.base/java.util.stream.ReferencePipeline.forEachWithCancel(ReferencePipeline.java:127)
	at java.base/java.util.stream.AbstractPipeline.copyIntoWithCancel(AbstractPipeline.java:502)
	at java.base/java.util.stream.AbstractPipeline.copyInto(AbstractPipeline.java:488)
	at java.base/java.util.stream.AbstractPipeline.wrapAndCopyInto(AbstractPipeline.java:474)
	at java.base/java.util.stream.ReduceOps$ReduceOp.evaluateSequential(ReduceOps.java:913)
	at java.base/java.util.stream.AbstractPipeline.evaluate(AbstractPipeline.java:234)
	at java.base/java.util.stream.ReferencePipeline.collect(ReferencePipeline.java:578)
	at com.diffblue.cover.h.z.a(SourceFile:96)
	at com.diffblue.fuzztest.d.f.a(SourceFile:33)
	at com.diffblue.fuzztest.b.a.d.a(SourceFile:493)
	at com.diffblue.fuzztest.b.a.d.a(SourceFile:470)
	at com.diffblue.fuzztest.b.a.d.a(SourceFile:402)
	at com.diffblue.fuzztest.b.a.d.d(SourceFile:856)
	at com.diffblue.fuzztest.b.a.d.a(SourceFile:160)
	at com.diffblue.fuzztest.b.a.d.a(SourceFile:123)
	at com.diffblue.fuzztest.b.f.a(SourceFile:564)
	at com.diffblue.fuzztest.b.f.a(SourceFile:292)
	at com.diffblue.fuzztest.b.f.b(SourceFile:377)
	at com.diffblue.fuzztest.g.ae.a(SourceFile:100)
	at com.diffblue.fuzztest.g.af.a(SourceFile:162)
	at com.diffblue.fuzztest.g.ae.a(SourceFile:193)
	at com.diffblue.fuzztest.g.e.r(SourceFile:499)
	at com.diffblue.cover.sandbox.execution.WorkerThread.lambda$callWorkerThread$3(SourceFile:164)
	at com.diffblue.cover.sandbox.execution.WorkerThread.run(SourceFile:265)
Caused by: java.lang.ClassNotFoundException: akka.pattern.CircuitBreaker$Open
	at java.base/java.net.URLClassLoader.findClass(URLClassLoader.java:476)
	at java.base/java.lang.ClassLoader.loadClass(ClassLoader.java:594)
	at com.diffblue.cover.launcher.FilteringClassLoader.loadClassBasedOnPolicy(FilteringClassLoader.java:72)
	at com.diffblue.cover.launcher.FilteringClassLoader.loadClass(FilteringClassLoader.java:60)
	at com.diffblue.cover.i.e.loadClass(SourceFile:67)
	at java.base/java.lang.Class.forName0(Native Method)
	at java.base/java.lang.Class.forName(Class.java:398)
	at com.diffblue.cover.commons.reflect.q.a(SourceFile:525)
	at com.diffblue.tir.h.a.f.a(SourceFile:67)
	... 41 common frames omitted
12:51:34.894 [DEBUG]  [Creating]    [analyzer-service:TimedExecutor-118][com.diffblue.fuzztest.d.s.c] Could not construct class type 'akka.pattern.CircuitBreaker$Open$'
com.diffblue.cover.exception.BaseException: Unable to load class
	at com.diffblue.tir.h.a.f.a(SourceFile:70)
	at com.diffblue.tir.h.a.f.c(SourceFile:92)
	at com.diffblue.fuzztest.d.s.c.a(SourceFile:290)
	at com.diffblue.fuzztest.d.s.c.a(SourceFile:157)
	at com.diffblue.fuzztest.d.s.c.c(SourceFile:103)
	at java.base/java.util.stream.ReferencePipeline$7$1.accept(ReferencePipeline.java:271)
	at java.base/java.util.ArrayList$ArrayListSpliterator.forEachRemaining(ArrayList.java:1655)
	at java.base/java.util.stream.AbstractPipeline.copyInto(AbstractPipeline.java:484)
	at java.base/java.util.stream.AbstractPipeline.wrapAndCopyInto(AbstractPipeline.java:474)
	at java.base/java.util.stream.ReduceOps$ReduceOp.evaluateSequential(ReduceOps.java:913)
	at java.base/java.util.stream.AbstractPipeline.evaluate(AbstractPipeline.java:234)
	at java.base/java.util.stream.ReferencePipeline.collect(ReferencePipeline.java:578)
	at com.diffblue.cover.h.z.a(SourceFile:96)
	at com.diffblue.cover.h.z.a(SourceFile:83)
	at com.diffblue.fuzztest.d.s.c.a(SourceFile:99)
	at com.diffblue.fuzztest.d.f.a(SourceFile:34)
	at java.base/java.util.stream.ReferencePipeline$7$1.accept(ReferencePipeline.java:271)
	at java.base/java.util.ArrayList$ArrayListSpliterator.tryAdvance(ArrayList.java:1632)
	at java.base/java.util.stream.ReferencePipeline.forEachWithCancel(ReferencePipeline.java:127)
	at java.base/java.util.stream.AbstractPipeline.copyIntoWithCancel(AbstractPipeline.java:502)
	at java.base/java.util.stream.AbstractPipeline.copyInto(AbstractPipeline.java:488)
	at java.base/java.util.stream.AbstractPipeline.wrapAndCopyInto(AbstractPipeline.java:474)
	at java.base/java.util.stream.ReduceOps$ReduceOp.evaluateSequential(ReduceOps.java:913)
	at java.base/java.util.stream.AbstractPipeline.evaluate(AbstractPipeline.java:234)
	at java.base/java.util.stream.ReferencePipeline.collect(ReferencePipeline.java:578)
	at com.diffblue.cover.h.z.a(SourceFile:96)
	at com.diffblue.fuzztest.d.f.a(SourceFile:33)
	at com.diffblue.fuzztest.b.a.d.a(SourceFile:493)
	at com.diffblue.fuzztest.b.a.d.a(SourceFile:470)
	at com.diffblue.fuzztest.b.a.d.a(SourceFile:402)
	at com.diffblue.fuzztest.b.a.d.d(SourceFile:856)
	at com.diffblue.fuzztest.b.a.d.a(SourceFile:160)
	at com.diffblue.fuzztest.b.a.d.a(SourceFile:123)
	at com.diffblue.fuzztest.b.f.a(SourceFile:564)
	at com.diffblue.fuzztest.b.f.a(SourceFile:292)
	at com.diffblue.fuzztest.b.f.b(SourceFile:377)
	at com.diffblue.fuzztest.g.ae.a(SourceFile:100)
	at com.diffblue.fuzztest.g.af.a(SourceFile:162)
	at com.diffblue.fuzztest.g.ae.a(SourceFile:193)
	at com.diffblue.fuzztest.g.e.r(SourceFile:499)
	at com.diffblue.cover.sandbox.execution.WorkerThread.lambda$callWorkerThread$3(SourceFile:164)
	at com.diffblue.cover.sandbox.execution.WorkerThread.run(SourceFile:265)
Caused by: java.lang.ClassNotFoundException: akka.pattern.CircuitBreaker$Open
	at java.base/java.net.URLClassLoader.findClass(URLClassLoader.java:476)
	at java.base/java.lang.ClassLoader.loadClass(ClassLoader.java:594)
	at com.diffblue.cover.launcher.FilteringClassLoader.loadClassBasedOnPolicy(FilteringClassLoader.java:72)
	at com.diffblue.cover.launcher.FilteringClassLoader.loadClass(FilteringClassLoader.java:60)
	at com.diffblue.cover.i.e.loadClass(SourceFile:67)
	at java.base/java.lang.Class.forName0(Native Method)
	at java.base/java.lang.Class.forName(Class.java:398)
	at com.diffblue.cover.commons.reflect.q.a(SourceFile:525)
	at com.diffblue.tir.h.a.f.a(SourceFile:67)
	... 41 common frames omitted
12:51:34.894 [DEBUG]  [Creating]    [analyzer-service:TimedExecutor-118][com.diffblue.fuzztest.d.s.c] Could not construct class type 'akka.pattern.CircuitBreaker$Open$'
com.diffblue.cover.exception.BaseException: Unable to load class
	at com.diffblue.tir.h.a.f.a(SourceFile:70)
	at com.diffblue.tir.h.a.f.c(SourceFile:92)
	at com.diffblue.fuzztest.d.s.c.b(SourceFile:274)
	at com.diffblue.fuzztest.d.s.c.a(SourceFile:160)
	at com.diffblue.fuzztest.d.s.c.c(SourceFile:103)
	at java.base/java.util.stream.ReferencePipeline$7$1.accept(ReferencePipeline.java:271)
	at java.base/java.util.ArrayList$ArrayListSpliterator.forEachRemaining(ArrayList.java:1655)
	at java.base/java.util.stream.AbstractPipeline.copyInto(AbstractPipeline.java:484)
	at java.base/java.util.stream.AbstractPipeline.wrapAndCopyInto(AbstractPipeline.java:474)
	at java.base/java.util.stream.ReduceOps$ReduceOp.evaluateSequential(ReduceOps.java:913)
	at java.base/java.util.stream.AbstractPipeline.evaluate(AbstractPipeline.java:234)
	at java.base/java.util.stream.ReferencePipeline.collect(ReferencePipeline.java:578)
	at com.diffblue.cover.h.z.a(SourceFile:96)
	at com.diffblue.cover.h.z.a(SourceFile:83)
	at com.diffblue.fuzztest.d.s.c.a(SourceFile:99)
	at com.diffblue.fuzztest.d.f.a(SourceFile:34)
	at java.base/java.util.stream.ReferencePipeline$7$1.accept(ReferencePipeline.java:271)
	at java.base/java.util.ArrayList$ArrayListSpliterator.tryAdvance(ArrayList.java:1632)
	at java.base/java.util.stream.ReferencePipeline.forEachWithCancel(ReferencePipeline.java:127)
	at java.base/java.util.stream.AbstractPipeline.copyIntoWithCancel(AbstractPipeline.java:502)
	at java.base/java.util.stream.AbstractPipeline.copyInto(AbstractPipeline.java:488)
	at java.base/java.util.stream.AbstractPipeline.wrapAndCopyInto(AbstractPipeline.java:474)
	at java.base/java.util.stream.ReduceOps$ReduceOp.evaluateSequential(ReduceOps.java:913)
	at java.base/java.util.stream.AbstractPipeline.evaluate(AbstractPipeline.java:234)
	at java.base/java.util.stream.ReferencePipeline.collect(ReferencePipeline.java:578)
	at com.diffblue.cover.h.z.a(SourceFile:96)
	at com.diffblue.fuzztest.d.f.a(SourceFile:33)
	at com.diffblue.fuzztest.b.a.d.a(SourceFile:493)
	at com.diffblue.fuzztest.b.a.d.a(SourceFile:470)
	at com.diffblue.fuzztest.b.a.d.a(SourceFile:402)
	at com.diffblue.fuzztest.b.a.d.d(SourceFile:856)
	at com.diffblue.fuzztest.b.a.d.a(SourceFile:160)
	at com.diffblue.fuzztest.b.a.d.a(SourceFile:123)
	at com.diffblue.fuzztest.b.f.a(SourceFile:564)
	at com.diffblue.fuzztest.b.f.a(SourceFile:292)
	at com.diffblue.fuzztest.b.f.b(SourceFile:377)
	at com.diffblue.fuzztest.g.ae.a(SourceFile:100)
	at com.diffblue.fuzztest.g.af.a(SourceFile:162)
	at com.diffblue.fuzztest.g.ae.a(SourceFile:193)
	at com.diffblue.fuzztest.g.e.r(SourceFile:499)
	at com.diffblue.cover.sandbox.execution.WorkerThread.lambda$callWorkerThread$3(SourceFile:164)
	at com.diffblue.cover.sandbox.execution.WorkerThread.run(SourceFile:265)
Caused by: java.lang.ClassNotFoundException: akka.pattern.CircuitBreaker$Open
	at java.base/java.net.URLClassLoader.findClass(URLClassLoader.java:476)
	at java.base/java.lang.ClassLoader.loadClass(ClassLoader.java:594)
	at com.diffblue.cover.launcher.FilteringClassLoader.loadClassBasedOnPolicy(FilteringClassLoader.java:72)
	at com.diffblue.cover.launcher.FilteringClassLoader.loadClass(FilteringClassLoader.java:60)
	at com.diffblue.cover.i.e.loadClass(SourceFile:67)
	at java.base/java.lang.Class.forName0(Native Method)
	at java.base/java.lang.Class.forName(Class.java:398)
	at com.diffblue.cover.commons.reflect.q.a(SourceFile:525)
	at com.diffblue.tir.h.a.f.a(SourceFile:67)
	... 41 common frames omitted
12:51:34.977 [DEBUG]  [Creating]    [analyzer-service:TimedExecutor-118][com.diffblue.fuzztest.d.s.c] Could not construct class type 'akka.pattern.CircuitBreaker$Open$'
com.diffblue.cover.exception.BaseException: Unable to load class
	at com.diffblue.tir.h.a.f.a(SourceFile:70)
	at com.diffblue.tir.h.a.f.c(SourceFile:92)
	at com.diffblue.fuzztest.d.s.c.a(SourceFile:290)
	at com.diffblue.fuzztest.d.s.c.a(SourceFile:157)
	at com.diffblue.fuzztest.d.s.c.c(SourceFile:103)
	at java.base/java.util.stream.ReferencePipeline$7$1.accept(ReferencePipeline.java:271)
	at java.base/java.util.ArrayList$ArrayListSpliterator.forEachRemaining(ArrayList.java:1655)
	at java.base/java.util.stream.AbstractPipeline.copyInto(AbstractPipeline.java:484)
	at java.base/java.util.stream.AbstractPipeline.wrapAndCopyInto(AbstractPipeline.java:474)
	at java.base/java.util.stream.ReduceOps$ReduceOp.evaluateSequential(ReduceOps.java:913)
	at java.base/java.util.stream.AbstractPipeline.evaluate(AbstractPipeline.java:234)
	at java.base/java.util.stream.ReferencePipeline.collect(ReferencePipeline.java:578)
	at com.diffblue.cover.h.z.a(SourceFile:96)
	at com.diffblue.cover.h.z.a(SourceFile:83)
	at com.diffblue.fuzztest.d.s.c.a(SourceFile:99)
	at com.diffblue.fuzztest.d.f.a(SourceFile:34)
	at java.base/java.util.stream.ReferencePipeline$7$1.accept(ReferencePipeline.java:271)
	at java.base/java.util.ArrayList$ArrayListSpliterator.tryAdvance(ArrayList.java:1632)
	at java.base/java.util.stream.ReferencePipeline.forEachWithCancel(ReferencePipeline.java:127)
	at java.base/java.util.stream.AbstractPipeline.copyIntoWithCancel(AbstractPipeline.java:502)
	at java.base/java.util.stream.AbstractPipeline.copyInto(AbstractPipeline.java:488)
	at java.base/java.util.stream.AbstractPipeline.wrapAndCopyInto(AbstractPipeline.java:474)
	at java.base/java.util.stream.ReduceOps$ReduceOp.evaluateSequential(ReduceOps.java:913)
	at java.base/java.util.stream.AbstractPipeline.evaluate(AbstractPipeline.java:234)
	at java.base/java.util.stream.ReferencePipeline.collect(ReferencePipeline.java:578)
	at com.diffblue.cover.h.z.a(SourceFile:96)
	at com.diffblue.fuzztest.d.f.a(SourceFile:33)
	at com.diffblue.fuzztest.b.a.d.a(SourceFile:493)
	at com.diffblue.fuzztest.b.a.d.a(SourceFile:470)
	at com.diffblue.fuzztest.b.a.d.a(SourceFile:402)
	at com.diffblue.fuzztest.b.a.d.d(SourceFile:856)
	at com.diffblue.fuzztest.b.a.d.a(SourceFile:160)
	at com.diffblue.fuzztest.b.a.d.a(SourceFile:123)
	at com.diffblue.fuzztest.b.f.a(SourceFile:564)
	at com.diffblue.fuzztest.b.f.a(SourceFile:292)
	at com.diffblue.fuzztest.b.f.b(SourceFile:377)
	at com.diffblue.fuzztest.g.ae.a(SourceFile:100)
	at com.diffblue.fuzztest.g.af.a(SourceFile:162)
	at com.diffblue.fuzztest.g.ae.a(SourceFile:193)
	at com.diffblue.fuzztest.g.e.r(SourceFile:499)
	at com.diffblue.cover.sandbox.execution.WorkerThread.lambda$callWorkerThread$3(SourceFile:164)
	at com.diffblue.cover.sandbox.execution.WorkerThread.run(SourceFile:265)
Caused by: java.lang.ClassNotFoundException: akka.pattern.CircuitBreaker$Open
	at java.base/java.net.URLClassLoader.findClass(URLClassLoader.java:476)
	at java.base/java.lang.ClassLoader.loadClass(ClassLoader.java:594)
	at com.diffblue.cover.launcher.FilteringClassLoader.loadClassBasedOnPolicy(FilteringClassLoader.java:72)
	at com.diffblue.cover.launcher.FilteringClassLoader.loadClass(FilteringClassLoader.java:60)
	at com.diffblue.cover.i.e.loadClass(SourceFile:67)
	at java.base/java.lang.Class.forName0(Native Method)
	at java.base/java.lang.Class.forName(Class.java:398)
	at com.diffblue.cover.commons.reflect.q.a(SourceFile:525)
	at com.diffblue.tir.h.a.f.a(SourceFile:67)
	... 41 common frames omitted
12:51:34.978 [DEBUG]  [Creating]    [analyzer-service:TimedExecutor-118][com.diffblue.fuzztest.d.s.c] Could not construct class type 'akka.pattern.CircuitBreaker$Open$'
com.diffblue.cover.exception.BaseException: Unable to load class
	at com.diffblue.tir.h.a.f.a(SourceFile:70)
	at com.diffblue.tir.h.a.f.c(SourceFile:92)
	at com.diffblue.fuzztest.d.s.c.b(SourceFile:274)
	at com.diffblue.fuzztest.d.s.c.a(SourceFile:160)
	at com.diffblue.fuzztest.d.s.c.c(SourceFile:103)
	at java.base/java.util.stream.ReferencePipeline$7$1.accept(ReferencePipeline.java:271)
	at java.base/java.util.ArrayList$ArrayListSpliterator.forEachRemaining(ArrayList.java:1655)
	at java.base/java.util.stream.AbstractPipeline.copyInto(AbstractPipeline.java:484)
	at java.base/java.util.stream.AbstractPipeline.wrapAndCopyInto(AbstractPipeline.java:474)
	at java.base/java.util.stream.ReduceOps$ReduceOp.evaluateSequential(ReduceOps.java:913)
	at java.base/java.util.stream.AbstractPipeline.evaluate(AbstractPipeline.java:234)
	at java.base/java.util.stream.ReferencePipeline.collect(ReferencePipeline.java:578)
	at com.diffblue.cover.h.z.a(SourceFile:96)
	at com.diffblue.cover.h.z.a(SourceFile:83)
	at com.diffblue.fuzztest.d.s.c.a(SourceFile:99)
	at com.diffblue.fuzztest.d.f.a(SourceFile:34)
	at java.base/java.util.stream.ReferencePipeline$7$1.accept(ReferencePipeline.java:271)
	at java.base/java.util.ArrayList$ArrayListSpliterator.tryAdvance(ArrayList.java:1632)
	at java.base/java.util.stream.ReferencePipeline.forEachWithCancel(ReferencePipeline.java:127)
	at java.base/java.util.stream.AbstractPipeline.copyIntoWithCancel(AbstractPipeline.java:502)
	at java.base/java.util.stream.AbstractPipeline.copyInto(AbstractPipeline.java:488)
	at java.base/java.util.stream.AbstractPipeline.wrapAndCopyInto(AbstractPipeline.java:474)
	at java.base/java.util.stream.ReduceOps$ReduceOp.evaluateSequential(ReduceOps.java:913)
	at java.base/java.util.stream.AbstractPipeline.evaluate(AbstractPipeline.java:234)
	at java.base/java.util.stream.ReferencePipeline.collect(ReferencePipeline.java:578)
	at com.diffblue.cover.h.z.a(SourceFile:96)
	at com.diffblue.fuzztest.d.f.a(SourceFile:33)
	at com.diffblue.fuzztest.b.a.d.a(SourceFile:493)
	at com.diffblue.fuzztest.b.a.d.a(SourceFile:470)
	at com.diffblue.fuzztest.b.a.d.a(SourceFile:402)
	at com.diffblue.fuzztest.b.a.d.d(SourceFile:856)
	at com.diffblue.fuzztest.b.a.d.a(SourceFile:160)
	at com.diffblue.fuzztest.b.a.d.a(SourceFile:123)
	at com.diffblue.fuzztest.b.f.a(SourceFile:564)
	at com.diffblue.fuzztest.b.f.a(SourceFile:292)
	at com.diffblue.fuzztest.b.f.b(SourceFile:377)
	at com.diffblue.fuzztest.g.ae.a(SourceFile:100)
	at com.diffblue.fuzztest.g.af.a(SourceFile:162)
	at com.diffblue.fuzztest.g.ae.a(SourceFile:193)
	at com.diffblue.fuzztest.g.e.r(SourceFile:499)
	at com.diffblue.cover.sandbox.execution.WorkerThread.lambda$callWorkerThread$3(SourceFile:164)
	at com.diffblue.cover.sandbox.execution.WorkerThread.run(SourceFile:265)
Caused by: java.lang.ClassNotFoundException: akka.pattern.CircuitBreaker$Open
	at java.base/java.net.URLClassLoader.findClass(URLClassLoader.java:476)
	at java.base/java.lang.ClassLoader.loadClass(ClassLoader.java:594)
	at com.diffblue.cover.launcher.FilteringClassLoader.loadClassBasedOnPolicy(FilteringClassLoader.java:72)
	at com.diffblue.cover.launcher.FilteringClassLoader.loadClass(FilteringClassLoader.java:60)
	at com.diffblue.cover.i.e.loadClass(SourceFile:67)
	at java.base/java.lang.Class.forName0(Native Method)
	at java.base/java.lang.Class.forName(Class.java:398)
	at com.diffblue.cover.commons.reflect.q.a(SourceFile:525)
	at com.diffblue.tir.h.a.f.a(SourceFile:67)
	... 41 common frames omitted
12:51:34.985 [DEBUG]  [Creating]    [analyzer-service:TimedExecutor-118][com.diffblue.fuzztest.d.s.c] Could not construct class type 'akka.pattern.CircuitBreaker$Open$'
com.diffblue.cover.exception.BaseException: Unable to load class
	at com.diffblue.tir.h.a.f.a(SourceFile:70)
	at com.diffblue.tir.h.a.f.c(SourceFile:92)
	at com.diffblue.fuzztest.d.s.c.a(SourceFile:290)
	at com.diffblue.fuzztest.d.s.c.a(SourceFile:157)
	at com.diffblue.fuzztest.d.s.c.c(SourceFile:103)
	at java.base/java.util.stream.ReferencePipeline$7$1.accept(ReferencePipeline.java:271)
	at java.base/java.util.ArrayList$ArrayListSpliterator.forEachRemaining(ArrayList.java:1655)
	at java.base/java.util.stream.AbstractPipeline.copyInto(AbstractPipeline.java:484)
	at java.base/java.util.stream.AbstractPipeline.wrapAndCopyInto(AbstractPipeline.java:474)
	at java.base/java.util.stream.ReduceOps$ReduceOp.evaluateSequential(ReduceOps.java:913)
	at java.base/java.util.stream.AbstractPipeline.evaluate(AbstractPipeline.java:234)
	at java.base/java.util.stream.ReferencePipeline.collect(ReferencePipeline.java:578)
	at com.diffblue.cover.h.z.a(SourceFile:96)
	at com.diffblue.cover.h.z.a(SourceFile:83)
	at com.diffblue.fuzztest.d.s.c.a(SourceFile:99)
	at com.diffblue.fuzztest.d.f.a(SourceFile:34)
	at java.base/java.util.stream.ReferencePipeline$7$1.accept(ReferencePipeline.java:271)
	at java.base/java.util.ArrayList$ArrayListSpliterator.tryAdvance(ArrayList.java:1632)
	at java.base/java.util.stream.ReferencePipeline.forEachWithCancel(ReferencePipeline.java:127)
	at java.base/java.util.stream.AbstractPipeline.copyIntoWithCancel(AbstractPipeline.java:502)
	at java.base/java.util.stream.AbstractPipeline.copyInto(AbstractPipeline.java:488)
	at java.base/java.util.stream.AbstractPipeline.wrapAndCopyInto(AbstractPipeline.java:474)
	at java.base/java.util.stream.ReduceOps$ReduceOp.evaluateSequential(ReduceOps.java:913)
	at java.base/java.util.stream.AbstractPipeline.evaluate(AbstractPipeline.java:234)
	at java.base/java.util.stream.ReferencePipeline.collect(ReferencePipeline.java:578)
	at com.diffblue.cover.h.z.a(SourceFile:96)
	at com.diffblue.fuzztest.d.f.a(SourceFile:33)
	at com.diffblue.fuzztest.b.a.d.a(SourceFile:493)
	at com.diffblue.fuzztest.b.a.d.a(SourceFile:470)
	at com.diffblue.fuzztest.b.a.d.a(SourceFile:402)
	at com.diffblue.fuzztest.b.a.d.d(SourceFile:856)
	at com.diffblue.fuzztest.b.a.d.a(SourceFile:160)
	at com.diffblue.fuzztest.b.a.d.a(SourceFile:123)
	at com.diffblue.fuzztest.b.f.a(SourceFile:564)
	at com.diffblue.fuzztest.b.f.a(SourceFile:292)
	at com.diffblue.fuzztest.b.f.b(SourceFile:377)
	at com.diffblue.fuzztest.g.ae.a(SourceFile:100)
	at com.diffblue.fuzztest.g.af.a(SourceFile:162)
	at com.diffblue.fuzztest.g.ae.a(SourceFile:193)
	at com.diffblue.fuzztest.g.e.r(SourceFile:499)
	at com.diffblue.cover.sandbox.execution.WorkerThread.lambda$callWorkerThread$3(SourceFile:164)
	at com.diffblue.cover.sandbox.execution.WorkerThread.run(SourceFile:265)
Caused by: java.lang.ClassNotFoundException: akka.pattern.CircuitBreaker$Open
	at java.base/java.net.URLClassLoader.findClass(URLClassLoader.java:476)
	at java.base/java.lang.ClassLoader.loadClass(ClassLoader.java:594)
	at com.diffblue.cover.launcher.FilteringClassLoader.loadClassBasedOnPolicy(FilteringClassLoader.java:72)
	at com.diffblue.cover.launcher.FilteringClassLoader.loadClass(FilteringClassLoader.java:60)
	at com.diffblue.cover.i.e.loadClass(SourceFile:67)
	at java.base/java.lang.Class.forName0(Native Method)
	at java.base/java.lang.Class.forName(Class.java:398)
	at com.diffblue.cover.commons.reflect.q.a(SourceFile:525)
	at com.diffblue.tir.h.a.f.a(SourceFile:67)
	... 41 common frames omitted
12:51:34.986 [DEBUG]  [Creating]    [analyzer-service:TimedExecutor-118][com.diffblue.fuzztest.d.s.c] Could not construct class type 'akka.pattern.CircuitBreaker$Open$'
com.diffblue.cover.exception.BaseException: Unable to load class
	at com.diffblue.tir.h.a.f.a(SourceFile:70)
	at com.diffblue.tir.h.a.f.c(SourceFile:92)
	at com.diffblue.fuzztest.d.s.c.b(SourceFile:274)
	at com.diffblue.fuzztest.d.s.c.a(SourceFile:160)
	at com.diffblue.fuzztest.d.s.c.c(SourceFile:103)
	at java.base/java.util.stream.ReferencePipeline$7$1.accept(ReferencePipeline.java:271)
	at java.base/java.util.ArrayList$ArrayListSpliterator.forEachRemaining(ArrayList.java:1655)
	at java.base/java.util.stream.AbstractPipeline.copyInto(AbstractPipeline.java:484)
	at java.base/java.util.stream.AbstractPipeline.wrapAndCopyInto(AbstractPipeline.java:474)
	at java.base/java.util.stream.ReduceOps$ReduceOp.evaluateSequential(ReduceOps.java:913)
	at java.base/java.util.stream.AbstractPipeline.evaluate(AbstractPipeline.java:234)
	at java.base/java.util.stream.ReferencePipeline.collect(ReferencePipeline.java:578)
	at com.diffblue.cover.h.z.a(SourceFile:96)
	at com.diffblue.cover.h.z.a(SourceFile:83)
	at com.diffblue.fuzztest.d.s.c.a(SourceFile:99)
	at com.diffblue.fuzztest.d.f.a(SourceFile:34)
	at java.base/java.util.stream.ReferencePipeline$7$1.accept(ReferencePipeline.java:271)
	at java.base/java.util.ArrayList$ArrayListSpliterator.tryAdvance(ArrayList.java:1632)
	at java.base/java.util.stream.ReferencePipeline.forEachWithCancel(ReferencePipeline.java:127)
	at java.base/java.util.stream.AbstractPipeline.copyIntoWithCancel(AbstractPipeline.java:502)
	at java.base/java.util.stream.AbstractPipeline.copyInto(AbstractPipeline.java:488)
	at java.base/java.util.stream.AbstractPipeline.wrapAndCopyInto(AbstractPipeline.java:474)
	at java.base/java.util.stream.ReduceOps$ReduceOp.evaluateSequential(ReduceOps.java:913)
	at java.base/java.util.stream.AbstractPipeline.evaluate(AbstractPipeline.java:234)
	at java.base/java.util.stream.ReferencePipeline.collect(ReferencePipeline.java:578)
	at com.diffblue.cover.h.z.a(SourceFile:96)
	at com.diffblue.fuzztest.d.f.a(SourceFile:33)
	at com.diffblue.fuzztest.b.a.d.a(SourceFile:493)
	at com.diffblue.fuzztest.b.a.d.a(SourceFile:470)
	at com.diffblue.fuzztest.b.a.d.a(SourceFile:402)
	at com.diffblue.fuzztest.b.a.d.d(SourceFile:856)
	at com.diffblue.fuzztest.b.a.d.a(SourceFile:160)
	at com.diffblue.fuzztest.b.a.d.a(SourceFile:123)
	at com.diffblue.fuzztest.b.f.a(SourceFile:564)
	at com.diffblue.fuzztest.b.f.a(SourceFile:292)
	at com.diffblue.fuzztest.b.f.b(SourceFile:377)
	at com.diffblue.fuzztest.g.ae.a(SourceFile:100)
	at com.diffblue.fuzztest.g.af.a(SourceFile:162)
	at com.diffblue.fuzztest.g.ae.a(SourceFile:193)
	at com.diffblue.fuzztest.g.e.r(SourceFile:499)
	at com.diffblue.cover.sandbox.execution.WorkerThread.lambda$callWorkerThread$3(SourceFile:164)
	at com.diffblue.cover.sandbox.execution.WorkerThread.run(SourceFile:265)
Caused by: java.lang.ClassNotFoundException: akka.pattern.CircuitBreaker$Open
	at java.base/java.net.URLClassLoader.findClass(URLClassLoader.java:476)
	at java.base/java.lang.ClassLoader.loadClass(ClassLoader.java:594)
	at com.diffblue.cover.launcher.FilteringClassLoader.loadClassBasedOnPolicy(FilteringClassLoader.java:72)
	at com.diffblue.cover.launcher.FilteringClassLoader.loadClass(FilteringClassLoader.java:60)
	at com.diffblue.cover.i.e.loadClass(SourceFile:67)
	at java.base/java.lang.Class.forName0(Native Method)
	at java.base/java.lang.Class.forName(Class.java:398)
	at com.diffblue.cover.commons.reflect.q.a(SourceFile:525)
	at com.diffblue.tir.h.a.f.a(SourceFile:67)
	... 41 common frames omitted
12:51:34.993 [DEBUG]  [Creating]    [analyzer-service:TimedExecutor-118][com.diffblue.fuzztest.d.s.c] Could not construct class type 'akka.pattern.CircuitBreaker$Open$'
com.diffblue.cover.exception.BaseException: Unable to load class
	at com.diffblue.tir.h.a.f.a(SourceFile:70)
	at com.diffblue.tir.h.a.f.c(SourceFile:92)
	at com.diffblue.fuzztest.d.s.c.a(SourceFile:290)
	at com.diffblue.fuzztest.d.s.c.a(SourceFile:157)
	at com.diffblue.fuzztest.d.s.c.c(SourceFile:103)
	at java.base/java.util.stream.ReferencePipeline$7$1.accept(ReferencePipeline.java:271)
	at java.base/java.util.ArrayList$ArrayListSpliterator.forEachRemaining(ArrayList.java:1655)
	at java.base/java.util.stream.AbstractPipeline.copyInto(AbstractPipeline.java:484)
	at java.base/java.util.stream.AbstractPipeline.wrapAndCopyInto(AbstractPipeline.java:474)
	at java.base/java.util.stream.ReduceOps$ReduceOp.evaluateSequential(ReduceOps.java:913)
	at java.base/java.util.stream.AbstractPipeline.evaluate(AbstractPipeline.java:234)
	at java.base/java.util.stream.ReferencePipeline.collect(ReferencePipeline.java:578)
	at com.diffblue.cover.h.z.a(SourceFile:96)
	at com.diffblue.cover.h.z.a(SourceFile:83)
	at com.diffblue.fuzztest.d.s.c.a(SourceFile:99)
	at com.diffblue.fuzztest.d.f.a(SourceFile:34)
	at java.base/java.util.stream.ReferencePipeline$7$1.accept(ReferencePipeline.java:271)
	at java.base/java.util.ArrayList$ArrayListSpliterator.tryAdvance(ArrayList.java:1632)
	at java.base/java.util.stream.ReferencePipeline.forEachWithCancel(ReferencePipeline.java:127)
	at java.base/java.util.stream.AbstractPipeline.copyIntoWithCancel(AbstractPipeline.java:502)
	at java.base/java.util.stream.AbstractPipeline.copyInto(AbstractPipeline.java:488)
	at java.base/java.util.stream.AbstractPipeline.wrapAndCopyInto(AbstractPipeline.java:474)
	at java.base/java.util.stream.ReduceOps$ReduceOp.evaluateSequential(ReduceOps.java:913)
	at java.base/java.util.stream.AbstractPipeline.evaluate(AbstractPipeline.java:234)
	at java.base/java.util.stream.ReferencePipeline.collect(ReferencePipeline.java:578)
	at com.diffblue.cover.h.z.a(SourceFile:96)
	at com.diffblue.fuzztest.d.f.a(SourceFile:33)
	at com.diffblue.fuzztest.b.a.d.a(SourceFile:493)
	at com.diffblue.fuzztest.b.a.d.a(SourceFile:470)
	at com.diffblue.fuzztest.b.a.d.a(SourceFile:402)
	at com.diffblue.fuzztest.b.a.d.d(SourceFile:856)
	at com.diffblue.fuzztest.b.a.d.a(SourceFile:160)
	at com.diffblue.fuzztest.b.a.d.a(SourceFile:123)
	at com.diffblue.fuzztest.b.f.a(SourceFile:564)
	at com.diffblue.fuzztest.b.f.a(SourceFile:292)
	at com.diffblue.fuzztest.b.f.b(SourceFile:377)
	at com.diffblue.fuzztest.g.ae.a(SourceFile:100)
	at com.diffblue.fuzztest.g.af.a(SourceFile:162)
	at com.diffblue.fuzztest.g.ae.a(SourceFile:193)
	at com.diffblue.fuzztest.g.e.r(SourceFile:499)
	at com.diffblue.cover.sandbox.execution.WorkerThread.lambda$callWorkerThread$3(SourceFile:164)
	at com.diffblue.cover.sandbox.execution.WorkerThread.run(SourceFile:265)
Caused by: java.lang.ClassNotFoundException: akka.pattern.CircuitBreaker$Open
	at java.base/java.net.URLClassLoader.findClass(URLClassLoader.java:476)
	at java.base/java.lang.ClassLoader.loadClass(ClassLoader.java:594)
	at com.diffblue.cover.launcher.FilteringClassLoader.loadClassBasedOnPolicy(FilteringClassLoader.java:72)
	at com.diffblue.cover.launcher.FilteringClassLoader.loadClass(FilteringClassLoader.java:60)
	at com.diffblue.cover.i.e.loadClass(SourceFile:67)
	at java.base/java.lang.Class.forName0(Native Method)
	at java.base/java.lang.Class.forName(Class.java:398)
	at com.diffblue.cover.commons.reflect.q.a(SourceFile:525)
	at com.diffblue.tir.h.a.f.a(SourceFile:67)
	... 41 common frames omitted
12:51:34.994 [DEBUG]  [Creating]    [analyzer-service:TimedExecutor-118][com.diffblue.fuzztest.d.s.c] Could not construct class type 'akka.pattern.CircuitBreaker$Open$'
com.diffblue.cover.exception.BaseException: Unable to load class
	at com.diffblue.tir.h.a.f.a(SourceFile:70)
	at com.diffblue.tir.h.a.f.c(SourceFile:92)
	at com.diffblue.fuzztest.d.s.c.b(SourceFile:274)
	at com.diffblue.fuzztest.d.s.c.a(SourceFile:160)
	at com.diffblue.fuzztest.d.s.c.c(SourceFile:103)
	at java.base/java.util.stream.ReferencePipeline$7$1.accept(ReferencePipeline.java:271)
	at java.base/java.util.ArrayList$ArrayListSpliterator.forEachRemaining(ArrayList.java:1655)
	at java.base/java.util.stream.AbstractPipeline.copyInto(AbstractPipeline.java:484)
	at java.base/java.util.stream.AbstractPipeline.wrapAndCopyInto(AbstractPipeline.java:474)
	at java.base/java.util.stream.ReduceOps$ReduceOp.evaluateSequential(ReduceOps.java:913)
	at java.base/java.util.stream.AbstractPipeline.evaluate(AbstractPipeline.java:234)
	at java.base/java.util.stream.ReferencePipeline.collect(ReferencePipeline.java:578)
	at com.diffblue.cover.h.z.a(SourceFile:96)
	at com.diffblue.cover.h.z.a(SourceFile:83)
	at com.diffblue.fuzztest.d.s.c.a(SourceFile:99)
	at com.diffblue.fuzztest.d.f.a(SourceFile:34)
	at java.base/java.util.stream.ReferencePipeline$7$1.accept(ReferencePipeline.java:271)
	at java.base/java.util.ArrayList$ArrayListSpliterator.tryAdvance(ArrayList.java:1632)
	at java.base/java.util.stream.ReferencePipeline.forEachWithCancel(ReferencePipeline.java:127)
	at java.base/java.util.stream.AbstractPipeline.copyIntoWithCancel(AbstractPipeline.java:502)
	at java.base/java.util.stream.AbstractPipeline.copyInto(AbstractPipeline.java:488)
	at java.base/java.util.stream.AbstractPipeline.wrapAndCopyInto(AbstractPipeline.java:474)
	at java.base/java.util.stream.ReduceOps$ReduceOp.evaluateSequential(ReduceOps.java:913)
	at java.base/java.util.stream.AbstractPipeline.evaluate(AbstractPipeline.java:234)
	at java.base/java.util.stream.ReferencePipeline.collect(ReferencePipeline.java:578)
	at com.diffblue.cover.h.z.a(SourceFile:96)
	at com.diffblue.fuzztest.d.f.a(SourceFile:33)
	at com.diffblue.fuzztest.b.a.d.a(SourceFile:493)
	at com.diffblue.fuzztest.b.a.d.a(SourceFile:470)
	at com.diffblue.fuzztest.b.a.d.a(SourceFile:402)
	at com.diffblue.fuzztest.b.a.d.d(SourceFile:856)
	at com.diffblue.fuzztest.b.a.d.a(SourceFile:160)
	at com.diffblue.fuzztest.b.a.d.a(SourceFile:123)
	at com.diffblue.fuzztest.b.f.a(SourceFile:564)
	at com.diffblue.fuzztest.b.f.a(SourceFile:292)
	at com.diffblue.fuzztest.b.f.b(SourceFile:377)
	at com.diffblue.fuzztest.g.ae.a(SourceFile:100)
	at com.diffblue.fuzztest.g.af.a(SourceFile:162)
	at com.diffblue.fuzztest.g.ae.a(SourceFile:193)
	at com.diffblue.fuzztest.g.e.r(SourceFile:499)
	at com.diffblue.cover.sandbox.execution.WorkerThread.lambda$callWorkerThread$3(SourceFile:164)
	at com.diffblue.cover.sandbox.execution.WorkerThread.run(SourceFile:265)
Caused by: java.lang.ClassNotFoundException: akka.pattern.CircuitBreaker$Open
	at java.base/java.net.URLClassLoader.findClass(URLClassLoader.java:476)
	at java.base/java.lang.ClassLoader.loadClass(ClassLoader.java:594)
	at com.diffblue.cover.launcher.FilteringClassLoader.loadClassBasedOnPolicy(FilteringClassLoader.java:72)
	at com.diffblue.cover.launcher.FilteringClassLoader.loadClass(FilteringClassLoader.java:60)
	at com.diffblue.cover.i.e.loadClass(SourceFile:67)
	at java.base/java.lang.Class.forName0(Native Method)
	at java.base/java.lang.Class.forName(Class.java:398)
	at com.diffblue.cover.commons.reflect.q.a(SourceFile:525)
	at com.diffblue.tir.h.a.f.a(SourceFile:67)
	... 41 common frames omitted
12:51:35.001 [DEBUG]  [Creating]    [analyzer-service:TimedExecutor-118][com.diffblue.fuzztest.d.s.c] Could not construct class type 'akka.pattern.CircuitBreaker$Open$'
com.diffblue.cover.exception.BaseException: Unable to load class
	at com.diffblue.tir.h.a.f.a(SourceFile:70)
	at com.diffblue.tir.h.a.f.c(SourceFile:92)
	at com.diffblue.fuzztest.d.s.c.a(SourceFile:290)
	at com.diffblue.fuzztest.d.s.c.a(SourceFile:157)
	at com.diffblue.fuzztest.d.s.c.c(SourceFile:103)
	at java.base/java.util.stream.ReferencePipeline$7$1.accept(ReferencePipeline.java:271)
	at java.base/java.util.ArrayList$ArrayListSpliterator.forEachRemaining(ArrayList.java:1655)
	at java.base/java.util.stream.AbstractPipeline.copyInto(AbstractPipeline.java:484)
	at java.base/java.util.stream.AbstractPipeline.wrapAndCopyInto(AbstractPipeline.java:474)
	at java.base/java.util.stream.ReduceOps$ReduceOp.evaluateSequential(ReduceOps.java:913)
	at java.base/java.util.stream.AbstractPipeline.evaluate(AbstractPipeline.java:234)
	at java.base/java.util.stream.ReferencePipeline.collect(ReferencePipeline.java:578)
	at com.diffblue.cover.h.z.a(SourceFile:96)
	at com.diffblue.cover.h.z.a(SourceFile:83)
	at com.diffblue.fuzztest.d.s.c.a(SourceFile:99)
	at com.diffblue.fuzztest.d.f.a(SourceFile:34)
	at java.base/java.util.stream.ReferencePipeline$7$1.accept(ReferencePipeline.java:271)
	at java.base/java.util.ArrayList$ArrayListSpliterator.tryAdvance(ArrayList.java:1632)
	at java.base/java.util.stream.ReferencePipeline.forEachWithCancel(ReferencePipeline.java:127)
	at java.base/java.util.stream.AbstractPipeline.copyIntoWithCancel(AbstractPipeline.java:502)
	at java.base/java.util.stream.AbstractPipeline.copyInto(AbstractPipeline.java:488)
	at java.base/java.util.stream.AbstractPipeline.wrapAndCopyInto(AbstractPipeline.java:474)
	at java.base/java.util.stream.ReduceOps$ReduceOp.evaluateSequential(ReduceOps.java:913)
	at java.base/java.util.stream.AbstractPipeline.evaluate(AbstractPipeline.java:234)
	at java.base/java.util.stream.ReferencePipeline.collect(ReferencePipeline.java:578)
	at com.diffblue.cover.h.z.a(SourceFile:96)
	at com.diffblue.fuzztest.d.f.a(SourceFile:33)
	at com.diffblue.fuzztest.b.a.d.a(SourceFile:493)
	at com.diffblue.fuzztest.b.a.d.a(SourceFile:470)
	at com.diffblue.fuzztest.b.a.d.a(SourceFile:402)
	at com.diffblue.fuzztest.b.a.d.d(SourceFile:856)
	at com.diffblue.fuzztest.b.a.d.a(SourceFile:160)
	at com.diffblue.fuzztest.b.a.d.a(SourceFile:123)
	at com.diffblue.fuzztest.b.f.a(SourceFile:564)
	at com.diffblue.fuzztest.b.f.a(SourceFile:292)
	at com.diffblue.fuzztest.b.f.b(SourceFile:377)
	at com.diffblue.fuzztest.g.ae.a(SourceFile:100)
	at com.diffblue.fuzztest.g.af.a(SourceFile:162)
	at com.diffblue.fuzztest.g.ae.a(SourceFile:193)
	at com.diffblue.fuzztest.g.e.r(SourceFile:499)
	at com.diffblue.cover.sandbox.execution.WorkerThread.lambda$callWorkerThread$3(SourceFile:164)
	at com.diffblue.cover.sandbox.execution.WorkerThread.run(SourceFile:265)
Caused by: java.lang.ClassNotFoundException: akka.pattern.CircuitBreaker$Open
	at java.base/java.net.URLClassLoader.findClass(URLClassLoader.java:476)
	at java.base/java.lang.ClassLoader.loadClass(ClassLoader.java:594)
	at com.diffblue.cover.launcher.FilteringClassLoader.loadClassBasedOnPolicy(FilteringClassLoader.java:72)
	at com.diffblue.cover.launcher.FilteringClassLoader.loadClass(FilteringClassLoader.java:60)
	at com.diffblue.cover.i.e.loadClass(SourceFile:67)
	at java.base/java.lang.Class.forName0(Native Method)
	at java.base/java.lang.Class.forName(Class.java:398)
	at com.diffblue.cover.commons.reflect.q.a(SourceFile:525)
	at com.diffblue.tir.h.a.f.a(SourceFile:67)
	... 41 common frames omitted
12:51:35.002 [DEBUG]  [Creating]    [analyzer-service:TimedExecutor-118][com.diffblue.fuzztest.d.s.c] Could not construct class type 'akka.pattern.CircuitBreaker$Open$'
com.diffblue.cover.exception.BaseException: Unable to load class
	at com.diffblue.tir.h.a.f.a(SourceFile:70)
	at com.diffblue.tir.h.a.f.c(SourceFile:92)
	at com.diffblue.fuzztest.d.s.c.b(SourceFile:274)
	at com.diffblue.fuzztest.d.s.c.a(SourceFile:160)
	at com.diffblue.fuzztest.d.s.c.c(SourceFile:103)
	at java.base/java.util.stream.ReferencePipeline$7$1.accept(ReferencePipeline.java:271)
	at java.base/java.util.ArrayList$ArrayListSpliterator.forEachRemaining(ArrayList.java:1655)
	at java.base/java.util.stream.AbstractPipeline.copyInto(AbstractPipeline.java:484)
	at java.base/java.util.stream.AbstractPipeline.wrapAndCopyInto(AbstractPipeline.java:474)
	at java.base/java.util.stream.ReduceOps$ReduceOp.evaluateSequential(ReduceOps.java:913)
	at java.base/java.util.stream.AbstractPipeline.evaluate(AbstractPipeline.java:234)
	at java.base/java.util.stream.ReferencePipeline.collect(ReferencePipeline.java:578)
	at com.diffblue.cover.h.z.a(SourceFile:96)
	at com.diffblue.cover.h.z.a(SourceFile:83)
	at com.diffblue.fuzztest.d.s.c.a(SourceFile:99)
	at com.diffblue.fuzztest.d.f.a(SourceFile:34)
	at java.base/java.util.stream.ReferencePipeline$7$1.accept(ReferencePipeline.java:271)
	at java.base/java.util.ArrayList$ArrayListSpliterator.tryAdvance(ArrayList.java:1632)
	at java.base/java.util.stream.ReferencePipeline.forEachWithCancel(ReferencePipeline.java:127)
	at java.base/java.util.stream.AbstractPipeline.copyIntoWithCancel(AbstractPipeline.java:502)
	at java.base/java.util.stream.AbstractPipeline.copyInto(AbstractPipeline.java:488)
	at java.base/java.util.stream.AbstractPipeline.wrapAndCopyInto(AbstractPipeline.java:474)
	at java.base/java.util.stream.ReduceOps$ReduceOp.evaluateSequential(ReduceOps.java:913)
	at java.base/java.util.stream.AbstractPipeline.evaluate(AbstractPipeline.java:234)
	at java.base/java.util.stream.ReferencePipeline.collect(ReferencePipeline.java:578)
	at com.diffblue.cover.h.z.a(SourceFile:96)
	at com.diffblue.fuzztest.d.f.a(SourceFile:33)
	at com.diffblue.fuzztest.b.a.d.a(SourceFile:493)
	at com.diffblue.fuzztest.b.a.d.a(SourceFile:470)
	at com.diffblue.fuzztest.b.a.d.a(SourceFile:402)
	at com.diffblue.fuzztest.b.a.d.d(SourceFile:856)
	at com.diffblue.fuzztest.b.a.d.a(SourceFile:160)
	at com.diffblue.fuzztest.b.a.d.a(SourceFile:123)
	at com.diffblue.fuzztest.b.f.a(SourceFile:564)
	at com.diffblue.fuzztest.b.f.a(SourceFile:292)
	at com.diffblue.fuzztest.b.f.b(SourceFile:377)
	at com.diffblue.fuzztest.g.ae.a(SourceFile:100)
	at com.diffblue.fuzztest.g.af.a(SourceFile:162)
	at com.diffblue.fuzztest.g.ae.a(SourceFile:193)
	at com.diffblue.fuzztest.g.e.r(SourceFile:499)
	at com.diffblue.cover.sandbox.execution.WorkerThread.lambda$callWorkerThread$3(SourceFile:164)
	at com.diffblue.cover.sandbox.execution.WorkerThread.run(SourceFile:265)
Caused by: java.lang.ClassNotFoundException: akka.pattern.CircuitBreaker$Open
	at java.base/java.net.URLClassLoader.findClass(URLClassLoader.java:476)
	at java.base/java.lang.ClassLoader.loadClass(ClassLoader.java:594)
	at com.diffblue.cover.launcher.FilteringClassLoader.loadClassBasedOnPolicy(FilteringClassLoader.java:72)
	at com.diffblue.cover.launcher.FilteringClassLoader.loadClass(FilteringClassLoader.java:60)
	at com.diffblue.cover.i.e.loadClass(SourceFile:67)
	at java.base/java.lang.Class.forName0(Native Method)
	at java.base/java.lang.Class.forName(Class.java:398)
	at com.diffblue.cover.commons.reflect.q.a(SourceFile:525)
	at com.diffblue.tir.h.a.f.a(SourceFile:67)
	... 41 common frames omitted
12:51:35.039 [DEBUG]  [Creating]    [analyzer-service:TimedExecutor-118][com.diffblue.fuzztest.d.s.c] Could not construct class type 'akka.pattern.CircuitBreaker$Open$'
com.diffblue.cover.exception.BaseException: Unable to load class
	at com.diffblue.tir.h.a.f.a(SourceFile:70)
	at com.diffblue.tir.h.a.f.c(SourceFile:92)
	at com.diffblue.fuzztest.d.s.c.a(SourceFile:290)
	at com.diffblue.fuzztest.d.s.c.a(SourceFile:157)
	at com.diffblue.fuzztest.d.s.c.c(SourceFile:103)
	at java.base/java.util.stream.ReferencePipeline$7$1.accept(ReferencePipeline.java:271)
	at java.base/java.util.ArrayList$ArrayListSpliterator.forEachRemaining(ArrayList.java:1655)
	at java.base/java.util.stream.AbstractPipeline.copyInto(AbstractPipeline.java:484)
	at java.base/java.util.stream.AbstractPipeline.wrapAndCopyInto(AbstractPipeline.java:474)
	at java.base/java.util.stream.ReduceOps$ReduceOp.evaluateSequential(ReduceOps.java:913)
	at java.base/java.util.stream.AbstractPipeline.evaluate(AbstractPipeline.java:234)
	at java.base/java.util.stream.ReferencePipeline.collect(ReferencePipeline.java:578)
	at com.diffblue.cover.h.z.a(SourceFile:96)
	at com.diffblue.cover.h.z.a(SourceFile:83)
	at com.diffblue.fuzztest.d.s.c.a(SourceFile:99)
	at com.diffblue.fuzztest.d.f.a(SourceFile:34)
	at java.base/java.util.stream.ReferencePipeline$7$1.accept(ReferencePipeline.java:271)
	at java.base/java.util.ArrayList$ArrayListSpliterator.tryAdvance(ArrayList.java:1632)
	at java.base/java.util.stream.ReferencePipeline.forEachWithCancel(ReferencePipeline.java:127)
	at java.base/java.util.stream.AbstractPipeline.copyIntoWithCancel(AbstractPipeline.java:502)
	at java.base/java.util.stream.AbstractPipeline.copyInto(AbstractPipeline.java:488)
	at java.base/java.util.stream.AbstractPipeline.wrapAndCopyInto(AbstractPipeline.java:474)
	at java.base/java.util.stream.ReduceOps$ReduceOp.evaluateSequential(ReduceOps.java:913)
	at java.base/java.util.stream.AbstractPipeline.evaluate(AbstractPipeline.java:234)
	at java.base/java.util.stream.ReferencePipeline.collect(ReferencePipeline.java:578)
	at com.diffblue.cover.h.z.a(SourceFile:96)
	at com.diffblue.fuzztest.d.f.a(SourceFile:33)
	at com.diffblue.fuzztest.b.a.d.a(SourceFile:493)
	at com.diffblue.fuzztest.b.a.d.a(SourceFile:470)
	at com.diffblue.fuzztest.b.a.d.a(SourceFile:402)
	at com.diffblue.fuzztest.b.a.d.d(SourceFile:856)
	at com.diffblue.fuzztest.b.a.d.a(SourceFile:160)
	at com.diffblue.fuzztest.b.a.d.a(SourceFile:123)
	at com.diffblue.fuzztest.b.f.a(SourceFile:564)
	at com.diffblue.fuzztest.b.f.a(SourceFile:292)
	at com.diffblue.fuzztest.b.f.b(SourceFile:377)
	at com.diffblue.fuzztest.g.ae.a(SourceFile:100)
	at com.diffblue.fuzztest.g.af.a(SourceFile:162)
	at com.diffblue.fuzztest.g.ae.a(SourceFile:193)
	at com.diffblue.fuzztest.g.e.r(SourceFile:499)
	at com.diffblue.cover.sandbox.execution.WorkerThread.lambda$callWorkerThread$3(SourceFile:164)
	at com.diffblue.cover.sandbox.execution.WorkerThread.run(SourceFile:265)
Caused by: java.lang.ClassNotFoundException: akka.pattern.CircuitBreaker$Open
	at java.base/java.net.URLClassLoader.findClass(URLClassLoader.java:476)
	at java.base/java.lang.ClassLoader.loadClass(ClassLoader.java:594)
	at com.diffblue.cover.launcher.FilteringClassLoader.loadClassBasedOnPolicy(FilteringClassLoader.java:72)
	at com.diffblue.cover.launcher.FilteringClassLoader.loadClass(FilteringClassLoader.java:60)
	at com.diffblue.cover.i.e.loadClass(SourceFile:67)
	at java.base/java.lang.Class.forName0(Native Method)
	at java.base/java.lang.Class.forName(Class.java:398)
	at com.diffblue.cover.commons.reflect.q.a(SourceFile:525)
	at com.diffblue.tir.h.a.f.a(SourceFile:67)
	... 41 common frames omitted
12:51:35.039 [DEBUG]  [Creating]    [analyzer-service:TimedExecutor-118][com.diffblue.fuzztest.d.s.c] Could not construct class type 'akka.pattern.CircuitBreaker$Open$'
com.diffblue.cover.exception.BaseException: Unable to load class
	at com.diffblue.tir.h.a.f.a(SourceFile:70)
	at com.diffblue.tir.h.a.f.c(SourceFile:92)
	at com.diffblue.fuzztest.d.s.c.b(SourceFile:274)
	at com.diffblue.fuzztest.d.s.c.a(SourceFile:160)
	at com.diffblue.fuzztest.d.s.c.c(SourceFile:103)
	at java.base/java.util.stream.ReferencePipeline$7$1.accept(ReferencePipeline.java:271)
	at java.base/java.util.ArrayList$ArrayListSpliterator.forEachRemaining(ArrayList.java:1655)
	at java.base/java.util.stream.AbstractPipeline.copyInto(AbstractPipeline.java:484)
	at java.base/java.util.stream.AbstractPipeline.wrapAndCopyInto(AbstractPipeline.java:474)
	at java.base/java.util.stream.ReduceOps$ReduceOp.evaluateSequential(ReduceOps.java:913)
	at java.base/java.util.stream.AbstractPipeline.evaluate(AbstractPipeline.java:234)
	at java.base/java.util.stream.ReferencePipeline.collect(ReferencePipeline.java:578)
	at com.diffblue.cover.h.z.a(SourceFile:96)
	at com.diffblue.cover.h.z.a(SourceFile:83)
	at com.diffblue.fuzztest.d.s.c.a(SourceFile:99)
	at com.diffblue.fuzztest.d.f.a(SourceFile:34)
	at java.base/java.util.stream.ReferencePipeline$7$1.accept(ReferencePipeline.java:271)
	at java.base/java.util.ArrayList$ArrayListSpliterator.tryAdvance(ArrayList.java:1632)
	at java.base/java.util.stream.ReferencePipeline.forEachWithCancel(ReferencePipeline.java:127)
	at java.base/java.util.stream.AbstractPipeline.copyIntoWithCancel(AbstractPipeline.java:502)
	at java.base/java.util.stream.AbstractPipeline.copyInto(AbstractPipeline.java:488)
	at java.base/java.util.stream.AbstractPipeline.wrapAndCopyInto(AbstractPipeline.java:474)
	at java.base/java.util.stream.ReduceOps$ReduceOp.evaluateSequential(ReduceOps.java:913)
	at java.base/java.util.stream.AbstractPipeline.evaluate(AbstractPipeline.java:234)
	at java.base/java.util.stream.ReferencePipeline.collect(ReferencePipeline.java:578)
	at com.diffblue.cover.h.z.a(SourceFile:96)
	at com.diffblue.fuzztest.d.f.a(SourceFile:33)
	at com.diffblue.fuzztest.b.a.d.a(SourceFile:493)
	at com.diffblue.fuzztest.b.a.d.a(SourceFile:470)
	at com.diffblue.fuzztest.b.a.d.a(SourceFile:402)
	at com.diffblue.fuzztest.b.a.d.d(SourceFile:856)
	at com.diffblue.fuzztest.b.a.d.a(SourceFile:160)
	at com.diffblue.fuzztest.b.a.d.a(SourceFile:123)
	at com.diffblue.fuzztest.b.f.a(SourceFile:564)
	at com.diffblue.fuzztest.b.f.a(SourceFile:292)
	at com.diffblue.fuzztest.b.f.b(SourceFile:377)
	at com.diffblue.fuzztest.g.ae.a(SourceFile:100)
	at com.diffblue.fuzztest.g.af.a(SourceFile:162)
	at com.diffblue.fuzztest.g.ae.a(SourceFile:193)
	at com.diffblue.fuzztest.g.e.r(SourceFile:499)
	at com.diffblue.cover.sandbox.execution.WorkerThread.lambda$callWorkerThread$3(SourceFile:164)
	at com.diffblue.cover.sandbox.execution.WorkerThread.run(SourceFile:265)
Caused by: java.lang.ClassNotFoundException: akka.pattern.CircuitBreaker$Open
	at java.base/java.net.URLClassLoader.findClass(URLClassLoader.java:476)
	at java.base/java.lang.ClassLoader.loadClass(ClassLoader.java:594)
	at com.diffblue.cover.launcher.FilteringClassLoader.loadClassBasedOnPolicy(FilteringClassLoader.java:72)
	at com.diffblue.cover.launcher.FilteringClassLoader.loadClass(FilteringClassLoader.java:60)
	at com.diffblue.cover.i.e.loadClass(SourceFile:67)
	at java.base/java.lang.Class.forName0(Native Method)
	at java.base/java.lang.Class.forName(Class.java:398)
	at com.diffblue.cover.commons.reflect.q.a(SourceFile:525)
	at com.diffblue.tir.h.a.f.a(SourceFile:67)
	... 41 common frames omitted
12:51:35.046 [DEBUG]  [Creating]    [analyzer-service:TimedExecutor-118][com.diffblue.fuzztest.d.s.c] Could not construct class type 'akka.pattern.CircuitBreaker$Open$'
com.diffblue.cover.exception.BaseException: Unable to load class
	at com.diffblue.tir.h.a.f.a(SourceFile:70)
	at com.diffblue.tir.h.a.f.c(SourceFile:92)
	at com.diffblue.fuzztest.d.s.c.a(SourceFile:290)
	at com.diffblue.fuzztest.d.s.c.a(SourceFile:157)
	at com.diffblue.fuzztest.d.s.c.c(SourceFile:103)
	at java.base/java.util.stream.ReferencePipeline$7$1.accept(ReferencePipeline.java:271)
	at java.base/java.util.ArrayList$ArrayListSpliterator.forEachRemaining(ArrayList.java:1655)
	at java.base/java.util.stream.AbstractPipeline.copyInto(AbstractPipeline.java:484)
	at java.base/java.util.stream.AbstractPipeline.wrapAndCopyInto(AbstractPipeline.java:474)
	at java.base/java.util.stream.ReduceOps$ReduceOp.evaluateSequential(ReduceOps.java:913)
	at java.base/java.util.stream.AbstractPipeline.evaluate(AbstractPipeline.java:234)
	at java.base/java.util.stream.ReferencePipeline.collect(ReferencePipeline.java:578)
	at com.diffblue.cover.h.z.a(SourceFile:96)
	at com.diffblue.cover.h.z.a(SourceFile:83)
	at com.diffblue.fuzztest.d.s.c.a(SourceFile:99)
	at com.diffblue.fuzztest.d.f.a(SourceFile:34)
	at java.base/java.util.stream.ReferencePipeline$7$1.accept(ReferencePipeline.java:271)
	at java.base/java.util.ArrayList$ArrayListSpliterator.tryAdvance(ArrayList.java:1632)
	at java.base/java.util.stream.ReferencePipeline.forEachWithCancel(ReferencePipeline.java:127)
	at java.base/java.util.stream.AbstractPipeline.copyIntoWithCancel(AbstractPipeline.java:502)
	at java.base/java.util.stream.AbstractPipeline.copyInto(AbstractPipeline.java:488)
	at java.base/java.util.stream.AbstractPipeline.wrapAndCopyInto(AbstractPipeline.java:474)
	at java.base/java.util.stream.ReduceOps$ReduceOp.evaluateSequential(ReduceOps.java:913)
	at java.base/java.util.stream.AbstractPipeline.evaluate(AbstractPipeline.java:234)
	at java.base/java.util.stream.ReferencePipeline.collect(ReferencePipeline.java:578)
	at com.diffblue.cover.h.z.a(SourceFile:96)
	at com.diffblue.fuzztest.d.f.a(SourceFile:33)
	at com.diffblue.fuzztest.b.a.d.a(SourceFile:493)
	at com.diffblue.fuzztest.b.a.d.a(SourceFile:470)
	at com.diffblue.fuzztest.b.a.d.a(SourceFile:402)
	at com.diffblue.fuzztest.b.a.d.d(SourceFile:856)
	at com.diffblue.fuzztest.b.a.d.a(SourceFile:160)
	at com.diffblue.fuzztest.b.a.d.a(SourceFile:123)
	at com.diffblue.fuzztest.b.f.a(SourceFile:564)
	at com.diffblue.fuzztest.b.f.a(SourceFile:292)
	at com.diffblue.fuzztest.b.f.b(SourceFile:377)
	at com.diffblue.fuzztest.g.ae.a(SourceFile:100)
	at com.diffblue.fuzztest.g.af.a(SourceFile:162)
	at com.diffblue.fuzztest.g.ae.a(SourceFile:193)
	at com.diffblue.fuzztest.g.e.r(SourceFile:499)
	at com.diffblue.cover.sandbox.execution.WorkerThread.lambda$callWorkerThread$3(SourceFile:164)
	at com.diffblue.cover.sandbox.execution.WorkerThread.run(SourceFile:265)
Caused by: java.lang.ClassNotFoundException: akka.pattern.CircuitBreaker$Open
	at java.base/java.net.URLClassLoader.findClass(URLClassLoader.java:476)
	at java.base/java.lang.ClassLoader.loadClass(ClassLoader.java:594)
	at com.diffblue.cover.launcher.FilteringClassLoader.loadClassBasedOnPolicy(FilteringClassLoader.java:72)
	at com.diffblue.cover.launcher.FilteringClassLoader.loadClass(FilteringClassLoader.java:60)
	at com.diffblue.cover.i.e.loadClass(SourceFile:67)
	at java.base/java.lang.Class.forName0(Native Method)
	at java.base/java.lang.Class.forName(Class.java:398)
	at com.diffblue.cover.commons.reflect.q.a(SourceFile:525)
	at com.diffblue.tir.h.a.f.a(SourceFile:67)
	... 41 common frames omitted
12:51:35.047 [DEBUG]  [Creating]    [analyzer-service:TimedExecutor-118][com.diffblue.fuzztest.d.s.c] Could not construct class type 'akka.pattern.CircuitBreaker$Open$'
com.diffblue.cover.exception.BaseException: Unable to load class
	at com.diffblue.tir.h.a.f.a(SourceFile:70)
	at com.diffblue.tir.h.a.f.c(SourceFile:92)
	at com.diffblue.fuzztest.d.s.c.b(SourceFile:274)
	at com.diffblue.fuzztest.d.s.c.a(SourceFile:160)
	at com.diffblue.fuzztest.d.s.c.c(SourceFile:103)
	at java.base/java.util.stream.ReferencePipeline$7$1.accept(ReferencePipeline.java:271)
	at java.base/java.util.ArrayList$ArrayListSpliterator.forEachRemaining(ArrayList.java:1655)
	at java.base/java.util.stream.AbstractPipeline.copyInto(AbstractPipeline.java:484)
	at java.base/java.util.stream.AbstractPipeline.wrapAndCopyInto(AbstractPipeline.java:474)
	at java.base/java.util.stream.ReduceOps$ReduceOp.evaluateSequential(ReduceOps.java:913)
	at java.base/java.util.stream.AbstractPipeline.evaluate(AbstractPipeline.java:234)
	at java.base/java.util.stream.ReferencePipeline.collect(ReferencePipeline.java:578)
	at com.diffblue.cover.h.z.a(SourceFile:96)
	at com.diffblue.cover.h.z.a(SourceFile:83)
	at com.diffblue.fuzztest.d.s.c.a(SourceFile:99)
	at com.diffblue.fuzztest.d.f.a(SourceFile:34)
	at java.base/java.util.stream.ReferencePipeline$7$1.accept(ReferencePipeline.java:271)
	at java.base/java.util.ArrayList$ArrayListSpliterator.tryAdvance(ArrayList.java:1632)
	at java.base/java.util.stream.ReferencePipeline.forEachWithCancel(ReferencePipeline.java:127)
	at java.base/java.util.stream.AbstractPipeline.copyIntoWithCancel(AbstractPipeline.java:502)
	at java.base/java.util.stream.AbstractPipeline.copyInto(AbstractPipeline.java:488)
	at java.base/java.util.stream.AbstractPipeline.wrapAndCopyInto(AbstractPipeline.java:474)
	at java.base/java.util.stream.ReduceOps$ReduceOp.evaluateSequential(ReduceOps.java:913)
	at java.base/java.util.stream.AbstractPipeline.evaluate(AbstractPipeline.java:234)
	at java.base/java.util.stream.ReferencePipeline.collect(ReferencePipeline.java:578)
	at com.diffblue.cover.h.z.a(SourceFile:96)
	at com.diffblue.fuzztest.d.f.a(SourceFile:33)
	at com.diffblue.fuzztest.b.a.d.a(SourceFile:493)
	at com.diffblue.fuzztest.b.a.d.a(SourceFile:470)
	at com.diffblue.fuzztest.b.a.d.a(SourceFile:402)
	at com.diffblue.fuzztest.b.a.d.d(SourceFile:856)
	at com.diffblue.fuzztest.b.a.d.a(SourceFile:160)
	at com.diffblue.fuzztest.b.a.d.a(SourceFile:123)
	at com.diffblue.fuzztest.b.f.a(SourceFile:564)
	at com.diffblue.fuzztest.b.f.a(SourceFile:292)
	at com.diffblue.fuzztest.b.f.b(SourceFile:377)
	at com.diffblue.fuzztest.g.ae.a(SourceFile:100)
	at com.diffblue.fuzztest.g.af.a(SourceFile:162)
	at com.diffblue.fuzztest.g.ae.a(SourceFile:193)
	at com.diffblue.fuzztest.g.e.r(SourceFile:499)
	at com.diffblue.cover.sandbox.execution.WorkerThread.lambda$callWorkerThread$3(SourceFile:164)
	at com.diffblue.cover.sandbox.execution.WorkerThread.run(SourceFile:265)
Caused by: java.lang.ClassNotFoundException: akka.pattern.CircuitBreaker$Open
	at java.base/java.net.URLClassLoader.findClass(URLClassLoader.java:476)
	at java.base/java.lang.ClassLoader.loadClass(ClassLoader.java:594)
	at com.diffblue.cover.launcher.FilteringClassLoader.loadClassBasedOnPolicy(FilteringClassLoader.java:72)
	at com.diffblue.cover.launcher.FilteringClassLoader.loadClass(FilteringClassLoader.java:60)
	at com.diffblue.cover.i.e.loadClass(SourceFile:67)
	at java.base/java.lang.Class.forName0(Native Method)
	at java.base/java.lang.Class.forName(Class.java:398)
	at com.diffblue.cover.commons.reflect.q.a(SourceFile:525)
	at com.diffblue.tir.h.a.f.a(SourceFile:67)
	... 41 common frames omitted
12:51:35.054 [DEBUG]  [Creating]    [analyzer-service:TimedExecutor-118][com.diffblue.fuzztest.d.s.c] Could not construct class type 'akka.pattern.CircuitBreaker$Open$'
com.diffblue.cover.exception.BaseException: Unable to load class
	at com.diffblue.tir.h.a.f.a(SourceFile:70)
	at com.diffblue.tir.h.a.f.c(SourceFile:92)
	at com.diffblue.fuzztest.d.s.c.a(SourceFile:290)
	at com.diffblue.fuzztest.d.s.c.a(SourceFile:157)
	at com.diffblue.fuzztest.d.s.c.c(SourceFile:103)
	at java.base/java.util.stream.ReferencePipeline$7$1.accept(ReferencePipeline.java:271)
	at java.base/java.util.ArrayList$ArrayListSpliterator.forEachRemaining(ArrayList.java:1655)
	at java.base/java.util.stream.AbstractPipeline.copyInto(AbstractPipeline.java:484)
	at java.base/java.util.stream.AbstractPipeline.wrapAndCopyInto(AbstractPipeline.java:474)
	at java.base/java.util.stream.ReduceOps$ReduceOp.evaluateSequential(ReduceOps.java:913)
	at java.base/java.util.stream.AbstractPipeline.evaluate(AbstractPipeline.java:234)
	at java.base/java.util.stream.ReferencePipeline.collect(ReferencePipeline.java:578)
	at com.diffblue.cover.h.z.a(SourceFile:96)
	at com.diffblue.cover.h.z.a(SourceFile:83)
	at com.diffblue.fuzztest.d.s.c.a(SourceFile:99)
	at com.diffblue.fuzztest.d.f.a(SourceFile:34)
	at java.base/java.util.stream.ReferencePipeline$7$1.accept(ReferencePipeline.java:271)
	at java.base/java.util.ArrayList$ArrayListSpliterator.tryAdvance(ArrayList.java:1632)
	at java.base/java.util.stream.ReferencePipeline.forEachWithCancel(ReferencePipeline.java:127)
	at java.base/java.util.stream.AbstractPipeline.copyIntoWithCancel(AbstractPipeline.java:502)
	at java.base/java.util.stream.AbstractPipeline.copyInto(AbstractPipeline.java:488)
	at java.base/java.util.stream.AbstractPipeline.wrapAndCopyInto(AbstractPipeline.java:474)
	at java.base/java.util.stream.ReduceOps$ReduceOp.evaluateSequential(ReduceOps.java:913)
	at java.base/java.util.stream.AbstractPipeline.evaluate(AbstractPipeline.java:234)
	at java.base/java.util.stream.ReferencePipeline.collect(ReferencePipeline.java:578)
	at com.diffblue.cover.h.z.a(SourceFile:96)
	at com.diffblue.fuzztest.d.f.a(SourceFile:33)
	at com.diffblue.fuzztest.b.a.d.a(SourceFile:493)
	at com.diffblue.fuzztest.b.a.d.a(SourceFile:470)
	at com.diffblue.fuzztest.b.a.d.a(SourceFile:402)
	at com.diffblue.fuzztest.b.a.d.d(SourceFile:856)
	at com.diffblue.fuzztest.b.a.d.a(SourceFile:160)
	at com.diffblue.fuzztest.b.a.d.a(SourceFile:123)
	at com.diffblue.fuzztest.b.f.a(SourceFile:564)
	at com.diffblue.fuzztest.b.f.a(SourceFile:292)
	at com.diffblue.fuzztest.b.f.b(SourceFile:377)
	at com.diffblue.fuzztest.g.ae.a(SourceFile:100)
	at com.diffblue.fuzztest.g.af.a(SourceFile:162)
	at com.diffblue.fuzztest.g.ae.a(SourceFile:193)
	at com.diffblue.fuzztest.g.e.r(SourceFile:499)
	at com.diffblue.cover.sandbox.execution.WorkerThread.lambda$callWorkerThread$3(SourceFile:164)
	at com.diffblue.cover.sandbox.execution.WorkerThread.run(SourceFile:265)
Caused by: java.lang.ClassNotFoundException: akka.pattern.CircuitBreaker$Open
	at java.base/java.net.URLClassLoader.findClass(URLClassLoader.java:476)
	at java.base/java.lang.ClassLoader.loadClass(ClassLoader.java:594)
	at com.diffblue.cover.launcher.FilteringClassLoader.loadClassBasedOnPolicy(FilteringClassLoader.java:72)
	at com.diffblue.cover.launcher.FilteringClassLoader.loadClass(FilteringClassLoader.java:60)
	at com.diffblue.cover.i.e.loadClass(SourceFile:67)
	at java.base/java.lang.Class.forName0(Native Method)
	at java.base/java.lang.Class.forName(Class.java:398)
	at com.diffblue.cover.commons.reflect.q.a(SourceFile:525)
	at com.diffblue.tir.h.a.f.a(SourceFile:67)
	... 41 common frames omitted
12:51:35.055 [DEBUG]  [Creating]    [analyzer-service:TimedExecutor-118][com.diffblue.fuzztest.d.s.c] Could not construct class type 'akka.pattern.CircuitBreaker$Open$'
com.diffblue.cover.exception.BaseException: Unable to load class
	at com.diffblue.tir.h.a.f.a(SourceFile:70)
	at com.diffblue.tir.h.a.f.c(SourceFile:92)
	at com.diffblue.fuzztest.d.s.c.b(SourceFile:274)
	at com.diffblue.fuzztest.d.s.c.a(SourceFile:160)
	at com.diffblue.fuzztest.d.s.c.c(SourceFile:103)
	at java.base/java.util.stream.ReferencePipeline$7$1.accept(ReferencePipeline.java:271)
	at java.base/java.util.ArrayList$ArrayListSpliterator.forEachRemaining(ArrayList.java:1655)
	at java.base/java.util.stream.AbstractPipeline.copyInto(AbstractPipeline.java:484)
	at java.base/java.util.stream.AbstractPipeline.wrapAndCopyInto(AbstractPipeline.java:474)
	at java.base/java.util.stream.ReduceOps$ReduceOp.evaluateSequential(ReduceOps.java:913)
	at java.base/java.util.stream.AbstractPipeline.evaluate(AbstractPipeline.java:234)
	at java.base/java.util.stream.ReferencePipeline.collect(ReferencePipeline.java:578)
	at com.diffblue.cover.h.z.a(SourceFile:96)
	at com.diffblue.cover.h.z.a(SourceFile:83)
	at com.diffblue.fuzztest.d.s.c.a(SourceFile:99)
	at com.diffblue.fuzztest.d.f.a(SourceFile:34)
	at java.base/java.util.stream.ReferencePipeline$7$1.accept(ReferencePipeline.java:271)
	at java.base/java.util.ArrayList$ArrayListSpliterator.tryAdvance(ArrayList.java:1632)
	at java.base/java.util.stream.ReferencePipeline.forEachWithCancel(ReferencePipeline.java:127)
	at java.base/java.util.stream.AbstractPipeline.copyIntoWithCancel(AbstractPipeline.java:502)
	at java.base/java.util.stream.AbstractPipeline.copyInto(AbstractPipeline.java:488)
	at java.base/java.util.stream.AbstractPipeline.wrapAndCopyInto(AbstractPipeline.java:474)
	at java.base/java.util.stream.ReduceOps$ReduceOp.evaluateSequential(ReduceOps.java:913)
	at java.base/java.util.stream.AbstractPipeline.evaluate(AbstractPipeline.java:234)
	at java.base/java.util.stream.ReferencePipeline.collect(ReferencePipeline.java:578)
	at com.diffblue.cover.h.z.a(SourceFile:96)
	at com.diffblue.fuzztest.d.f.a(SourceFile:33)
	at com.diffblue.fuzztest.b.a.d.a(SourceFile:493)
	at com.diffblue.fuzztest.b.a.d.a(SourceFile:470)
	at com.diffblue.fuzztest.b.a.d.a(SourceFile:402)
	at com.diffblue.fuzztest.b.a.d.d(SourceFile:856)
	at com.diffblue.fuzztest.b.a.d.a(SourceFile:160)
	at com.diffblue.fuzztest.b.a.d.a(SourceFile:123)
	at com.diffblue.fuzztest.b.f.a(SourceFile:564)
	at com.diffblue.fuzztest.b.f.a(SourceFile:292)
	at com.diffblue.fuzztest.b.f.b(SourceFile:377)
	at com.diffblue.fuzztest.g.ae.a(SourceFile:100)
	at com.diffblue.fuzztest.g.af.a(SourceFile:162)
	at com.diffblue.fuzztest.g.ae.a(SourceFile:193)
	at com.diffblue.fuzztest.g.e.r(SourceFile:499)
	at com.diffblue.cover.sandbox.execution.WorkerThread.lambda$callWorkerThread$3(SourceFile:164)
	at com.diffblue.cover.sandbox.execution.WorkerThread.run(SourceFile:265)
Caused by: java.lang.ClassNotFoundException: akka.pattern.CircuitBreaker$Open
	at java.base/java.net.URLClassLoader.findClass(URLClassLoader.java:476)
	at java.base/java.lang.ClassLoader.loadClass(ClassLoader.java:594)
	at com.diffblue.cover.launcher.FilteringClassLoader.loadClassBasedOnPolicy(FilteringClassLoader.java:72)
	at com.diffblue.cover.launcher.FilteringClassLoader.loadClass(FilteringClassLoader.java:60)
	at com.diffblue.cover.i.e.loadClass(SourceFile:67)
	at java.base/java.lang.Class.forName0(Native Method)
	at java.base/java.lang.Class.forName(Class.java:398)
	at com.diffblue.cover.commons.reflect.q.a(SourceFile:525)
	at com.diffblue.tir.h.a.f.a(SourceFile:67)
	... 41 common frames omitted
12:51:35.062 [DEBUG]  [Creating]    [analyzer-service:TimedExecutor-118][com.diffblue.fuzztest.d.s.c] Could not construct class type 'akka.pattern.CircuitBreaker$Open$'
com.diffblue.cover.exception.BaseException: Unable to load class
	at com.diffblue.tir.h.a.f.a(SourceFile:70)
	at com.diffblue.tir.h.a.f.c(SourceFile:92)
	at com.diffblue.fuzztest.d.s.c.a(SourceFile:290)
	at com.diffblue.fuzztest.d.s.c.a(SourceFile:157)
	at com.diffblue.fuzztest.d.s.c.c(SourceFile:103)
	at java.base/java.util.stream.ReferencePipeline$7$1.accept(ReferencePipeline.java:271)
	at java.base/java.util.ArrayList$ArrayListSpliterator.forEachRemaining(ArrayList.java:1655)
	at java.base/java.util.stream.AbstractPipeline.copyInto(AbstractPipeline.java:484)
	at java.base/java.util.stream.AbstractPipeline.wrapAndCopyInto(AbstractPipeline.java:474)
	at java.base/java.util.stream.ReduceOps$ReduceOp.evaluateSequential(ReduceOps.java:913)
	at java.base/java.util.stream.AbstractPipeline.evaluate(AbstractPipeline.java:234)
	at java.base/java.util.stream.ReferencePipeline.collect(ReferencePipeline.java:578)
	at com.diffblue.cover.h.z.a(SourceFile:96)
	at com.diffblue.cover.h.z.a(SourceFile:83)
	at com.diffblue.fuzztest.d.s.c.a(SourceFile:99)
	at com.diffblue.fuzztest.d.f.a(SourceFile:34)
	at java.base/java.util.stream.ReferencePipeline$7$1.accept(ReferencePipeline.java:271)
	at java.base/java.util.ArrayList$ArrayListSpliterator.tryAdvance(ArrayList.java:1632)
	at java.base/java.util.stream.ReferencePipeline.forEachWithCancel(ReferencePipeline.java:127)
	at java.base/java.util.stream.AbstractPipeline.copyIntoWithCancel(AbstractPipeline.java:502)
	at java.base/java.util.stream.AbstractPipeline.copyInto(AbstractPipeline.java:488)
	at java.base/java.util.stream.AbstractPipeline.wrapAndCopyInto(AbstractPipeline.java:474)
	at java.base/java.util.stream.ReduceOps$ReduceOp.evaluateSequential(ReduceOps.java:913)
	at java.base/java.util.stream.AbstractPipeline.evaluate(AbstractPipeline.java:234)
	at java.base/java.util.stream.ReferencePipeline.collect(ReferencePipeline.java:578)
	at com.diffblue.cover.h.z.a(SourceFile:96)
	at com.diffblue.fuzztest.d.f.a(SourceFile:33)
	at com.diffblue.fuzztest.b.a.d.a(SourceFile:493)
	at com.diffblue.fuzztest.b.a.d.a(SourceFile:470)
	at com.diffblue.fuzztest.b.a.d.a(SourceFile:402)
	at com.diffblue.fuzztest.b.a.d.d(SourceFile:856)
	at com.diffblue.fuzztest.b.a.d.a(SourceFile:160)
	at com.diffblue.fuzztest.b.a.d.a(SourceFile:123)
	at com.diffblue.fuzztest.b.f.a(SourceFile:564)
	at com.diffblue.fuzztest.b.f.a(SourceFile:292)
	at com.diffblue.fuzztest.b.f.b(SourceFile:377)
	at com.diffblue.fuzztest.g.ae.a(SourceFile:100)
	at com.diffblue.fuzztest.g.af.a(SourceFile:162)
	at com.diffblue.fuzztest.g.ae.a(SourceFile:193)
	at com.diffblue.fuzztest.g.e.r(SourceFile:499)
	at com.diffblue.cover.sandbox.execution.WorkerThread.lambda$callWorkerThread$3(SourceFile:164)
	at com.diffblue.cover.sandbox.execution.WorkerThread.run(SourceFile:265)
Caused by: java.lang.ClassNotFoundException: akka.pattern.CircuitBreaker$Open
	at java.base/java.net.URLClassLoader.findClass(URLClassLoader.java:476)
	at java.base/java.lang.ClassLoader.loadClass(ClassLoader.java:594)
	at com.diffblue.cover.launcher.FilteringClassLoader.loadClassBasedOnPolicy(FilteringClassLoader.java:72)
	at com.diffblue.cover.launcher.FilteringClassLoader.loadClass(FilteringClassLoader.java:60)
	at com.diffblue.cover.i.e.loadClass(SourceFile:67)
	at java.base/java.lang.Class.forName0(Native Method)
	at java.base/java.lang.Class.forName(Class.java:398)
	at com.diffblue.cover.commons.reflect.q.a(SourceFile:525)
	at com.diffblue.tir.h.a.f.a(SourceFile:67)
	... 41 common frames omitted
12:51:35.062 [DEBUG]  [Creating]    [analyzer-service:TimedExecutor-118][com.diffblue.fuzztest.d.s.c] Could not construct class type 'akka.pattern.CircuitBreaker$Open$'
com.diffblue.cover.exception.BaseException: Unable to load class
	at com.diffblue.tir.h.a.f.a(SourceFile:70)
	at com.diffblue.tir.h.a.f.c(SourceFile:92)
	at com.diffblue.fuzztest.d.s.c.b(SourceFile:274)
	at com.diffblue.fuzztest.d.s.c.a(SourceFile:160)
	at com.diffblue.fuzztest.d.s.c.c(SourceFile:103)
	at java.base/java.util.stream.ReferencePipeline$7$1.accept(ReferencePipeline.java:271)
	at java.base/java.util.ArrayList$ArrayListSpliterator.forEachRemaining(ArrayList.java:1655)
	at java.base/java.util.stream.AbstractPipeline.copyInto(AbstractPipeline.java:484)
	at java.base/java.util.stream.AbstractPipeline.wrapAndCopyInto(AbstractPipeline.java:474)
	at java.base/java.util.stream.ReduceOps$ReduceOp.evaluateSequential(ReduceOps.java:913)
	at java.base/java.util.stream.AbstractPipeline.evaluate(AbstractPipeline.java:234)
	at java.base/java.util.stream.ReferencePipeline.collect(ReferencePipeline.java:578)
	at com.diffblue.cover.h.z.a(SourceFile:96)
	at com.diffblue.cover.h.z.a(SourceFile:83)
	at com.diffblue.fuzztest.d.s.c.a(SourceFile:99)
	at com.diffblue.fuzztest.d.f.a(SourceFile:34)
	at java.base/java.util.stream.ReferencePipeline$7$1.accept(ReferencePipeline.java:271)
	at java.base/java.util.ArrayList$ArrayListSpliterator.tryAdvance(ArrayList.java:1632)
	at java.base/java.util.stream.ReferencePipeline.forEachWithCancel(ReferencePipeline.java:127)
	at java.base/java.util.stream.AbstractPipeline.copyIntoWithCancel(AbstractPipeline.java:502)
	at java.base/java.util.stream.AbstractPipeline.copyInto(AbstractPipeline.java:488)
	at java.base/java.util.stream.AbstractPipeline.wrapAndCopyInto(AbstractPipeline.java:474)
	at java.base/java.util.stream.ReduceOps$ReduceOp.evaluateSequential(ReduceOps.java:913)
	at java.base/java.util.stream.AbstractPipeline.evaluate(AbstractPipeline.java:234)
	at java.base/java.util.stream.ReferencePipeline.collect(ReferencePipeline.java:578)
	at com.diffblue.cover.h.z.a(SourceFile:96)
	at com.diffblue.fuzztest.d.f.a(SourceFile:33)
	at com.diffblue.fuzztest.b.a.d.a(SourceFile:493)
	at com.diffblue.fuzztest.b.a.d.a(SourceFile:470)
	at com.diffblue.fuzztest.b.a.d.a(SourceFile:402)
	at com.diffblue.fuzztest.b.a.d.d(SourceFile:856)
	at com.diffblue.fuzztest.b.a.d.a(SourceFile:160)
	at com.diffblue.fuzztest.b.a.d.a(SourceFile:123)
	at com.diffblue.fuzztest.b.f.a(SourceFile:564)
	at com.diffblue.fuzztest.b.f.a(SourceFile:292)
	at com.diffblue.fuzztest.b.f.b(SourceFile:377)
	at com.diffblue.fuzztest.g.ae.a(SourceFile:100)
	at com.diffblue.fuzztest.g.af.a(SourceFile:162)
	at com.diffblue.fuzztest.g.ae.a(SourceFile:193)
	at com.diffblue.fuzztest.g.e.r(SourceFile:499)
	at com.diffblue.cover.sandbox.execution.WorkerThread.lambda$callWorkerThread$3(SourceFile:164)
	at com.diffblue.cover.sandbox.execution.WorkerThread.run(SourceFile:265)
Caused by: java.lang.ClassNotFoundException: akka.pattern.CircuitBreaker$Open
	at java.base/java.net.URLClassLoader.findClass(URLClassLoader.java:476)
	at java.base/java.lang.ClassLoader.loadClass(ClassLoader.java:594)
	at com.diffblue.cover.launcher.FilteringClassLoader.loadClassBasedOnPolicy(FilteringClassLoader.java:72)
	at com.diffblue.cover.launcher.FilteringClassLoader.loadClass(FilteringClassLoader.java:60)
	at com.diffblue.cover.i.e.loadClass(SourceFile:67)
	at java.base/java.lang.Class.forName0(Native Method)
	at java.base/java.lang.Class.forName(Class.java:398)
	at com.diffblue.cover.commons.reflect.q.a(SourceFile:525)
	at com.diffblue.tir.h.a.f.a(SourceFile:67)
	... 41 common frames omitted
12:51:35.100 [DEBUG]  [Creating]    [analyzer-service:TimedExecutor-118][com.diffblue.fuzztest.d.s.c] Could not construct class type 'akka.pattern.CircuitBreaker$Open$'
com.diffblue.cover.exception.BaseException: Unable to load class
	at com.diffblue.tir.h.a.f.a(SourceFile:70)
	at com.diffblue.tir.h.a.f.c(SourceFile:92)
	at com.diffblue.fuzztest.d.s.c.a(SourceFile:290)
	at com.diffblue.fuzztest.d.s.c.a(SourceFile:157)
	at com.diffblue.fuzztest.d.s.c.c(SourceFile:103)
	at java.base/java.util.stream.ReferencePipeline$7$1.accept(ReferencePipeline.java:271)
	at java.base/java.util.ArrayList$ArrayListSpliterator.forEachRemaining(ArrayList.java:1655)
	at java.base/java.util.stream.AbstractPipeline.copyInto(AbstractPipeline.java:484)
	at java.base/java.util.stream.AbstractPipeline.wrapAndCopyInto(AbstractPipeline.java:474)
	at java.base/java.util.stream.ReduceOps$ReduceOp.evaluateSequential(ReduceOps.java:913)
	at java.base/java.util.stream.AbstractPipeline.evaluate(AbstractPipeline.java:234)
	at java.base/java.util.stream.ReferencePipeline.collect(ReferencePipeline.java:578)
	at com.diffblue.cover.h.z.a(SourceFile:96)
	at com.diffblue.cover.h.z.a(SourceFile:83)
	at com.diffblue.fuzztest.d.s.c.a(SourceFile:99)
	at com.diffblue.fuzztest.d.f.a(SourceFile:34)
	at java.base/java.util.stream.ReferencePipeline$7$1.accept(ReferencePipeline.java:271)
	at java.base/java.util.ArrayList$ArrayListSpliterator.tryAdvance(ArrayList.java:1632)
	at java.base/java.util.stream.ReferencePipeline.forEachWithCancel(ReferencePipeline.java:127)
	at java.base/java.util.stream.AbstractPipeline.copyIntoWithCancel(AbstractPipeline.java:502)
	at java.base/java.util.stream.AbstractPipeline.copyInto(AbstractPipeline.java:488)
	at java.base/java.util.stream.AbstractPipeline.wrapAndCopyInto(AbstractPipeline.java:474)
	at java.base/java.util.stream.ReduceOps$ReduceOp.evaluateSequential(ReduceOps.java:913)
	at java.base/java.util.stream.AbstractPipeline.evaluate(AbstractPipeline.java:234)
	at java.base/java.util.stream.ReferencePipeline.collect(ReferencePipeline.java:578)
	at com.diffblue.cover.h.z.a(SourceFile:96)
	at com.diffblue.fuzztest.d.f.a(SourceFile:33)
	at com.diffblue.fuzztest.b.a.d.a(SourceFile:493)
	at com.diffblue.fuzztest.b.a.d.a(SourceFile:470)
	at com.diffblue.fuzztest.b.a.d.a(SourceFile:402)
	at com.diffblue.fuzztest.b.a.d.d(SourceFile:856)
	at com.diffblue.fuzztest.b.a.d.a(SourceFile:160)
	at com.diffblue.fuzztest.b.a.d.a(SourceFile:123)
	at com.diffblue.fuzztest.b.f.a(SourceFile:564)
	at com.diffblue.fuzztest.b.f.a(SourceFile:292)
	at com.diffblue.fuzztest.b.f.b(SourceFile:377)
	at com.diffblue.fuzztest.g.ae.a(SourceFile:100)
	at com.diffblue.fuzztest.g.af.a(SourceFile:162)
	at com.diffblue.fuzztest.g.ae.a(SourceFile:193)
	at com.diffblue.fuzztest.g.e.r(SourceFile:499)
	at com.diffblue.cover.sandbox.execution.WorkerThread.lambda$callWorkerThread$3(SourceFile:164)
	at com.diffblue.cover.sandbox.execution.WorkerThread.run(SourceFile:265)
Caused by: java.lang.ClassNotFoundException: akka.pattern.CircuitBreaker$Open
	at java.base/java.net.URLClassLoader.findClass(URLClassLoader.java:476)
	at java.base/java.lang.ClassLoader.loadClass(ClassLoader.java:594)
	at com.diffblue.cover.launcher.FilteringClassLoader.loadClassBasedOnPolicy(FilteringClassLoader.java:72)
	at com.diffblue.cover.launcher.FilteringClassLoader.loadClass(FilteringClassLoader.java:60)
	at com.diffblue.cover.i.e.loadClass(SourceFile:67)
	at java.base/java.lang.Class.forName0(Native Method)
	at java.base/java.lang.Class.forName(Class.java:398)
	at com.diffblue.cover.commons.reflect.q.a(SourceFile:525)
	at com.diffblue.tir.h.a.f.a(SourceFile:67)
	... 41 common frames omitted
12:51:35.101 [DEBUG]  [Creating]    [analyzer-service:TimedExecutor-118][com.diffblue.fuzztest.d.s.c] Could not construct class type 'akka.pattern.CircuitBreaker$Open$'
com.diffblue.cover.exception.BaseException: Unable to load class
	at com.diffblue.tir.h.a.f.a(SourceFile:70)
	at com.diffblue.tir.h.a.f.c(SourceFile:92)
	at com.diffblue.fuzztest.d.s.c.b(SourceFile:274)
	at com.diffblue.fuzztest.d.s.c.a(SourceFile:160)
	at com.diffblue.fuzztest.d.s.c.c(SourceFile:103)
	at java.base/java.util.stream.ReferencePipeline$7$1.accept(ReferencePipeline.java:271)
	at java.base/java.util.ArrayList$ArrayListSpliterator.forEachRemaining(ArrayList.java:1655)
	at java.base/java.util.stream.AbstractPipeline.copyInto(AbstractPipeline.java:484)
	at java.base/java.util.stream.AbstractPipeline.wrapAndCopyInto(AbstractPipeline.java:474)
	at java.base/java.util.stream.ReduceOps$ReduceOp.evaluateSequential(ReduceOps.java:913)
	at java.base/java.util.stream.AbstractPipeline.evaluate(AbstractPipeline.java:234)
	at java.base/java.util.stream.ReferencePipeline.collect(ReferencePipeline.java:578)
	at com.diffblue.cover.h.z.a(SourceFile:96)
	at com.diffblue.cover.h.z.a(SourceFile:83)
	at com.diffblue.fuzztest.d.s.c.a(SourceFile:99)
	at com.diffblue.fuzztest.d.f.a(SourceFile:34)
	at java.base/java.util.stream.ReferencePipeline$7$1.accept(ReferencePipeline.java:271)
	at java.base/java.util.ArrayList$ArrayListSpliterator.tryAdvance(ArrayList.java:1632)
	at java.base/java.util.stream.ReferencePipeline.forEachWithCancel(ReferencePipeline.java:127)
	at java.base/java.util.stream.AbstractPipeline.copyIntoWithCancel(AbstractPipeline.java:502)
	at java.base/java.util.stream.AbstractPipeline.copyInto(AbstractPipeline.java:488)
	at java.base/java.util.stream.AbstractPipeline.wrapAndCopyInto(AbstractPipeline.java:474)
	at java.base/java.util.stream.ReduceOps$ReduceOp.evaluateSequential(ReduceOps.java:913)
	at java.base/java.util.stream.AbstractPipeline.evaluate(AbstractPipeline.java:234)
	at java.base/java.util.stream.ReferencePipeline.collect(ReferencePipeline.java:578)
	at com.diffblue.cover.h.z.a(SourceFile:96)
	at com.diffblue.fuzztest.d.f.a(SourceFile:33)
	at com.diffblue.fuzztest.b.a.d.a(SourceFile:493)
	at com.diffblue.fuzztest.b.a.d.a(SourceFile:470)
	at com.diffblue.fuzztest.b.a.d.a(SourceFile:402)
	at com.diffblue.fuzztest.b.a.d.d(SourceFile:856)
	at com.diffblue.fuzztest.b.a.d.a(SourceFile:160)
	at com.diffblue.fuzztest.b.a.d.a(SourceFile:123)
	at com.diffblue.fuzztest.b.f.a(SourceFile:564)
	at com.diffblue.fuzztest.b.f.a(SourceFile:292)
	at com.diffblue.fuzztest.b.f.b(SourceFile:377)
	at com.diffblue.fuzztest.g.ae.a(SourceFile:100)
	at com.diffblue.fuzztest.g.af.a(SourceFile:162)
	at com.diffblue.fuzztest.g.ae.a(SourceFile:193)
	at com.diffblue.fuzztest.g.e.r(SourceFile:499)
	at com.diffblue.cover.sandbox.execution.WorkerThread.lambda$callWorkerThread$3(SourceFile:164)
	at com.diffblue.cover.sandbox.execution.WorkerThread.run(SourceFile:265)
Caused by: java.lang.ClassNotFoundException: akka.pattern.CircuitBreaker$Open
	at java.base/java.net.URLClassLoader.findClass(URLClassLoader.java:476)
	at java.base/java.lang.ClassLoader.loadClass(ClassLoader.java:594)
	at com.diffblue.cover.launcher.FilteringClassLoader.loadClassBasedOnPolicy(FilteringClassLoader.java:72)
	at com.diffblue.cover.launcher.FilteringClassLoader.loadClass(FilteringClassLoader.java:60)
	at com.diffblue.cover.i.e.loadClass(SourceFile:67)
	at java.base/java.lang.Class.forName0(Native Method)
	at java.base/java.lang.Class.forName(Class.java:398)
	at com.diffblue.cover.commons.reflect.q.a(SourceFile:525)
	at com.diffblue.tir.h.a.f.a(SourceFile:67)
	... 41 common frames omitted
12:51:35.108 [DEBUG]  [Creating]    [analyzer-service:TimedExecutor-118][com.diffblue.fuzztest.d.s.c] Could not construct class type 'akka.pattern.CircuitBreaker$Open$'
com.diffblue.cover.exception.BaseException: Unable to load class
	at com.diffblue.tir.h.a.f.a(SourceFile:70)
	at com.diffblue.tir.h.a.f.c(SourceFile:92)
	at com.diffblue.fuzztest.d.s.c.a(SourceFile:290)
	at com.diffblue.fuzztest.d.s.c.a(SourceFile:157)
	at com.diffblue.fuzztest.d.s.c.c(SourceFile:103)
	at java.base/java.util.stream.ReferencePipeline$7$1.accept(ReferencePipeline.java:271)
	at java.base/java.util.ArrayList$ArrayListSpliterator.forEachRemaining(ArrayList.java:1655)
	at java.base/java.util.stream.AbstractPipeline.copyInto(AbstractPipeline.java:484)
	at java.base/java.util.stream.AbstractPipeline.wrapAndCopyInto(AbstractPipeline.java:474)
	at java.base/java.util.stream.ReduceOps$ReduceOp.evaluateSequential(ReduceOps.java:913)
	at java.base/java.util.stream.AbstractPipeline.evaluate(AbstractPipeline.java:234)
	at java.base/java.util.stream.ReferencePipeline.collect(ReferencePipeline.java:578)
	at com.diffblue.cover.h.z.a(SourceFile:96)
	at com.diffblue.cover.h.z.a(SourceFile:83)
	at com.diffblue.fuzztest.d.s.c.a(SourceFile:99)
	at com.diffblue.fuzztest.d.f.a(SourceFile:34)
	at java.base/java.util.stream.ReferencePipeline$7$1.accept(ReferencePipeline.java:271)
	at java.base/java.util.ArrayList$ArrayListSpliterator.tryAdvance(ArrayList.java:1632)
	at java.base/java.util.stream.ReferencePipeline.forEachWithCancel(ReferencePipeline.java:127)
	at java.base/java.util.stream.AbstractPipeline.copyIntoWithCancel(AbstractPipeline.java:502)
	at java.base/java.util.stream.AbstractPipeline.copyInto(AbstractPipeline.java:488)
	at java.base/java.util.stream.AbstractPipeline.wrapAndCopyInto(AbstractPipeline.java:474)
	at java.base/java.util.stream.ReduceOps$ReduceOp.evaluateSequential(ReduceOps.java:913)
	at java.base/java.util.stream.AbstractPipeline.evaluate(AbstractPipeline.java:234)
	at java.base/java.util.stream.ReferencePipeline.collect(ReferencePipeline.java:578)
	at com.diffblue.cover.h.z.a(SourceFile:96)
	at com.diffblue.fuzztest.d.f.a(SourceFile:33)
	at com.diffblue.fuzztest.b.a.d.a(SourceFile:493)
	at com.diffblue.fuzztest.b.a.d.a(SourceFile:470)
	at com.diffblue.fuzztest.b.a.d.a(SourceFile:402)
	at com.diffblue.fuzztest.b.a.d.d(SourceFile:856)
	at com.diffblue.fuzztest.b.a.d.a(SourceFile:160)
	at com.diffblue.fuzztest.b.a.d.a(SourceFile:123)
	at com.diffblue.fuzztest.b.f.a(SourceFile:564)
	at com.diffblue.fuzztest.b.f.a(SourceFile:292)
	at com.diffblue.fuzztest.b.f.b(SourceFile:377)
	at com.diffblue.fuzztest.g.ae.a(SourceFile:100)
	at com.diffblue.fuzztest.g.af.a(SourceFile:162)
	at com.diffblue.fuzztest.g.ae.a(SourceFile:193)
	at com.diffblue.fuzztest.g.e.r(SourceFile:499)
	at com.diffblue.cover.sandbox.execution.WorkerThread.lambda$callWorkerThread$3(SourceFile:164)
	at com.diffblue.cover.sandbox.execution.WorkerThread.run(SourceFile:265)
Caused by: java.lang.ClassNotFoundException: akka.pattern.CircuitBreaker$Open
	at java.base/java.net.URLClassLoader.findClass(URLClassLoader.java:476)
	at java.base/java.lang.ClassLoader.loadClass(ClassLoader.java:594)
	at com.diffblue.cover.launcher.FilteringClassLoader.loadClassBasedOnPolicy(FilteringClassLoader.java:72)
	at com.diffblue.cover.launcher.FilteringClassLoader.loadClass(FilteringClassLoader.java:60)
	at com.diffblue.cover.i.e.loadClass(SourceFile:67)
	at java.base/java.lang.Class.forName0(Native Method)
	at java.base/java.lang.Class.forName(Class.java:398)
	at com.diffblue.cover.commons.reflect.q.a(SourceFile:525)
	at com.diffblue.tir.h.a.f.a(SourceFile:67)
	... 41 common frames omitted
12:51:35.109 [DEBUG]  [Creating]    [analyzer-service:TimedExecutor-118][com.diffblue.fuzztest.d.s.c] Could not construct class type 'akka.pattern.CircuitBreaker$Open$'
com.diffblue.cover.exception.BaseException: Unable to load class
	at com.diffblue.tir.h.a.f.a(SourceFile:70)
	at com.diffblue.tir.h.a.f.c(SourceFile:92)
	at com.diffblue.fuzztest.d.s.c.b(SourceFile:274)
	at com.diffblue.fuzztest.d.s.c.a(SourceFile:160)
	at com.diffblue.fuzztest.d.s.c.c(SourceFile:103)
	at java.base/java.util.stream.ReferencePipeline$7$1.accept(ReferencePipeline.java:271)
	at java.base/java.util.ArrayList$ArrayListSpliterator.forEachRemaining(ArrayList.java:1655)
	at java.base/java.util.stream.AbstractPipeline.copyInto(AbstractPipeline.java:484)
	at java.base/java.util.stream.AbstractPipeline.wrapAndCopyInto(AbstractPipeline.java:474)
	at java.base/java.util.stream.ReduceOps$ReduceOp.evaluateSequential(ReduceOps.java:913)
	at java.base/java.util.stream.AbstractPipeline.evaluate(AbstractPipeline.java:234)
	at java.base/java.util.stream.ReferencePipeline.collect(ReferencePipeline.java:578)
	at com.diffblue.cover.h.z.a(SourceFile:96)
	at com.diffblue.cover.h.z.a(SourceFile:83)
	at com.diffblue.fuzztest.d.s.c.a(SourceFile:99)
	at com.diffblue.fuzztest.d.f.a(SourceFile:34)
	at java.base/java.util.stream.ReferencePipeline$7$1.accept(ReferencePipeline.java:271)
	at java.base/java.util.ArrayList$ArrayListSpliterator.tryAdvance(ArrayList.java:1632)
	at java.base/java.util.stream.ReferencePipeline.forEachWithCancel(ReferencePipeline.java:127)
	at java.base/java.util.stream.AbstractPipeline.copyIntoWithCancel(AbstractPipeline.java:502)
	at java.base/java.util.stream.AbstractPipeline.copyInto(AbstractPipeline.java:488)
	at java.base/java.util.stream.AbstractPipeline.wrapAndCopyInto(AbstractPipeline.java:474)
	at java.base/java.util.stream.ReduceOps$ReduceOp.evaluateSequential(ReduceOps.java:913)
	at java.base/java.util.stream.AbstractPipeline.evaluate(AbstractPipeline.java:234)
	at java.base/java.util.stream.ReferencePipeline.collect(ReferencePipeline.java:578)
	at com.diffblue.cover.h.z.a(SourceFile:96)
	at com.diffblue.fuzztest.d.f.a(SourceFile:33)
	at com.diffblue.fuzztest.b.a.d.a(SourceFile:493)
	at com.diffblue.fuzztest.b.a.d.a(SourceFile:470)
	at com.diffblue.fuzztest.b.a.d.a(SourceFile:402)
	at com.diffblue.fuzztest.b.a.d.d(SourceFile:856)
	at com.diffblue.fuzztest.b.a.d.a(SourceFile:160)
	at com.diffblue.fuzztest.b.a.d.a(SourceFile:123)
	at com.diffblue.fuzztest.b.f.a(SourceFile:564)
	at com.diffblue.fuzztest.b.f.a(SourceFile:292)
	at com.diffblue.fuzztest.b.f.b(SourceFile:377)
	at com.diffblue.fuzztest.g.ae.a(SourceFile:100)
	at com.diffblue.fuzztest.g.af.a(SourceFile:162)
	at com.diffblue.fuzztest.g.ae.a(SourceFile:193)
	at com.diffblue.fuzztest.g.e.r(SourceFile:499)
	at com.diffblue.cover.sandbox.execution.WorkerThread.lambda$callWorkerThread$3(SourceFile:164)
	at com.diffblue.cover.sandbox.execution.WorkerThread.run(SourceFile:265)
Caused by: java.lang.ClassNotFoundException: akka.pattern.CircuitBreaker$Open
	at java.base/java.net.URLClassLoader.findClass(URLClassLoader.java:476)
	at java.base/java.lang.ClassLoader.loadClass(ClassLoader.java:594)
	at com.diffblue.cover.launcher.FilteringClassLoader.loadClassBasedOnPolicy(FilteringClassLoader.java:72)
	at com.diffblue.cover.launcher.FilteringClassLoader.loadClass(FilteringClassLoader.java:60)
	at com.diffblue.cover.i.e.loadClass(SourceFile:67)
	at java.base/java.lang.Class.forName0(Native Method)
	at java.base/java.lang.Class.forName(Class.java:398)
	at com.diffblue.cover.commons.reflect.q.a(SourceFile:525)
	at com.diffblue.tir.h.a.f.a(SourceFile:67)
	... 41 common frames omitted
12:51:35.117 [DEBUG]  [Creating]    [analyzer-service:TimedExecutor-118][com.diffblue.fuzztest.d.s.c] Could not construct class type 'akka.pattern.CircuitBreaker$Open$'
com.diffblue.cover.exception.BaseException: Unable to load class
	at com.diffblue.tir.h.a.f.a(SourceFile:70)
	at com.diffblue.tir.h.a.f.c(SourceFile:92)
	at com.diffblue.fuzztest.d.s.c.a(SourceFile:290)
	at com.diffblue.fuzztest.d.s.c.a(SourceFile:157)
	at com.diffblue.fuzztest.d.s.c.c(SourceFile:103)
	at java.base/java.util.stream.ReferencePipeline$7$1.accept(ReferencePipeline.java:271)
	at java.base/java.util.ArrayList$ArrayListSpliterator.forEachRemaining(ArrayList.java:1655)
	at java.base/java.util.stream.AbstractPipeline.copyInto(AbstractPipeline.java:484)
	at java.base/java.util.stream.AbstractPipeline.wrapAndCopyInto(AbstractPipeline.java:474)
	at java.base/java.util.stream.ReduceOps$ReduceOp.evaluateSequential(ReduceOps.java:913)
	at java.base/java.util.stream.AbstractPipeline.evaluate(AbstractPipeline.java:234)
	at java.base/java.util.stream.ReferencePipeline.collect(ReferencePipeline.java:578)
	at com.diffblue.cover.h.z.a(SourceFile:96)
	at com.diffblue.cover.h.z.a(SourceFile:83)
	at com.diffblue.fuzztest.d.s.c.a(SourceFile:99)
	at com.diffblue.fuzztest.d.f.a(SourceFile:34)
	at java.base/java.util.stream.ReferencePipeline$7$1.accept(ReferencePipeline.java:271)
	at java.base/java.util.ArrayList$ArrayListSpliterator.tryAdvance(ArrayList.java:1632)
	at java.base/java.util.stream.ReferencePipeline.forEachWithCancel(ReferencePipeline.java:127)
	at java.base/java.util.stream.AbstractPipeline.copyIntoWithCancel(AbstractPipeline.java:502)
	at java.base/java.util.stream.AbstractPipeline.copyInto(AbstractPipeline.java:488)
	at java.base/java.util.stream.AbstractPipeline.wrapAndCopyInto(AbstractPipeline.java:474)
	at java.base/java.util.stream.ReduceOps$ReduceOp.evaluateSequential(ReduceOps.java:913)
	at java.base/java.util.stream.AbstractPipeline.evaluate(AbstractPipeline.java:234)
	at java.base/java.util.stream.ReferencePipeline.collect(ReferencePipeline.java:578)
	at com.diffblue.cover.h.z.a(SourceFile:96)
	at com.diffblue.fuzztest.d.f.a(SourceFile:33)
	at com.diffblue.fuzztest.b.a.d.a(SourceFile:493)
	at com.diffblue.fuzztest.b.a.d.a(SourceFile:470)
	at com.diffblue.fuzztest.b.a.d.a(SourceFile:402)
	at com.diffblue.fuzztest.b.a.d.d(SourceFile:856)
	at com.diffblue.fuzztest.b.a.d.a(SourceFile:160)
	at com.diffblue.fuzztest.b.a.d.a(SourceFile:123)
	at com.diffblue.fuzztest.b.f.a(SourceFile:564)
	at com.diffblue.fuzztest.b.f.a(SourceFile:292)
	at com.diffblue.fuzztest.b.f.b(SourceFile:377)
	at com.diffblue.fuzztest.g.ae.a(SourceFile:100)
	at com.diffblue.fuzztest.g.af.a(SourceFile:162)
	at com.diffblue.fuzztest.g.ae.a(SourceFile:193)
	at com.diffblue.fuzztest.g.e.r(SourceFile:499)
	at com.diffblue.cover.sandbox.execution.WorkerThread.lambda$callWorkerThread$3(SourceFile:164)
	at com.diffblue.cover.sandbox.execution.WorkerThread.run(SourceFile:265)
Caused by: java.lang.ClassNotFoundException: akka.pattern.CircuitBreaker$Open
	at java.base/java.net.URLClassLoader.findClass(URLClassLoader.java:476)
	at java.base/java.lang.ClassLoader.loadClass(ClassLoader.java:594)
	at com.diffblue.cover.launcher.FilteringClassLoader.loadClassBasedOnPolicy(FilteringClassLoader.java:72)
	at com.diffblue.cover.launcher.FilteringClassLoader.loadClass(FilteringClassLoader.java:60)
	at com.diffblue.cover.i.e.loadClass(SourceFile:67)
	at java.base/java.lang.Class.forName0(Native Method)
	at java.base/java.lang.Class.forName(Class.java:398)
	at com.diffblue.cover.commons.reflect.q.a(SourceFile:525)
	at com.diffblue.tir.h.a.f.a(SourceFile:67)
	... 41 common frames omitted
12:51:35.118 [DEBUG]  [Creating]    [analyzer-service:TimedExecutor-118][com.diffblue.fuzztest.d.s.c] Could not construct class type 'akka.pattern.CircuitBreaker$Open$'
com.diffblue.cover.exception.BaseException: Unable to load class
	at com.diffblue.tir.h.a.f.a(SourceFile:70)
	at com.diffblue.tir.h.a.f.c(SourceFile:92)
	at com.diffblue.fuzztest.d.s.c.b(SourceFile:274)
	at com.diffblue.fuzztest.d.s.c.a(SourceFile:160)
	at com.diffblue.fuzztest.d.s.c.c(SourceFile:103)
	at java.base/java.util.stream.ReferencePipeline$7$1.accept(ReferencePipeline.java:271)
	at java.base/java.util.ArrayList$ArrayListSpliterator.forEachRemaining(ArrayList.java:1655)
	at java.base/java.util.stream.AbstractPipeline.copyInto(AbstractPipeline.java:484)
	at java.base/java.util.stream.AbstractPipeline.wrapAndCopyInto(AbstractPipeline.java:474)
	at java.base/java.util.stream.ReduceOps$ReduceOp.evaluateSequential(ReduceOps.java:913)
	at java.base/java.util.stream.AbstractPipeline.evaluate(AbstractPipeline.java:234)
	at java.base/java.util.stream.ReferencePipeline.collect(ReferencePipeline.java:578)
	at com.diffblue.cover.h.z.a(SourceFile:96)
	at com.diffblue.cover.h.z.a(SourceFile:83)
	at com.diffblue.fuzztest.d.s.c.a(SourceFile:99)
	at com.diffblue.fuzztest.d.f.a(SourceFile:34)
	at java.base/java.util.stream.ReferencePipeline$7$1.accept(ReferencePipeline.java:271)
	at java.base/java.util.ArrayList$ArrayListSpliterator.tryAdvance(ArrayList.java:1632)
	at java.base/java.util.stream.ReferencePipeline.forEachWithCancel(ReferencePipeline.java:127)
	at java.base/java.util.stream.AbstractPipeline.copyIntoWithCancel(AbstractPipeline.java:502)
	at java.base/java.util.stream.AbstractPipeline.copyInto(AbstractPipeline.java:488)
	at java.base/java.util.stream.AbstractPipeline.wrapAndCopyInto(AbstractPipeline.java:474)
	at java.base/java.util.stream.ReduceOps$ReduceOp.evaluateSequential(ReduceOps.java:913)
	at java.base/java.util.stream.AbstractPipeline.evaluate(AbstractPipeline.java:234)
	at java.base/java.util.stream.ReferencePipeline.collect(ReferencePipeline.java:578)
	at com.diffblue.cover.h.z.a(SourceFile:96)
	at com.diffblue.fuzztest.d.f.a(SourceFile:33)
	at com.diffblue.fuzztest.b.a.d.a(SourceFile:493)
	at com.diffblue.fuzztest.b.a.d.a(SourceFile:470)
	at com.diffblue.fuzztest.b.a.d.a(SourceFile:402)
	at com.diffblue.fuzztest.b.a.d.d(SourceFile:856)
	at com.diffblue.fuzztest.b.a.d.a(SourceFile:160)
	at com.diffblue.fuzztest.b.a.d.a(SourceFile:123)
	at com.diffblue.fuzztest.b.f.a(SourceFile:564)
	at com.diffblue.fuzztest.b.f.a(SourceFile:292)
	at com.diffblue.fuzztest.b.f.b(SourceFile:377)
	at com.diffblue.fuzztest.g.ae.a(SourceFile:100)
	at com.diffblue.fuzztest.g.af.a(SourceFile:162)
	at com.diffblue.fuzztest.g.ae.a(SourceFile:193)
	at com.diffblue.fuzztest.g.e.r(SourceFile:499)
	at com.diffblue.cover.sandbox.execution.WorkerThread.lambda$callWorkerThread$3(SourceFile:164)
	at com.diffblue.cover.sandbox.execution.WorkerThread.run(SourceFile:265)
Caused by: java.lang.ClassNotFoundException: akka.pattern.CircuitBreaker$Open
	at java.base/java.net.URLClassLoader.findClass(URLClassLoader.java:476)
	at java.base/java.lang.ClassLoader.loadClass(ClassLoader.java:594)
	at com.diffblue.cover.launcher.FilteringClassLoader.loadClassBasedOnPolicy(FilteringClassLoader.java:72)
	at com.diffblue.cover.launcher.FilteringClassLoader.loadClass(FilteringClassLoader.java:60)
	at com.diffblue.cover.i.e.loadClass(SourceFile:67)
	at java.base/java.lang.Class.forName0(Native Method)
	at java.base/java.lang.Class.forName(Class.java:398)
	at com.diffblue.cover.commons.reflect.q.a(SourceFile:525)
	at com.diffblue.tir.h.a.f.a(SourceFile:67)
	... 41 common frames omitted
12:51:35.125 [DEBUG]  [Creating]    [analyzer-service:TimedExecutor-118][com.diffblue.fuzztest.d.s.c] Could not construct class type 'akka.pattern.CircuitBreaker$Open$'
com.diffblue.cover.exception.BaseException: Unable to load class
	at com.diffblue.tir.h.a.f.a(SourceFile:70)
	at com.diffblue.tir.h.a.f.c(SourceFile:92)
	at com.diffblue.fuzztest.d.s.c.a(SourceFile:290)
	at com.diffblue.fuzztest.d.s.c.a(SourceFile:157)
	at com.diffblue.fuzztest.d.s.c.c(SourceFile:103)
	at java.base/java.util.stream.ReferencePipeline$7$1.accept(ReferencePipeline.java:271)
	at java.base/java.util.ArrayList$ArrayListSpliterator.forEachRemaining(ArrayList.java:1655)
	at java.base/java.util.stream.AbstractPipeline.copyInto(AbstractPipeline.java:484)
	at java.base/java.util.stream.AbstractPipeline.wrapAndCopyInto(AbstractPipeline.java:474)
	at java.base/java.util.stream.ReduceOps$ReduceOp.evaluateSequential(ReduceOps.java:913)
	at java.base/java.util.stream.AbstractPipeline.evaluate(AbstractPipeline.java:234)
	at java.base/java.util.stream.ReferencePipeline.collect(ReferencePipeline.java:578)
	at com.diffblue.cover.h.z.a(SourceFile:96)
	at com.diffblue.cover.h.z.a(SourceFile:83)
	at com.diffblue.fuzztest.d.s.c.a(SourceFile:99)
	at com.diffblue.fuzztest.d.f.a(SourceFile:34)
	at java.base/java.util.stream.ReferencePipeline$7$1.accept(ReferencePipeline.java:271)
	at java.base/java.util.ArrayList$ArrayListSpliterator.tryAdvance(ArrayList.java:1632)
	at java.base/java.util.stream.ReferencePipeline.forEachWithCancel(ReferencePipeline.java:127)
	at java.base/java.util.stream.AbstractPipeline.copyIntoWithCancel(AbstractPipeline.java:502)
	at java.base/java.util.stream.AbstractPipeline.copyInto(AbstractPipeline.java:488)
	at java.base/java.util.stream.AbstractPipeline.wrapAndCopyInto(AbstractPipeline.java:474)
	at java.base/java.util.stream.ReduceOps$ReduceOp.evaluateSequential(ReduceOps.java:913)
	at java.base/java.util.stream.AbstractPipeline.evaluate(AbstractPipeline.java:234)
	at java.base/java.util.stream.ReferencePipeline.collect(ReferencePipeline.java:578)
	at com.diffblue.cover.h.z.a(SourceFile:96)
	at com.diffblue.fuzztest.d.f.a(SourceFile:33)
	at com.diffblue.fuzztest.b.a.d.a(SourceFile:493)
	at com.diffblue.fuzztest.b.a.d.a(SourceFile:470)
	at com.diffblue.fuzztest.b.a.d.a(SourceFile:402)
	at com.diffblue.fuzztest.b.a.d.d(SourceFile:856)
	at com.diffblue.fuzztest.b.a.d.a(SourceFile:160)
	at com.diffblue.fuzztest.b.a.d.a(SourceFile:123)
	at com.diffblue.fuzztest.b.f.a(SourceFile:564)
	at com.diffblue.fuzztest.b.f.a(SourceFile:292)
	at com.diffblue.fuzztest.b.f.b(SourceFile:377)
	at com.diffblue.fuzztest.g.ae.a(SourceFile:100)
	at com.diffblue.fuzztest.g.af.a(SourceFile:162)
	at com.diffblue.fuzztest.g.ae.a(SourceFile:193)
	at com.diffblue.fuzztest.g.e.r(SourceFile:499)
	at com.diffblue.cover.sandbox.execution.WorkerThread.lambda$callWorkerThread$3(SourceFile:164)
	at com.diffblue.cover.sandbox.execution.WorkerThread.run(SourceFile:265)
Caused by: java.lang.ClassNotFoundException: akka.pattern.CircuitBreaker$Open
	at java.base/java.net.URLClassLoader.findClass(URLClassLoader.java:476)
	at java.base/java.lang.ClassLoader.loadClass(ClassLoader.java:594)
	at com.diffblue.cover.launcher.FilteringClassLoader.loadClassBasedOnPolicy(FilteringClassLoader.java:72)
	at com.diffblue.cover.launcher.FilteringClassLoader.loadClass(FilteringClassLoader.java:60)
	at com.diffblue.cover.i.e.loadClass(SourceFile:67)
	at java.base/java.lang.Class.forName0(Native Method)
	at java.base/java.lang.Class.forName(Class.java:398)
	at com.diffblue.cover.commons.reflect.q.a(SourceFile:525)
	at com.diffblue.tir.h.a.f.a(SourceFile:67)
	... 41 common frames omitted
12:51:35.125 [DEBUG]  [Creating]    [analyzer-service:TimedExecutor-118][com.diffblue.fuzztest.d.s.c] Could not construct class type 'akka.pattern.CircuitBreaker$Open$'
com.diffblue.cover.exception.BaseException: Unable to load class
	at com.diffblue.tir.h.a.f.a(SourceFile:70)
	at com.diffblue.tir.h.a.f.c(SourceFile:92)
	at com.diffblue.fuzztest.d.s.c.b(SourceFile:274)
	at com.diffblue.fuzztest.d.s.c.a(SourceFile:160)
	at com.diffblue.fuzztest.d.s.c.c(SourceFile:103)
	at java.base/java.util.stream.ReferencePipeline$7$1.accept(ReferencePipeline.java:271)
	at java.base/java.util.ArrayList$ArrayListSpliterator.forEachRemaining(ArrayList.java:1655)
	at java.base/java.util.stream.AbstractPipeline.copyInto(AbstractPipeline.java:484)
	at java.base/java.util.stream.AbstractPipeline.wrapAndCopyInto(AbstractPipeline.java:474)
	at java.base/java.util.stream.ReduceOps$ReduceOp.evaluateSequential(ReduceOps.java:913)
	at java.base/java.util.stream.AbstractPipeline.evaluate(AbstractPipeline.java:234)
	at java.base/java.util.stream.ReferencePipeline.collect(ReferencePipeline.java:578)
	at com.diffblue.cover.h.z.a(SourceFile:96)
	at com.diffblue.cover.h.z.a(SourceFile:83)
	at com.diffblue.fuzztest.d.s.c.a(SourceFile:99)
	at com.diffblue.fuzztest.d.f.a(SourceFile:34)
	at java.base/java.util.stream.ReferencePipeline$7$1.accept(ReferencePipeline.java:271)
	at java.base/java.util.ArrayList$ArrayListSpliterator.tryAdvance(ArrayList.java:1632)
	at java.base/java.util.stream.ReferencePipeline.forEachWithCancel(ReferencePipeline.java:127)
	at java.base/java.util.stream.AbstractPipeline.copyIntoWithCancel(AbstractPipeline.java:502)
	at java.base/java.util.stream.AbstractPipeline.copyInto(AbstractPipeline.java:488)
	at java.base/java.util.stream.AbstractPipeline.wrapAndCopyInto(AbstractPipeline.java:474)
	at java.base/java.util.stream.ReduceOps$ReduceOp.evaluateSequential(ReduceOps.java:913)
	at java.base/java.util.stream.AbstractPipeline.evaluate(AbstractPipeline.java:234)
	at java.base/java.util.stream.ReferencePipeline.collect(ReferencePipeline.java:578)
	at com.diffblue.cover.h.z.a(SourceFile:96)
	at com.diffblue.fuzztest.d.f.a(SourceFile:33)
	at com.diffblue.fuzztest.b.a.d.a(SourceFile:493)
	at com.diffblue.fuzztest.b.a.d.a(SourceFile:470)
	at com.diffblue.fuzztest.b.a.d.a(SourceFile:402)
	at com.diffblue.fuzztest.b.a.d.d(SourceFile:856)
	at com.diffblue.fuzztest.b.a.d.a(SourceFile:160)
	at com.diffblue.fuzztest.b.a.d.a(SourceFile:123)
	at com.diffblue.fuzztest.b.f.a(SourceFile:564)
	at com.diffblue.fuzztest.b.f.a(SourceFile:292)
	at com.diffblue.fuzztest.b.f.b(SourceFile:377)
	at com.diffblue.fuzztest.g.ae.a(SourceFile:100)
	at com.diffblue.fuzztest.g.af.a(SourceFile:162)
	at com.diffblue.fuzztest.g.ae.a(SourceFile:193)
	at com.diffblue.fuzztest.g.e.r(SourceFile:499)
	at com.diffblue.cover.sandbox.execution.WorkerThread.lambda$callWorkerThread$3(SourceFile:164)
	at com.diffblue.cover.sandbox.execution.WorkerThread.run(SourceFile:265)
Caused by: java.lang.ClassNotFoundException: akka.pattern.CircuitBreaker$Open
	at java.base/java.net.URLClassLoader.findClass(URLClassLoader.java:476)
	at java.base/java.lang.ClassLoader.loadClass(ClassLoader.java:594)
	at com.diffblue.cover.launcher.FilteringClassLoader.loadClassBasedOnPolicy(FilteringClassLoader.java:72)
	at com.diffblue.cover.launcher.FilteringClassLoader.loadClass(FilteringClassLoader.java:60)
	at com.diffblue.cover.i.e.loadClass(SourceFile:67)
	at java.base/java.lang.Class.forName0(Native Method)
	at java.base/java.lang.Class.forName(Class.java:398)
	at com.diffblue.cover.commons.reflect.q.a(SourceFile:525)
	at com.diffblue.tir.h.a.f.a(SourceFile:67)
	... 41 common frames omitted
12:51:35.982 [DEBUG]  [Creating]    [analyzer-service:TimedExecutor-118][com.diffblue.cover.service.analyzer.a.c] Watchdog reset
12:51:36.763 [DEBUG]  [Creating]    [analyzer-service:TimedExecutor-118][com.diffblue.cover.service.analyzer.a.c] Watchdog reset
12:51:37.561 [DEBUG]  [Creating]    [analyzer-service:TimedExecutor-118][com.diffblue.cover.service.analyzer.a.c] Watchdog reset
12:51:37.666 [DEBUG]  [Creating]    [analyzer-service:TimedExecutor-118][com.diffblue.fuzztest.b.f] Refinement loop done: 1 seeds, 3+0 new+accumulated tests, 3+0 tests+partial tests, 506/1000 its
12:51:37.820 [DEBUG]  [Creating]    [analyzer-service:TimedExecutor-118][com.diffblue.fuzztest.g.e] DI configuration 'com.diffblue.tir.p' generated tests: 3
12:51:37.821 [DEBUG]  [Creating]    [analyzer-service:TimedExecutor-118][com.diffblue.fuzztest.g.e] Enabling descriptive test naming
12:51:37.830 [DEBUG]  [Creating]    [analyzer-service:grpc-default-executor-2][com.diffblue.fuzztest.e.c] Justification for mocking SiM fallback 1/2: 
  * uk.gov.gchq.palisade.rule.Rule<java.io.Serializable>: SIMPLIFY_SETUP(Simplified setup: mocking can simplify the arrange section)
12:51:37.831 [DEBUG]  [Creating]    [analyzer-service:grpc-default-executor-2][com.diffblue.fuzztest.e.c] Created 3+0 tests and partial tests via 'SiM (!sp, fnm, df)' SiM fallback 1/2, returning all 3
12:51:37.875 [DEBUG]  [Creating]    [pool-3-thread-1]   [com.diffblue.cover.m.a.b] in processAnalysisResult for uk.gov.gchq.palisade.util.RulesUtil.applyRulesToStream:(Ljava/util/stream/Stream;Luk/gov/gchq/palisade/user/User;Luk/gov/gchq/palisade/Context;Luk/gov/gchq/palisade/rule/Rules;Ljava/util/concurrent/atomic/AtomicLong;Ljava/util/concurrent/atomic/AtomicLong;)Ljava/util/stream/Stream;
12:51:37.875 [DEBUG]  [Creating]    [pool-3-thread-1]   [com.diffblue.combiner.d.j] Using Javaparser to combine tests
12:51:37.944 [DEBUG]  [Creating]    [pool-6-thread-41]  [com.diffblue.cover.l.a.c] EdgeCoverageRuntime contains 15 edges
12:51:37.944 [DEBUG]  [Creating]    [pool-3-thread-1]   [com.diffblue.combiner.a.c] Adding changeSet to account as new: Optional[uk.gov.gchq.palisade.util.RulesUtil.applyRulesToStream:(Ljava/util/stream/Stream;Luk/gov/gchq/palisade/user/User;Luk/gov/gchq/palisade/Context;Luk/gov/gchq/palisade/rule/Rules;Ljava/util/concurrent/atomic/AtomicLong;Ljava/util/concurrent/atomic/AtomicLong;)Ljava/util/stream/Stream;]
12:51:37.968 [DEBUG]  [Creating]    [pool-3-thread-1]   [com.diffblue.combiner.d.j] Using Javaparser to combine tests
12:51:38.052 [DEBUG]  [Creating]    [pool-6-thread-42]  [com.diffblue.cover.l.a.c] EdgeCoverageRuntime contains 14 edges
12:51:38.053 [DEBUG]  [Creating]    [pool-3-thread-1]   [com.diffblue.combiner.a.c] Adding changeSet to account as new: Optional[uk.gov.gchq.palisade.util.RulesUtil.applyRulesToStream:(Ljava/util/stream/Stream;Luk/gov/gchq/palisade/user/User;Luk/gov/gchq/palisade/Context;Luk/gov/gchq/palisade/rule/Rules;Ljava/util/concurrent/atomic/AtomicLong;Ljava/util/concurrent/atomic/AtomicLong;)Ljava/util/stream/Stream;]
12:51:38.074 [DEBUG]  [Creating]    [pool-3-thread-1]   [com.diffblue.combiner.d.j] Using Javaparser to combine tests
12:51:38.136 [DEBUG]  [Creating]    [pool-6-thread-43]  [com.diffblue.cover.l.a.c] EdgeCoverageRuntime contains 17 edges
12:51:38.137 [DEBUG]  [Creating]    [pool-3-thread-1]   [com.diffblue.combiner.a.c] Adding changeSet to account as new: Optional[uk.gov.gchq.palisade.util.RulesUtil.applyRulesToStream:(Ljava/util/stream/Stream;Luk/gov/gchq/palisade/user/User;Luk/gov/gchq/palisade/Context;Luk/gov/gchq/palisade/rule/Rules;Ljava/util/concurrent/atomic/AtomicLong;Ljava/util/concurrent/atomic/AtomicLong;)Ljava/util/stream/Stream;]
12:51:38.169 [DEBUG]  [Creating]    [pool-3-thread-1]   [com.diffblue.cover.r.d] Finished with MethodGroup: applyRulesToStream, countOfTests: 3, countOfMethodsTested: 1 TestGenerationAccount: a[countOfRemoved=0, countOfUnchanged=0, countOfUpdated=0, countOfNew=43]
12:51:38.168 [DEBUG]  [Creating]    [analyzer-service:grpc-default-executor-2][com.diffblue.cover.service.analyzer.a.c] Watchdog reset
12:51:38.169 [INFO]   [Creating]    [pool-3-thread-1]   [com.diffblue.cover.ui.b.b]     [115/129] uk.gov.gchq.palisade.util.RulesUtil.applyRulesToStream
12:51:38.169 [INFO]   [Creating]    [pool-3-thread-1]   [com.diffblue.cover.ui.b.b]     [115/129]   Tests created: 3
12:51:38.170 [INFO]   [Creating]    [pool-3-thread-1]   [com.diffblue.cover.ui.b.b] [15/25] uk.gov.gchq.palisade.util.RulesUtil
12:51:38.170 [INFO]   [Creating]    [pool-3-thread-1]   [com.diffblue.cover.ui.b.b] [15/25]   Tests created: 3
12:51:38.170 [DEBUG]  [Creating]    [pool-3-thread-1]   [com.diffblue.cover.ui.b.b] [15/25]   (at least 9 lines uncovered in this class)
12:51:38.171 [INFO]   [Creating]    [pool-3-thread-1]   [com.diffblue.cover.m.a.b] 
================================================================================
= Starting analysis for class 'uk.gov.gchq.palisade.util.UriBuilder'
================================================================================
12:51:38.171 [INFO]   [Creating]    [pool-3-thread-1]   [com.diffblue.cover.m.a.b] Filtering out non-testable methods...
12:51:38.173 [DEBUG]  [Creating]    [pool-3-thread-1]   [com.diffblue.combiner.d.j] Using Javaparser to combine tests
12:51:38.173 [INFO]   [Creating]    [pool-3-thread-1]   [com.diffblue.cover.m.a.b] Filtering of methods complete. Creating analysis request
12:51:38.173 [INFO]   [Creating]    [pool-3-thread-1]   [com.diffblue.cover.service.c] Attempting to get service client, retry 1.
12:51:38.184 [DEBUG]  [Creating]    [analyzer-service:grpc-default-executor-2][com.diffblue.fuzztest.e.a] Class information:
12:51:38.184 [DEBUG]  [Creating]    [analyzer-service:grpc-default-executor-2][com.diffblue.fuzztest.e.a]   Fields: private java.util.Optional uk.gov.gchq.palisade.util.UriBuilder.baseUri
12:51:38.184 [DEBUG]  [Creating]    [analyzer-service:grpc-default-executor-2][com.diffblue.fuzztest.e.a]   Constructors: public uk.gov.gchq.palisade.util.UriBuilder()
12:51:38.185 [DEBUG]  [Creating]    [analyzer-service:grpc-default-executor-2][com.diffblue.fuzztest.e.a]   Methods: private uk.gov.gchq.palisade.util.UriBuilder$IScheme uk.gov.gchq.palisade.util.UriBuilder.build(), public static uk.gov.gchq.palisade.util.UriBuilder$IScheme uk.gov.gchq.palisade.util.UriBuilder.create(), public static uk.gov.gchq.palisade.util.UriBuilder$IScheme uk.gov.gchq.palisade.util.UriBuilder.create(java.net.URI), private java.util.Optional uk.gov.gchq.palisade.util.UriBuilder.lambda$build$0(), private static boolean uk.gov.gchq.palisade.util.UriBuilder.lambda$build$1(java.lang.String), private uk.gov.gchq.palisade.util.UriBuilder$IQuery uk.gov.gchq.palisade.util.UriBuilder.lambda$build$10(java.lang.String,java.lang.String,java.lang.String), private uk.gov.gchq.palisade.util.UriBuilder$IPath uk.gov.gchq.palisade.util.UriBuilder.lambda$build$11(java.lang.String,java.lang.String), private uk.gov.gchq.palisade.util.UriBuilder$IAuthority uk.gov.gchq.palisade.util.UriBuilder.lambda$build$12(java.lang.String), private java.util.Optional uk.gov.gchq.palisade.util.UriBuilder.lambda$build$2(), private java.util.Optional uk.gov.gchq.palisade.util.UriBuilder.lambda$build$3(), private static boolean uk.gov.gchq.palisade.util.UriBuilder.lambda$build$4(java.lang.String), private java.util.Optional uk.gov.gchq.palisade.util.UriBuilder.lambda$build$5(), private static boolean uk.gov.gchq.palisade.util.UriBuilder.lambda$build$6(java.lang.String), private java.util.Optional uk.gov.gchq.palisade.util.UriBuilder.lambda$build$7(), private java.net.URI uk.gov.gchq.palisade.util.UriBuilder.lambda$build$8(java.lang.String,java.lang.String,java.lang.String,java.lang.String,java.lang.String), private uk.gov.gchq.palisade.util.UriBuilder$IFragment uk.gov.gchq.palisade.util.UriBuilder.lambda$build$9(java.lang.String,java.lang.String,java.lang.String,java.lang.String)
12:51:38.191 [DEBUG]  [Creating]    [analyzer-service:TimedExecutor-125][com.diffblue.fuzztest.g.e] 
================================================================================
= Creating tests for 'uk.gov.gchq.palisade.util.UriBuilder.<init>:()V' using 'SiM (!sp, fnm, df)'
================================================================================
12:51:38.195 [DEBUG]  [Creating]    [analyzer-service:TimedExecutor-125][com.diffblue.fuzztest.g.ap] Test file does not exist: /home/jbergqvist/diffblue/Palisade-common/src/test/java/uk/gov/gchq/palisade/util/UriBuilderDiffblueTest.java
12:51:38.195 [DEBUG]  [Creating]    [analyzer-service:TimedExecutor-125][com.diffblue.fuzztest.g.e] 
================================================================================
= Trying DI configuration MockitoDependencyInjection
 @Mock [java.util.Optional<java.net.URI>]
 @InjectMocks [uk.gov.gchq.palisade.util.UriBuilder]
 for uk.gov.gchq.palisade.util.UriBuilder.<init>:()V
================================================================================
12:51:38.349 [DEBUG]  [Creating]    [analyzer-service:TimedExecutor-125][com.diffblue.cover.service.analyzer.a.c] Watchdog reset
12:51:38.349 [DEBUG]  [Creating]    [analyzer-service:TimedExecutor-125][com.diffblue.fuzztest.b.f] Refinement loop done: 1 seeds, 1+0 new+accumulated tests, 1+0 tests+partial tests, 1/1000 its
12:51:38.400 [DEBUG]  [Creating]    [analyzer-service:TimedExecutor-125][com.diffblue.fuzztest.g.e] DI configuration 'com.diffblue.cover.f.d.h' generated no complete tests, trying another
12:51:38.400 [DEBUG]  [Creating]    [analyzer-service:TimedExecutor-125][com.diffblue.fuzztest.g.e] Incompleteness reason 'com.diffblue.cover.message.limitation.MissingObserverMessage' (cause: 'none')
12:51:38.400 [DEBUG]  [Creating]    [analyzer-service:TimedExecutor-125][com.diffblue.fuzztest.g.e] 
================================================================================
= Trying DI configuration EmptyDependencyInjectionTirConfiguration for uk.gov.gchq.palisade.util.UriBuilder.<init>:()V
================================================================================
12:51:38.425 [DEBUG]  [Creating]    [analyzer-service:TimedExecutor-125][com.diffblue.fuzztest.b.f] Refinement loop done: 1 seeds, 1+0 new+accumulated tests, 1+0 tests+partial tests, 1/1000 its
12:51:38.468 [DEBUG]  [Creating]    [analyzer-service:TimedExecutor-125][com.diffblue.fuzztest.g.e] DI configuration 'com.diffblue.tir.p' generated no complete tests, trying another
12:51:38.469 [DEBUG]  [Creating]    [analyzer-service:TimedExecutor-125][com.diffblue.fuzztest.g.e] Incompleteness reason 'com.diffblue.cover.message.limitation.MissingObserverMessage' (cause: 'none')
12:51:38.469 [DEBUG]  [Creating]    [analyzer-service:TimedExecutor-125][com.diffblue.fuzztest.g.e] Enabling descriptive test naming
12:51:38.473 [DEBUG]  [Creating]    [analyzer-service:TimedExecutor-126][com.diffblue.fuzztest.g.e] 
================================================================================
= Creating tests for 'uk.gov.gchq.palisade.util.UriBuilder.<init>:()V' using 'SiM (!sp, !fnm, df)'
================================================================================
12:51:38.477 [DEBUG]  [Creating]    [analyzer-service:TimedExecutor-126][com.diffblue.fuzztest.g.ap] Test file does not exist: /home/jbergqvist/diffblue/Palisade-common/src/test/java/uk/gov/gchq/palisade/util/UriBuilderDiffblueTest.java
12:51:38.477 [DEBUG]  [Creating]    [analyzer-service:TimedExecutor-126][com.diffblue.fuzztest.g.e] 
================================================================================
= Trying DI configuration MockitoDependencyInjection
 @Mock [java.util.Optional<java.net.URI>]
 @InjectMocks [uk.gov.gchq.palisade.util.UriBuilder]
 for uk.gov.gchq.palisade.util.UriBuilder.<init>:()V
================================================================================
12:51:38.497 [DEBUG]  [Creating]    [analyzer-service:TimedExecutor-126][com.diffblue.fuzztest.b.f] Refinement loop done: 1 seeds, 1+0 new+accumulated tests, 1+0 tests+partial tests, 1/1000 its
12:51:38.555 [DEBUG]  [Creating]    [analyzer-service:TimedExecutor-126][com.diffblue.fuzztest.g.e] DI configuration 'com.diffblue.cover.f.d.h' generated no complete tests, trying another
12:51:38.556 [DEBUG]  [Creating]    [analyzer-service:TimedExecutor-126][com.diffblue.fuzztest.g.e] Incompleteness reason 'com.diffblue.cover.message.limitation.MissingObserverMessage' (cause: 'none')
12:51:38.556 [DEBUG]  [Creating]    [analyzer-service:TimedExecutor-126][com.diffblue.fuzztest.g.e] 
================================================================================
= Trying DI configuration EmptyDependencyInjectionTirConfiguration for uk.gov.gchq.palisade.util.UriBuilder.<init>:()V
================================================================================
12:51:38.579 [DEBUG]  [Creating]    [analyzer-service:TimedExecutor-126][com.diffblue.fuzztest.b.f] Refinement loop done: 1 seeds, 1+0 new+accumulated tests, 1+0 tests+partial tests, 1/1000 its
12:51:38.609 [DEBUG]  [Creating]    [analyzer-service:TimedExecutor-126][com.diffblue.fuzztest.g.e] DI configuration 'com.diffblue.tir.p' generated no complete tests, trying another
12:51:38.609 [DEBUG]  [Creating]    [analyzer-service:TimedExecutor-126][com.diffblue.fuzztest.g.e] Incompleteness reason 'com.diffblue.cover.message.limitation.MissingObserverMessage' (cause: 'none')
12:51:38.609 [DEBUG]  [Creating]    [analyzer-service:TimedExecutor-126][com.diffblue.fuzztest.g.e] Enabling descriptive test naming
12:51:38.611 [DEBUG]  [Creating]    [analyzer-service:grpc-default-executor-2][com.diffblue.fuzztest.g.o] All 2 subs either threw or created only partial tests; returning the 1 partial tests created by 'SiM (!sp, fnm, df)'
12:51:38.611 [DEBUG]  [Creating]    [analyzer-service:grpc-default-executor-2][com.diffblue.fuzztest.e.c] Created 1 partial tests via 'SiM (!sp, fnm, df)' , here is the last one:
12:51:38.643 [DEBUG]  [Creating]    [analyzer-service:grpc-default-executor-2][com.diffblue.combiner.d.j] Using Javaparser to combine tests
12:51:38.712 [DEBUG]  [Creating]    [analyzer-service:grpc-default-executor-2][com.diffblue.fuzztest.e.c] == begin partial test ==
12:51:38.712 [DEBUG]  [Creating]    [analyzer-service:grpc-default-executor-2][com.diffblue.fuzztest.e.c] Test:
package uk.gov.gchq.palisade.util;

import com.diffblue.cover.annotations.ManagedByDiffblue;
import com.diffblue.cover.annotations.MethodsUnderTest;
import java.net.URI;
import java.util.Optional;
import org.junit.jupiter.api.DisplayName;
import org.junit.jupiter.api.Tag;
import org.junit.jupiter.api.Test;
import org.junit.jupiter.api.extension.ExtendWith;
import org.mockito.InjectMocks;
import org.mockito.Mock;
import org.mockito.junit.jupiter.MockitoExtension;

@ExtendWith(MockitoExtension.class)
class UriBuilderDiffblueTest {
  @Mock private Optional<URI> optional;

  @InjectMocks private UriBuilder uriBuilder;

  /**
   * Test new {@link UriBuilder} (default constructor).
   *
   * <p>Method under test: default or parameterless constructor of {@link UriBuilder}
   */
  @Test
  @DisplayName("Test new UriBuilder (default constructor)")
  @Tag("ContributionFromDiffblue")
  @ManagedByDiffblue
  @MethodsUnderTest({"void UriBuilder.<init>()"})
  void testNewUriBuilder() {
    // TODO: Diffblue Cover was only able to create a partial test for this method:
    //   Reason: Missing observers.
    //   Diffblue Cover was unable to create an assertion.
    //   Add getters for the following fields or make them package-private:
    //   UriBuilder.baseUri

    // Arrange, Act and Assert
    new UriBuilder();
  }
}

12:51:38.712 [DEBUG]  [Creating]    [analyzer-service:grpc-default-executor-2][com.diffblue.fuzztest.e.c] == end partial test ==
12:51:38.722 [DEBUG]  [Creating]    [analyzer-service:grpc-default-executor-2][com.diffblue.cover.service.analyzer.a.c] Watchdog reset
12:51:38.728 [DEBUG]  [Creating]    [pool-3-thread-1]   [com.diffblue.cover.m.a.b] in processAnalysisResult for uk.gov.gchq.palisade.util.UriBuilder.<init>:()V
12:51:38.731 [DEBUG]  [Creating]    [analyzer-service:TimedExecutor-127][com.diffblue.fuzztest.g.e] 
================================================================================
= Creating tests for 'uk.gov.gchq.palisade.util.UriBuilder.create:()Luk/gov/gchq/palisade/util/UriBuilder$IScheme;' using 'SiM (!sp, fnm, df)'
================================================================================
12:51:38.734 [DEBUG]  [Creating]    [analyzer-service:TimedExecutor-127][com.diffblue.fuzztest.g.ap] Test file does not exist: /home/jbergqvist/diffblue/Palisade-common/src/test/java/uk/gov/gchq/palisade/util/UriBuilderDiffblueTest.java
12:51:38.734 [DEBUG]  [Creating]    [analyzer-service:TimedExecutor-127][com.diffblue.fuzztest.g.e] 
================================================================================
= Trying DI configuration MockitoDependencyInjection
 @Mock [java.util.Optional<java.net.URI>]
 @InjectMocks [uk.gov.gchq.palisade.util.UriBuilder]
 for uk.gov.gchq.palisade.util.UriBuilder.create:()Luk/gov/gchq/palisade/util/UriBuilder$IScheme;
================================================================================
12:51:38.820 [DEBUG]  [Creating]    [analyzer-service:TimedExecutor-127][com.diffblue.fuzztest.b.f] Refinement loop done: 2 seeds, 1+0 new+accumulated tests, 1+0 tests+partial tests, 17/1000 its
12:51:38.933 [DEBUG]  [Creating]    [analyzer-service:TimedExecutor-127][com.diffblue.fuzztest.g.e] DI configuration 'com.diffblue.cover.f.d.h' generated no complete tests, trying another
12:51:38.933 [DEBUG]  [Creating]    [analyzer-service:TimedExecutor-127][com.diffblue.fuzztest.g.e] Incompleteness reason 'com.diffblue.cover.message.limitation.NoMeaningfulAssertionMessage' (cause: 'none')
12:51:38.933 [DEBUG]  [Creating]    [analyzer-service:TimedExecutor-127][com.diffblue.fuzztest.g.e] 
================================================================================
= Trying DI configuration EmptyDependencyInjectionTirConfiguration for uk.gov.gchq.palisade.util.UriBuilder.create:()Luk/gov/gchq/palisade/util/UriBuilder$IScheme;
================================================================================
12:51:38.960 [DEBUG]  [Creating]    [analyzer-service:TimedExecutor-127][com.diffblue.fuzztest.b.f] Refinement loop done: 2 seeds, 1+0 new+accumulated tests, 1+0 tests+partial tests, 17/1000 its
12:51:39.010 [DEBUG]  [Creating]    [analyzer-service:TimedExecutor-127][com.diffblue.fuzztest.g.e] DI configuration 'com.diffblue.tir.p' generated no complete tests, trying another
12:51:39.010 [DEBUG]  [Creating]    [analyzer-service:TimedExecutor-127][com.diffblue.fuzztest.g.e] Incompleteness reason 'com.diffblue.cover.message.limitation.NoMeaningfulAssertionMessage' (cause: 'none')
12:51:39.010 [DEBUG]  [Creating]    [analyzer-service:TimedExecutor-127][com.diffblue.fuzztest.g.e] Enabling descriptive test naming
12:51:39.011 [DEBUG]  [Creating]    [analyzer-service:TimedExecutor-128][com.diffblue.fuzztest.g.e] 
================================================================================
= Creating tests for 'uk.gov.gchq.palisade.util.UriBuilder.create:()Luk/gov/gchq/palisade/util/UriBuilder$IScheme;' using 'SiM (!sp, !fnm, df)'
================================================================================
12:51:39.012 [DEBUG]  [Creating]    [analyzer-service:TimedExecutor-128][com.diffblue.fuzztest.g.ap] Test file does not exist: /home/jbergqvist/diffblue/Palisade-common/src/test/java/uk/gov/gchq/palisade/util/UriBuilderDiffblueTest.java
12:51:39.012 [DEBUG]  [Creating]    [analyzer-service:TimedExecutor-128][com.diffblue.fuzztest.g.e] 
================================================================================
= Trying DI configuration MockitoDependencyInjection
 @Mock [java.util.Optional<java.net.URI>]
 @InjectMocks [uk.gov.gchq.palisade.util.UriBuilder]
 for uk.gov.gchq.palisade.util.UriBuilder.create:()Luk/gov/gchq/palisade/util/UriBuilder$IScheme;
================================================================================
12:51:39.054 [DEBUG]  [Creating]    [analyzer-service:TimedExecutor-128][com.diffblue.fuzztest.b.f] Refinement loop done: 2 seeds, 1+0 new+accumulated tests, 1+0 tests+partial tests, 17/1000 its
12:51:39.128 [DEBUG]  [Creating]    [analyzer-service:TimedExecutor-128][com.diffblue.fuzztest.g.e] DI configuration 'com.diffblue.cover.f.d.h' generated no complete tests, trying another
12:51:39.128 [DEBUG]  [Creating]    [analyzer-service:TimedExecutor-128][com.diffblue.fuzztest.g.e] Incompleteness reason 'com.diffblue.cover.message.limitation.NoMeaningfulAssertionMessage' (cause: 'none')
12:51:39.128 [DEBUG]  [Creating]    [analyzer-service:TimedExecutor-128][com.diffblue.fuzztest.g.e] 
================================================================================
= Trying DI configuration EmptyDependencyInjectionTirConfiguration for uk.gov.gchq.palisade.util.UriBuilder.create:()Luk/gov/gchq/palisade/util/UriBuilder$IScheme;
================================================================================
12:51:39.152 [DEBUG]  [Creating]    [analyzer-service:TimedExecutor-128][com.diffblue.fuzztest.b.f] Refinement loop done: 2 seeds, 1+0 new+accumulated tests, 1+0 tests+partial tests, 17/1000 its
12:51:39.207 [DEBUG]  [Creating]    [analyzer-service:TimedExecutor-128][com.diffblue.fuzztest.g.e] DI configuration 'com.diffblue.tir.p' generated no complete tests, trying another
12:51:39.208 [DEBUG]  [Creating]    [analyzer-service:TimedExecutor-128][com.diffblue.fuzztest.g.e] Incompleteness reason 'com.diffblue.cover.message.limitation.NoMeaningfulAssertionMessage' (cause: 'none')
12:51:39.208 [DEBUG]  [Creating]    [analyzer-service:TimedExecutor-128][com.diffblue.fuzztest.g.e] Enabling descriptive test naming
12:51:39.209 [DEBUG]  [Creating]    [analyzer-service:grpc-default-executor-2][com.diffblue.fuzztest.g.o] All 2 subs either threw or created only partial tests; returning the 1 partial tests created by 'SiM (!sp, fnm, df)'
12:51:39.209 [DEBUG]  [Creating]    [analyzer-service:grpc-default-executor-2][com.diffblue.fuzztest.e.c] Created 1 partial tests via 'SiM (!sp, fnm, df)' , here is the last one:
12:51:39.221 [DEBUG]  [Creating]    [analyzer-service:grpc-default-executor-2][com.diffblue.combiner.d.j] Using Javaparser to combine tests
12:51:39.254 [DEBUG]  [Creating]    [analyzer-service:grpc-default-executor-2][com.diffblue.fuzztest.e.c] == begin partial test ==
12:51:39.255 [DEBUG]  [Creating]    [analyzer-service:grpc-default-executor-2][com.diffblue.fuzztest.e.c] Test:
package uk.gov.gchq.palisade.util;

import com.diffblue.cover.annotations.ManagedByDiffblue;
import com.diffblue.cover.annotations.MethodsUnderTest;
import java.net.URI;
import java.util.Optional;
import org.junit.jupiter.api.DisplayName;
import org.junit.jupiter.api.Tag;
import org.junit.jupiter.api.Test;
import org.junit.jupiter.api.extension.ExtendWith;
import org.mockito.InjectMocks;
import org.mockito.Mock;
import org.mockito.junit.jupiter.MockitoExtension;

@ExtendWith(MockitoExtension.class)
class UriBuilderDiffblueTest {
  @Mock private Optional<URI> optional;

  @InjectMocks private UriBuilder uriBuilder;

  /**
   * Test {@link UriBuilder#create()}.
   *
   * <p>Method under test: {@link UriBuilder#create()}
   */
  @Test
  @DisplayName("Test create()")
  @Tag("ContributionFromDiffblue")
  @ManagedByDiffblue
  @MethodsUnderTest({"UriBuilder.IScheme UriBuilder.create()"})
  void testCreate() {
    // TODO: Diffblue Cover was only able to create a partial test for this method:
    //   Diffblue AI was unable to find a test

    // Arrange, Act and Assert
    UriBuilder.create().withScheme("Scheme");
  }
}

12:51:39.255 [DEBUG]  [Creating]    [analyzer-service:grpc-default-executor-2][com.diffblue.fuzztest.e.c] == end partial test ==
12:51:39.263 [DEBUG]  [Creating]    [pool-3-thread-1]   [com.diffblue.cover.m.a.b] in processAnalysisResult for uk.gov.gchq.palisade.util.UriBuilder.create:()Luk/gov/gchq/palisade/util/UriBuilder$IScheme;
12:51:39.263 [DEBUG]  [Creating]    [pool-3-thread-1]   [com.diffblue.cover.r.d] Finished with MethodGroup: <init>, countOfTests: 0, countOfMethodsTested: 0 TestGenerationAccount: a[countOfRemoved=0, countOfUnchanged=0, countOfUpdated=0, countOfNew=43]
12:51:39.267 [INFO]   [Creating]    [pool-3-thread-1]   [com.diffblue.cover.ui.b.b]     [116/129] uk.gov.gchq.palisade.util.UriBuilder.<init>
12:51:39.267 [INFO]   [Creating]    [pool-3-thread-1]   [com.diffblue.cover.ui.b.b]     [116/129]   R002: Missing observers
12:51:39.267 [DEBUG]  [Creating]    [pool-3-thread-1]   [com.diffblue.cover.ui.b.b]     [116/129]   (at least 2 lines uncovered in this method)
12:51:39.267 [INFO]   [Creating]    [pool-3-thread-1]   [com.diffblue.cover.ui.b.b]     [116/129]     Diffblue Cover was unable to create an assertion.
12:51:39.267 [INFO]   [Creating]    [pool-3-thread-1]   [com.diffblue.cover.ui.b.b]     [116/129]     Add getters for the following fields or make them package-private:
12:51:39.267 [INFO]   [Creating]    [pool-3-thread-1]   [com.diffblue.cover.ui.b.b]     [116/129]     UriBuilder.baseUri
12:51:39.269 [DEBUG]  [Creating]    [analyzer-service:TimedExecutor-129][com.diffblue.fuzztest.g.e] 
================================================================================
= Creating tests for 'uk.gov.gchq.palisade.util.UriBuilder.create:(Ljava/net/URI;)Luk/gov/gchq/palisade/util/UriBuilder$IScheme;' using 'SiM (!sp, fnm, df)'
================================================================================
12:51:39.270 [DEBUG]  [Creating]    [analyzer-service:TimedExecutor-129][com.diffblue.fuzztest.g.ap] Test file does not exist: /home/jbergqvist/diffblue/Palisade-common/src/test/java/uk/gov/gchq/palisade/util/UriBuilderDiffblueTest.java
12:51:39.271 [DEBUG]  [Creating]    [analyzer-service:TimedExecutor-129][com.diffblue.fuzztest.g.e] 
================================================================================
= Trying DI configuration MockitoDependencyInjection
 @Mock [java.util.Optional<java.net.URI>]
 @InjectMocks [uk.gov.gchq.palisade.util.UriBuilder]
 for uk.gov.gchq.palisade.util.UriBuilder.create:(Ljava/net/URI;)Luk/gov/gchq/palisade/util/UriBuilder$IScheme;
================================================================================
12:51:39.777 [DEBUG]  [Creating]    [analyzer-service:TimedExecutor-129][com.diffblue.fuzztest.b.f] Refinement loop done: 2 seeds, 1+0 new+accumulated tests, 1+0 tests+partial tests, 320/1000 its
12:51:39.855 [DEBUG]  [Creating]    [analyzer-service:TimedExecutor-129][com.diffblue.fuzztest.g.e] DI configuration 'com.diffblue.cover.f.d.h' generated no complete tests, trying another
12:51:39.855 [DEBUG]  [Creating]    [analyzer-service:TimedExecutor-129][com.diffblue.fuzztest.g.e] Incompleteness reason 'com.diffblue.cover.message.limitation.NoMeaningfulAssertionMessage' (cause: 'none')
12:51:39.855 [DEBUG]  [Creating]    [analyzer-service:TimedExecutor-129][com.diffblue.fuzztest.g.e] 
================================================================================
= Trying DI configuration EmptyDependencyInjectionTirConfiguration for uk.gov.gchq.palisade.util.UriBuilder.create:(Ljava/net/URI;)Luk/gov/gchq/palisade/util/UriBuilder$IScheme;
================================================================================
12:51:40.007 [DEBUG]  [Creating]    [analyzer-service:TimedExecutor-129][com.diffblue.fuzztest.b.f] Refinement loop done: 2 seeds, 1+0 new+accumulated tests, 1+0 tests+partial tests, 320/1000 its
12:51:40.068 [DEBUG]  [Creating]    [analyzer-service:TimedExecutor-129][com.diffblue.fuzztest.g.e] DI configuration 'com.diffblue.tir.p' generated no complete tests, trying another
12:51:40.068 [DEBUG]  [Creating]    [analyzer-service:TimedExecutor-129][com.diffblue.fuzztest.g.e] Incompleteness reason 'com.diffblue.cover.message.limitation.NoMeaningfulAssertionMessage' (cause: 'none')
12:51:40.068 [DEBUG]  [Creating]    [analyzer-service:TimedExecutor-129][com.diffblue.fuzztest.g.e] Enabling descriptive test naming
12:51:40.069 [DEBUG]  [Creating]    [analyzer-service:TimedExecutor-130][com.diffblue.fuzztest.g.e] 
================================================================================
= Creating tests for 'uk.gov.gchq.palisade.util.UriBuilder.create:(Ljava/net/URI;)Luk/gov/gchq/palisade/util/UriBuilder$IScheme;' using 'SiM (!sp, !fnm, df)'
================================================================================
12:51:40.070 [DEBUG]  [Creating]    [analyzer-service:TimedExecutor-130][com.diffblue.fuzztest.g.ap] Test file does not exist: /home/jbergqvist/diffblue/Palisade-common/src/test/java/uk/gov/gchq/palisade/util/UriBuilderDiffblueTest.java
12:51:40.071 [DEBUG]  [Creating]    [analyzer-service:TimedExecutor-130][com.diffblue.fuzztest.g.e] 
================================================================================
= Trying DI configuration MockitoDependencyInjection
 @Mock [java.util.Optional<java.net.URI>]
 @InjectMocks [uk.gov.gchq.palisade.util.UriBuilder]
 for uk.gov.gchq.palisade.util.UriBuilder.create:(Ljava/net/URI;)Luk/gov/gchq/palisade/util/UriBuilder$IScheme;
================================================================================
12:51:40.332 [DEBUG]  [Creating]    [analyzer-service:TimedExecutor-130][com.diffblue.fuzztest.b.f] Refinement loop done: 2 seeds, 1+0 new+accumulated tests, 1+0 tests+partial tests, 320/1000 its
12:51:40.398 [DEBUG]  [Creating]    [analyzer-service:TimedExecutor-130][com.diffblue.fuzztest.g.e] DI configuration 'com.diffblue.cover.f.d.h' generated no complete tests, trying another
12:51:40.398 [DEBUG]  [Creating]    [analyzer-service:TimedExecutor-130][com.diffblue.fuzztest.g.e] Incompleteness reason 'com.diffblue.cover.message.limitation.NoMeaningfulAssertionMessage' (cause: 'none')
12:51:40.398 [DEBUG]  [Creating]    [analyzer-service:TimedExecutor-130][com.diffblue.fuzztest.g.e] 
================================================================================
= Trying DI configuration EmptyDependencyInjectionTirConfiguration for uk.gov.gchq.palisade.util.UriBuilder.create:(Ljava/net/URI;)Luk/gov/gchq/palisade/util/UriBuilder$IScheme;
================================================================================
12:51:40.535 [DEBUG]  [Creating]    [analyzer-service:TimedExecutor-130][com.diffblue.fuzztest.b.f] Refinement loop done: 2 seeds, 1+0 new+accumulated tests, 1+0 tests+partial tests, 320/1000 its
12:51:40.584 [DEBUG]  [Creating]    [analyzer-service:TimedExecutor-130][com.diffblue.fuzztest.g.e] DI configuration 'com.diffblue.tir.p' generated no complete tests, trying another
12:51:40.584 [DEBUG]  [Creating]    [analyzer-service:TimedExecutor-130][com.diffblue.fuzztest.g.e] Incompleteness reason 'com.diffblue.cover.message.limitation.NoMeaningfulAssertionMessage' (cause: 'none')
12:51:40.584 [DEBUG]  [Creating]    [analyzer-service:TimedExecutor-130][com.diffblue.fuzztest.g.e] Enabling descriptive test naming
12:51:40.585 [DEBUG]  [Creating]    [analyzer-service:grpc-default-executor-2][com.diffblue.fuzztest.g.o] All 2 subs either threw or created only partial tests; returning the 1 partial tests created by 'SiM (!sp, fnm, df)'
12:51:40.585 [DEBUG]  [Creating]    [analyzer-service:grpc-default-executor-2][com.diffblue.fuzztest.e.c] Created 1 partial tests via 'SiM (!sp, fnm, df)' , here is the last one:
12:51:40.594 [DEBUG]  [Creating]    [analyzer-service:grpc-default-executor-2][com.diffblue.combiner.d.j] Using Javaparser to combine tests
12:51:40.615 [DEBUG]  [Creating]    [analyzer-service:grpc-default-executor-2][com.diffblue.fuzztest.e.c] == begin partial test ==
12:51:40.615 [DEBUG]  [Creating]    [analyzer-service:grpc-default-executor-2][com.diffblue.fuzztest.e.c] Test:
package uk.gov.gchq.palisade.util;

import com.diffblue.cover.annotations.ManagedByDiffblue;
import com.diffblue.cover.annotations.MethodsUnderTest;
import java.net.URI;
import java.nio.file.Paths;
import java.util.Optional;
import org.junit.jupiter.api.DisplayName;
import org.junit.jupiter.api.Tag;
import org.junit.jupiter.api.Test;
import org.junit.jupiter.api.extension.ExtendWith;
import org.mockito.InjectMocks;
import org.mockito.Mock;
import org.mockito.junit.jupiter.MockitoExtension;

@ExtendWith(MockitoExtension.class)
class UriBuilderDiffblueTest {
  @Mock private Optional<URI> optional;

  @InjectMocks private UriBuilder uriBuilder;

  /**
   * Test {@link UriBuilder#create(URI)} with {@code URI}.
   *
   * <p>Method under test: {@link UriBuilder#create(URI)}
   */
  @Test
  @DisplayName("Test create(URI) with 'URI'")
  @Tag("ContributionFromDiffblue")
  @ManagedByDiffblue
  @MethodsUnderTest({"UriBuilder.IScheme UriBuilder.create(URI)"})
  void testCreateWithUri() {
    // TODO: Diffblue Cover was only able to create a partial test for this method:
    //   Diffblue AI was unable to find a test

    // Arrange, Act and Assert
    UriBuilder.create(Paths.get(System.getProperty("java.io.tmpdir"), "test.txt").toUri())
        .withScheme("Scheme");
  }
}

12:51:40.615 [DEBUG]  [Creating]    [analyzer-service:grpc-default-executor-2][com.diffblue.fuzztest.e.c] == end partial test ==
12:51:40.620 [DEBUG]  [Creating]    [pool-3-thread-1]   [com.diffblue.cover.m.a.b] in processAnalysisResult for uk.gov.gchq.palisade.util.UriBuilder.create:(Ljava/net/URI;)Luk/gov/gchq/palisade/util/UriBuilder$IScheme;
12:51:40.620 [DEBUG]  [Creating]    [pool-3-thread-1]   [com.diffblue.cover.r.d] Finished with MethodGroup: create, countOfTests: 0, countOfMethodsTested: 0 TestGenerationAccount: a[countOfRemoved=0, countOfUnchanged=0, countOfUpdated=0, countOfNew=43]
12:51:40.621 [INFO]   [Creating]    [pool-3-thread-1]   [com.diffblue.cover.ui.b.b]     [117/129] uk.gov.gchq.palisade.util.UriBuilder.create
12:51:40.621 [INFO]   [Creating]    [pool-3-thread-1]   [com.diffblue.cover.ui.b.b]     [117/129]   Diffblue AI was unable to find a test
12:51:40.621 [DEBUG]  [Creating]    [pool-3-thread-1]   [com.diffblue.cover.ui.b.b]     [117/129]   R004: No meaningful assertions found
12:51:40.621 [DEBUG]  [Creating]    [pool-3-thread-1]   [com.diffblue.cover.ui.b.b]     [117/129]   (at least 1 line uncovered in this method)
12:51:40.621 [DEBUG]  [Creating]    [pool-3-thread-1]   [com.diffblue.cover.ui.b.b]     [117/129]     Diffblue Cover was unable to create an assertion.
12:51:40.621 [DEBUG]  [Creating]    [pool-3-thread-1]   [com.diffblue.cover.ui.b.b]     [117/129]     Fields modified by create() might not
12:51:40.621 [DEBUG]  [Creating]    [pool-3-thread-1]   [com.diffblue.cover.ui.b.b]     [117/129]     have package-private, protected, or public getters.
12:51:40.622 [DEBUG]  [Creating]    [pool-3-thread-1]   [com.diffblue.cover.r.d] Finished with MethodGroup: create, countOfTests: 0, countOfMethodsTested: 0 TestGenerationAccount: a[countOfRemoved=0, countOfUnchanged=0, countOfUpdated=0, countOfNew=43]
12:51:40.623 [INFO]   [Creating]    [pool-3-thread-1]   [com.diffblue.cover.ui.b.b]     [118/129] uk.gov.gchq.palisade.util.UriBuilder.create
12:51:40.623 [INFO]   [Creating]    [pool-3-thread-1]   [com.diffblue.cover.ui.b.b]     [118/129]   Diffblue AI was unable to find a test
12:51:40.623 [DEBUG]  [Creating]    [pool-3-thread-1]   [com.diffblue.cover.ui.b.b]     [118/129]   R004: No meaningful assertions found
12:51:40.623 [DEBUG]  [Creating]    [pool-3-thread-1]   [com.diffblue.cover.ui.b.b]     [118/129]   (at least 3 lines uncovered in this method)
12:51:40.623 [DEBUG]  [Creating]    [pool-3-thread-1]   [com.diffblue.cover.ui.b.b]     [118/129]     Diffblue Cover was unable to create an assertion.
12:51:40.623 [DEBUG]  [Creating]    [pool-3-thread-1]   [com.diffblue.cover.ui.b.b]     [118/129]     Fields modified by create(URI) might not
12:51:40.623 [DEBUG]  [Creating]    [pool-3-thread-1]   [com.diffblue.cover.ui.b.b]     [118/129]     have package-private, protected, or public getters.
12:51:40.624 [INFO]   [Creating]    [pool-3-thread-1]   [com.diffblue.cover.ui.b.b] [16/25] uk.gov.gchq.palisade.util.UriBuilder
12:51:40.624 [INFO]   [Creating]    [pool-3-thread-1]   [com.diffblue.cover.ui.b.b] [16/25]   Tests created: 0
12:51:40.624 [DEBUG]  [Creating]    [pool-3-thread-1]   [com.diffblue.cover.ui.b.b] [16/25]   (at least 6 lines uncovered in this class)
12:51:40.625 [INFO]   [Creating]    [pool-3-thread-1]   [com.diffblue.cover.m.a.b] 
================================================================================
= Starting analysis for class 'uk.gov.gchq.palisade.util.UriBuilder$AuthorityBuilder'
================================================================================
12:51:40.625 [INFO]   [Creating]    [pool-3-thread-1]   [com.diffblue.cover.m.a.b] Filtering out non-testable methods...
12:51:40.628 [INFO]   [Creating]    [pool-3-thread-1]   [com.diffblue.cover.m.a.b] Filtering of methods complete. Creating analysis request
12:51:40.628 [INFO]   [Creating]    [pool-3-thread-1]   [com.diffblue.cover.service.c] Attempting to get service client, retry 1.
12:51:40.640 [DEBUG]  [Creating]    [analyzer-service:grpc-default-executor-2][com.diffblue.fuzztest.e.a] Class information:
12:51:40.641 [DEBUG]  [Creating]    [analyzer-service:grpc-default-executor-2][com.diffblue.fuzztest.e.a]   Fields: private java.util.Optional uk.gov.gchq.palisade.util.UriBuilder$AuthorityBuilder.baseUri
12:51:40.641 [DEBUG]  [Creating]    [analyzer-service:grpc-default-executor-2][com.diffblue.fuzztest.e.a]   Constructors: public uk.gov.gchq.palisade.util.UriBuilder$AuthorityBuilder()
12:51:40.641 [DEBUG]  [Creating]    [analyzer-service:grpc-default-executor-2][com.diffblue.fuzztest.e.a]   Methods: private uk.gov.gchq.palisade.util.UriBuilder$AuthorityBuilder$IUserInfo uk.gov.gchq.palisade.util.UriBuilder$AuthorityBuilder.build(), public static uk.gov.gchq.palisade.util.UriBuilder$AuthorityBuilder$IUserInfo uk.gov.gchq.palisade.util.UriBuilder$AuthorityBuilder.create(), public static uk.gov.gchq.palisade.util.UriBuilder$AuthorityBuilder$IUserInfo uk.gov.gchq.palisade.util.UriBuilder$AuthorityBuilder.create(java.net.URI), private java.util.Optional uk.gov.gchq.palisade.util.UriBuilder$AuthorityBuilder.lambda$build$0(), private static java.lang.String uk.gov.gchq.palisade.util.UriBuilder$AuthorityBuilder.lambda$build$1(java.lang.String), private java.util.Optional uk.gov.gchq.palisade.util.UriBuilder$AuthorityBuilder.lambda$build$2(), private java.util.Optional uk.gov.gchq.palisade.util.UriBuilder$AuthorityBuilder.lambda$build$3(), private static java.lang.String uk.gov.gchq.palisade.util.UriBuilder$AuthorityBuilder.lambda$build$4(java.lang.Integer,java.lang.Integer), private java.lang.String uk.gov.gchq.palisade.util.UriBuilder$AuthorityBuilder.lambda$build$5(java.lang.String,java.lang.String,java.lang.Integer), private uk.gov.gchq.palisade.util.UriBuilder$AuthorityBuilder$IPort uk.gov.gchq.palisade.util.UriBuilder$AuthorityBuilder.lambda$build$6(java.lang.String,java.lang.String), private uk.gov.gchq.palisade.util.UriBuilder$AuthorityBuilder$IHost uk.gov.gchq.palisade.util.UriBuilder$AuthorityBuilder.lambda$build$7(java.lang.String)
12:51:40.649 [DEBUG]  [Creating]    [analyzer-service:TimedExecutor-137][com.diffblue.fuzztest.g.e] 
================================================================================
= Creating tests for 'uk.gov.gchq.palisade.util.UriBuilder$AuthorityBuilder.<init>:()V' using 'SiM (!sp, fnm, df)'
================================================================================
12:51:40.653 [DEBUG]  [Creating]    [analyzer-service:TimedExecutor-137][com.diffblue.fuzztest.g.ap] Test file does not exist: /home/jbergqvist/diffblue/Palisade-common/src/test/java/uk/gov/gchq/palisade/util/UriBuilderDiffblueTest.java
12:51:40.653 [DEBUG]  [Creating]    [analyzer-service:TimedExecutor-137][com.diffblue.fuzztest.g.e] 
================================================================================
= Trying DI configuration MockitoDependencyInjection
 @Mock [java.util.Optional<java.net.URI>]
 @InjectMocks [uk.gov.gchq.palisade.util.UriBuilder$AuthorityBuilder]
 for uk.gov.gchq.palisade.util.UriBuilder$AuthorityBuilder.<init>:()V
================================================================================
12:51:40.684 [DEBUG]  [Creating]    [analyzer-service:TimedExecutor-137][com.diffblue.fuzztest.b.f] Refinement loop done: 1 seeds, 1+0 new+accumulated tests, 1+0 tests+partial tests, 1/1000 its
12:51:40.725 [DEBUG]  [Creating]    [analyzer-service:TimedExecutor-137][com.diffblue.fuzztest.g.e] DI configuration 'com.diffblue.cover.f.d.h' generated no complete tests, trying another
12:51:40.725 [DEBUG]  [Creating]    [analyzer-service:TimedExecutor-137][com.diffblue.fuzztest.g.e] Incompleteness reason 'com.diffblue.cover.message.limitation.MissingObserverMessage' (cause: 'none')
12:51:40.725 [DEBUG]  [Creating]    [analyzer-service:TimedExecutor-137][com.diffblue.fuzztest.g.e] 
================================================================================
= Trying DI configuration EmptyDependencyInjectionTirConfiguration for uk.gov.gchq.palisade.util.UriBuilder$AuthorityBuilder.<init>:()V
================================================================================
12:51:40.743 [DEBUG]  [Creating]    [analyzer-service:TimedExecutor-137][com.diffblue.fuzztest.b.f] Refinement loop done: 1 seeds, 1+0 new+accumulated tests, 1+0 tests+partial tests, 1/1000 its
12:51:40.761 [DEBUG]  [Creating]    [analyzer-service:TimedExecutor-137][com.diffblue.fuzztest.g.e] DI configuration 'com.diffblue.tir.p' generated no complete tests, trying another
12:51:40.761 [DEBUG]  [Creating]    [analyzer-service:TimedExecutor-137][com.diffblue.fuzztest.g.e] Incompleteness reason 'com.diffblue.cover.message.limitation.MissingObserverMessage' (cause: 'none')
12:51:40.761 [DEBUG]  [Creating]    [analyzer-service:TimedExecutor-137][com.diffblue.fuzztest.g.e] Enabling descriptive test naming
12:51:40.762 [DEBUG]  [Creating]    [analyzer-service:TimedExecutor-138][com.diffblue.fuzztest.g.e] 
================================================================================
= Creating tests for 'uk.gov.gchq.palisade.util.UriBuilder$AuthorityBuilder.<init>:()V' using 'SiM (!sp, !fnm, df)'
================================================================================
12:51:40.763 [DEBUG]  [Creating]    [analyzer-service:TimedExecutor-138][com.diffblue.fuzztest.g.ap] Test file does not exist: /home/jbergqvist/diffblue/Palisade-common/src/test/java/uk/gov/gchq/palisade/util/UriBuilderDiffblueTest.java
12:51:40.763 [DEBUG]  [Creating]    [analyzer-service:TimedExecutor-138][com.diffblue.fuzztest.g.e] 
================================================================================
= Trying DI configuration MockitoDependencyInjection
 @Mock [java.util.Optional<java.net.URI>]
 @InjectMocks [uk.gov.gchq.palisade.util.UriBuilder$AuthorityBuilder]
 for uk.gov.gchq.palisade.util.UriBuilder$AuthorityBuilder.<init>:()V
================================================================================
12:51:40.778 [DEBUG]  [Creating]    [analyzer-service:TimedExecutor-138][com.diffblue.fuzztest.b.f] Refinement loop done: 1 seeds, 1+0 new+accumulated tests, 1+0 tests+partial tests, 1/1000 its
12:51:40.815 [DEBUG]  [Creating]    [analyzer-service:TimedExecutor-138][com.diffblue.fuzztest.g.e] DI configuration 'com.diffblue.cover.f.d.h' generated no complete tests, trying another
12:51:40.816 [DEBUG]  [Creating]    [analyzer-service:TimedExecutor-138][com.diffblue.fuzztest.g.e] Incompleteness reason 'com.diffblue.cover.message.limitation.MissingObserverMessage' (cause: 'none')
12:51:40.816 [DEBUG]  [Creating]    [analyzer-service:TimedExecutor-138][com.diffblue.fuzztest.g.e] 
================================================================================
= Trying DI configuration EmptyDependencyInjectionTirConfiguration for uk.gov.gchq.palisade.util.UriBuilder$AuthorityBuilder.<init>:()V
================================================================================
12:51:40.832 [DEBUG]  [Creating]    [analyzer-service:TimedExecutor-138][com.diffblue.fuzztest.b.f] Refinement loop done: 1 seeds, 1+0 new+accumulated tests, 1+0 tests+partial tests, 1/1000 its
12:51:40.849 [DEBUG]  [Creating]    [analyzer-service:TimedExecutor-138][com.diffblue.fuzztest.g.e] DI configuration 'com.diffblue.tir.p' generated no complete tests, trying another
12:51:40.850 [DEBUG]  [Creating]    [analyzer-service:TimedExecutor-138][com.diffblue.fuzztest.g.e] Incompleteness reason 'com.diffblue.cover.message.limitation.MissingObserverMessage' (cause: 'none')
12:51:40.850 [DEBUG]  [Creating]    [analyzer-service:TimedExecutor-138][com.diffblue.fuzztest.g.e] Enabling descriptive test naming
12:51:40.850 [DEBUG]  [Creating]    [analyzer-service:grpc-default-executor-2][com.diffblue.fuzztest.g.o] All 2 subs either threw or created only partial tests; returning the 1 partial tests created by 'SiM (!sp, fnm, df)'
12:51:40.851 [DEBUG]  [Creating]    [analyzer-service:grpc-default-executor-2][com.diffblue.fuzztest.e.c] Created 1 partial tests via 'SiM (!sp, fnm, df)' , here is the last one:
12:51:40.861 [DEBUG]  [Creating]    [analyzer-service:grpc-default-executor-2][com.diffblue.combiner.d.j] Using Javaparser to combine tests
12:51:40.889 [DEBUG]  [Creating]    [analyzer-service:grpc-default-executor-2][com.diffblue.fuzztest.e.c] == begin partial test ==
12:51:40.889 [DEBUG]  [Creating]    [analyzer-service:grpc-default-executor-2][com.diffblue.fuzztest.e.c] Test:
package uk.gov.gchq.palisade.util;

import com.diffblue.cover.annotations.ManagedByDiffblue;
import com.diffblue.cover.annotations.MethodsUnderTest;
import java.net.URI;
import java.util.Optional;
import org.junit.jupiter.api.DisplayName;
import org.junit.jupiter.api.Tag;
import org.junit.jupiter.api.Test;
import org.junit.jupiter.api.extension.ExtendWith;
import org.mockito.InjectMocks;
import org.mockito.Mock;
import org.mockito.junit.jupiter.MockitoExtension;
import uk.gov.gchq.palisade.util.UriBuilder.AuthorityBuilder;

@ExtendWith(MockitoExtension.class)
class UriBuilderDiffblueTest {
  @InjectMocks private AuthorityBuilder authorityBuilder;

  @Mock private Optional<URI> optional;

  /**
   * Test AuthorityBuilder new {@link AuthorityBuilder} (default constructor).
   *
   * <p>Method under test: default or parameterless constructor of {@link AuthorityBuilder}
   */
  @Test
  @DisplayName("Test AuthorityBuilder new AuthorityBuilder (default constructor)")
  @Tag("ContributionFromDiffblue")
  @ManagedByDiffblue
  @MethodsUnderTest({"void AuthorityBuilder.<init>()"})
  void testAuthorityBuilderNewAuthorityBuilder() {
    // TODO: Diffblue Cover was only able to create a partial test for this method:
    //   Reason: Missing observers.
    //   Diffblue Cover was unable to create an assertion.
    //   Add getters for the following fields or make them package-private:
    //   AuthorityBuilder.baseUri

    // Arrange, Act and Assert
    new AuthorityBuilder();
  }
}

12:51:40.889 [DEBUG]  [Creating]    [analyzer-service:grpc-default-executor-2][com.diffblue.fuzztest.e.c] == end partial test ==
12:51:40.896 [DEBUG]  [Creating]    [pool-3-thread-1]   [com.diffblue.cover.m.a.b] in processAnalysisResult for uk.gov.gchq.palisade.util.UriBuilder$AuthorityBuilder.<init>:()V
12:51:40.897 [DEBUG]  [Creating]    [analyzer-service:TimedExecutor-139][com.diffblue.fuzztest.g.e] 
================================================================================
= Creating tests for 'uk.gov.gchq.palisade.util.UriBuilder$AuthorityBuilder.create:()Luk/gov/gchq/palisade/util/UriBuilder$AuthorityBuilder$IUserInfo;' using 'SiM (!sp, fnm, df)'
================================================================================
12:51:40.898 [DEBUG]  [Creating]    [analyzer-service:TimedExecutor-139][com.diffblue.fuzztest.g.ap] Test file does not exist: /home/jbergqvist/diffblue/Palisade-common/src/test/java/uk/gov/gchq/palisade/util/UriBuilderDiffblueTest.java
12:51:40.898 [DEBUG]  [Creating]    [analyzer-service:TimedExecutor-139][com.diffblue.fuzztest.g.e] 
================================================================================
= Trying DI configuration MockitoDependencyInjection
 @Mock [java.util.Optional<java.net.URI>]
 @InjectMocks [uk.gov.gchq.palisade.util.UriBuilder$AuthorityBuilder]
 for uk.gov.gchq.palisade.util.UriBuilder$AuthorityBuilder.create:()Luk/gov/gchq/palisade/util/UriBuilder$AuthorityBuilder$IUserInfo;
================================================================================
12:51:40.934 [DEBUG]  [Creating]    [analyzer-service:TimedExecutor-139][com.diffblue.fuzztest.b.f] Refinement loop done: 2 seeds, 1+0 new+accumulated tests, 1+0 tests+partial tests, 17/1000 its
12:51:40.991 [DEBUG]  [Creating]    [analyzer-service:TimedExecutor-139][com.diffblue.fuzztest.g.e] DI configuration 'com.diffblue.cover.f.d.h' generated no complete tests, trying another
12:51:40.991 [DEBUG]  [Creating]    [analyzer-service:TimedExecutor-139][com.diffblue.fuzztest.g.e] Incompleteness reason 'com.diffblue.cover.message.limitation.NoMeaningfulAssertionMessage' (cause: 'none')
12:51:40.991 [DEBUG]  [Creating]    [analyzer-service:TimedExecutor-139][com.diffblue.fuzztest.g.e] 
================================================================================
= Trying DI configuration EmptyDependencyInjectionTirConfiguration for uk.gov.gchq.palisade.util.UriBuilder$AuthorityBuilder.create:()Luk/gov/gchq/palisade/util/UriBuilder$AuthorityBuilder$IUserInfo;
================================================================================
12:51:41.012 [DEBUG]  [Creating]    [analyzer-service:TimedExecutor-139][com.diffblue.fuzztest.b.f] Refinement loop done: 2 seeds, 1+0 new+accumulated tests, 1+0 tests+partial tests, 17/1000 its
12:51:41.063 [DEBUG]  [Creating]    [analyzer-service:TimedExecutor-139][com.diffblue.fuzztest.g.e] DI configuration 'com.diffblue.tir.p' generated no complete tests, trying another
12:51:41.063 [DEBUG]  [Creating]    [analyzer-service:TimedExecutor-139][com.diffblue.fuzztest.g.e] Incompleteness reason 'com.diffblue.cover.message.limitation.NoMeaningfulAssertionMessage' (cause: 'none')
12:51:41.063 [DEBUG]  [Creating]    [analyzer-service:TimedExecutor-139][com.diffblue.fuzztest.g.e] Enabling descriptive test naming
12:51:41.064 [DEBUG]  [Creating]    [analyzer-service:TimedExecutor-140][com.diffblue.fuzztest.g.e] 
================================================================================
= Creating tests for 'uk.gov.gchq.palisade.util.UriBuilder$AuthorityBuilder.create:()Luk/gov/gchq/palisade/util/UriBuilder$AuthorityBuilder$IUserInfo;' using 'SiM (!sp, !fnm, df)'
================================================================================
12:51:41.065 [DEBUG]  [Creating]    [analyzer-service:TimedExecutor-140][com.diffblue.fuzztest.g.ap] Test file does not exist: /home/jbergqvist/diffblue/Palisade-common/src/test/java/uk/gov/gchq/palisade/util/UriBuilderDiffblueTest.java
12:51:41.065 [DEBUG]  [Creating]    [analyzer-service:TimedExecutor-140][com.diffblue.fuzztest.g.e] 
================================================================================
= Trying DI configuration MockitoDependencyInjection
 @Mock [java.util.Optional<java.net.URI>]
 @InjectMocks [uk.gov.gchq.palisade.util.UriBuilder$AuthorityBuilder]
 for uk.gov.gchq.palisade.util.UriBuilder$AuthorityBuilder.create:()Luk/gov/gchq/palisade/util/UriBuilder$AuthorityBuilder$IUserInfo;
================================================================================
12:51:41.097 [DEBUG]  [Creating]    [analyzer-service:TimedExecutor-140][com.diffblue.fuzztest.b.f] Refinement loop done: 2 seeds, 1+0 new+accumulated tests, 1+0 tests+partial tests, 17/1000 its
12:51:41.148 [DEBUG]  [Creating]    [analyzer-service:TimedExecutor-140][com.diffblue.fuzztest.g.e] DI configuration 'com.diffblue.cover.f.d.h' generated no complete tests, trying another
12:51:41.149 [DEBUG]  [Creating]    [analyzer-service:TimedExecutor-140][com.diffblue.fuzztest.g.e] Incompleteness reason 'com.diffblue.cover.message.limitation.NoMeaningfulAssertionMessage' (cause: 'none')
12:51:41.149 [DEBUG]  [Creating]    [analyzer-service:TimedExecutor-140][com.diffblue.fuzztest.g.e] 
================================================================================
= Trying DI configuration EmptyDependencyInjectionTirConfiguration for uk.gov.gchq.palisade.util.UriBuilder$AuthorityBuilder.create:()Luk/gov/gchq/palisade/util/UriBuilder$AuthorityBuilder$IUserInfo;
================================================================================
12:51:41.167 [DEBUG]  [Creating]    [analyzer-service:TimedExecutor-140][com.diffblue.fuzztest.b.f] Refinement loop done: 2 seeds, 1+0 new+accumulated tests, 1+0 tests+partial tests, 17/1000 its
12:51:41.210 [DEBUG]  [Creating]    [analyzer-service:TimedExecutor-140][com.diffblue.fuzztest.g.e] DI configuration 'com.diffblue.tir.p' generated no complete tests, trying another
12:51:41.210 [DEBUG]  [Creating]    [analyzer-service:TimedExecutor-140][com.diffblue.fuzztest.g.e] Incompleteness reason 'com.diffblue.cover.message.limitation.NoMeaningfulAssertionMessage' (cause: 'none')
12:51:41.210 [DEBUG]  [Creating]    [analyzer-service:TimedExecutor-140][com.diffblue.fuzztest.g.e] Enabling descriptive test naming
12:51:41.211 [DEBUG]  [Creating]    [analyzer-service:grpc-default-executor-2][com.diffblue.fuzztest.g.o] All 2 subs either threw or created only partial tests; returning the 1 partial tests created by 'SiM (!sp, fnm, df)'
12:51:41.211 [DEBUG]  [Creating]    [analyzer-service:grpc-default-executor-2][com.diffblue.fuzztest.e.c] Created 1 partial tests via 'SiM (!sp, fnm, df)' , here is the last one:
12:51:41.218 [DEBUG]  [Creating]    [analyzer-service:grpc-default-executor-2][com.diffblue.combiner.d.j] Using Javaparser to combine tests
12:51:41.236 [DEBUG]  [Creating]    [analyzer-service:grpc-default-executor-2][com.diffblue.fuzztest.e.c] == begin partial test ==
12:51:41.236 [DEBUG]  [Creating]    [analyzer-service:grpc-default-executor-2][com.diffblue.fuzztest.e.c] Test:
package uk.gov.gchq.palisade.util;

import com.diffblue.cover.annotations.ManagedByDiffblue;
import com.diffblue.cover.annotations.MethodsUnderTest;
import java.net.URI;
import java.util.Optional;
import org.junit.jupiter.api.DisplayName;
import org.junit.jupiter.api.Tag;
import org.junit.jupiter.api.Test;
import org.junit.jupiter.api.extension.ExtendWith;
import org.mockito.InjectMocks;
import org.mockito.Mock;
import org.mockito.junit.jupiter.MockitoExtension;
import uk.gov.gchq.palisade.util.UriBuilder.AuthorityBuilder;

@ExtendWith(MockitoExtension.class)
class UriBuilderDiffblueTest {
  @InjectMocks private AuthorityBuilder authorityBuilder;

  @Mock private Optional<URI> optional;

  /**
   * Test AuthorityBuilder {@link AuthorityBuilder#create()}.
   *
   * <p>Method under test: {@link AuthorityBuilder#create()}
   */
  @Test
  @DisplayName("Test AuthorityBuilder create()")
  @Tag("ContributionFromDiffblue")
  @ManagedByDiffblue
  @MethodsUnderTest({"AuthorityBuilder.IUserInfo AuthorityBuilder.create()"})
  void testAuthorityBuilderCreate() {
    // TODO: Diffblue Cover was only able to create a partial test for this method:
    //   Diffblue AI was unable to find a test

    // Arrange, Act and Assert
    AuthorityBuilder.create().withUserInfo("User Info");
  }
}

12:51:41.236 [DEBUG]  [Creating]    [analyzer-service:grpc-default-executor-2][com.diffblue.fuzztest.e.c] == end partial test ==
12:51:41.240 [DEBUG]  [Creating]    [pool-3-thread-1]   [com.diffblue.cover.m.a.b] in processAnalysisResult for uk.gov.gchq.palisade.util.UriBuilder$AuthorityBuilder.create:()Luk/gov/gchq/palisade/util/UriBuilder$AuthorityBuilder$IUserInfo;
12:51:41.241 [DEBUG]  [Creating]    [pool-3-thread-1]   [com.diffblue.cover.r.d] Finished with MethodGroup: <init>, countOfTests: 0, countOfMethodsTested: 0 TestGenerationAccount: a[countOfRemoved=0, countOfUnchanged=0, countOfUpdated=0, countOfNew=43]
12:51:41.242 [INFO]   [Creating]    [pool-3-thread-1]   [com.diffblue.cover.ui.b.b]     [119/129] uk.gov.gchq.palisade.util.UriBuilder$AuthorityBuilder.<init>
12:51:41.242 [INFO]   [Creating]    [pool-3-thread-1]   [com.diffblue.cover.ui.b.b]     [119/129]   R002: Missing observers
12:51:41.242 [DEBUG]  [Creating]    [pool-3-thread-1]   [com.diffblue.cover.ui.b.b]     [119/129]   (at least 2 lines uncovered in this method)
12:51:41.242 [INFO]   [Creating]    [pool-3-thread-1]   [com.diffblue.cover.ui.b.b]     [119/129]     Diffblue Cover was unable to create an assertion.
12:51:41.242 [INFO]   [Creating]    [pool-3-thread-1]   [com.diffblue.cover.ui.b.b]     [119/129]     Add getters for the following fields or make them package-private:
12:51:41.242 [INFO]   [Creating]    [pool-3-thread-1]   [com.diffblue.cover.ui.b.b]     [119/129]     AuthorityBuilder.baseUri
12:51:41.243 [DEBUG]  [Creating]    [analyzer-service:TimedExecutor-141][com.diffblue.fuzztest.g.e] 
================================================================================
= Creating tests for 'uk.gov.gchq.palisade.util.UriBuilder$AuthorityBuilder.create:(Ljava/net/URI;)Luk/gov/gchq/palisade/util/UriBuilder$AuthorityBuilder$IUserInfo;' using 'SiM (!sp, fnm, df)'
================================================================================
12:51:41.244 [DEBUG]  [Creating]    [analyzer-service:TimedExecutor-141][com.diffblue.fuzztest.g.ap] Test file does not exist: /home/jbergqvist/diffblue/Palisade-common/src/test/java/uk/gov/gchq/palisade/util/UriBuilderDiffblueTest.java
12:51:41.244 [DEBUG]  [Creating]    [analyzer-service:TimedExecutor-141][com.diffblue.fuzztest.g.e] 
================================================================================
= Trying DI configuration MockitoDependencyInjection
 @Mock [java.util.Optional<java.net.URI>]
 @InjectMocks [uk.gov.gchq.palisade.util.UriBuilder$AuthorityBuilder]
 for uk.gov.gchq.palisade.util.UriBuilder$AuthorityBuilder.create:(Ljava/net/URI;)Luk/gov/gchq/palisade/util/UriBuilder$AuthorityBuilder$IUserInfo;
================================================================================
12:51:41.500 [DEBUG]  [Creating]    [analyzer-service:TimedExecutor-141][com.diffblue.fuzztest.b.f] Refinement loop done: 2 seeds, 1+0 new+accumulated tests, 1+0 tests+partial tests, 320/1000 its
12:51:41.565 [DEBUG]  [Creating]    [analyzer-service:TimedExecutor-141][com.diffblue.fuzztest.g.e] DI configuration 'com.diffblue.cover.f.d.h' generated no complete tests, trying another
12:51:41.565 [DEBUG]  [Creating]    [analyzer-service:TimedExecutor-141][com.diffblue.fuzztest.g.e] Incompleteness reason 'com.diffblue.cover.message.limitation.NoMeaningfulAssertionMessage' (cause: 'none')
12:51:41.565 [DEBUG]  [Creating]    [analyzer-service:TimedExecutor-141][com.diffblue.fuzztest.g.e] 
================================================================================
= Trying DI configuration EmptyDependencyInjectionTirConfiguration for uk.gov.gchq.palisade.util.UriBuilder$AuthorityBuilder.create:(Ljava/net/URI;)Luk/gov/gchq/palisade/util/UriBuilder$AuthorityBuilder$IUserInfo;
================================================================================
12:51:41.708 [DEBUG]  [Creating]    [analyzer-service:TimedExecutor-141][com.diffblue.fuzztest.b.f] Refinement loop done: 2 seeds, 1+0 new+accumulated tests, 1+0 tests+partial tests, 320/1000 its
12:51:41.760 [DEBUG]  [Creating]    [analyzer-service:TimedExecutor-141][com.diffblue.fuzztest.g.e] DI configuration 'com.diffblue.tir.p' generated no complete tests, trying another
12:51:41.761 [DEBUG]  [Creating]    [analyzer-service:TimedExecutor-141][com.diffblue.fuzztest.g.e] Incompleteness reason 'com.diffblue.cover.message.limitation.NoMeaningfulAssertionMessage' (cause: 'none')
12:51:41.761 [DEBUG]  [Creating]    [analyzer-service:TimedExecutor-141][com.diffblue.fuzztest.g.e] Enabling descriptive test naming
12:51:41.762 [DEBUG]  [Creating]    [analyzer-service:TimedExecutor-142][com.diffblue.fuzztest.g.e] 
================================================================================
= Creating tests for 'uk.gov.gchq.palisade.util.UriBuilder$AuthorityBuilder.create:(Ljava/net/URI;)Luk/gov/gchq/palisade/util/UriBuilder$AuthorityBuilder$IUserInfo;' using 'SiM (!sp, !fnm, df)'
================================================================================
12:51:41.763 [DEBUG]  [Creating]    [analyzer-service:TimedExecutor-142][com.diffblue.fuzztest.g.ap] Test file does not exist: /home/jbergqvist/diffblue/Palisade-common/src/test/java/uk/gov/gchq/palisade/util/UriBuilderDiffblueTest.java
12:51:41.763 [DEBUG]  [Creating]    [analyzer-service:TimedExecutor-142][com.diffblue.fuzztest.g.e] 
================================================================================
= Trying DI configuration MockitoDependencyInjection
 @Mock [java.util.Optional<java.net.URI>]
 @InjectMocks [uk.gov.gchq.palisade.util.UriBuilder$AuthorityBuilder]
 for uk.gov.gchq.palisade.util.UriBuilder$AuthorityBuilder.create:(Ljava/net/URI;)Luk/gov/gchq/palisade/util/UriBuilder$AuthorityBuilder$IUserInfo;
================================================================================
12:51:41.991 [DEBUG]  [Creating]    [analyzer-service:TimedExecutor-142][com.diffblue.fuzztest.b.f] Refinement loop done: 2 seeds, 1+0 new+accumulated tests, 1+0 tests+partial tests, 320/1000 its
12:51:42.051 [DEBUG]  [Creating]    [analyzer-service:TimedExecutor-142][com.diffblue.fuzztest.g.e] DI configuration 'com.diffblue.cover.f.d.h' generated no complete tests, trying another
12:51:42.051 [DEBUG]  [Creating]    [analyzer-service:TimedExecutor-142][com.diffblue.fuzztest.g.e] Incompleteness reason 'com.diffblue.cover.message.limitation.NoMeaningfulAssertionMessage' (cause: 'none')
12:51:42.051 [DEBUG]  [Creating]    [analyzer-service:TimedExecutor-142][com.diffblue.fuzztest.g.e] 
================================================================================
= Trying DI configuration EmptyDependencyInjectionTirConfiguration for uk.gov.gchq.palisade.util.UriBuilder$AuthorityBuilder.create:(Ljava/net/URI;)Luk/gov/gchq/palisade/util/UriBuilder$AuthorityBuilder$IUserInfo;
================================================================================
12:51:42.185 [DEBUG]  [Creating]    [analyzer-service:TimedExecutor-142][com.diffblue.fuzztest.b.f] Refinement loop done: 2 seeds, 1+0 new+accumulated tests, 1+0 tests+partial tests, 320/1000 its
12:51:42.235 [DEBUG]  [Creating]    [analyzer-service:TimedExecutor-142][com.diffblue.fuzztest.g.e] DI configuration 'com.diffblue.tir.p' generated no complete tests, trying another
12:51:42.236 [DEBUG]  [Creating]    [analyzer-service:TimedExecutor-142][com.diffblue.fuzztest.g.e] Incompleteness reason 'com.diffblue.cover.message.limitation.NoMeaningfulAssertionMessage' (cause: 'none')
12:51:42.236 [DEBUG]  [Creating]    [analyzer-service:TimedExecutor-142][com.diffblue.fuzztest.g.e] Enabling descriptive test naming
12:51:42.237 [DEBUG]  [Creating]    [analyzer-service:grpc-default-executor-2][com.diffblue.fuzztest.g.o] All 2 subs either threw or created only partial tests; returning the 1 partial tests created by 'SiM (!sp, fnm, df)'
12:51:42.237 [DEBUG]  [Creating]    [analyzer-service:grpc-default-executor-2][com.diffblue.fuzztest.e.c] Created 1 partial tests via 'SiM (!sp, fnm, df)' , here is the last one:
12:51:42.245 [DEBUG]  [Creating]    [analyzer-service:grpc-default-executor-2][com.diffblue.combiner.d.j] Using Javaparser to combine tests
12:51:42.270 [DEBUG]  [Creating]    [analyzer-service:grpc-default-executor-2][com.diffblue.fuzztest.e.c] == begin partial test ==
12:51:42.270 [DEBUG]  [Creating]    [analyzer-service:grpc-default-executor-2][com.diffblue.fuzztest.e.c] Test:
package uk.gov.gchq.palisade.util;

import com.diffblue.cover.annotations.ManagedByDiffblue;
import com.diffblue.cover.annotations.MethodsUnderTest;
import java.net.URI;
import java.nio.file.Paths;
import java.util.Optional;
import org.junit.jupiter.api.DisplayName;
import org.junit.jupiter.api.Tag;
import org.junit.jupiter.api.Test;
import org.junit.jupiter.api.extension.ExtendWith;
import org.mockito.InjectMocks;
import org.mockito.Mock;
import org.mockito.junit.jupiter.MockitoExtension;
import uk.gov.gchq.palisade.util.UriBuilder.AuthorityBuilder;

@ExtendWith(MockitoExtension.class)
class UriBuilderDiffblueTest {
  @InjectMocks private AuthorityBuilder authorityBuilder;

  @Mock private Optional<URI> optional;

  /**
   * Test AuthorityBuilder {@link AuthorityBuilder#create(URI)} with {@code URI}.
   *
   * <p>Method under test: {@link AuthorityBuilder#create(URI)}
   */
  @Test
  @DisplayName("Test AuthorityBuilder create(URI) with 'URI'")
  @Tag("ContributionFromDiffblue")
  @ManagedByDiffblue
  @MethodsUnderTest({"AuthorityBuilder.IUserInfo AuthorityBuilder.create(URI)"})
  void testAuthorityBuilderCreateWithUri() {
    // TODO: Diffblue Cover was only able to create a partial test for this method:
    //   Diffblue AI was unable to find a test

    // Arrange, Act and Assert
    AuthorityBuilder.create(Paths.get(System.getProperty("java.io.tmpdir"), "test.txt").toUri())
        .withUserInfo("User Info");
  }
}

12:51:42.270 [DEBUG]  [Creating]    [analyzer-service:grpc-default-executor-2][com.diffblue.fuzztest.e.c] == end partial test ==
12:51:42.275 [DEBUG]  [Creating]    [pool-3-thread-1]   [com.diffblue.cover.m.a.b] in processAnalysisResult for uk.gov.gchq.palisade.util.UriBuilder$AuthorityBuilder.create:(Ljava/net/URI;)Luk/gov/gchq/palisade/util/UriBuilder$AuthorityBuilder$IUserInfo;
12:51:42.275 [DEBUG]  [Creating]    [pool-3-thread-1]   [com.diffblue.cover.r.d] Finished with MethodGroup: create, countOfTests: 0, countOfMethodsTested: 0 TestGenerationAccount: a[countOfRemoved=0, countOfUnchanged=0, countOfUpdated=0, countOfNew=43]
12:51:42.275 [INFO]   [Creating]    [pool-3-thread-1]   [com.diffblue.cover.ui.b.b]     [120/129] uk.gov.gchq.palisade.util.UriBuilder$AuthorityBuilder.create
12:51:42.275 [INFO]   [Creating]    [pool-3-thread-1]   [com.diffblue.cover.ui.b.b]     [120/129]   Diffblue AI was unable to find a test
12:51:42.275 [DEBUG]  [Creating]    [pool-3-thread-1]   [com.diffblue.cover.ui.b.b]     [120/129]   R004: No meaningful assertions found
12:51:42.275 [DEBUG]  [Creating]    [pool-3-thread-1]   [com.diffblue.cover.ui.b.b]     [120/129]   (at least 1 line uncovered in this method)
12:51:42.275 [DEBUG]  [Creating]    [pool-3-thread-1]   [com.diffblue.cover.ui.b.b]     [120/129]     Diffblue Cover was unable to create an assertion.
12:51:42.275 [DEBUG]  [Creating]    [pool-3-thread-1]   [com.diffblue.cover.ui.b.b]     [120/129]     Fields modified by create() might not
12:51:42.275 [DEBUG]  [Creating]    [pool-3-thread-1]   [com.diffblue.cover.ui.b.b]     [120/129]     have package-private, protected, or public getters.
12:51:42.276 [DEBUG]  [Creating]    [pool-3-thread-1]   [com.diffblue.cover.r.d] Finished with MethodGroup: create, countOfTests: 0, countOfMethodsTested: 0 TestGenerationAccount: a[countOfRemoved=0, countOfUnchanged=0, countOfUpdated=0, countOfNew=43]
12:51:42.277 [INFO]   [Creating]    [pool-3-thread-1]   [com.diffblue.cover.ui.b.b]     [121/129] uk.gov.gchq.palisade.util.UriBuilder$AuthorityBuilder.create
12:51:42.277 [INFO]   [Creating]    [pool-3-thread-1]   [com.diffblue.cover.ui.b.b]     [121/129]   Diffblue AI was unable to find a test
12:51:42.277 [DEBUG]  [Creating]    [pool-3-thread-1]   [com.diffblue.cover.ui.b.b]     [121/129]   R004: No meaningful assertions found
12:51:42.277 [DEBUG]  [Creating]    [pool-3-thread-1]   [com.diffblue.cover.ui.b.b]     [121/129]   (at least 3 lines uncovered in this method)
12:51:42.277 [DEBUG]  [Creating]    [pool-3-thread-1]   [com.diffblue.cover.ui.b.b]     [121/129]     Diffblue Cover was unable to create an assertion.
12:51:42.277 [DEBUG]  [Creating]    [pool-3-thread-1]   [com.diffblue.cover.ui.b.b]     [121/129]     Fields modified by create(URI) might not
12:51:42.277 [DEBUG]  [Creating]    [pool-3-thread-1]   [com.diffblue.cover.ui.b.b]     [121/129]     have package-private, protected, or public getters.
12:51:42.278 [INFO]   [Creating]    [pool-3-thread-1]   [com.diffblue.cover.ui.b.b] [17/25] uk.gov.gchq.palisade.util.UriBuilder$AuthorityBuilder
12:51:42.278 [INFO]   [Creating]    [pool-3-thread-1]   [com.diffblue.cover.ui.b.b] [17/25]   Tests created: 0
12:51:42.278 [DEBUG]  [Creating]    [pool-3-thread-1]   [com.diffblue.cover.ui.b.b] [17/25]   (at least 6 lines uncovered in this class)
12:51:42.279 [INFO]   [Creating]    [pool-3-thread-1]   [com.diffblue.cover.m.a.b] 
================================================================================
= Starting analysis for class 'uk.gov.gchq.palisade.util.UriBuilder$AuthorityBuilder$IHost'
================================================================================
12:51:42.279 [INFO]   [Creating]    [pool-3-thread-1]   [com.diffblue.cover.m.a.b] Filtering out non-testable methods...
12:51:42.281 [INFO]   [Creating]    [pool-3-thread-1]   [com.diffblue.cover.ui.b.b]     [122/129] uk.gov.gchq.palisade.util.UriBuilder$AuthorityBuilder$IHost.withoutHost
12:51:42.281 [INFO]   [Creating]    [pool-3-thread-1]   [com.diffblue.cover.ui.b.b]     [122/129]   T009: No implementation for abstract class
12:51:42.281 [DEBUG]  [Creating]    [pool-3-thread-1]   [com.diffblue.cover.ui.b.b]     [122/129]   (at least 1 line uncovered in this method)
12:51:42.281 [INFO]   [Creating]    [pool-3-thread-1]   [com.diffblue.cover.ui.b.b]     [122/129]     The method is a non-abstract instance method in an abstract class or
12:51:42.281 [INFO]   [Creating]    [pool-3-thread-1]   [com.diffblue.cover.ui.b.b]     [122/129]     a default method in an interface. Diffblue Cover would test such methods
12:51:42.281 [INFO]   [Creating]    [pool-3-thread-1]   [com.diffblue.cover.ui.b.b]     [122/129]     by using an implementation of that abstract class or interface. However,
12:51:42.281 [INFO]   [Creating]    [pool-3-thread-1]   [com.diffblue.cover.ui.b.b]     [122/129]     no such implementation has been found.
12:51:42.281 [INFO]   [Creating]    [pool-3-thread-1]   [com.diffblue.cover.ui.b.b]     [122/129]     Please provide an implementation for the abstract class or interface.
12:51:42.281 [INFO]   [Creating]    [pool-3-thread-1]   [com.diffblue.cover.ui.b.b]     [122/129]     See https://diff.blue/T009 to resolve this issue.
12:51:42.281 [INFO]   [Creating]    [pool-3-thread-1]   [com.diffblue.cover.ui.b.b] [18/25] uk.gov.gchq.palisade.util.UriBuilder$AuthorityBuilder$IHost
12:51:42.281 [INFO]   [Creating]    [pool-3-thread-1]   [com.diffblue.cover.ui.b.b] [18/25]   Tests created: 0
12:51:42.281 [DEBUG]  [Creating]    [pool-3-thread-1]   [com.diffblue.cover.ui.b.b] [18/25]   (at least 1 line uncovered in this class)
12:51:42.281 [INFO]   [Creating]    [pool-3-thread-1]   [com.diffblue.cover.m.a.b] No testable methods
12:51:42.281 [INFO]   [Creating]    [pool-3-thread-1]   [com.diffblue.cover.m.a.b] 
================================================================================
= Starting analysis for class 'uk.gov.gchq.palisade.util.UriBuilder$AuthorityBuilder$IPort'
================================================================================
12:51:42.281 [INFO]   [Creating]    [pool-3-thread-1]   [com.diffblue.cover.m.a.b] Filtering out non-testable methods...
12:51:42.283 [INFO]   [Creating]    [pool-3-thread-1]   [com.diffblue.cover.ui.b.b]     [123/129] uk.gov.gchq.palisade.util.UriBuilder$AuthorityBuilder$IPort.withoutPort
12:51:42.283 [INFO]   [Creating]    [pool-3-thread-1]   [com.diffblue.cover.ui.b.b]     [123/129]   T009: No implementation for abstract class
12:51:42.283 [DEBUG]  [Creating]    [pool-3-thread-1]   [com.diffblue.cover.ui.b.b]     [123/129]   (at least 1 line uncovered in this method)
12:51:42.283 [INFO]   [Creating]    [pool-3-thread-1]   [com.diffblue.cover.ui.b.b]     [123/129]     The method is a non-abstract instance method in an abstract class or
12:51:42.283 [INFO]   [Creating]    [pool-3-thread-1]   [com.diffblue.cover.ui.b.b]     [123/129]     a default method in an interface. Diffblue Cover would test such methods
12:51:42.283 [INFO]   [Creating]    [pool-3-thread-1]   [com.diffblue.cover.ui.b.b]     [123/129]     by using an implementation of that abstract class or interface. However,
12:51:42.283 [INFO]   [Creating]    [pool-3-thread-1]   [com.diffblue.cover.ui.b.b]     [123/129]     no such implementation has been found.
12:51:42.283 [INFO]   [Creating]    [pool-3-thread-1]   [com.diffblue.cover.ui.b.b]     [123/129]     Please provide an implementation for the abstract class or interface.
12:51:42.283 [INFO]   [Creating]    [pool-3-thread-1]   [com.diffblue.cover.ui.b.b]     [123/129]     See https://diff.blue/T009 to resolve this issue.
12:51:42.283 [INFO]   [Creating]    [pool-3-thread-1]   [com.diffblue.cover.ui.b.b] [19/25] uk.gov.gchq.palisade.util.UriBuilder$AuthorityBuilder$IPort
12:51:42.283 [INFO]   [Creating]    [pool-3-thread-1]   [com.diffblue.cover.ui.b.b] [19/25]   Tests created: 0
12:51:42.283 [DEBUG]  [Creating]    [pool-3-thread-1]   [com.diffblue.cover.ui.b.b] [19/25]   (at least 1 line uncovered in this class)
12:51:42.283 [INFO]   [Creating]    [pool-3-thread-1]   [com.diffblue.cover.m.a.b] No testable methods
12:51:42.283 [INFO]   [Creating]    [pool-3-thread-1]   [com.diffblue.cover.m.a.b] 
================================================================================
= Starting analysis for class 'uk.gov.gchq.palisade.util.UriBuilder$AuthorityBuilder$IUserInfo'
================================================================================
12:51:42.283 [INFO]   [Creating]    [pool-3-thread-1]   [com.diffblue.cover.m.a.b] Filtering out non-testable methods...
12:51:42.286 [INFO]   [Creating]    [pool-3-thread-1]   [com.diffblue.cover.ui.b.b]     [124/129] uk.gov.gchq.palisade.util.UriBuilder$AuthorityBuilder$IUserInfo.withoutUserInfo
12:51:42.286 [INFO]   [Creating]    [pool-3-thread-1]   [com.diffblue.cover.ui.b.b]     [124/129]   T009: No implementation for abstract class
12:51:42.286 [DEBUG]  [Creating]    [pool-3-thread-1]   [com.diffblue.cover.ui.b.b]     [124/129]   (at least 1 line uncovered in this method)
12:51:42.286 [INFO]   [Creating]    [pool-3-thread-1]   [com.diffblue.cover.ui.b.b]     [124/129]     The method is a non-abstract instance method in an abstract class or
12:51:42.286 [INFO]   [Creating]    [pool-3-thread-1]   [com.diffblue.cover.ui.b.b]     [124/129]     a default method in an interface. Diffblue Cover would test such methods
12:51:42.286 [INFO]   [Creating]    [pool-3-thread-1]   [com.diffblue.cover.ui.b.b]     [124/129]     by using an implementation of that abstract class or interface. However,
12:51:42.286 [INFO]   [Creating]    [pool-3-thread-1]   [com.diffblue.cover.ui.b.b]     [124/129]     no such implementation has been found.
12:51:42.286 [INFO]   [Creating]    [pool-3-thread-1]   [com.diffblue.cover.ui.b.b]     [124/129]     Please provide an implementation for the abstract class or interface.
12:51:42.286 [INFO]   [Creating]    [pool-3-thread-1]   [com.diffblue.cover.ui.b.b]     [124/129]     See https://diff.blue/T009 to resolve this issue.
12:51:42.286 [INFO]   [Creating]    [pool-3-thread-1]   [com.diffblue.cover.ui.b.b] [20/25] uk.gov.gchq.palisade.util.UriBuilder$AuthorityBuilder$IUserInfo
12:51:42.286 [INFO]   [Creating]    [pool-3-thread-1]   [com.diffblue.cover.ui.b.b] [20/25]   Tests created: 0
12:51:42.286 [DEBUG]  [Creating]    [pool-3-thread-1]   [com.diffblue.cover.ui.b.b] [20/25]   (at least 1 line uncovered in this class)
12:51:42.286 [INFO]   [Creating]    [pool-3-thread-1]   [com.diffblue.cover.m.a.b] No testable methods
12:51:42.286 [INFO]   [Creating]    [pool-3-thread-1]   [com.diffblue.cover.m.a.b] 
================================================================================
= Starting analysis for class 'uk.gov.gchq.palisade.util.UriBuilder$IAuthority'
================================================================================
12:51:42.286 [INFO]   [Creating]    [pool-3-thread-1]   [com.diffblue.cover.m.a.b] Filtering out non-testable methods...
12:51:42.288 [INFO]   [Creating]    [pool-3-thread-1]   [com.diffblue.cover.ui.b.b]     [125/129] uk.gov.gchq.palisade.util.UriBuilder$IAuthority.withoutAuthority
12:51:42.288 [INFO]   [Creating]    [pool-3-thread-1]   [com.diffblue.cover.ui.b.b]     [125/129]   T009: No implementation for abstract class
12:51:42.288 [DEBUG]  [Creating]    [pool-3-thread-1]   [com.diffblue.cover.ui.b.b]     [125/129]   (at least 1 line uncovered in this method)
12:51:42.288 [INFO]   [Creating]    [pool-3-thread-1]   [com.diffblue.cover.ui.b.b]     [125/129]     The method is a non-abstract instance method in an abstract class or
12:51:42.288 [INFO]   [Creating]    [pool-3-thread-1]   [com.diffblue.cover.ui.b.b]     [125/129]     a default method in an interface. Diffblue Cover would test such methods
12:51:42.288 [INFO]   [Creating]    [pool-3-thread-1]   [com.diffblue.cover.ui.b.b]     [125/129]     by using an implementation of that abstract class or interface. However,
12:51:42.288 [INFO]   [Creating]    [pool-3-thread-1]   [com.diffblue.cover.ui.b.b]     [125/129]     no such implementation has been found.
12:51:42.288 [INFO]   [Creating]    [pool-3-thread-1]   [com.diffblue.cover.ui.b.b]     [125/129]     Please provide an implementation for the abstract class or interface.
12:51:42.288 [INFO]   [Creating]    [pool-3-thread-1]   [com.diffblue.cover.ui.b.b]     [125/129]     See https://diff.blue/T009 to resolve this issue.
12:51:42.288 [INFO]   [Creating]    [pool-3-thread-1]   [com.diffblue.cover.ui.b.b] [21/25] uk.gov.gchq.palisade.util.UriBuilder$IAuthority
12:51:42.288 [INFO]   [Creating]    [pool-3-thread-1]   [com.diffblue.cover.ui.b.b] [21/25]   Tests created: 0
12:51:42.288 [DEBUG]  [Creating]    [pool-3-thread-1]   [com.diffblue.cover.ui.b.b] [21/25]   (at least 1 line uncovered in this class)
12:51:42.288 [INFO]   [Creating]    [pool-3-thread-1]   [com.diffblue.cover.m.a.b] No testable methods
12:51:42.288 [INFO]   [Creating]    [pool-3-thread-1]   [com.diffblue.cover.m.a.b] 
================================================================================
= Starting analysis for class 'uk.gov.gchq.palisade.util.UriBuilder$IFragment'
================================================================================
12:51:42.288 [INFO]   [Creating]    [pool-3-thread-1]   [com.diffblue.cover.m.a.b] Filtering out non-testable methods...
12:51:42.289 [INFO]   [Creating]    [pool-3-thread-1]   [com.diffblue.cover.ui.b.b]     [126/129] uk.gov.gchq.palisade.util.UriBuilder$IFragment.withoutFragment
12:51:42.289 [INFO]   [Creating]    [pool-3-thread-1]   [com.diffblue.cover.ui.b.b]     [126/129]   T009: No implementation for abstract class
12:51:42.289 [DEBUG]  [Creating]    [pool-3-thread-1]   [com.diffblue.cover.ui.b.b]     [126/129]   (at least 1 line uncovered in this method)
12:51:42.289 [INFO]   [Creating]    [pool-3-thread-1]   [com.diffblue.cover.ui.b.b]     [126/129]     The method is a non-abstract instance method in an abstract class or
12:51:42.289 [INFO]   [Creating]    [pool-3-thread-1]   [com.diffblue.cover.ui.b.b]     [126/129]     a default method in an interface. Diffblue Cover would test such methods
12:51:42.289 [INFO]   [Creating]    [pool-3-thread-1]   [com.diffblue.cover.ui.b.b]     [126/129]     by using an implementation of that abstract class or interface. However,
12:51:42.289 [INFO]   [Creating]    [pool-3-thread-1]   [com.diffblue.cover.ui.b.b]     [126/129]     no such implementation has been found.
12:51:42.289 [INFO]   [Creating]    [pool-3-thread-1]   [com.diffblue.cover.ui.b.b]     [126/129]     Please provide an implementation for the abstract class or interface.
12:51:42.289 [INFO]   [Creating]    [pool-3-thread-1]   [com.diffblue.cover.ui.b.b]     [126/129]     See https://diff.blue/T009 to resolve this issue.
12:51:42.289 [INFO]   [Creating]    [pool-3-thread-1]   [com.diffblue.cover.ui.b.b] [22/25] uk.gov.gchq.palisade.util.UriBuilder$IFragment
12:51:42.289 [INFO]   [Creating]    [pool-3-thread-1]   [com.diffblue.cover.ui.b.b] [22/25]   Tests created: 0
12:51:42.289 [DEBUG]  [Creating]    [pool-3-thread-1]   [com.diffblue.cover.ui.b.b] [22/25]   (at least 1 line uncovered in this class)
12:51:42.289 [INFO]   [Creating]    [pool-3-thread-1]   [com.diffblue.cover.m.a.b] No testable methods
12:51:42.289 [INFO]   [Creating]    [pool-3-thread-1]   [com.diffblue.cover.m.a.b] 
================================================================================
= Starting analysis for class 'uk.gov.gchq.palisade.util.UriBuilder$IPath'
================================================================================
12:51:42.289 [INFO]   [Creating]    [pool-3-thread-1]   [com.diffblue.cover.m.a.b] Filtering out non-testable methods...
12:51:42.290 [INFO]   [Creating]    [pool-3-thread-1]   [com.diffblue.cover.ui.b.b]     [127/129] uk.gov.gchq.palisade.util.UriBuilder$IPath.withoutPath
12:51:42.290 [INFO]   [Creating]    [pool-3-thread-1]   [com.diffblue.cover.ui.b.b]     [127/129]   T009: No implementation for abstract class
12:51:42.290 [DEBUG]  [Creating]    [pool-3-thread-1]   [com.diffblue.cover.ui.b.b]     [127/129]   (at least 1 line uncovered in this method)
12:51:42.290 [INFO]   [Creating]    [pool-3-thread-1]   [com.diffblue.cover.ui.b.b]     [127/129]     The method is a non-abstract instance method in an abstract class or
12:51:42.290 [INFO]   [Creating]    [pool-3-thread-1]   [com.diffblue.cover.ui.b.b]     [127/129]     a default method in an interface. Diffblue Cover would test such methods
12:51:42.290 [INFO]   [Creating]    [pool-3-thread-1]   [com.diffblue.cover.ui.b.b]     [127/129]     by using an implementation of that abstract class or interface. However,
12:51:42.290 [INFO]   [Creating]    [pool-3-thread-1]   [com.diffblue.cover.ui.b.b]     [127/129]     no such implementation has been found.
12:51:42.290 [INFO]   [Creating]    [pool-3-thread-1]   [com.diffblue.cover.ui.b.b]     [127/129]     Please provide an implementation for the abstract class or interface.
12:51:42.290 [INFO]   [Creating]    [pool-3-thread-1]   [com.diffblue.cover.ui.b.b]     [127/129]     See https://diff.blue/T009 to resolve this issue.
12:51:42.290 [INFO]   [Creating]    [pool-3-thread-1]   [com.diffblue.cover.ui.b.b] [23/25] uk.gov.gchq.palisade.util.UriBuilder$IPath
12:51:42.291 [INFO]   [Creating]    [pool-3-thread-1]   [com.diffblue.cover.ui.b.b] [23/25]   Tests created: 0
12:51:42.291 [DEBUG]  [Creating]    [pool-3-thread-1]   [com.diffblue.cover.ui.b.b] [23/25]   (at least 1 line uncovered in this class)
12:51:42.291 [INFO]   [Creating]    [pool-3-thread-1]   [com.diffblue.cover.m.a.b] No testable methods
12:51:42.291 [INFO]   [Creating]    [pool-3-thread-1]   [com.diffblue.cover.m.a.b] 
================================================================================
= Starting analysis for class 'uk.gov.gchq.palisade.util.UriBuilder$IQuery'
================================================================================
12:51:42.291 [INFO]   [Creating]    [pool-3-thread-1]   [com.diffblue.cover.m.a.b] Filtering out non-testable methods...
12:51:42.292 [INFO]   [Creating]    [pool-3-thread-1]   [com.diffblue.cover.ui.b.b]     [128/129] uk.gov.gchq.palisade.util.UriBuilder$IQuery.withoutQuery
12:51:42.292 [INFO]   [Creating]    [pool-3-thread-1]   [com.diffblue.cover.ui.b.b]     [128/129]   T009: No implementation for abstract class
12:51:42.292 [DEBUG]  [Creating]    [pool-3-thread-1]   [com.diffblue.cover.ui.b.b]     [128/129]   (at least 1 line uncovered in this method)
12:51:42.292 [INFO]   [Creating]    [pool-3-thread-1]   [com.diffblue.cover.ui.b.b]     [128/129]     The method is a non-abstract instance method in an abstract class or
12:51:42.292 [INFO]   [Creating]    [pool-3-thread-1]   [com.diffblue.cover.ui.b.b]     [128/129]     a default method in an interface. Diffblue Cover would test such methods
12:51:42.292 [INFO]   [Creating]    [pool-3-thread-1]   [com.diffblue.cover.ui.b.b]     [128/129]     by using an implementation of that abstract class or interface. However,
12:51:42.292 [INFO]   [Creating]    [pool-3-thread-1]   [com.diffblue.cover.ui.b.b]     [128/129]     no such implementation has been found.
12:51:42.292 [INFO]   [Creating]    [pool-3-thread-1]   [com.diffblue.cover.ui.b.b]     [128/129]     Please provide an implementation for the abstract class or interface.
12:51:42.292 [INFO]   [Creating]    [pool-3-thread-1]   [com.diffblue.cover.ui.b.b]     [128/129]     See https://diff.blue/T009 to resolve this issue.
12:51:42.292 [INFO]   [Creating]    [pool-3-thread-1]   [com.diffblue.cover.ui.b.b] [24/25] uk.gov.gchq.palisade.util.UriBuilder$IQuery
12:51:42.292 [INFO]   [Creating]    [pool-3-thread-1]   [com.diffblue.cover.ui.b.b] [24/25]   Tests created: 0
12:51:42.292 [DEBUG]  [Creating]    [pool-3-thread-1]   [com.diffblue.cover.ui.b.b] [24/25]   (at least 1 line uncovered in this class)
12:51:42.292 [INFO]   [Creating]    [pool-3-thread-1]   [com.diffblue.cover.m.a.b] No testable methods
12:51:42.292 [INFO]   [Creating]    [pool-3-thread-1]   [com.diffblue.cover.m.a.b] 
================================================================================
= Starting analysis for class 'uk.gov.gchq.palisade.util.UriBuilder$IScheme'
================================================================================
12:51:42.292 [INFO]   [Creating]    [pool-3-thread-1]   [com.diffblue.cover.m.a.b] Filtering out non-testable methods...
12:51:42.294 [INFO]   [Creating]    [pool-3-thread-1]   [com.diffblue.cover.ui.b.b]     [129/129] uk.gov.gchq.palisade.util.UriBuilder$IScheme.withoutScheme
12:51:42.294 [INFO]   [Creating]    [pool-3-thread-1]   [com.diffblue.cover.ui.b.b]     [129/129]   T009: No implementation for abstract class
12:51:42.294 [DEBUG]  [Creating]    [pool-3-thread-1]   [com.diffblue.cover.ui.b.b]     [129/129]   (at least 1 line uncovered in this method)
12:51:42.294 [INFO]   [Creating]    [pool-3-thread-1]   [com.diffblue.cover.ui.b.b]     [129/129]     The method is a non-abstract instance method in an abstract class or
12:51:42.294 [INFO]   [Creating]    [pool-3-thread-1]   [com.diffblue.cover.ui.b.b]     [129/129]     a default method in an interface. Diffblue Cover would test such methods
12:51:42.294 [INFO]   [Creating]    [pool-3-thread-1]   [com.diffblue.cover.ui.b.b]     [129/129]     by using an implementation of that abstract class or interface. However,
12:51:42.294 [INFO]   [Creating]    [pool-3-thread-1]   [com.diffblue.cover.ui.b.b]     [129/129]     no such implementation has been found.
12:51:42.294 [INFO]   [Creating]    [pool-3-thread-1]   [com.diffblue.cover.ui.b.b]     [129/129]     Please provide an implementation for the abstract class or interface.
12:51:42.294 [INFO]   [Creating]    [pool-3-thread-1]   [com.diffblue.cover.ui.b.b]     [129/129]     See https://diff.blue/T009 to resolve this issue.
12:51:42.294 [INFO]   [Creating]    [pool-3-thread-1]   [com.diffblue.cover.ui.b.b] [25/25] uk.gov.gchq.palisade.util.UriBuilder$IScheme
12:51:42.294 [INFO]   [Creating]    [pool-3-thread-1]   [com.diffblue.cover.ui.b.b] [25/25]   Tests created: 0
12:51:42.294 [DEBUG]  [Creating]    [pool-3-thread-1]   [com.diffblue.cover.ui.b.b] [25/25]   (at least 1 line uncovered in this class)
12:51:42.294 [INFO]   [Creating]    [pool-3-thread-1]   [com.diffblue.cover.m.a.b] No testable methods
12:51:42.295 [DEBUG]  [Creating]    [pool-3-thread-1]   [com.diffblue.cover.r.d] Finished generation. TestGenerationAccount: a[countOfRemoved=0, countOfUnchanged=0, countOfUpdated=0, countOfNew=43]
12:51:42.300 [INFO]   [Reporting]   [pool-3-thread-1]   [com.diffblue.cover.ui.b.b] 
12:51:42.300 [INFO]   [Reporting]   [pool-3-thread-1]   [com.diffblue.cover.ui.b.b] Test creation summary for module: uk.gov.gchq.palisade:common
12:51:42.300 [INFO]   [Reporting]   [pool-3-thread-1]   [com.diffblue.cover.ui.b.b] -------------------------------------------------------------
12:51:42.300 [INFO]   [Reporting]   [pool-3-thread-1]   [com.diffblue.cover.ui.b.b] Total:                                             129 methods
12:51:42.300 [INFO]   [Reporting]   [pool-3-thread-1]   [com.diffblue.cover.ui.b.b] 43 tests created for:                               30 methods
12:51:42.300 [DEBUG]  [Reporting]   [pool-3-thread-1]   [com.diffblue.cover.ui.b.b] (at least 269 out of 354 lines uncovered)
12:51:42.300 [INFO]   [Reporting]   [pool-3-thread-1]   [com.diffblue.cover.ui.b.b] 
12:51:42.300 [INFO]   [Reporting]   [pool-3-thread-1]   [com.diffblue.cover.ui.b.b] Not unit-testable:                                  11 methods
12:51:42.300 [INFO]   [Reporting]   [pool-3-thread-1]   [com.diffblue.cover.ui.b.b]    11 T009: No implementation for abstract class
12:51:42.301 [DEBUG]  [Reporting]   [pool-3-thread-1]   [com.diffblue.cover.ui.b.b]     (affects 11 lines)
12:51:42.301 [INFO]   [Reporting]   [pool-3-thread-1]   [com.diffblue.cover.ui.b.b] No tests created for:                               12 methods
12:51:42.301 [DEBUG]  [Reporting]   [pool-3-thread-1]   [com.diffblue.cover.ui.b.b]     5 R004: Diffblue AI was unable to find a test
12:51:42.301 [DEBUG]  [Reporting]   [pool-3-thread-1]   [com.diffblue.cover.ui.b.b]     (affects 10 lines)
12:51:42.301 [INFO]   [Reporting]   [pool-3-thread-1]   [com.diffblue.cover.ui.b.b]     2 R002: Missing observers
12:51:42.301 [DEBUG]  [Reporting]   [pool-3-thread-1]   [com.diffblue.cover.ui.b.b]     (affects 4 lines)
12:51:42.301 [INFO]   [Reporting]   [pool-3-thread-1]   [com.diffblue.cover.ui.b.b]     2 R013: No inputs found that don't throw a trivial exception
12:51:42.301 [DEBUG]  [Reporting]   [pool-3-thread-1]   [com.diffblue.cover.ui.b.b]     (affects 2 lines)
12:51:42.301 [DEBUG]  [Reporting]   [pool-3-thread-1]   [com.diffblue.cover.ui.b.b]     2 R015: Diffblue AI was unable to find a test
12:51:42.301 [DEBUG]  [Reporting]   [pool-3-thread-1]   [com.diffblue.cover.ui.b.b]     (affects 34 lines)
12:51:42.301 [INFO]   [Reporting]   [pool-3-thread-1]   [com.diffblue.cover.ui.b.b]     1 R005: Unable to load class
12:51:42.301 [DEBUG]  [Reporting]   [pool-3-thread-1]   [com.diffblue.cover.ui.b.b]     (affects 9 lines)
12:51:42.301 [INFO]   [Reporting]   [pool-3-thread-1]   [com.diffblue.cover.ui.b.b] Could not find the following classes - please check your classpath
12:51:42.301 [INFO]   [Reporting]   [pool-3-thread-1]   [com.diffblue.cover.ui.b.b] akka.actor.CoordinatedShutdown$ActorSystemTerminateReason
12:51:42.476 [INFO]   [Validating]  [main]              [com.diffblue.cover.ui.controller.r] 
12:51:42.476 [INFO]   [Validating]  [main]              [com.diffblue.cover.ui.controller.r] Running validation command.
12:51:42.476 [DEBUG]  [Validating]  [main]              [com.diffblue.cover.buildsystem.config.registry.Registry] checking if /home/jbergqvist/diffblue/Palisade-common/DiffblueBuild.yaml exists...
12:51:42.476 [DEBUG]  [Validating]  [main]              [com.diffblue.cover.buildsystem.config.registry.Registry] checking if /home/jbergqvist/diffblue/Palisade-common/DiffblueBuild.yml exists...
12:51:42.476 [INFO]   [Validating]  [main]              [com.diffblue.cover.buildsystem.config.registry.Registry] Using default build rules as no custom rules found in any of [/home/jbergqvist/diffblue/Palisade-common]
12:51:42.476 [DEBUG]  [Validating]  [main]              [com.diffblue.cover.buildsystem.config.registry.Registry] Build execution request for Info Phase
12:51:42.476 [INFO]   [Validating]  [main]              [com.diffblue.cover.buildsystem.config.a.a] Attempting to invoke mvnw in working directory: /home/jbergqvist/diffblue/Palisade-common
12:51:42.477 [INFO]   [Validating]  [main]              [com.diffblue.cover.buildsystem.config.a.a] Attempting to invoke /home/jbergqvist/.sdkman/candidates/maven/current/bin/mvn in working directory: /home/jbergqvist/diffblue/Palisade-common
12:51:42.477 [INFO]   [Validating]  [main]              [com.diffblue.cover.buildsystem.config.a.a] Started "/home/jbergqvist/.sdkman/candidates/maven/current/bin/mvn -Dmaven.ext.class.path=/opt/cover/cover-buildsystem-maven-spy-jar-with-dependencies.jar -Dcom.diffblue.cover.skipTests=true -DskipTestOptimizer --batch-mode --projects=uk.gov.gchq.palisade:common --global-settings=/home/jbergqvist/.sdkman/candidates/maven/current/conf/settings.xml org.apache.maven.plugins:maven-checkstyle-plugin:check -Dcheckstyle.failOnViolation=false validate --also-make"
12:51:43.254 [INFO]   [Validating]  [maven:out]         [com.diffblue.cover.buildsystem.config.a.a] out: [INFO] Scanning for projects...
12:51:43.352 [INFO]   [Validating]  [maven:out]         [com.diffblue.cover.buildsystem.config.a.a] out: [INFO] 
12:51:43.352 [INFO]   [Validating]  [maven:out]         [com.diffblue.cover.buildsystem.config.a.a] out: [INFO] --------------------< uk.gov.gchq.palisade:common >---------------------
12:51:43.352 [INFO]   [Validating]  [maven:out]         [com.diffblue.cover.buildsystem.config.a.a] out: [INFO] Building GCHQ Palisade Common Library 0.5.2-SNAPSHOT
12:51:43.352 [INFO]   [Validating]  [maven:out]         [com.diffblue.cover.buildsystem.config.a.a] out: [INFO]   from pom.xml
12:51:43.352 [INFO]   [Validating]  [maven:out]         [com.diffblue.cover.buildsystem.config.a.a] out: [INFO] --------------------------------[ jar ]---------------------------------
12:51:43.467 [INFO]   [Validating]  [maven:out]         [com.diffblue.cover.buildsystem.internal.f.f] deserializing line [DIFFBLUE]{"__type":"com.diffblue.cover.buildsystem.model.DefaultEventMessage","project":"uk.gov.gchq.palisade:common","goal":"check","cause":null,"state":"STARTED"}
12:51:43.471 [INFO]   [Validating]  [maven:out]         [com.diffblue.cover.buildsystem.config.a.a] out: [INFO] 
12:51:43.471 [INFO]   [Validating]  [maven:out]         [com.diffblue.cover.buildsystem.config.a.a] out: [INFO] --- checkstyle:3.1.0:check (default-cli) @ common ---
12:51:44.194 [INFO]   [Validating]  [maven:out]         [com.diffblue.cover.buildsystem.config.a.a] out: [INFO] Starting audit...
12:51:44.194 [INFO]   [Validating]  [maven:out]         [com.diffblue.cover.buildsystem.config.a.a] out: Audit done.
12:51:44.200 [INFO]   [Validating]  [maven:out]         [com.diffblue.cover.buildsystem.internal.f.f] deserializing line [DIFFBLUE]{"__type":"com.diffblue.cover.buildsystem.model.DefaultEventMessage","project":"uk.gov.gchq.palisade:common","goal":"check","cause":null,"state":"SUCCESS"}
12:51:44.225 [INFO]   [Validating]  [maven:out]         [com.diffblue.cover.buildsystem.internal.f.f] deserializing line [DIFFBLUE]{"__type":"com.diffblue.cover.buildsystem.model.DefaultProjectModuleMessage","project":{"__type":"DefaultProjectModule","junitReport":["/home/jbergqvist/diffblue/Palisade-common/target/surefire-reports"],"jacocoReport":["/home/jbergqvist/diffblue/Palisade-common/target/site/jacoco/jacoco.xml"],"jacocoDestFile":["${sonar.jacoco.reportPath}","/home/jbergqvist/diffblue/Palisade-common/target/jacoco.exec"],"jacocoFormats":["xml"],"jacocoSkipped":false,"classpath":["/home/jbergqvist/diffblue/Palisade-common/target/classes"],"complianceLevel":"11","productionSources":["/home/jbergqvist/diffblue/Palisade-common/src/main/java"],"testSources":["/home/jbergqvist/diffblue/Palisade-common/src/test/java"],"productionClasses":"/home/jbergqvist/diffblue/Palisade-common/target/classes","testClasses":"/home/jbergqvist/diffblue/Palisade-common/target/test-classes","sourceToBuildPathMap":null,"testSourceToBuildPathMap":null,"buildDirectory":"/home/jbergqvist/diffblue/Palisade-common/target","plugins":[{"__type":"DefaultPlugin","groupId":"org.apache.maven.plugins","artefactId":"maven-compiler-plugin","version":"3.8.0","pluginClassName":null},{"__type":"DefaultPlugin","groupId":"org.apache.maven.plugins","artefactId":"maven-javadoc-plugin","version":"3.1.0","pluginClassName":null},{"__type":"DefaultPlugin","groupId":"org.apache.maven.plugins","artefactId":"maven-dependency-plugin","version":"3.1.2","pluginClassName":null},{"__type":"DefaultPlugin","groupId":"org.codehaus.mojo","artefactId":"flatten-maven-plugin","version":"1.1.0","pluginClassName":null},{"__type":"DefaultPlugin","groupId":"org.codehaus.mojo","artefactId":"license-maven-plugin","version":"2.0.0","pluginClassName":null},{"__type":"DefaultPlugin","groupId":"org.jacoco","artefactId":"jacoco-maven-plugin","version":"0.8.5","pluginClassName":null},{"__type":"DefaultPlugin","groupId":"org.apache.maven.plugins","artefactId":"maven-checkstyle-plugin","version":"3.1.0","pluginClassName":null},{"__type":"DefaultPlugin","groupId":"org.apache.maven.plugins","artefactId":"maven-clean-plugin","version":"3.2.0","pluginClassName":null},{"__type":"DefaultPlugin","groupId":"org.apache.maven.plugins","artefactId":"maven-resources-plugin","version":"3.3.1","pluginClassName":null},{"__type":"DefaultPlugin","groupId":"org.apache.maven.plugins","artefactId":"maven-jar-plugin","version":"3.4.1","pluginClassName":null},{"__type":"DefaultPlugin","groupId":"org.apache.maven.plugins","artefactId":"maven-surefire-plugin","version":"3.2.5","pluginClassName":null},{"__type":"DefaultPlugin","groupId":"org.apache.maven.plugins","artefactId":"maven-install-plugin","version":"3.1.2","pluginClassName":null},{"__type":"DefaultPlugin","groupId":"org.apache.maven.plugins","artefactId":"maven-deploy-plugin","version":"3.1.2","pluginClassName":null},{"__type":"DefaultPlugin","groupId":"org.apache.maven.plugins","artefactId":"maven-site-plugin","version":"3.12.1","pluginClassName":null}],"version":"3.9.12","encoding":"UTF-8","name":"maven","subModules":[],"simpleModuleName":null,"parentModuleName":null,"location":"/home/jbergqvist/diffblue/Palisade-common","fullModuleName":"uk.gov.gchq.palisade:common"}}
12:51:44.229 [INFO]   [Validating]  [maven:out]         [com.diffblue.cover.buildsystem.config.a.a] out: [INFO] ------------------------------------------------------------------------
12:51:44.229 [INFO]   [Validating]  [maven:out]         [com.diffblue.cover.buildsystem.config.a.a] out: [INFO] BUILD SUCCESS
12:51:44.229 [INFO]   [Validating]  [maven:out]         [com.diffblue.cover.buildsystem.config.a.a] out: [INFO] ------------------------------------------------------------------------
12:51:44.229 [INFO]   [Validating]  [maven:out]         [com.diffblue.cover.buildsystem.config.a.a] out: [INFO] Total time:  0.986 s
12:51:44.229 [INFO]   [Validating]  [maven:out]         [com.diffblue.cover.buildsystem.config.a.a] out: [INFO] Finished at: 2026-01-12T12:51:44Z
12:51:44.229 [INFO]   [Validating]  [maven:out]         [com.diffblue.cover.buildsystem.config.a.a] out: [INFO] ------------------------------------------------------------------------
12:51:44.230 [INFO]   [Validating]  [maven:out]         [com.diffblue.cover.buildsystem.internal.f.f] deserializing line [DIFFBLUE]{"__type":"com.diffblue.cover.buildsystem.model.ProjectInfoMessage","projectName":"uk.gov.gchq.palisade:common","productionSources":["/home/jbergqvist/diffblue/Palisade-common/src/main/java"],"testSources":["/home/jbergqvist/diffblue/Palisade-common/src/test/java"],"location":"/home/jbergqvist/diffblue/Palisade-common"}
12:51:44.294 [INFO]   [Validating]  [main]              [com.diffblue.cover.buildsystem.internal.f.d] maven:err process not stopped, joining thread
12:51:44.294 [INFO]   [Validating]  [main]              [com.diffblue.cover.buildsystem.internal.f.d] maven:out process not stopped, joining thread
12:51:44.294 [DEBUG]  [Validating]  [main]              [com.diffblue.cover.buildsystem.config.a.a] Executor spent 1s on command "/home/jbergqvist/.sdkman/candidates/maven/current/bin/mvn -Dmaven.ext.class.path=/opt/cover/cover-buildsystem-maven-spy-jar-with-dependencies.jar -Dcom.diffblue.cover.skipTests=true -DskipTestOptimizer --batch-mode --projects=uk.gov.gchq.palisade:common --global-settings=/home/jbergqvist/.sdkman/candidates/maven/current/conf/settings.xml org.apache.maven.plugins:maven-checkstyle-plugin:check -Dcheckstyle.failOnViolation=false validate --also-make"
12:51:44.295 [INFO]   [Validating]  [main]              [com.diffblue.cover.ui.controller.r] This can take a couple of minutes.
12:51:44.296 [DEBUG]  [Validating]  [main]              [com.diffblue.cover.buildsystem.config.registry.Registry] checking if /home/jbergqvist/diffblue/Palisade-common/DiffblueBuild.yaml exists...
12:51:44.296 [DEBUG]  [Validating]  [main]              [com.diffblue.cover.buildsystem.config.registry.Registry] checking if /home/jbergqvist/diffblue/Palisade-common/DiffblueBuild.yml exists...
12:51:44.296 [INFO]   [Validating]  [main]              [com.diffblue.cover.buildsystem.config.registry.Registry] Using default build rules as no custom rules found in any of [/home/jbergqvist/diffblue/Palisade-common]
12:51:44.296 [DEBUG]  [Validating]  [main]              [com.diffblue.cover.buildsystem.config.registry.Registry] Build execution request for Validate Phase
12:51:44.296 [INFO]   [Validating]  [main]              [com.diffblue.cover.buildsystem.config.a.a] Attempting to invoke mvnw in working directory: /home/jbergqvist/diffblue/Palisade-common
12:51:44.296 [INFO]   [Validating]  [main]              [com.diffblue.cover.buildsystem.config.a.a] Attempting to invoke /home/jbergqvist/.sdkman/candidates/maven/current/bin/mvn in working directory: /home/jbergqvist/diffblue/Palisade-common
12:51:44.297 [INFO]   [Validating]  [main]              [com.diffblue.cover.buildsystem.config.a.a] Started "/home/jbergqvist/.sdkman/candidates/maven/current/bin/mvn -Dmaven.ext.class.path=/opt/cover/cover-buildsystem-maven-spy-jar-with-dependencies.jar -Dcom.diffblue.cover.skipTests=true -DskipTestOptimizer --batch-mode --projects=uk.gov.gchq.palisade:common --global-settings=/home/jbergqvist/.sdkman/candidates/maven/current/conf/settings.xml org.apache.maven.plugins:maven-checkstyle-plugin:check -Dcheckstyle.failOnViolation=false clean test"
12:51:45.065 [INFO]   [Validating]  [maven:out]         [com.diffblue.cover.buildsystem.config.a.a] out: [INFO] Scanning for projects...
12:51:45.177 [INFO]   [Validating]  [maven:out]         [com.diffblue.cover.buildsystem.config.a.a] out: [INFO] 
12:51:45.178 [INFO]   [Validating]  [maven:out]         [com.diffblue.cover.buildsystem.config.a.a] out: [INFO] --------------------< uk.gov.gchq.palisade:common >---------------------
12:51:45.178 [INFO]   [Validating]  [maven:out]         [com.diffblue.cover.buildsystem.config.a.a] out: [INFO] Building GCHQ Palisade Common Library 0.5.2-SNAPSHOT
12:51:45.178 [INFO]   [Validating]  [maven:out]         [com.diffblue.cover.buildsystem.config.a.a] out: [INFO]   from pom.xml
12:51:45.178 [INFO]   [Validating]  [maven:out]         [com.diffblue.cover.buildsystem.config.a.a] out: [INFO] --------------------------------[ jar ]---------------------------------
12:51:45.459 [INFO]   [Validating]  [maven:out]         [com.diffblue.cover.buildsystem.internal.f.f] deserializing line [DIFFBLUE]{"__type":"com.diffblue.cover.buildsystem.model.DefaultEventMessage","project":"uk.gov.gchq.palisade:common","goal":"check","cause":null,"state":"STARTED"}
12:51:45.460 [INFO]   [Validating]  [maven:out]         [com.diffblue.cover.buildsystem.config.a.a] out: [INFO] 
12:51:45.460 [INFO]   [Validating]  [maven:out]         [com.diffblue.cover.buildsystem.config.a.a] out: [INFO] --- checkstyle:3.1.0:check (default-cli) @ common ---
12:51:46.154 [INFO]   [Validating]  [maven:out]         [com.diffblue.cover.buildsystem.config.a.a] out: [INFO] Starting audit...
12:51:46.154 [INFO]   [Validating]  [maven:out]         [com.diffblue.cover.buildsystem.config.a.a] out: Audit done.
12:51:46.160 [INFO]   [Validating]  [maven:out]         [com.diffblue.cover.buildsystem.internal.f.f] deserializing line [DIFFBLUE]{"__type":"com.diffblue.cover.buildsystem.model.DefaultEventMessage","project":"uk.gov.gchq.palisade:common","goal":"check","cause":null,"state":"SUCCESS"}
12:51:46.162 [INFO]   [Validating]  [maven:out]         [com.diffblue.cover.buildsystem.internal.f.f] deserializing line [DIFFBLUE]{"__type":"com.diffblue.cover.buildsystem.model.DefaultEventMessage","project":"uk.gov.gchq.palisade:common","goal":"clean","cause":null,"state":"STARTED"}
12:51:46.162 [INFO]   [Validating]  [maven:out]         [com.diffblue.cover.buildsystem.config.a.a] out: [INFO] 
12:51:46.162 [INFO]   [Validating]  [maven:out]         [com.diffblue.cover.buildsystem.config.a.a] out: [INFO] --- clean:3.2.0:clean (default-clean) @ common ---
12:51:46.186 [INFO]   [Validating]  [maven:out]         [com.diffblue.cover.buildsystem.config.a.a] out: [INFO] Deleting /home/jbergqvist/diffblue/Palisade-common/target
12:51:46.196 [INFO]   [Validating]  [maven:out]         [com.diffblue.cover.buildsystem.internal.f.f] deserializing line [DIFFBLUE]{"__type":"com.diffblue.cover.buildsystem.model.DefaultEventMessage","project":"uk.gov.gchq.palisade:common","goal":"clean","cause":null,"state":"SUCCESS"}
12:51:46.197 [INFO]   [Validating]  [maven:out]         [com.diffblue.cover.buildsystem.internal.f.f] deserializing line [DIFFBLUE]{"__type":"com.diffblue.cover.buildsystem.model.DefaultEventMessage","project":"uk.gov.gchq.palisade:common","goal":"clean","cause":null,"state":"STARTED"}
12:51:46.198 [INFO]   [Validating]  [maven:out]         [com.diffblue.cover.buildsystem.config.a.a] out: [INFO] 
12:51:46.198 [INFO]   [Validating]  [maven:out]         [com.diffblue.cover.buildsystem.config.a.a] out: [INFO] --- flatten:1.1.0:clean (flatten.clean) @ common ---
12:51:46.308 [INFO]   [Validating]  [maven:out]         [com.diffblue.cover.buildsystem.config.a.a] out: [INFO] Deleting /home/jbergqvist/diffblue/Palisade-common/.flattened-pom.xml
12:51:46.310 [INFO]   [Validating]  [maven:out]         [com.diffblue.cover.buildsystem.internal.f.f] deserializing line [DIFFBLUE]{"__type":"com.diffblue.cover.buildsystem.model.DefaultEventMessage","project":"uk.gov.gchq.palisade:common","goal":"clean","cause":null,"state":"SUCCESS"}
12:51:46.312 [INFO]   [Validating]  [maven:out]         [com.diffblue.cover.buildsystem.internal.f.f] deserializing line [DIFFBLUE]{"__type":"com.diffblue.cover.buildsystem.model.DefaultEventMessage","project":"uk.gov.gchq.palisade:common","goal":"prepare-agent","cause":null,"state":"STARTED"}
12:51:46.313 [INFO]   [Validating]  [maven:out]         [com.diffblue.cover.buildsystem.config.a.a] out: [INFO] 
12:51:46.313 [INFO]   [Validating]  [maven:out]         [com.diffblue.cover.buildsystem.config.a.a] out: [INFO] --- jacoco:0.8.5:prepare-agent (agent) @ common ---
12:51:46.430 [INFO]   [Validating]  [maven:out]         [com.diffblue.cover.buildsystem.config.a.a] out: [INFO] argLine set to -javaagent:/home/jbergqvist/.m2/repository/org/jacoco/org.jacoco.agent/0.8.5/org.jacoco.agent-0.8.5-runtime.jar=destfile=/home/jbergqvist/diffblue/Palisade-common/target/jacoco.exec,append=true
12:51:46.432 [INFO]   [Validating]  [maven:out]         [com.diffblue.cover.buildsystem.internal.f.f] deserializing line [DIFFBLUE]{"__type":"com.diffblue.cover.buildsystem.model.DefaultEventMessage","project":"uk.gov.gchq.palisade:common","goal":"prepare-agent","cause":null,"state":"SUCCESS"}
12:51:46.433 [INFO]   [Validating]  [maven:out]         [com.diffblue.cover.buildsystem.internal.f.f] deserializing line [DIFFBLUE]{"__type":"com.diffblue.cover.buildsystem.model.DefaultEventMessage","project":"uk.gov.gchq.palisade:common","goal":"resources","cause":null,"state":"STARTED"}
12:51:46.435 [INFO]   [Validating]  [maven:out]         [com.diffblue.cover.buildsystem.config.a.a] out: [INFO] 
12:51:46.435 [INFO]   [Validating]  [maven:out]         [com.diffblue.cover.buildsystem.config.a.a] out: [INFO] --- resources:3.3.1:resources (default-resources) @ common ---
12:51:46.475 [INFO]   [Validating]  [maven:out]         [com.diffblue.cover.buildsystem.config.a.a] out: [INFO] Copying 1 resource from src/main/resources to target/classes
12:51:46.480 [INFO]   [Validating]  [maven:out]         [com.diffblue.cover.buildsystem.internal.f.f] deserializing line [DIFFBLUE]{"__type":"com.diffblue.cover.buildsystem.model.DefaultEventMessage","project":"uk.gov.gchq.palisade:common","goal":"resources","cause":null,"state":"SUCCESS"}
12:51:46.482 [INFO]   [Validating]  [maven:out]         [com.diffblue.cover.buildsystem.internal.f.f] deserializing line [DIFFBLUE]{"__type":"com.diffblue.cover.buildsystem.model.DefaultEventMessage","project":"uk.gov.gchq.palisade:common","goal":"flatten","cause":null,"state":"STARTED"}
12:51:46.483 [INFO]   [Validating]  [maven:out]         [com.diffblue.cover.buildsystem.config.a.a] out: [INFO] 
12:51:46.483 [INFO]   [Validating]  [maven:out]         [com.diffblue.cover.buildsystem.config.a.a] out: [INFO] --- flatten:1.1.0:flatten (flatten) @ common ---
12:51:46.487 [INFO]   [Validating]  [maven:out]         [com.diffblue.cover.buildsystem.config.a.a] out: [INFO] Generating flattened POM of project uk.gov.gchq.palisade:common:jar:0.5.2-SNAPSHOT...
12:51:46.520 [INFO]   [Validating]  [maven:out]         [com.diffblue.cover.buildsystem.internal.f.f] deserializing line [DIFFBLUE]{"__type":"com.diffblue.cover.buildsystem.model.DefaultEventMessage","project":"uk.gov.gchq.palisade:common","goal":"flatten","cause":null,"state":"SUCCESS"}
12:51:46.521 [INFO]   [Validating]  [maven:out]         [com.diffblue.cover.buildsystem.internal.f.f] deserializing line [DIFFBLUE]{"__type":"com.diffblue.cover.buildsystem.model.DefaultEventMessage","project":"uk.gov.gchq.palisade:common","goal":"compile","cause":null,"state":"STARTED"}
12:51:46.522 [INFO]   [Validating]  [maven:out]         [com.diffblue.cover.buildsystem.config.a.a] out: [INFO] 
12:51:46.522 [INFO]   [Validating]  [maven:out]         [com.diffblue.cover.buildsystem.config.a.a] out: [INFO] --- compiler:3.8.0:compile (default-compile) @ common ---
12:51:46.602 [INFO]   [Validating]  [maven:out]         [com.diffblue.cover.buildsystem.config.a.a] out: [INFO] Changes detected - recompiling the module!
12:51:46.604 [INFO]   [Validating]  [maven:out]         [com.diffblue.cover.buildsystem.config.a.a] out: [INFO] Compiling 22 source files to /home/jbergqvist/diffblue/Palisade-common/target/classes
12:51:47.348 [INFO]   [Validating]  [maven:out]         [com.diffblue.cover.buildsystem.internal.f.f] deserializing line [DIFFBLUE]{"__type":"com.diffblue.cover.buildsystem.model.DefaultEventMessage","project":"uk.gov.gchq.palisade:common","goal":"compile","cause":null,"state":"SUCCESS"}
12:51:47.349 [INFO]   [Validating]  [maven:out]         [com.diffblue.cover.buildsystem.internal.f.f] deserializing line [DIFFBLUE]{"__type":"com.diffblue.cover.buildsystem.model.DefaultEventMessage","project":"uk.gov.gchq.palisade:common","goal":"javadoc-no-fork","cause":null,"state":"STARTED"}
12:51:47.350 [INFO]   [Validating]  [maven:out]         [com.diffblue.cover.buildsystem.config.a.a] out: [INFO] 
12:51:47.350 [INFO]   [Validating]  [maven:out]         [com.diffblue.cover.buildsystem.config.a.a] out: [INFO] --- javadoc:3.1.0:javadoc-no-fork (javadoc-compile) @ common ---
12:51:48.983 [INFO]   [Validating]  [maven:out]         [com.diffblue.cover.buildsystem.internal.f.f] deserializing line [DIFFBLUE]{"__type":"com.diffblue.cover.buildsystem.model.DefaultEventMessage","project":"uk.gov.gchq.palisade:common","goal":"javadoc-no-fork","cause":null,"state":"SUCCESS"}
12:51:48.984 [INFO]   [Validating]  [maven:out]         [com.diffblue.cover.buildsystem.internal.f.f] deserializing line [DIFFBLUE]{"__type":"com.diffblue.cover.buildsystem.model.DefaultEventMessage","project":"uk.gov.gchq.palisade:common","goal":"aggregate-no-fork","cause":null,"state":"STARTED"}
12:51:48.985 [INFO]   [Validating]  [maven:out]         [com.diffblue.cover.buildsystem.config.a.a] out: [INFO] 
12:51:48.985 [INFO]   [Validating]  [maven:out]         [com.diffblue.cover.buildsystem.config.a.a] out: [INFO] --- javadoc:3.1.0:aggregate-no-fork (javadoc-compile) @ common ---
12:51:50.422 [INFO]   [Validating]  [maven:out]         [com.diffblue.cover.buildsystem.internal.f.f] deserializing line [DIFFBLUE]{"__type":"com.diffblue.cover.buildsystem.model.DefaultEventMessage","project":"uk.gov.gchq.palisade:common","goal":"aggregate-no-fork","cause":null,"state":"SUCCESS"}
12:51:50.423 [INFO]   [Validating]  [maven:out]         [com.diffblue.cover.buildsystem.internal.f.f] deserializing line [DIFFBLUE]{"__type":"com.diffblue.cover.buildsystem.model.DefaultEventMessage","project":"uk.gov.gchq.palisade:common","goal":"testResources","cause":null,"state":"STARTED"}
12:51:50.424 [INFO]   [Validating]  [maven:out]         [com.diffblue.cover.buildsystem.config.a.a] out: [INFO] 
12:51:50.424 [INFO]   [Validating]  [maven:out]         [com.diffblue.cover.buildsystem.config.a.a] out: [INFO] --- resources:3.3.1:testResources (default-testResources) @ common ---
12:51:50.425 [INFO]   [Validating]  [maven:out]         [com.diffblue.cover.buildsystem.config.a.a] out: [INFO] skip non existing resourceDirectory /home/jbergqvist/diffblue/Palisade-common/src/test/resources
12:51:50.426 [INFO]   [Validating]  [maven:out]         [com.diffblue.cover.buildsystem.internal.f.f] deserializing line [DIFFBLUE]{"__type":"com.diffblue.cover.buildsystem.model.DefaultEventMessage","project":"uk.gov.gchq.palisade:common","goal":"testResources","cause":null,"state":"SUCCESS"}
12:51:50.426 [INFO]   [Validating]  [maven:out]         [com.diffblue.cover.buildsystem.internal.f.f] deserializing line [DIFFBLUE]{"__type":"com.diffblue.cover.buildsystem.model.DefaultEventMessage","project":"uk.gov.gchq.palisade:common","goal":"testCompile","cause":null,"state":"STARTED"}
12:51:50.427 [INFO]   [Validating]  [maven:out]         [com.diffblue.cover.buildsystem.config.a.a] out: [INFO] 
12:51:50.427 [INFO]   [Validating]  [maven:out]         [com.diffblue.cover.buildsystem.config.a.a] out: [INFO] --- compiler:3.8.0:testCompile (default-testCompile) @ common ---
12:51:50.430 [INFO]   [Validating]  [maven:out]         [com.diffblue.cover.buildsystem.config.a.a] out: [INFO] Changes detected - recompiling the module!
12:51:50.430 [INFO]   [Validating]  [maven:out]         [com.diffblue.cover.buildsystem.config.a.a] out: [INFO] Compiling 13 source files to /home/jbergqvist/diffblue/Palisade-common/target/test-classes
12:51:50.591 [INFO]   [Validating]  [maven:out]         [com.diffblue.cover.buildsystem.config.a.a] out: [INFO] /home/jbergqvist/diffblue/Palisade-common/src/test/java/uk/gov/gchq/palisade/rule/RulesDiffblueTest.java: Some input files use unchecked or unsafe operations.
12:51:50.591 [INFO]   [Validating]  [maven:out]         [com.diffblue.cover.buildsystem.config.a.a] out: [INFO] /home/jbergqvist/diffblue/Palisade-common/src/test/java/uk/gov/gchq/palisade/rule/RulesDiffblueTest.java: Recompile with -Xlint:unchecked for details.
12:51:50.592 [INFO]   [Validating]  [maven:out]         [com.diffblue.cover.buildsystem.internal.f.f] deserializing line [DIFFBLUE]{"__type":"com.diffblue.cover.buildsystem.model.DefaultEventMessage","project":"uk.gov.gchq.palisade:common","goal":"testCompile","cause":null,"state":"SUCCESS"}
12:51:50.594 [INFO]   [Validating]  [maven:out]         [com.diffblue.cover.buildsystem.internal.f.f] deserializing line [DIFFBLUE]{"__type":"com.diffblue.cover.buildsystem.model.DefaultEventMessage","project":"uk.gov.gchq.palisade:common","goal":"test","cause":null,"state":"STARTED"}
12:51:50.596 [INFO]   [Validating]  [maven:out]         [com.diffblue.cover.buildsystem.config.a.a] out: [INFO] 
12:51:50.596 [INFO]   [Validating]  [maven:out]         [com.diffblue.cover.buildsystem.config.a.a] out: [INFO] --- surefire:3.2.5:test (default-test) @ common ---
12:51:50.680 [INFO]   [Validating]  [maven:out]         [com.diffblue.cover.buildsystem.config.a.a] out: [INFO] Using auto detected provider org.apache.maven.surefire.junitplatform.JUnitPlatformProvider
12:51:50.711 [INFO]   [Validating]  [maven:out]         [com.diffblue.cover.buildsystem.config.a.a] out: [INFO] 
12:51:50.711 [INFO]   [Validating]  [maven:out]         [com.diffblue.cover.buildsystem.config.a.a] out: [INFO] -------------------------------------------------------
12:51:50.711 [INFO]   [Validating]  [maven:out]         [com.diffblue.cover.buildsystem.config.a.a] out: [INFO]  T E S T S
12:51:50.711 [INFO]   [Validating]  [maven:out]         [com.diffblue.cover.buildsystem.config.a.a] out: [INFO] -------------------------------------------------------
12:51:51.472 [INFO]   [Validating]  [maven:out]         [com.diffblue.cover.buildsystem.config.a.a] out: [INFO] Running uk.gov.gchq.palisade.user.UserIdDiffblueTest
12:51:51.521 [INFO]   [Validating]  [maven:out]         [com.diffblue.cover.buildsystem.config.a.a] out: [INFO] Tests run: 2, Failures: 0, Errors: 0, Skipped: 0, Time elapsed: 0.044 s -- in uk.gov.gchq.palisade.user.UserIdDiffblueTest
12:51:51.522 [INFO]   [Validating]  [maven:out]         [com.diffblue.cover.buildsystem.config.a.a] out: [INFO] Running uk.gov.gchq.palisade.user.UserDiffblueTest
12:51:51.526 [INFO]   [Validating]  [maven:out]         [com.diffblue.cover.buildsystem.config.a.a] out: [INFO] Tests run: 2, Failures: 0, Errors: 0, Skipped: 0, Time elapsed: 0.004 s -- in uk.gov.gchq.palisade.user.UserDiffblueTest
12:51:51.526 [INFO]   [Validating]  [maven:out]         [com.diffblue.cover.buildsystem.config.a.a] out: [INFO] Running uk.gov.gchq.palisade.rule.RulesDiffblueTest
12:51:52.529 [INFO]   [Validating]  [maven:out]         [com.diffblue.cover.buildsystem.config.a.a] out: [INFO] Tests run: 11, Failures: 0, Errors: 0, Skipped: 0, Time elapsed: 1.006 s -- in uk.gov.gchq.palisade.rule.RulesDiffblueTest
12:51:52.529 [INFO]   [Validating]  [maven:out]         [com.diffblue.cover.buildsystem.config.a.a] out: [INFO] Running uk.gov.gchq.palisade.data.serialise.SerialiserDiffblueTest
12:51:52.543 [INFO]   [Validating]  [maven:err]         [com.diffblue.cover.buildsystem.config.a.a] err: SLF4J: Failed to load class "org.slf4j.impl.StaticLoggerBinder".
12:51:52.543 [INFO]   [Validating]  [maven:err]         [com.diffblue.cover.buildsystem.config.a.a] err: SLF4J: Defaulting to no-operation (NOP) logger implementation
12:51:52.543 [INFO]   [Validating]  [maven:err]         [com.diffblue.cover.buildsystem.config.a.a] err: SLF4J: See http://www.slf4j.org/codes.html#StaticLoggerBinder for further details.
12:51:52.558 [INFO]   [Validating]  [maven:out]         [com.diffblue.cover.buildsystem.config.a.a] out: [INFO] Tests run: 3, Failures: 0, Errors: 0, Skipped: 0, Time elapsed: 0.027 s -- in uk.gov.gchq.palisade.data.serialise.SerialiserDiffblueTest
12:51:52.559 [INFO]   [Validating]  [maven:out]         [com.diffblue.cover.buildsystem.config.a.a] out: [INFO] Running uk.gov.gchq.palisade.util.FileResourceBuilderDiffblueTest
12:51:52.568 [INFO]   [Validating]  [maven:out]         [com.diffblue.cover.buildsystem.config.a.a] out: [INFO] Tests run: 2, Failures: 0, Errors: 0, Skipped: 0, Time elapsed: 0.010 s -- in uk.gov.gchq.palisade.util.FileResourceBuilderDiffblueTest
12:51:52.569 [INFO]   [Validating]  [maven:out]         [com.diffblue.cover.buildsystem.config.a.a] out: [INFO] Running uk.gov.gchq.palisade.util.AbstractResourceBuilderDiffblueTest
12:51:52.575 [INFO]   [Validating]  [maven:out]         [com.diffblue.cover.buildsystem.config.a.a] out: [INFO] Tests run: 1, Failures: 0, Errors: 0, Skipped: 0, Time elapsed: 0.006 s -- in uk.gov.gchq.palisade.util.AbstractResourceBuilderDiffblueTest
12:51:52.575 [INFO]   [Validating]  [maven:out]         [com.diffblue.cover.buildsystem.config.a.a] out: [INFO] Running uk.gov.gchq.palisade.util.RulesUtilDiffblueTest
12:51:52.583 [INFO]   [Validating]  [maven:out]         [com.diffblue.cover.buildsystem.config.a.a] out: [INFO] Tests run: 3, Failures: 0, Errors: 0, Skipped: 0, Time elapsed: 0.007 s -- in uk.gov.gchq.palisade.util.RulesUtilDiffblueTest
12:51:52.583 [INFO]   [Validating]  [maven:out]         [com.diffblue.cover.buildsystem.config.a.a] out: [INFO] Running uk.gov.gchq.palisade.ContextDiffblueTest
12:51:52.589 [INFO]   [Validating]  [maven:out]         [com.diffblue.cover.buildsystem.config.a.a] out: [INFO] Tests run: 4, Failures: 0, Errors: 0, Skipped: 0, Time elapsed: 0.006 s -- in uk.gov.gchq.palisade.ContextDiffblueTest
12:51:52.589 [INFO]   [Validating]  [maven:out]         [com.diffblue.cover.buildsystem.config.a.a] out: [INFO] Running uk.gov.gchq.palisade.resource.AbstractResourceDiffblueTest
12:51:52.591 [INFO]   [Validating]  [maven:out]         [com.diffblue.cover.buildsystem.config.a.a] out: [INFO] Tests run: 1, Failures: 0, Errors: 0, Skipped: 0, Time elapsed: 0.003 s -- in uk.gov.gchq.palisade.resource.AbstractResourceDiffblueTest
12:51:52.591 [INFO]   [Validating]  [maven:out]         [com.diffblue.cover.buildsystem.config.a.a] out: [INFO] Running uk.gov.gchq.palisade.resource.impl.SystemResourceDiffblueTest
12:51:52.597 [INFO]   [Validating]  [maven:out]         [com.diffblue.cover.buildsystem.config.a.a] out: [INFO] Tests run: 3, Failures: 0, Errors: 0, Skipped: 0, Time elapsed: 0.004 s -- in uk.gov.gchq.palisade.resource.impl.SystemResourceDiffblueTest
12:51:52.597 [INFO]   [Validating]  [maven:out]         [com.diffblue.cover.buildsystem.config.a.a] out: [INFO] Running uk.gov.gchq.palisade.resource.impl.FileResourceDiffblueTest
12:51:52.638 [INFO]   [Validating]  [maven:out]         [com.diffblue.cover.buildsystem.config.a.a] out: [INFO] Tests run: 7, Failures: 0, Errors: 0, Skipped: 0, Time elapsed: 0.040 s -- in uk.gov.gchq.palisade.resource.impl.FileResourceDiffblueTest
12:51:52.638 [INFO]   [Validating]  [maven:out]         [com.diffblue.cover.buildsystem.config.a.a] out: [INFO] Running uk.gov.gchq.palisade.resource.impl.SimpleConnectionDetailDiffblueTest
12:51:52.641 [INFO]   [Validating]  [maven:out]         [com.diffblue.cover.buildsystem.config.a.a] out: [INFO] Tests run: 1, Failures: 0, Errors: 0, Skipped: 0, Time elapsed: 0.003 s -- in uk.gov.gchq.palisade.resource.impl.SimpleConnectionDetailDiffblueTest
12:51:52.641 [INFO]   [Validating]  [maven:out]         [com.diffblue.cover.buildsystem.config.a.a] out: [INFO] Running uk.gov.gchq.palisade.resource.impl.DirectoryResourceDiffblueTest
12:51:52.645 [INFO]   [Validating]  [maven:out]         [com.diffblue.cover.buildsystem.config.a.a] out: [INFO] Tests run: 3, Failures: 0, Errors: 0, Skipped: 0, Time elapsed: 0.004 s -- in uk.gov.gchq.palisade.resource.impl.DirectoryResourceDiffblueTest
12:51:52.708 [INFO]   [Validating]  [maven:out]         [com.diffblue.cover.buildsystem.config.a.a] out: [INFO] 
12:51:52.708 [INFO]   [Validating]  [maven:out]         [com.diffblue.cover.buildsystem.config.a.a] out: [INFO] Results:
12:51:52.708 [INFO]   [Validating]  [maven:out]         [com.diffblue.cover.buildsystem.config.a.a] out: [INFO] 
12:51:52.708 [INFO]   [Validating]  [maven:out]         [com.diffblue.cover.buildsystem.config.a.a] out: [INFO] Tests run: 43, Failures: 0, Errors: 0, Skipped: 0
12:51:52.708 [INFO]   [Validating]  [maven:out]         [com.diffblue.cover.buildsystem.config.a.a] out: [INFO] 
12:51:52.711 [INFO]   [Validating]  [maven:out]         [com.diffblue.cover.buildsystem.internal.f.f] deserializing line [DIFFBLUE]{"__type":"com.diffblue.cover.buildsystem.model.DefaultEventMessage","project":"uk.gov.gchq.palisade:common","goal":"test","cause":null,"state":"SUCCESS"}
12:51:52.732 [INFO]   [Validating]  [maven:out]         [com.diffblue.cover.buildsystem.internal.f.f] deserializing line [DIFFBLUE]{"__type":"com.diffblue.cover.buildsystem.model.DefaultProjectModuleMessage","project":{"__type":"DefaultProjectModule","junitReport":["/home/jbergqvist/diffblue/Palisade-common/target/surefire-reports"],"jacocoReport":["/home/jbergqvist/diffblue/Palisade-common/target/site/jacoco/jacoco.xml"],"jacocoDestFile":["${sonar.jacoco.reportPath}","/home/jbergqvist/diffblue/Palisade-common/target/jacoco.exec"],"jacocoFormats":["xml"],"jacocoSkipped":false,"classpath":["/home/jbergqvist/diffblue/Palisade-common/target/classes","/home/jbergqvist/.m2/repository/com/typesafe/akka/akka-stream_2.13/2.6.10/akka-stream_2.13-2.6.10.jar","/home/jbergqvist/.m2/repository/org/scala-lang/scala-library/2.13.3/scala-library-2.13.3.jar","/home/jbergqvist/.m2/repository/com/typesafe/akka/akka-actor_2.13/2.6.10/akka-actor_2.13-2.6.10.jar","/home/jbergqvist/.m2/repository/com/typesafe/config/1.4.0/config-1.4.0.jar","/home/jbergqvist/.m2/repository/org/scala-lang/modules/scala-java8-compat_2.13/0.9.0/scala-java8-compat_2.13-0.9.0.jar","/home/jbergqvist/.m2/repository/com/typesafe/akka/akka-protobuf-v3_2.13/2.6.10/akka-protobuf-v3_2.13-2.6.10.jar","/home/jbergqvist/.m2/repository/org/reactivestreams/reactive-streams/1.0.3/reactive-streams-1.0.3.jar","/home/jbergqvist/.m2/repository/com/typesafe/ssl-config-core_2.13/0.4.2/ssl-config-core_2.13-0.4.2.jar","/home/jbergqvist/.m2/repository/org/scala-lang/modules/scala-parser-combinators_2.13/1.1.2/scala-parser-combinators_2.13-1.1.2.jar","/home/jbergqvist/.m2/repository/org/junit/jupiter/junit-jupiter-engine/5.13.4/junit-jupiter-engine-5.13.4.jar","/home/jbergqvist/.m2/repository/org/junit/platform/junit-platform-engine/1.13.4/junit-platform-engine-1.13.4.jar","/home/jbergqvist/.m2/repository/org/opentest4j/opentest4j/1.3.0/opentest4j-1.3.0.jar","/home/jbergqvist/.m2/repository/org/junit/platform/junit-platform-commons/1.13.4/junit-platform-commons-1.13.4.jar","/home/jbergqvist/.m2/repository/org/junit/jupiter/junit-jupiter-api/5.13.4/junit-jupiter-api-5.13.4.jar","/home/jbergqvist/.m2/repository/org/apiguardian/apiguardian-api/1.1.2/apiguardian-api-1.1.2.jar","/home/jbergqvist/.m2/repository/org/mockito/mockito-core/5.20.0/mockito-core-5.20.0.jar","/home/jbergqvist/.m2/repository/net/bytebuddy/byte-buddy/1.17.7/byte-buddy-1.17.7.jar","/home/jbergqvist/.m2/repository/net/bytebuddy/byte-buddy-agent/1.17.7/byte-buddy-agent-1.17.7.jar","/home/jbergqvist/.m2/repository/org/objenesis/objenesis/3.3/objenesis-3.3.jar","/home/jbergqvist/.m2/repository/org/mockito/mockito-junit-jupiter/5.20.0/mockito-junit-jupiter-5.20.0.jar","/home/jbergqvist/.m2/repository/com/fasterxml/jackson/core/jackson-databind/2.11.0/jackson-databind-2.11.0.jar","/home/jbergqvist/.m2/repository/com/fasterxml/jackson/core/jackson-annotations/2.11.0/jackson-annotations-2.11.0.jar","/home/jbergqvist/.m2/repository/com/fasterxml/jackson/core/jackson-core/2.11.0/jackson-core-2.11.0.jar","/home/jbergqvist/.m2/repository/org/slf4j/slf4j-api/1.7.25/slf4j-api-1.7.25.jar","/home/jbergqvist/.m2/repository/com/diffblue/cover/cover-annotations/1.8.0/cover-annotations-1.8.0.jar"],"complianceLevel":"11","productionSources":["/home/jbergqvist/diffblue/Palisade-common/src/main/java"],"testSources":["/home/jbergqvist/diffblue/Palisade-common/src/test/java"],"productionClasses":"/home/jbergqvist/diffblue/Palisade-common/target/classes","testClasses":"/home/jbergqvist/diffblue/Palisade-common/target/test-classes","sourceToBuildPathMap":null,"testSourceToBuildPathMap":null,"buildDirectory":"/home/jbergqvist/diffblue/Palisade-common/target","plugins":[{"__type":"DefaultPlugin","groupId":"org.apache.maven.plugins","artefactId":"maven-compiler-plugin","version":"3.8.0","pluginClassName":null},{"__type":"DefaultPlugin","groupId":"org.apache.maven.plugins","artefactId":"maven-javadoc-plugin","version":"3.1.0","pluginClassName":null},{"__type":"DefaultPlugin","groupId":"org.apache.maven.plugins","artefactId":"maven-dependency-plugin","version":"3.1.2","pluginClassName":null},{"__type":"DefaultPlugin","groupId":"org.codehaus.mojo","artefactId":"flatten-maven-plugin","version":"1.1.0","pluginClassName":null},{"__type":"DefaultPlugin","groupId":"org.codehaus.mojo","artefactId":"license-maven-plugin","version":"2.0.0","pluginClassName":null},{"__type":"DefaultPlugin","groupId":"org.jacoco","artefactId":"jacoco-maven-plugin","version":"0.8.5","pluginClassName":null},{"__type":"DefaultPlugin","groupId":"org.apache.maven.plugins","artefactId":"maven-checkstyle-plugin","version":"3.1.0","pluginClassName":null},{"__type":"DefaultPlugin","groupId":"org.apache.maven.plugins","artefactId":"maven-clean-plugin","version":"3.2.0","pluginClassName":null},{"__type":"DefaultPlugin","groupId":"org.apache.maven.plugins","artefactId":"maven-resources-plugin","version":"3.3.1","pluginClassName":null},{"__type":"DefaultPlugin","groupId":"org.apache.maven.plugins","artefactId":"maven-jar-plugin","version":"3.4.1","pluginClassName":null},{"__type":"DefaultPlugin","groupId":"org.apache.maven.plugins","artefactId":"maven-surefire-plugin","version":"3.2.5","pluginClassName":null},{"__type":"DefaultPlugin","groupId":"org.apache.maven.plugins","artefactId":"maven-install-plugin","version":"3.1.2","pluginClassName":null},{"__type":"DefaultPlugin","groupId":"org.apache.maven.plugins","artefactId":"maven-deploy-plugin","version":"3.1.2","pluginClassName":null},{"__type":"DefaultPlugin","groupId":"org.apache.maven.plugins","artefactId":"maven-site-plugin","version":"3.12.1","pluginClassName":null}],"version":"3.9.12","encoding":"UTF-8","name":"maven","subModules":[],"simpleModuleName":null,"parentModuleName":null,"location":"/home/jbergqvist/diffblue/Palisade-common","fullModuleName":"uk.gov.gchq.palisade:common"}}
12:51:52.735 [INFO]   [Validating]  [maven:out]         [com.diffblue.cover.buildsystem.config.a.a] out: [INFO] ------------------------------------------------------------------------
12:51:52.735 [INFO]   [Validating]  [maven:out]         [com.diffblue.cover.buildsystem.config.a.a] out: [INFO] BUILD SUCCESS
12:51:52.735 [INFO]   [Validating]  [maven:out]         [com.diffblue.cover.buildsystem.config.a.a] out: [INFO] ------------------------------------------------------------------------
12:51:52.735 [INFO]   [Validating]  [maven:out]         [com.diffblue.cover.buildsystem.config.a.a] out: [INFO] Total time:  7.682 s
12:51:52.735 [INFO]   [Validating]  [maven:out]         [com.diffblue.cover.buildsystem.config.a.a] out: [INFO] Finished at: 2026-01-12T12:51:52Z
12:51:52.735 [INFO]   [Validating]  [maven:out]         [com.diffblue.cover.buildsystem.config.a.a] out: [INFO] ------------------------------------------------------------------------
12:51:52.737 [INFO]   [Validating]  [maven:out]         [com.diffblue.cover.buildsystem.internal.f.f] deserializing line [DIFFBLUE]{"__type":"com.diffblue.cover.buildsystem.model.ProjectInfoMessage","projectName":"uk.gov.gchq.palisade:common","productionSources":["/home/jbergqvist/diffblue/Palisade-common/src/main/java","/home/jbergqvist/diffblue/Palisade-common/target/generated-sources/annotations"],"testSources":["/home/jbergqvist/diffblue/Palisade-common/src/test/java","/home/jbergqvist/diffblue/Palisade-common/target/generated-test-sources/test-annotations"],"location":"/home/jbergqvist/diffblue/Palisade-common"}
12:51:52.782 [INFO]   [Validating]  [main]              [com.diffblue.cover.buildsystem.internal.f.d] maven:err process not stopped, joining thread
12:51:52.782 [INFO]   [Validating]  [main]              [com.diffblue.cover.buildsystem.internal.f.d] maven:out process not stopped, joining thread
12:51:52.782 [DEBUG]  [Validating]  [main]              [com.diffblue.cover.buildsystem.config.a.a] Executor spent 8s on command "/home/jbergqvist/.sdkman/candidates/maven/current/bin/mvn -Dmaven.ext.class.path=/opt/cover/cover-buildsystem-maven-spy-jar-with-dependencies.jar -Dcom.diffblue.cover.skipTests=true -DskipTestOptimizer --batch-mode --projects=uk.gov.gchq.palisade:common --global-settings=/home/jbergqvist/.sdkman/candidates/maven/current/conf/settings.xml org.apache.maven.plugins:maven-checkstyle-plugin:check -Dcheckstyle.failOnViolation=false clean test"
12:51:52.831 [INFO]   [Validating]  [main]              [com.diffblue.cover.ui.controller.r] All 43 created tests were successfully validated.
12:51:52.847 [INFO]   [Validating]  [main]              [com.diffblue.cover.ui.controller.r] Refactorings have been generated - run `dcover refactor` to apply them
12:51:52.849 [INFO]   [Measuring]   [main]              [com.diffblue.cover.ui.controller.q] Calculating coverage from Diffblue tests.
12:51:52.850 [DEBUG]  [Measuring]   [main]              [com.diffblue.cover.buildsystem.config.registry.Registry] checking if /home/jbergqvist/diffblue/Palisade-common/DiffblueBuild.yaml exists...
12:51:52.850 [DEBUG]  [Measuring]   [main]              [com.diffblue.cover.buildsystem.config.registry.Registry] checking if /home/jbergqvist/diffblue/Palisade-common/DiffblueBuild.yml exists...
12:51:52.850 [INFO]   [Measuring]   [main]              [com.diffblue.cover.buildsystem.config.registry.Registry] Using default build rules as no custom rules found in any of [/home/jbergqvist/diffblue/Palisade-common]
12:51:52.850 [DEBUG]  [Measuring]   [main]              [com.diffblue.cover.buildsystem.config.registry.Registry] Build execution request for Coverage Phase
12:51:52.851 [DEBUG]  [Measuring]   [main]              [com.diffblue.cover.buildsystem.config.registry.Registry] checking if /home/jbergqvist/diffblue/Palisade-common/DiffblueBuild.yaml exists...
12:51:52.851 [DEBUG]  [Measuring]   [main]              [com.diffblue.cover.buildsystem.config.registry.Registry] checking if /home/jbergqvist/diffblue/Palisade-common/DiffblueBuild.yml exists...
12:51:52.851 [INFO]   [Measuring]   [main]              [com.diffblue.cover.buildsystem.config.registry.Registry] Using default build rules as no custom rules found in any of [/home/jbergqvist/diffblue/Palisade-common]
12:51:52.851 [DEBUG]  [Measuring]   [main]              [com.diffblue.cover.buildsystem.config.registry.Registry] Build execution request for Coverage Phase
12:51:52.851 [INFO]   [Measuring]   [main]              [com.diffblue.cover.buildsystem.config.a.a] Attempting to invoke mvnw in working directory: /home/jbergqvist/diffblue/Palisade-common
12:51:52.852 [INFO]   [Measuring]   [main]              [com.diffblue.cover.buildsystem.config.a.a] Attempting to invoke /home/jbergqvist/.sdkman/candidates/maven/current/bin/mvn in working directory: /home/jbergqvist/diffblue/Palisade-common
12:51:52.852 [INFO]   [Measuring]   [main]              [com.diffblue.cover.buildsystem.config.a.a] Started "/home/jbergqvist/.sdkman/candidates/maven/current/bin/mvn -Dmaven.ext.class.path=/opt/cover/cover-buildsystem-maven-spy-jar-with-dependencies.jar -Dcom.diffblue.cover.skipTests=true -DskipTestOptimizer --batch-mode --projects=uk.gov.gchq.palisade:common --global-settings=/home/jbergqvist/.sdkman/candidates/maven/current/conf/settings.xml org.apache.maven.plugins:maven-checkstyle-plugin:check -Dcheckstyle.failOnViolation=false org.jacoco:jacoco-maven-plugin:0.8.5:prepare-agent -Djacoco.skip=false test -DfailIfNoTests=false -Dsurefire.failIfNoSpecifiedTests=false -Dmaven.test.failure.ignore=True -Dtest=*DiffblueTest org.jacoco:jacoco-maven-plugin:0.8.5:report -Djacoco.skip=false"
12:51:53.633 [INFO]   [Measuring]   [maven:out]         [com.diffblue.cover.buildsystem.config.a.a] out: [INFO] Scanning for projects...
12:51:53.744 [INFO]   [Measuring]   [maven:out]         [com.diffblue.cover.buildsystem.config.a.a] out: [INFO] 
12:51:53.745 [INFO]   [Measuring]   [maven:out]         [com.diffblue.cover.buildsystem.config.a.a] out: [INFO] --------------------< uk.gov.gchq.palisade:common >---------------------
12:51:53.745 [INFO]   [Measuring]   [maven:out]         [com.diffblue.cover.buildsystem.config.a.a] out: [INFO] Building GCHQ Palisade Common Library 0.5.2-SNAPSHOT
12:51:53.745 [INFO]   [Measuring]   [maven:out]         [com.diffblue.cover.buildsystem.config.a.a] out: [INFO]   from pom.xml
12:51:53.745 [INFO]   [Measuring]   [maven:out]         [com.diffblue.cover.buildsystem.config.a.a] out: [INFO] --------------------------------[ jar ]---------------------------------
12:51:54.017 [INFO]   [Measuring]   [maven:out]         [com.diffblue.cover.buildsystem.internal.f.f] deserializing line [DIFFBLUE]{"__type":"com.diffblue.cover.buildsystem.model.DefaultEventMessage","project":"uk.gov.gchq.palisade:common","goal":"check","cause":null,"state":"STARTED"}
12:51:54.018 [INFO]   [Measuring]   [maven:out]         [com.diffblue.cover.buildsystem.config.a.a] out: [INFO] 
12:51:54.018 [INFO]   [Measuring]   [maven:out]         [com.diffblue.cover.buildsystem.config.a.a] out: [INFO] --- checkstyle:3.1.0:check (default-cli) @ common ---
12:51:55.240 [INFO]   [Measuring]   [maven:out]         [com.diffblue.cover.buildsystem.config.a.a] out: [INFO] Starting audit...
12:51:55.240 [INFO]   [Measuring]   [maven:out]         [com.diffblue.cover.buildsystem.config.a.a] out: Audit done.
12:51:55.254 [INFO]   [Measuring]   [maven:out]         [com.diffblue.cover.buildsystem.internal.f.f] deserializing line [DIFFBLUE]{"__type":"com.diffblue.cover.buildsystem.model.DefaultEventMessage","project":"uk.gov.gchq.palisade:common","goal":"check","cause":null,"state":"SUCCESS"}
12:51:55.258 [INFO]   [Measuring]   [maven:out]         [com.diffblue.cover.buildsystem.internal.f.f] deserializing line [DIFFBLUE]{"__type":"com.diffblue.cover.buildsystem.model.DefaultEventMessage","project":"uk.gov.gchq.palisade:common","goal":"prepare-agent","cause":null,"state":"STARTED"}
12:51:55.259 [INFO]   [Measuring]   [maven:out]         [com.diffblue.cover.buildsystem.config.a.a] out: [INFO] 
12:51:55.260 [INFO]   [Measuring]   [maven:out]         [com.diffblue.cover.buildsystem.config.a.a] out: [INFO] --- jacoco:0.8.5:prepare-agent (default-cli) @ common ---
12:51:55.406 [INFO]   [Measuring]   [maven:out]         [com.diffblue.cover.buildsystem.config.a.a] out: [INFO] argLine set to -javaagent:/home/jbergqvist/.m2/repository/org/jacoco/org.jacoco.agent/0.8.5/org.jacoco.agent-0.8.5-runtime.jar=destfile=/home/jbergqvist/diffblue/Palisade-common/target/jacoco.exec,append=true
12:51:55.408 [INFO]   [Measuring]   [maven:out]         [com.diffblue.cover.buildsystem.internal.f.f] deserializing line [DIFFBLUE]{"__type":"com.diffblue.cover.buildsystem.model.DefaultEventMessage","project":"uk.gov.gchq.palisade:common","goal":"prepare-agent","cause":null,"state":"SUCCESS"}
12:51:55.410 [INFO]   [Measuring]   [maven:out]         [com.diffblue.cover.buildsystem.internal.f.f] deserializing line [DIFFBLUE]{"__type":"com.diffblue.cover.buildsystem.model.DefaultEventMessage","project":"uk.gov.gchq.palisade:common","goal":"prepare-agent","cause":null,"state":"STARTED"}
12:51:55.411 [INFO]   [Measuring]   [maven:out]         [com.diffblue.cover.buildsystem.config.a.a] out: [INFO] 
12:51:55.411 [INFO]   [Measuring]   [maven:out]         [com.diffblue.cover.buildsystem.config.a.a] out: [INFO] --- jacoco:0.8.5:prepare-agent (agent) @ common ---
12:51:55.411 [INFO]   [Measuring]   [maven:out]         [com.diffblue.cover.buildsystem.config.a.a] out: [INFO] argLine set to -javaagent:/home/jbergqvist/.m2/repository/org/jacoco/org.jacoco.agent/0.8.5/org.jacoco.agent-0.8.5-runtime.jar=destfile=/home/jbergqvist/diffblue/Palisade-common/target/jacoco.exec,append=true
12:51:55.412 [INFO]   [Measuring]   [maven:out]         [com.diffblue.cover.buildsystem.internal.f.f] deserializing line [DIFFBLUE]{"__type":"com.diffblue.cover.buildsystem.model.DefaultEventMessage","project":"uk.gov.gchq.palisade:common","goal":"prepare-agent","cause":null,"state":"SUCCESS"}
12:51:55.414 [INFO]   [Measuring]   [maven:out]         [com.diffblue.cover.buildsystem.internal.f.f] deserializing line [DIFFBLUE]{"__type":"com.diffblue.cover.buildsystem.model.DefaultEventMessage","project":"uk.gov.gchq.palisade:common","goal":"resources","cause":null,"state":"STARTED"}
12:51:55.415 [INFO]   [Measuring]   [maven:out]         [com.diffblue.cover.buildsystem.config.a.a] out: [INFO] 
12:51:55.415 [INFO]   [Measuring]   [maven:out]         [com.diffblue.cover.buildsystem.config.a.a] out: [INFO] --- resources:3.3.1:resources (default-resources) @ common ---
12:51:55.465 [INFO]   [Measuring]   [maven:out]         [com.diffblue.cover.buildsystem.config.a.a] out: [INFO] Copying 1 resource from src/main/resources to target/classes
12:51:55.470 [INFO]   [Measuring]   [maven:out]         [com.diffblue.cover.buildsystem.internal.f.f] deserializing line [DIFFBLUE]{"__type":"com.diffblue.cover.buildsystem.model.DefaultEventMessage","project":"uk.gov.gchq.palisade:common","goal":"resources","cause":null,"state":"SUCCESS"}
12:51:55.472 [INFO]   [Measuring]   [maven:out]         [com.diffblue.cover.buildsystem.internal.f.f] deserializing line [DIFFBLUE]{"__type":"com.diffblue.cover.buildsystem.model.DefaultEventMessage","project":"uk.gov.gchq.palisade:common","goal":"flatten","cause":null,"state":"STARTED"}
12:51:55.473 [INFO]   [Measuring]   [maven:out]         [com.diffblue.cover.buildsystem.config.a.a] out: [INFO] 
12:51:55.473 [INFO]   [Measuring]   [maven:out]         [com.diffblue.cover.buildsystem.config.a.a] out: [INFO] --- flatten:1.1.0:flatten (flatten) @ common ---
12:51:55.571 [INFO]   [Measuring]   [maven:out]         [com.diffblue.cover.buildsystem.config.a.a] out: [INFO] Generating flattened POM of project uk.gov.gchq.palisade:common:jar:0.5.2-SNAPSHOT...
12:51:55.610 [INFO]   [Measuring]   [maven:out]         [com.diffblue.cover.buildsystem.internal.f.f] deserializing line [DIFFBLUE]{"__type":"com.diffblue.cover.buildsystem.model.DefaultEventMessage","project":"uk.gov.gchq.palisade:common","goal":"flatten","cause":null,"state":"SUCCESS"}
12:51:55.611 [INFO]   [Measuring]   [maven:out]         [com.diffblue.cover.buildsystem.internal.f.f] deserializing line [DIFFBLUE]{"__type":"com.diffblue.cover.buildsystem.model.DefaultEventMessage","project":"uk.gov.gchq.palisade:common","goal":"compile","cause":null,"state":"STARTED"}
12:51:55.612 [INFO]   [Measuring]   [maven:out]         [com.diffblue.cover.buildsystem.config.a.a] out: [INFO] 
12:51:55.612 [INFO]   [Measuring]   [maven:out]         [com.diffblue.cover.buildsystem.config.a.a] out: [INFO] --- compiler:3.8.0:compile (default-compile) @ common ---
12:51:55.716 [INFO]   [Measuring]   [maven:out]         [com.diffblue.cover.buildsystem.config.a.a] out: [INFO] Nothing to compile - all classes are up to date
12:51:55.718 [INFO]   [Measuring]   [maven:out]         [com.diffblue.cover.buildsystem.internal.f.f] deserializing line [DIFFBLUE]{"__type":"com.diffblue.cover.buildsystem.model.DefaultEventMessage","project":"uk.gov.gchq.palisade:common","goal":"compile","cause":null,"state":"SUCCESS"}
12:51:55.719 [INFO]   [Measuring]   [maven:out]         [com.diffblue.cover.buildsystem.internal.f.f] deserializing line [DIFFBLUE]{"__type":"com.diffblue.cover.buildsystem.model.DefaultEventMessage","project":"uk.gov.gchq.palisade:common","goal":"javadoc-no-fork","cause":null,"state":"STARTED"}
12:51:55.720 [INFO]   [Measuring]   [maven:out]         [com.diffblue.cover.buildsystem.config.a.a] out: [INFO] 
12:51:55.720 [INFO]   [Measuring]   [maven:out]         [com.diffblue.cover.buildsystem.config.a.a] out: [INFO] --- javadoc:3.1.0:javadoc-no-fork (javadoc-compile) @ common ---
12:51:57.259 [INFO]   [Measuring]   [maven:out]         [com.diffblue.cover.buildsystem.internal.f.f] deserializing line [DIFFBLUE]{"__type":"com.diffblue.cover.buildsystem.model.DefaultEventMessage","project":"uk.gov.gchq.palisade:common","goal":"javadoc-no-fork","cause":null,"state":"SUCCESS"}
12:51:57.260 [INFO]   [Measuring]   [maven:out]         [com.diffblue.cover.buildsystem.internal.f.f] deserializing line [DIFFBLUE]{"__type":"com.diffblue.cover.buildsystem.model.DefaultEventMessage","project":"uk.gov.gchq.palisade:common","goal":"aggregate-no-fork","cause":null,"state":"STARTED"}
12:51:57.261 [INFO]   [Measuring]   [maven:out]         [com.diffblue.cover.buildsystem.config.a.a] out: [INFO] 
12:51:57.261 [INFO]   [Measuring]   [maven:out]         [com.diffblue.cover.buildsystem.config.a.a] out: [INFO] --- javadoc:3.1.0:aggregate-no-fork (javadoc-compile) @ common ---
12:51:58.706 [INFO]   [Measuring]   [maven:out]         [com.diffblue.cover.buildsystem.internal.f.f] deserializing line [DIFFBLUE]{"__type":"com.diffblue.cover.buildsystem.model.DefaultEventMessage","project":"uk.gov.gchq.palisade:common","goal":"aggregate-no-fork","cause":null,"state":"SUCCESS"}
12:51:58.707 [INFO]   [Measuring]   [maven:out]         [com.diffblue.cover.buildsystem.internal.f.f] deserializing line [DIFFBLUE]{"__type":"com.diffblue.cover.buildsystem.model.DefaultEventMessage","project":"uk.gov.gchq.palisade:common","goal":"testResources","cause":null,"state":"STARTED"}
12:51:58.707 [INFO]   [Measuring]   [maven:out]         [com.diffblue.cover.buildsystem.config.a.a] out: [INFO] 
12:51:58.707 [INFO]   [Measuring]   [maven:out]         [com.diffblue.cover.buildsystem.config.a.a] out: [INFO] --- resources:3.3.1:testResources (default-testResources) @ common ---
12:51:58.708 [INFO]   [Measuring]   [maven:out]         [com.diffblue.cover.buildsystem.config.a.a] out: [INFO] skip non existing resourceDirectory /home/jbergqvist/diffblue/Palisade-common/src/test/resources
12:51:58.709 [INFO]   [Measuring]   [maven:out]         [com.diffblue.cover.buildsystem.internal.f.f] deserializing line [DIFFBLUE]{"__type":"com.diffblue.cover.buildsystem.model.DefaultEventMessage","project":"uk.gov.gchq.palisade:common","goal":"testResources","cause":null,"state":"SUCCESS"}
12:51:58.710 [INFO]   [Measuring]   [maven:out]         [com.diffblue.cover.buildsystem.internal.f.f] deserializing line [DIFFBLUE]{"__type":"com.diffblue.cover.buildsystem.model.DefaultEventMessage","project":"uk.gov.gchq.palisade:common","goal":"testCompile","cause":null,"state":"STARTED"}
12:51:58.711 [INFO]   [Measuring]   [maven:out]         [com.diffblue.cover.buildsystem.config.a.a] out: [INFO] 
12:51:58.711 [INFO]   [Measuring]   [maven:out]         [com.diffblue.cover.buildsystem.config.a.a] out: [INFO] --- compiler:3.8.0:testCompile (default-testCompile) @ common ---
12:51:58.714 [INFO]   [Measuring]   [maven:out]         [com.diffblue.cover.buildsystem.config.a.a] out: [INFO] Nothing to compile - all classes are up to date
12:51:58.715 [INFO]   [Measuring]   [maven:out]         [com.diffblue.cover.buildsystem.internal.f.f] deserializing line [DIFFBLUE]{"__type":"com.diffblue.cover.buildsystem.model.DefaultEventMessage","project":"uk.gov.gchq.palisade:common","goal":"testCompile","cause":null,"state":"SUCCESS"}
12:51:58.716 [INFO]   [Measuring]   [maven:out]         [com.diffblue.cover.buildsystem.internal.f.f] deserializing line [DIFFBLUE]{"__type":"com.diffblue.cover.buildsystem.model.DefaultEventMessage","project":"uk.gov.gchq.palisade:common","goal":"test","cause":null,"state":"STARTED"}
12:51:58.716 [INFO]   [Measuring]   [maven:out]         [com.diffblue.cover.buildsystem.config.a.a] out: [INFO] 
12:51:58.716 [INFO]   [Measuring]   [maven:out]         [com.diffblue.cover.buildsystem.config.a.a] out: [INFO] --- surefire:3.2.5:test (default-test) @ common ---
12:51:58.781 [INFO]   [Measuring]   [maven:out]         [com.diffblue.cover.buildsystem.config.a.a] out: [INFO] Using auto detected provider org.apache.maven.surefire.junitplatform.JUnitPlatformProvider
12:51:58.804 [INFO]   [Measuring]   [maven:out]         [com.diffblue.cover.buildsystem.config.a.a] out: [INFO] 
12:51:58.804 [INFO]   [Measuring]   [maven:out]         [com.diffblue.cover.buildsystem.config.a.a] out: [INFO] -------------------------------------------------------
12:51:58.804 [INFO]   [Measuring]   [maven:out]         [com.diffblue.cover.buildsystem.config.a.a] out: [INFO]  T E S T S
12:51:58.804 [INFO]   [Measuring]   [maven:out]         [com.diffblue.cover.buildsystem.config.a.a] out: [INFO] -------------------------------------------------------
12:51:59.500 [INFO]   [Measuring]   [maven:out]         [com.diffblue.cover.buildsystem.config.a.a] out: [INFO] Running uk.gov.gchq.palisade.user.UserIdDiffblueTest
12:51:59.562 [INFO]   [Measuring]   [maven:out]         [com.diffblue.cover.buildsystem.config.a.a] out: [INFO] Tests run: 2, Failures: 0, Errors: 0, Skipped: 0, Time elapsed: 0.052 s -- in uk.gov.gchq.palisade.user.UserIdDiffblueTest
12:51:59.563 [INFO]   [Measuring]   [maven:out]         [com.diffblue.cover.buildsystem.config.a.a] out: [INFO] Running uk.gov.gchq.palisade.user.UserDiffblueTest
12:51:59.567 [INFO]   [Measuring]   [maven:out]         [com.diffblue.cover.buildsystem.config.a.a] out: [INFO] Tests run: 2, Failures: 0, Errors: 0, Skipped: 0, Time elapsed: 0.005 s -- in uk.gov.gchq.palisade.user.UserDiffblueTest
12:51:59.568 [INFO]   [Measuring]   [maven:out]         [com.diffblue.cover.buildsystem.config.a.a] out: [INFO] Running uk.gov.gchq.palisade.rule.RulesDiffblueTest
12:52:00.536 [INFO]   [Measuring]   [maven:out]         [com.diffblue.cover.buildsystem.config.a.a] out: [INFO] Tests run: 11, Failures: 0, Errors: 0, Skipped: 0, Time elapsed: 0.976 s -- in uk.gov.gchq.palisade.rule.RulesDiffblueTest
12:52:00.536 [INFO]   [Measuring]   [maven:out]         [com.diffblue.cover.buildsystem.config.a.a] out: [INFO] Running uk.gov.gchq.palisade.data.serialise.SerialiserDiffblueTest
12:52:00.548 [INFO]   [Measuring]   [maven:err]         [com.diffblue.cover.buildsystem.config.a.a] err: SLF4J: Failed to load class "org.slf4j.impl.StaticLoggerBinder".
12:52:00.548 [INFO]   [Measuring]   [maven:err]         [com.diffblue.cover.buildsystem.config.a.a] err: SLF4J: Defaulting to no-operation (NOP) logger implementation
12:52:00.548 [INFO]   [Measuring]   [maven:err]         [com.diffblue.cover.buildsystem.config.a.a] err: SLF4J: See http://www.slf4j.org/codes.html#StaticLoggerBinder for further details.
12:52:00.561 [INFO]   [Measuring]   [maven:out]         [com.diffblue.cover.buildsystem.config.a.a] out: [INFO] Tests run: 3, Failures: 0, Errors: 0, Skipped: 0, Time elapsed: 0.024 s -- in uk.gov.gchq.palisade.data.serialise.SerialiserDiffblueTest
12:52:00.561 [INFO]   [Measuring]   [maven:out]         [com.diffblue.cover.buildsystem.config.a.a] out: [INFO] Running uk.gov.gchq.palisade.util.FileResourceBuilderDiffblueTest
12:52:00.570 [INFO]   [Measuring]   [maven:out]         [com.diffblue.cover.buildsystem.config.a.a] out: [INFO] Tests run: 2, Failures: 0, Errors: 0, Skipped: 0, Time elapsed: 0.010 s -- in uk.gov.gchq.palisade.util.FileResourceBuilderDiffblueTest
12:52:00.570 [INFO]   [Measuring]   [maven:out]         [com.diffblue.cover.buildsystem.config.a.a] out: [INFO] Running uk.gov.gchq.palisade.util.AbstractResourceBuilderDiffblueTest
12:52:00.575 [INFO]   [Measuring]   [maven:out]         [com.diffblue.cover.buildsystem.config.a.a] out: [INFO] Tests run: 1, Failures: 0, Errors: 0, Skipped: 0, Time elapsed: 0.005 s -- in uk.gov.gchq.palisade.util.AbstractResourceBuilderDiffblueTest
12:52:00.575 [INFO]   [Measuring]   [maven:out]         [com.diffblue.cover.buildsystem.config.a.a] out: [INFO] Running uk.gov.gchq.palisade.util.RulesUtilDiffblueTest
12:52:00.581 [INFO]   [Measuring]   [maven:out]         [com.diffblue.cover.buildsystem.config.a.a] out: [INFO] Tests run: 3, Failures: 0, Errors: 0, Skipped: 0, Time elapsed: 0.006 s -- in uk.gov.gchq.palisade.util.RulesUtilDiffblueTest
12:52:00.581 [INFO]   [Measuring]   [maven:out]         [com.diffblue.cover.buildsystem.config.a.a] out: [INFO] Running uk.gov.gchq.palisade.ContextDiffblueTest
12:52:00.585 [INFO]   [Measuring]   [maven:out]         [com.diffblue.cover.buildsystem.config.a.a] out: [INFO] Tests run: 4, Failures: 0, Errors: 0, Skipped: 0, Time elapsed: 0.004 s -- in uk.gov.gchq.palisade.ContextDiffblueTest
12:52:00.585 [INFO]   [Measuring]   [maven:out]         [com.diffblue.cover.buildsystem.config.a.a] out: [INFO] Running uk.gov.gchq.palisade.resource.AbstractResourceDiffblueTest
12:52:00.587 [INFO]   [Measuring]   [maven:out]         [com.diffblue.cover.buildsystem.config.a.a] out: [INFO] Tests run: 1, Failures: 0, Errors: 0, Skipped: 0, Time elapsed: 0.002 s -- in uk.gov.gchq.palisade.resource.AbstractResourceDiffblueTest
12:52:00.588 [INFO]   [Measuring]   [maven:out]         [com.diffblue.cover.buildsystem.config.a.a] out: [INFO] Running uk.gov.gchq.palisade.resource.impl.SystemResourceDiffblueTest
12:52:00.591 [INFO]   [Measuring]   [maven:out]         [com.diffblue.cover.buildsystem.config.a.a] out: [INFO] Tests run: 3, Failures: 0, Errors: 0, Skipped: 0, Time elapsed: 0.003 s -- in uk.gov.gchq.palisade.resource.impl.SystemResourceDiffblueTest
12:52:00.591 [INFO]   [Measuring]   [maven:out]         [com.diffblue.cover.buildsystem.config.a.a] out: [INFO] Running uk.gov.gchq.palisade.resource.impl.FileResourceDiffblueTest
12:52:00.625 [INFO]   [Measuring]   [maven:out]         [com.diffblue.cover.buildsystem.config.a.a] out: [INFO] Tests run: 7, Failures: 0, Errors: 0, Skipped: 0, Time elapsed: 0.033 s -- in uk.gov.gchq.palisade.resource.impl.FileResourceDiffblueTest
12:52:00.625 [INFO]   [Measuring]   [maven:out]         [com.diffblue.cover.buildsystem.config.a.a] out: [INFO] Running uk.gov.gchq.palisade.resource.impl.SimpleConnectionDetailDiffblueTest
12:52:00.629 [INFO]   [Measuring]   [maven:out]         [com.diffblue.cover.buildsystem.config.a.a] out: [INFO] Tests run: 1, Failures: 0, Errors: 0, Skipped: 0, Time elapsed: 0.004 s -- in uk.gov.gchq.palisade.resource.impl.SimpleConnectionDetailDiffblueTest
12:52:00.629 [INFO]   [Measuring]   [maven:out]         [com.diffblue.cover.buildsystem.config.a.a] out: [INFO] Running uk.gov.gchq.palisade.resource.impl.DirectoryResourceDiffblueTest
12:52:00.633 [INFO]   [Measuring]   [maven:out]         [com.diffblue.cover.buildsystem.config.a.a] out: [INFO] Tests run: 3, Failures: 0, Errors: 0, Skipped: 0, Time elapsed: 0.003 s -- in uk.gov.gchq.palisade.resource.impl.DirectoryResourceDiffblueTest
12:52:00.679 [INFO]   [Measuring]   [maven:out]         [com.diffblue.cover.buildsystem.config.a.a] out: [INFO] 
12:52:00.680 [INFO]   [Measuring]   [maven:out]         [com.diffblue.cover.buildsystem.config.a.a] out: [INFO] Results:
12:52:00.680 [INFO]   [Measuring]   [maven:out]         [com.diffblue.cover.buildsystem.config.a.a] out: [INFO] 
12:52:00.680 [INFO]   [Measuring]   [maven:out]         [com.diffblue.cover.buildsystem.config.a.a] out: [INFO] Tests run: 43, Failures: 0, Errors: 0, Skipped: 0
12:52:00.680 [INFO]   [Measuring]   [maven:out]         [com.diffblue.cover.buildsystem.config.a.a] out: [INFO] 
12:52:00.683 [INFO]   [Measuring]   [maven:out]         [com.diffblue.cover.buildsystem.internal.f.f] deserializing line [DIFFBLUE]{"__type":"com.diffblue.cover.buildsystem.model.DefaultEventMessage","project":"uk.gov.gchq.palisade:common","goal":"test","cause":null,"state":"SUCCESS"}
12:52:00.684 [INFO]   [Measuring]   [maven:out]         [com.diffblue.cover.buildsystem.internal.f.f] deserializing line [DIFFBLUE]{"__type":"com.diffblue.cover.buildsystem.model.DefaultEventMessage","project":"uk.gov.gchq.palisade:common","goal":"report","cause":null,"state":"STARTED"}
12:52:00.684 [INFO]   [Measuring]   [maven:out]         [com.diffblue.cover.buildsystem.config.a.a] out: [INFO] 
12:52:00.684 [INFO]   [Measuring]   [maven:out]         [com.diffblue.cover.buildsystem.config.a.a] out: [INFO] --- jacoco:0.8.5:report (default-cli) @ common ---
12:52:00.721 [INFO]   [Measuring]   [maven:out]         [com.diffblue.cover.buildsystem.config.a.a] out: [INFO] Loading execution data file /home/jbergqvist/diffblue/Palisade-common/target/jacoco.exec
12:52:00.778 [INFO]   [Measuring]   [maven:out]         [com.diffblue.cover.buildsystem.config.a.a] out: [INFO] Analyzed bundle 'GCHQ Palisade Common Library' with 25 classes
12:52:00.829 [INFO]   [Measuring]   [maven:out]         [com.diffblue.cover.buildsystem.internal.f.f] deserializing line [DIFFBLUE]{"__type":"com.diffblue.cover.buildsystem.model.DefaultEventMessage","project":"uk.gov.gchq.palisade:common","goal":"report","cause":null,"state":"SUCCESS"}
12:52:00.847 [INFO]   [Measuring]   [maven:out]         [com.diffblue.cover.buildsystem.internal.f.f] deserializing line [DIFFBLUE]{"__type":"com.diffblue.cover.buildsystem.model.DefaultProjectModuleMessage","project":{"__type":"DefaultProjectModule","junitReport":["/home/jbergqvist/diffblue/Palisade-common/target/surefire-reports"],"jacocoReport":["/home/jbergqvist/diffblue/Palisade-common/target/site/jacoco/jacoco.xml"],"jacocoDestFile":["${sonar.jacoco.reportPath}","/home/jbergqvist/diffblue/Palisade-common/target/jacoco.exec"],"jacocoFormats":["xml"],"jacocoSkipped":false,"classpath":["/home/jbergqvist/diffblue/Palisade-common/target/classes","/home/jbergqvist/.m2/repository/com/typesafe/akka/akka-stream_2.13/2.6.10/akka-stream_2.13-2.6.10.jar","/home/jbergqvist/.m2/repository/org/scala-lang/scala-library/2.13.3/scala-library-2.13.3.jar","/home/jbergqvist/.m2/repository/com/typesafe/akka/akka-actor_2.13/2.6.10/akka-actor_2.13-2.6.10.jar","/home/jbergqvist/.m2/repository/com/typesafe/config/1.4.0/config-1.4.0.jar","/home/jbergqvist/.m2/repository/org/scala-lang/modules/scala-java8-compat_2.13/0.9.0/scala-java8-compat_2.13-0.9.0.jar","/home/jbergqvist/.m2/repository/com/typesafe/akka/akka-protobuf-v3_2.13/2.6.10/akka-protobuf-v3_2.13-2.6.10.jar","/home/jbergqvist/.m2/repository/org/reactivestreams/reactive-streams/1.0.3/reactive-streams-1.0.3.jar","/home/jbergqvist/.m2/repository/com/typesafe/ssl-config-core_2.13/0.4.2/ssl-config-core_2.13-0.4.2.jar","/home/jbergqvist/.m2/repository/org/scala-lang/modules/scala-parser-combinators_2.13/1.1.2/scala-parser-combinators_2.13-1.1.2.jar","/home/jbergqvist/.m2/repository/org/junit/jupiter/junit-jupiter-engine/5.13.4/junit-jupiter-engine-5.13.4.jar","/home/jbergqvist/.m2/repository/org/junit/platform/junit-platform-engine/1.13.4/junit-platform-engine-1.13.4.jar","/home/jbergqvist/.m2/repository/org/opentest4j/opentest4j/1.3.0/opentest4j-1.3.0.jar","/home/jbergqvist/.m2/repository/org/junit/platform/junit-platform-commons/1.13.4/junit-platform-commons-1.13.4.jar","/home/jbergqvist/.m2/repository/org/junit/jupiter/junit-jupiter-api/5.13.4/junit-jupiter-api-5.13.4.jar","/home/jbergqvist/.m2/repository/org/apiguardian/apiguardian-api/1.1.2/apiguardian-api-1.1.2.jar","/home/jbergqvist/.m2/repository/org/mockito/mockito-core/5.20.0/mockito-core-5.20.0.jar","/home/jbergqvist/.m2/repository/net/bytebuddy/byte-buddy/1.17.7/byte-buddy-1.17.7.jar","/home/jbergqvist/.m2/repository/net/bytebuddy/byte-buddy-agent/1.17.7/byte-buddy-agent-1.17.7.jar","/home/jbergqvist/.m2/repository/org/objenesis/objenesis/3.3/objenesis-3.3.jar","/home/jbergqvist/.m2/repository/org/mockito/mockito-junit-jupiter/5.20.0/mockito-junit-jupiter-5.20.0.jar","/home/jbergqvist/.m2/repository/com/fasterxml/jackson/core/jackson-databind/2.11.0/jackson-databind-2.11.0.jar","/home/jbergqvist/.m2/repository/com/fasterxml/jackson/core/jackson-annotations/2.11.0/jackson-annotations-2.11.0.jar","/home/jbergqvist/.m2/repository/com/fasterxml/jackson/core/jackson-core/2.11.0/jackson-core-2.11.0.jar","/home/jbergqvist/.m2/repository/org/slf4j/slf4j-api/1.7.25/slf4j-api-1.7.25.jar","/home/jbergqvist/.m2/repository/com/diffblue/cover/cover-annotations/1.8.0/cover-annotations-1.8.0.jar"],"complianceLevel":"11","productionSources":["/home/jbergqvist/diffblue/Palisade-common/src/main/java"],"testSources":["/home/jbergqvist/diffblue/Palisade-common/src/test/java"],"productionClasses":"/home/jbergqvist/diffblue/Palisade-common/target/classes","testClasses":"/home/jbergqvist/diffblue/Palisade-common/target/test-classes","sourceToBuildPathMap":null,"testSourceToBuildPathMap":null,"buildDirectory":"/home/jbergqvist/diffblue/Palisade-common/target","plugins":[{"__type":"DefaultPlugin","groupId":"org.apache.maven.plugins","artefactId":"maven-compiler-plugin","version":"3.8.0","pluginClassName":null},{"__type":"DefaultPlugin","groupId":"org.apache.maven.plugins","artefactId":"maven-javadoc-plugin","version":"3.1.0","pluginClassName":null},{"__type":"DefaultPlugin","groupId":"org.apache.maven.plugins","artefactId":"maven-dependency-plugin","version":"3.1.2","pluginClassName":null},{"__type":"DefaultPlugin","groupId":"org.codehaus.mojo","artefactId":"flatten-maven-plugin","version":"1.1.0","pluginClassName":null},{"__type":"DefaultPlugin","groupId":"org.codehaus.mojo","artefactId":"license-maven-plugin","version":"2.0.0","pluginClassName":null},{"__type":"DefaultPlugin","groupId":"org.jacoco","artefactId":"jacoco-maven-plugin","version":"0.8.5","pluginClassName":null},{"__type":"DefaultPlugin","groupId":"org.apache.maven.plugins","artefactId":"maven-checkstyle-plugin","version":"3.1.0","pluginClassName":null},{"__type":"DefaultPlugin","groupId":"org.apache.maven.plugins","artefactId":"maven-clean-plugin","version":"3.2.0","pluginClassName":null},{"__type":"DefaultPlugin","groupId":"org.apache.maven.plugins","artefactId":"maven-resources-plugin","version":"3.3.1","pluginClassName":null},{"__type":"DefaultPlugin","groupId":"org.apache.maven.plugins","artefactId":"maven-jar-plugin","version":"3.4.1","pluginClassName":null},{"__type":"DefaultPlugin","groupId":"org.apache.maven.plugins","artefactId":"maven-surefire-plugin","version":"3.2.5","pluginClassName":null},{"__type":"DefaultPlugin","groupId":"org.apache.maven.plugins","artefactId":"maven-install-plugin","version":"3.1.2","pluginClassName":null},{"__type":"DefaultPlugin","groupId":"org.apache.maven.plugins","artefactId":"maven-deploy-plugin","version":"3.1.2","pluginClassName":null},{"__type":"DefaultPlugin","groupId":"org.apache.maven.plugins","artefactId":"maven-site-plugin","version":"3.12.1","pluginClassName":null}],"version":"3.9.12","encoding":"UTF-8","name":"maven","subModules":[],"simpleModuleName":null,"parentModuleName":null,"location":"/home/jbergqvist/diffblue/Palisade-common","fullModuleName":"uk.gov.gchq.palisade:common"}}
12:52:00.850 [INFO]   [Measuring]   [maven:out]         [com.diffblue.cover.buildsystem.config.a.a] out: [INFO] ------------------------------------------------------------------------
12:52:00.850 [INFO]   [Measuring]   [maven:out]         [com.diffblue.cover.buildsystem.config.a.a] out: [INFO] BUILD SUCCESS
12:52:00.850 [INFO]   [Measuring]   [maven:out]         [com.diffblue.cover.buildsystem.config.a.a] out: [INFO] ------------------------------------------------------------------------
12:52:00.850 [INFO]   [Measuring]   [maven:out]         [com.diffblue.cover.buildsystem.config.a.a] out: [INFO] Total time:  7.229 s
12:52:00.850 [INFO]   [Measuring]   [maven:out]         [com.diffblue.cover.buildsystem.config.a.a] out: [INFO] Finished at: 2026-01-12T12:52:00Z
12:52:00.850 [INFO]   [Measuring]   [maven:out]         [com.diffblue.cover.buildsystem.config.a.a] out: [INFO] ------------------------------------------------------------------------
12:52:00.850 [INFO]   [Measuring]   [maven:out]         [com.diffblue.cover.buildsystem.internal.f.f] deserializing line [DIFFBLUE]{"__type":"com.diffblue.cover.buildsystem.model.ProjectInfoMessage","projectName":"uk.gov.gchq.palisade:common","productionSources":["/home/jbergqvist/diffblue/Palisade-common/src/main/java","/home/jbergqvist/diffblue/Palisade-common/target/generated-sources/annotations"],"testSources":["/home/jbergqvist/diffblue/Palisade-common/src/test/java","/home/jbergqvist/diffblue/Palisade-common/target/generated-test-sources/test-annotations"],"location":"/home/jbergqvist/diffblue/Palisade-common"}
12:52:00.884 [INFO]   [Measuring]   [main]              [com.diffblue.cover.buildsystem.internal.f.d] maven:err process not stopped, joining thread
12:52:00.885 [INFO]   [Measuring]   [main]              [com.diffblue.cover.buildsystem.internal.f.d] maven:out process not stopped, joining thread
12:52:00.885 [DEBUG]  [Measuring]   [main]              [com.diffblue.cover.buildsystem.config.a.a] Executor spent 8s on command "/home/jbergqvist/.sdkman/candidates/maven/current/bin/mvn -Dmaven.ext.class.path=/opt/cover/cover-buildsystem-maven-spy-jar-with-dependencies.jar -Dcom.diffblue.cover.skipTests=true -DskipTestOptimizer --batch-mode --projects=uk.gov.gchq.palisade:common --global-settings=/home/jbergqvist/.sdkman/candidates/maven/current/conf/settings.xml org.apache.maven.plugins:maven-checkstyle-plugin:check -Dcheckstyle.failOnViolation=false org.jacoco:jacoco-maven-plugin:0.8.5:prepare-agent -Djacoco.skip=false test -DfailIfNoTests=false -Dsurefire.failIfNoSpecifiedTests=false -Dmaven.test.failure.ignore=True -Dtest=*DiffblueTest org.jacoco:jacoco-maven-plugin:0.8.5:report -Djacoco.skip=false"
12:52:00.885 [INFO]   [Measuring]   [main]              [com.diffblue.cover.buildsystem.config.a.a] Attempting to invoke mvnw in working directory: /home/jbergqvist/diffblue/Palisade-common
12:52:00.885 [INFO]   [Measuring]   [main]              [com.diffblue.cover.buildsystem.config.a.a] Attempting to invoke /home/jbergqvist/.sdkman/candidates/maven/current/bin/mvn in working directory: /home/jbergqvist/diffblue/Palisade-common
12:52:00.886 [INFO]   [Measuring]   [main]              [com.diffblue.cover.buildsystem.config.a.a] Started "/home/jbergqvist/.sdkman/candidates/maven/current/bin/mvn -Dmaven.ext.class.path=/opt/cover/cover-buildsystem-maven-spy-jar-with-dependencies.jar -Dcom.diffblue.cover.skipTests=true -DskipTestOptimizer --batch-mode --projects=uk.gov.gchq.palisade:common --global-settings=/home/jbergqvist/.sdkman/candidates/maven/current/conf/settings.xml org.apache.maven.plugins:maven-checkstyle-plugin:check -Dcheckstyle.failOnViolation=false org.jacoco:jacoco-maven-plugin:0.8.5:prepare-agent -Djacoco.skip=false test -DfailIfNoTests=false -Dsurefire.failIfNoSpecifiedTests=false -Dmaven.test.failure.ignore=True -Dtest=!*DiffblueTest,**/Test*.java,**/*Test.java,**/*Tests.java,**/*TestCase.java -Dgroups=MaintainedByDiffblue,ContributionFromDiffblue org.jacoco:jacoco-maven-plugin:0.8.5:report -Djacoco.skip=false"
12:52:01.660 [INFO]   [Measuring]   [maven:out]         [com.diffblue.cover.buildsystem.config.a.a] out: [INFO] Scanning for projects...
12:52:01.781 [INFO]   [Measuring]   [maven:out]         [com.diffblue.cover.buildsystem.config.a.a] out: [INFO] 
12:52:01.781 [INFO]   [Measuring]   [maven:out]         [com.diffblue.cover.buildsystem.config.a.a] out: [INFO] --------------------< uk.gov.gchq.palisade:common >---------------------
12:52:01.781 [INFO]   [Measuring]   [maven:out]         [com.diffblue.cover.buildsystem.config.a.a] out: [INFO] Building GCHQ Palisade Common Library 0.5.2-SNAPSHOT
12:52:01.781 [INFO]   [Measuring]   [maven:out]         [com.diffblue.cover.buildsystem.config.a.a] out: [INFO]   from pom.xml
12:52:01.781 [INFO]   [Measuring]   [maven:out]         [com.diffblue.cover.buildsystem.config.a.a] out: [INFO] --------------------------------[ jar ]---------------------------------
12:52:02.031 [INFO]   [Measuring]   [maven:out]         [com.diffblue.cover.buildsystem.internal.f.f] deserializing line [DIFFBLUE]{"__type":"com.diffblue.cover.buildsystem.model.DefaultEventMessage","project":"uk.gov.gchq.palisade:common","goal":"check","cause":null,"state":"STARTED"}
12:52:02.032 [INFO]   [Measuring]   [maven:out]         [com.diffblue.cover.buildsystem.config.a.a] out: [INFO] 
12:52:02.032 [INFO]   [Measuring]   [maven:out]         [com.diffblue.cover.buildsystem.config.a.a] out: [INFO] --- checkstyle:3.1.0:check (default-cli) @ common ---
12:52:02.693 [INFO]   [Measuring]   [maven:out]         [com.diffblue.cover.buildsystem.config.a.a] out: [INFO] Starting audit...
12:52:02.694 [INFO]   [Measuring]   [maven:out]         [com.diffblue.cover.buildsystem.config.a.a] out: Audit done.
12:52:02.700 [INFO]   [Measuring]   [maven:out]         [com.diffblue.cover.buildsystem.internal.f.f] deserializing line [DIFFBLUE]{"__type":"com.diffblue.cover.buildsystem.model.DefaultEventMessage","project":"uk.gov.gchq.palisade:common","goal":"check","cause":null,"state":"SUCCESS"}
12:52:02.702 [INFO]   [Measuring]   [maven:out]         [com.diffblue.cover.buildsystem.internal.f.f] deserializing line [DIFFBLUE]{"__type":"com.diffblue.cover.buildsystem.model.DefaultEventMessage","project":"uk.gov.gchq.palisade:common","goal":"prepare-agent","cause":null,"state":"STARTED"}
12:52:02.702 [INFO]   [Measuring]   [maven:out]         [com.diffblue.cover.buildsystem.config.a.a] out: [INFO] 
12:52:02.702 [INFO]   [Measuring]   [maven:out]         [com.diffblue.cover.buildsystem.config.a.a] out: [INFO] --- jacoco:0.8.5:prepare-agent (default-cli) @ common ---
12:52:02.806 [INFO]   [Measuring]   [maven:out]         [com.diffblue.cover.buildsystem.config.a.a] out: [INFO] argLine set to -javaagent:/home/jbergqvist/.m2/repository/org/jacoco/org.jacoco.agent/0.8.5/org.jacoco.agent-0.8.5-runtime.jar=destfile=/home/jbergqvist/diffblue/Palisade-common/target/jacoco.exec,append=true
12:52:02.807 [INFO]   [Measuring]   [maven:out]         [com.diffblue.cover.buildsystem.internal.f.f] deserializing line [DIFFBLUE]{"__type":"com.diffblue.cover.buildsystem.model.DefaultEventMessage","project":"uk.gov.gchq.palisade:common","goal":"prepare-agent","cause":null,"state":"SUCCESS"}
12:52:02.809 [INFO]   [Measuring]   [maven:out]         [com.diffblue.cover.buildsystem.internal.f.f] deserializing line [DIFFBLUE]{"__type":"com.diffblue.cover.buildsystem.model.DefaultEventMessage","project":"uk.gov.gchq.palisade:common","goal":"prepare-agent","cause":null,"state":"STARTED"}
12:52:02.810 [INFO]   [Measuring]   [maven:out]         [com.diffblue.cover.buildsystem.config.a.a] out: [INFO] 
12:52:02.810 [INFO]   [Measuring]   [maven:out]         [com.diffblue.cover.buildsystem.config.a.a] out: [INFO] --- jacoco:0.8.5:prepare-agent (agent) @ common ---
12:52:02.810 [INFO]   [Measuring]   [maven:out]         [com.diffblue.cover.buildsystem.config.a.a] out: [INFO] argLine set to -javaagent:/home/jbergqvist/.m2/repository/org/jacoco/org.jacoco.agent/0.8.5/org.jacoco.agent-0.8.5-runtime.jar=destfile=/home/jbergqvist/diffblue/Palisade-common/target/jacoco.exec,append=true
12:52:02.811 [INFO]   [Measuring]   [maven:out]         [com.diffblue.cover.buildsystem.internal.f.f] deserializing line [DIFFBLUE]{"__type":"com.diffblue.cover.buildsystem.model.DefaultEventMessage","project":"uk.gov.gchq.palisade:common","goal":"prepare-agent","cause":null,"state":"SUCCESS"}
12:52:02.812 [INFO]   [Measuring]   [maven:out]         [com.diffblue.cover.buildsystem.internal.f.f] deserializing line [DIFFBLUE]{"__type":"com.diffblue.cover.buildsystem.model.DefaultEventMessage","project":"uk.gov.gchq.palisade:common","goal":"resources","cause":null,"state":"STARTED"}
12:52:02.813 [INFO]   [Measuring]   [maven:out]         [com.diffblue.cover.buildsystem.config.a.a] out: [INFO] 
12:52:02.813 [INFO]   [Measuring]   [maven:out]         [com.diffblue.cover.buildsystem.config.a.a] out: [INFO] --- resources:3.3.1:resources (default-resources) @ common ---
12:52:02.853 [INFO]   [Measuring]   [maven:out]         [com.diffblue.cover.buildsystem.config.a.a] out: [INFO] Copying 1 resource from src/main/resources to target/classes
12:52:02.857 [INFO]   [Measuring]   [maven:out]         [com.diffblue.cover.buildsystem.internal.f.f] deserializing line [DIFFBLUE]{"__type":"com.diffblue.cover.buildsystem.model.DefaultEventMessage","project":"uk.gov.gchq.palisade:common","goal":"resources","cause":null,"state":"SUCCESS"}
12:52:02.858 [INFO]   [Measuring]   [maven:out]         [com.diffblue.cover.buildsystem.internal.f.f] deserializing line [DIFFBLUE]{"__type":"com.diffblue.cover.buildsystem.model.DefaultEventMessage","project":"uk.gov.gchq.palisade:common","goal":"flatten","cause":null,"state":"STARTED"}
12:52:02.859 [INFO]   [Measuring]   [maven:out]         [com.diffblue.cover.buildsystem.config.a.a] out: [INFO] 
12:52:02.859 [INFO]   [Measuring]   [maven:out]         [com.diffblue.cover.buildsystem.config.a.a] out: [INFO] --- flatten:1.1.0:flatten (flatten) @ common ---
12:52:02.937 [INFO]   [Measuring]   [maven:out]         [com.diffblue.cover.buildsystem.config.a.a] out: [INFO] Generating flattened POM of project uk.gov.gchq.palisade:common:jar:0.5.2-SNAPSHOT...
12:52:02.965 [INFO]   [Measuring]   [maven:out]         [com.diffblue.cover.buildsystem.internal.f.f] deserializing line [DIFFBLUE]{"__type":"com.diffblue.cover.buildsystem.model.DefaultEventMessage","project":"uk.gov.gchq.palisade:common","goal":"flatten","cause":null,"state":"SUCCESS"}
12:52:02.966 [INFO]   [Measuring]   [maven:out]         [com.diffblue.cover.buildsystem.internal.f.f] deserializing line [DIFFBLUE]{"__type":"com.diffblue.cover.buildsystem.model.DefaultEventMessage","project":"uk.gov.gchq.palisade:common","goal":"compile","cause":null,"state":"STARTED"}
12:52:02.967 [INFO]   [Measuring]   [maven:out]         [com.diffblue.cover.buildsystem.config.a.a] out: [INFO] 
12:52:02.967 [INFO]   [Measuring]   [maven:out]         [com.diffblue.cover.buildsystem.config.a.a] out: [INFO] --- compiler:3.8.0:compile (default-compile) @ common ---
12:52:03.044 [INFO]   [Measuring]   [maven:out]         [com.diffblue.cover.buildsystem.config.a.a] out: [INFO] Nothing to compile - all classes are up to date
12:52:03.045 [INFO]   [Measuring]   [maven:out]         [com.diffblue.cover.buildsystem.internal.f.f] deserializing line [DIFFBLUE]{"__type":"com.diffblue.cover.buildsystem.model.DefaultEventMessage","project":"uk.gov.gchq.palisade:common","goal":"compile","cause":null,"state":"SUCCESS"}
12:52:03.047 [INFO]   [Measuring]   [maven:out]         [com.diffblue.cover.buildsystem.internal.f.f] deserializing line [DIFFBLUE]{"__type":"com.diffblue.cover.buildsystem.model.DefaultEventMessage","project":"uk.gov.gchq.palisade:common","goal":"javadoc-no-fork","cause":null,"state":"STARTED"}
12:52:03.048 [INFO]   [Measuring]   [maven:out]         [com.diffblue.cover.buildsystem.config.a.a] out: [INFO] 
12:52:03.048 [INFO]   [Measuring]   [maven:out]         [com.diffblue.cover.buildsystem.config.a.a] out: [INFO] --- javadoc:3.1.0:javadoc-no-fork (javadoc-compile) @ common ---
12:52:04.623 [INFO]   [Measuring]   [maven:out]         [com.diffblue.cover.buildsystem.internal.f.f] deserializing line [DIFFBLUE]{"__type":"com.diffblue.cover.buildsystem.model.DefaultEventMessage","project":"uk.gov.gchq.palisade:common","goal":"javadoc-no-fork","cause":null,"state":"SUCCESS"}
12:52:04.624 [INFO]   [Measuring]   [maven:out]         [com.diffblue.cover.buildsystem.internal.f.f] deserializing line [DIFFBLUE]{"__type":"com.diffblue.cover.buildsystem.model.DefaultEventMessage","project":"uk.gov.gchq.palisade:common","goal":"aggregate-no-fork","cause":null,"state":"STARTED"}
12:52:04.625 [INFO]   [Measuring]   [maven:out]         [com.diffblue.cover.buildsystem.config.a.a] out: [INFO] 
12:52:04.625 [INFO]   [Measuring]   [maven:out]         [com.diffblue.cover.buildsystem.config.a.a] out: [INFO] --- javadoc:3.1.0:aggregate-no-fork (javadoc-compile) @ common ---
12:52:06.027 [INFO]   [Measuring]   [maven:out]         [com.diffblue.cover.buildsystem.internal.f.f] deserializing line [DIFFBLUE]{"__type":"com.diffblue.cover.buildsystem.model.DefaultEventMessage","project":"uk.gov.gchq.palisade:common","goal":"aggregate-no-fork","cause":null,"state":"SUCCESS"}
12:52:06.028 [INFO]   [Measuring]   [maven:out]         [com.diffblue.cover.buildsystem.internal.f.f] deserializing line [DIFFBLUE]{"__type":"com.diffblue.cover.buildsystem.model.DefaultEventMessage","project":"uk.gov.gchq.palisade:common","goal":"testResources","cause":null,"state":"STARTED"}
12:52:06.028 [INFO]   [Measuring]   [maven:out]         [com.diffblue.cover.buildsystem.config.a.a] out: [INFO] 
12:52:06.028 [INFO]   [Measuring]   [maven:out]         [com.diffblue.cover.buildsystem.config.a.a] out: [INFO] --- resources:3.3.1:testResources (default-testResources) @ common ---
12:52:06.029 [INFO]   [Measuring]   [maven:out]         [com.diffblue.cover.buildsystem.config.a.a] out: [INFO] skip non existing resourceDirectory /home/jbergqvist/diffblue/Palisade-common/src/test/resources
12:52:06.030 [INFO]   [Measuring]   [maven:out]         [com.diffblue.cover.buildsystem.internal.f.f] deserializing line [DIFFBLUE]{"__type":"com.diffblue.cover.buildsystem.model.DefaultEventMessage","project":"uk.gov.gchq.palisade:common","goal":"testResources","cause":null,"state":"SUCCESS"}
12:52:06.031 [INFO]   [Measuring]   [maven:out]         [com.diffblue.cover.buildsystem.internal.f.f] deserializing line [DIFFBLUE]{"__type":"com.diffblue.cover.buildsystem.model.DefaultEventMessage","project":"uk.gov.gchq.palisade:common","goal":"testCompile","cause":null,"state":"STARTED"}
12:52:06.031 [INFO]   [Measuring]   [maven:out]         [com.diffblue.cover.buildsystem.config.a.a] out: [INFO] 
12:52:06.031 [INFO]   [Measuring]   [maven:out]         [com.diffblue.cover.buildsystem.config.a.a] out: [INFO] --- compiler:3.8.0:testCompile (default-testCompile) @ common ---
12:52:06.036 [INFO]   [Measuring]   [maven:out]         [com.diffblue.cover.buildsystem.config.a.a] out: [INFO] Nothing to compile - all classes are up to date
12:52:06.037 [INFO]   [Measuring]   [maven:out]         [com.diffblue.cover.buildsystem.internal.f.f] deserializing line [DIFFBLUE]{"__type":"com.diffblue.cover.buildsystem.model.DefaultEventMessage","project":"uk.gov.gchq.palisade:common","goal":"testCompile","cause":null,"state":"SUCCESS"}
12:52:06.038 [INFO]   [Measuring]   [maven:out]         [com.diffblue.cover.buildsystem.internal.f.f] deserializing line [DIFFBLUE]{"__type":"com.diffblue.cover.buildsystem.model.DefaultEventMessage","project":"uk.gov.gchq.palisade:common","goal":"test","cause":null,"state":"STARTED"}
12:52:06.038 [INFO]   [Measuring]   [maven:out]         [com.diffblue.cover.buildsystem.config.a.a] out: [INFO] 
12:52:06.038 [INFO]   [Measuring]   [maven:out]         [com.diffblue.cover.buildsystem.config.a.a] out: [INFO] --- surefire:3.2.5:test (default-test) @ common ---
12:52:06.109 [INFO]   [Measuring]   [maven:out]         [com.diffblue.cover.buildsystem.internal.f.f] deserializing line [DIFFBLUE]{"__type":"com.diffblue.cover.buildsystem.model.DefaultEventMessage","project":"uk.gov.gchq.palisade:common","goal":"test","cause":null,"state":"SUCCESS"}
12:52:06.110 [INFO]   [Measuring]   [maven:out]         [com.diffblue.cover.buildsystem.internal.f.f] deserializing line [DIFFBLUE]{"__type":"com.diffblue.cover.buildsystem.model.DefaultEventMessage","project":"uk.gov.gchq.palisade:common","goal":"report","cause":null,"state":"STARTED"}
12:52:06.110 [INFO]   [Measuring]   [maven:out]         [com.diffblue.cover.buildsystem.config.a.a] out: [INFO] 
12:52:06.110 [INFO]   [Measuring]   [maven:out]         [com.diffblue.cover.buildsystem.config.a.a] out: [INFO] --- jacoco:0.8.5:report (default-cli) @ common ---
12:52:06.160 [INFO]   [Measuring]   [maven:out]         [com.diffblue.cover.buildsystem.config.a.a] out: [INFO] Loading execution data file /home/jbergqvist/diffblue/Palisade-common/target/jacoco.exec
12:52:06.223 [INFO]   [Measuring]   [maven:out]         [com.diffblue.cover.buildsystem.config.a.a] out: [INFO] Analyzed bundle 'GCHQ Palisade Common Library' with 25 classes
12:52:06.278 [INFO]   [Measuring]   [maven:out]         [com.diffblue.cover.buildsystem.internal.f.f] deserializing line [DIFFBLUE]{"__type":"com.diffblue.cover.buildsystem.model.DefaultEventMessage","project":"uk.gov.gchq.palisade:common","goal":"report","cause":null,"state":"SUCCESS"}
12:52:06.300 [INFO]   [Measuring]   [maven:out]         [com.diffblue.cover.buildsystem.internal.f.f] deserializing line [DIFFBLUE]{"__type":"com.diffblue.cover.buildsystem.model.DefaultProjectModuleMessage","project":{"__type":"DefaultProjectModule","junitReport":["/home/jbergqvist/diffblue/Palisade-common/target/surefire-reports"],"jacocoReport":["/home/jbergqvist/diffblue/Palisade-common/target/site/jacoco/jacoco.xml"],"jacocoDestFile":["${sonar.jacoco.reportPath}","/home/jbergqvist/diffblue/Palisade-common/target/jacoco.exec"],"jacocoFormats":["xml"],"jacocoSkipped":false,"classpath":["/home/jbergqvist/diffblue/Palisade-common/target/classes","/home/jbergqvist/.m2/repository/com/typesafe/akka/akka-stream_2.13/2.6.10/akka-stream_2.13-2.6.10.jar","/home/jbergqvist/.m2/repository/org/scala-lang/scala-library/2.13.3/scala-library-2.13.3.jar","/home/jbergqvist/.m2/repository/com/typesafe/akka/akka-actor_2.13/2.6.10/akka-actor_2.13-2.6.10.jar","/home/jbergqvist/.m2/repository/com/typesafe/config/1.4.0/config-1.4.0.jar","/home/jbergqvist/.m2/repository/org/scala-lang/modules/scala-java8-compat_2.13/0.9.0/scala-java8-compat_2.13-0.9.0.jar","/home/jbergqvist/.m2/repository/com/typesafe/akka/akka-protobuf-v3_2.13/2.6.10/akka-protobuf-v3_2.13-2.6.10.jar","/home/jbergqvist/.m2/repository/org/reactivestreams/reactive-streams/1.0.3/reactive-streams-1.0.3.jar","/home/jbergqvist/.m2/repository/com/typesafe/ssl-config-core_2.13/0.4.2/ssl-config-core_2.13-0.4.2.jar","/home/jbergqvist/.m2/repository/org/scala-lang/modules/scala-parser-combinators_2.13/1.1.2/scala-parser-combinators_2.13-1.1.2.jar","/home/jbergqvist/.m2/repository/org/junit/jupiter/junit-jupiter-engine/5.13.4/junit-jupiter-engine-5.13.4.jar","/home/jbergqvist/.m2/repository/org/junit/platform/junit-platform-engine/1.13.4/junit-platform-engine-1.13.4.jar","/home/jbergqvist/.m2/repository/org/opentest4j/opentest4j/1.3.0/opentest4j-1.3.0.jar","/home/jbergqvist/.m2/repository/org/junit/platform/junit-platform-commons/1.13.4/junit-platform-commons-1.13.4.jar","/home/jbergqvist/.m2/repository/org/junit/jupiter/junit-jupiter-api/5.13.4/junit-jupiter-api-5.13.4.jar","/home/jbergqvist/.m2/repository/org/apiguardian/apiguardian-api/1.1.2/apiguardian-api-1.1.2.jar","/home/jbergqvist/.m2/repository/org/mockito/mockito-core/5.20.0/mockito-core-5.20.0.jar","/home/jbergqvist/.m2/repository/net/bytebuddy/byte-buddy/1.17.7/byte-buddy-1.17.7.jar","/home/jbergqvist/.m2/repository/net/bytebuddy/byte-buddy-agent/1.17.7/byte-buddy-agent-1.17.7.jar","/home/jbergqvist/.m2/repository/org/objenesis/objenesis/3.3/objenesis-3.3.jar","/home/jbergqvist/.m2/repository/org/mockito/mockito-junit-jupiter/5.20.0/mockito-junit-jupiter-5.20.0.jar","/home/jbergqvist/.m2/repository/com/fasterxml/jackson/core/jackson-databind/2.11.0/jackson-databind-2.11.0.jar","/home/jbergqvist/.m2/repository/com/fasterxml/jackson/core/jackson-annotations/2.11.0/jackson-annotations-2.11.0.jar","/home/jbergqvist/.m2/repository/com/fasterxml/jackson/core/jackson-core/2.11.0/jackson-core-2.11.0.jar","/home/jbergqvist/.m2/repository/org/slf4j/slf4j-api/1.7.25/slf4j-api-1.7.25.jar","/home/jbergqvist/.m2/repository/com/diffblue/cover/cover-annotations/1.8.0/cover-annotations-1.8.0.jar"],"complianceLevel":"11","productionSources":["/home/jbergqvist/diffblue/Palisade-common/src/main/java"],"testSources":["/home/jbergqvist/diffblue/Palisade-common/src/test/java"],"productionClasses":"/home/jbergqvist/diffblue/Palisade-common/target/classes","testClasses":"/home/jbergqvist/diffblue/Palisade-common/target/test-classes","sourceToBuildPathMap":null,"testSourceToBuildPathMap":null,"buildDirectory":"/home/jbergqvist/diffblue/Palisade-common/target","plugins":[{"__type":"DefaultPlugin","groupId":"org.apache.maven.plugins","artefactId":"maven-compiler-plugin","version":"3.8.0","pluginClassName":null},{"__type":"DefaultPlugin","groupId":"org.apache.maven.plugins","artefactId":"maven-javadoc-plugin","version":"3.1.0","pluginClassName":null},{"__type":"DefaultPlugin","groupId":"org.apache.maven.plugins","artefactId":"maven-dependency-plugin","version":"3.1.2","pluginClassName":null},{"__type":"DefaultPlugin","groupId":"org.codehaus.mojo","artefactId":"flatten-maven-plugin","version":"1.1.0","pluginClassName":null},{"__type":"DefaultPlugin","groupId":"org.codehaus.mojo","artefactId":"license-maven-plugin","version":"2.0.0","pluginClassName":null},{"__type":"DefaultPlugin","groupId":"org.jacoco","artefactId":"jacoco-maven-plugin","version":"0.8.5","pluginClassName":null},{"__type":"DefaultPlugin","groupId":"org.apache.maven.plugins","artefactId":"maven-checkstyle-plugin","version":"3.1.0","pluginClassName":null},{"__type":"DefaultPlugin","groupId":"org.apache.maven.plugins","artefactId":"maven-clean-plugin","version":"3.2.0","pluginClassName":null},{"__type":"DefaultPlugin","groupId":"org.apache.maven.plugins","artefactId":"maven-resources-plugin","version":"3.3.1","pluginClassName":null},{"__type":"DefaultPlugin","groupId":"org.apache.maven.plugins","artefactId":"maven-jar-plugin","version":"3.4.1","pluginClassName":null},{"__type":"DefaultPlugin","groupId":"org.apache.maven.plugins","artefactId":"maven-surefire-plugin","version":"3.2.5","pluginClassName":null},{"__type":"DefaultPlugin","groupId":"org.apache.maven.plugins","artefactId":"maven-install-plugin","version":"3.1.2","pluginClassName":null},{"__type":"DefaultPlugin","groupId":"org.apache.maven.plugins","artefactId":"maven-deploy-plugin","version":"3.1.2","pluginClassName":null},{"__type":"DefaultPlugin","groupId":"org.apache.maven.plugins","artefactId":"maven-site-plugin","version":"3.12.1","pluginClassName":null}],"version":"3.9.12","encoding":"UTF-8","name":"maven","subModules":[],"simpleModuleName":null,"parentModuleName":null,"location":"/home/jbergqvist/diffblue/Palisade-common","fullModuleName":"uk.gov.gchq.palisade:common"}}
12:52:06.303 [INFO]   [Measuring]   [maven:out]         [com.diffblue.cover.buildsystem.config.a.a] out: [INFO] ------------------------------------------------------------------------
12:52:06.303 [INFO]   [Measuring]   [maven:out]         [com.diffblue.cover.buildsystem.config.a.a] out: [INFO] BUILD SUCCESS
12:52:06.303 [INFO]   [Measuring]   [maven:out]         [com.diffblue.cover.buildsystem.config.a.a] out: [INFO] ------------------------------------------------------------------------
12:52:06.303 [INFO]   [Measuring]   [maven:out]         [com.diffblue.cover.buildsystem.config.a.a] out: [INFO] Total time:  4.655 s
12:52:06.303 [INFO]   [Measuring]   [maven:out]         [com.diffblue.cover.buildsystem.config.a.a] out: [INFO] Finished at: 2026-01-12T12:52:06Z
12:52:06.303 [INFO]   [Measuring]   [maven:out]         [com.diffblue.cover.buildsystem.config.a.a] out: [INFO] ------------------------------------------------------------------------
12:52:06.304 [INFO]   [Measuring]   [maven:out]         [com.diffblue.cover.buildsystem.internal.f.f] deserializing line [DIFFBLUE]{"__type":"com.diffblue.cover.buildsystem.model.ProjectInfoMessage","projectName":"uk.gov.gchq.palisade:common","productionSources":["/home/jbergqvist/diffblue/Palisade-common/src/main/java","/home/jbergqvist/diffblue/Palisade-common/target/generated-sources/annotations"],"testSources":["/home/jbergqvist/diffblue/Palisade-common/src/test/java","/home/jbergqvist/diffblue/Palisade-common/target/generated-test-sources/test-annotations"],"location":"/home/jbergqvist/diffblue/Palisade-common"}
12:52:06.357 [INFO]   [Measuring]   [main]              [com.diffblue.cover.buildsystem.internal.f.d] maven:err process not stopped, joining thread
12:52:06.357 [INFO]   [Measuring]   [main]              [com.diffblue.cover.buildsystem.internal.f.d] maven:out process not stopped, joining thread
12:52:06.357 [DEBUG]  [Measuring]   [main]              [com.diffblue.cover.buildsystem.config.a.a] Executor spent 5s on command "/home/jbergqvist/.sdkman/candidates/maven/current/bin/mvn -Dmaven.ext.class.path=/opt/cover/cover-buildsystem-maven-spy-jar-with-dependencies.jar -Dcom.diffblue.cover.skipTests=true -DskipTestOptimizer --batch-mode --projects=uk.gov.gchq.palisade:common --global-settings=/home/jbergqvist/.sdkman/candidates/maven/current/conf/settings.xml org.apache.maven.plugins:maven-checkstyle-plugin:check -Dcheckstyle.failOnViolation=false org.jacoco:jacoco-maven-plugin:0.8.5:prepare-agent -Djacoco.skip=false test -DfailIfNoTests=false -Dsurefire.failIfNoSpecifiedTests=false -Dmaven.test.failure.ignore=True -Dtest=!*DiffblueTest,**/Test*.java,**/*Test.java,**/*Tests.java,**/*TestCase.java -Dgroups=MaintainedByDiffblue,ContributionFromDiffblue org.jacoco:jacoco-maven-plugin:0.8.5:report -Djacoco.skip=false"
12:52:06.378 [INFO]   [Measuring]   [main]              [com.diffblue.cover.ui.controller.p] JaCoCo report file created in /home/jbergqvist/diffblue/Palisade-common/.diffblue/reports/diffblue-tests-jacoco-report.xml
12:52:06.402 [INFO]   [Measuring]   [main]              [com.diffblue.cover.ui.controller.q] Calculating coverage from manual tests.
12:52:06.403 [DEBUG]  [Measuring]   [main]              [com.diffblue.cover.buildsystem.config.registry.Registry] checking if /home/jbergqvist/diffblue/Palisade-common/DiffblueBuild.yaml exists...
12:52:06.403 [DEBUG]  [Measuring]   [main]              [com.diffblue.cover.buildsystem.config.registry.Registry] checking if /home/jbergqvist/diffblue/Palisade-common/DiffblueBuild.yml exists...
12:52:06.403 [INFO]   [Measuring]   [main]              [com.diffblue.cover.buildsystem.config.registry.Registry] Using default build rules as no custom rules found in any of [/home/jbergqvist/diffblue/Palisade-common]
12:52:06.403 [DEBUG]  [Measuring]   [main]              [com.diffblue.cover.buildsystem.config.registry.Registry] Build execution request for Coverage Phase
12:52:06.403 [INFO]   [Measuring]   [main]              [com.diffblue.cover.buildsystem.config.a.a] Attempting to invoke mvnw in working directory: /home/jbergqvist/diffblue/Palisade-common
12:52:06.404 [INFO]   [Measuring]   [main]              [com.diffblue.cover.buildsystem.config.a.a] Attempting to invoke /home/jbergqvist/.sdkman/candidates/maven/current/bin/mvn in working directory: /home/jbergqvist/diffblue/Palisade-common
12:52:06.404 [INFO]   [Measuring]   [main]              [com.diffblue.cover.buildsystem.config.a.a] Started "/home/jbergqvist/.sdkman/candidates/maven/current/bin/mvn -Dmaven.ext.class.path=/opt/cover/cover-buildsystem-maven-spy-jar-with-dependencies.jar -Dcom.diffblue.cover.skipTests=true -DskipTestOptimizer --batch-mode --projects=uk.gov.gchq.palisade:common --global-settings=/home/jbergqvist/.sdkman/candidates/maven/current/conf/settings.xml org.apache.maven.plugins:maven-checkstyle-plugin:check -Dcheckstyle.failOnViolation=false org.jacoco:jacoco-maven-plugin:0.8.5:prepare-agent -Djacoco.skip=false test -DfailIfNoTests=false -Dsurefire.failIfNoSpecifiedTests=false -Dmaven.test.failure.ignore=True -Dtest=!*DiffblueTest,**/Test*.java,**/*Test.java,**/*Tests.java,**/*TestCase.java -DexcludedGroups=MaintainedByDiffblue,ContributionFromDiffblue org.jacoco:jacoco-maven-plugin:0.8.5:report -Djacoco.skip=false"
12:52:07.152 [INFO]   [Measuring]   [maven:out]         [com.diffblue.cover.buildsystem.config.a.a] out: [INFO] Scanning for projects...
12:52:07.261 [INFO]   [Measuring]   [maven:out]         [com.diffblue.cover.buildsystem.config.a.a] out: [INFO] 
12:52:07.261 [INFO]   [Measuring]   [maven:out]         [com.diffblue.cover.buildsystem.config.a.a] out: [INFO] --------------------< uk.gov.gchq.palisade:common >---------------------
12:52:07.261 [INFO]   [Measuring]   [maven:out]         [com.diffblue.cover.buildsystem.config.a.a] out: [INFO] Building GCHQ Palisade Common Library 0.5.2-SNAPSHOT
12:52:07.261 [INFO]   [Measuring]   [maven:out]         [com.diffblue.cover.buildsystem.config.a.a] out: [INFO]   from pom.xml
12:52:07.261 [INFO]   [Measuring]   [maven:out]         [com.diffblue.cover.buildsystem.config.a.a] out: [INFO] --------------------------------[ jar ]---------------------------------
12:52:07.504 [INFO]   [Measuring]   [maven:out]         [com.diffblue.cover.buildsystem.internal.f.f] deserializing line [DIFFBLUE]{"__type":"com.diffblue.cover.buildsystem.model.DefaultEventMessage","project":"uk.gov.gchq.palisade:common","goal":"check","cause":null,"state":"STARTED"}
12:52:07.505 [INFO]   [Measuring]   [maven:out]         [com.diffblue.cover.buildsystem.config.a.a] out: [INFO] 
12:52:07.505 [INFO]   [Measuring]   [maven:out]         [com.diffblue.cover.buildsystem.config.a.a] out: [INFO] --- checkstyle:3.1.0:check (default-cli) @ common ---
12:52:08.180 [INFO]   [Measuring]   [maven:out]         [com.diffblue.cover.buildsystem.config.a.a] out: [INFO] Starting audit...
12:52:08.180 [INFO]   [Measuring]   [maven:out]         [com.diffblue.cover.buildsystem.config.a.a] out: Audit done.
12:52:08.187 [INFO]   [Measuring]   [maven:out]         [com.diffblue.cover.buildsystem.internal.f.f] deserializing line [DIFFBLUE]{"__type":"com.diffblue.cover.buildsystem.model.DefaultEventMessage","project":"uk.gov.gchq.palisade:common","goal":"check","cause":null,"state":"SUCCESS"}
12:52:08.188 [INFO]   [Measuring]   [maven:out]         [com.diffblue.cover.buildsystem.internal.f.f] deserializing line [DIFFBLUE]{"__type":"com.diffblue.cover.buildsystem.model.DefaultEventMessage","project":"uk.gov.gchq.palisade:common","goal":"prepare-agent","cause":null,"state":"STARTED"}
12:52:08.189 [INFO]   [Measuring]   [maven:out]         [com.diffblue.cover.buildsystem.config.a.a] out: [INFO] 
12:52:08.189 [INFO]   [Measuring]   [maven:out]         [com.diffblue.cover.buildsystem.config.a.a] out: [INFO] --- jacoco:0.8.5:prepare-agent (default-cli) @ common ---
12:52:08.289 [INFO]   [Measuring]   [maven:out]         [com.diffblue.cover.buildsystem.config.a.a] out: [INFO] argLine set to -javaagent:/home/jbergqvist/.m2/repository/org/jacoco/org.jacoco.agent/0.8.5/org.jacoco.agent-0.8.5-runtime.jar=destfile=/home/jbergqvist/diffblue/Palisade-common/target/jacoco.exec,append=true
12:52:08.290 [INFO]   [Measuring]   [maven:out]         [com.diffblue.cover.buildsystem.internal.f.f] deserializing line [DIFFBLUE]{"__type":"com.diffblue.cover.buildsystem.model.DefaultEventMessage","project":"uk.gov.gchq.palisade:common","goal":"prepare-agent","cause":null,"state":"SUCCESS"}
12:52:08.291 [INFO]   [Measuring]   [maven:out]         [com.diffblue.cover.buildsystem.internal.f.f] deserializing line [DIFFBLUE]{"__type":"com.diffblue.cover.buildsystem.model.DefaultEventMessage","project":"uk.gov.gchq.palisade:common","goal":"prepare-agent","cause":null,"state":"STARTED"}
12:52:08.292 [INFO]   [Measuring]   [maven:out]         [com.diffblue.cover.buildsystem.config.a.a] out: [INFO] 
12:52:08.292 [INFO]   [Measuring]   [maven:out]         [com.diffblue.cover.buildsystem.config.a.a] out: [INFO] --- jacoco:0.8.5:prepare-agent (agent) @ common ---
12:52:08.292 [INFO]   [Measuring]   [maven:out]         [com.diffblue.cover.buildsystem.config.a.a] out: [INFO] argLine set to -javaagent:/home/jbergqvist/.m2/repository/org/jacoco/org.jacoco.agent/0.8.5/org.jacoco.agent-0.8.5-runtime.jar=destfile=/home/jbergqvist/diffblue/Palisade-common/target/jacoco.exec,append=true
12:52:08.293 [INFO]   [Measuring]   [maven:out]         [com.diffblue.cover.buildsystem.internal.f.f] deserializing line [DIFFBLUE]{"__type":"com.diffblue.cover.buildsystem.model.DefaultEventMessage","project":"uk.gov.gchq.palisade:common","goal":"prepare-agent","cause":null,"state":"SUCCESS"}
12:52:08.294 [INFO]   [Measuring]   [maven:out]         [com.diffblue.cover.buildsystem.internal.f.f] deserializing line [DIFFBLUE]{"__type":"com.diffblue.cover.buildsystem.model.DefaultEventMessage","project":"uk.gov.gchq.palisade:common","goal":"resources","cause":null,"state":"STARTED"}
12:52:08.295 [INFO]   [Measuring]   [maven:out]         [com.diffblue.cover.buildsystem.config.a.a] out: [INFO] 
12:52:08.295 [INFO]   [Measuring]   [maven:out]         [com.diffblue.cover.buildsystem.config.a.a] out: [INFO] --- resources:3.3.1:resources (default-resources) @ common ---
12:52:08.335 [INFO]   [Measuring]   [maven:out]         [com.diffblue.cover.buildsystem.config.a.a] out: [INFO] Copying 1 resource from src/main/resources to target/classes
12:52:08.340 [INFO]   [Measuring]   [maven:out]         [com.diffblue.cover.buildsystem.internal.f.f] deserializing line [DIFFBLUE]{"__type":"com.diffblue.cover.buildsystem.model.DefaultEventMessage","project":"uk.gov.gchq.palisade:common","goal":"resources","cause":null,"state":"SUCCESS"}
12:52:08.341 [INFO]   [Measuring]   [maven:out]         [com.diffblue.cover.buildsystem.internal.f.f] deserializing line [DIFFBLUE]{"__type":"com.diffblue.cover.buildsystem.model.DefaultEventMessage","project":"uk.gov.gchq.palisade:common","goal":"flatten","cause":null,"state":"STARTED"}
12:52:08.342 [INFO]   [Measuring]   [maven:out]         [com.diffblue.cover.buildsystem.config.a.a] out: [INFO] 
12:52:08.342 [INFO]   [Measuring]   [maven:out]         [com.diffblue.cover.buildsystem.config.a.a] out: [INFO] --- flatten:1.1.0:flatten (flatten) @ common ---
12:52:08.422 [INFO]   [Measuring]   [maven:out]         [com.diffblue.cover.buildsystem.config.a.a] out: [INFO] Generating flattened POM of project uk.gov.gchq.palisade:common:jar:0.5.2-SNAPSHOT...
12:52:08.452 [INFO]   [Measuring]   [maven:out]         [com.diffblue.cover.buildsystem.internal.f.f] deserializing line [DIFFBLUE]{"__type":"com.diffblue.cover.buildsystem.model.DefaultEventMessage","project":"uk.gov.gchq.palisade:common","goal":"flatten","cause":null,"state":"SUCCESS"}
12:52:08.453 [INFO]   [Measuring]   [maven:out]         [com.diffblue.cover.buildsystem.internal.f.f] deserializing line [DIFFBLUE]{"__type":"com.diffblue.cover.buildsystem.model.DefaultEventMessage","project":"uk.gov.gchq.palisade:common","goal":"compile","cause":null,"state":"STARTED"}
12:52:08.454 [INFO]   [Measuring]   [maven:out]         [com.diffblue.cover.buildsystem.config.a.a] out: [INFO] 
12:52:08.454 [INFO]   [Measuring]   [maven:out]         [com.diffblue.cover.buildsystem.config.a.a] out: [INFO] --- compiler:3.8.0:compile (default-compile) @ common ---
12:52:08.531 [INFO]   [Measuring]   [maven:out]         [com.diffblue.cover.buildsystem.config.a.a] out: [INFO] Nothing to compile - all classes are up to date
12:52:08.533 [INFO]   [Measuring]   [maven:out]         [com.diffblue.cover.buildsystem.internal.f.f] deserializing line [DIFFBLUE]{"__type":"com.diffblue.cover.buildsystem.model.DefaultEventMessage","project":"uk.gov.gchq.palisade:common","goal":"compile","cause":null,"state":"SUCCESS"}
12:52:08.534 [INFO]   [Measuring]   [maven:out]         [com.diffblue.cover.buildsystem.internal.f.f] deserializing line [DIFFBLUE]{"__type":"com.diffblue.cover.buildsystem.model.DefaultEventMessage","project":"uk.gov.gchq.palisade:common","goal":"javadoc-no-fork","cause":null,"state":"STARTED"}
12:52:08.534 [INFO]   [Measuring]   [maven:out]         [com.diffblue.cover.buildsystem.config.a.a] out: [INFO] 
12:52:08.534 [INFO]   [Measuring]   [maven:out]         [com.diffblue.cover.buildsystem.config.a.a] out: [INFO] --- javadoc:3.1.0:javadoc-no-fork (javadoc-compile) @ common ---
12:52:10.140 [INFO]   [Measuring]   [maven:out]         [com.diffblue.cover.buildsystem.internal.f.f] deserializing line [DIFFBLUE]{"__type":"com.diffblue.cover.buildsystem.model.DefaultEventMessage","project":"uk.gov.gchq.palisade:common","goal":"javadoc-no-fork","cause":null,"state":"SUCCESS"}
12:52:10.141 [INFO]   [Measuring]   [maven:out]         [com.diffblue.cover.buildsystem.internal.f.f] deserializing line [DIFFBLUE]{"__type":"com.diffblue.cover.buildsystem.model.DefaultEventMessage","project":"uk.gov.gchq.palisade:common","goal":"aggregate-no-fork","cause":null,"state":"STARTED"}
12:52:10.141 [INFO]   [Measuring]   [maven:out]         [com.diffblue.cover.buildsystem.config.a.a] out: [INFO] 
12:52:10.141 [INFO]   [Measuring]   [maven:out]         [com.diffblue.cover.buildsystem.config.a.a] out: [INFO] --- javadoc:3.1.0:aggregate-no-fork (javadoc-compile) @ common ---
12:52:11.427 [INFO]   [Measuring]   [maven:out]         [com.diffblue.cover.buildsystem.internal.f.f] deserializing line [DIFFBLUE]{"__type":"com.diffblue.cover.buildsystem.model.DefaultEventMessage","project":"uk.gov.gchq.palisade:common","goal":"aggregate-no-fork","cause":null,"state":"SUCCESS"}
12:52:11.428 [INFO]   [Measuring]   [maven:out]         [com.diffblue.cover.buildsystem.internal.f.f] deserializing line [DIFFBLUE]{"__type":"com.diffblue.cover.buildsystem.model.DefaultEventMessage","project":"uk.gov.gchq.palisade:common","goal":"testResources","cause":null,"state":"STARTED"}
12:52:11.428 [INFO]   [Measuring]   [maven:out]         [com.diffblue.cover.buildsystem.config.a.a] out: [INFO] 
12:52:11.428 [INFO]   [Measuring]   [maven:out]         [com.diffblue.cover.buildsystem.config.a.a] out: [INFO] --- resources:3.3.1:testResources (default-testResources) @ common ---
12:52:11.430 [INFO]   [Measuring]   [maven:out]         [com.diffblue.cover.buildsystem.config.a.a] out: [INFO] skip non existing resourceDirectory /home/jbergqvist/diffblue/Palisade-common/src/test/resources
12:52:11.431 [INFO]   [Measuring]   [maven:out]         [com.diffblue.cover.buildsystem.internal.f.f] deserializing line [DIFFBLUE]{"__type":"com.diffblue.cover.buildsystem.model.DefaultEventMessage","project":"uk.gov.gchq.palisade:common","goal":"testResources","cause":null,"state":"SUCCESS"}
12:52:11.431 [INFO]   [Measuring]   [maven:out]         [com.diffblue.cover.buildsystem.internal.f.f] deserializing line [DIFFBLUE]{"__type":"com.diffblue.cover.buildsystem.model.DefaultEventMessage","project":"uk.gov.gchq.palisade:common","goal":"testCompile","cause":null,"state":"STARTED"}
12:52:11.432 [INFO]   [Measuring]   [maven:out]         [com.diffblue.cover.buildsystem.config.a.a] out: [INFO] 
12:52:11.432 [INFO]   [Measuring]   [maven:out]         [com.diffblue.cover.buildsystem.config.a.a] out: [INFO] --- compiler:3.8.0:testCompile (default-testCompile) @ common ---
12:52:11.438 [INFO]   [Measuring]   [maven:out]         [com.diffblue.cover.buildsystem.config.a.a] out: [INFO] Nothing to compile - all classes are up to date
12:52:11.440 [INFO]   [Measuring]   [maven:out]         [com.diffblue.cover.buildsystem.internal.f.f] deserializing line [DIFFBLUE]{"__type":"com.diffblue.cover.buildsystem.model.DefaultEventMessage","project":"uk.gov.gchq.palisade:common","goal":"testCompile","cause":null,"state":"SUCCESS"}
12:52:11.441 [INFO]   [Measuring]   [maven:out]         [com.diffblue.cover.buildsystem.internal.f.f] deserializing line [DIFFBLUE]{"__type":"com.diffblue.cover.buildsystem.model.DefaultEventMessage","project":"uk.gov.gchq.palisade:common","goal":"test","cause":null,"state":"STARTED"}
12:52:11.441 [INFO]   [Measuring]   [maven:out]         [com.diffblue.cover.buildsystem.config.a.a] out: [INFO] 
12:52:11.441 [INFO]   [Measuring]   [maven:out]         [com.diffblue.cover.buildsystem.config.a.a] out: [INFO] --- surefire:3.2.5:test (default-test) @ common ---
12:52:11.526 [INFO]   [Measuring]   [maven:out]         [com.diffblue.cover.buildsystem.internal.f.f] deserializing line [DIFFBLUE]{"__type":"com.diffblue.cover.buildsystem.model.DefaultEventMessage","project":"uk.gov.gchq.palisade:common","goal":"test","cause":null,"state":"SUCCESS"}
12:52:11.527 [INFO]   [Measuring]   [maven:out]         [com.diffblue.cover.buildsystem.internal.f.f] deserializing line [DIFFBLUE]{"__type":"com.diffblue.cover.buildsystem.model.DefaultEventMessage","project":"uk.gov.gchq.palisade:common","goal":"report","cause":null,"state":"STARTED"}
12:52:11.528 [INFO]   [Measuring]   [maven:out]         [com.diffblue.cover.buildsystem.config.a.a] out: [INFO] 
12:52:11.528 [INFO]   [Measuring]   [maven:out]         [com.diffblue.cover.buildsystem.config.a.a] out: [INFO] --- jacoco:0.8.5:report (default-cli) @ common ---
12:52:11.572 [INFO]   [Measuring]   [maven:out]         [com.diffblue.cover.buildsystem.config.a.a] out: [INFO] Loading execution data file /home/jbergqvist/diffblue/Palisade-common/target/jacoco.exec
12:52:11.627 [INFO]   [Measuring]   [maven:out]         [com.diffblue.cover.buildsystem.config.a.a] out: [INFO] Analyzed bundle 'GCHQ Palisade Common Library' with 25 classes
12:52:11.669 [INFO]   [Measuring]   [maven:out]         [com.diffblue.cover.buildsystem.internal.f.f] deserializing line [DIFFBLUE]{"__type":"com.diffblue.cover.buildsystem.model.DefaultEventMessage","project":"uk.gov.gchq.palisade:common","goal":"report","cause":null,"state":"SUCCESS"}
12:52:11.690 [INFO]   [Measuring]   [maven:out]         [com.diffblue.cover.buildsystem.internal.f.f] deserializing line [DIFFBLUE]{"__type":"com.diffblue.cover.buildsystem.model.DefaultProjectModuleMessage","project":{"__type":"DefaultProjectModule","junitReport":["/home/jbergqvist/diffblue/Palisade-common/target/surefire-reports"],"jacocoReport":["/home/jbergqvist/diffblue/Palisade-common/target/site/jacoco/jacoco.xml"],"jacocoDestFile":["${sonar.jacoco.reportPath}","/home/jbergqvist/diffblue/Palisade-common/target/jacoco.exec"],"jacocoFormats":["xml"],"jacocoSkipped":false,"classpath":["/home/jbergqvist/diffblue/Palisade-common/target/classes","/home/jbergqvist/.m2/repository/com/typesafe/akka/akka-stream_2.13/2.6.10/akka-stream_2.13-2.6.10.jar","/home/jbergqvist/.m2/repository/org/scala-lang/scala-library/2.13.3/scala-library-2.13.3.jar","/home/jbergqvist/.m2/repository/com/typesafe/akka/akka-actor_2.13/2.6.10/akka-actor_2.13-2.6.10.jar","/home/jbergqvist/.m2/repository/com/typesafe/config/1.4.0/config-1.4.0.jar","/home/jbergqvist/.m2/repository/org/scala-lang/modules/scala-java8-compat_2.13/0.9.0/scala-java8-compat_2.13-0.9.0.jar","/home/jbergqvist/.m2/repository/com/typesafe/akka/akka-protobuf-v3_2.13/2.6.10/akka-protobuf-v3_2.13-2.6.10.jar","/home/jbergqvist/.m2/repository/org/reactivestreams/reactive-streams/1.0.3/reactive-streams-1.0.3.jar","/home/jbergqvist/.m2/repository/com/typesafe/ssl-config-core_2.13/0.4.2/ssl-config-core_2.13-0.4.2.jar","/home/jbergqvist/.m2/repository/org/scala-lang/modules/scala-parser-combinators_2.13/1.1.2/scala-parser-combinators_2.13-1.1.2.jar","/home/jbergqvist/.m2/repository/org/junit/jupiter/junit-jupiter-engine/5.13.4/junit-jupiter-engine-5.13.4.jar","/home/jbergqvist/.m2/repository/org/junit/platform/junit-platform-engine/1.13.4/junit-platform-engine-1.13.4.jar","/home/jbergqvist/.m2/repository/org/opentest4j/opentest4j/1.3.0/opentest4j-1.3.0.jar","/home/jbergqvist/.m2/repository/org/junit/platform/junit-platform-commons/1.13.4/junit-platform-commons-1.13.4.jar","/home/jbergqvist/.m2/repository/org/junit/jupiter/junit-jupiter-api/5.13.4/junit-jupiter-api-5.13.4.jar","/home/jbergqvist/.m2/repository/org/apiguardian/apiguardian-api/1.1.2/apiguardian-api-1.1.2.jar","/home/jbergqvist/.m2/repository/org/mockito/mockito-core/5.20.0/mockito-core-5.20.0.jar","/home/jbergqvist/.m2/repository/net/bytebuddy/byte-buddy/1.17.7/byte-buddy-1.17.7.jar","/home/jbergqvist/.m2/repository/net/bytebuddy/byte-buddy-agent/1.17.7/byte-buddy-agent-1.17.7.jar","/home/jbergqvist/.m2/repository/org/objenesis/objenesis/3.3/objenesis-3.3.jar","/home/jbergqvist/.m2/repository/org/mockito/mockito-junit-jupiter/5.20.0/mockito-junit-jupiter-5.20.0.jar","/home/jbergqvist/.m2/repository/com/fasterxml/jackson/core/jackson-databind/2.11.0/jackson-databind-2.11.0.jar","/home/jbergqvist/.m2/repository/com/fasterxml/jackson/core/jackson-annotations/2.11.0/jackson-annotations-2.11.0.jar","/home/jbergqvist/.m2/repository/com/fasterxml/jackson/core/jackson-core/2.11.0/jackson-core-2.11.0.jar","/home/jbergqvist/.m2/repository/org/slf4j/slf4j-api/1.7.25/slf4j-api-1.7.25.jar","/home/jbergqvist/.m2/repository/com/diffblue/cover/cover-annotations/1.8.0/cover-annotations-1.8.0.jar"],"complianceLevel":"11","productionSources":["/home/jbergqvist/diffblue/Palisade-common/src/main/java"],"testSources":["/home/jbergqvist/diffblue/Palisade-common/src/test/java"],"productionClasses":"/home/jbergqvist/diffblue/Palisade-common/target/classes","testClasses":"/home/jbergqvist/diffblue/Palisade-common/target/test-classes","sourceToBuildPathMap":null,"testSourceToBuildPathMap":null,"buildDirectory":"/home/jbergqvist/diffblue/Palisade-common/target","plugins":[{"__type":"DefaultPlugin","groupId":"org.apache.maven.plugins","artefactId":"maven-compiler-plugin","version":"3.8.0","pluginClassName":null},{"__type":"DefaultPlugin","groupId":"org.apache.maven.plugins","artefactId":"maven-javadoc-plugin","version":"3.1.0","pluginClassName":null},{"__type":"DefaultPlugin","groupId":"org.apache.maven.plugins","artefactId":"maven-dependency-plugin","version":"3.1.2","pluginClassName":null},{"__type":"DefaultPlugin","groupId":"org.codehaus.mojo","artefactId":"flatten-maven-plugin","version":"1.1.0","pluginClassName":null},{"__type":"DefaultPlugin","groupId":"org.codehaus.mojo","artefactId":"license-maven-plugin","version":"2.0.0","pluginClassName":null},{"__type":"DefaultPlugin","groupId":"org.jacoco","artefactId":"jacoco-maven-plugin","version":"0.8.5","pluginClassName":null},{"__type":"DefaultPlugin","groupId":"org.apache.maven.plugins","artefactId":"maven-checkstyle-plugin","version":"3.1.0","pluginClassName":null},{"__type":"DefaultPlugin","groupId":"org.apache.maven.plugins","artefactId":"maven-clean-plugin","version":"3.2.0","pluginClassName":null},{"__type":"DefaultPlugin","groupId":"org.apache.maven.plugins","artefactId":"maven-resources-plugin","version":"3.3.1","pluginClassName":null},{"__type":"DefaultPlugin","groupId":"org.apache.maven.plugins","artefactId":"maven-jar-plugin","version":"3.4.1","pluginClassName":null},{"__type":"DefaultPlugin","groupId":"org.apache.maven.plugins","artefactId":"maven-surefire-plugin","version":"3.2.5","pluginClassName":null},{"__type":"DefaultPlugin","groupId":"org.apache.maven.plugins","artefactId":"maven-install-plugin","version":"3.1.2","pluginClassName":null},{"__type":"DefaultPlugin","groupId":"org.apache.maven.plugins","artefactId":"maven-deploy-plugin","version":"3.1.2","pluginClassName":null},{"__type":"DefaultPlugin","groupId":"org.apache.maven.plugins","artefactId":"maven-site-plugin","version":"3.12.1","pluginClassName":null}],"version":"3.9.12","encoding":"UTF-8","name":"maven","subModules":[],"simpleModuleName":null,"parentModuleName":null,"location":"/home/jbergqvist/diffblue/Palisade-common","fullModuleName":"uk.gov.gchq.palisade:common"}}
12:52:11.693 [INFO]   [Measuring]   [maven:out]         [com.diffblue.cover.buildsystem.config.a.a] out: [INFO] ------------------------------------------------------------------------
12:52:11.693 [INFO]   [Measuring]   [maven:out]         [com.diffblue.cover.buildsystem.config.a.a] out: [INFO] BUILD SUCCESS
12:52:11.693 [INFO]   [Measuring]   [maven:out]         [com.diffblue.cover.buildsystem.config.a.a] out: [INFO] ------------------------------------------------------------------------
12:52:11.693 [INFO]   [Measuring]   [maven:out]         [com.diffblue.cover.buildsystem.config.a.a] out: [INFO] Total time:  4.552 s
12:52:11.693 [INFO]   [Measuring]   [maven:out]         [com.diffblue.cover.buildsystem.config.a.a] out: [INFO] Finished at: 2026-01-12T12:52:11Z
12:52:11.693 [INFO]   [Measuring]   [maven:out]         [com.diffblue.cover.buildsystem.config.a.a] out: [INFO] ------------------------------------------------------------------------
12:52:11.695 [INFO]   [Measuring]   [maven:out]         [com.diffblue.cover.buildsystem.internal.f.f] deserializing line [DIFFBLUE]{"__type":"com.diffblue.cover.buildsystem.model.ProjectInfoMessage","projectName":"uk.gov.gchq.palisade:common","productionSources":["/home/jbergqvist/diffblue/Palisade-common/src/main/java","/home/jbergqvist/diffblue/Palisade-common/target/generated-sources/annotations"],"testSources":["/home/jbergqvist/diffblue/Palisade-common/src/test/java","/home/jbergqvist/diffblue/Palisade-common/target/generated-test-sources/test-annotations"],"location":"/home/jbergqvist/diffblue/Palisade-common"}
12:52:11.736 [INFO]   [Measuring]   [main]              [com.diffblue.cover.buildsystem.internal.f.d] maven:err process not stopped, joining thread
12:52:11.736 [INFO]   [Measuring]   [main]              [com.diffblue.cover.buildsystem.internal.f.d] maven:out process not stopped, joining thread
12:52:11.736 [DEBUG]  [Measuring]   [main]              [com.diffblue.cover.buildsystem.config.a.a] Executor spent 5s on command "/home/jbergqvist/.sdkman/candidates/maven/current/bin/mvn -Dmaven.ext.class.path=/opt/cover/cover-buildsystem-maven-spy-jar-with-dependencies.jar -Dcom.diffblue.cover.skipTests=true -DskipTestOptimizer --batch-mode --projects=uk.gov.gchq.palisade:common --global-settings=/home/jbergqvist/.sdkman/candidates/maven/current/conf/settings.xml org.apache.maven.plugins:maven-checkstyle-plugin:check -Dcheckstyle.failOnViolation=false org.jacoco:jacoco-maven-plugin:0.8.5:prepare-agent -Djacoco.skip=false test -DfailIfNoTests=false -Dsurefire.failIfNoSpecifiedTests=false -Dmaven.test.failure.ignore=True -Dtest=!*DiffblueTest,**/Test*.java,**/*Test.java,**/*Tests.java,**/*TestCase.java -DexcludedGroups=MaintainedByDiffblue,ContributionFromDiffblue org.jacoco:jacoco-maven-plugin:0.8.5:report -Djacoco.skip=false"
12:52:11.737 [INFO]   [Measuring]   [main]              [com.diffblue.cover.ui.controller.p] JaCoCo report file created in /home/jbergqvist/diffblue/Palisade-common/.diffblue/reports/manual-tests-jacoco-report.xml
12:52:11.741 [INFO]   [Measuring]   [main]              [com.diffblue.cover.ui.controller.r] 
12:52:11.746 [INFO]   [Measuring]   [main]              [com.diffblue.cover.ui.controller.r] Diffblue tests cover 104 of 232 lines to cover (44.8%)
12:52:11.749 [INFO]   [Measuring]   [main]              [com.diffblue.cover.ui.controller.r] Manual tests cover 0 of 232 lines to cover (0.0%)
12:52:11.754 [DEBUG]  [Measuring]   [main]              [com.diffblue.cover.ui.report.linecount.JavaParserFileLineCountCalculator] /home/jbergqvist/diffblue/Palisade-common/src/main/java/uk/gov/gchq/palisade/Context.java successfully parsed: - Total line count: 100
12:52:11.755 [DEBUG]  [Measuring]   [main]              [com.diffblue.cover.ui.report.linecount.JavaParserFileLineCountCalculator] /home/jbergqvist/diffblue/Palisade-common/src/main/java/uk/gov/gchq/palisade/user/UserId.java successfully parsed: - Total line count: 54
12:52:11.758 [DEBUG]  [Measuring]   [main]              [com.diffblue.cover.ui.report.linecount.JavaParserFileLineCountCalculator] /home/jbergqvist/diffblue/Palisade-common/src/main/java/uk/gov/gchq/palisade/user/User.java successfully parsed: - Total line count: 124
12:52:11.760 [DEBUG]  [Measuring]   [main]              [com.diffblue.cover.ui.report.linecount.JavaParserFileLineCountCalculator] /home/jbergqvist/diffblue/Palisade-common/src/main/java/uk/gov/gchq/palisade/rule/Rules.java successfully parsed: - Total line count: 99
12:52:11.761 [DEBUG]  [Measuring]   [main]              [com.diffblue.cover.ui.report.linecount.JavaParserFileLineCountCalculator] /home/jbergqvist/diffblue/Palisade-common/src/main/java/uk/gov/gchq/palisade/rule/Rule.java successfully parsed: - Total line count: 13
12:52:11.763 [DEBUG]  [Measuring]   [main]              [com.diffblue.cover.ui.report.linecount.JavaParserFileLineCountCalculator] /home/jbergqvist/diffblue/Palisade-common/src/main/java/uk/gov/gchq/palisade/data/serialise/Serialiser.java successfully parsed: - Total line count: 63
12:52:11.765 [DEBUG]  [Measuring]   [main]              [com.diffblue.cover.ui.report.linecount.JavaParserFileLineCountCalculator] /home/jbergqvist/diffblue/Palisade-common/src/main/java/uk/gov/gchq/palisade/util/AbstractResourceBuilder.java successfully parsed: - Total line count: 74
12:52:11.767 [DEBUG]  [Measuring]   [main]              [com.diffblue.cover.ui.report.linecount.JavaParserFileLineCountCalculator] /home/jbergqvist/diffblue/Palisade-common/src/main/java/uk/gov/gchq/palisade/util/FileResourceBuilder.java successfully parsed: - Total line count: 66
12:52:11.773 [DEBUG]  [Measuring]   [main]              [com.diffblue.cover.ui.report.linecount.JavaParserFileLineCountCalculator] /home/jbergqvist/diffblue/Palisade-common/src/main/java/uk/gov/gchq/palisade/util/UriBuilder.java successfully parsed: - Total line count: 115
12:52:11.775 [DEBUG]  [Measuring]   [main]              [com.diffblue.cover.ui.report.linecount.JavaParserFileLineCountCalculator] /home/jbergqvist/diffblue/Palisade-common/src/main/java/uk/gov/gchq/palisade/util/RulesUtil.java successfully parsed: - Total line count: 43
12:52:11.776 [DEBUG]  [Measuring]   [main]              [com.diffblue.cover.ui.report.linecount.JavaParserFileLineCountCalculator] /home/jbergqvist/diffblue/Palisade-common/src/main/java/uk/gov/gchq/palisade/Generated.java successfully parsed: - Total line count: 9
12:52:11.776 [DEBUG]  [Measuring]   [main]              [com.diffblue.cover.ui.report.linecount.JavaParserFileLineCountCalculator] /home/jbergqvist/diffblue/Palisade-common/src/main/java/uk/gov/gchq/palisade/resource/Resource.java successfully parsed: - Total line count: 9
12:52:11.778 [DEBUG]  [Measuring]   [main]              [com.diffblue.cover.ui.report.linecount.JavaParserFileLineCountCalculator] /home/jbergqvist/diffblue/Palisade-common/src/main/java/uk/gov/gchq/palisade/resource/AbstractResource.java successfully parsed: - Total line count: 57
12:52:11.780 [DEBUG]  [Measuring]   [main]              [com.diffblue.cover.ui.report.linecount.JavaParserFileLineCountCalculator] /home/jbergqvist/diffblue/Palisade-common/src/main/java/uk/gov/gchq/palisade/resource/AbstractLeafResource.java successfully parsed: - Total line count: 131
12:52:11.781 [DEBUG]  [Measuring]   [main]              [com.diffblue.cover.ui.report.linecount.JavaParserFileLineCountCalculator] /home/jbergqvist/diffblue/Palisade-common/src/main/java/uk/gov/gchq/palisade/resource/ConnectionDetail.java successfully parsed: - Total line count: 7
12:52:11.782 [DEBUG]  [Measuring]   [main]              [com.diffblue.cover.ui.report.linecount.JavaParserFileLineCountCalculator] /home/jbergqvist/diffblue/Palisade-common/src/main/java/uk/gov/gchq/palisade/resource/LeafResource.java successfully parsed: - Total line count: 16
12:52:11.782 [DEBUG]  [Measuring]   [main]              [com.diffblue.cover.ui.report.linecount.JavaParserFileLineCountCalculator] /home/jbergqvist/diffblue/Palisade-common/src/main/java/uk/gov/gchq/palisade/resource/ChildResource.java successfully parsed: - Total line count: 6
12:52:11.782 [DEBUG]  [Measuring]   [main]              [com.diffblue.cover.ui.report.linecount.JavaParserFileLineCountCalculator] /home/jbergqvist/diffblue/Palisade-common/src/main/java/uk/gov/gchq/palisade/resource/ParentResource.java successfully parsed: - Total line count: 3
12:52:11.784 [DEBUG]  [Measuring]   [main]              [com.diffblue.cover.ui.report.linecount.JavaParserFileLineCountCalculator] /home/jbergqvist/diffblue/Palisade-common/src/main/java/uk/gov/gchq/palisade/resource/impl/FileResource.java successfully parsed: - Total line count: 40
12:52:11.784 [DEBUG]  [Measuring]   [main]              [com.diffblue.cover.ui.report.linecount.JavaParserFileLineCountCalculator] /home/jbergqvist/diffblue/Palisade-common/src/main/java/uk/gov/gchq/palisade/resource/impl/SystemResource.java successfully parsed: - Total line count: 16
12:52:11.785 [DEBUG]  [Measuring]   [main]              [com.diffblue.cover.ui.report.linecount.JavaParserFileLineCountCalculator] /home/jbergqvist/diffblue/Palisade-common/src/main/java/uk/gov/gchq/palisade/resource/impl/DirectoryResource.java successfully parsed: - Total line count: 23
12:52:11.786 [DEBUG]  [Measuring]   [main]              [com.diffblue.cover.ui.report.linecount.JavaParserFileLineCountCalculator] /home/jbergqvist/diffblue/Palisade-common/src/main/java/uk/gov/gchq/palisade/resource/impl/SimpleConnectionDetail.java successfully parsed: - Total line count: 56
12:52:11.796 [DEBUG]  [Reporting]   [main]              [com.diffblue.cover.report.StructuredReportManager] Run metrics:
Total time:               115.6s
Environment detection:      1.1s ( 1.0%)
Indexing:                   0.3s ( 0.3%)
Entry points:               1.1s ( 0.9%)
Test generation:           53.9s (46.6%)
  - Index query:            4.7s ( 4.1%)
Test verification:          4.5s ( 3.9%)
Test validation:           10.4s ( 9.0%)
Other:                     44.4s (38.4%)
Time to first test:        40.9s (35.4%)
Time to last test:         86.1s (74.5%)
12:52:11.801 [DEBUG]  [Reporting]   [main]              [com.diffblue.cover.report.TraceLogTimingsReportListener] Timings per method:
00m 08s 595ms | uk.gov.gchq.palisade.Context{<init>}
00m 09s 755ms | uk.gov.gchq.palisade.Context{<init>}
00m 02s 074ms | uk.gov.gchq.palisade.Context{getPurpose}
00m 04s 215ms | uk.gov.gchq.palisade.data.serialise.Serialiser{create}
00m 02s 218ms | uk.gov.gchq.palisade.data.serialise.Serialiser{tryCreate}
00m 02s 264ms | uk.gov.gchq.palisade.resource.AbstractResource{compareTo}
00m 00s 159ms | uk.gov.gchq.palisade.resource.impl.DirectoryResource{<init>}
00m 01s 828ms | uk.gov.gchq.palisade.resource.impl.DirectoryResource{getParent}
00m 00s 804ms | uk.gov.gchq.palisade.resource.impl.DirectoryResource{id}
00m 00s 075ms | uk.gov.gchq.palisade.resource.impl.FileResource{<init>}
00m 01s 224ms | uk.gov.gchq.palisade.resource.impl.FileResource{attribute}
00m 01s 729ms | uk.gov.gchq.palisade.resource.impl.FileResource{attributes}
00m 01s 640ms | uk.gov.gchq.palisade.resource.impl.FileResource{connectionDetail}
00m 05s 893ms | uk.gov.gchq.palisade.resource.impl.FileResource{getParent}
00m 01s 876ms | uk.gov.gchq.palisade.resource.impl.FileResource{id}
00m 01s 592ms | uk.gov.gchq.palisade.resource.impl.FileResource{serialisedFormat}
00m 01s 307ms | uk.gov.gchq.palisade.resource.impl.FileResource{type}
00m 00s 066ms | uk.gov.gchq.palisade.resource.impl.SimpleConnectionDetail{<init>}
00m 00s 057ms | uk.gov.gchq.palisade.resource.impl.SystemResource{<init>}
00m 01s 298ms | uk.gov.gchq.palisade.resource.impl.SystemResource{id}
00m 00s 407ms | uk.gov.gchq.palisade.rule.Rules{<init>}
00m 06s 608ms | uk.gov.gchq.palisade.rule.Rules{equals}
00m 01s 170ms | uk.gov.gchq.palisade.rule.Rules{containsRules}
00m 00s 096ms | uk.gov.gchq.palisade.user.User{<init>}
00m 00s 585ms | uk.gov.gchq.palisade.user.User{<init>}
00m 00s 042ms | uk.gov.gchq.palisade.user.UserId{<init>}
00m 00s 219ms | uk.gov.gchq.palisade.user.UserId{<init>}
00m 00s 455ms | uk.gov.gchq.palisade.util.AbstractResourceBuilder{create}
00m 00s 875ms | uk.gov.gchq.palisade.util.AbstractResourceBuilder{create}
00m 00s 173ms | uk.gov.gchq.palisade.util.AbstractResourceBuilder{refreshProviders}
00m 00s 934ms | uk.gov.gchq.palisade.util.AbstractResourceBuilder{buildNormal}
00m 00s 414ms | uk.gov.gchq.palisade.util.FileResourceBuilder{<init>, build}
00m 00s 237ms | uk.gov.gchq.palisade.util.FileResourceBuilder{accepts}
00m 08s 501ms | uk.gov.gchq.palisade.util.RulesUtil{applyRulesToItem}
00m 23s 643ms | uk.gov.gchq.palisade.util.RulesUtil{applyRulesToStream}
00m 00s 986ms | uk.gov.gchq.palisade.util.UriBuilder{<init>}
00m 01s 082ms | uk.gov.gchq.palisade.util.UriBuilder{create}
00m 03s 894ms | uk.gov.gchq.palisade.util.UriBuilder{create}
00m 00s 409ms | uk.gov.gchq.palisade.util.UriBuilder$AuthorityBuilder{<init>}
00m 00s 687ms | uk.gov.gchq.palisade.util.UriBuilder$AuthorityBuilder{create}
00m 02s 913ms | uk.gov.gchq.palisade.util.UriBuilder$AuthorityBuilder{create}
00m 04s 688ms | Indexing
12:52:11.803 [DEBUG]  [Reporting]   [main]              [com.diffblue.cover.report.TraceLogTimingsReportListener] Timing signature:  1083.1s (   67.7s ( 6.3%)    35.8s ( 3.3%) (    6.3s ( 0.6%)    19.6s ( 1.8%) (    1.7s ( 0.2%)    12.5s ( 1.2%) (    2.9s ( 0.3%) (    0.4s ( 0.0%)     1.8s ( 0.2%)     0.7s ( 0.1%))     2.9s ( 0.3%) (    0.1s ( 0.0%)     2.7s ( 0.2%)     0.1s ( 0.0%))     6.1s ( 0.6%) (    0.0s ( 0.0%)     6.0s ( 0.6%)     0.0s ( 0.0%))     0.0s ( 0.0%)     0.0s ( 0.0%)     0.0s ( 0.0%)     0.0s ( 0.0%) (    0.0s ( 0.0%)     0.0s ( 0.0%)     0.6s ( 0.1%)))     0.1s ( 0.0%)     4.9s ( 0.5%)     0.4s ( 0.0%))     3.8s ( 0.4%)     0.0s ( 0.0%)     0.0s ( 0.0%)     6.0s ( 0.6%))   742.3s (68.5%)   109.9s (10.1%)   127.5s (11.8%)
12:52:11.857 [INFO]   [Reporting]   [main]              [com.diffblue.cover.ui.controller.r] Writing JSON report to /home/jbergqvist/diffblue/Palisade-common/.diffblue/reports/report.json
12:52:11.862 [DEBUG]  [Reporting]   [main]              [com.diffblue.cover.commons.configuration.e] Property cover.includeTouchedFilesInReportJson has not been set, using default value false
12:52:11.962 [INFO]   [Reporting]   [main]              [com.diffblue.cover.ui.controller.ak] 
12:52:11.962 [INFO]   [Reporting]   [main]              [com.diffblue.cover.ui.controller.ak] Log file: /home/jbergqvist/diffblue/Palisade-common/.diffblue/log/user-20260112T125010.log
12:52:11.962 [INFO]   [Reporting]   [main]              [com.diffblue.cover.ui.controller.ak] Finished in 1m 55s
