12:50:11.424 [INFO]   [Preparing]   Diffblue Cover 2025.12.02-74144f0-licensed
12:50:11.425 [INFO]   [Preparing]   Running: dcover create --coverage-reports
12:50:11.425 [INFO]   [Preparing]   
12:50:11.425 [INFO]   [Preparing]   Command: create
12:50:11.426 [INFO]   [Preparing]   Create tests for the specified package/class/method.
12:50:11.426 [INFO]   [Preparing]   
12:50:14.229 [INFO]   [Checking]    Maven Using ${maven.home} of: /home/jbergqvist/.sdkman/candidates/maven/current.
12:50:14.232 [INFO]   [Checking]    Maven Executing: /bin/sh -c cd /home/jbergqvist/diffblue/Palisade-common && /home/jbergqvist/.sdkman/candidates/maven/3.9.12/bin/mvn -B -version
12:50:14.459 [INFO]   [Checking]    Standard output of build tool (Maven)
12:50:14.459 [INFO]   [Checking]    > Apache Maven 3.9.12 (848fbb4bf2d427b72bdb2471c22fced7ebd9a7a1)
12:50:14.459 [INFO]   [Checking]    > Maven home: /home/jbergqvist/.sdkman/candidates/maven/3.9.12
12:50:14.459 [INFO]   [Checking]    > Java version: 11.0.29, vendor: Amazon.com Inc., runtime: /home/jbergqvist/.sdkman/candidates/java/11.0.29-amzn
12:50:14.459 [INFO]   [Checking]    > Default locale: en_GB, platform encoding: UTF-8
12:50:14.459 [INFO]   [Checking]    > OS name: "linux", version: "6.8.0-90-generic", arch: "amd64", family: "unix"
12:50:14.461 [INFO]   [Checking]    Using default build rules as no custom rules found in any of [/home/jbergqvist/diffblue/Palisade-common]
12:50:14.466 [INFO]   [Checking]    Attempting to invoke mvnw in working directory: /home/jbergqvist/diffblue/Palisade-common
12:50:14.466 [INFO]   [Checking]    Attempting to invoke /home/jbergqvist/.sdkman/candidates/maven/current/bin/mvn in working directory: /home/jbergqvist/diffblue/Palisade-common
12:50:14.467 [INFO]   [Checking]    Started "/home/jbergqvist/.sdkman/candidates/maven/current/bin/mvn -Dmaven.ext.class.path=/opt/cover/cover-buildsystem-maven-spy-jar-with-dependencies.jar -Dcom.diffblue.cover.skipTests=true -DskipTestOptimizer --batch-mode --global-settings=/home/jbergqvist/.sdkman/candidates/maven/current/conf/settings.xml dependency:build-classpath"
12:50:15.223 [INFO]   [Checking]    out: [INFO] Scanning for projects...
12:50:15.333 [INFO]   [Checking]    out: [INFO] 
12:50:15.334 [INFO]   [Checking]    out: [INFO] --------------------< uk.gov.gchq.palisade:common >---------------------
12:50:15.334 [INFO]   [Checking]    out: [INFO] Building GCHQ Palisade Common Library 0.5.2-SNAPSHOT
12:50:15.334 [INFO]   [Checking]    out: [INFO]   from pom.xml
12:50:15.334 [INFO]   [Checking]    out: [INFO] --------------------------------[ jar ]---------------------------------
12:50:15.496 [INFO]   [Checking]    deserializing line [DIFFBLUE]{"__type":"com.diffblue.cover.buildsystem.model.DefaultEventMessage","project":"uk.gov.gchq.palisade:common","goal":"build-classpath","cause":null,"state":"STARTED"}
12:50:15.539 [INFO]   [Checking]    out: [INFO] 
12:50:15.539 [INFO]   [Checking]    out: [INFO] --- dependency:3.1.2:build-classpath (default-cli) @ common ---
12:50:15.970 [INFO]   [Checking]    out: [INFO] Dependencies classpath:
12:50:15.971 [INFO]   [Checking]    out: /home/jbergqvist/.m2/repository/com/typesafe/akka/akka-stream_2.13/2.6.10/akka-stream_2.13-2.6.10.jar:/home/jbergqvist/.m2/repository/org/scala-lang/scala-library/2.13.3/scala-library-2.13.3.jar:/home/jbergqvist/.m2/repository/com/typesafe/akka/akka-actor_2.13/2.6.10/akka-actor_2.13-2.6.10.jar:/home/jbergqvist/.m2/repository/com/typesafe/config/1.4.0/config-1.4.0.jar:/home/jbergqvist/.m2/repository/org/scala-lang/modules/scala-java8-compat_2.13/0.9.0/scala-java8-compat_2.13-0.9.0.jar:/home/jbergqvist/.m2/repository/com/typesafe/akka/akka-protobuf-v3_2.13/2.6.10/akka-protobuf-v3_2.13-2.6.10.jar:/home/jbergqvist/.m2/repository/org/reactivestreams/reactive-streams/1.0.3/reactive-streams-1.0.3.jar:/home/jbergqvist/.m2/repository/com/typesafe/ssl-config-core_2.13/0.4.2/ssl-config-core_2.13-0.4.2.jar:/home/jbergqvist/.m2/repository/org/scala-lang/modules/scala-parser-combinators_2.13/1.1.2/scala-parser-combinators_2.13-1.1.2.jar:/home/jbergqvist/.m2/repository/org/junit/jupiter/junit-jupiter-engine/5.13.4/junit-jupiter-engine-5.13.4.jar:/home/jbergqvist/.m2/repository/org/junit/platform/junit-platform-engine/1.13.4/junit-platform-engine-1.13.4.jar:/home/jbergqvist/.m2/repository/org/opentest4j/opentest4j/1.3.0/opentest4j-1.3.0.jar:/home/jbergqvist/.m2/repository/org/junit/platform/junit-platform-commons/1.13.4/junit-platform-commons-1.13.4.jar:/home/jbergqvist/.m2/repository/org/junit/jupiter/junit-jupiter-api/5.13.4/junit-jupiter-api-5.13.4.jar:/home/jbergqvist/.m2/repository/org/apiguardian/apiguardian-api/1.1.2/apiguardian-api-1.1.2.jar:/home/jbergqvist/.m2/repository/org/mockito/mockito-core/5.20.0/mockito-core-5.20.0.jar:/home/jbergqvist/.m2/repository/net/bytebuddy/byte-buddy/1.17.7/byte-buddy-1.17.7.jar:/home/jbergqvist/.m2/repository/net/bytebuddy/byte-buddy-agent/1.17.7/byte-buddy-agent-1.17.7.jar:/home/jbergqvist/.m2/repository/org/objenesis/objenesis/3.3/objenesis-3.3.jar:/home/jbergqvist/.m2/repository/org/mockito/mockito-junit-jupiter/5.20.0/mockito-junit-jupiter-5.20.0.jar:/home/jbergqvist/.m2/repository/com/fasterxml/jackson/core/jackson-databind/2.11.0/jackson-databind-2.11.0.jar:/home/jbergqvist/.m2/repository/com/fasterxml/jackson/core/jackson-annotations/2.11.0/jackson-annotations-2.11.0.jar:/home/jbergqvist/.m2/repository/com/fasterxml/jackson/core/jackson-core/2.11.0/jackson-core-2.11.0.jar:/home/jbergqvist/.m2/repository/org/slf4j/slf4j-api/1.7.25/slf4j-api-1.7.25.jar:/home/jbergqvist/.m2/repository/com/diffblue/cover/cover-annotations/1.8.0/cover-annotations-1.8.0.jar
12:50:15.972 [INFO]   [Checking]    deserializing line [DIFFBLUE]{"__type":"com.diffblue.cover.buildsystem.model.DefaultEventMessage","project":"uk.gov.gchq.palisade:common","goal":"build-classpath","cause":null,"state":"SUCCESS"}
12:50:16.001 [INFO]   [Checking]    deserializing line [DIFFBLUE]{"__type":"com.diffblue.cover.buildsystem.model.DefaultProjectModuleMessage","project":{"__type":"DefaultProjectModule","junitReport":["/home/jbergqvist/diffblue/Palisade-common/target/surefire-reports"],"jacocoReport":["/home/jbergqvist/diffblue/Palisade-common/target/site/jacoco/jacoco.xml"],"jacocoDestFile":["${sonar.jacoco.reportPath}","/home/jbergqvist/diffblue/Palisade-common/target/jacoco.exec"],"jacocoFormats":["xml"],"jacocoSkipped":false,"classpath":["/home/jbergqvist/diffblue/Palisade-common/target/classes","/home/jbergqvist/.m2/repository/com/typesafe/akka/akka-stream_2.13/2.6.10/akka-stream_2.13-2.6.10.jar","/home/jbergqvist/.m2/repository/org/scala-lang/scala-library/2.13.3/scala-library-2.13.3.jar","/home/jbergqvist/.m2/repository/com/typesafe/akka/akka-actor_2.13/2.6.10/akka-actor_2.13-2.6.10.jar","/home/jbergqvist/.m2/repository/com/typesafe/config/1.4.0/config-1.4.0.jar","/home/jbergqvist/.m2/repository/org/scala-lang/modules/scala-java8-compat_2.13/0.9.0/scala-java8-compat_2.13-0.9.0.jar","/home/jbergqvist/.m2/repository/com/typesafe/akka/akka-protobuf-v3_2.13/2.6.10/akka-protobuf-v3_2.13-2.6.10.jar","/home/jbergqvist/.m2/repository/org/reactivestreams/reactive-streams/1.0.3/reactive-streams-1.0.3.jar","/home/jbergqvist/.m2/repository/com/typesafe/ssl-config-core_2.13/0.4.2/ssl-config-core_2.13-0.4.2.jar","/home/jbergqvist/.m2/repository/org/scala-lang/modules/scala-parser-combinators_2.13/1.1.2/scala-parser-combinators_2.13-1.1.2.jar","/home/jbergqvist/.m2/repository/org/junit/jupiter/junit-jupiter-engine/5.13.4/junit-jupiter-engine-5.13.4.jar","/home/jbergqvist/.m2/repository/org/junit/platform/junit-platform-engine/1.13.4/junit-platform-engine-1.13.4.jar","/home/jbergqvist/.m2/repository/org/opentest4j/opentest4j/1.3.0/opentest4j-1.3.0.jar","/home/jbergqvist/.m2/repository/org/junit/platform/junit-platform-commons/1.13.4/junit-platform-commons-1.13.4.jar","/home/jbergqvist/.m2/repository/org/junit/jupiter/junit-jupiter-api/5.13.4/junit-jupiter-api-5.13.4.jar","/home/jbergqvist/.m2/repository/org/apiguardian/apiguardian-api/1.1.2/apiguardian-api-1.1.2.jar","/home/jbergqvist/.m2/repository/org/mockito/mockito-core/5.20.0/mockito-core-5.20.0.jar","/home/jbergqvist/.m2/repository/net/bytebuddy/byte-buddy/1.17.7/byte-buddy-1.17.7.jar","/home/jbergqvist/.m2/repository/net/bytebuddy/byte-buddy-agent/1.17.7/byte-buddy-agent-1.17.7.jar","/home/jbergqvist/.m2/repository/org/objenesis/objenesis/3.3/objenesis-3.3.jar","/home/jbergqvist/.m2/repository/org/mockito/mockito-junit-jupiter/5.20.0/mockito-junit-jupiter-5.20.0.jar","/home/jbergqvist/.m2/repository/com/fasterxml/jackson/core/jackson-databind/2.11.0/jackson-databind-2.11.0.jar","/home/jbergqvist/.m2/repository/com/fasterxml/jackson/core/jackson-annotations/2.11.0/jackson-annotations-2.11.0.jar","/home/jbergqvist/.m2/repository/com/fasterxml/jackson/core/jackson-core/2.11.0/jackson-core-2.11.0.jar","/home/jbergqvist/.m2/repository/org/slf4j/slf4j-api/1.7.25/slf4j-api-1.7.25.jar","/home/jbergqvist/.m2/repository/com/diffblue/cover/cover-annotations/1.8.0/cover-annotations-1.8.0.jar"],"complianceLevel":"11","productionSources":["/home/jbergqvist/diffblue/Palisade-common/src/main/java"],"testSources":["/home/jbergqvist/diffblue/Palisade-common/src/test/java"],"productionClasses":"/home/jbergqvist/diffblue/Palisade-common/target/classes","testClasses":"/home/jbergqvist/diffblue/Palisade-common/target/test-classes","sourceToBuildPathMap":null,"testSourceToBuildPathMap":null,"buildDirectory":"/home/jbergqvist/diffblue/Palisade-common/target","plugins":[{"__type":"DefaultPlugin","groupId":"org.apache.maven.plugins","artefactId":"maven-compiler-plugin","version":"3.8.0","pluginClassName":null},{"__type":"DefaultPlugin","groupId":"org.apache.maven.plugins","artefactId":"maven-javadoc-plugin","version":"3.1.0","pluginClassName":null},{"__type":"DefaultPlugin","groupId":"org.apache.maven.plugins","artefactId":"maven-dependency-plugin","version":"3.1.2","pluginClassName":null},{"__type":"DefaultPlugin","groupId":"org.codehaus.mojo","artefactId":"flatten-maven-plugin","version":"1.1.0","pluginClassName":null},{"__type":"DefaultPlugin","groupId":"org.codehaus.mojo","artefactId":"license-maven-plugin","version":"2.0.0","pluginClassName":null},{"__type":"DefaultPlugin","groupId":"org.jacoco","artefactId":"jacoco-maven-plugin","version":"0.8.5","pluginClassName":null},{"__type":"DefaultPlugin","groupId":"org.apache.maven.plugins","artefactId":"maven-checkstyle-plugin","version":"3.1.0","pluginClassName":null},{"__type":"DefaultPlugin","groupId":"org.apache.maven.plugins","artefactId":"maven-clean-plugin","version":"3.2.0","pluginClassName":null},{"__type":"DefaultPlugin","groupId":"org.apache.maven.plugins","artefactId":"maven-resources-plugin","version":"3.3.1","pluginClassName":null},{"__type":"DefaultPlugin","groupId":"org.apache.maven.plugins","artefactId":"maven-jar-plugin","version":"3.4.1","pluginClassName":null},{"__type":"DefaultPlugin","groupId":"org.apache.maven.plugins","artefactId":"maven-surefire-plugin","version":"3.2.5","pluginClassName":null},{"__type":"DefaultPlugin","groupId":"org.apache.maven.plugins","artefactId":"maven-install-plugin","version":"3.1.2","pluginClassName":null},{"__type":"DefaultPlugin","groupId":"org.apache.maven.plugins","artefactId":"maven-deploy-plugin","version":"3.1.2","pluginClassName":null},{"__type":"DefaultPlugin","groupId":"org.apache.maven.plugins","artefactId":"maven-site-plugin","version":"3.12.1","pluginClassName":null}],"version":"3.9.12","encoding":"UTF-8","name":"maven","subModules":[],"simpleModuleName":null,"parentModuleName":null,"location":"/home/jbergqvist/diffblue/Palisade-common","fullModuleName":"uk.gov.gchq.palisade:common"}}
12:50:16.016 [INFO]   [Checking]    out: [INFO] ------------------------------------------------------------------------
12:50:16.016 [INFO]   [Checking]    out: [INFO] BUILD SUCCESS
12:50:16.016 [INFO]   [Checking]    out: [INFO] ------------------------------------------------------------------------
12:50:16.016 [INFO]   [Checking]    out: [INFO] Total time:  0.792 s
12:50:16.016 [INFO]   [Checking]    out: [INFO] Finished at: 2026-01-12T12:50:16Z
12:50:16.016 [INFO]   [Checking]    out: [INFO] ------------------------------------------------------------------------
12:50:16.017 [INFO]   [Checking]    deserializing line [DIFFBLUE]{"__type":"com.diffblue.cover.buildsystem.model.ProjectInfoMessage","projectName":"uk.gov.gchq.palisade:common","productionSources":["/home/jbergqvist/diffblue/Palisade-common/src/main/java"],"testSources":["/home/jbergqvist/diffblue/Palisade-common/src/test/java"],"location":"/home/jbergqvist/diffblue/Palisade-common"}
12:50:16.109 [INFO]   [Checking]    maven:err process not stopped, joining thread
12:50:16.109 [INFO]   [Checking]    maven:out process not stopped, joining thread
12:50:16.110 [INFO]   [Checking]    Deserializing project module message
12:50:16.110 [INFO]   [Checking]    deserializing line [DIFFBLUE]{"__type":"com.diffblue.cover.buildsystem.model.DefaultEventMessage","project":"uk.gov.gchq.palisade:common","goal":"build-classpath","cause":null,"state":"STARTED"}
12:50:16.113 [INFO]   [Checking]    deserializing line [DIFFBLUE]{"__type":"com.diffblue.cover.buildsystem.model.DefaultEventMessage","project":"uk.gov.gchq.palisade:common","goal":"build-classpath","cause":null,"state":"SUCCESS"}
12:50:16.115 [INFO]   [Checking]    deserializing line [DIFFBLUE]{"__type":"com.diffblue.cover.buildsystem.model.DefaultProjectModuleMessage","project":{"__type":"DefaultProjectModule","junitReport":["/home/jbergqvist/diffblue/Palisade-common/target/surefire-reports"],"jacocoReport":["/home/jbergqvist/diffblue/Palisade-common/target/site/jacoco/jacoco.xml"],"jacocoDestFile":["${sonar.jacoco.reportPath}","/home/jbergqvist/diffblue/Palisade-common/target/jacoco.exec"],"jacocoFormats":["xml"],"jacocoSkipped":false,"classpath":["/home/jbergqvist/diffblue/Palisade-common/target/classes","/home/jbergqvist/.m2/repository/com/typesafe/akka/akka-stream_2.13/2.6.10/akka-stream_2.13-2.6.10.jar","/home/jbergqvist/.m2/repository/org/scala-lang/scala-library/2.13.3/scala-library-2.13.3.jar","/home/jbergqvist/.m2/repository/com/typesafe/akka/akka-actor_2.13/2.6.10/akka-actor_2.13-2.6.10.jar","/home/jbergqvist/.m2/repository/com/typesafe/config/1.4.0/config-1.4.0.jar","/home/jbergqvist/.m2/repository/org/scala-lang/modules/scala-java8-compat_2.13/0.9.0/scala-java8-compat_2.13-0.9.0.jar","/home/jbergqvist/.m2/repository/com/typesafe/akka/akka-protobuf-v3_2.13/2.6.10/akka-protobuf-v3_2.13-2.6.10.jar","/home/jbergqvist/.m2/repository/org/reactivestreams/reactive-streams/1.0.3/reactive-streams-1.0.3.jar","/home/jbergqvist/.m2/repository/com/typesafe/ssl-config-core_2.13/0.4.2/ssl-config-core_2.13-0.4.2.jar","/home/jbergqvist/.m2/repository/org/scala-lang/modules/scala-parser-combinators_2.13/1.1.2/scala-parser-combinators_2.13-1.1.2.jar","/home/jbergqvist/.m2/repository/org/junit/jupiter/junit-jupiter-engine/5.13.4/junit-jupiter-engine-5.13.4.jar","/home/jbergqvist/.m2/repository/org/junit/platform/junit-platform-engine/1.13.4/junit-platform-engine-1.13.4.jar","/home/jbergqvist/.m2/repository/org/opentest4j/opentest4j/1.3.0/opentest4j-1.3.0.jar","/home/jbergqvist/.m2/repository/org/junit/platform/junit-platform-commons/1.13.4/junit-platform-commons-1.13.4.jar","/home/jbergqvist/.m2/repository/org/junit/jupiter/junit-jupiter-api/5.13.4/junit-jupiter-api-5.13.4.jar","/home/jbergqvist/.m2/repository/org/apiguardian/apiguardian-api/1.1.2/apiguardian-api-1.1.2.jar","/home/jbergqvist/.m2/repository/org/mockito/mockito-core/5.20.0/mockito-core-5.20.0.jar","/home/jbergqvist/.m2/repository/net/bytebuddy/byte-buddy/1.17.7/byte-buddy-1.17.7.jar","/home/jbergqvist/.m2/repository/net/bytebuddy/byte-buddy-agent/1.17.7/byte-buddy-agent-1.17.7.jar","/home/jbergqvist/.m2/repository/org/objenesis/objenesis/3.3/objenesis-3.3.jar","/home/jbergqvist/.m2/repository/org/mockito/mockito-junit-jupiter/5.20.0/mockito-junit-jupiter-5.20.0.jar","/home/jbergqvist/.m2/repository/com/fasterxml/jackson/core/jackson-databind/2.11.0/jackson-databind-2.11.0.jar","/home/jbergqvist/.m2/repository/com/fasterxml/jackson/core/jackson-annotations/2.11.0/jackson-annotations-2.11.0.jar","/home/jbergqvist/.m2/repository/com/fasterxml/jackson/core/jackson-core/2.11.0/jackson-core-2.11.0.jar","/home/jbergqvist/.m2/repository/org/slf4j/slf4j-api/1.7.25/slf4j-api-1.7.25.jar","/home/jbergqvist/.m2/repository/com/diffblue/cover/cover-annotations/1.8.0/cover-annotations-1.8.0.jar"],"complianceLevel":"11","productionSources":["/home/jbergqvist/diffblue/Palisade-common/src/main/java"],"testSources":["/home/jbergqvist/diffblue/Palisade-common/src/test/java"],"productionClasses":"/home/jbergqvist/diffblue/Palisade-common/target/classes","testClasses":"/home/jbergqvist/diffblue/Palisade-common/target/test-classes","sourceToBuildPathMap":null,"testSourceToBuildPathMap":null,"buildDirectory":"/home/jbergqvist/diffblue/Palisade-common/target","plugins":[{"__type":"DefaultPlugin","groupId":"org.apache.maven.plugins","artefactId":"maven-compiler-plugin","version":"3.8.0","pluginClassName":null},{"__type":"DefaultPlugin","groupId":"org.apache.maven.plugins","artefactId":"maven-javadoc-plugin","version":"3.1.0","pluginClassName":null},{"__type":"DefaultPlugin","groupId":"org.apache.maven.plugins","artefactId":"maven-dependency-plugin","version":"3.1.2","pluginClassName":null},{"__type":"DefaultPlugin","groupId":"org.codehaus.mojo","artefactId":"flatten-maven-plugin","version":"1.1.0","pluginClassName":null},{"__type":"DefaultPlugin","groupId":"org.codehaus.mojo","artefactId":"license-maven-plugin","version":"2.0.0","pluginClassName":null},{"__type":"DefaultPlugin","groupId":"org.jacoco","artefactId":"jacoco-maven-plugin","version":"0.8.5","pluginClassName":null},{"__type":"DefaultPlugin","groupId":"org.apache.maven.plugins","artefactId":"maven-checkstyle-plugin","version":"3.1.0","pluginClassName":null},{"__type":"DefaultPlugin","groupId":"org.apache.maven.plugins","artefactId":"maven-clean-plugin","version":"3.2.0","pluginClassName":null},{"__type":"DefaultPlugin","groupId":"org.apache.maven.plugins","artefactId":"maven-resources-plugin","version":"3.3.1","pluginClassName":null},{"__type":"DefaultPlugin","groupId":"org.apache.maven.plugins","artefactId":"maven-jar-plugin","version":"3.4.1","pluginClassName":null},{"__type":"DefaultPlugin","groupId":"org.apache.maven.plugins","artefactId":"maven-surefire-plugin","version":"3.2.5","pluginClassName":null},{"__type":"DefaultPlugin","groupId":"org.apache.maven.plugins","artefactId":"maven-install-plugin","version":"3.1.2","pluginClassName":null},{"__type":"DefaultPlugin","groupId":"org.apache.maven.plugins","artefactId":"maven-deploy-plugin","version":"3.1.2","pluginClassName":null},{"__type":"DefaultPlugin","groupId":"org.apache.maven.plugins","artefactId":"maven-site-plugin","version":"3.12.1","pluginClassName":null}],"version":"3.9.12","encoding":"UTF-8","name":"maven","subModules":[],"simpleModuleName":null,"parentModuleName":null,"location":"/home/jbergqvist/diffblue/Palisade-common","fullModuleName":"uk.gov.gchq.palisade:common"}}
12:50:16.124 [INFO]   [Checking]    deserializing line [DIFFBLUE]{"__type":"com.diffblue.cover.buildsystem.model.ProjectInfoMessage","projectName":"uk.gov.gchq.palisade:common","productionSources":["/home/jbergqvist/diffblue/Palisade-common/src/main/java"],"testSources":["/home/jbergqvist/diffblue/Palisade-common/src/test/java"],"location":"/home/jbergqvist/diffblue/Palisade-common"}
12:50:16.125 [INFO]   [Checking]    Found 1 ProjectModuleMessages (ignoring buildSrc projects)
12:50:16.126 [INFO]   [Checking]    Found module uk.gov.gchq.palisade:common in the working directory /home/jbergqvist/diffblue/Palisade-common
12:50:16.126 [INFO]   [Checking]    deserialized project module is present? true
12:50:16.140 [INFO]   [Checking]    Operating System: Linux amd64 6.8.0-90-generic
12:50:16.140 [INFO]   [Checking]    Default charset: UTF-8
12:50:16.140 [INFO]   [Checking]    Default locale: en_GB
12:50:16.140 [INFO]   [Checking]    Default time zone: Europe/London
12:50:16.148 [INFO]   [Checking]    Discovered modules:
12:50:16.148 [INFO]   [Checking]    - uk.gov.gchq.palisade:common
12:50:16.148 [INFO]   [Checking]    
12:50:16.153 [INFO]   [Checking]    
12:50:16.153 [INFO]   [Checking]    [1/1] Creating tests for module: uk.gov.gchq.palisade:common
12:50:16.153 [INFO]   [Checking]    ============================================================
12:50:16.153 [INFO]   [Checking]    
12:50:16.153 [INFO]   [Checking]    Detecting environment:
12:50:16.153 [INFO]   [Checking]    ----------------------
12:50:16.218 [INFO]   [Checking]    Detected Java version 11.0.29
12:50:16.230 [INFO]   [Checking]    Maven Using ${maven.home} of: /home/jbergqvist/.sdkman/candidates/maven/current.
12:50:16.230 [INFO]   [Checking]    Maven Executing: /bin/sh -c cd /home/jbergqvist/diffblue/Palisade-common && /home/jbergqvist/.sdkman/candidates/maven/3.9.12/bin/mvn -B -version
12:50:16.392 [INFO]   [Checking]    Standard output of build tool (Maven)
12:50:16.392 [INFO]   [Checking]    > Apache Maven 3.9.12 (848fbb4bf2d427b72bdb2471c22fced7ebd9a7a1)
12:50:16.392 [INFO]   [Checking]    > Maven home: /home/jbergqvist/.sdkman/candidates/maven/3.9.12
12:50:16.392 [INFO]   [Checking]    > Java version: 11.0.29, vendor: Amazon.com Inc., runtime: /home/jbergqvist/.sdkman/candidates/java/11.0.29-amzn
12:50:16.392 [INFO]   [Checking]    > Default locale: en_GB, platform encoding: UTF-8
12:50:16.392 [INFO]   [Checking]    > OS name: "linux", version: "6.8.0-90-generic", arch: "amd64", family: "unix"
12:50:16.393 [INFO]   [Checking]    Detected build system: Maven 3.9.12
12:50:16.398 [INFO]   [Checking]    Operating System: Linux amd64 6.8.0-90-generic
12:50:16.399 [INFO]   [Checking]    Default charset: UTF-8
12:50:16.399 [INFO]   [Checking]    Default locale: en_GB
12:50:16.399 [INFO]   [Checking]    Default time zone: Europe/London
12:50:16.400 [INFO]   [Checking]    Selected build system: Maven
12:50:16.407 [INFO]   [Checking]    Selected classpath from build system maven
12:50:16.409 [INFO]   [Checking]    Expanded classpath: 
/home/jbergqvist/diffblue/Palisade-common/target/test-classes (does not exist) (test build path)
/home/jbergqvist/diffblue/Palisade-common/target/classes (code under test)
/home/jbergqvist/.m2/repository/com/typesafe/akka/akka-stream_2.13/2.6.10/akka-stream_2.13-2.6.10.jar
/home/jbergqvist/.m2/repository/org/scala-lang/scala-library/2.13.3/scala-library-2.13.3.jar
/home/jbergqvist/.m2/repository/com/typesafe/akka/akka-actor_2.13/2.6.10/akka-actor_2.13-2.6.10.jar
/home/jbergqvist/.m2/repository/com/typesafe/config/1.4.0/config-1.4.0.jar
/home/jbergqvist/.m2/repository/org/scala-lang/modules/scala-java8-compat_2.13/0.9.0/scala-java8-compat_2.13-0.9.0.jar
/home/jbergqvist/.m2/repository/com/typesafe/akka/akka-protobuf-v3_2.13/2.6.10/akka-protobuf-v3_2.13-2.6.10.jar
/home/jbergqvist/.m2/repository/org/reactivestreams/reactive-streams/1.0.3/reactive-streams-1.0.3.jar
/home/jbergqvist/.m2/repository/com/typesafe/ssl-config-core_2.13/0.4.2/ssl-config-core_2.13-0.4.2.jar
/home/jbergqvist/.m2/repository/org/scala-lang/modules/scala-parser-combinators_2.13/1.1.2/scala-parser-combinators_2.13-1.1.2.jar
/home/jbergqvist/.m2/repository/org/junit/jupiter/junit-jupiter-engine/5.13.4/junit-jupiter-engine-5.13.4.jar
/home/jbergqvist/.m2/repository/org/junit/platform/junit-platform-engine/1.13.4/junit-platform-engine-1.13.4.jar
/home/jbergqvist/.m2/repository/org/opentest4j/opentest4j/1.3.0/opentest4j-1.3.0.jar
/home/jbergqvist/.m2/repository/org/junit/platform/junit-platform-commons/1.13.4/junit-platform-commons-1.13.4.jar
/home/jbergqvist/.m2/repository/org/junit/jupiter/junit-jupiter-api/5.13.4/junit-jupiter-api-5.13.4.jar
/home/jbergqvist/.m2/repository/org/apiguardian/apiguardian-api/1.1.2/apiguardian-api-1.1.2.jar
/home/jbergqvist/.m2/repository/org/mockito/mockito-core/5.20.0/mockito-core-5.20.0.jar
/home/jbergqvist/.m2/repository/net/bytebuddy/byte-buddy/1.17.7/byte-buddy-1.17.7.jar
/home/jbergqvist/.m2/repository/net/bytebuddy/byte-buddy-agent/1.17.7/byte-buddy-agent-1.17.7.jar
/home/jbergqvist/.m2/repository/org/objenesis/objenesis/3.3/objenesis-3.3.jar
/home/jbergqvist/.m2/repository/org/mockito/mockito-junit-jupiter/5.20.0/mockito-junit-jupiter-5.20.0.jar
/home/jbergqvist/.m2/repository/com/fasterxml/jackson/core/jackson-databind/2.11.0/jackson-databind-2.11.0.jar
/home/jbergqvist/.m2/repository/com/fasterxml/jackson/core/jackson-annotations/2.11.0/jackson-annotations-2.11.0.jar
/home/jbergqvist/.m2/repository/com/fasterxml/jackson/core/jackson-core/2.11.0/jackson-core-2.11.0.jar
/home/jbergqvist/.m2/repository/org/slf4j/slf4j-api/1.7.25/slf4j-api-1.7.25.jar
/home/jbergqvist/.m2/repository/com/diffblue/cover/cover-annotations/1.8.0/cover-annotations-1.8.0.jar
12:50:16.433 [INFO]   [Checking]    Detected test framework: JUnit Jupiter API 5.13.4
12:50:16.437 [INFO]   [Checking]    Detected JUnit Jupiter Engine version 5.13.4
12:50:16.467 [INFO]   [Checking]    Detected Mockito Core version 5.20.0
12:50:16.822 [INFO]   [Checking]    Indexing...
12:50:17.142 [INFO]   [Checking]    Selected test output directory: /home/jbergqvist/diffblue/Palisade-common/src/test/java
12:50:17.160 [INFO]   [Checking]    Using default build rules as no custom rules found in any of [/home/jbergqvist/diffblue/Palisade-common]
12:50:17.161 [INFO]   [Checking]    Attempting to invoke mvnw in working directory: /home/jbergqvist/diffblue/Palisade-common
12:50:17.162 [INFO]   [Checking]    Attempting to invoke /home/jbergqvist/.sdkman/candidates/maven/current/bin/mvn in working directory: /home/jbergqvist/diffblue/Palisade-common
12:50:17.162 [INFO]   [Checking]    Started "/home/jbergqvist/.sdkman/candidates/maven/current/bin/mvn -Dmaven.ext.class.path=/opt/cover/cover-buildsystem-maven-spy-jar-with-dependencies.jar -Dcom.diffblue.cover.skipTests=true -DskipTestOptimizer --batch-mode --projects=uk.gov.gchq.palisade:common --global-settings=/home/jbergqvist/.sdkman/candidates/maven/current/conf/settings.xml -Dcheckstyle.skip=true test -DfailIfNoTests=false -Dsurefire.failIfNoSpecifiedTests=false -Dmaven.test.failure.ignore=True -Dtest=DummyJupiterDiffblueTest"
12:50:17.985 [INFO]   [Checking]    out: [INFO] Scanning for projects...
12:50:18.066 [INFO]   [Checking]    out: [INFO] 
12:50:18.066 [INFO]   [Checking]    out: [INFO] --------------------< uk.gov.gchq.palisade:common >---------------------
12:50:18.066 [INFO]   [Checking]    out: [INFO] Building GCHQ Palisade Common Library 0.5.2-SNAPSHOT
12:50:18.067 [INFO]   [Checking]    out: [INFO]   from pom.xml
12:50:18.067 [INFO]   [Checking]    out: [INFO] --------------------------------[ jar ]---------------------------------
12:50:18.339 [INFO]   [Checking]    deserializing line [DIFFBLUE]{"__type":"com.diffblue.cover.buildsystem.model.DefaultEventMessage","project":"uk.gov.gchq.palisade:common","goal":"prepare-agent","cause":null,"state":"STARTED"}
12:50:18.342 [INFO]   [Checking]    out: [INFO] 
12:50:18.342 [INFO]   [Checking]    out: [INFO] --- jacoco:0.8.5:prepare-agent (agent) @ common ---
12:50:18.586 [INFO]   [Checking]    out: [INFO] argLine set to -javaagent:/home/jbergqvist/.m2/repository/org/jacoco/org.jacoco.agent/0.8.5/org.jacoco.agent-0.8.5-runtime.jar=destfile=/home/jbergqvist/diffblue/Palisade-common/target/jacoco.exec,append=true
12:50:18.587 [INFO]   [Checking]    deserializing line [DIFFBLUE]{"__type":"com.diffblue.cover.buildsystem.model.DefaultEventMessage","project":"uk.gov.gchq.palisade:common","goal":"prepare-agent","cause":null,"state":"SUCCESS"}
12:50:18.590 [INFO]   [Checking]    deserializing line [DIFFBLUE]{"__type":"com.diffblue.cover.buildsystem.model.DefaultEventMessage","project":"uk.gov.gchq.palisade:common","goal":"resources","cause":null,"state":"STARTED"}
12:50:18.592 [INFO]   [Checking]    out: [INFO] 
12:50:18.592 [INFO]   [Checking]    out: [INFO] --- resources:3.3.1:resources (default-resources) @ common ---
12:50:18.639 [INFO]   [Checking]    out: [INFO] Copying 1 resource from src/main/resources to target/classes
12:50:18.642 [INFO]   [Checking]    deserializing line [DIFFBLUE]{"__type":"com.diffblue.cover.buildsystem.model.DefaultEventMessage","project":"uk.gov.gchq.palisade:common","goal":"resources","cause":null,"state":"SUCCESS"}
12:50:18.645 [INFO]   [Checking]    deserializing line [DIFFBLUE]{"__type":"com.diffblue.cover.buildsystem.model.DefaultEventMessage","project":"uk.gov.gchq.palisade:common","goal":"flatten","cause":null,"state":"STARTED"}
12:50:18.648 [INFO]   [Checking]    out: [INFO] 
12:50:18.648 [INFO]   [Checking]    out: [INFO] --- flatten:1.1.0:flatten (flatten) @ common ---
12:50:18.749 [INFO]   [Checking]    out: [INFO] Generating flattened POM of project uk.gov.gchq.palisade:common:jar:0.5.2-SNAPSHOT...
12:50:18.795 [INFO]   [Checking]    deserializing line [DIFFBLUE]{"__type":"com.diffblue.cover.buildsystem.model.DefaultEventMessage","project":"uk.gov.gchq.palisade:common","goal":"flatten","cause":null,"state":"SUCCESS"}
12:50:18.798 [INFO]   [Checking]    deserializing line [DIFFBLUE]{"__type":"com.diffblue.cover.buildsystem.model.DefaultEventMessage","project":"uk.gov.gchq.palisade:common","goal":"compile","cause":null,"state":"STARTED"}
12:50:18.800 [INFO]   [Checking]    out: [INFO] 
12:50:18.801 [INFO]   [Checking]    out: [INFO] --- compiler:3.8.0:compile (default-compile) @ common ---
12:50:18.922 [INFO]   [Checking]    out: [INFO] Nothing to compile - all classes are up to date
12:50:18.923 [INFO]   [Checking]    deserializing line [DIFFBLUE]{"__type":"com.diffblue.cover.buildsystem.model.DefaultEventMessage","project":"uk.gov.gchq.palisade:common","goal":"compile","cause":null,"state":"SUCCESS"}
12:50:18.926 [INFO]   [Checking]    deserializing line [DIFFBLUE]{"__type":"com.diffblue.cover.buildsystem.model.DefaultEventMessage","project":"uk.gov.gchq.palisade:common","goal":"javadoc-no-fork","cause":null,"state":"STARTED"}
12:50:18.927 [INFO]   [Checking]    out: [INFO] 
12:50:18.928 [INFO]   [Checking]    out: [INFO] --- javadoc:3.1.0:javadoc-no-fork (javadoc-compile) @ common ---
12:50:20.580 [INFO]   [Checking]    deserializing line [DIFFBLUE]{"__type":"com.diffblue.cover.buildsystem.model.DefaultEventMessage","project":"uk.gov.gchq.palisade:common","goal":"javadoc-no-fork","cause":null,"state":"SUCCESS"}
12:50:20.582 [INFO]   [Checking]    deserializing line [DIFFBLUE]{"__type":"com.diffblue.cover.buildsystem.model.DefaultEventMessage","project":"uk.gov.gchq.palisade:common","goal":"aggregate-no-fork","cause":null,"state":"STARTED"}
12:50:20.583 [INFO]   [Checking]    out: [INFO] 
12:50:20.583 [INFO]   [Checking]    out: [INFO] --- javadoc:3.1.0:aggregate-no-fork (javadoc-compile) @ common ---
12:50:21.939 [INFO]   [Checking]    deserializing line [DIFFBLUE]{"__type":"com.diffblue.cover.buildsystem.model.DefaultEventMessage","project":"uk.gov.gchq.palisade:common","goal":"aggregate-no-fork","cause":null,"state":"SUCCESS"}
12:50:21.941 [INFO]   [Checking]    deserializing line [DIFFBLUE]{"__type":"com.diffblue.cover.buildsystem.model.DefaultEventMessage","project":"uk.gov.gchq.palisade:common","goal":"testResources","cause":null,"state":"STARTED"}
12:50:21.942 [INFO]   [Checking]    out: [INFO] 
12:50:21.942 [INFO]   [Checking]    out: [INFO] --- resources:3.3.1:testResources (default-testResources) @ common ---
12:50:21.942 [INFO]   [Checking]    out: [INFO] skip non existing resourceDirectory /home/jbergqvist/diffblue/Palisade-common/src/test/resources
12:50:21.942 [INFO]   [Checking]    deserializing line [DIFFBLUE]{"__type":"com.diffblue.cover.buildsystem.model.DefaultEventMessage","project":"uk.gov.gchq.palisade:common","goal":"testResources","cause":null,"state":"SUCCESS"}
12:50:21.944 [INFO]   [Checking]    deserializing line [DIFFBLUE]{"__type":"com.diffblue.cover.buildsystem.model.DefaultEventMessage","project":"uk.gov.gchq.palisade:common","goal":"testCompile","cause":null,"state":"STARTED"}
12:50:21.945 [INFO]   [Checking]    out: [INFO] 
12:50:21.945 [INFO]   [Checking]    out: [INFO] --- compiler:3.8.0:testCompile (default-testCompile) @ common ---
12:50:21.946 [INFO]   [Checking]    out: [INFO] Changes detected - recompiling the module!
12:50:21.947 [INFO]   [Checking]    out: [INFO] Compiling 1 source file to /home/jbergqvist/diffblue/Palisade-common/target/test-classes
12:50:22.246 [INFO]   [Checking]    deserializing line [DIFFBLUE]{"__type":"com.diffblue.cover.buildsystem.model.DefaultEventMessage","project":"uk.gov.gchq.palisade:common","goal":"testCompile","cause":null,"state":"SUCCESS"}
12:50:22.248 [INFO]   [Checking]    deserializing line [DIFFBLUE]{"__type":"com.diffblue.cover.buildsystem.model.DefaultEventMessage","project":"uk.gov.gchq.palisade:common","goal":"test","cause":null,"state":"STARTED"}
12:50:22.249 [INFO]   [Checking]    out: [INFO] 
12:50:22.250 [INFO]   [Checking]    out: [INFO] --- surefire:3.2.5:test (default-test) @ common ---
12:50:22.338 [INFO]   [Checking]    out: [INFO] Using auto detected provider org.apache.maven.surefire.junitplatform.JUnitPlatformProvider
12:50:22.366 [INFO]   [Checking]    out: [INFO] 
12:50:22.367 [INFO]   [Checking]    out: [INFO] -------------------------------------------------------
12:50:22.367 [INFO]   [Checking]    out: [INFO]  T E S T S
12:50:22.367 [INFO]   [Checking]    out: [INFO] -------------------------------------------------------
12:50:22.998 [INFO]   [Checking]    out: [INFO] Running DummyJupiterDiffblueTest
12:50:23.061 [INFO]   [Checking]    out: [INFO] Tests run: 1, Failures: 0, Errors: 0, Skipped: 0, Time elapsed: 0.052 s -- in DummyJupiterDiffblueTest
12:50:23.100 [INFO]   [Checking]    out: [INFO] 
12:50:23.100 [INFO]   [Checking]    out: [INFO] Results:
12:50:23.100 [INFO]   [Checking]    out: [INFO] 
12:50:23.100 [INFO]   [Checking]    out: [INFO] Tests run: 1, Failures: 0, Errors: 0, Skipped: 0
12:50:23.100 [INFO]   [Checking]    out: [INFO] 
12:50:23.103 [INFO]   [Checking]    deserializing line [DIFFBLUE]{"__type":"com.diffblue.cover.buildsystem.model.DefaultEventMessage","project":"uk.gov.gchq.palisade:common","goal":"test","cause":null,"state":"SUCCESS"}
12:50:23.126 [INFO]   [Checking]    deserializing line [DIFFBLUE]{"__type":"com.diffblue.cover.buildsystem.model.DefaultProjectModuleMessage","project":{"__type":"DefaultProjectModule","junitReport":["/home/jbergqvist/diffblue/Palisade-common/target/surefire-reports"],"jacocoReport":["/home/jbergqvist/diffblue/Palisade-common/target/site/jacoco/jacoco.xml"],"jacocoDestFile":["${sonar.jacoco.reportPath}","/home/jbergqvist/diffblue/Palisade-common/target/jacoco.exec"],"jacocoFormats":["xml"],"jacocoSkipped":false,"classpath":["/home/jbergqvist/diffblue/Palisade-common/target/classes","/home/jbergqvist/.m2/repository/com/typesafe/akka/akka-stream_2.13/2.6.10/akka-stream_2.13-2.6.10.jar","/home/jbergqvist/.m2/repository/org/scala-lang/scala-library/2.13.3/scala-library-2.13.3.jar","/home/jbergqvist/.m2/repository/com/typesafe/akka/akka-actor_2.13/2.6.10/akka-actor_2.13-2.6.10.jar","/home/jbergqvist/.m2/repository/com/typesafe/config/1.4.0/config-1.4.0.jar","/home/jbergqvist/.m2/repository/org/scala-lang/modules/scala-java8-compat_2.13/0.9.0/scala-java8-compat_2.13-0.9.0.jar","/home/jbergqvist/.m2/repository/com/typesafe/akka/akka-protobuf-v3_2.13/2.6.10/akka-protobuf-v3_2.13-2.6.10.jar","/home/jbergqvist/.m2/repository/org/reactivestreams/reactive-streams/1.0.3/reactive-streams-1.0.3.jar","/home/jbergqvist/.m2/repository/com/typesafe/ssl-config-core_2.13/0.4.2/ssl-config-core_2.13-0.4.2.jar","/home/jbergqvist/.m2/repository/org/scala-lang/modules/scala-parser-combinators_2.13/1.1.2/scala-parser-combinators_2.13-1.1.2.jar","/home/jbergqvist/.m2/repository/org/junit/jupiter/junit-jupiter-engine/5.13.4/junit-jupiter-engine-5.13.4.jar","/home/jbergqvist/.m2/repository/org/junit/platform/junit-platform-engine/1.13.4/junit-platform-engine-1.13.4.jar","/home/jbergqvist/.m2/repository/org/opentest4j/opentest4j/1.3.0/opentest4j-1.3.0.jar","/home/jbergqvist/.m2/repository/org/junit/platform/junit-platform-commons/1.13.4/junit-platform-commons-1.13.4.jar","/home/jbergqvist/.m2/repository/org/junit/jupiter/junit-jupiter-api/5.13.4/junit-jupiter-api-5.13.4.jar","/home/jbergqvist/.m2/repository/org/apiguardian/apiguardian-api/1.1.2/apiguardian-api-1.1.2.jar","/home/jbergqvist/.m2/repository/org/mockito/mockito-core/5.20.0/mockito-core-5.20.0.jar","/home/jbergqvist/.m2/repository/net/bytebuddy/byte-buddy/1.17.7/byte-buddy-1.17.7.jar","/home/jbergqvist/.m2/repository/net/bytebuddy/byte-buddy-agent/1.17.7/byte-buddy-agent-1.17.7.jar","/home/jbergqvist/.m2/repository/org/objenesis/objenesis/3.3/objenesis-3.3.jar","/home/jbergqvist/.m2/repository/org/mockito/mockito-junit-jupiter/5.20.0/mockito-junit-jupiter-5.20.0.jar","/home/jbergqvist/.m2/repository/com/fasterxml/jackson/core/jackson-databind/2.11.0/jackson-databind-2.11.0.jar","/home/jbergqvist/.m2/repository/com/fasterxml/jackson/core/jackson-annotations/2.11.0/jackson-annotations-2.11.0.jar","/home/jbergqvist/.m2/repository/com/fasterxml/jackson/core/jackson-core/2.11.0/jackson-core-2.11.0.jar","/home/jbergqvist/.m2/repository/org/slf4j/slf4j-api/1.7.25/slf4j-api-1.7.25.jar","/home/jbergqvist/.m2/repository/com/diffblue/cover/cover-annotations/1.8.0/cover-annotations-1.8.0.jar"],"complianceLevel":"11","productionSources":["/home/jbergqvist/diffblue/Palisade-common/src/main/java"],"testSources":["/home/jbergqvist/diffblue/Palisade-common/src/test/java"],"productionClasses":"/home/jbergqvist/diffblue/Palisade-common/target/classes","testClasses":"/home/jbergqvist/diffblue/Palisade-common/target/test-classes","sourceToBuildPathMap":null,"testSourceToBuildPathMap":null,"buildDirectory":"/home/jbergqvist/diffblue/Palisade-common/target","plugins":[{"__type":"DefaultPlugin","groupId":"org.apache.maven.plugins","artefactId":"maven-compiler-plugin","version":"3.8.0","pluginClassName":null},{"__type":"DefaultPlugin","groupId":"org.apache.maven.plugins","artefactId":"maven-javadoc-plugin","version":"3.1.0","pluginClassName":null},{"__type":"DefaultPlugin","groupId":"org.apache.maven.plugins","artefactId":"maven-dependency-plugin","version":"3.1.2","pluginClassName":null},{"__type":"DefaultPlugin","groupId":"org.codehaus.mojo","artefactId":"flatten-maven-plugin","version":"1.1.0","pluginClassName":null},{"__type":"DefaultPlugin","groupId":"org.codehaus.mojo","artefactId":"license-maven-plugin","version":"2.0.0","pluginClassName":null},{"__type":"DefaultPlugin","groupId":"org.jacoco","artefactId":"jacoco-maven-plugin","version":"0.8.5","pluginClassName":null},{"__type":"DefaultPlugin","groupId":"org.apache.maven.plugins","artefactId":"maven-checkstyle-plugin","version":"3.1.0","pluginClassName":null},{"__type":"DefaultPlugin","groupId":"org.apache.maven.plugins","artefactId":"maven-clean-plugin","version":"3.2.0","pluginClassName":null},{"__type":"DefaultPlugin","groupId":"org.apache.maven.plugins","artefactId":"maven-resources-plugin","version":"3.3.1","pluginClassName":null},{"__type":"DefaultPlugin","groupId":"org.apache.maven.plugins","artefactId":"maven-jar-plugin","version":"3.4.1","pluginClassName":null},{"__type":"DefaultPlugin","groupId":"org.apache.maven.plugins","artefactId":"maven-surefire-plugin","version":"3.2.5","pluginClassName":null},{"__type":"DefaultPlugin","groupId":"org.apache.maven.plugins","artefactId":"maven-install-plugin","version":"3.1.2","pluginClassName":null},{"__type":"DefaultPlugin","groupId":"org.apache.maven.plugins","artefactId":"maven-deploy-plugin","version":"3.1.2","pluginClassName":null},{"__type":"DefaultPlugin","groupId":"org.apache.maven.plugins","artefactId":"maven-site-plugin","version":"3.12.1","pluginClassName":null}],"version":"3.9.12","encoding":"UTF-8","name":"maven","subModules":[],"simpleModuleName":null,"parentModuleName":null,"location":"/home/jbergqvist/diffblue/Palisade-common","fullModuleName":"uk.gov.gchq.palisade:common"}}
12:50:23.131 [INFO]   [Checking]    out: [INFO] ------------------------------------------------------------------------
12:50:23.131 [INFO]   [Checking]    out: [INFO] BUILD SUCCESS
12:50:23.131 [INFO]   [Checking]    out: [INFO] ------------------------------------------------------------------------
12:50:23.131 [INFO]   [Checking]    out: [INFO] Total time:  5.155 s
12:50:23.131 [INFO]   [Checking]    out: [INFO] Finished at: 2026-01-12T12:50:23Z
12:50:23.131 [INFO]   [Checking]    out: [INFO] ------------------------------------------------------------------------
12:50:23.131 [INFO]   [Checking]    deserializing line [DIFFBLUE]{"__type":"com.diffblue.cover.buildsystem.model.ProjectInfoMessage","projectName":"uk.gov.gchq.palisade:common","productionSources":["/home/jbergqvist/diffblue/Palisade-common/src/main/java","/home/jbergqvist/diffblue/Palisade-common/target/generated-sources/annotations"],"testSources":["/home/jbergqvist/diffblue/Palisade-common/src/test/java","/home/jbergqvist/diffblue/Palisade-common/target/generated-test-sources/test-annotations"],"location":"/home/jbergqvist/diffblue/Palisade-common"}
12:50:23.161 [INFO]   [Checking]    maven:err process not stopped, joining thread
12:50:23.161 [INFO]   [Checking]    maven:out process not stopped, joining thread
12:50:23.175 [INFO]   [Checking]    Selected test framework: JUnit Jupiter API
12:50:23.184 [INFO]   [Checking]    Detected Mockito JUnit Jupiter version 5.20.0
12:50:23.228 [INFO]   [Checking]    Using default build rules as no custom rules found in any of [/home/jbergqvist/diffblue/Palisade-common]
12:50:23.229 [INFO]   [Checking]    Attempting to invoke mvnw in working directory: /home/jbergqvist/diffblue/Palisade-common
12:50:23.229 [INFO]   [Checking]    Attempting to invoke /home/jbergqvist/.sdkman/candidates/maven/current/bin/mvn in working directory: /home/jbergqvist/diffblue/Palisade-common
12:50:23.229 [INFO]   [Checking]    Started "/home/jbergqvist/.sdkman/candidates/maven/current/bin/mvn -Dmaven.ext.class.path=/opt/cover/cover-buildsystem-maven-spy-jar-with-dependencies.jar -Dcom.diffblue.cover.skipTests=true -DskipTestOptimizer --batch-mode --projects=uk.gov.gchq.palisade:common --global-settings=/home/jbergqvist/.sdkman/candidates/maven/current/conf/settings.xml -Dcheckstyle.skip=true test -DfailIfNoTests=false -Dsurefire.failIfNoSpecifiedTests=false -Dmaven.test.failure.ignore=True -Dtest=DummyJUnitJupiterLauncherDiffblueTest3491162179773590169"
12:50:23.988 [INFO]   [Checking]    out: [INFO] Scanning for projects...
12:50:24.061 [INFO]   [Checking]    out: [INFO] 
12:50:24.062 [INFO]   [Checking]    out: [INFO] --------------------< uk.gov.gchq.palisade:common >---------------------
12:50:24.062 [INFO]   [Checking]    out: [INFO] Building GCHQ Palisade Common Library 0.5.2-SNAPSHOT
12:50:24.062 [INFO]   [Checking]    out: [INFO]   from pom.xml
12:50:24.062 [INFO]   [Checking]    out: [INFO] --------------------------------[ jar ]---------------------------------
12:50:24.325 [INFO]   [Checking]    deserializing line [DIFFBLUE]{"__type":"com.diffblue.cover.buildsystem.model.DefaultEventMessage","project":"uk.gov.gchq.palisade:common","goal":"prepare-agent","cause":null,"state":"STARTED"}
12:50:24.327 [INFO]   [Checking]    out: [INFO] 
12:50:24.327 [INFO]   [Checking]    out: [INFO] --- jacoco:0.8.5:prepare-agent (agent) @ common ---
12:50:24.573 [INFO]   [Checking]    out: [INFO] argLine set to -javaagent:/home/jbergqvist/.m2/repository/org/jacoco/org.jacoco.agent/0.8.5/org.jacoco.agent-0.8.5-runtime.jar=destfile=/home/jbergqvist/diffblue/Palisade-common/target/jacoco.exec,append=true
12:50:24.574 [INFO]   [Checking]    deserializing line [DIFFBLUE]{"__type":"com.diffblue.cover.buildsystem.model.DefaultEventMessage","project":"uk.gov.gchq.palisade:common","goal":"prepare-agent","cause":null,"state":"SUCCESS"}
12:50:24.576 [INFO]   [Checking]    deserializing line [DIFFBLUE]{"__type":"com.diffblue.cover.buildsystem.model.DefaultEventMessage","project":"uk.gov.gchq.palisade:common","goal":"resources","cause":null,"state":"STARTED"}
12:50:24.578 [INFO]   [Checking]    out: [INFO] 
12:50:24.578 [INFO]   [Checking]    out: [INFO] --- resources:3.3.1:resources (default-resources) @ common ---
12:50:24.626 [INFO]   [Checking]    out: [INFO] Copying 1 resource from src/main/resources to target/classes
12:50:24.629 [INFO]   [Checking]    deserializing line [DIFFBLUE]{"__type":"com.diffblue.cover.buildsystem.model.DefaultEventMessage","project":"uk.gov.gchq.palisade:common","goal":"resources","cause":null,"state":"SUCCESS"}
12:50:24.631 [INFO]   [Checking]    deserializing line [DIFFBLUE]{"__type":"com.diffblue.cover.buildsystem.model.DefaultEventMessage","project":"uk.gov.gchq.palisade:common","goal":"flatten","cause":null,"state":"STARTED"}
12:50:24.633 [INFO]   [Checking]    out: [INFO] 
12:50:24.633 [INFO]   [Checking]    out: [INFO] --- flatten:1.1.0:flatten (flatten) @ common ---
12:50:24.744 [INFO]   [Checking]    out: [INFO] Generating flattened POM of project uk.gov.gchq.palisade:common:jar:0.5.2-SNAPSHOT...
12:50:24.790 [INFO]   [Checking]    deserializing line [DIFFBLUE]{"__type":"com.diffblue.cover.buildsystem.model.DefaultEventMessage","project":"uk.gov.gchq.palisade:common","goal":"flatten","cause":null,"state":"SUCCESS"}
12:50:24.793 [INFO]   [Checking]    deserializing line [DIFFBLUE]{"__type":"com.diffblue.cover.buildsystem.model.DefaultEventMessage","project":"uk.gov.gchq.palisade:common","goal":"compile","cause":null,"state":"STARTED"}
12:50:24.794 [INFO]   [Checking]    out: [INFO] 
12:50:24.794 [INFO]   [Checking]    out: [INFO] --- compiler:3.8.0:compile (default-compile) @ common ---
12:50:24.912 [INFO]   [Checking]    out: [INFO] Nothing to compile - all classes are up to date
12:50:24.913 [INFO]   [Checking]    deserializing line [DIFFBLUE]{"__type":"com.diffblue.cover.buildsystem.model.DefaultEventMessage","project":"uk.gov.gchq.palisade:common","goal":"compile","cause":null,"state":"SUCCESS"}
12:50:24.916 [INFO]   [Checking]    deserializing line [DIFFBLUE]{"__type":"com.diffblue.cover.buildsystem.model.DefaultEventMessage","project":"uk.gov.gchq.palisade:common","goal":"javadoc-no-fork","cause":null,"state":"STARTED"}
12:50:24.918 [INFO]   [Checking]    out: [INFO] 
12:50:24.918 [INFO]   [Checking]    out: [INFO] --- javadoc:3.1.0:javadoc-no-fork (javadoc-compile) @ common ---
12:50:26.563 [INFO]   [Checking]    deserializing line [DIFFBLUE]{"__type":"com.diffblue.cover.buildsystem.model.DefaultEventMessage","project":"uk.gov.gchq.palisade:common","goal":"javadoc-no-fork","cause":null,"state":"SUCCESS"}
12:50:26.564 [INFO]   [Checking]    deserializing line [DIFFBLUE]{"__type":"com.diffblue.cover.buildsystem.model.DefaultEventMessage","project":"uk.gov.gchq.palisade:common","goal":"aggregate-no-fork","cause":null,"state":"STARTED"}
12:50:26.565 [INFO]   [Checking]    out: [INFO] 
12:50:26.565 [INFO]   [Checking]    out: [INFO] --- javadoc:3.1.0:aggregate-no-fork (javadoc-compile) @ common ---
12:50:27.888 [INFO]   [Checking]    deserializing line [DIFFBLUE]{"__type":"com.diffblue.cover.buildsystem.model.DefaultEventMessage","project":"uk.gov.gchq.palisade:common","goal":"aggregate-no-fork","cause":null,"state":"SUCCESS"}
12:50:27.890 [INFO]   [Checking]    deserializing line [DIFFBLUE]{"__type":"com.diffblue.cover.buildsystem.model.DefaultEventMessage","project":"uk.gov.gchq.palisade:common","goal":"testResources","cause":null,"state":"STARTED"}
12:50:27.891 [INFO]   [Checking]    out: [INFO] 
12:50:27.891 [INFO]   [Checking]    out: [INFO] --- resources:3.3.1:testResources (default-testResources) @ common ---
12:50:27.891 [INFO]   [Checking]    out: [INFO] skip non existing resourceDirectory /home/jbergqvist/diffblue/Palisade-common/src/test/resources
12:50:27.892 [INFO]   [Checking]    deserializing line [DIFFBLUE]{"__type":"com.diffblue.cover.buildsystem.model.DefaultEventMessage","project":"uk.gov.gchq.palisade:common","goal":"testResources","cause":null,"state":"SUCCESS"}
12:50:27.893 [INFO]   [Checking]    deserializing line [DIFFBLUE]{"__type":"com.diffblue.cover.buildsystem.model.DefaultEventMessage","project":"uk.gov.gchq.palisade:common","goal":"testCompile","cause":null,"state":"STARTED"}
12:50:27.894 [INFO]   [Checking]    out: [INFO] 
12:50:27.895 [INFO]   [Checking]    out: [INFO] --- compiler:3.8.0:testCompile (default-testCompile) @ common ---
12:50:27.896 [INFO]   [Checking]    out: [INFO] Changes detected - recompiling the module!
12:50:27.897 [INFO]   [Checking]    out: [INFO] Compiling 1 source file to /home/jbergqvist/diffblue/Palisade-common/target/test-classes
12:50:28.225 [INFO]   [Checking]    deserializing line [DIFFBLUE]{"__type":"com.diffblue.cover.buildsystem.model.DefaultEventMessage","project":"uk.gov.gchq.palisade:common","goal":"testCompile","cause":null,"state":"SUCCESS"}
12:50:28.227 [INFO]   [Checking]    deserializing line [DIFFBLUE]{"__type":"com.diffblue.cover.buildsystem.model.DefaultEventMessage","project":"uk.gov.gchq.palisade:common","goal":"test","cause":null,"state":"STARTED"}
12:50:28.228 [INFO]   [Checking]    out: [INFO] 
12:50:28.228 [INFO]   [Checking]    out: [INFO] --- surefire:3.2.5:test (default-test) @ common ---
12:50:28.305 [INFO]   [Checking]    out: [INFO] Using auto detected provider org.apache.maven.surefire.junitplatform.JUnitPlatformProvider
12:50:28.332 [INFO]   [Checking]    out: [INFO] 
12:50:28.332 [INFO]   [Checking]    out: [INFO] -------------------------------------------------------
12:50:28.332 [INFO]   [Checking]    out: [INFO]  T E S T S
12:50:28.332 [INFO]   [Checking]    out: [INFO] -------------------------------------------------------
12:50:29.011 [INFO]   [Checking]    out: [INFO] Running DummyJUnitJupiterLauncherDiffblueTest3491162179773590169
12:50:29.058 [INFO]   [Checking]    out: [INFO] Tests run: 1, Failures: 0, Errors: 0, Skipped: 0, Time elapsed: 0.039 s -- in DummyJUnitJupiterLauncherDiffblueTest3491162179773590169
12:50:29.088 [INFO]   [Checking]    out: [INFO] 
12:50:29.088 [INFO]   [Checking]    out: [INFO] Results:
12:50:29.088 [INFO]   [Checking]    out: [INFO] 
12:50:29.088 [INFO]   [Checking]    out: [INFO] Tests run: 1, Failures: 0, Errors: 0, Skipped: 0
12:50:29.088 [INFO]   [Checking]    out: [INFO] 
12:50:29.091 [INFO]   [Checking]    deserializing line [DIFFBLUE]{"__type":"com.diffblue.cover.buildsystem.model.DefaultEventMessage","project":"uk.gov.gchq.palisade:common","goal":"test","cause":null,"state":"SUCCESS"}
12:50:29.117 [INFO]   [Checking]    deserializing line [DIFFBLUE]{"__type":"com.diffblue.cover.buildsystem.model.DefaultProjectModuleMessage","project":{"__type":"DefaultProjectModule","junitReport":["/home/jbergqvist/diffblue/Palisade-common/target/surefire-reports"],"jacocoReport":["/home/jbergqvist/diffblue/Palisade-common/target/site/jacoco/jacoco.xml"],"jacocoDestFile":["${sonar.jacoco.reportPath}","/home/jbergqvist/diffblue/Palisade-common/target/jacoco.exec"],"jacocoFormats":["xml"],"jacocoSkipped":false,"classpath":["/home/jbergqvist/diffblue/Palisade-common/target/classes","/home/jbergqvist/.m2/repository/com/typesafe/akka/akka-stream_2.13/2.6.10/akka-stream_2.13-2.6.10.jar","/home/jbergqvist/.m2/repository/org/scala-lang/scala-library/2.13.3/scala-library-2.13.3.jar","/home/jbergqvist/.m2/repository/com/typesafe/akka/akka-actor_2.13/2.6.10/akka-actor_2.13-2.6.10.jar","/home/jbergqvist/.m2/repository/com/typesafe/config/1.4.0/config-1.4.0.jar","/home/jbergqvist/.m2/repository/org/scala-lang/modules/scala-java8-compat_2.13/0.9.0/scala-java8-compat_2.13-0.9.0.jar","/home/jbergqvist/.m2/repository/com/typesafe/akka/akka-protobuf-v3_2.13/2.6.10/akka-protobuf-v3_2.13-2.6.10.jar","/home/jbergqvist/.m2/repository/org/reactivestreams/reactive-streams/1.0.3/reactive-streams-1.0.3.jar","/home/jbergqvist/.m2/repository/com/typesafe/ssl-config-core_2.13/0.4.2/ssl-config-core_2.13-0.4.2.jar","/home/jbergqvist/.m2/repository/org/scala-lang/modules/scala-parser-combinators_2.13/1.1.2/scala-parser-combinators_2.13-1.1.2.jar","/home/jbergqvist/.m2/repository/org/junit/jupiter/junit-jupiter-engine/5.13.4/junit-jupiter-engine-5.13.4.jar","/home/jbergqvist/.m2/repository/org/junit/platform/junit-platform-engine/1.13.4/junit-platform-engine-1.13.4.jar","/home/jbergqvist/.m2/repository/org/opentest4j/opentest4j/1.3.0/opentest4j-1.3.0.jar","/home/jbergqvist/.m2/repository/org/junit/platform/junit-platform-commons/1.13.4/junit-platform-commons-1.13.4.jar","/home/jbergqvist/.m2/repository/org/junit/jupiter/junit-jupiter-api/5.13.4/junit-jupiter-api-5.13.4.jar","/home/jbergqvist/.m2/repository/org/apiguardian/apiguardian-api/1.1.2/apiguardian-api-1.1.2.jar","/home/jbergqvist/.m2/repository/org/mockito/mockito-core/5.20.0/mockito-core-5.20.0.jar","/home/jbergqvist/.m2/repository/net/bytebuddy/byte-buddy/1.17.7/byte-buddy-1.17.7.jar","/home/jbergqvist/.m2/repository/net/bytebuddy/byte-buddy-agent/1.17.7/byte-buddy-agent-1.17.7.jar","/home/jbergqvist/.m2/repository/org/objenesis/objenesis/3.3/objenesis-3.3.jar","/home/jbergqvist/.m2/repository/org/mockito/mockito-junit-jupiter/5.20.0/mockito-junit-jupiter-5.20.0.jar","/home/jbergqvist/.m2/repository/com/fasterxml/jackson/core/jackson-databind/2.11.0/jackson-databind-2.11.0.jar","/home/jbergqvist/.m2/repository/com/fasterxml/jackson/core/jackson-annotations/2.11.0/jackson-annotations-2.11.0.jar","/home/jbergqvist/.m2/repository/com/fasterxml/jackson/core/jackson-core/2.11.0/jackson-core-2.11.0.jar","/home/jbergqvist/.m2/repository/org/slf4j/slf4j-api/1.7.25/slf4j-api-1.7.25.jar","/home/jbergqvist/.m2/repository/com/diffblue/cover/cover-annotations/1.8.0/cover-annotations-1.8.0.jar"],"complianceLevel":"11","productionSources":["/home/jbergqvist/diffblue/Palisade-common/src/main/java"],"testSources":["/home/jbergqvist/diffblue/Palisade-common/src/test/java"],"productionClasses":"/home/jbergqvist/diffblue/Palisade-common/target/classes","testClasses":"/home/jbergqvist/diffblue/Palisade-common/target/test-classes","sourceToBuildPathMap":null,"testSourceToBuildPathMap":null,"buildDirectory":"/home/jbergqvist/diffblue/Palisade-common/target","plugins":[{"__type":"DefaultPlugin","groupId":"org.apache.maven.plugins","artefactId":"maven-compiler-plugin","version":"3.8.0","pluginClassName":null},{"__type":"DefaultPlugin","groupId":"org.apache.maven.plugins","artefactId":"maven-javadoc-plugin","version":"3.1.0","pluginClassName":null},{"__type":"DefaultPlugin","groupId":"org.apache.maven.plugins","artefactId":"maven-dependency-plugin","version":"3.1.2","pluginClassName":null},{"__type":"DefaultPlugin","groupId":"org.codehaus.mojo","artefactId":"flatten-maven-plugin","version":"1.1.0","pluginClassName":null},{"__type":"DefaultPlugin","groupId":"org.codehaus.mojo","artefactId":"license-maven-plugin","version":"2.0.0","pluginClassName":null},{"__type":"DefaultPlugin","groupId":"org.jacoco","artefactId":"jacoco-maven-plugin","version":"0.8.5","pluginClassName":null},{"__type":"DefaultPlugin","groupId":"org.apache.maven.plugins","artefactId":"maven-checkstyle-plugin","version":"3.1.0","pluginClassName":null},{"__type":"DefaultPlugin","groupId":"org.apache.maven.plugins","artefactId":"maven-clean-plugin","version":"3.2.0","pluginClassName":null},{"__type":"DefaultPlugin","groupId":"org.apache.maven.plugins","artefactId":"maven-resources-plugin","version":"3.3.1","pluginClassName":null},{"__type":"DefaultPlugin","groupId":"org.apache.maven.plugins","artefactId":"maven-jar-plugin","version":"3.4.1","pluginClassName":null},{"__type":"DefaultPlugin","groupId":"org.apache.maven.plugins","artefactId":"maven-surefire-plugin","version":"3.2.5","pluginClassName":null},{"__type":"DefaultPlugin","groupId":"org.apache.maven.plugins","artefactId":"maven-install-plugin","version":"3.1.2","pluginClassName":null},{"__type":"DefaultPlugin","groupId":"org.apache.maven.plugins","artefactId":"maven-deploy-plugin","version":"3.1.2","pluginClassName":null},{"__type":"DefaultPlugin","groupId":"org.apache.maven.plugins","artefactId":"maven-site-plugin","version":"3.12.1","pluginClassName":null}],"version":"3.9.12","encoding":"UTF-8","name":"maven","subModules":[],"simpleModuleName":null,"parentModuleName":null,"location":"/home/jbergqvist/diffblue/Palisade-common","fullModuleName":"uk.gov.gchq.palisade:common"}}
12:50:29.123 [INFO]   [Checking]    out: [INFO] ------------------------------------------------------------------------
12:50:29.123 [INFO]   [Checking]    out: [INFO] BUILD SUCCESS
12:50:29.123 [INFO]   [Checking]    out: [INFO] ------------------------------------------------------------------------
12:50:29.123 [INFO]   [Checking]    out: [INFO] Total time:  5.144 s
12:50:29.123 [INFO]   [Checking]    out: [INFO] Finished at: 2026-01-12T12:50:29Z
12:50:29.123 [INFO]   [Checking]    out: [INFO] ------------------------------------------------------------------------
12:50:29.123 [INFO]   [Checking]    deserializing line [DIFFBLUE]{"__type":"com.diffblue.cover.buildsystem.model.ProjectInfoMessage","projectName":"uk.gov.gchq.palisade:common","productionSources":["/home/jbergqvist/diffblue/Palisade-common/src/main/java","/home/jbergqvist/diffblue/Palisade-common/target/generated-sources/annotations"],"testSources":["/home/jbergqvist/diffblue/Palisade-common/src/test/java","/home/jbergqvist/diffblue/Palisade-common/target/generated-test-sources/test-annotations"],"location":"/home/jbergqvist/diffblue/Palisade-common"}
12:50:29.166 [INFO]   [Checking]    maven:err process not stopped, joining thread
12:50:29.166 [INFO]   [Checking]    maven:out process not stopped, joining thread
12:50:29.368 [INFO]   [Checking]    Detected Jackson Databind version 2.11.0
12:50:29.379 [INFO]   [Checking]    Detected JVM architecture: 64-Bit
12:50:29.388 [INFO]   [Checking]    Using default build rules as no custom rules found in any of [/home/jbergqvist/diffblue/Palisade-common]
12:50:29.389 [INFO]   [Checking]    Attempting to invoke mvnw in working directory: /home/jbergqvist/diffblue/Palisade-common
12:50:29.389 [INFO]   [Checking]    Attempting to invoke /home/jbergqvist/.sdkman/candidates/maven/current/bin/mvn in working directory: /home/jbergqvist/diffblue/Palisade-common
12:50:29.389 [INFO]   [Checking]    Started "/home/jbergqvist/.sdkman/candidates/maven/current/bin/mvn -Dmaven.ext.class.path=/opt/cover/cover-buildsystem-maven-spy-jar-with-dependencies.jar -Dcom.diffblue.cover.skipTests=true -DskipTestOptimizer --batch-mode --projects=uk.gov.gchq.palisade:common --global-settings=/home/jbergqvist/.sdkman/candidates/maven/current/conf/settings.xml -Dcheckstyle.skip=true org.jacoco:jacoco-maven-plugin:0.8.5:prepare-agent -Djacoco.skip=false test -DfailIfNoTests=false -Dsurefire.failIfNoSpecifiedTests=false -Dmaven.test.failure.ignore=True -Dtest=DiffblueDummyCoverageJupiterDiffblueTest org.jacoco:jacoco-maven-plugin:0.8.5:report -Djacoco.skip=false"
12:50:30.157 [INFO]   [Checking]    out: [INFO] Scanning for projects...
12:50:30.247 [INFO]   [Checking]    out: [INFO] 
12:50:30.247 [INFO]   [Checking]    out: [INFO] --------------------< uk.gov.gchq.palisade:common >---------------------
12:50:30.247 [INFO]   [Checking]    out: [INFO] Building GCHQ Palisade Common Library 0.5.2-SNAPSHOT
12:50:30.248 [INFO]   [Checking]    out: [INFO]   from pom.xml
12:50:30.248 [INFO]   [Checking]    out: [INFO] --------------------------------[ jar ]---------------------------------
12:50:30.500 [INFO]   [Checking]    deserializing line [DIFFBLUE]{"__type":"com.diffblue.cover.buildsystem.model.DefaultEventMessage","project":"uk.gov.gchq.palisade:common","goal":"prepare-agent","cause":null,"state":"STARTED"}
12:50:30.502 [INFO]   [Checking]    out: [INFO] 
12:50:30.502 [INFO]   [Checking]    out: [INFO] --- jacoco:0.8.5:prepare-agent (default-cli) @ common ---
12:50:30.746 [INFO]   [Checking]    out: [INFO] argLine set to -javaagent:/home/jbergqvist/.m2/repository/org/jacoco/org.jacoco.agent/0.8.5/org.jacoco.agent-0.8.5-runtime.jar=destfile=/home/jbergqvist/diffblue/Palisade-common/target/jacoco.exec,append=true
12:50:30.747 [INFO]   [Checking]    deserializing line [DIFFBLUE]{"__type":"com.diffblue.cover.buildsystem.model.DefaultEventMessage","project":"uk.gov.gchq.palisade:common","goal":"prepare-agent","cause":null,"state":"SUCCESS"}
12:50:30.749 [INFO]   [Checking]    deserializing line [DIFFBLUE]{"__type":"com.diffblue.cover.buildsystem.model.DefaultEventMessage","project":"uk.gov.gchq.palisade:common","goal":"prepare-agent","cause":null,"state":"STARTED"}
12:50:30.750 [INFO]   [Checking]    out: [INFO] 
12:50:30.750 [INFO]   [Checking]    out: [INFO] --- jacoco:0.8.5:prepare-agent (agent) @ common ---
12:50:30.750 [INFO]   [Checking]    out: [INFO] argLine set to -javaagent:/home/jbergqvist/.m2/repository/org/jacoco/org.jacoco.agent/0.8.5/org.jacoco.agent-0.8.5-runtime.jar=destfile=/home/jbergqvist/diffblue/Palisade-common/target/jacoco.exec,append=true
12:50:30.751 [INFO]   [Checking]    deserializing line [DIFFBLUE]{"__type":"com.diffblue.cover.buildsystem.model.DefaultEventMessage","project":"uk.gov.gchq.palisade:common","goal":"prepare-agent","cause":null,"state":"SUCCESS"}
12:50:30.752 [INFO]   [Checking]    deserializing line [DIFFBLUE]{"__type":"com.diffblue.cover.buildsystem.model.DefaultEventMessage","project":"uk.gov.gchq.palisade:common","goal":"resources","cause":null,"state":"STARTED"}
12:50:30.753 [INFO]   [Checking]    out: [INFO] 
12:50:30.753 [INFO]   [Checking]    out: [INFO] --- resources:3.3.1:resources (default-resources) @ common ---
12:50:30.801 [INFO]   [Checking]    out: [INFO] Copying 1 resource from src/main/resources to target/classes
12:50:30.805 [INFO]   [Checking]    deserializing line [DIFFBLUE]{"__type":"com.diffblue.cover.buildsystem.model.DefaultEventMessage","project":"uk.gov.gchq.palisade:common","goal":"resources","cause":null,"state":"SUCCESS"}
12:50:30.807 [INFO]   [Checking]    deserializing line [DIFFBLUE]{"__type":"com.diffblue.cover.buildsystem.model.DefaultEventMessage","project":"uk.gov.gchq.palisade:common","goal":"flatten","cause":null,"state":"STARTED"}
12:50:30.808 [INFO]   [Checking]    out: [INFO] 
12:50:30.808 [INFO]   [Checking]    out: [INFO] --- flatten:1.1.0:flatten (flatten) @ common ---
12:50:30.910 [INFO]   [Checking]    out: [INFO] Generating flattened POM of project uk.gov.gchq.palisade:common:jar:0.5.2-SNAPSHOT...
12:50:30.956 [INFO]   [Checking]    deserializing line [DIFFBLUE]{"__type":"com.diffblue.cover.buildsystem.model.DefaultEventMessage","project":"uk.gov.gchq.palisade:common","goal":"flatten","cause":null,"state":"SUCCESS"}
12:50:30.957 [INFO]   [Checking]    deserializing line [DIFFBLUE]{"__type":"com.diffblue.cover.buildsystem.model.DefaultEventMessage","project":"uk.gov.gchq.palisade:common","goal":"compile","cause":null,"state":"STARTED"}
12:50:30.958 [INFO]   [Checking]    out: [INFO] 
12:50:30.959 [INFO]   [Checking]    out: [INFO] --- compiler:3.8.0:compile (default-compile) @ common ---
12:50:31.081 [INFO]   [Checking]    out: [INFO] Changes detected - recompiling the module!
12:50:31.086 [INFO]   [Checking]    out: [INFO] Compiling 23 source files to /home/jbergqvist/diffblue/Palisade-common/target/classes
12:50:31.746 [INFO]   [Checking]    deserializing line [DIFFBLUE]{"__type":"com.diffblue.cover.buildsystem.model.DefaultEventMessage","project":"uk.gov.gchq.palisade:common","goal":"compile","cause":null,"state":"SUCCESS"}
12:50:31.748 [INFO]   [Checking]    deserializing line [DIFFBLUE]{"__type":"com.diffblue.cover.buildsystem.model.DefaultEventMessage","project":"uk.gov.gchq.palisade:common","goal":"javadoc-no-fork","cause":null,"state":"STARTED"}
12:50:31.749 [INFO]   [Checking]    out: [INFO] 
12:50:31.749 [INFO]   [Checking]    out: [INFO] --- javadoc:3.1.0:javadoc-no-fork (javadoc-compile) @ common ---
12:50:33.350 [INFO]   [Checking]    deserializing line [DIFFBLUE]{"__type":"com.diffblue.cover.buildsystem.model.DefaultEventMessage","project":"uk.gov.gchq.palisade:common","goal":"javadoc-no-fork","cause":null,"state":"SUCCESS"}
12:50:33.352 [INFO]   [Checking]    deserializing line [DIFFBLUE]{"__type":"com.diffblue.cover.buildsystem.model.DefaultEventMessage","project":"uk.gov.gchq.palisade:common","goal":"aggregate-no-fork","cause":null,"state":"STARTED"}
12:50:33.353 [INFO]   [Checking]    out: [INFO] 
12:50:33.353 [INFO]   [Checking]    out: [INFO] --- javadoc:3.1.0:aggregate-no-fork (javadoc-compile) @ common ---
12:50:34.683 [INFO]   [Checking]    deserializing line [DIFFBLUE]{"__type":"com.diffblue.cover.buildsystem.model.DefaultEventMessage","project":"uk.gov.gchq.palisade:common","goal":"aggregate-no-fork","cause":null,"state":"SUCCESS"}
12:50:34.685 [INFO]   [Checking]    deserializing line [DIFFBLUE]{"__type":"com.diffblue.cover.buildsystem.model.DefaultEventMessage","project":"uk.gov.gchq.palisade:common","goal":"testResources","cause":null,"state":"STARTED"}
12:50:34.686 [INFO]   [Checking]    out: [INFO] 
12:50:34.686 [INFO]   [Checking]    out: [INFO] --- resources:3.3.1:testResources (default-testResources) @ common ---
12:50:34.686 [INFO]   [Checking]    out: [INFO] skip non existing resourceDirectory /home/jbergqvist/diffblue/Palisade-common/src/test/resources
12:50:34.687 [INFO]   [Checking]    deserializing line [DIFFBLUE]{"__type":"com.diffblue.cover.buildsystem.model.DefaultEventMessage","project":"uk.gov.gchq.palisade:common","goal":"testResources","cause":null,"state":"SUCCESS"}
12:50:34.689 [INFO]   [Checking]    deserializing line [DIFFBLUE]{"__type":"com.diffblue.cover.buildsystem.model.DefaultEventMessage","project":"uk.gov.gchq.palisade:common","goal":"testCompile","cause":null,"state":"STARTED"}
12:50:34.690 [INFO]   [Checking]    out: [INFO] 
12:50:34.690 [INFO]   [Checking]    out: [INFO] --- compiler:3.8.0:testCompile (default-testCompile) @ common ---
12:50:34.691 [INFO]   [Checking]    out: [INFO] Changes detected - recompiling the module!
12:50:34.691 [INFO]   [Checking]    out: [INFO] Compiling 2 source files to /home/jbergqvist/diffblue/Palisade-common/target/test-classes
12:50:34.752 [INFO]   [Checking]    deserializing line [DIFFBLUE]{"__type":"com.diffblue.cover.buildsystem.model.DefaultEventMessage","project":"uk.gov.gchq.palisade:common","goal":"testCompile","cause":null,"state":"SUCCESS"}
12:50:34.754 [INFO]   [Checking]    deserializing line [DIFFBLUE]{"__type":"com.diffblue.cover.buildsystem.model.DefaultEventMessage","project":"uk.gov.gchq.palisade:common","goal":"test","cause":null,"state":"STARTED"}
12:50:34.756 [INFO]   [Checking]    out: [INFO] 
12:50:34.756 [INFO]   [Checking]    out: [INFO] --- surefire:3.2.5:test (default-test) @ common ---
12:50:34.849 [INFO]   [Checking]    out: [INFO] Using auto detected provider org.apache.maven.surefire.junitplatform.JUnitPlatformProvider
12:50:34.875 [INFO]   [Checking]    out: [INFO] 
12:50:34.875 [INFO]   [Checking]    out: [INFO] -------------------------------------------------------
12:50:34.875 [INFO]   [Checking]    out: [INFO]  T E S T S
12:50:34.875 [INFO]   [Checking]    out: [INFO] -------------------------------------------------------
12:50:35.487 [INFO]   [Checking]    out: [INFO] Running DiffblueDummyCoverageJupiterDiffblueTest
12:50:35.537 [INFO]   [Checking]    out: [INFO] Tests run: 1, Failures: 0, Errors: 0, Skipped: 0, Time elapsed: 0.037 s -- in DiffblueDummyCoverageJupiterDiffblueTest
12:50:35.586 [INFO]   [Checking]    out: [INFO] 
12:50:35.586 [INFO]   [Checking]    out: [INFO] Results:
12:50:35.586 [INFO]   [Checking]    out: [INFO] 
12:50:35.586 [INFO]   [Checking]    out: [INFO] Tests run: 1, Failures: 0, Errors: 0, Skipped: 0
12:50:35.586 [INFO]   [Checking]    out: [INFO] 
12:50:35.589 [INFO]   [Checking]    deserializing line [DIFFBLUE]{"__type":"com.diffblue.cover.buildsystem.model.DefaultEventMessage","project":"uk.gov.gchq.palisade:common","goal":"test","cause":null,"state":"SUCCESS"}
12:50:35.591 [INFO]   [Checking]    deserializing line [DIFFBLUE]{"__type":"com.diffblue.cover.buildsystem.model.DefaultEventMessage","project":"uk.gov.gchq.palisade:common","goal":"report","cause":null,"state":"STARTED"}
12:50:35.591 [INFO]   [Checking]    out: [INFO] 
12:50:35.592 [INFO]   [Checking]    out: [INFO] --- jacoco:0.8.5:report (default-cli) @ common ---
12:50:35.628 [INFO]   [Checking]    out: [INFO] Loading execution data file /home/jbergqvist/diffblue/Palisade-common/target/jacoco.exec
12:50:35.691 [INFO]   [Checking]    out: [INFO] Analyzed bundle 'GCHQ Palisade Common Library' with 26 classes
12:50:35.746 [INFO]   [Checking]    deserializing line [DIFFBLUE]{"__type":"com.diffblue.cover.buildsystem.model.DefaultEventMessage","project":"uk.gov.gchq.palisade:common","goal":"report","cause":null,"state":"SUCCESS"}
12:50:35.767 [INFO]   [Checking]    deserializing line [DIFFBLUE]{"__type":"com.diffblue.cover.buildsystem.model.DefaultProjectModuleMessage","project":{"__type":"DefaultProjectModule","junitReport":["/home/jbergqvist/diffblue/Palisade-common/target/surefire-reports"],"jacocoReport":["/home/jbergqvist/diffblue/Palisade-common/target/site/jacoco/jacoco.xml"],"jacocoDestFile":["${sonar.jacoco.reportPath}","/home/jbergqvist/diffblue/Palisade-common/target/jacoco.exec"],"jacocoFormats":["xml"],"jacocoSkipped":false,"classpath":["/home/jbergqvist/diffblue/Palisade-common/target/classes","/home/jbergqvist/.m2/repository/com/typesafe/akka/akka-stream_2.13/2.6.10/akka-stream_2.13-2.6.10.jar","/home/jbergqvist/.m2/repository/org/scala-lang/scala-library/2.13.3/scala-library-2.13.3.jar","/home/jbergqvist/.m2/repository/com/typesafe/akka/akka-actor_2.13/2.6.10/akka-actor_2.13-2.6.10.jar","/home/jbergqvist/.m2/repository/com/typesafe/config/1.4.0/config-1.4.0.jar","/home/jbergqvist/.m2/repository/org/scala-lang/modules/scala-java8-compat_2.13/0.9.0/scala-java8-compat_2.13-0.9.0.jar","/home/jbergqvist/.m2/repository/com/typesafe/akka/akka-protobuf-v3_2.13/2.6.10/akka-protobuf-v3_2.13-2.6.10.jar","/home/jbergqvist/.m2/repository/org/reactivestreams/reactive-streams/1.0.3/reactive-streams-1.0.3.jar","/home/jbergqvist/.m2/repository/com/typesafe/ssl-config-core_2.13/0.4.2/ssl-config-core_2.13-0.4.2.jar","/home/jbergqvist/.m2/repository/org/scala-lang/modules/scala-parser-combinators_2.13/1.1.2/scala-parser-combinators_2.13-1.1.2.jar","/home/jbergqvist/.m2/repository/org/junit/jupiter/junit-jupiter-engine/5.13.4/junit-jupiter-engine-5.13.4.jar","/home/jbergqvist/.m2/repository/org/junit/platform/junit-platform-engine/1.13.4/junit-platform-engine-1.13.4.jar","/home/jbergqvist/.m2/repository/org/opentest4j/opentest4j/1.3.0/opentest4j-1.3.0.jar","/home/jbergqvist/.m2/repository/org/junit/platform/junit-platform-commons/1.13.4/junit-platform-commons-1.13.4.jar","/home/jbergqvist/.m2/repository/org/junit/jupiter/junit-jupiter-api/5.13.4/junit-jupiter-api-5.13.4.jar","/home/jbergqvist/.m2/repository/org/apiguardian/apiguardian-api/1.1.2/apiguardian-api-1.1.2.jar","/home/jbergqvist/.m2/repository/org/mockito/mockito-core/5.20.0/mockito-core-5.20.0.jar","/home/jbergqvist/.m2/repository/net/bytebuddy/byte-buddy/1.17.7/byte-buddy-1.17.7.jar","/home/jbergqvist/.m2/repository/net/bytebuddy/byte-buddy-agent/1.17.7/byte-buddy-agent-1.17.7.jar","/home/jbergqvist/.m2/repository/org/objenesis/objenesis/3.3/objenesis-3.3.jar","/home/jbergqvist/.m2/repository/org/mockito/mockito-junit-jupiter/5.20.0/mockito-junit-jupiter-5.20.0.jar","/home/jbergqvist/.m2/repository/com/fasterxml/jackson/core/jackson-databind/2.11.0/jackson-databind-2.11.0.jar","/home/jbergqvist/.m2/repository/com/fasterxml/jackson/core/jackson-annotations/2.11.0/jackson-annotations-2.11.0.jar","/home/jbergqvist/.m2/repository/com/fasterxml/jackson/core/jackson-core/2.11.0/jackson-core-2.11.0.jar","/home/jbergqvist/.m2/repository/org/slf4j/slf4j-api/1.7.25/slf4j-api-1.7.25.jar","/home/jbergqvist/.m2/repository/com/diffblue/cover/cover-annotations/1.8.0/cover-annotations-1.8.0.jar"],"complianceLevel":"11","productionSources":["/home/jbergqvist/diffblue/Palisade-common/src/main/java"],"testSources":["/home/jbergqvist/diffblue/Palisade-common/src/test/java"],"productionClasses":"/home/jbergqvist/diffblue/Palisade-common/target/classes","testClasses":"/home/jbergqvist/diffblue/Palisade-common/target/test-classes","sourceToBuildPathMap":null,"testSourceToBuildPathMap":null,"buildDirectory":"/home/jbergqvist/diffblue/Palisade-common/target","plugins":[{"__type":"DefaultPlugin","groupId":"org.apache.maven.plugins","artefactId":"maven-compiler-plugin","version":"3.8.0","pluginClassName":null},{"__type":"DefaultPlugin","groupId":"org.apache.maven.plugins","artefactId":"maven-javadoc-plugin","version":"3.1.0","pluginClassName":null},{"__type":"DefaultPlugin","groupId":"org.apache.maven.plugins","artefactId":"maven-dependency-plugin","version":"3.1.2","pluginClassName":null},{"__type":"DefaultPlugin","groupId":"org.codehaus.mojo","artefactId":"flatten-maven-plugin","version":"1.1.0","pluginClassName":null},{"__type":"DefaultPlugin","groupId":"org.codehaus.mojo","artefactId":"license-maven-plugin","version":"2.0.0","pluginClassName":null},{"__type":"DefaultPlugin","groupId":"org.jacoco","artefactId":"jacoco-maven-plugin","version":"0.8.5","pluginClassName":null},{"__type":"DefaultPlugin","groupId":"org.apache.maven.plugins","artefactId":"maven-checkstyle-plugin","version":"3.1.0","pluginClassName":null},{"__type":"DefaultPlugin","groupId":"org.apache.maven.plugins","artefactId":"maven-clean-plugin","version":"3.2.0","pluginClassName":null},{"__type":"DefaultPlugin","groupId":"org.apache.maven.plugins","artefactId":"maven-resources-plugin","version":"3.3.1","pluginClassName":null},{"__type":"DefaultPlugin","groupId":"org.apache.maven.plugins","artefactId":"maven-jar-plugin","version":"3.4.1","pluginClassName":null},{"__type":"DefaultPlugin","groupId":"org.apache.maven.plugins","artefactId":"maven-surefire-plugin","version":"3.2.5","pluginClassName":null},{"__type":"DefaultPlugin","groupId":"org.apache.maven.plugins","artefactId":"maven-install-plugin","version":"3.1.2","pluginClassName":null},{"__type":"DefaultPlugin","groupId":"org.apache.maven.plugins","artefactId":"maven-deploy-plugin","version":"3.1.2","pluginClassName":null},{"__type":"DefaultPlugin","groupId":"org.apache.maven.plugins","artefactId":"maven-site-plugin","version":"3.12.1","pluginClassName":null}],"version":"3.9.12","encoding":"UTF-8","name":"maven","subModules":[],"simpleModuleName":null,"parentModuleName":null,"location":"/home/jbergqvist/diffblue/Palisade-common","fullModuleName":"uk.gov.gchq.palisade:common"}}
12:50:35.771 [INFO]   [Checking]    out: [INFO] ------------------------------------------------------------------------
12:50:35.771 [INFO]   [Checking]    out: [INFO] BUILD SUCCESS
12:50:35.771 [INFO]   [Checking]    out: [INFO] ------------------------------------------------------------------------
12:50:35.771 [INFO]   [Checking]    out: [INFO] Total time:  5.626 s
12:50:35.771 [INFO]   [Checking]    out: [INFO] Finished at: 2026-01-12T12:50:35Z
12:50:35.771 [INFO]   [Checking]    out: [INFO] ------------------------------------------------------------------------
12:50:35.772 [INFO]   [Checking]    deserializing line [DIFFBLUE]{"__type":"com.diffblue.cover.buildsystem.model.ProjectInfoMessage","projectName":"uk.gov.gchq.palisade:common","productionSources":["/home/jbergqvist/diffblue/Palisade-common/src/main/java","/home/jbergqvist/diffblue/Palisade-common/target/generated-sources/annotations"],"testSources":["/home/jbergqvist/diffblue/Palisade-common/src/test/java","/home/jbergqvist/diffblue/Palisade-common/target/generated-test-sources/test-annotations"],"location":"/home/jbergqvist/diffblue/Palisade-common"}
12:50:35.801 [INFO]   [Checking]    maven:err process not stopped, joining thread
12:50:35.801 [INFO]   [Checking]    maven:out process not stopped, joining thread
12:50:35.910 [INFO]   [Checking]    Using default build rules as no custom rules found in any of [/home/jbergqvist/diffblue/Palisade-common]
12:50:35.911 [INFO]   [Checking]    Attempting to invoke mvnw in working directory: /home/jbergqvist/diffblue/Palisade-common
12:50:35.911 [INFO]   [Checking]    Attempting to invoke /home/jbergqvist/.sdkman/candidates/maven/current/bin/mvn in working directory: /home/jbergqvist/diffblue/Palisade-common
12:50:35.911 [INFO]   [Checking]    Started "/home/jbergqvist/.sdkman/candidates/maven/current/bin/mvn -Dmaven.ext.class.path=/opt/cover/cover-buildsystem-maven-spy-jar-with-dependencies.jar -Dcom.diffblue.cover.skipTests=true -DskipTestOptimizer --batch-mode --projects=uk.gov.gchq.palisade:common --global-settings=/home/jbergqvist/.sdkman/candidates/maven/current/conf/settings.xml -Dcheckstyle.skip=true org.jacoco:jacoco-maven-plugin:0.8.5:prepare-agent -Djacoco.skip=false test -DfailIfNoTests=false -Dsurefire.failIfNoSpecifiedTests=false -Dmaven.test.failure.ignore=True -Dtest=!*DiffblueTest,**/DiffblueDummy* org.jacoco:jacoco-maven-plugin:0.8.5:report -Djacoco.skip=false"
12:50:36.679 [INFO]   [Checking]    out: [INFO] Scanning for projects...
12:50:36.794 [INFO]   [Checking]    out: [INFO] 
12:50:36.794 [INFO]   [Checking]    out: [INFO] --------------------< uk.gov.gchq.palisade:common >---------------------
12:50:36.794 [INFO]   [Checking]    out: [INFO] Building GCHQ Palisade Common Library 0.5.2-SNAPSHOT
12:50:36.794 [INFO]   [Checking]    out: [INFO]   from pom.xml
12:50:36.794 [INFO]   [Checking]    out: [INFO] --------------------------------[ jar ]---------------------------------
12:50:37.047 [INFO]   [Checking]    deserializing line [DIFFBLUE]{"__type":"com.diffblue.cover.buildsystem.model.DefaultEventMessage","project":"uk.gov.gchq.palisade:common","goal":"prepare-agent","cause":null,"state":"STARTED"}
12:50:37.048 [INFO]   [Checking]    out: [INFO] 
12:50:37.048 [INFO]   [Checking]    out: [INFO] --- jacoco:0.8.5:prepare-agent (default-cli) @ common ---
12:50:37.303 [INFO]   [Checking]    out: [INFO] argLine set to -javaagent:/home/jbergqvist/.m2/repository/org/jacoco/org.jacoco.agent/0.8.5/org.jacoco.agent-0.8.5-runtime.jar=destfile=/home/jbergqvist/diffblue/Palisade-common/target/jacoco.exec,append=true
12:50:37.304 [INFO]   [Checking]    deserializing line [DIFFBLUE]{"__type":"com.diffblue.cover.buildsystem.model.DefaultEventMessage","project":"uk.gov.gchq.palisade:common","goal":"prepare-agent","cause":null,"state":"SUCCESS"}
12:50:37.306 [INFO]   [Checking]    deserializing line [DIFFBLUE]{"__type":"com.diffblue.cover.buildsystem.model.DefaultEventMessage","project":"uk.gov.gchq.palisade:common","goal":"prepare-agent","cause":null,"state":"STARTED"}
12:50:37.307 [INFO]   [Checking]    out: [INFO] 
12:50:37.307 [INFO]   [Checking]    out: [INFO] --- jacoco:0.8.5:prepare-agent (agent) @ common ---
12:50:37.307 [INFO]   [Checking]    out: [INFO] argLine set to -javaagent:/home/jbergqvist/.m2/repository/org/jacoco/org.jacoco.agent/0.8.5/org.jacoco.agent-0.8.5-runtime.jar=destfile=/home/jbergqvist/diffblue/Palisade-common/target/jacoco.exec,append=true
12:50:37.308 [INFO]   [Checking]    deserializing line [DIFFBLUE]{"__type":"com.diffblue.cover.buildsystem.model.DefaultEventMessage","project":"uk.gov.gchq.palisade:common","goal":"prepare-agent","cause":null,"state":"SUCCESS"}
12:50:37.310 [INFO]   [Checking]    deserializing line [DIFFBLUE]{"__type":"com.diffblue.cover.buildsystem.model.DefaultEventMessage","project":"uk.gov.gchq.palisade:common","goal":"resources","cause":null,"state":"STARTED"}
12:50:37.311 [INFO]   [Checking]    out: [INFO] 
12:50:37.311 [INFO]   [Checking]    out: [INFO] --- resources:3.3.1:resources (default-resources) @ common ---
12:50:37.358 [INFO]   [Checking]    out: [INFO] Copying 1 resource from src/main/resources to target/classes
12:50:37.362 [INFO]   [Checking]    deserializing line [DIFFBLUE]{"__type":"com.diffblue.cover.buildsystem.model.DefaultEventMessage","project":"uk.gov.gchq.palisade:common","goal":"resources","cause":null,"state":"SUCCESS"}
12:50:37.363 [INFO]   [Checking]    deserializing line [DIFFBLUE]{"__type":"com.diffblue.cover.buildsystem.model.DefaultEventMessage","project":"uk.gov.gchq.palisade:common","goal":"flatten","cause":null,"state":"STARTED"}
12:50:37.364 [INFO]   [Checking]    out: [INFO] 
12:50:37.364 [INFO]   [Checking]    out: [INFO] --- flatten:1.1.0:flatten (flatten) @ common ---
12:50:37.463 [INFO]   [Checking]    out: [INFO] Generating flattened POM of project uk.gov.gchq.palisade:common:jar:0.5.2-SNAPSHOT...
12:50:37.513 [INFO]   [Checking]    deserializing line [DIFFBLUE]{"__type":"com.diffblue.cover.buildsystem.model.DefaultEventMessage","project":"uk.gov.gchq.palisade:common","goal":"flatten","cause":null,"state":"SUCCESS"}
12:50:37.515 [INFO]   [Checking]    deserializing line [DIFFBLUE]{"__type":"com.diffblue.cover.buildsystem.model.DefaultEventMessage","project":"uk.gov.gchq.palisade:common","goal":"compile","cause":null,"state":"STARTED"}
12:50:37.516 [INFO]   [Checking]    out: [INFO] 
12:50:37.516 [INFO]   [Checking]    out: [INFO] --- compiler:3.8.0:compile (default-compile) @ common ---
12:50:37.661 [INFO]   [Checking]    out: [INFO] Changes detected - recompiling the module!
12:50:37.664 [INFO]   [Checking]    out: [INFO] Compiling 23 source files to /home/jbergqvist/diffblue/Palisade-common/target/classes
12:50:38.348 [INFO]   [Checking]    deserializing line [DIFFBLUE]{"__type":"com.diffblue.cover.buildsystem.model.DefaultEventMessage","project":"uk.gov.gchq.palisade:common","goal":"compile","cause":null,"state":"SUCCESS"}
12:50:38.350 [INFO]   [Checking]    deserializing line [DIFFBLUE]{"__type":"com.diffblue.cover.buildsystem.model.DefaultEventMessage","project":"uk.gov.gchq.palisade:common","goal":"javadoc-no-fork","cause":null,"state":"STARTED"}
12:50:38.351 [INFO]   [Checking]    out: [INFO] 
12:50:38.351 [INFO]   [Checking]    out: [INFO] --- javadoc:3.1.0:javadoc-no-fork (javadoc-compile) @ common ---
12:50:39.972 [INFO]   [Checking]    deserializing line [DIFFBLUE]{"__type":"com.diffblue.cover.buildsystem.model.DefaultEventMessage","project":"uk.gov.gchq.palisade:common","goal":"javadoc-no-fork","cause":null,"state":"SUCCESS"}
12:50:39.974 [INFO]   [Checking]    deserializing line [DIFFBLUE]{"__type":"com.diffblue.cover.buildsystem.model.DefaultEventMessage","project":"uk.gov.gchq.palisade:common","goal":"aggregate-no-fork","cause":null,"state":"STARTED"}
12:50:39.975 [INFO]   [Checking]    out: [INFO] 
12:50:39.975 [INFO]   [Checking]    out: [INFO] --- javadoc:3.1.0:aggregate-no-fork (javadoc-compile) @ common ---
12:50:41.380 [INFO]   [Checking]    deserializing line [DIFFBLUE]{"__type":"com.diffblue.cover.buildsystem.model.DefaultEventMessage","project":"uk.gov.gchq.palisade:common","goal":"aggregate-no-fork","cause":null,"state":"SUCCESS"}
12:50:41.382 [INFO]   [Checking]    deserializing line [DIFFBLUE]{"__type":"com.diffblue.cover.buildsystem.model.DefaultEventMessage","project":"uk.gov.gchq.palisade:common","goal":"testResources","cause":null,"state":"STARTED"}
12:50:41.383 [INFO]   [Checking]    out: [INFO] 
12:50:41.384 [INFO]   [Checking]    out: [INFO] --- resources:3.3.1:testResources (default-testResources) @ common ---
12:50:41.384 [INFO]   [Checking]    out: [INFO] skip non existing resourceDirectory /home/jbergqvist/diffblue/Palisade-common/src/test/resources
12:50:41.386 [INFO]   [Checking]    deserializing line [DIFFBLUE]{"__type":"com.diffblue.cover.buildsystem.model.DefaultEventMessage","project":"uk.gov.gchq.palisade:common","goal":"testResources","cause":null,"state":"SUCCESS"}
12:50:41.387 [INFO]   [Checking]    deserializing line [DIFFBLUE]{"__type":"com.diffblue.cover.buildsystem.model.DefaultEventMessage","project":"uk.gov.gchq.palisade:common","goal":"testCompile","cause":null,"state":"STARTED"}
12:50:41.389 [INFO]   [Checking]    out: [INFO] 
12:50:41.389 [INFO]   [Checking]    out: [INFO] --- compiler:3.8.0:testCompile (default-testCompile) @ common ---
12:50:41.392 [INFO]   [Checking]    out: [INFO] Changes detected - recompiling the module!
12:50:41.393 [INFO]   [Checking]    out: [INFO] Compiling 2 source files to /home/jbergqvist/diffblue/Palisade-common/target/test-classes
12:50:41.462 [INFO]   [Checking]    deserializing line [DIFFBLUE]{"__type":"com.diffblue.cover.buildsystem.model.DefaultEventMessage","project":"uk.gov.gchq.palisade:common","goal":"testCompile","cause":null,"state":"SUCCESS"}
12:50:41.464 [INFO]   [Checking]    deserializing line [DIFFBLUE]{"__type":"com.diffblue.cover.buildsystem.model.DefaultEventMessage","project":"uk.gov.gchq.palisade:common","goal":"test","cause":null,"state":"STARTED"}
12:50:41.465 [INFO]   [Checking]    out: [INFO] 
12:50:41.465 [INFO]   [Checking]    out: [INFO] --- surefire:3.2.5:test (default-test) @ common ---
12:50:41.564 [INFO]   [Checking]    out: [INFO] Using auto detected provider org.apache.maven.surefire.junitplatform.JUnitPlatformProvider
12:50:41.590 [INFO]   [Checking]    out: [INFO] 
12:50:41.591 [INFO]   [Checking]    out: [INFO] -------------------------------------------------------
12:50:41.591 [INFO]   [Checking]    out: [INFO]  T E S T S
12:50:41.591 [INFO]   [Checking]    out: [INFO] -------------------------------------------------------
12:50:42.205 [INFO]   [Checking]    out: [INFO] Running DiffblueDummyCoverageJupiterTest
12:50:42.254 [INFO]   [Checking]    out: [INFO] Tests run: 1, Failures: 0, Errors: 0, Skipped: 0, Time elapsed: 0.040 s -- in DiffblueDummyCoverageJupiterTest
12:50:42.290 [INFO]   [Checking]    out: [INFO] 
12:50:42.290 [INFO]   [Checking]    out: [INFO] Results:
12:50:42.290 [INFO]   [Checking]    out: [INFO] 
12:50:42.290 [INFO]   [Checking]    out: [INFO] Tests run: 1, Failures: 0, Errors: 0, Skipped: 0
12:50:42.290 [INFO]   [Checking]    out: [INFO] 
12:50:42.293 [INFO]   [Checking]    deserializing line [DIFFBLUE]{"__type":"com.diffblue.cover.buildsystem.model.DefaultEventMessage","project":"uk.gov.gchq.palisade:common","goal":"test","cause":null,"state":"SUCCESS"}
12:50:42.294 [INFO]   [Checking]    deserializing line [DIFFBLUE]{"__type":"com.diffblue.cover.buildsystem.model.DefaultEventMessage","project":"uk.gov.gchq.palisade:common","goal":"report","cause":null,"state":"STARTED"}
12:50:42.295 [INFO]   [Checking]    out: [INFO] 
12:50:42.295 [INFO]   [Checking]    out: [INFO] --- jacoco:0.8.5:report (default-cli) @ common ---
12:50:42.332 [INFO]   [Checking]    out: [INFO] Loading execution data file /home/jbergqvist/diffblue/Palisade-common/target/jacoco.exec
12:50:42.390 [INFO]   [Checking]    out: [INFO] Analyzed bundle 'GCHQ Palisade Common Library' with 26 classes
12:50:42.438 [INFO]   [Checking]    deserializing line [DIFFBLUE]{"__type":"com.diffblue.cover.buildsystem.model.DefaultEventMessage","project":"uk.gov.gchq.palisade:common","goal":"report","cause":null,"state":"SUCCESS"}
12:50:42.459 [INFO]   [Checking]    deserializing line [DIFFBLUE]{"__type":"com.diffblue.cover.buildsystem.model.DefaultProjectModuleMessage","project":{"__type":"DefaultProjectModule","junitReport":["/home/jbergqvist/diffblue/Palisade-common/target/surefire-reports"],"jacocoReport":["/home/jbergqvist/diffblue/Palisade-common/target/site/jacoco/jacoco.xml"],"jacocoDestFile":["${sonar.jacoco.reportPath}","/home/jbergqvist/diffblue/Palisade-common/target/jacoco.exec"],"jacocoFormats":["xml"],"jacocoSkipped":false,"classpath":["/home/jbergqvist/diffblue/Palisade-common/target/classes","/home/jbergqvist/.m2/repository/com/typesafe/akka/akka-stream_2.13/2.6.10/akka-stream_2.13-2.6.10.jar","/home/jbergqvist/.m2/repository/org/scala-lang/scala-library/2.13.3/scala-library-2.13.3.jar","/home/jbergqvist/.m2/repository/com/typesafe/akka/akka-actor_2.13/2.6.10/akka-actor_2.13-2.6.10.jar","/home/jbergqvist/.m2/repository/com/typesafe/config/1.4.0/config-1.4.0.jar","/home/jbergqvist/.m2/repository/org/scala-lang/modules/scala-java8-compat_2.13/0.9.0/scala-java8-compat_2.13-0.9.0.jar","/home/jbergqvist/.m2/repository/com/typesafe/akka/akka-protobuf-v3_2.13/2.6.10/akka-protobuf-v3_2.13-2.6.10.jar","/home/jbergqvist/.m2/repository/org/reactivestreams/reactive-streams/1.0.3/reactive-streams-1.0.3.jar","/home/jbergqvist/.m2/repository/com/typesafe/ssl-config-core_2.13/0.4.2/ssl-config-core_2.13-0.4.2.jar","/home/jbergqvist/.m2/repository/org/scala-lang/modules/scala-parser-combinators_2.13/1.1.2/scala-parser-combinators_2.13-1.1.2.jar","/home/jbergqvist/.m2/repository/org/junit/jupiter/junit-jupiter-engine/5.13.4/junit-jupiter-engine-5.13.4.jar","/home/jbergqvist/.m2/repository/org/junit/platform/junit-platform-engine/1.13.4/junit-platform-engine-1.13.4.jar","/home/jbergqvist/.m2/repository/org/opentest4j/opentest4j/1.3.0/opentest4j-1.3.0.jar","/home/jbergqvist/.m2/repository/org/junit/platform/junit-platform-commons/1.13.4/junit-platform-commons-1.13.4.jar","/home/jbergqvist/.m2/repository/org/junit/jupiter/junit-jupiter-api/5.13.4/junit-jupiter-api-5.13.4.jar","/home/jbergqvist/.m2/repository/org/apiguardian/apiguardian-api/1.1.2/apiguardian-api-1.1.2.jar","/home/jbergqvist/.m2/repository/org/mockito/mockito-core/5.20.0/mockito-core-5.20.0.jar","/home/jbergqvist/.m2/repository/net/bytebuddy/byte-buddy/1.17.7/byte-buddy-1.17.7.jar","/home/jbergqvist/.m2/repository/net/bytebuddy/byte-buddy-agent/1.17.7/byte-buddy-agent-1.17.7.jar","/home/jbergqvist/.m2/repository/org/objenesis/objenesis/3.3/objenesis-3.3.jar","/home/jbergqvist/.m2/repository/org/mockito/mockito-junit-jupiter/5.20.0/mockito-junit-jupiter-5.20.0.jar","/home/jbergqvist/.m2/repository/com/fasterxml/jackson/core/jackson-databind/2.11.0/jackson-databind-2.11.0.jar","/home/jbergqvist/.m2/repository/com/fasterxml/jackson/core/jackson-annotations/2.11.0/jackson-annotations-2.11.0.jar","/home/jbergqvist/.m2/repository/com/fasterxml/jackson/core/jackson-core/2.11.0/jackson-core-2.11.0.jar","/home/jbergqvist/.m2/repository/org/slf4j/slf4j-api/1.7.25/slf4j-api-1.7.25.jar","/home/jbergqvist/.m2/repository/com/diffblue/cover/cover-annotations/1.8.0/cover-annotations-1.8.0.jar"],"complianceLevel":"11","productionSources":["/home/jbergqvist/diffblue/Palisade-common/src/main/java"],"testSources":["/home/jbergqvist/diffblue/Palisade-common/src/test/java"],"productionClasses":"/home/jbergqvist/diffblue/Palisade-common/target/classes","testClasses":"/home/jbergqvist/diffblue/Palisade-common/target/test-classes","sourceToBuildPathMap":null,"testSourceToBuildPathMap":null,"buildDirectory":"/home/jbergqvist/diffblue/Palisade-common/target","plugins":[{"__type":"DefaultPlugin","groupId":"org.apache.maven.plugins","artefactId":"maven-compiler-plugin","version":"3.8.0","pluginClassName":null},{"__type":"DefaultPlugin","groupId":"org.apache.maven.plugins","artefactId":"maven-javadoc-plugin","version":"3.1.0","pluginClassName":null},{"__type":"DefaultPlugin","groupId":"org.apache.maven.plugins","artefactId":"maven-dependency-plugin","version":"3.1.2","pluginClassName":null},{"__type":"DefaultPlugin","groupId":"org.codehaus.mojo","artefactId":"flatten-maven-plugin","version":"1.1.0","pluginClassName":null},{"__type":"DefaultPlugin","groupId":"org.codehaus.mojo","artefactId":"license-maven-plugin","version":"2.0.0","pluginClassName":null},{"__type":"DefaultPlugin","groupId":"org.jacoco","artefactId":"jacoco-maven-plugin","version":"0.8.5","pluginClassName":null},{"__type":"DefaultPlugin","groupId":"org.apache.maven.plugins","artefactId":"maven-checkstyle-plugin","version":"3.1.0","pluginClassName":null},{"__type":"DefaultPlugin","groupId":"org.apache.maven.plugins","artefactId":"maven-clean-plugin","version":"3.2.0","pluginClassName":null},{"__type":"DefaultPlugin","groupId":"org.apache.maven.plugins","artefactId":"maven-resources-plugin","version":"3.3.1","pluginClassName":null},{"__type":"DefaultPlugin","groupId":"org.apache.maven.plugins","artefactId":"maven-jar-plugin","version":"3.4.1","pluginClassName":null},{"__type":"DefaultPlugin","groupId":"org.apache.maven.plugins","artefactId":"maven-surefire-plugin","version":"3.2.5","pluginClassName":null},{"__type":"DefaultPlugin","groupId":"org.apache.maven.plugins","artefactId":"maven-install-plugin","version":"3.1.2","pluginClassName":null},{"__type":"DefaultPlugin","groupId":"org.apache.maven.plugins","artefactId":"maven-deploy-plugin","version":"3.1.2","pluginClassName":null},{"__type":"DefaultPlugin","groupId":"org.apache.maven.plugins","artefactId":"maven-site-plugin","version":"3.12.1","pluginClassName":null}],"version":"3.9.12","encoding":"UTF-8","name":"maven","subModules":[],"simpleModuleName":null,"parentModuleName":null,"location":"/home/jbergqvist/diffblue/Palisade-common","fullModuleName":"uk.gov.gchq.palisade:common"}}
12:50:42.463 [INFO]   [Checking]    out: [INFO] ------------------------------------------------------------------------
12:50:42.463 [INFO]   [Checking]    out: [INFO] BUILD SUCCESS
12:50:42.463 [INFO]   [Checking]    out: [INFO] ------------------------------------------------------------------------
12:50:42.463 [INFO]   [Checking]    out: [INFO] Total time:  5.796 s
12:50:42.463 [INFO]   [Checking]    out: [INFO] Finished at: 2026-01-12T12:50:42Z
12:50:42.463 [INFO]   [Checking]    out: [INFO] ------------------------------------------------------------------------
12:50:42.463 [INFO]   [Checking]    deserializing line [DIFFBLUE]{"__type":"com.diffblue.cover.buildsystem.model.ProjectInfoMessage","projectName":"uk.gov.gchq.palisade:common","productionSources":["/home/jbergqvist/diffblue/Palisade-common/src/main/java","/home/jbergqvist/diffblue/Palisade-common/target/generated-sources/annotations"],"testSources":["/home/jbergqvist/diffblue/Palisade-common/src/test/java","/home/jbergqvist/diffblue/Palisade-common/target/generated-test-sources/test-annotations"],"location":"/home/jbergqvist/diffblue/Palisade-common"}
12:50:42.496 [INFO]   [Checking]    maven:err process not stopped, joining thread
12:50:42.497 [INFO]   [Checking]    maven:out process not stopped, joining thread
12:50:42.557 [INFO]   [Checking]    Detected Cover Annotations version 1.8.0
12:50:42.638 [INFO]   [Checking]    Selected Java language compliance level: 11
12:50:42.639 [INFO]   [Checking]    Selected test validation: enabled
12:50:43.012 [INFO]   [Checking]    Prefixes for filtering classes/methods:
12:50:43.018 [INFO]   [Checking]    - uk.gov.gchq.palisade
12:50:43.019 [INFO]   [Checking]    - uk.gov.gchq.palisade.data.serialise
12:50:43.020 [INFO]   [Checking]    - uk.gov.gchq.palisade.resource
12:50:43.021 [INFO]   [Checking]    - uk.gov.gchq.palisade.resource.impl
12:50:43.022 [INFO]   [Checking]    - uk.gov.gchq.palisade.rule
12:50:43.023 [INFO]   [Checking]    - uk.gov.gchq.palisade.user
12:50:43.024 [INFO]   [Checking]    - uk.gov.gchq.palisade.util
12:50:43.025 [INFO]   [Checking]    Gathering methods to test...
12:50:43.760 [INFO]   [Reporting]   
12:50:43.760 [INFO]   [Reporting]   Environment summary for module: uk.gov.gchq.palisade:common
12:50:43.760 [INFO]   [Reporting]   -----------------------------------------------------------
12:50:43.761 [INFO]   [Reporting]   Java version                   11.0.29                       SUCCESS        
12:50:43.761 [INFO]   [Reporting]   Build system                   Maven                         SUCCESS        
12:50:43.761 [INFO]   [Reporting]   Mocking Framework              Mockito Core 5.20.0           SUCCESS        
12:50:43.761 [INFO]   [Reporting]   Surefire version               3.2.5                         SUCCESS        
12:50:43.761 [INFO]   [Reporting]   Testing framework              JUnit Jupiter                 SUCCESS        
12:50:43.761 [INFO]   [Reporting]   Mockito JUnit Jupiter version  5.20.0                        SUCCESS        
12:50:43.761 [INFO]   [Reporting]   JavaEE version                 Skipped                       -----          
12:50:43.761 [INFO]   [Reporting]   OSGi Annotations               Not Detected                  -----          
12:50:43.761 [INFO]   [Reporting]   Javax WS RS API                Not Detected                  -----          
12:50:43.761 [INFO]   [Reporting]   Jakarta RESTful WS API         Not Detected                  -----          
12:50:43.761 [INFO]   [Reporting]   Jersey Server                  Not Detected                  -----          
12:50:43.761 [INFO]   [Reporting]   Jersey Test Framework          Not Detected                  -----          
12:50:43.761 [INFO]   [Reporting]   Jersey Test Provider InMemory  Not Detected                  -----          
12:50:43.761 [INFO]   [Reporting]   Guice Framework                Not Detected                  -----          
12:50:43.761 [INFO]   [Reporting]   JaCoCo plugin version          0.8.5                         SUCCESS        
12:50:43.761 [INFO]   [Reporting]   Launcher                       JUnit Jupiter                 SUCCESS        
12:50:43.761 [INFO]   [Reporting]   Quarkus                        Not Detected                  -----          
12:50:43.761 [INFO]   [Reporting]   Test validation                Enabled                       SUCCESS        
12:50:43.761 [INFO]   [Reporting]   Hamcrest                       Not Detected                  -----          
12:50:43.761 [INFO]   [Reporting]   Spring Core                    Not Detected                  -----          
12:50:43.761 [INFO]   [Reporting]   Spring Boot                    Skipped                       -----          
12:50:43.761 [INFO]   [Reporting]   Spring Boot Starter Webflux    Skipped                       -----          
12:50:43.761 [INFO]   [Reporting]   Spring Boot Test Autoconfigure Skipped                       -----          
12:50:43.761 [INFO]   [Reporting]   Spring Boot Test               Skipped                       -----          
12:50:43.761 [INFO]   [Reporting]   Spring Web                     Skipped                       -----          
12:50:43.761 [INFO]   [Reporting]   Spring Security Web            Skipped                       -----          
12:50:43.761 [INFO]   [Reporting]   Spring Test                    Skipped                       -----          
12:50:43.761 [INFO]   [Reporting]   
12:50:43.761 [INFO]   [Reporting]   Environment check status: SUCCESS
12:50:43.894 [INFO]   [Creating]    Found 129 callable methods in 25 classes
12:50:43.896 [INFO]   [Creating]    
12:50:43.896 [INFO]   [Creating]    Creating tests:
12:50:43.896 [INFO]   [Creating]    ---------------
12:50:43.900 [INFO]   [Creating]    
================================================================================
= Starting analysis for class 'uk.gov.gchq.palisade.Context'
================================================================================
12:50:43.901 [INFO]   [Creating]    Filtering out non-testable methods...
12:50:44.399 [INFO]   [Creating]          [1/129] uk.gov.gchq.palisade.Context.contents
12:50:44.399 [INFO]   [Creating]          [1/129]   T024: Generated method
12:50:44.399 [INFO]   [Creating]          [1/129]     Indicates that the method is generated by some framework or tool and should not
12:50:44.399 [INFO]   [Creating]          [1/129]     be tested explicitly. The expectation is that the generator itself should be
12:50:44.399 [INFO]   [Creating]          [1/129]     tested and not each piece of code it produces.
12:50:44.399 [INFO]   [Creating]          [1/129]     Currently, this includes methods identified generated by Lombok, Protobuf,
12:50:44.399 [INFO]   [Creating]          [1/129]     Grpc, Hibernate, or annotated with a custom '@Generated' annotation
12:50:44.399 [INFO]   [Creating]          [1/129]     (as long as the custom annotation has 'RUNTIME' or 'CLASS' retention).
12:50:44.399 [INFO]   [Creating]          [1/129]     Diffblue Cover considers these methods as not directly callable.
12:50:44.405 [INFO]   [Creating]          [2/129] uk.gov.gchq.palisade.Context.equals
12:50:44.405 [INFO]   [Creating]          [2/129]   T024: Generated method
12:50:44.405 [INFO]   [Creating]          [2/129]     Indicates that the method is generated by some framework or tool and should not
12:50:44.405 [INFO]   [Creating]          [2/129]     be tested explicitly. The expectation is that the generator itself should be
12:50:44.405 [INFO]   [Creating]          [2/129]     tested and not each piece of code it produces.
12:50:44.405 [INFO]   [Creating]          [2/129]     Currently, this includes methods identified generated by Lombok, Protobuf,
12:50:44.405 [INFO]   [Creating]          [2/129]     Grpc, Hibernate, or annotated with a custom '@Generated' annotation
12:50:44.405 [INFO]   [Creating]          [2/129]     (as long as the custom annotation has 'RUNTIME' or 'CLASS' retention).
12:50:44.405 [INFO]   [Creating]          [2/129]     Diffblue Cover considers these methods as not directly callable.
12:50:44.412 [INFO]   [Creating]          [3/129] uk.gov.gchq.palisade.Context.get
12:50:44.412 [INFO]   [Creating]          [3/129]   T024: Generated method
12:50:44.412 [INFO]   [Creating]          [3/129]     Indicates that the method is generated by some framework or tool and should not
12:50:44.412 [INFO]   [Creating]          [3/129]     be tested explicitly. The expectation is that the generator itself should be
12:50:44.412 [INFO]   [Creating]          [3/129]     tested and not each piece of code it produces.
12:50:44.412 [INFO]   [Creating]          [3/129]     Currently, this includes methods identified generated by Lombok, Protobuf,
12:50:44.412 [INFO]   [Creating]          [3/129]     Grpc, Hibernate, or annotated with a custom '@Generated' annotation
12:50:44.412 [INFO]   [Creating]          [3/129]     (as long as the custom annotation has 'RUNTIME' or 'CLASS' retention).
12:50:44.412 [INFO]   [Creating]          [3/129]     Diffblue Cover considers these methods as not directly callable.
12:50:44.417 [INFO]   [Creating]          [4/129] uk.gov.gchq.palisade.Context.getContents
12:50:44.417 [INFO]   [Creating]          [4/129]   T024: Generated method
12:50:44.417 [INFO]   [Creating]          [4/129]     Indicates that the method is generated by some framework or tool and should not
12:50:44.417 [INFO]   [Creating]          [4/129]     be tested explicitly. The expectation is that the generator itself should be
12:50:44.417 [INFO]   [Creating]          [4/129]     tested and not each piece of code it produces.
12:50:44.417 [INFO]   [Creating]          [4/129]     Currently, this includes methods identified generated by Lombok, Protobuf,
12:50:44.417 [INFO]   [Creating]          [4/129]     Grpc, Hibernate, or annotated with a custom '@Generated' annotation
12:50:44.417 [INFO]   [Creating]          [4/129]     (as long as the custom annotation has 'RUNTIME' or 'CLASS' retention).
12:50:44.417 [INFO]   [Creating]          [4/129]     Diffblue Cover considers these methods as not directly callable.
12:50:44.425 [INFO]   [Creating]          [5/129] uk.gov.gchq.palisade.Context.getContentsCopy
12:50:44.425 [INFO]   [Creating]          [5/129]   T024: Generated method
12:50:44.425 [INFO]   [Creating]          [5/129]     Indicates that the method is generated by some framework or tool and should not
12:50:44.425 [INFO]   [Creating]          [5/129]     be tested explicitly. The expectation is that the generator itself should be
12:50:44.425 [INFO]   [Creating]          [5/129]     tested and not each piece of code it produces.
12:50:44.425 [INFO]   [Creating]          [5/129]     Currently, this includes methods identified generated by Lombok, Protobuf,
12:50:44.425 [INFO]   [Creating]          [5/129]     Grpc, Hibernate, or annotated with a custom '@Generated' annotation
12:50:44.425 [INFO]   [Creating]          [5/129]     (as long as the custom annotation has 'RUNTIME' or 'CLASS' retention).
12:50:44.425 [INFO]   [Creating]          [5/129]     Diffblue Cover considers these methods as not directly callable.
12:50:44.433 [INFO]   [Creating]          [6/129] uk.gov.gchq.palisade.Context.hashCode
12:50:44.433 [INFO]   [Creating]          [6/129]   T024: Generated method
12:50:44.433 [INFO]   [Creating]          [6/129]     Indicates that the method is generated by some framework or tool and should not
12:50:44.433 [INFO]   [Creating]          [6/129]     be tested explicitly. The expectation is that the generator itself should be
12:50:44.433 [INFO]   [Creating]          [6/129]     tested and not each piece of code it produces.
12:50:44.433 [INFO]   [Creating]          [6/129]     Currently, this includes methods identified generated by Lombok, Protobuf,
12:50:44.433 [INFO]   [Creating]          [6/129]     Grpc, Hibernate, or annotated with a custom '@Generated' annotation
12:50:44.433 [INFO]   [Creating]          [6/129]     (as long as the custom annotation has 'RUNTIME' or 'CLASS' retention).
12:50:44.433 [INFO]   [Creating]          [6/129]     Diffblue Cover considers these methods as not directly callable.
12:50:44.437 [INFO]   [Creating]          [7/129] uk.gov.gchq.palisade.Context.purpose
12:50:44.437 [INFO]   [Creating]          [7/129]   T024: Generated method
12:50:44.437 [INFO]   [Creating]          [7/129]     Indicates that the method is generated by some framework or tool and should not
12:50:44.437 [INFO]   [Creating]          [7/129]     be tested explicitly. The expectation is that the generator itself should be
12:50:44.438 [INFO]   [Creating]          [7/129]     tested and not each piece of code it produces.
12:50:44.438 [INFO]   [Creating]          [7/129]     Currently, this includes methods identified generated by Lombok, Protobuf,
12:50:44.438 [INFO]   [Creating]          [7/129]     Grpc, Hibernate, or annotated with a custom '@Generated' annotation
12:50:44.438 [INFO]   [Creating]          [7/129]     (as long as the custom annotation has 'RUNTIME' or 'CLASS' retention).
12:50:44.438 [INFO]   [Creating]          [7/129]     Diffblue Cover considers these methods as not directly callable.
12:50:44.444 [INFO]   [Creating]          [8/129] uk.gov.gchq.palisade.Context.put
12:50:44.444 [INFO]   [Creating]          [8/129]   T024: Generated method
12:50:44.444 [INFO]   [Creating]          [8/129]     Indicates that the method is generated by some framework or tool and should not
12:50:44.444 [INFO]   [Creating]          [8/129]     be tested explicitly. The expectation is that the generator itself should be
12:50:44.444 [INFO]   [Creating]          [8/129]     tested and not each piece of code it produces.
12:50:44.444 [INFO]   [Creating]          [8/129]     Currently, this includes methods identified generated by Lombok, Protobuf,
12:50:44.444 [INFO]   [Creating]          [8/129]     Grpc, Hibernate, or annotated with a custom '@Generated' annotation
12:50:44.444 [INFO]   [Creating]          [8/129]     (as long as the custom annotation has 'RUNTIME' or 'CLASS' retention).
12:50:44.444 [INFO]   [Creating]          [8/129]     Diffblue Cover considers these methods as not directly callable.
12:50:44.450 [INFO]   [Creating]          [9/129] uk.gov.gchq.palisade.Context.putIfAbsent
12:50:44.450 [INFO]   [Creating]          [9/129]   T024: Generated method
12:50:44.450 [INFO]   [Creating]          [9/129]     Indicates that the method is generated by some framework or tool and should not
12:50:44.450 [INFO]   [Creating]          [9/129]     be tested explicitly. The expectation is that the generator itself should be
12:50:44.450 [INFO]   [Creating]          [9/129]     tested and not each piece of code it produces.
12:50:44.450 [INFO]   [Creating]          [9/129]     Currently, this includes methods identified generated by Lombok, Protobuf,
12:50:44.450 [INFO]   [Creating]          [9/129]     Grpc, Hibernate, or annotated with a custom '@Generated' annotation
12:50:44.450 [INFO]   [Creating]          [9/129]     (as long as the custom annotation has 'RUNTIME' or 'CLASS' retention).
12:50:44.450 [INFO]   [Creating]          [9/129]     Diffblue Cover considers these methods as not directly callable.
12:50:44.455 [INFO]   [Creating]         [10/129] uk.gov.gchq.palisade.Context.setContents
12:50:44.455 [INFO]   [Creating]         [10/129]   T024: Generated method
12:50:44.455 [INFO]   [Creating]         [10/129]     Indicates that the method is generated by some framework or tool and should not
12:50:44.455 [INFO]   [Creating]         [10/129]     be tested explicitly. The expectation is that the generator itself should be
12:50:44.455 [INFO]   [Creating]         [10/129]     tested and not each piece of code it produces.
12:50:44.455 [INFO]   [Creating]         [10/129]     Currently, this includes methods identified generated by Lombok, Protobuf,
12:50:44.455 [INFO]   [Creating]         [10/129]     Grpc, Hibernate, or annotated with a custom '@Generated' annotation
12:50:44.455 [INFO]   [Creating]         [10/129]     (as long as the custom annotation has 'RUNTIME' or 'CLASS' retention).
12:50:44.455 [INFO]   [Creating]         [10/129]     Diffblue Cover considers these methods as not directly callable.
12:50:44.460 [INFO]   [Creating]         [11/129] uk.gov.gchq.palisade.Context.toString
12:50:44.460 [INFO]   [Creating]         [11/129]   T024: Generated method
12:50:44.460 [INFO]   [Creating]         [11/129]     Indicates that the method is generated by some framework or tool and should not
12:50:44.460 [INFO]   [Creating]         [11/129]     be tested explicitly. The expectation is that the generator itself should be
12:50:44.460 [INFO]   [Creating]         [11/129]     tested and not each piece of code it produces.
12:50:44.460 [INFO]   [Creating]         [11/129]     Currently, this includes methods identified generated by Lombok, Protobuf,
12:50:44.460 [INFO]   [Creating]         [11/129]     Grpc, Hibernate, or annotated with a custom '@Generated' annotation
12:50:44.460 [INFO]   [Creating]         [11/129]     (as long as the custom annotation has 'RUNTIME' or 'CLASS' retention).
12:50:44.460 [INFO]   [Creating]         [11/129]     Diffblue Cover considers these methods as not directly callable.
12:50:44.682 [INFO]   [Creating]    Filtering of methods complete. Creating analysis request
12:50:44.684 [INFO]   [Creating]    Attempting to get service client, retry 1.
12:50:44.689 [INFO]   [Creating]    Starting monitoring server.
12:50:44.853 [INFO]   [Creating]    Monitoring server listening on localhost/127.0.0.1:33141
12:50:44.903 [INFO]   [Creating]    Starting analyzer server process...
12:50:44.903 [INFO]   [Creating]    Server command-line: /home/jbergqvist/.sdkman/candidates/java/11.0.29-amzn/bin/java -XX:+IgnoreUnrecognizedVMOptions -Djdk.attach.allowAttachSelf=true -Djdk.jar.maxSignatureFileSize=100000000 -ea -javaagent:/opt/cover/launcher-shared-jar.jar -Dlogback.configurationFile=/tmp/diffblue/config/logback-remote-service.xml -Dcom.diffblue.springIsolationJar=/opt/cover/cover-isolation-layer.jar -Dcover.jar.path=/opt/cover/cover-service-analyzer.jar -Dcom.diffblue.assertionSuggestionJar=/opt/cover/cover-service-analyzer.jar -Dcover.main.class=com.diffblue.cover.service.analyzer.Main -jar /opt/cover/launcher-shared-jar.jar --service-lifespan 120 --monitoring-service-port 33141 --index-service-port 33141 --debug-log
12:50:44.904 [INFO]   [Creating]    Server started. Waiting up to 300 seconds for a connection to be established...
12:50:45.765 [INFO]   [Creating]    Starting new remote monitor client
12:50:46.462 [INFO]   [Creating]    Attempting to start remote server.
12:50:46.608 [INFO]   [Creating]    Server started, listening on localhost/127.0.0.1:43535
12:50:46.613 [INFO]   [Creating]    Expect analyzer service to be listening on port 43535.
12:50:47.371 [INFO]   [Creating]    Started analyzer service and client retrieved.
12:51:00.512 [INFO]   [Creating]         [12/129] uk.gov.gchq.palisade.Context.<init>
12:51:00.512 [INFO]   [Creating]         [12/129]   Tests created: 1
12:51:01.360 [INFO]   [Creating]         [13/129] uk.gov.gchq.palisade.Context.<init>
12:51:01.360 [INFO]   [Creating]         [13/129]   Tests created: 1
12:51:01.572 [INFO]   [Creating]         [14/129] uk.gov.gchq.palisade.Context.getPurpose
12:51:01.572 [INFO]   [Creating]         [14/129]   Tests created: 2
12:51:01.579 [INFO]   [Creating]     [1/25] uk.gov.gchq.palisade.Context
12:51:01.579 [INFO]   [Creating]     [1/25]   Tests created: 4
12:51:01.581 [INFO]   [Creating]    
================================================================================
= Starting analysis for class 'uk.gov.gchq.palisade.data.serialise.Serialiser'
================================================================================
12:51:01.581 [INFO]   [Creating]    Filtering out non-testable methods...
12:51:03.390 [INFO]   [Creating]         [15/129] uk.gov.gchq.palisade.data.serialise.Serialiser.deserialiseFlow
12:51:03.390 [INFO]   [Creating]         [15/129]   T009: No implementation for abstract class
12:51:03.390 [INFO]   [Creating]         [15/129]     The method is a non-abstract instance method in an abstract class or
12:51:03.390 [INFO]   [Creating]         [15/129]     a default method in an interface. Diffblue Cover would test such methods
12:51:03.390 [INFO]   [Creating]         [15/129]     by using an implementation of that abstract class or interface. However,
12:51:03.390 [INFO]   [Creating]         [15/129]     no such implementation has been found.
12:51:03.390 [INFO]   [Creating]         [15/129]     Please provide an implementation for the abstract class or interface.
12:51:03.390 [INFO]   [Creating]         [15/129]     See https://diff.blue/T009 to resolve this issue.
12:51:03.392 [INFO]   [Creating]         [16/129] uk.gov.gchq.palisade.data.serialise.Serialiser.serialiseFlow
12:51:03.392 [INFO]   [Creating]         [16/129]   T009: No implementation for abstract class
12:51:03.392 [INFO]   [Creating]         [16/129]     The method is a non-abstract instance method in an abstract class or
12:51:03.392 [INFO]   [Creating]         [16/129]     a default method in an interface. Diffblue Cover would test such methods
12:51:03.392 [INFO]   [Creating]         [16/129]     by using an implementation of that abstract class or interface. However,
12:51:03.392 [INFO]   [Creating]         [16/129]     no such implementation has been found.
12:51:03.392 [INFO]   [Creating]         [16/129]     Please provide an implementation for the abstract class or interface.
12:51:03.392 [INFO]   [Creating]         [16/129]     See https://diff.blue/T009 to resolve this issue.
12:51:03.394 [INFO]   [Creating]    Filtering of methods complete. Creating analysis request
12:51:03.394 [INFO]   [Creating]    Attempting to get service client, retry 1.
12:51:05.754 [INFO]   [Creating]         [17/129] uk.gov.gchq.palisade.data.serialise.Serialiser.create
12:51:05.754 [INFO]   [Creating]         [17/129]   Tests created: 1
12:51:05.936 [INFO]   [Creating]         [18/129] uk.gov.gchq.palisade.data.serialise.Serialiser.tryCreate
12:51:05.937 [INFO]   [Creating]         [18/129]   Tests created: 2
12:51:05.940 [INFO]   [Creating]     [2/25] uk.gov.gchq.palisade.data.serialise.Serialiser
12:51:05.940 [INFO]   [Creating]     [2/25]   Tests created: 3
12:51:05.942 [INFO]   [Creating]    
================================================================================
= Starting analysis for class 'uk.gov.gchq.palisade.resource.AbstractLeafResource'
================================================================================
12:51:05.942 [INFO]   [Creating]    Filtering out non-testable methods...
12:51:05.947 [INFO]   [Creating]         [19/129] uk.gov.gchq.palisade.resource.AbstractLeafResource.attribute
12:51:05.947 [INFO]   [Creating]         [19/129]   T024: Generated method
12:51:05.947 [INFO]   [Creating]         [19/129]     Indicates that the method is generated by some framework or tool and should not
12:51:05.947 [INFO]   [Creating]         [19/129]     be tested explicitly. The expectation is that the generator itself should be
12:51:05.947 [INFO]   [Creating]         [19/129]     tested and not each piece of code it produces.
12:51:05.947 [INFO]   [Creating]         [19/129]     Currently, this includes methods identified generated by Lombok, Protobuf,
12:51:05.947 [INFO]   [Creating]         [19/129]     Grpc, Hibernate, or annotated with a custom '@Generated' annotation
12:51:05.947 [INFO]   [Creating]         [19/129]     (as long as the custom annotation has 'RUNTIME' or 'CLASS' retention).
12:51:05.947 [INFO]   [Creating]         [19/129]     Diffblue Cover considers these methods as not directly callable.
12:51:05.951 [INFO]   [Creating]         [20/129] uk.gov.gchq.palisade.resource.AbstractLeafResource.attributes
12:51:05.951 [INFO]   [Creating]         [20/129]   T024: Generated method
12:51:05.951 [INFO]   [Creating]         [20/129]     Indicates that the method is generated by some framework or tool and should not
12:51:05.951 [INFO]   [Creating]         [20/129]     be tested explicitly. The expectation is that the generator itself should be
12:51:05.951 [INFO]   [Creating]         [20/129]     tested and not each piece of code it produces.
12:51:05.951 [INFO]   [Creating]         [20/129]     Currently, this includes methods identified generated by Lombok, Protobuf,
12:51:05.951 [INFO]   [Creating]         [20/129]     Grpc, Hibernate, or annotated with a custom '@Generated' annotation
12:51:05.951 [INFO]   [Creating]         [20/129]     (as long as the custom annotation has 'RUNTIME' or 'CLASS' retention).
12:51:05.951 [INFO]   [Creating]         [20/129]     Diffblue Cover considers these methods as not directly callable.
12:51:05.955 [INFO]   [Creating]         [21/129] uk.gov.gchq.palisade.resource.AbstractLeafResource.connectionDetail
12:51:05.955 [INFO]   [Creating]         [21/129]   T024: Generated method
12:51:05.955 [INFO]   [Creating]         [21/129]     Indicates that the method is generated by some framework or tool and should not
12:51:05.955 [INFO]   [Creating]         [21/129]     be tested explicitly. The expectation is that the generator itself should be
12:51:05.955 [INFO]   [Creating]         [21/129]     tested and not each piece of code it produces.
12:51:05.955 [INFO]   [Creating]         [21/129]     Currently, this includes methods identified generated by Lombok, Protobuf,
12:51:05.955 [INFO]   [Creating]         [21/129]     Grpc, Hibernate, or annotated with a custom '@Generated' annotation
12:51:05.955 [INFO]   [Creating]         [21/129]     (as long as the custom annotation has 'RUNTIME' or 'CLASS' retention).
12:51:05.955 [INFO]   [Creating]         [21/129]     Diffblue Cover considers these methods as not directly callable.
12:51:05.959 [INFO]   [Creating]         [22/129] uk.gov.gchq.palisade.resource.AbstractLeafResource.equals
12:51:05.959 [INFO]   [Creating]         [22/129]   T024: Generated method
12:51:05.959 [INFO]   [Creating]         [22/129]     Indicates that the method is generated by some framework or tool and should not
12:51:05.959 [INFO]   [Creating]         [22/129]     be tested explicitly. The expectation is that the generator itself should be
12:51:05.959 [INFO]   [Creating]         [22/129]     tested and not each piece of code it produces.
12:51:05.959 [INFO]   [Creating]         [22/129]     Currently, this includes methods identified generated by Lombok, Protobuf,
12:51:05.959 [INFO]   [Creating]         [22/129]     Grpc, Hibernate, or annotated with a custom '@Generated' annotation
12:51:05.959 [INFO]   [Creating]         [22/129]     (as long as the custom annotation has 'RUNTIME' or 'CLASS' retention).
12:51:05.959 [INFO]   [Creating]         [22/129]     Diffblue Cover considers these methods as not directly callable.
12:51:05.963 [INFO]   [Creating]         [23/129] uk.gov.gchq.palisade.resource.AbstractLeafResource.getAttribute
12:51:05.963 [INFO]   [Creating]         [23/129]   T024: Generated method
12:51:05.963 [INFO]   [Creating]         [23/129]     Indicates that the method is generated by some framework or tool and should not
12:51:05.963 [INFO]   [Creating]         [23/129]     be tested explicitly. The expectation is that the generator itself should be
12:51:05.963 [INFO]   [Creating]         [23/129]     tested and not each piece of code it produces.
12:51:05.963 [INFO]   [Creating]         [23/129]     Currently, this includes methods identified generated by Lombok, Protobuf,
12:51:05.963 [INFO]   [Creating]         [23/129]     Grpc, Hibernate, or annotated with a custom '@Generated' annotation
12:51:05.964 [INFO]   [Creating]         [23/129]     (as long as the custom annotation has 'RUNTIME' or 'CLASS' retention).
12:51:05.964 [INFO]   [Creating]         [23/129]     Diffblue Cover considers these methods as not directly callable.
12:51:05.967 [INFO]   [Creating]         [24/129] uk.gov.gchq.palisade.resource.AbstractLeafResource.getAttributes
12:51:05.967 [INFO]   [Creating]         [24/129]   T024: Generated method
12:51:05.967 [INFO]   [Creating]         [24/129]     Indicates that the method is generated by some framework or tool and should not
12:51:05.967 [INFO]   [Creating]         [24/129]     be tested explicitly. The expectation is that the generator itself should be
12:51:05.967 [INFO]   [Creating]         [24/129]     tested and not each piece of code it produces.
12:51:05.967 [INFO]   [Creating]         [24/129]     Currently, this includes methods identified generated by Lombok, Protobuf,
12:51:05.967 [INFO]   [Creating]         [24/129]     Grpc, Hibernate, or annotated with a custom '@Generated' annotation
12:51:05.967 [INFO]   [Creating]         [24/129]     (as long as the custom annotation has 'RUNTIME' or 'CLASS' retention).
12:51:05.967 [INFO]   [Creating]         [24/129]     Diffblue Cover considers these methods as not directly callable.
12:51:05.971 [INFO]   [Creating]         [25/129] uk.gov.gchq.palisade.resource.AbstractLeafResource.getConnectionDetail
12:51:05.971 [INFO]   [Creating]         [25/129]   T024: Generated method
12:51:05.971 [INFO]   [Creating]         [25/129]     Indicates that the method is generated by some framework or tool and should not
12:51:05.971 [INFO]   [Creating]         [25/129]     be tested explicitly. The expectation is that the generator itself should be
12:51:05.971 [INFO]   [Creating]         [25/129]     tested and not each piece of code it produces.
12:51:05.971 [INFO]   [Creating]         [25/129]     Currently, this includes methods identified generated by Lombok, Protobuf,
12:51:05.971 [INFO]   [Creating]         [25/129]     Grpc, Hibernate, or annotated with a custom '@Generated' annotation
12:51:05.971 [INFO]   [Creating]         [25/129]     (as long as the custom annotation has 'RUNTIME' or 'CLASS' retention).
12:51:05.971 [INFO]   [Creating]         [25/129]     Diffblue Cover considers these methods as not directly callable.
12:51:05.974 [INFO]   [Creating]         [26/129] uk.gov.gchq.palisade.resource.AbstractLeafResource.getSerialisedFormat
12:51:05.974 [INFO]   [Creating]         [26/129]   T024: Generated method
12:51:05.975 [INFO]   [Creating]         [26/129]     Indicates that the method is generated by some framework or tool and should not
12:51:05.975 [INFO]   [Creating]         [26/129]     be tested explicitly. The expectation is that the generator itself should be
12:51:05.975 [INFO]   [Creating]         [26/129]     tested and not each piece of code it produces.
12:51:05.975 [INFO]   [Creating]         [26/129]     Currently, this includes methods identified generated by Lombok, Protobuf,
12:51:05.975 [INFO]   [Creating]         [26/129]     Grpc, Hibernate, or annotated with a custom '@Generated' annotation
12:51:05.975 [INFO]   [Creating]         [26/129]     (as long as the custom annotation has 'RUNTIME' or 'CLASS' retention).
12:51:05.975 [INFO]   [Creating]         [26/129]     Diffblue Cover considers these methods as not directly callable.
12:51:05.978 [INFO]   [Creating]         [27/129] uk.gov.gchq.palisade.resource.AbstractLeafResource.getType
12:51:05.978 [INFO]   [Creating]         [27/129]   T024: Generated method
12:51:05.978 [INFO]   [Creating]         [27/129]     Indicates that the method is generated by some framework or tool and should not
12:51:05.978 [INFO]   [Creating]         [27/129]     be tested explicitly. The expectation is that the generator itself should be
12:51:05.978 [INFO]   [Creating]         [27/129]     tested and not each piece of code it produces.
12:51:05.978 [INFO]   [Creating]         [27/129]     Currently, this includes methods identified generated by Lombok, Protobuf,
12:51:05.978 [INFO]   [Creating]         [27/129]     Grpc, Hibernate, or annotated with a custom '@Generated' annotation
12:51:05.978 [INFO]   [Creating]         [27/129]     (as long as the custom annotation has 'RUNTIME' or 'CLASS' retention).
12:51:05.978 [INFO]   [Creating]         [27/129]     Diffblue Cover considers these methods as not directly callable.
12:51:05.982 [INFO]   [Creating]         [28/129] uk.gov.gchq.palisade.resource.AbstractLeafResource.hashCode
12:51:05.982 [INFO]   [Creating]         [28/129]   T024: Generated method
12:51:05.982 [INFO]   [Creating]         [28/129]     Indicates that the method is generated by some framework or tool and should not
12:51:05.982 [INFO]   [Creating]         [28/129]     be tested explicitly. The expectation is that the generator itself should be
12:51:05.982 [INFO]   [Creating]         [28/129]     tested and not each piece of code it produces.
12:51:05.982 [INFO]   [Creating]         [28/129]     Currently, this includes methods identified generated by Lombok, Protobuf,
12:51:05.982 [INFO]   [Creating]         [28/129]     Grpc, Hibernate, or annotated with a custom '@Generated' annotation
12:51:05.982 [INFO]   [Creating]         [28/129]     (as long as the custom annotation has 'RUNTIME' or 'CLASS' retention).
12:51:05.982 [INFO]   [Creating]         [28/129]     Diffblue Cover considers these methods as not directly callable.
12:51:05.986 [INFO]   [Creating]         [29/129] uk.gov.gchq.palisade.resource.AbstractLeafResource.isAttributeSet
12:51:05.987 [INFO]   [Creating]         [29/129]   T024: Generated method
12:51:05.987 [INFO]   [Creating]         [29/129]     Indicates that the method is generated by some framework or tool and should not
12:51:05.987 [INFO]   [Creating]         [29/129]     be tested explicitly. The expectation is that the generator itself should be
12:51:05.987 [INFO]   [Creating]         [29/129]     tested and not each piece of code it produces.
12:51:05.987 [INFO]   [Creating]         [29/129]     Currently, this includes methods identified generated by Lombok, Protobuf,
12:51:05.987 [INFO]   [Creating]         [29/129]     Grpc, Hibernate, or annotated with a custom '@Generated' annotation
12:51:05.987 [INFO]   [Creating]         [29/129]     (as long as the custom annotation has 'RUNTIME' or 'CLASS' retention).
12:51:05.987 [INFO]   [Creating]         [29/129]     Diffblue Cover considers these methods as not directly callable.
12:51:05.990 [INFO]   [Creating]         [30/129] uk.gov.gchq.palisade.resource.AbstractLeafResource.serialisedFormat
12:51:05.990 [INFO]   [Creating]         [30/129]   T024: Generated method
12:51:05.990 [INFO]   [Creating]         [30/129]     Indicates that the method is generated by some framework or tool and should not
12:51:05.990 [INFO]   [Creating]         [30/129]     be tested explicitly. The expectation is that the generator itself should be
12:51:05.990 [INFO]   [Creating]         [30/129]     tested and not each piece of code it produces.
12:51:05.990 [INFO]   [Creating]         [30/129]     Currently, this includes methods identified generated by Lombok, Protobuf,
12:51:05.990 [INFO]   [Creating]         [30/129]     Grpc, Hibernate, or annotated with a custom '@Generated' annotation
12:51:05.990 [INFO]   [Creating]         [30/129]     (as long as the custom annotation has 'RUNTIME' or 'CLASS' retention).
12:51:05.991 [INFO]   [Creating]         [30/129]     Diffblue Cover considers these methods as not directly callable.
12:51:05.994 [INFO]   [Creating]         [31/129] uk.gov.gchq.palisade.resource.AbstractLeafResource.setAttribute
12:51:05.994 [INFO]   [Creating]         [31/129]   T024: Generated method
12:51:05.994 [INFO]   [Creating]         [31/129]     Indicates that the method is generated by some framework or tool and should not
12:51:05.994 [INFO]   [Creating]         [31/129]     be tested explicitly. The expectation is that the generator itself should be
12:51:05.994 [INFO]   [Creating]         [31/129]     tested and not each piece of code it produces.
12:51:05.994 [INFO]   [Creating]         [31/129]     Currently, this includes methods identified generated by Lombok, Protobuf,
12:51:05.994 [INFO]   [Creating]         [31/129]     Grpc, Hibernate, or annotated with a custom '@Generated' annotation
12:51:05.994 [INFO]   [Creating]         [31/129]     (as long as the custom annotation has 'RUNTIME' or 'CLASS' retention).
12:51:05.994 [INFO]   [Creating]         [31/129]     Diffblue Cover considers these methods as not directly callable.
12:51:05.998 [INFO]   [Creating]         [32/129] uk.gov.gchq.palisade.resource.AbstractLeafResource.setAttributes
12:51:05.998 [INFO]   [Creating]         [32/129]   T024: Generated method
12:51:05.998 [INFO]   [Creating]         [32/129]     Indicates that the method is generated by some framework or tool and should not
12:51:05.998 [INFO]   [Creating]         [32/129]     be tested explicitly. The expectation is that the generator itself should be
12:51:05.998 [INFO]   [Creating]         [32/129]     tested and not each piece of code it produces.
12:51:05.998 [INFO]   [Creating]         [32/129]     Currently, this includes methods identified generated by Lombok, Protobuf,
12:51:05.998 [INFO]   [Creating]         [32/129]     Grpc, Hibernate, or annotated with a custom '@Generated' annotation
12:51:05.998 [INFO]   [Creating]         [32/129]     (as long as the custom annotation has 'RUNTIME' or 'CLASS' retention).
12:51:05.998 [INFO]   [Creating]         [32/129]     Diffblue Cover considers these methods as not directly callable.
12:51:06.002 [INFO]   [Creating]         [33/129] uk.gov.gchq.palisade.resource.AbstractLeafResource.setConnectionDetail
12:51:06.002 [INFO]   [Creating]         [33/129]   T024: Generated method
12:51:06.002 [INFO]   [Creating]         [33/129]     Indicates that the method is generated by some framework or tool and should not
12:51:06.002 [INFO]   [Creating]         [33/129]     be tested explicitly. The expectation is that the generator itself should be
12:51:06.002 [INFO]   [Creating]         [33/129]     tested and not each piece of code it produces.
12:51:06.002 [INFO]   [Creating]         [33/129]     Currently, this includes methods identified generated by Lombok, Protobuf,
12:51:06.002 [INFO]   [Creating]         [33/129]     Grpc, Hibernate, or annotated with a custom '@Generated' annotation
12:51:06.002 [INFO]   [Creating]         [33/129]     (as long as the custom annotation has 'RUNTIME' or 'CLASS' retention).
12:51:06.002 [INFO]   [Creating]         [33/129]     Diffblue Cover considers these methods as not directly callable.
12:51:06.006 [INFO]   [Creating]         [34/129] uk.gov.gchq.palisade.resource.AbstractLeafResource.setSerialisedFormat
12:51:06.006 [INFO]   [Creating]         [34/129]   T024: Generated method
12:51:06.006 [INFO]   [Creating]         [34/129]     Indicates that the method is generated by some framework or tool and should not
12:51:06.006 [INFO]   [Creating]         [34/129]     be tested explicitly. The expectation is that the generator itself should be
12:51:06.006 [INFO]   [Creating]         [34/129]     tested and not each piece of code it produces.
12:51:06.006 [INFO]   [Creating]         [34/129]     Currently, this includes methods identified generated by Lombok, Protobuf,
12:51:06.006 [INFO]   [Creating]         [34/129]     Grpc, Hibernate, or annotated with a custom '@Generated' annotation
12:51:06.006 [INFO]   [Creating]         [34/129]     (as long as the custom annotation has 'RUNTIME' or 'CLASS' retention).
12:51:06.006 [INFO]   [Creating]         [34/129]     Diffblue Cover considers these methods as not directly callable.
12:51:06.010 [INFO]   [Creating]         [35/129] uk.gov.gchq.palisade.resource.AbstractLeafResource.setType
12:51:06.010 [INFO]   [Creating]         [35/129]   T024: Generated method
12:51:06.010 [INFO]   [Creating]         [35/129]     Indicates that the method is generated by some framework or tool and should not
12:51:06.010 [INFO]   [Creating]         [35/129]     be tested explicitly. The expectation is that the generator itself should be
12:51:06.010 [INFO]   [Creating]         [35/129]     tested and not each piece of code it produces.
12:51:06.010 [INFO]   [Creating]         [35/129]     Currently, this includes methods identified generated by Lombok, Protobuf,
12:51:06.010 [INFO]   [Creating]         [35/129]     Grpc, Hibernate, or annotated with a custom '@Generated' annotation
12:51:06.010 [INFO]   [Creating]         [35/129]     (as long as the custom annotation has 'RUNTIME' or 'CLASS' retention).
12:51:06.010 [INFO]   [Creating]         [35/129]     Diffblue Cover considers these methods as not directly callable.
12:51:06.013 [INFO]   [Creating]         [36/129] uk.gov.gchq.palisade.resource.AbstractLeafResource.toString
12:51:06.013 [INFO]   [Creating]         [36/129]   T024: Generated method
12:51:06.013 [INFO]   [Creating]         [36/129]     Indicates that the method is generated by some framework or tool and should not
12:51:06.013 [INFO]   [Creating]         [36/129]     be tested explicitly. The expectation is that the generator itself should be
12:51:06.013 [INFO]   [Creating]         [36/129]     tested and not each piece of code it produces.
12:51:06.013 [INFO]   [Creating]         [36/129]     Currently, this includes methods identified generated by Lombok, Protobuf,
12:51:06.013 [INFO]   [Creating]         [36/129]     Grpc, Hibernate, or annotated with a custom '@Generated' annotation
12:51:06.013 [INFO]   [Creating]         [36/129]     (as long as the custom annotation has 'RUNTIME' or 'CLASS' retention).
12:51:06.013 [INFO]   [Creating]         [36/129]     Diffblue Cover considers these methods as not directly callable.
12:51:06.017 [INFO]   [Creating]         [37/129] uk.gov.gchq.palisade.resource.AbstractLeafResource.type
12:51:06.017 [INFO]   [Creating]         [37/129]   T024: Generated method
12:51:06.017 [INFO]   [Creating]         [37/129]     Indicates that the method is generated by some framework or tool and should not
12:51:06.017 [INFO]   [Creating]         [37/129]     be tested explicitly. The expectation is that the generator itself should be
12:51:06.017 [INFO]   [Creating]         [37/129]     tested and not each piece of code it produces.
12:51:06.017 [INFO]   [Creating]         [37/129]     Currently, this includes methods identified generated by Lombok, Protobuf,
12:51:06.017 [INFO]   [Creating]         [37/129]     Grpc, Hibernate, or annotated with a custom '@Generated' annotation
12:51:06.017 [INFO]   [Creating]         [37/129]     (as long as the custom annotation has 'RUNTIME' or 'CLASS' retention).
12:51:06.017 [INFO]   [Creating]         [37/129]     Diffblue Cover considers these methods as not directly callable.
12:51:06.018 [INFO]   [Creating]     [3/25] uk.gov.gchq.palisade.resource.AbstractLeafResource
12:51:06.018 [INFO]   [Creating]     [3/25]   Tests created: 0
12:51:06.018 [INFO]   [Creating]    No testable methods
12:51:06.018 [INFO]   [Creating]    
================================================================================
= Starting analysis for class 'uk.gov.gchq.palisade.resource.AbstractResource'
================================================================================
12:51:06.018 [INFO]   [Creating]    Filtering out non-testable methods...
12:51:06.038 [INFO]   [Creating]         [38/129] uk.gov.gchq.palisade.resource.AbstractResource.equals
12:51:06.039 [INFO]   [Creating]         [38/129]   T024: Generated method
12:51:06.039 [INFO]   [Creating]         [38/129]     Indicates that the method is generated by some framework or tool and should not
12:51:06.039 [INFO]   [Creating]         [38/129]     be tested explicitly. The expectation is that the generator itself should be
12:51:06.039 [INFO]   [Creating]         [38/129]     tested and not each piece of code it produces.
12:51:06.039 [INFO]   [Creating]         [38/129]     Currently, this includes methods identified generated by Lombok, Protobuf,
12:51:06.039 [INFO]   [Creating]         [38/129]     Grpc, Hibernate, or annotated with a custom '@Generated' annotation
12:51:06.039 [INFO]   [Creating]         [38/129]     (as long as the custom annotation has 'RUNTIME' or 'CLASS' retention).
12:51:06.039 [INFO]   [Creating]         [38/129]     Diffblue Cover considers these methods as not directly callable.
12:51:06.042 [INFO]   [Creating]         [39/129] uk.gov.gchq.palisade.resource.AbstractResource.getId
12:51:06.042 [INFO]   [Creating]         [39/129]   T024: Generated method
12:51:06.042 [INFO]   [Creating]         [39/129]     Indicates that the method is generated by some framework or tool and should not
12:51:06.042 [INFO]   [Creating]         [39/129]     be tested explicitly. The expectation is that the generator itself should be
12:51:06.042 [INFO]   [Creating]         [39/129]     tested and not each piece of code it produces.
12:51:06.042 [INFO]   [Creating]         [39/129]     Currently, this includes methods identified generated by Lombok, Protobuf,
12:51:06.042 [INFO]   [Creating]         [39/129]     Grpc, Hibernate, or annotated with a custom '@Generated' annotation
12:51:06.042 [INFO]   [Creating]         [39/129]     (as long as the custom annotation has 'RUNTIME' or 'CLASS' retention).
12:51:06.042 [INFO]   [Creating]         [39/129]     Diffblue Cover considers these methods as not directly callable.
12:51:06.045 [INFO]   [Creating]         [40/129] uk.gov.gchq.palisade.resource.AbstractResource.hashCode
12:51:06.045 [INFO]   [Creating]         [40/129]   T024: Generated method
12:51:06.045 [INFO]   [Creating]         [40/129]     Indicates that the method is generated by some framework or tool and should not
12:51:06.045 [INFO]   [Creating]         [40/129]     be tested explicitly. The expectation is that the generator itself should be
12:51:06.045 [INFO]   [Creating]         [40/129]     tested and not each piece of code it produces.
12:51:06.045 [INFO]   [Creating]         [40/129]     Currently, this includes methods identified generated by Lombok, Protobuf,
12:51:06.045 [INFO]   [Creating]         [40/129]     Grpc, Hibernate, or annotated with a custom '@Generated' annotation
12:51:06.045 [INFO]   [Creating]         [40/129]     (as long as the custom annotation has 'RUNTIME' or 'CLASS' retention).
12:51:06.045 [INFO]   [Creating]         [40/129]     Diffblue Cover considers these methods as not directly callable.
12:51:06.048 [INFO]   [Creating]         [41/129] uk.gov.gchq.palisade.resource.AbstractResource.id
12:51:06.048 [INFO]   [Creating]         [41/129]   T024: Generated method
12:51:06.048 [INFO]   [Creating]         [41/129]     Indicates that the method is generated by some framework or tool and should not
12:51:06.048 [INFO]   [Creating]         [41/129]     be tested explicitly. The expectation is that the generator itself should be
12:51:06.048 [INFO]   [Creating]         [41/129]     tested and not each piece of code it produces.
12:51:06.048 [INFO]   [Creating]         [41/129]     Currently, this includes methods identified generated by Lombok, Protobuf,
12:51:06.048 [INFO]   [Creating]         [41/129]     Grpc, Hibernate, or annotated with a custom '@Generated' annotation
12:51:06.048 [INFO]   [Creating]         [41/129]     (as long as the custom annotation has 'RUNTIME' or 'CLASS' retention).
12:51:06.048 [INFO]   [Creating]         [41/129]     Diffblue Cover considers these methods as not directly callable.
12:51:06.051 [INFO]   [Creating]         [42/129] uk.gov.gchq.palisade.resource.AbstractResource.setId
12:51:06.052 [INFO]   [Creating]         [42/129]   T024: Generated method
12:51:06.052 [INFO]   [Creating]         [42/129]     Indicates that the method is generated by some framework or tool and should not
12:51:06.052 [INFO]   [Creating]         [42/129]     be tested explicitly. The expectation is that the generator itself should be
12:51:06.052 [INFO]   [Creating]         [42/129]     tested and not each piece of code it produces.
12:51:06.052 [INFO]   [Creating]         [42/129]     Currently, this includes methods identified generated by Lombok, Protobuf,
12:51:06.052 [INFO]   [Creating]         [42/129]     Grpc, Hibernate, or annotated with a custom '@Generated' annotation
12:51:06.052 [INFO]   [Creating]         [42/129]     (as long as the custom annotation has 'RUNTIME' or 'CLASS' retention).
12:51:06.052 [INFO]   [Creating]         [42/129]     Diffblue Cover considers these methods as not directly callable.
12:51:06.055 [INFO]   [Creating]         [43/129] uk.gov.gchq.palisade.resource.AbstractResource.toString
12:51:06.055 [INFO]   [Creating]         [43/129]   T024: Generated method
12:51:06.055 [INFO]   [Creating]         [43/129]     Indicates that the method is generated by some framework or tool and should not
12:51:06.055 [INFO]   [Creating]         [43/129]     be tested explicitly. The expectation is that the generator itself should be
12:51:06.055 [INFO]   [Creating]         [43/129]     tested and not each piece of code it produces.
12:51:06.055 [INFO]   [Creating]         [43/129]     Currently, this includes methods identified generated by Lombok, Protobuf,
12:51:06.055 [INFO]   [Creating]         [43/129]     Grpc, Hibernate, or annotated with a custom '@Generated' annotation
12:51:06.055 [INFO]   [Creating]         [43/129]     (as long as the custom annotation has 'RUNTIME' or 'CLASS' retention).
12:51:06.055 [INFO]   [Creating]         [43/129]     Diffblue Cover considers these methods as not directly callable.
12:51:06.057 [INFO]   [Creating]    Filtering of methods complete. Creating analysis request
12:51:06.057 [INFO]   [Creating]    Attempting to get service client, retry 1.
12:51:06.968 [INFO]   [Creating]         [44/129] uk.gov.gchq.palisade.resource.AbstractResource.compareTo
12:51:06.968 [INFO]   [Creating]         [44/129]   Tests created: 1
12:51:06.971 [INFO]   [Creating]     [4/25] uk.gov.gchq.palisade.resource.AbstractResource
12:51:06.972 [INFO]   [Creating]     [4/25]   Tests created: 1
12:51:06.973 [INFO]   [Creating]    
================================================================================
= Starting analysis for class 'uk.gov.gchq.palisade.resource.impl.DirectoryResource'
================================================================================
12:51:06.973 [INFO]   [Creating]    Filtering out non-testable methods...
12:51:06.976 [INFO]   [Creating]    Filtering of methods complete. Creating analysis request
12:51:06.976 [INFO]   [Creating]    Attempting to get service client, retry 1.
12:51:08.287 [INFO]   [Creating]         [45/129] uk.gov.gchq.palisade.resource.impl.DirectoryResource.<init>
12:51:08.287 [INFO]   [Creating]         [45/129]   Tests created: 1
12:51:08.604 [INFO]   [Creating]         [46/129] uk.gov.gchq.palisade.resource.impl.DirectoryResource.getParent
12:51:08.604 [INFO]   [Creating]         [46/129]   R013: No inputs found that don't throw a trivial exception
12:51:08.604 [INFO]   [Creating]         [46/129]     Diffblue Cover tried to run the arrange/act section, but the test threw
12:51:08.604 [INFO]   [Creating]         [46/129]     java.lang.NullPointerException
12:51:08.604 [INFO]   [Creating]         [46/129]         at java.util.ImmutableCollections$Set12.contains(ImmutableCollections.java:524)
12:51:08.604 [INFO]   [Creating]         [46/129]         at uk.gov.gchq.palisade.util.FileResourceBuilder.accepts(FileResourceBuilder.java:109)
12:51:08.604 [INFO]   [Creating]         [46/129]         at uk.gov.gchq.palisade.util.AbstractResourceBuilder.lambda$create$0(AbstractResourceBuilder.java:58)
12:51:08.604 [INFO]   [Creating]         [46/129]         at java.util.stream.ReferencePipeline$2$1.accept(ReferencePipeline.java:176)
12:51:08.604 [INFO]   [Creating]         [46/129]         at java.util.stream.ReferencePipeline$3$1.accept(ReferencePipeline.java:195)
12:51:08.604 [INFO]   [Creating]         [46/129]         at java.util.ServiceLoader$ProviderSpliterator.tryAdvance(ServiceLoader.java:1492)
12:51:08.604 [INFO]   [Creating]         [46/129]         at java.util.stream.ReferencePipeline.forEachWithCancel(ReferencePipeline.java:127)
12:51:08.604 [INFO]   [Creating]         [46/129]         at java.util.stream.AbstractPipeline.copyIntoWithCancel(AbstractPipeline.java:502)
12:51:08.604 [INFO]   [Creating]         [46/129]         at java.util.stream.AbstractPipeline.copyInto(AbstractPipeline.java:488)
12:51:08.604 [INFO]   [Creating]         [46/129]         at java.util.stream.AbstractPipeline.wrapAndCopyInto(AbstractPipeline.java:474)
12:51:08.604 [INFO]   [Creating]         [46/129]         at java.util.stream.FindOps$FindOp.evaluateSequential(FindOps.java:150)
12:51:08.604 [INFO]   [Creating]         [46/129]         at java.util.stream.AbstractPipeline.evaluate(AbstractPipeline.java:234)
12:51:08.604 [INFO]   [Creating]         [46/129]         at java.util.stream.ReferencePipeline.findAny(ReferencePipeline.java:548)
12:51:08.604 [INFO]   [Creating]         [46/129]         at uk.gov.gchq.palisade.util.AbstractResourceBuilder.create(AbstractResourceBuilder.java:59)
12:51:08.604 [INFO]   [Creating]         [46/129]         at uk.gov.gchq.palisade.resource.impl.DirectoryResource.getParent(DirectoryResource.java:39)
12:51:08.604 [INFO]   [Creating]         [46/129]     In order to prevent getParent()
12:51:08.604 [INFO]   [Creating]         [46/129]     from throwing NullPointerException, add constructors or factory
12:51:08.604 [INFO]   [Creating]         [46/129]     methods that make it easier to construct fully initialized objects used in
12:51:08.604 [INFO]   [Creating]         [46/129]     getParent().
12:51:08.604 [INFO]   [Creating]         [46/129]     See https://diff.blue/R013 to resolve this issue.
12:51:08.764 [INFO]   [Creating]         [47/129] uk.gov.gchq.palisade.resource.impl.DirectoryResource.id
12:51:08.764 [INFO]   [Creating]         [47/129]   Tests created: 2
12:51:08.766 [INFO]   [Creating]     [5/25] uk.gov.gchq.palisade.resource.impl.DirectoryResource
12:51:08.766 [INFO]   [Creating]     [5/25]   Tests created: 3
12:51:08.767 [INFO]   [Creating]    
================================================================================
= Starting analysis for class 'uk.gov.gchq.palisade.resource.impl.FileResource'
================================================================================
12:51:08.767 [INFO]   [Creating]    Filtering out non-testable methods...
12:51:08.773 [INFO]   [Creating]    Filtering of methods complete. Creating analysis request
12:51:08.773 [INFO]   [Creating]    Attempting to get service client, retry 1.
12:51:09.416 [INFO]   [Creating]         [48/129] uk.gov.gchq.palisade.resource.impl.FileResource.<init>
12:51:09.416 [INFO]   [Creating]         [48/129]   Tests created: 1
12:51:10.057 [INFO]   [Creating]         [49/129] uk.gov.gchq.palisade.resource.impl.FileResource.attribute
12:51:10.057 [INFO]   [Creating]         [49/129]   Tests created: 1
12:51:10.670 [INFO]   [Creating]         [50/129] uk.gov.gchq.palisade.resource.impl.FileResource.attributes
12:51:10.670 [INFO]   [Creating]         [50/129]   Tests created: 1
12:51:13.154 [INFO]   [Creating]         [51/129] uk.gov.gchq.palisade.resource.impl.FileResource.connectionDetail
12:51:13.154 [INFO]   [Creating]         [51/129]   Tests created: 1
12:51:13.809 [INFO]   [Creating]         [52/129] uk.gov.gchq.palisade.resource.impl.FileResource.getParent
12:51:13.809 [INFO]   [Creating]         [52/129]   R013: No inputs found that don't throw a trivial exception
12:51:13.809 [INFO]   [Creating]         [52/129]     Diffblue Cover tried to run the arrange/act section, but the test threw
12:51:13.809 [INFO]   [Creating]         [52/129]     java.lang.NullPointerException
12:51:13.809 [INFO]   [Creating]         [52/129]     In order to prevent getParent()
12:51:13.809 [INFO]   [Creating]         [52/129]     from throwing NullPointerException, add constructors or factory
12:51:13.809 [INFO]   [Creating]         [52/129]     methods that make it easier to construct fully initialized objects used in
12:51:13.809 [INFO]   [Creating]         [52/129]     getParent().
12:51:13.809 [INFO]   [Creating]         [52/129]     See https://diff.blue/R013 to resolve this issue.
12:51:14.445 [INFO]   [Creating]         [53/129] uk.gov.gchq.palisade.resource.impl.FileResource.id
12:51:14.445 [INFO]   [Creating]         [53/129]   Tests created: 1
12:51:14.966 [INFO]   [Creating]         [54/129] uk.gov.gchq.palisade.resource.impl.FileResource.serialisedFormat
12:51:14.966 [INFO]   [Creating]         [54/129]   Tests created: 1
12:51:15.041 [INFO]   [Creating]         [55/129] uk.gov.gchq.palisade.resource.impl.FileResource.type
12:51:15.041 [INFO]   [Creating]         [55/129]   Tests created: 1
12:51:15.043 [INFO]   [Creating]     [6/25] uk.gov.gchq.palisade.resource.impl.FileResource
12:51:15.043 [INFO]   [Creating]     [6/25]   Tests created: 7
12:51:15.045 [INFO]   [Creating]    
================================================================================
= Starting analysis for class 'uk.gov.gchq.palisade.resource.impl.SimpleConnectionDetail'
================================================================================
12:51:15.045 [INFO]   [Creating]    Filtering out non-testable methods...
12:51:15.047 [INFO]   [Creating]         [56/129] uk.gov.gchq.palisade.resource.impl.SimpleConnectionDetail.createConnection
12:51:15.047 [INFO]   [Creating]         [56/129]   T024: Generated method
12:51:15.047 [INFO]   [Creating]         [56/129]     Indicates that the method is generated by some framework or tool and should not
12:51:15.047 [INFO]   [Creating]         [56/129]     be tested explicitly. The expectation is that the generator itself should be
12:51:15.047 [INFO]   [Creating]         [56/129]     tested and not each piece of code it produces.
12:51:15.047 [INFO]   [Creating]         [56/129]     Currently, this includes methods identified generated by Lombok, Protobuf,
12:51:15.047 [INFO]   [Creating]         [56/129]     Grpc, Hibernate, or annotated with a custom '@Generated' annotation
12:51:15.047 [INFO]   [Creating]         [56/129]     (as long as the custom annotation has 'RUNTIME' or 'CLASS' retention).
12:51:15.047 [INFO]   [Creating]         [56/129]     Diffblue Cover considers these methods as not directly callable.
12:51:15.049 [INFO]   [Creating]         [57/129] uk.gov.gchq.palisade.resource.impl.SimpleConnectionDetail.equals
12:51:15.049 [INFO]   [Creating]         [57/129]   T024: Generated method
12:51:15.049 [INFO]   [Creating]         [57/129]     Indicates that the method is generated by some framework or tool and should not
12:51:15.049 [INFO]   [Creating]         [57/129]     be tested explicitly. The expectation is that the generator itself should be
12:51:15.049 [INFO]   [Creating]         [57/129]     tested and not each piece of code it produces.
12:51:15.049 [INFO]   [Creating]         [57/129]     Currently, this includes methods identified generated by Lombok, Protobuf,
12:51:15.049 [INFO]   [Creating]         [57/129]     Grpc, Hibernate, or annotated with a custom '@Generated' annotation
12:51:15.049 [INFO]   [Creating]         [57/129]     (as long as the custom annotation has 'RUNTIME' or 'CLASS' retention).
12:51:15.049 [INFO]   [Creating]         [57/129]     Diffblue Cover considers these methods as not directly callable.
12:51:15.050 [INFO]   [Creating]         [58/129] uk.gov.gchq.palisade.resource.impl.SimpleConnectionDetail.getServiceName
12:51:15.050 [INFO]   [Creating]         [58/129]   T024: Generated method
12:51:15.050 [INFO]   [Creating]         [58/129]     Indicates that the method is generated by some framework or tool and should not
12:51:15.050 [INFO]   [Creating]         [58/129]     be tested explicitly. The expectation is that the generator itself should be
12:51:15.050 [INFO]   [Creating]         [58/129]     tested and not each piece of code it produces.
12:51:15.050 [INFO]   [Creating]         [58/129]     Currently, this includes methods identified generated by Lombok, Protobuf,
12:51:15.050 [INFO]   [Creating]         [58/129]     Grpc, Hibernate, or annotated with a custom '@Generated' annotation
12:51:15.050 [INFO]   [Creating]         [58/129]     (as long as the custom annotation has 'RUNTIME' or 'CLASS' retention).
12:51:15.050 [INFO]   [Creating]         [58/129]     Diffblue Cover considers these methods as not directly callable.
12:51:15.052 [INFO]   [Creating]         [59/129] uk.gov.gchq.palisade.resource.impl.SimpleConnectionDetail.hashCode
12:51:15.052 [INFO]   [Creating]         [59/129]   T024: Generated method
12:51:15.052 [INFO]   [Creating]         [59/129]     Indicates that the method is generated by some framework or tool and should not
12:51:15.052 [INFO]   [Creating]         [59/129]     be tested explicitly. The expectation is that the generator itself should be
12:51:15.052 [INFO]   [Creating]         [59/129]     tested and not each piece of code it produces.
12:51:15.052 [INFO]   [Creating]         [59/129]     Currently, this includes methods identified generated by Lombok, Protobuf,
12:51:15.052 [INFO]   [Creating]         [59/129]     Grpc, Hibernate, or annotated with a custom '@Generated' annotation
12:51:15.052 [INFO]   [Creating]         [59/129]     (as long as the custom annotation has 'RUNTIME' or 'CLASS' retention).
12:51:15.052 [INFO]   [Creating]         [59/129]     Diffblue Cover considers these methods as not directly callable.
12:51:15.054 [INFO]   [Creating]         [60/129] uk.gov.gchq.palisade.resource.impl.SimpleConnectionDetail.serviceName
12:51:15.054 [INFO]   [Creating]         [60/129]   T024: Generated method
12:51:15.054 [INFO]   [Creating]         [60/129]     Indicates that the method is generated by some framework or tool and should not
12:51:15.054 [INFO]   [Creating]         [60/129]     be tested explicitly. The expectation is that the generator itself should be
12:51:15.054 [INFO]   [Creating]         [60/129]     tested and not each piece of code it produces.
12:51:15.054 [INFO]   [Creating]         [60/129]     Currently, this includes methods identified generated by Lombok, Protobuf,
12:51:15.054 [INFO]   [Creating]         [60/129]     Grpc, Hibernate, or annotated with a custom '@Generated' annotation
12:51:15.054 [INFO]   [Creating]         [60/129]     (as long as the custom annotation has 'RUNTIME' or 'CLASS' retention).
12:51:15.054 [INFO]   [Creating]         [60/129]     Diffblue Cover considers these methods as not directly callable.
12:51:15.056 [INFO]   [Creating]         [61/129] uk.gov.gchq.palisade.resource.impl.SimpleConnectionDetail.setServiceName
12:51:15.056 [INFO]   [Creating]         [61/129]   T024: Generated method
12:51:15.056 [INFO]   [Creating]         [61/129]     Indicates that the method is generated by some framework or tool and should not
12:51:15.056 [INFO]   [Creating]         [61/129]     be tested explicitly. The expectation is that the generator itself should be
12:51:15.056 [INFO]   [Creating]         [61/129]     tested and not each piece of code it produces.
12:51:15.056 [INFO]   [Creating]         [61/129]     Currently, this includes methods identified generated by Lombok, Protobuf,
12:51:15.056 [INFO]   [Creating]         [61/129]     Grpc, Hibernate, or annotated with a custom '@Generated' annotation
12:51:15.056 [INFO]   [Creating]         [61/129]     (as long as the custom annotation has 'RUNTIME' or 'CLASS' retention).
12:51:15.056 [INFO]   [Creating]         [61/129]     Diffblue Cover considers these methods as not directly callable.
12:51:15.057 [INFO]   [Creating]         [62/129] uk.gov.gchq.palisade.resource.impl.SimpleConnectionDetail.toString
12:51:15.057 [INFO]   [Creating]         [62/129]   T024: Generated method
12:51:15.058 [INFO]   [Creating]         [62/129]     Indicates that the method is generated by some framework or tool and should not
12:51:15.058 [INFO]   [Creating]         [62/129]     be tested explicitly. The expectation is that the generator itself should be
12:51:15.058 [INFO]   [Creating]         [62/129]     tested and not each piece of code it produces.
12:51:15.058 [INFO]   [Creating]         [62/129]     Currently, this includes methods identified generated by Lombok, Protobuf,
12:51:15.058 [INFO]   [Creating]         [62/129]     Grpc, Hibernate, or annotated with a custom '@Generated' annotation
12:51:15.058 [INFO]   [Creating]         [62/129]     (as long as the custom annotation has 'RUNTIME' or 'CLASS' retention).
12:51:15.058 [INFO]   [Creating]         [62/129]     Diffblue Cover considers these methods as not directly callable.
12:51:15.059 [INFO]   [Creating]    Filtering of methods complete. Creating analysis request
12:51:15.059 [INFO]   [Creating]    Attempting to get service client, retry 1.
12:51:15.215 [INFO]   [Creating]         [63/129] uk.gov.gchq.palisade.resource.impl.SimpleConnectionDetail.<init>
12:51:15.215 [INFO]   [Creating]         [63/129]   Tests created: 1
12:51:15.217 [INFO]   [Creating]     [7/25] uk.gov.gchq.palisade.resource.impl.SimpleConnectionDetail
12:51:15.218 [INFO]   [Creating]     [7/25]   Tests created: 1
12:51:15.219 [INFO]   [Creating]    
================================================================================
= Starting analysis for class 'uk.gov.gchq.palisade.resource.impl.SystemResource'
================================================================================
12:51:15.219 [INFO]   [Creating]    Filtering out non-testable methods...
12:51:15.222 [INFO]   [Creating]    Filtering of methods complete. Creating analysis request
12:51:15.222 [INFO]   [Creating]    Attempting to get service client, retry 1.
12:51:15.842 [INFO]   [Creating]         [64/129] uk.gov.gchq.palisade.resource.impl.SystemResource.<init>
12:51:15.843 [INFO]   [Creating]         [64/129]   Tests created: 1
12:51:15.977 [INFO]   [Creating]         [65/129] uk.gov.gchq.palisade.resource.impl.SystemResource.id
12:51:15.977 [INFO]   [Creating]         [65/129]   Tests created: 2
12:51:15.980 [INFO]   [Creating]     [8/25] uk.gov.gchq.palisade.resource.impl.SystemResource
12:51:15.980 [INFO]   [Creating]     [8/25]   Tests created: 3
12:51:15.981 [INFO]   [Creating]    
================================================================================
= Starting analysis for class 'uk.gov.gchq.palisade.rule.Rule'
================================================================================
12:51:15.981 [INFO]   [Creating]    Filtering out non-testable methods...
12:51:15.984 [INFO]   [Creating]         [66/129] uk.gov.gchq.palisade.rule.Rule.isApplicable
12:51:15.984 [INFO]   [Creating]         [66/129]   T009: No implementation for abstract class
12:51:15.984 [INFO]   [Creating]         [66/129]     The method is a non-abstract instance method in an abstract class or
12:51:15.984 [INFO]   [Creating]         [66/129]     a default method in an interface. Diffblue Cover would test such methods
12:51:15.984 [INFO]   [Creating]         [66/129]     by using an implementation of that abstract class or interface. However,
12:51:15.984 [INFO]   [Creating]         [66/129]     no such implementation has been found.
12:51:15.984 [INFO]   [Creating]         [66/129]     Please provide an implementation for the abstract class or interface.
12:51:15.984 [INFO]   [Creating]         [66/129]     See https://diff.blue/T009 to resolve this issue.
12:51:15.984 [INFO]   [Creating]     [9/25] uk.gov.gchq.palisade.rule.Rule
12:51:15.984 [INFO]   [Creating]     [9/25]   Tests created: 0
12:51:15.984 [INFO]   [Creating]    No testable methods
12:51:15.984 [INFO]   [Creating]    
================================================================================
= Starting analysis for class 'uk.gov.gchq.palisade.rule.Rules'
================================================================================
12:51:15.984 [INFO]   [Creating]    Filtering out non-testable methods...
12:51:15.988 [INFO]   [Creating]         [67/129] uk.gov.gchq.palisade.rule.Rules.addRule
12:51:15.988 [INFO]   [Creating]         [67/129]   T024: Generated method
12:51:15.988 [INFO]   [Creating]         [67/129]     Indicates that the method is generated by some framework or tool and should not
12:51:15.988 [INFO]   [Creating]         [67/129]     be tested explicitly. The expectation is that the generator itself should be
12:51:15.988 [INFO]   [Creating]         [67/129]     tested and not each piece of code it produces.
12:51:15.988 [INFO]   [Creating]         [67/129]     Currently, this includes methods identified generated by Lombok, Protobuf,
12:51:15.988 [INFO]   [Creating]         [67/129]     Grpc, Hibernate, or annotated with a custom '@Generated' annotation
12:51:15.988 [INFO]   [Creating]         [67/129]     (as long as the custom annotation has 'RUNTIME' or 'CLASS' retention).
12:51:15.988 [INFO]   [Creating]         [67/129]     Diffblue Cover considers these methods as not directly callable.
12:51:15.989 [INFO]   [Creating]         [68/129] uk.gov.gchq.palisade.rule.Rules.addRules
12:51:15.989 [INFO]   [Creating]         [68/129]   T024: Generated method
12:51:15.989 [INFO]   [Creating]         [68/129]     Indicates that the method is generated by some framework or tool and should not
12:51:15.989 [INFO]   [Creating]         [68/129]     be tested explicitly. The expectation is that the generator itself should be
12:51:15.989 [INFO]   [Creating]         [68/129]     tested and not each piece of code it produces.
12:51:15.989 [INFO]   [Creating]         [68/129]     Currently, this includes methods identified generated by Lombok, Protobuf,
12:51:15.989 [INFO]   [Creating]         [68/129]     Grpc, Hibernate, or annotated with a custom '@Generated' annotation
12:51:15.989 [INFO]   [Creating]         [68/129]     (as long as the custom annotation has 'RUNTIME' or 'CLASS' retention).
12:51:15.989 [INFO]   [Creating]         [68/129]     Diffblue Cover considers these methods as not directly callable.
12:51:15.992 [INFO]   [Creating]         [69/129] uk.gov.gchq.palisade.rule.Rules.getMessage
12:51:15.992 [INFO]   [Creating]         [69/129]   T024: Generated method
12:51:15.992 [INFO]   [Creating]         [69/129]     Indicates that the method is generated by some framework or tool and should not
12:51:15.992 [INFO]   [Creating]         [69/129]     be tested explicitly. The expectation is that the generator itself should be
12:51:15.992 [INFO]   [Creating]         [69/129]     tested and not each piece of code it produces.
12:51:15.992 [INFO]   [Creating]         [69/129]     Currently, this includes methods identified generated by Lombok, Protobuf,
12:51:15.992 [INFO]   [Creating]         [69/129]     Grpc, Hibernate, or annotated with a custom '@Generated' annotation
12:51:15.992 [INFO]   [Creating]         [69/129]     (as long as the custom annotation has 'RUNTIME' or 'CLASS' retention).
12:51:15.992 [INFO]   [Creating]         [69/129]     Diffblue Cover considers these methods as not directly callable.
12:51:15.993 [INFO]   [Creating]         [70/129] uk.gov.gchq.palisade.rule.Rules.getRules
12:51:15.993 [INFO]   [Creating]         [70/129]   T024: Generated method
12:51:15.993 [INFO]   [Creating]         [70/129]     Indicates that the method is generated by some framework or tool and should not
12:51:15.993 [INFO]   [Creating]         [70/129]     be tested explicitly. The expectation is that the generator itself should be
12:51:15.993 [INFO]   [Creating]         [70/129]     tested and not each piece of code it produces.
12:51:15.993 [INFO]   [Creating]         [70/129]     Currently, this includes methods identified generated by Lombok, Protobuf,
12:51:15.993 [INFO]   [Creating]         [70/129]     Grpc, Hibernate, or annotated with a custom '@Generated' annotation
12:51:15.993 [INFO]   [Creating]         [70/129]     (as long as the custom annotation has 'RUNTIME' or 'CLASS' retention).
12:51:15.993 [INFO]   [Creating]         [70/129]     Diffblue Cover considers these methods as not directly callable.
12:51:15.994 [INFO]   [Creating]         [71/129] uk.gov.gchq.palisade.rule.Rules.hashCode
12:51:15.994 [INFO]   [Creating]         [71/129]   T024: Generated method
12:51:15.994 [INFO]   [Creating]         [71/129]     Indicates that the method is generated by some framework or tool and should not
12:51:15.994 [INFO]   [Creating]         [71/129]     be tested explicitly. The expectation is that the generator itself should be
12:51:15.994 [INFO]   [Creating]         [71/129]     tested and not each piece of code it produces.
12:51:15.994 [INFO]   [Creating]         [71/129]     Currently, this includes methods identified generated by Lombok, Protobuf,
12:51:15.994 [INFO]   [Creating]         [71/129]     Grpc, Hibernate, or annotated with a custom '@Generated' annotation
12:51:15.994 [INFO]   [Creating]         [71/129]     (as long as the custom annotation has 'RUNTIME' or 'CLASS' retention).
12:51:15.994 [INFO]   [Creating]         [71/129]     Diffblue Cover considers these methods as not directly callable.
12:51:15.996 [INFO]   [Creating]         [72/129] uk.gov.gchq.palisade.rule.Rules.message
12:51:15.996 [INFO]   [Creating]         [72/129]   T024: Generated method
12:51:15.996 [INFO]   [Creating]         [72/129]     Indicates that the method is generated by some framework or tool and should not
12:51:15.996 [INFO]   [Creating]         [72/129]     be tested explicitly. The expectation is that the generator itself should be
12:51:15.996 [INFO]   [Creating]         [72/129]     tested and not each piece of code it produces.
12:51:15.996 [INFO]   [Creating]         [72/129]     Currently, this includes methods identified generated by Lombok, Protobuf,
12:51:15.996 [INFO]   [Creating]         [72/129]     Grpc, Hibernate, or annotated with a custom '@Generated' annotation
12:51:15.996 [INFO]   [Creating]         [72/129]     (as long as the custom annotation has 'RUNTIME' or 'CLASS' retention).
12:51:15.996 [INFO]   [Creating]         [72/129]     Diffblue Cover considers these methods as not directly callable.
12:51:15.997 [INFO]   [Creating]         [73/129] uk.gov.gchq.palisade.rule.Rules.rules
12:51:15.997 [INFO]   [Creating]         [73/129]   T024: Generated method
12:51:15.997 [INFO]   [Creating]         [73/129]     Indicates that the method is generated by some framework or tool and should not
12:51:15.997 [INFO]   [Creating]         [73/129]     be tested explicitly. The expectation is that the generator itself should be
12:51:15.997 [INFO]   [Creating]         [73/129]     tested and not each piece of code it produces.
12:51:15.997 [INFO]   [Creating]         [73/129]     Currently, this includes methods identified generated by Lombok, Protobuf,
12:51:15.997 [INFO]   [Creating]         [73/129]     Grpc, Hibernate, or annotated with a custom '@Generated' annotation
12:51:15.997 [INFO]   [Creating]         [73/129]     (as long as the custom annotation has 'RUNTIME' or 'CLASS' retention).
12:51:15.997 [INFO]   [Creating]         [73/129]     Diffblue Cover considers these methods as not directly callable.
12:51:15.999 [INFO]   [Creating]         [74/129] uk.gov.gchq.palisade.rule.Rules.setMessage
12:51:15.999 [INFO]   [Creating]         [74/129]   T024: Generated method
12:51:15.999 [INFO]   [Creating]         [74/129]     Indicates that the method is generated by some framework or tool and should not
12:51:15.999 [INFO]   [Creating]         [74/129]     be tested explicitly. The expectation is that the generator itself should be
12:51:15.999 [INFO]   [Creating]         [74/129]     tested and not each piece of code it produces.
12:51:15.999 [INFO]   [Creating]         [74/129]     Currently, this includes methods identified generated by Lombok, Protobuf,
12:51:15.999 [INFO]   [Creating]         [74/129]     Grpc, Hibernate, or annotated with a custom '@Generated' annotation
12:51:15.999 [INFO]   [Creating]         [74/129]     (as long as the custom annotation has 'RUNTIME' or 'CLASS' retention).
12:51:15.999 [INFO]   [Creating]         [74/129]     Diffblue Cover considers these methods as not directly callable.
12:51:16.000 [INFO]   [Creating]         [75/129] uk.gov.gchq.palisade.rule.Rules.setRules
12:51:16.000 [INFO]   [Creating]         [75/129]   T024: Generated method
12:51:16.000 [INFO]   [Creating]         [75/129]     Indicates that the method is generated by some framework or tool and should not
12:51:16.000 [INFO]   [Creating]         [75/129]     be tested explicitly. The expectation is that the generator itself should be
12:51:16.000 [INFO]   [Creating]         [75/129]     tested and not each piece of code it produces.
12:51:16.000 [INFO]   [Creating]         [75/129]     Currently, this includes methods identified generated by Lombok, Protobuf,
12:51:16.000 [INFO]   [Creating]         [75/129]     Grpc, Hibernate, or annotated with a custom '@Generated' annotation
12:51:16.000 [INFO]   [Creating]         [75/129]     (as long as the custom annotation has 'RUNTIME' or 'CLASS' retention).
12:51:16.000 [INFO]   [Creating]         [75/129]     Diffblue Cover considers these methods as not directly callable.
12:51:16.002 [INFO]   [Creating]         [76/129] uk.gov.gchq.palisade.rule.Rules.toString
12:51:16.002 [INFO]   [Creating]         [76/129]   T024: Generated method
12:51:16.002 [INFO]   [Creating]         [76/129]     Indicates that the method is generated by some framework or tool and should not
12:51:16.002 [INFO]   [Creating]         [76/129]     be tested explicitly. The expectation is that the generator itself should be
12:51:16.002 [INFO]   [Creating]         [76/129]     tested and not each piece of code it produces.
12:51:16.002 [INFO]   [Creating]         [76/129]     Currently, this includes methods identified generated by Lombok, Protobuf,
12:51:16.002 [INFO]   [Creating]         [76/129]     Grpc, Hibernate, or annotated with a custom '@Generated' annotation
12:51:16.002 [INFO]   [Creating]         [76/129]     (as long as the custom annotation has 'RUNTIME' or 'CLASS' retention).
12:51:16.002 [INFO]   [Creating]         [76/129]     Diffblue Cover considers these methods as not directly callable.
12:51:16.003 [INFO]   [Creating]    Filtering of methods complete. Creating analysis request
12:51:16.003 [INFO]   [Creating]    Attempting to get service client, retry 1.
12:51:23.401 [INFO]   [Creating]         [77/129] uk.gov.gchq.palisade.rule.Rules.<init>
12:51:23.401 [INFO]   [Creating]         [77/129]   Tests created: 1
12:51:24.512 [INFO]   [Creating]         [78/129] uk.gov.gchq.palisade.rule.Rules.equals
12:51:24.512 [INFO]   [Creating]         [78/129]   Tests created: 8
12:51:24.649 [INFO]   [Creating]         [79/129] uk.gov.gchq.palisade.rule.Rules.containsRules
12:51:24.649 [INFO]   [Creating]         [79/129]   Tests created: 2
12:51:24.651 [INFO]   [Creating]    [10/25] uk.gov.gchq.palisade.rule.Rules
12:51:24.651 [INFO]   [Creating]    [10/25]   Tests created: 11
12:51:24.654 [INFO]   [Creating]    
================================================================================
= Starting analysis for class 'uk.gov.gchq.palisade.user.User'
================================================================================
12:51:24.654 [INFO]   [Creating]    Filtering out non-testable methods...
12:51:24.660 [INFO]   [Creating]         [80/129] uk.gov.gchq.palisade.user.User.addAuths
12:51:24.660 [INFO]   [Creating]         [80/129]   T024: Generated method
12:51:24.660 [INFO]   [Creating]         [80/129]     Indicates that the method is generated by some framework or tool and should not
12:51:24.660 [INFO]   [Creating]         [80/129]     be tested explicitly. The expectation is that the generator itself should be
12:51:24.660 [INFO]   [Creating]         [80/129]     tested and not each piece of code it produces.
12:51:24.660 [INFO]   [Creating]         [80/129]     Currently, this includes methods identified generated by Lombok, Protobuf,
12:51:24.660 [INFO]   [Creating]         [80/129]     Grpc, Hibernate, or annotated with a custom '@Generated' annotation
12:51:24.660 [INFO]   [Creating]         [80/129]     (as long as the custom annotation has 'RUNTIME' or 'CLASS' retention).
12:51:24.660 [INFO]   [Creating]         [80/129]     Diffblue Cover considers these methods as not directly callable.
12:51:24.661 [INFO]   [Creating]         [81/129] uk.gov.gchq.palisade.user.User.addRoles
12:51:24.661 [INFO]   [Creating]         [81/129]   T024: Generated method
12:51:24.661 [INFO]   [Creating]         [81/129]     Indicates that the method is generated by some framework or tool and should not
12:51:24.661 [INFO]   [Creating]         [81/129]     be tested explicitly. The expectation is that the generator itself should be
12:51:24.661 [INFO]   [Creating]         [81/129]     tested and not each piece of code it produces.
12:51:24.661 [INFO]   [Creating]         [81/129]     Currently, this includes methods identified generated by Lombok, Protobuf,
12:51:24.661 [INFO]   [Creating]         [81/129]     Grpc, Hibernate, or annotated with a custom '@Generated' annotation
12:51:24.661 [INFO]   [Creating]         [81/129]     (as long as the custom annotation has 'RUNTIME' or 'CLASS' retention).
12:51:24.661 [INFO]   [Creating]         [81/129]     Diffblue Cover considers these methods as not directly callable.
12:51:24.663 [INFO]   [Creating]         [82/129] uk.gov.gchq.palisade.user.User.auths
12:51:24.663 [INFO]   [Creating]         [82/129]   T024: Generated method
12:51:24.663 [INFO]   [Creating]         [82/129]     Indicates that the method is generated by some framework or tool and should not
12:51:24.663 [INFO]   [Creating]         [82/129]     be tested explicitly. The expectation is that the generator itself should be
12:51:24.663 [INFO]   [Creating]         [82/129]     tested and not each piece of code it produces.
12:51:24.663 [INFO]   [Creating]         [82/129]     Currently, this includes methods identified generated by Lombok, Protobuf,
12:51:24.663 [INFO]   [Creating]         [82/129]     Grpc, Hibernate, or annotated with a custom '@Generated' annotation
12:51:24.663 [INFO]   [Creating]         [82/129]     (as long as the custom annotation has 'RUNTIME' or 'CLASS' retention).
12:51:24.663 [INFO]   [Creating]         [82/129]     Diffblue Cover considers these methods as not directly callable.
12:51:24.664 [INFO]   [Creating]         [83/129] uk.gov.gchq.palisade.user.User.auths
12:51:24.664 [INFO]   [Creating]         [83/129]   T024: Generated method
12:51:24.664 [INFO]   [Creating]         [83/129]     Indicates that the method is generated by some framework or tool and should not
12:51:24.664 [INFO]   [Creating]         [83/129]     be tested explicitly. The expectation is that the generator itself should be
12:51:24.664 [INFO]   [Creating]         [83/129]     tested and not each piece of code it produces.
12:51:24.664 [INFO]   [Creating]         [83/129]     Currently, this includes methods identified generated by Lombok, Protobuf,
12:51:24.664 [INFO]   [Creating]         [83/129]     Grpc, Hibernate, or annotated with a custom '@Generated' annotation
12:51:24.664 [INFO]   [Creating]         [83/129]     (as long as the custom annotation has 'RUNTIME' or 'CLASS' retention).
12:51:24.664 [INFO]   [Creating]         [83/129]     Diffblue Cover considers these methods as not directly callable.
12:51:24.665 [INFO]   [Creating]         [84/129] uk.gov.gchq.palisade.user.User.equals
12:51:24.665 [INFO]   [Creating]         [84/129]   T024: Generated method
12:51:24.665 [INFO]   [Creating]         [84/129]     Indicates that the method is generated by some framework or tool and should not
12:51:24.666 [INFO]   [Creating]         [84/129]     be tested explicitly. The expectation is that the generator itself should be
12:51:24.666 [INFO]   [Creating]         [84/129]     tested and not each piece of code it produces.
12:51:24.666 [INFO]   [Creating]         [84/129]     Currently, this includes methods identified generated by Lombok, Protobuf,
12:51:24.666 [INFO]   [Creating]         [84/129]     Grpc, Hibernate, or annotated with a custom '@Generated' annotation
12:51:24.666 [INFO]   [Creating]         [84/129]     (as long as the custom annotation has 'RUNTIME' or 'CLASS' retention).
12:51:24.666 [INFO]   [Creating]         [84/129]     Diffblue Cover considers these methods as not directly callable.
12:51:24.667 [INFO]   [Creating]         [85/129] uk.gov.gchq.palisade.user.User.getAuths
12:51:24.667 [INFO]   [Creating]         [85/129]   T024: Generated method
12:51:24.667 [INFO]   [Creating]         [85/129]     Indicates that the method is generated by some framework or tool and should not
12:51:24.667 [INFO]   [Creating]         [85/129]     be tested explicitly. The expectation is that the generator itself should be
12:51:24.667 [INFO]   [Creating]         [85/129]     tested and not each piece of code it produces.
12:51:24.667 [INFO]   [Creating]         [85/129]     Currently, this includes methods identified generated by Lombok, Protobuf,
12:51:24.667 [INFO]   [Creating]         [85/129]     Grpc, Hibernate, or annotated with a custom '@Generated' annotation
12:51:24.667 [INFO]   [Creating]         [85/129]     (as long as the custom annotation has 'RUNTIME' or 'CLASS' retention).
12:51:24.667 [INFO]   [Creating]         [85/129]     Diffblue Cover considers these methods as not directly callable.
12:51:24.668 [INFO]   [Creating]         [86/129] uk.gov.gchq.palisade.user.User.getRoles
12:51:24.668 [INFO]   [Creating]         [86/129]   T024: Generated method
12:51:24.668 [INFO]   [Creating]         [86/129]     Indicates that the method is generated by some framework or tool and should not
12:51:24.668 [INFO]   [Creating]         [86/129]     be tested explicitly. The expectation is that the generator itself should be
12:51:24.668 [INFO]   [Creating]         [86/129]     tested and not each piece of code it produces.
12:51:24.668 [INFO]   [Creating]         [86/129]     Currently, this includes methods identified generated by Lombok, Protobuf,
12:51:24.668 [INFO]   [Creating]         [86/129]     Grpc, Hibernate, or annotated with a custom '@Generated' annotation
12:51:24.668 [INFO]   [Creating]         [86/129]     (as long as the custom annotation has 'RUNTIME' or 'CLASS' retention).
12:51:24.668 [INFO]   [Creating]         [86/129]     Diffblue Cover considers these methods as not directly callable.
12:51:24.669 [INFO]   [Creating]         [87/129] uk.gov.gchq.palisade.user.User.getUserId
12:51:24.669 [INFO]   [Creating]         [87/129]   T024: Generated method
12:51:24.669 [INFO]   [Creating]         [87/129]     Indicates that the method is generated by some framework or tool and should not
12:51:24.669 [INFO]   [Creating]         [87/129]     be tested explicitly. The expectation is that the generator itself should be
12:51:24.669 [INFO]   [Creating]         [87/129]     tested and not each piece of code it produces.
12:51:24.669 [INFO]   [Creating]         [87/129]     Currently, this includes methods identified generated by Lombok, Protobuf,
12:51:24.669 [INFO]   [Creating]         [87/129]     Grpc, Hibernate, or annotated with a custom '@Generated' annotation
12:51:24.669 [INFO]   [Creating]         [87/129]     (as long as the custom annotation has 'RUNTIME' or 'CLASS' retention).
12:51:24.669 [INFO]   [Creating]         [87/129]     Diffblue Cover considers these methods as not directly callable.
12:51:24.670 [INFO]   [Creating]         [88/129] uk.gov.gchq.palisade.user.User.hashCode
12:51:24.670 [INFO]   [Creating]         [88/129]   T024: Generated method
12:51:24.670 [INFO]   [Creating]         [88/129]     Indicates that the method is generated by some framework or tool and should not
12:51:24.670 [INFO]   [Creating]         [88/129]     be tested explicitly. The expectation is that the generator itself should be
12:51:24.670 [INFO]   [Creating]         [88/129]     tested and not each piece of code it produces.
12:51:24.670 [INFO]   [Creating]         [88/129]     Currently, this includes methods identified generated by Lombok, Protobuf,
12:51:24.670 [INFO]   [Creating]         [88/129]     Grpc, Hibernate, or annotated with a custom '@Generated' annotation
12:51:24.670 [INFO]   [Creating]         [88/129]     (as long as the custom annotation has 'RUNTIME' or 'CLASS' retention).
12:51:24.670 [INFO]   [Creating]         [88/129]     Diffblue Cover considers these methods as not directly callable.
12:51:24.672 [INFO]   [Creating]         [89/129] uk.gov.gchq.palisade.user.User.roles
12:51:24.672 [INFO]   [Creating]         [89/129]   T024: Generated method
12:51:24.672 [INFO]   [Creating]         [89/129]     Indicates that the method is generated by some framework or tool and should not
12:51:24.672 [INFO]   [Creating]         [89/129]     be tested explicitly. The expectation is that the generator itself should be
12:51:24.672 [INFO]   [Creating]         [89/129]     tested and not each piece of code it produces.
12:51:24.672 [INFO]   [Creating]         [89/129]     Currently, this includes methods identified generated by Lombok, Protobuf,
12:51:24.672 [INFO]   [Creating]         [89/129]     Grpc, Hibernate, or annotated with a custom '@Generated' annotation
12:51:24.672 [INFO]   [Creating]         [89/129]     (as long as the custom annotation has 'RUNTIME' or 'CLASS' retention).
12:51:24.672 [INFO]   [Creating]         [89/129]     Diffblue Cover considers these methods as not directly callable.
12:51:24.673 [INFO]   [Creating]         [90/129] uk.gov.gchq.palisade.user.User.roles
12:51:24.673 [INFO]   [Creating]         [90/129]   T024: Generated method
12:51:24.673 [INFO]   [Creating]         [90/129]     Indicates that the method is generated by some framework or tool and should not
12:51:24.673 [INFO]   [Creating]         [90/129]     be tested explicitly. The expectation is that the generator itself should be
12:51:24.673 [INFO]   [Creating]         [90/129]     tested and not each piece of code it produces.
12:51:24.673 [INFO]   [Creating]         [90/129]     Currently, this includes methods identified generated by Lombok, Protobuf,
12:51:24.673 [INFO]   [Creating]         [90/129]     Grpc, Hibernate, or annotated with a custom '@Generated' annotation
12:51:24.673 [INFO]   [Creating]         [90/129]     (as long as the custom annotation has 'RUNTIME' or 'CLASS' retention).
12:51:24.673 [INFO]   [Creating]         [90/129]     Diffblue Cover considers these methods as not directly callable.
12:51:24.674 [INFO]   [Creating]         [91/129] uk.gov.gchq.palisade.user.User.setAuths
12:51:24.674 [INFO]   [Creating]         [91/129]   T024: Generated method
12:51:24.674 [INFO]   [Creating]         [91/129]     Indicates that the method is generated by some framework or tool and should not
12:51:24.674 [INFO]   [Creating]         [91/129]     be tested explicitly. The expectation is that the generator itself should be
12:51:24.674 [INFO]   [Creating]         [91/129]     tested and not each piece of code it produces.
12:51:24.674 [INFO]   [Creating]         [91/129]     Currently, this includes methods identified generated by Lombok, Protobuf,
12:51:24.674 [INFO]   [Creating]         [91/129]     Grpc, Hibernate, or annotated with a custom '@Generated' annotation
12:51:24.674 [INFO]   [Creating]         [91/129]     (as long as the custom annotation has 'RUNTIME' or 'CLASS' retention).
12:51:24.674 [INFO]   [Creating]         [91/129]     Diffblue Cover considers these methods as not directly callable.
12:51:24.675 [INFO]   [Creating]         [92/129] uk.gov.gchq.palisade.user.User.setRoles
12:51:24.675 [INFO]   [Creating]         [92/129]   T024: Generated method
12:51:24.675 [INFO]   [Creating]         [92/129]     Indicates that the method is generated by some framework or tool and should not
12:51:24.675 [INFO]   [Creating]         [92/129]     be tested explicitly. The expectation is that the generator itself should be
12:51:24.675 [INFO]   [Creating]         [92/129]     tested and not each piece of code it produces.
12:51:24.675 [INFO]   [Creating]         [92/129]     Currently, this includes methods identified generated by Lombok, Protobuf,
12:51:24.675 [INFO]   [Creating]         [92/129]     Grpc, Hibernate, or annotated with a custom '@Generated' annotation
12:51:24.675 [INFO]   [Creating]         [92/129]     (as long as the custom annotation has 'RUNTIME' or 'CLASS' retention).
12:51:24.675 [INFO]   [Creating]         [92/129]     Diffblue Cover considers these methods as not directly callable.
12:51:24.676 [INFO]   [Creating]         [93/129] uk.gov.gchq.palisade.user.User.setUserId
12:51:24.676 [INFO]   [Creating]         [93/129]   T024: Generated method
12:51:24.676 [INFO]   [Creating]         [93/129]     Indicates that the method is generated by some framework or tool and should not
12:51:24.676 [INFO]   [Creating]         [93/129]     be tested explicitly. The expectation is that the generator itself should be
12:51:24.676 [INFO]   [Creating]         [93/129]     tested and not each piece of code it produces.
12:51:24.676 [INFO]   [Creating]         [93/129]     Currently, this includes methods identified generated by Lombok, Protobuf,
12:51:24.676 [INFO]   [Creating]         [93/129]     Grpc, Hibernate, or annotated with a custom '@Generated' annotation
12:51:24.676 [INFO]   [Creating]         [93/129]     (as long as the custom annotation has 'RUNTIME' or 'CLASS' retention).
12:51:24.676 [INFO]   [Creating]         [93/129]     Diffblue Cover considers these methods as not directly callable.
12:51:24.677 [INFO]   [Creating]         [94/129] uk.gov.gchq.palisade.user.User.toString
12:51:24.677 [INFO]   [Creating]         [94/129]   T024: Generated method
12:51:24.677 [INFO]   [Creating]         [94/129]     Indicates that the method is generated by some framework or tool and should not
12:51:24.677 [INFO]   [Creating]         [94/129]     be tested explicitly. The expectation is that the generator itself should be
12:51:24.677 [INFO]   [Creating]         [94/129]     tested and not each piece of code it produces.
12:51:24.677 [INFO]   [Creating]         [94/129]     Currently, this includes methods identified generated by Lombok, Protobuf,
12:51:24.677 [INFO]   [Creating]         [94/129]     Grpc, Hibernate, or annotated with a custom '@Generated' annotation
12:51:24.677 [INFO]   [Creating]         [94/129]     (as long as the custom annotation has 'RUNTIME' or 'CLASS' retention).
12:51:24.677 [INFO]   [Creating]         [94/129]     Diffblue Cover considers these methods as not directly callable.
12:51:24.678 [INFO]   [Creating]         [95/129] uk.gov.gchq.palisade.user.User.userId
12:51:24.678 [INFO]   [Creating]         [95/129]   T024: Generated method
12:51:24.678 [INFO]   [Creating]         [95/129]     Indicates that the method is generated by some framework or tool and should not
12:51:24.678 [INFO]   [Creating]         [95/129]     be tested explicitly. The expectation is that the generator itself should be
12:51:24.678 [INFO]   [Creating]         [95/129]     tested and not each piece of code it produces.
12:51:24.678 [INFO]   [Creating]         [95/129]     Currently, this includes methods identified generated by Lombok, Protobuf,
12:51:24.678 [INFO]   [Creating]         [95/129]     Grpc, Hibernate, or annotated with a custom '@Generated' annotation
12:51:24.678 [INFO]   [Creating]         [95/129]     (as long as the custom annotation has 'RUNTIME' or 'CLASS' retention).
12:51:24.678 [INFO]   [Creating]         [95/129]     Diffblue Cover considers these methods as not directly callable.
12:51:24.679 [INFO]   [Creating]         [96/129] uk.gov.gchq.palisade.user.User.userId
12:51:24.679 [INFO]   [Creating]         [96/129]   T024: Generated method
12:51:24.679 [INFO]   [Creating]         [96/129]     Indicates that the method is generated by some framework or tool and should not
12:51:24.679 [INFO]   [Creating]         [96/129]     be tested explicitly. The expectation is that the generator itself should be
12:51:24.679 [INFO]   [Creating]         [96/129]     tested and not each piece of code it produces.
12:51:24.679 [INFO]   [Creating]         [96/129]     Currently, this includes methods identified generated by Lombok, Protobuf,
12:51:24.679 [INFO]   [Creating]         [96/129]     Grpc, Hibernate, or annotated with a custom '@Generated' annotation
12:51:24.679 [INFO]   [Creating]         [96/129]     (as long as the custom annotation has 'RUNTIME' or 'CLASS' retention).
12:51:24.679 [INFO]   [Creating]         [96/129]     Diffblue Cover considers these methods as not directly callable.
12:51:24.680 [INFO]   [Creating]    Filtering of methods complete. Creating analysis request
12:51:24.680 [INFO]   [Creating]    Attempting to get service client, retry 1.
12:51:25.047 [INFO]   [Creating]         [97/129] uk.gov.gchq.palisade.user.User.<init>
12:51:25.047 [INFO]   [Creating]         [97/129]   Tests created: 1
12:51:25.144 [INFO]   [Creating]         [98/129] uk.gov.gchq.palisade.user.User.<init>
12:51:25.144 [INFO]   [Creating]         [98/129]   Tests created: 1
12:51:25.146 [INFO]   [Creating]    [11/25] uk.gov.gchq.palisade.user.User
12:51:25.146 [INFO]   [Creating]    [11/25]   Tests created: 2
12:51:25.147 [INFO]   [Creating]    
================================================================================
= Starting analysis for class 'uk.gov.gchq.palisade.user.UserId'
================================================================================
12:51:25.147 [INFO]   [Creating]    Filtering out non-testable methods...
12:51:25.149 [INFO]   [Creating]         [99/129] uk.gov.gchq.palisade.user.UserId.equals
12:51:25.149 [INFO]   [Creating]         [99/129]   T024: Generated method
12:51:25.149 [INFO]   [Creating]         [99/129]     Indicates that the method is generated by some framework or tool and should not
12:51:25.149 [INFO]   [Creating]         [99/129]     be tested explicitly. The expectation is that the generator itself should be
12:51:25.149 [INFO]   [Creating]         [99/129]     tested and not each piece of code it produces.
12:51:25.149 [INFO]   [Creating]         [99/129]     Currently, this includes methods identified generated by Lombok, Protobuf,
12:51:25.149 [INFO]   [Creating]         [99/129]     Grpc, Hibernate, or annotated with a custom '@Generated' annotation
12:51:25.149 [INFO]   [Creating]         [99/129]     (as long as the custom annotation has 'RUNTIME' or 'CLASS' retention).
12:51:25.149 [INFO]   [Creating]         [99/129]     Diffblue Cover considers these methods as not directly callable.
12:51:25.151 [INFO]   [Creating]        [100/129] uk.gov.gchq.palisade.user.UserId.getId
12:51:25.151 [INFO]   [Creating]        [100/129]   T024: Generated method
12:51:25.151 [INFO]   [Creating]        [100/129]     Indicates that the method is generated by some framework or tool and should not
12:51:25.151 [INFO]   [Creating]        [100/129]     be tested explicitly. The expectation is that the generator itself should be
12:51:25.151 [INFO]   [Creating]        [100/129]     tested and not each piece of code it produces.
12:51:25.151 [INFO]   [Creating]        [100/129]     Currently, this includes methods identified generated by Lombok, Protobuf,
12:51:25.151 [INFO]   [Creating]        [100/129]     Grpc, Hibernate, or annotated with a custom '@Generated' annotation
12:51:25.151 [INFO]   [Creating]        [100/129]     (as long as the custom annotation has 'RUNTIME' or 'CLASS' retention).
12:51:25.151 [INFO]   [Creating]        [100/129]     Diffblue Cover considers these methods as not directly callable.
12:51:25.152 [INFO]   [Creating]        [101/129] uk.gov.gchq.palisade.user.UserId.hashCode
12:51:25.152 [INFO]   [Creating]        [101/129]   T024: Generated method
12:51:25.152 [INFO]   [Creating]        [101/129]     Indicates that the method is generated by some framework or tool and should not
12:51:25.152 [INFO]   [Creating]        [101/129]     be tested explicitly. The expectation is that the generator itself should be
12:51:25.152 [INFO]   [Creating]        [101/129]     tested and not each piece of code it produces.
12:51:25.152 [INFO]   [Creating]        [101/129]     Currently, this includes methods identified generated by Lombok, Protobuf,
12:51:25.152 [INFO]   [Creating]        [101/129]     Grpc, Hibernate, or annotated with a custom '@Generated' annotation
12:51:25.152 [INFO]   [Creating]        [101/129]     (as long as the custom annotation has 'RUNTIME' or 'CLASS' retention).
12:51:25.152 [INFO]   [Creating]        [101/129]     Diffblue Cover considers these methods as not directly callable.
12:51:25.154 [INFO]   [Creating]        [102/129] uk.gov.gchq.palisade.user.UserId.id
12:51:25.154 [INFO]   [Creating]        [102/129]   T024: Generated method
12:51:25.154 [INFO]   [Creating]        [102/129]     Indicates that the method is generated by some framework or tool and should not
12:51:25.154 [INFO]   [Creating]        [102/129]     be tested explicitly. The expectation is that the generator itself should be
12:51:25.154 [INFO]   [Creating]        [102/129]     tested and not each piece of code it produces.
12:51:25.154 [INFO]   [Creating]        [102/129]     Currently, this includes methods identified generated by Lombok, Protobuf,
12:51:25.154 [INFO]   [Creating]        [102/129]     Grpc, Hibernate, or annotated with a custom '@Generated' annotation
12:51:25.154 [INFO]   [Creating]        [102/129]     (as long as the custom annotation has 'RUNTIME' or 'CLASS' retention).
12:51:25.154 [INFO]   [Creating]        [102/129]     Diffblue Cover considers these methods as not directly callable.
12:51:25.156 [INFO]   [Creating]        [103/129] uk.gov.gchq.palisade.user.UserId.setId
12:51:25.156 [INFO]   [Creating]        [103/129]   T024: Generated method
12:51:25.156 [INFO]   [Creating]        [103/129]     Indicates that the method is generated by some framework or tool and should not
12:51:25.156 [INFO]   [Creating]        [103/129]     be tested explicitly. The expectation is that the generator itself should be
12:51:25.156 [INFO]   [Creating]        [103/129]     tested and not each piece of code it produces.
12:51:25.156 [INFO]   [Creating]        [103/129]     Currently, this includes methods identified generated by Lombok, Protobuf,
12:51:25.156 [INFO]   [Creating]        [103/129]     Grpc, Hibernate, or annotated with a custom '@Generated' annotation
12:51:25.156 [INFO]   [Creating]        [103/129]     (as long as the custom annotation has 'RUNTIME' or 'CLASS' retention).
12:51:25.156 [INFO]   [Creating]        [103/129]     Diffblue Cover considers these methods as not directly callable.
12:51:25.158 [INFO]   [Creating]        [104/129] uk.gov.gchq.palisade.user.UserId.toString
12:51:25.158 [INFO]   [Creating]        [104/129]   T024: Generated method
12:51:25.158 [INFO]   [Creating]        [104/129]     Indicates that the method is generated by some framework or tool and should not
12:51:25.158 [INFO]   [Creating]        [104/129]     be tested explicitly. The expectation is that the generator itself should be
12:51:25.158 [INFO]   [Creating]        [104/129]     tested and not each piece of code it produces.
12:51:25.158 [INFO]   [Creating]        [104/129]     Currently, this includes methods identified generated by Lombok, Protobuf,
12:51:25.158 [INFO]   [Creating]        [104/129]     Grpc, Hibernate, or annotated with a custom '@Generated' annotation
12:51:25.158 [INFO]   [Creating]        [104/129]     (as long as the custom annotation has 'RUNTIME' or 'CLASS' retention).
12:51:25.158 [INFO]   [Creating]        [104/129]     Diffblue Cover considers these methods as not directly callable.
12:51:25.159 [INFO]   [Creating]    Filtering of methods complete. Creating analysis request
12:51:25.160 [INFO]   [Creating]    Attempting to get service client, retry 1.
12:51:25.384 [INFO]   [Creating]        [105/129] uk.gov.gchq.palisade.user.UserId.<init>
12:51:25.384 [INFO]   [Creating]        [105/129]   Tests created: 1
12:51:25.439 [INFO]   [Creating]        [106/129] uk.gov.gchq.palisade.user.UserId.<init>
12:51:25.439 [INFO]   [Creating]        [106/129]   Tests created: 1
12:51:25.440 [INFO]   [Creating]    [12/25] uk.gov.gchq.palisade.user.UserId
12:51:25.440 [INFO]   [Creating]    [12/25]   Tests created: 2
12:51:25.441 [INFO]   [Creating]    
================================================================================
= Starting analysis for class 'uk.gov.gchq.palisade.util.AbstractResourceBuilder'
================================================================================
12:51:25.441 [INFO]   [Creating]    Filtering out non-testable methods...
12:51:25.449 [INFO]   [Creating]    Filtering of methods complete. Creating analysis request
12:51:25.449 [INFO]   [Creating]    Attempting to get service client, retry 1.
12:51:26.284 [INFO]   [Creating]        [107/129] uk.gov.gchq.palisade.util.AbstractResourceBuilder.create
12:51:26.284 [INFO]   [Creating]        [107/129]   Tests created: 1
12:51:26.399 [INFO]   [Creating]        [108/129] uk.gov.gchq.palisade.util.AbstractResourceBuilder.create
12:51:26.399 [INFO]   [Creating]        [108/129]   Diffblue AI was unable to find a test
12:51:26.878 [INFO]   [Creating]        [109/129] uk.gov.gchq.palisade.util.AbstractResourceBuilder.refreshProviders
12:51:26.878 [INFO]   [Creating]        [109/129]   Diffblue AI was unable to find a test
12:51:26.882 [INFO]   [Creating]        [110/129] uk.gov.gchq.palisade.util.AbstractResourceBuilder.buildNormal
12:51:26.882 [INFO]   [Creating]        [110/129]   Diffblue AI was unable to find a test
12:51:26.885 [INFO]   [Creating]    [13/25] uk.gov.gchq.palisade.util.AbstractResourceBuilder
12:51:26.885 [INFO]   [Creating]    [13/25]   Tests created: 1
12:51:26.886 [INFO]   [Creating]    
================================================================================
= Starting analysis for class 'uk.gov.gchq.palisade.util.FileResourceBuilder'
================================================================================
12:51:26.886 [INFO]   [Creating]    Filtering out non-testable methods...
12:51:26.888 [INFO]   [Creating]    Filtering of methods complete. Creating analysis request
12:51:26.888 [INFO]   [Creating]    Attempting to get service client, retry 1.
12:51:27.321 [INFO]   [Creating]        [111/129] uk.gov.gchq.palisade.util.FileResourceBuilder.<init>
12:51:27.321 [INFO]   [Creating]        [112/129] uk.gov.gchq.palisade.util.FileResourceBuilder.build
12:51:27.321 [INFO]   [Creating]        [112/129]   Tests created: 1
12:51:27.391 [INFO]   [Creating]        [113/129] uk.gov.gchq.palisade.util.FileResourceBuilder.accepts
12:51:27.391 [INFO]   [Creating]        [113/129]   Tests created: 1
12:51:27.392 [INFO]   [Creating]    [14/25] uk.gov.gchq.palisade.util.FileResourceBuilder
12:51:27.392 [INFO]   [Creating]    [14/25]   Tests created: 2
12:51:27.393 [INFO]   [Creating]    
================================================================================
= Starting analysis for class 'uk.gov.gchq.palisade.util.RulesUtil'
================================================================================
12:51:27.393 [INFO]   [Creating]    Filtering out non-testable methods...
12:51:27.395 [INFO]   [Creating]    Filtering of methods complete. Creating analysis request
12:51:27.395 [INFO]   [Creating]    Attempting to get service client, retry 1.
12:51:31.700 [INFO]   [Creating]        [114/129] uk.gov.gchq.palisade.util.RulesUtil.applyRulesToItem
12:51:31.700 [INFO]   [Creating]        [114/129]   R005: Unable to load class
12:51:31.700 [INFO]   [Creating]        [114/129]     Class: akka.actor.CoordinatedShutdown$ActorSystemTerminateReason
12:51:31.700 [INFO]   [Creating]        [114/129]     Please check that the class is available on your test runtime classpath.
12:51:31.700 [INFO]   [Creating]        [114/129]     See https://diff.blue/R005 to resolve this issue.
12:51:38.169 [INFO]   [Creating]        [115/129] uk.gov.gchq.palisade.util.RulesUtil.applyRulesToStream
12:51:38.169 [INFO]   [Creating]        [115/129]   Tests created: 3
12:51:38.170 [INFO]   [Creating]    [15/25] uk.gov.gchq.palisade.util.RulesUtil
12:51:38.170 [INFO]   [Creating]    [15/25]   Tests created: 3
12:51:38.171 [INFO]   [Creating]    
================================================================================
= Starting analysis for class 'uk.gov.gchq.palisade.util.UriBuilder'
================================================================================
12:51:38.171 [INFO]   [Creating]    Filtering out non-testable methods...
12:51:38.173 [INFO]   [Creating]    Filtering of methods complete. Creating analysis request
12:51:38.173 [INFO]   [Creating]    Attempting to get service client, retry 1.
12:51:39.267 [INFO]   [Creating]        [116/129] uk.gov.gchq.palisade.util.UriBuilder.<init>
12:51:39.267 [INFO]   [Creating]        [116/129]   R002: Missing observers
12:51:39.267 [INFO]   [Creating]        [116/129]     Diffblue Cover was unable to create an assertion.
12:51:39.267 [INFO]   [Creating]        [116/129]     Add getters for the following fields or make them package-private:
12:51:39.267 [INFO]   [Creating]        [116/129]     UriBuilder.baseUri
12:51:40.621 [INFO]   [Creating]        [117/129] uk.gov.gchq.palisade.util.UriBuilder.create
12:51:40.621 [INFO]   [Creating]        [117/129]   Diffblue AI was unable to find a test
12:51:40.623 [INFO]   [Creating]        [118/129] uk.gov.gchq.palisade.util.UriBuilder.create
12:51:40.623 [INFO]   [Creating]        [118/129]   Diffblue AI was unable to find a test
12:51:40.624 [INFO]   [Creating]    [16/25] uk.gov.gchq.palisade.util.UriBuilder
12:51:40.624 [INFO]   [Creating]    [16/25]   Tests created: 0
12:51:40.625 [INFO]   [Creating]    
================================================================================
= Starting analysis for class 'uk.gov.gchq.palisade.util.UriBuilder$AuthorityBuilder'
================================================================================
12:51:40.625 [INFO]   [Creating]    Filtering out non-testable methods...
12:51:40.628 [INFO]   [Creating]    Filtering of methods complete. Creating analysis request
12:51:40.628 [INFO]   [Creating]    Attempting to get service client, retry 1.
12:51:41.242 [INFO]   [Creating]        [119/129] uk.gov.gchq.palisade.util.UriBuilder$AuthorityBuilder.<init>
12:51:41.242 [INFO]   [Creating]        [119/129]   R002: Missing observers
12:51:41.242 [INFO]   [Creating]        [119/129]     Diffblue Cover was unable to create an assertion.
12:51:41.242 [INFO]   [Creating]        [119/129]     Add getters for the following fields or make them package-private:
12:51:41.242 [INFO]   [Creating]        [119/129]     AuthorityBuilder.baseUri
12:51:42.275 [INFO]   [Creating]        [120/129] uk.gov.gchq.palisade.util.UriBuilder$AuthorityBuilder.create
12:51:42.275 [INFO]   [Creating]        [120/129]   Diffblue AI was unable to find a test
12:51:42.277 [INFO]   [Creating]        [121/129] uk.gov.gchq.palisade.util.UriBuilder$AuthorityBuilder.create
12:51:42.277 [INFO]   [Creating]        [121/129]   Diffblue AI was unable to find a test
12:51:42.278 [INFO]   [Creating]    [17/25] uk.gov.gchq.palisade.util.UriBuilder$AuthorityBuilder
12:51:42.278 [INFO]   [Creating]    [17/25]   Tests created: 0
12:51:42.279 [INFO]   [Creating]    
================================================================================
= Starting analysis for class 'uk.gov.gchq.palisade.util.UriBuilder$AuthorityBuilder$IHost'
================================================================================
12:51:42.279 [INFO]   [Creating]    Filtering out non-testable methods...
12:51:42.281 [INFO]   [Creating]        [122/129] uk.gov.gchq.palisade.util.UriBuilder$AuthorityBuilder$IHost.withoutHost
12:51:42.281 [INFO]   [Creating]        [122/129]   T009: No implementation for abstract class
12:51:42.281 [INFO]   [Creating]        [122/129]     The method is a non-abstract instance method in an abstract class or
12:51:42.281 [INFO]   [Creating]        [122/129]     a default method in an interface. Diffblue Cover would test such methods
12:51:42.281 [INFO]   [Creating]        [122/129]     by using an implementation of that abstract class or interface. However,
12:51:42.281 [INFO]   [Creating]        [122/129]     no such implementation has been found.
12:51:42.281 [INFO]   [Creating]        [122/129]     Please provide an implementation for the abstract class or interface.
12:51:42.281 [INFO]   [Creating]        [122/129]     See https://diff.blue/T009 to resolve this issue.
12:51:42.281 [INFO]   [Creating]    [18/25] uk.gov.gchq.palisade.util.UriBuilder$AuthorityBuilder$IHost
12:51:42.281 [INFO]   [Creating]    [18/25]   Tests created: 0
12:51:42.281 [INFO]   [Creating]    No testable methods
12:51:42.281 [INFO]   [Creating]    
================================================================================
= Starting analysis for class 'uk.gov.gchq.palisade.util.UriBuilder$AuthorityBuilder$IPort'
================================================================================
12:51:42.281 [INFO]   [Creating]    Filtering out non-testable methods...
12:51:42.283 [INFO]   [Creating]        [123/129] uk.gov.gchq.palisade.util.UriBuilder$AuthorityBuilder$IPort.withoutPort
12:51:42.283 [INFO]   [Creating]        [123/129]   T009: No implementation for abstract class
12:51:42.283 [INFO]   [Creating]        [123/129]     The method is a non-abstract instance method in an abstract class or
12:51:42.283 [INFO]   [Creating]        [123/129]     a default method in an interface. Diffblue Cover would test such methods
12:51:42.283 [INFO]   [Creating]        [123/129]     by using an implementation of that abstract class or interface. However,
12:51:42.283 [INFO]   [Creating]        [123/129]     no such implementation has been found.
12:51:42.283 [INFO]   [Creating]        [123/129]     Please provide an implementation for the abstract class or interface.
12:51:42.283 [INFO]   [Creating]        [123/129]     See https://diff.blue/T009 to resolve this issue.
12:51:42.283 [INFO]   [Creating]    [19/25] uk.gov.gchq.palisade.util.UriBuilder$AuthorityBuilder$IPort
12:51:42.283 [INFO]   [Creating]    [19/25]   Tests created: 0
12:51:42.283 [INFO]   [Creating]    No testable methods
12:51:42.283 [INFO]   [Creating]    
================================================================================
= Starting analysis for class 'uk.gov.gchq.palisade.util.UriBuilder$AuthorityBuilder$IUserInfo'
================================================================================
12:51:42.283 [INFO]   [Creating]    Filtering out non-testable methods...
12:51:42.286 [INFO]   [Creating]        [124/129] uk.gov.gchq.palisade.util.UriBuilder$AuthorityBuilder$IUserInfo.withoutUserInfo
12:51:42.286 [INFO]   [Creating]        [124/129]   T009: No implementation for abstract class
12:51:42.286 [INFO]   [Creating]        [124/129]     The method is a non-abstract instance method in an abstract class or
12:51:42.286 [INFO]   [Creating]        [124/129]     a default method in an interface. Diffblue Cover would test such methods
12:51:42.286 [INFO]   [Creating]        [124/129]     by using an implementation of that abstract class or interface. However,
12:51:42.286 [INFO]   [Creating]        [124/129]     no such implementation has been found.
12:51:42.286 [INFO]   [Creating]        [124/129]     Please provide an implementation for the abstract class or interface.
12:51:42.286 [INFO]   [Creating]        [124/129]     See https://diff.blue/T009 to resolve this issue.
12:51:42.286 [INFO]   [Creating]    [20/25] uk.gov.gchq.palisade.util.UriBuilder$AuthorityBuilder$IUserInfo
12:51:42.286 [INFO]   [Creating]    [20/25]   Tests created: 0
12:51:42.286 [INFO]   [Creating]    No testable methods
12:51:42.286 [INFO]   [Creating]    
================================================================================
= Starting analysis for class 'uk.gov.gchq.palisade.util.UriBuilder$IAuthority'
================================================================================
12:51:42.286 [INFO]   [Creating]    Filtering out non-testable methods...
12:51:42.288 [INFO]   [Creating]        [125/129] uk.gov.gchq.palisade.util.UriBuilder$IAuthority.withoutAuthority
12:51:42.288 [INFO]   [Creating]        [125/129]   T009: No implementation for abstract class
12:51:42.288 [INFO]   [Creating]        [125/129]     The method is a non-abstract instance method in an abstract class or
12:51:42.288 [INFO]   [Creating]        [125/129]     a default method in an interface. Diffblue Cover would test such methods
12:51:42.288 [INFO]   [Creating]        [125/129]     by using an implementation of that abstract class or interface. However,
12:51:42.288 [INFO]   [Creating]        [125/129]     no such implementation has been found.
12:51:42.288 [INFO]   [Creating]        [125/129]     Please provide an implementation for the abstract class or interface.
12:51:42.288 [INFO]   [Creating]        [125/129]     See https://diff.blue/T009 to resolve this issue.
12:51:42.288 [INFO]   [Creating]    [21/25] uk.gov.gchq.palisade.util.UriBuilder$IAuthority
12:51:42.288 [INFO]   [Creating]    [21/25]   Tests created: 0
12:51:42.288 [INFO]   [Creating]    No testable methods
12:51:42.288 [INFO]   [Creating]    
================================================================================
= Starting analysis for class 'uk.gov.gchq.palisade.util.UriBuilder$IFragment'
================================================================================
12:51:42.288 [INFO]   [Creating]    Filtering out non-testable methods...
12:51:42.289 [INFO]   [Creating]        [126/129] uk.gov.gchq.palisade.util.UriBuilder$IFragment.withoutFragment
12:51:42.289 [INFO]   [Creating]        [126/129]   T009: No implementation for abstract class
12:51:42.289 [INFO]   [Creating]        [126/129]     The method is a non-abstract instance method in an abstract class or
12:51:42.289 [INFO]   [Creating]        [126/129]     a default method in an interface. Diffblue Cover would test such methods
12:51:42.289 [INFO]   [Creating]        [126/129]     by using an implementation of that abstract class or interface. However,
12:51:42.289 [INFO]   [Creating]        [126/129]     no such implementation has been found.
12:51:42.289 [INFO]   [Creating]        [126/129]     Please provide an implementation for the abstract class or interface.
12:51:42.289 [INFO]   [Creating]        [126/129]     See https://diff.blue/T009 to resolve this issue.
12:51:42.289 [INFO]   [Creating]    [22/25] uk.gov.gchq.palisade.util.UriBuilder$IFragment
12:51:42.289 [INFO]   [Creating]    [22/25]   Tests created: 0
12:51:42.289 [INFO]   [Creating]    No testable methods
12:51:42.289 [INFO]   [Creating]    
================================================================================
= Starting analysis for class 'uk.gov.gchq.palisade.util.UriBuilder$IPath'
================================================================================
12:51:42.289 [INFO]   [Creating]    Filtering out non-testable methods...
12:51:42.290 [INFO]   [Creating]        [127/129] uk.gov.gchq.palisade.util.UriBuilder$IPath.withoutPath
12:51:42.290 [INFO]   [Creating]        [127/129]   T009: No implementation for abstract class
12:51:42.290 [INFO]   [Creating]        [127/129]     The method is a non-abstract instance method in an abstract class or
12:51:42.290 [INFO]   [Creating]        [127/129]     a default method in an interface. Diffblue Cover would test such methods
12:51:42.290 [INFO]   [Creating]        [127/129]     by using an implementation of that abstract class or interface. However,
12:51:42.290 [INFO]   [Creating]        [127/129]     no such implementation has been found.
12:51:42.290 [INFO]   [Creating]        [127/129]     Please provide an implementation for the abstract class or interface.
12:51:42.290 [INFO]   [Creating]        [127/129]     See https://diff.blue/T009 to resolve this issue.
12:51:42.290 [INFO]   [Creating]    [23/25] uk.gov.gchq.palisade.util.UriBuilder$IPath
12:51:42.291 [INFO]   [Creating]    [23/25]   Tests created: 0
12:51:42.291 [INFO]   [Creating]    No testable methods
12:51:42.291 [INFO]   [Creating]    
================================================================================
= Starting analysis for class 'uk.gov.gchq.palisade.util.UriBuilder$IQuery'
================================================================================
12:51:42.291 [INFO]   [Creating]    Filtering out non-testable methods...
12:51:42.292 [INFO]   [Creating]        [128/129] uk.gov.gchq.palisade.util.UriBuilder$IQuery.withoutQuery
12:51:42.292 [INFO]   [Creating]        [128/129]   T009: No implementation for abstract class
12:51:42.292 [INFO]   [Creating]        [128/129]     The method is a non-abstract instance method in an abstract class or
12:51:42.292 [INFO]   [Creating]        [128/129]     a default method in an interface. Diffblue Cover would test such methods
12:51:42.292 [INFO]   [Creating]        [128/129]     by using an implementation of that abstract class or interface. However,
12:51:42.292 [INFO]   [Creating]        [128/129]     no such implementation has been found.
12:51:42.292 [INFO]   [Creating]        [128/129]     Please provide an implementation for the abstract class or interface.
12:51:42.292 [INFO]   [Creating]        [128/129]     See https://diff.blue/T009 to resolve this issue.
12:51:42.292 [INFO]   [Creating]    [24/25] uk.gov.gchq.palisade.util.UriBuilder$IQuery
12:51:42.292 [INFO]   [Creating]    [24/25]   Tests created: 0
12:51:42.292 [INFO]   [Creating]    No testable methods
12:51:42.292 [INFO]   [Creating]    
================================================================================
= Starting analysis for class 'uk.gov.gchq.palisade.util.UriBuilder$IScheme'
================================================================================
12:51:42.292 [INFO]   [Creating]    Filtering out non-testable methods...
12:51:42.294 [INFO]   [Creating]        [129/129] uk.gov.gchq.palisade.util.UriBuilder$IScheme.withoutScheme
12:51:42.294 [INFO]   [Creating]        [129/129]   T009: No implementation for abstract class
12:51:42.294 [INFO]   [Creating]        [129/129]     The method is a non-abstract instance method in an abstract class or
12:51:42.294 [INFO]   [Creating]        [129/129]     a default method in an interface. Diffblue Cover would test such methods
12:51:42.294 [INFO]   [Creating]        [129/129]     by using an implementation of that abstract class or interface. However,
12:51:42.294 [INFO]   [Creating]        [129/129]     no such implementation has been found.
12:51:42.294 [INFO]   [Creating]        [129/129]     Please provide an implementation for the abstract class or interface.
12:51:42.294 [INFO]   [Creating]        [129/129]     See https://diff.blue/T009 to resolve this issue.
12:51:42.294 [INFO]   [Creating]    [25/25] uk.gov.gchq.palisade.util.UriBuilder$IScheme
12:51:42.294 [INFO]   [Creating]    [25/25]   Tests created: 0
12:51:42.294 [INFO]   [Creating]    No testable methods
12:51:42.300 [INFO]   [Reporting]   
12:51:42.300 [INFO]   [Reporting]   Test creation summary for module: uk.gov.gchq.palisade:common
12:51:42.300 [INFO]   [Reporting]   -------------------------------------------------------------
12:51:42.300 [INFO]   [Reporting]   Total:                                             129 methods
12:51:42.300 [INFO]   [Reporting]   43 tests created for:                               30 methods
12:51:42.300 [INFO]   [Reporting]   
12:51:42.300 [INFO]   [Reporting]   Not unit-testable:                                  11 methods
12:51:42.300 [INFO]   [Reporting]      11 T009: No implementation for abstract class
12:51:42.301 [INFO]   [Reporting]   No tests created for:                               12 methods
12:51:42.301 [INFO]   [Reporting]       2 R002: Missing observers
12:51:42.301 [INFO]   [Reporting]       2 R013: No inputs found that don't throw a trivial exception
12:51:42.301 [INFO]   [Reporting]       1 R005: Unable to load class
12:51:42.301 [INFO]   [Reporting]   Could not find the following classes - please check your classpath
12:51:42.301 [INFO]   [Reporting]   akka.actor.CoordinatedShutdown$ActorSystemTerminateReason
12:51:42.476 [INFO]   [Validating]  
12:51:42.476 [INFO]   [Validating]  Running validation command.
12:51:42.476 [INFO]   [Validating]  Using default build rules as no custom rules found in any of [/home/jbergqvist/diffblue/Palisade-common]
12:51:42.476 [INFO]   [Validating]  Attempting to invoke mvnw in working directory: /home/jbergqvist/diffblue/Palisade-common
12:51:42.477 [INFO]   [Validating]  Attempting to invoke /home/jbergqvist/.sdkman/candidates/maven/current/bin/mvn in working directory: /home/jbergqvist/diffblue/Palisade-common
12:51:42.477 [INFO]   [Validating]  Started "/home/jbergqvist/.sdkman/candidates/maven/current/bin/mvn -Dmaven.ext.class.path=/opt/cover/cover-buildsystem-maven-spy-jar-with-dependencies.jar -Dcom.diffblue.cover.skipTests=true -DskipTestOptimizer --batch-mode --projects=uk.gov.gchq.palisade:common --global-settings=/home/jbergqvist/.sdkman/candidates/maven/current/conf/settings.xml org.apache.maven.plugins:maven-checkstyle-plugin:check -Dcheckstyle.failOnViolation=false validate --also-make"
12:51:43.254 [INFO]   [Validating]  out: [INFO] Scanning for projects...
12:51:43.352 [INFO]   [Validating]  out: [INFO] 
12:51:43.352 [INFO]   [Validating]  out: [INFO] --------------------< uk.gov.gchq.palisade:common >---------------------
12:51:43.352 [INFO]   [Validating]  out: [INFO] Building GCHQ Palisade Common Library 0.5.2-SNAPSHOT
12:51:43.352 [INFO]   [Validating]  out: [INFO]   from pom.xml
12:51:43.352 [INFO]   [Validating]  out: [INFO] --------------------------------[ jar ]---------------------------------
12:51:43.467 [INFO]   [Validating]  deserializing line [DIFFBLUE]{"__type":"com.diffblue.cover.buildsystem.model.DefaultEventMessage","project":"uk.gov.gchq.palisade:common","goal":"check","cause":null,"state":"STARTED"}
12:51:43.471 [INFO]   [Validating]  out: [INFO] 
12:51:43.471 [INFO]   [Validating]  out: [INFO] --- checkstyle:3.1.0:check (default-cli) @ common ---
12:51:44.194 [INFO]   [Validating]  out: [INFO] Starting audit...
12:51:44.194 [INFO]   [Validating]  out: Audit done.
12:51:44.200 [INFO]   [Validating]  deserializing line [DIFFBLUE]{"__type":"com.diffblue.cover.buildsystem.model.DefaultEventMessage","project":"uk.gov.gchq.palisade:common","goal":"check","cause":null,"state":"SUCCESS"}
12:51:44.225 [INFO]   [Validating]  deserializing line [DIFFBLUE]{"__type":"com.diffblue.cover.buildsystem.model.DefaultProjectModuleMessage","project":{"__type":"DefaultProjectModule","junitReport":["/home/jbergqvist/diffblue/Palisade-common/target/surefire-reports"],"jacocoReport":["/home/jbergqvist/diffblue/Palisade-common/target/site/jacoco/jacoco.xml"],"jacocoDestFile":["${sonar.jacoco.reportPath}","/home/jbergqvist/diffblue/Palisade-common/target/jacoco.exec"],"jacocoFormats":["xml"],"jacocoSkipped":false,"classpath":["/home/jbergqvist/diffblue/Palisade-common/target/classes"],"complianceLevel":"11","productionSources":["/home/jbergqvist/diffblue/Palisade-common/src/main/java"],"testSources":["/home/jbergqvist/diffblue/Palisade-common/src/test/java"],"productionClasses":"/home/jbergqvist/diffblue/Palisade-common/target/classes","testClasses":"/home/jbergqvist/diffblue/Palisade-common/target/test-classes","sourceToBuildPathMap":null,"testSourceToBuildPathMap":null,"buildDirectory":"/home/jbergqvist/diffblue/Palisade-common/target","plugins":[{"__type":"DefaultPlugin","groupId":"org.apache.maven.plugins","artefactId":"maven-compiler-plugin","version":"3.8.0","pluginClassName":null},{"__type":"DefaultPlugin","groupId":"org.apache.maven.plugins","artefactId":"maven-javadoc-plugin","version":"3.1.0","pluginClassName":null},{"__type":"DefaultPlugin","groupId":"org.apache.maven.plugins","artefactId":"maven-dependency-plugin","version":"3.1.2","pluginClassName":null},{"__type":"DefaultPlugin","groupId":"org.codehaus.mojo","artefactId":"flatten-maven-plugin","version":"1.1.0","pluginClassName":null},{"__type":"DefaultPlugin","groupId":"org.codehaus.mojo","artefactId":"license-maven-plugin","version":"2.0.0","pluginClassName":null},{"__type":"DefaultPlugin","groupId":"org.jacoco","artefactId":"jacoco-maven-plugin","version":"0.8.5","pluginClassName":null},{"__type":"DefaultPlugin","groupId":"org.apache.maven.plugins","artefactId":"maven-checkstyle-plugin","version":"3.1.0","pluginClassName":null},{"__type":"DefaultPlugin","groupId":"org.apache.maven.plugins","artefactId":"maven-clean-plugin","version":"3.2.0","pluginClassName":null},{"__type":"DefaultPlugin","groupId":"org.apache.maven.plugins","artefactId":"maven-resources-plugin","version":"3.3.1","pluginClassName":null},{"__type":"DefaultPlugin","groupId":"org.apache.maven.plugins","artefactId":"maven-jar-plugin","version":"3.4.1","pluginClassName":null},{"__type":"DefaultPlugin","groupId":"org.apache.maven.plugins","artefactId":"maven-surefire-plugin","version":"3.2.5","pluginClassName":null},{"__type":"DefaultPlugin","groupId":"org.apache.maven.plugins","artefactId":"maven-install-plugin","version":"3.1.2","pluginClassName":null},{"__type":"DefaultPlugin","groupId":"org.apache.maven.plugins","artefactId":"maven-deploy-plugin","version":"3.1.2","pluginClassName":null},{"__type":"DefaultPlugin","groupId":"org.apache.maven.plugins","artefactId":"maven-site-plugin","version":"3.12.1","pluginClassName":null}],"version":"3.9.12","encoding":"UTF-8","name":"maven","subModules":[],"simpleModuleName":null,"parentModuleName":null,"location":"/home/jbergqvist/diffblue/Palisade-common","fullModuleName":"uk.gov.gchq.palisade:common"}}
12:51:44.229 [INFO]   [Validating]  out: [INFO] ------------------------------------------------------------------------
12:51:44.229 [INFO]   [Validating]  out: [INFO] BUILD SUCCESS
12:51:44.229 [INFO]   [Validating]  out: [INFO] ------------------------------------------------------------------------
12:51:44.229 [INFO]   [Validating]  out: [INFO] Total time:  0.986 s
12:51:44.229 [INFO]   [Validating]  out: [INFO] Finished at: 2026-01-12T12:51:44Z
12:51:44.229 [INFO]   [Validating]  out: [INFO] ------------------------------------------------------------------------
12:51:44.230 [INFO]   [Validating]  deserializing line [DIFFBLUE]{"__type":"com.diffblue.cover.buildsystem.model.ProjectInfoMessage","projectName":"uk.gov.gchq.palisade:common","productionSources":["/home/jbergqvist/diffblue/Palisade-common/src/main/java"],"testSources":["/home/jbergqvist/diffblue/Palisade-common/src/test/java"],"location":"/home/jbergqvist/diffblue/Palisade-common"}
12:51:44.294 [INFO]   [Validating]  maven:err process not stopped, joining thread
12:51:44.294 [INFO]   [Validating]  maven:out process not stopped, joining thread
12:51:44.295 [INFO]   [Validating]  This can take a couple of minutes.
12:51:44.296 [INFO]   [Validating]  Using default build rules as no custom rules found in any of [/home/jbergqvist/diffblue/Palisade-common]
12:51:44.296 [INFO]   [Validating]  Attempting to invoke mvnw in working directory: /home/jbergqvist/diffblue/Palisade-common
12:51:44.296 [INFO]   [Validating]  Attempting to invoke /home/jbergqvist/.sdkman/candidates/maven/current/bin/mvn in working directory: /home/jbergqvist/diffblue/Palisade-common
12:51:44.297 [INFO]   [Validating]  Started "/home/jbergqvist/.sdkman/candidates/maven/current/bin/mvn -Dmaven.ext.class.path=/opt/cover/cover-buildsystem-maven-spy-jar-with-dependencies.jar -Dcom.diffblue.cover.skipTests=true -DskipTestOptimizer --batch-mode --projects=uk.gov.gchq.palisade:common --global-settings=/home/jbergqvist/.sdkman/candidates/maven/current/conf/settings.xml org.apache.maven.plugins:maven-checkstyle-plugin:check -Dcheckstyle.failOnViolation=false clean test"
12:51:45.065 [INFO]   [Validating]  out: [INFO] Scanning for projects...
12:51:45.177 [INFO]   [Validating]  out: [INFO] 
12:51:45.178 [INFO]   [Validating]  out: [INFO] --------------------< uk.gov.gchq.palisade:common >---------------------
12:51:45.178 [INFO]   [Validating]  out: [INFO] Building GCHQ Palisade Common Library 0.5.2-SNAPSHOT
12:51:45.178 [INFO]   [Validating]  out: [INFO]   from pom.xml
12:51:45.178 [INFO]   [Validating]  out: [INFO] --------------------------------[ jar ]---------------------------------
12:51:45.459 [INFO]   [Validating]  deserializing line [DIFFBLUE]{"__type":"com.diffblue.cover.buildsystem.model.DefaultEventMessage","project":"uk.gov.gchq.palisade:common","goal":"check","cause":null,"state":"STARTED"}
12:51:45.460 [INFO]   [Validating]  out: [INFO] 
12:51:45.460 [INFO]   [Validating]  out: [INFO] --- checkstyle:3.1.0:check (default-cli) @ common ---
12:51:46.154 [INFO]   [Validating]  out: [INFO] Starting audit...
12:51:46.154 [INFO]   [Validating]  out: Audit done.
12:51:46.160 [INFO]   [Validating]  deserializing line [DIFFBLUE]{"__type":"com.diffblue.cover.buildsystem.model.DefaultEventMessage","project":"uk.gov.gchq.palisade:common","goal":"check","cause":null,"state":"SUCCESS"}
12:51:46.162 [INFO]   [Validating]  deserializing line [DIFFBLUE]{"__type":"com.diffblue.cover.buildsystem.model.DefaultEventMessage","project":"uk.gov.gchq.palisade:common","goal":"clean","cause":null,"state":"STARTED"}
12:51:46.162 [INFO]   [Validating]  out: [INFO] 
12:51:46.162 [INFO]   [Validating]  out: [INFO] --- clean:3.2.0:clean (default-clean) @ common ---
12:51:46.186 [INFO]   [Validating]  out: [INFO] Deleting /home/jbergqvist/diffblue/Palisade-common/target
12:51:46.196 [INFO]   [Validating]  deserializing line [DIFFBLUE]{"__type":"com.diffblue.cover.buildsystem.model.DefaultEventMessage","project":"uk.gov.gchq.palisade:common","goal":"clean","cause":null,"state":"SUCCESS"}
12:51:46.197 [INFO]   [Validating]  deserializing line [DIFFBLUE]{"__type":"com.diffblue.cover.buildsystem.model.DefaultEventMessage","project":"uk.gov.gchq.palisade:common","goal":"clean","cause":null,"state":"STARTED"}
12:51:46.198 [INFO]   [Validating]  out: [INFO] 
12:51:46.198 [INFO]   [Validating]  out: [INFO] --- flatten:1.1.0:clean (flatten.clean) @ common ---
12:51:46.308 [INFO]   [Validating]  out: [INFO] Deleting /home/jbergqvist/diffblue/Palisade-common/.flattened-pom.xml
12:51:46.310 [INFO]   [Validating]  deserializing line [DIFFBLUE]{"__type":"com.diffblue.cover.buildsystem.model.DefaultEventMessage","project":"uk.gov.gchq.palisade:common","goal":"clean","cause":null,"state":"SUCCESS"}
12:51:46.312 [INFO]   [Validating]  deserializing line [DIFFBLUE]{"__type":"com.diffblue.cover.buildsystem.model.DefaultEventMessage","project":"uk.gov.gchq.palisade:common","goal":"prepare-agent","cause":null,"state":"STARTED"}
12:51:46.313 [INFO]   [Validating]  out: [INFO] 
12:51:46.313 [INFO]   [Validating]  out: [INFO] --- jacoco:0.8.5:prepare-agent (agent) @ common ---
12:51:46.430 [INFO]   [Validating]  out: [INFO] argLine set to -javaagent:/home/jbergqvist/.m2/repository/org/jacoco/org.jacoco.agent/0.8.5/org.jacoco.agent-0.8.5-runtime.jar=destfile=/home/jbergqvist/diffblue/Palisade-common/target/jacoco.exec,append=true
12:51:46.432 [INFO]   [Validating]  deserializing line [DIFFBLUE]{"__type":"com.diffblue.cover.buildsystem.model.DefaultEventMessage","project":"uk.gov.gchq.palisade:common","goal":"prepare-agent","cause":null,"state":"SUCCESS"}
12:51:46.433 [INFO]   [Validating]  deserializing line [DIFFBLUE]{"__type":"com.diffblue.cover.buildsystem.model.DefaultEventMessage","project":"uk.gov.gchq.palisade:common","goal":"resources","cause":null,"state":"STARTED"}
12:51:46.435 [INFO]   [Validating]  out: [INFO] 
12:51:46.435 [INFO]   [Validating]  out: [INFO] --- resources:3.3.1:resources (default-resources) @ common ---
12:51:46.475 [INFO]   [Validating]  out: [INFO] Copying 1 resource from src/main/resources to target/classes
12:51:46.480 [INFO]   [Validating]  deserializing line [DIFFBLUE]{"__type":"com.diffblue.cover.buildsystem.model.DefaultEventMessage","project":"uk.gov.gchq.palisade:common","goal":"resources","cause":null,"state":"SUCCESS"}
12:51:46.482 [INFO]   [Validating]  deserializing line [DIFFBLUE]{"__type":"com.diffblue.cover.buildsystem.model.DefaultEventMessage","project":"uk.gov.gchq.palisade:common","goal":"flatten","cause":null,"state":"STARTED"}
12:51:46.483 [INFO]   [Validating]  out: [INFO] 
12:51:46.483 [INFO]   [Validating]  out: [INFO] --- flatten:1.1.0:flatten (flatten) @ common ---
12:51:46.487 [INFO]   [Validating]  out: [INFO] Generating flattened POM of project uk.gov.gchq.palisade:common:jar:0.5.2-SNAPSHOT...
12:51:46.520 [INFO]   [Validating]  deserializing line [DIFFBLUE]{"__type":"com.diffblue.cover.buildsystem.model.DefaultEventMessage","project":"uk.gov.gchq.palisade:common","goal":"flatten","cause":null,"state":"SUCCESS"}
12:51:46.521 [INFO]   [Validating]  deserializing line [DIFFBLUE]{"__type":"com.diffblue.cover.buildsystem.model.DefaultEventMessage","project":"uk.gov.gchq.palisade:common","goal":"compile","cause":null,"state":"STARTED"}
12:51:46.522 [INFO]   [Validating]  out: [INFO] 
12:51:46.522 [INFO]   [Validating]  out: [INFO] --- compiler:3.8.0:compile (default-compile) @ common ---
12:51:46.602 [INFO]   [Validating]  out: [INFO] Changes detected - recompiling the module!
12:51:46.604 [INFO]   [Validating]  out: [INFO] Compiling 22 source files to /home/jbergqvist/diffblue/Palisade-common/target/classes
12:51:47.348 [INFO]   [Validating]  deserializing line [DIFFBLUE]{"__type":"com.diffblue.cover.buildsystem.model.DefaultEventMessage","project":"uk.gov.gchq.palisade:common","goal":"compile","cause":null,"state":"SUCCESS"}
12:51:47.349 [INFO]   [Validating]  deserializing line [DIFFBLUE]{"__type":"com.diffblue.cover.buildsystem.model.DefaultEventMessage","project":"uk.gov.gchq.palisade:common","goal":"javadoc-no-fork","cause":null,"state":"STARTED"}
12:51:47.350 [INFO]   [Validating]  out: [INFO] 
12:51:47.350 [INFO]   [Validating]  out: [INFO] --- javadoc:3.1.0:javadoc-no-fork (javadoc-compile) @ common ---
12:51:48.983 [INFO]   [Validating]  deserializing line [DIFFBLUE]{"__type":"com.diffblue.cover.buildsystem.model.DefaultEventMessage","project":"uk.gov.gchq.palisade:common","goal":"javadoc-no-fork","cause":null,"state":"SUCCESS"}
12:51:48.984 [INFO]   [Validating]  deserializing line [DIFFBLUE]{"__type":"com.diffblue.cover.buildsystem.model.DefaultEventMessage","project":"uk.gov.gchq.palisade:common","goal":"aggregate-no-fork","cause":null,"state":"STARTED"}
12:51:48.985 [INFO]   [Validating]  out: [INFO] 
12:51:48.985 [INFO]   [Validating]  out: [INFO] --- javadoc:3.1.0:aggregate-no-fork (javadoc-compile) @ common ---
12:51:50.422 [INFO]   [Validating]  deserializing line [DIFFBLUE]{"__type":"com.diffblue.cover.buildsystem.model.DefaultEventMessage","project":"uk.gov.gchq.palisade:common","goal":"aggregate-no-fork","cause":null,"state":"SUCCESS"}
12:51:50.423 [INFO]   [Validating]  deserializing line [DIFFBLUE]{"__type":"com.diffblue.cover.buildsystem.model.DefaultEventMessage","project":"uk.gov.gchq.palisade:common","goal":"testResources","cause":null,"state":"STARTED"}
12:51:50.424 [INFO]   [Validating]  out: [INFO] 
12:51:50.424 [INFO]   [Validating]  out: [INFO] --- resources:3.3.1:testResources (default-testResources) @ common ---
12:51:50.425 [INFO]   [Validating]  out: [INFO] skip non existing resourceDirectory /home/jbergqvist/diffblue/Palisade-common/src/test/resources
12:51:50.426 [INFO]   [Validating]  deserializing line [DIFFBLUE]{"__type":"com.diffblue.cover.buildsystem.model.DefaultEventMessage","project":"uk.gov.gchq.palisade:common","goal":"testResources","cause":null,"state":"SUCCESS"}
12:51:50.426 [INFO]   [Validating]  deserializing line [DIFFBLUE]{"__type":"com.diffblue.cover.buildsystem.model.DefaultEventMessage","project":"uk.gov.gchq.palisade:common","goal":"testCompile","cause":null,"state":"STARTED"}
12:51:50.427 [INFO]   [Validating]  out: [INFO] 
12:51:50.427 [INFO]   [Validating]  out: [INFO] --- compiler:3.8.0:testCompile (default-testCompile) @ common ---
12:51:50.430 [INFO]   [Validating]  out: [INFO] Changes detected - recompiling the module!
12:51:50.430 [INFO]   [Validating]  out: [INFO] Compiling 13 source files to /home/jbergqvist/diffblue/Palisade-common/target/test-classes
12:51:50.591 [INFO]   [Validating]  out: [INFO] /home/jbergqvist/diffblue/Palisade-common/src/test/java/uk/gov/gchq/palisade/rule/RulesDiffblueTest.java: Some input files use unchecked or unsafe operations.
12:51:50.591 [INFO]   [Validating]  out: [INFO] /home/jbergqvist/diffblue/Palisade-common/src/test/java/uk/gov/gchq/palisade/rule/RulesDiffblueTest.java: Recompile with -Xlint:unchecked for details.
12:51:50.592 [INFO]   [Validating]  deserializing line [DIFFBLUE]{"__type":"com.diffblue.cover.buildsystem.model.DefaultEventMessage","project":"uk.gov.gchq.palisade:common","goal":"testCompile","cause":null,"state":"SUCCESS"}
12:51:50.594 [INFO]   [Validating]  deserializing line [DIFFBLUE]{"__type":"com.diffblue.cover.buildsystem.model.DefaultEventMessage","project":"uk.gov.gchq.palisade:common","goal":"test","cause":null,"state":"STARTED"}
12:51:50.596 [INFO]   [Validating]  out: [INFO] 
12:51:50.596 [INFO]   [Validating]  out: [INFO] --- surefire:3.2.5:test (default-test) @ common ---
12:51:50.680 [INFO]   [Validating]  out: [INFO] Using auto detected provider org.apache.maven.surefire.junitplatform.JUnitPlatformProvider
12:51:50.711 [INFO]   [Validating]  out: [INFO] 
12:51:50.711 [INFO]   [Validating]  out: [INFO] -------------------------------------------------------
12:51:50.711 [INFO]   [Validating]  out: [INFO]  T E S T S
12:51:50.711 [INFO]   [Validating]  out: [INFO] -------------------------------------------------------
12:51:51.472 [INFO]   [Validating]  out: [INFO] Running uk.gov.gchq.palisade.user.UserIdDiffblueTest
12:51:51.521 [INFO]   [Validating]  out: [INFO] Tests run: 2, Failures: 0, Errors: 0, Skipped: 0, Time elapsed: 0.044 s -- in uk.gov.gchq.palisade.user.UserIdDiffblueTest
12:51:51.522 [INFO]   [Validating]  out: [INFO] Running uk.gov.gchq.palisade.user.UserDiffblueTest
12:51:51.526 [INFO]   [Validating]  out: [INFO] Tests run: 2, Failures: 0, Errors: 0, Skipped: 0, Time elapsed: 0.004 s -- in uk.gov.gchq.palisade.user.UserDiffblueTest
12:51:51.526 [INFO]   [Validating]  out: [INFO] Running uk.gov.gchq.palisade.rule.RulesDiffblueTest
12:51:52.529 [INFO]   [Validating]  out: [INFO] Tests run: 11, Failures: 0, Errors: 0, Skipped: 0, Time elapsed: 1.006 s -- in uk.gov.gchq.palisade.rule.RulesDiffblueTest
12:51:52.529 [INFO]   [Validating]  out: [INFO] Running uk.gov.gchq.palisade.data.serialise.SerialiserDiffblueTest
12:51:52.543 [INFO]   [Validating]  err: SLF4J: Failed to load class "org.slf4j.impl.StaticLoggerBinder".
12:51:52.543 [INFO]   [Validating]  err: SLF4J: Defaulting to no-operation (NOP) logger implementation
12:51:52.543 [INFO]   [Validating]  err: SLF4J: See http://www.slf4j.org/codes.html#StaticLoggerBinder for further details.
12:51:52.558 [INFO]   [Validating]  out: [INFO] Tests run: 3, Failures: 0, Errors: 0, Skipped: 0, Time elapsed: 0.027 s -- in uk.gov.gchq.palisade.data.serialise.SerialiserDiffblueTest
12:51:52.559 [INFO]   [Validating]  out: [INFO] Running uk.gov.gchq.palisade.util.FileResourceBuilderDiffblueTest
12:51:52.568 [INFO]   [Validating]  out: [INFO] Tests run: 2, Failures: 0, Errors: 0, Skipped: 0, Time elapsed: 0.010 s -- in uk.gov.gchq.palisade.util.FileResourceBuilderDiffblueTest
12:51:52.569 [INFO]   [Validating]  out: [INFO] Running uk.gov.gchq.palisade.util.AbstractResourceBuilderDiffblueTest
12:51:52.575 [INFO]   [Validating]  out: [INFO] Tests run: 1, Failures: 0, Errors: 0, Skipped: 0, Time elapsed: 0.006 s -- in uk.gov.gchq.palisade.util.AbstractResourceBuilderDiffblueTest
12:51:52.575 [INFO]   [Validating]  out: [INFO] Running uk.gov.gchq.palisade.util.RulesUtilDiffblueTest
12:51:52.583 [INFO]   [Validating]  out: [INFO] Tests run: 3, Failures: 0, Errors: 0, Skipped: 0, Time elapsed: 0.007 s -- in uk.gov.gchq.palisade.util.RulesUtilDiffblueTest
12:51:52.583 [INFO]   [Validating]  out: [INFO] Running uk.gov.gchq.palisade.ContextDiffblueTest
12:51:52.589 [INFO]   [Validating]  out: [INFO] Tests run: 4, Failures: 0, Errors: 0, Skipped: 0, Time elapsed: 0.006 s -- in uk.gov.gchq.palisade.ContextDiffblueTest
12:51:52.589 [INFO]   [Validating]  out: [INFO] Running uk.gov.gchq.palisade.resource.AbstractResourceDiffblueTest
12:51:52.591 [INFO]   [Validating]  out: [INFO] Tests run: 1, Failures: 0, Errors: 0, Skipped: 0, Time elapsed: 0.003 s -- in uk.gov.gchq.palisade.resource.AbstractResourceDiffblueTest
12:51:52.591 [INFO]   [Validating]  out: [INFO] Running uk.gov.gchq.palisade.resource.impl.SystemResourceDiffblueTest
12:51:52.597 [INFO]   [Validating]  out: [INFO] Tests run: 3, Failures: 0, Errors: 0, Skipped: 0, Time elapsed: 0.004 s -- in uk.gov.gchq.palisade.resource.impl.SystemResourceDiffblueTest
12:51:52.597 [INFO]   [Validating]  out: [INFO] Running uk.gov.gchq.palisade.resource.impl.FileResourceDiffblueTest
12:51:52.638 [INFO]   [Validating]  out: [INFO] Tests run: 7, Failures: 0, Errors: 0, Skipped: 0, Time elapsed: 0.040 s -- in uk.gov.gchq.palisade.resource.impl.FileResourceDiffblueTest
12:51:52.638 [INFO]   [Validating]  out: [INFO] Running uk.gov.gchq.palisade.resource.impl.SimpleConnectionDetailDiffblueTest
12:51:52.641 [INFO]   [Validating]  out: [INFO] Tests run: 1, Failures: 0, Errors: 0, Skipped: 0, Time elapsed: 0.003 s -- in uk.gov.gchq.palisade.resource.impl.SimpleConnectionDetailDiffblueTest
12:51:52.641 [INFO]   [Validating]  out: [INFO] Running uk.gov.gchq.palisade.resource.impl.DirectoryResourceDiffblueTest
12:51:52.645 [INFO]   [Validating]  out: [INFO] Tests run: 3, Failures: 0, Errors: 0, Skipped: 0, Time elapsed: 0.004 s -- in uk.gov.gchq.palisade.resource.impl.DirectoryResourceDiffblueTest
12:51:52.708 [INFO]   [Validating]  out: [INFO] 
12:51:52.708 [INFO]   [Validating]  out: [INFO] Results:
12:51:52.708 [INFO]   [Validating]  out: [INFO] 
12:51:52.708 [INFO]   [Validating]  out: [INFO] Tests run: 43, Failures: 0, Errors: 0, Skipped: 0
12:51:52.708 [INFO]   [Validating]  out: [INFO] 
12:51:52.711 [INFO]   [Validating]  deserializing line [DIFFBLUE]{"__type":"com.diffblue.cover.buildsystem.model.DefaultEventMessage","project":"uk.gov.gchq.palisade:common","goal":"test","cause":null,"state":"SUCCESS"}
12:51:52.732 [INFO]   [Validating]  deserializing line [DIFFBLUE]{"__type":"com.diffblue.cover.buildsystem.model.DefaultProjectModuleMessage","project":{"__type":"DefaultProjectModule","junitReport":["/home/jbergqvist/diffblue/Palisade-common/target/surefire-reports"],"jacocoReport":["/home/jbergqvist/diffblue/Palisade-common/target/site/jacoco/jacoco.xml"],"jacocoDestFile":["${sonar.jacoco.reportPath}","/home/jbergqvist/diffblue/Palisade-common/target/jacoco.exec"],"jacocoFormats":["xml"],"jacocoSkipped":false,"classpath":["/home/jbergqvist/diffblue/Palisade-common/target/classes","/home/jbergqvist/.m2/repository/com/typesafe/akka/akka-stream_2.13/2.6.10/akka-stream_2.13-2.6.10.jar","/home/jbergqvist/.m2/repository/org/scala-lang/scala-library/2.13.3/scala-library-2.13.3.jar","/home/jbergqvist/.m2/repository/com/typesafe/akka/akka-actor_2.13/2.6.10/akka-actor_2.13-2.6.10.jar","/home/jbergqvist/.m2/repository/com/typesafe/config/1.4.0/config-1.4.0.jar","/home/jbergqvist/.m2/repository/org/scala-lang/modules/scala-java8-compat_2.13/0.9.0/scala-java8-compat_2.13-0.9.0.jar","/home/jbergqvist/.m2/repository/com/typesafe/akka/akka-protobuf-v3_2.13/2.6.10/akka-protobuf-v3_2.13-2.6.10.jar","/home/jbergqvist/.m2/repository/org/reactivestreams/reactive-streams/1.0.3/reactive-streams-1.0.3.jar","/home/jbergqvist/.m2/repository/com/typesafe/ssl-config-core_2.13/0.4.2/ssl-config-core_2.13-0.4.2.jar","/home/jbergqvist/.m2/repository/org/scala-lang/modules/scala-parser-combinators_2.13/1.1.2/scala-parser-combinators_2.13-1.1.2.jar","/home/jbergqvist/.m2/repository/org/junit/jupiter/junit-jupiter-engine/5.13.4/junit-jupiter-engine-5.13.4.jar","/home/jbergqvist/.m2/repository/org/junit/platform/junit-platform-engine/1.13.4/junit-platform-engine-1.13.4.jar","/home/jbergqvist/.m2/repository/org/opentest4j/opentest4j/1.3.0/opentest4j-1.3.0.jar","/home/jbergqvist/.m2/repository/org/junit/platform/junit-platform-commons/1.13.4/junit-platform-commons-1.13.4.jar","/home/jbergqvist/.m2/repository/org/junit/jupiter/junit-jupiter-api/5.13.4/junit-jupiter-api-5.13.4.jar","/home/jbergqvist/.m2/repository/org/apiguardian/apiguardian-api/1.1.2/apiguardian-api-1.1.2.jar","/home/jbergqvist/.m2/repository/org/mockito/mockito-core/5.20.0/mockito-core-5.20.0.jar","/home/jbergqvist/.m2/repository/net/bytebuddy/byte-buddy/1.17.7/byte-buddy-1.17.7.jar","/home/jbergqvist/.m2/repository/net/bytebuddy/byte-buddy-agent/1.17.7/byte-buddy-agent-1.17.7.jar","/home/jbergqvist/.m2/repository/org/objenesis/objenesis/3.3/objenesis-3.3.jar","/home/jbergqvist/.m2/repository/org/mockito/mockito-junit-jupiter/5.20.0/mockito-junit-jupiter-5.20.0.jar","/home/jbergqvist/.m2/repository/com/fasterxml/jackson/core/jackson-databind/2.11.0/jackson-databind-2.11.0.jar","/home/jbergqvist/.m2/repository/com/fasterxml/jackson/core/jackson-annotations/2.11.0/jackson-annotations-2.11.0.jar","/home/jbergqvist/.m2/repository/com/fasterxml/jackson/core/jackson-core/2.11.0/jackson-core-2.11.0.jar","/home/jbergqvist/.m2/repository/org/slf4j/slf4j-api/1.7.25/slf4j-api-1.7.25.jar","/home/jbergqvist/.m2/repository/com/diffblue/cover/cover-annotations/1.8.0/cover-annotations-1.8.0.jar"],"complianceLevel":"11","productionSources":["/home/jbergqvist/diffblue/Palisade-common/src/main/java"],"testSources":["/home/jbergqvist/diffblue/Palisade-common/src/test/java"],"productionClasses":"/home/jbergqvist/diffblue/Palisade-common/target/classes","testClasses":"/home/jbergqvist/diffblue/Palisade-common/target/test-classes","sourceToBuildPathMap":null,"testSourceToBuildPathMap":null,"buildDirectory":"/home/jbergqvist/diffblue/Palisade-common/target","plugins":[{"__type":"DefaultPlugin","groupId":"org.apache.maven.plugins","artefactId":"maven-compiler-plugin","version":"3.8.0","pluginClassName":null},{"__type":"DefaultPlugin","groupId":"org.apache.maven.plugins","artefactId":"maven-javadoc-plugin","version":"3.1.0","pluginClassName":null},{"__type":"DefaultPlugin","groupId":"org.apache.maven.plugins","artefactId":"maven-dependency-plugin","version":"3.1.2","pluginClassName":null},{"__type":"DefaultPlugin","groupId":"org.codehaus.mojo","artefactId":"flatten-maven-plugin","version":"1.1.0","pluginClassName":null},{"__type":"DefaultPlugin","groupId":"org.codehaus.mojo","artefactId":"license-maven-plugin","version":"2.0.0","pluginClassName":null},{"__type":"DefaultPlugin","groupId":"org.jacoco","artefactId":"jacoco-maven-plugin","version":"0.8.5","pluginClassName":null},{"__type":"DefaultPlugin","groupId":"org.apache.maven.plugins","artefactId":"maven-checkstyle-plugin","version":"3.1.0","pluginClassName":null},{"__type":"DefaultPlugin","groupId":"org.apache.maven.plugins","artefactId":"maven-clean-plugin","version":"3.2.0","pluginClassName":null},{"__type":"DefaultPlugin","groupId":"org.apache.maven.plugins","artefactId":"maven-resources-plugin","version":"3.3.1","pluginClassName":null},{"__type":"DefaultPlugin","groupId":"org.apache.maven.plugins","artefactId":"maven-jar-plugin","version":"3.4.1","pluginClassName":null},{"__type":"DefaultPlugin","groupId":"org.apache.maven.plugins","artefactId":"maven-surefire-plugin","version":"3.2.5","pluginClassName":null},{"__type":"DefaultPlugin","groupId":"org.apache.maven.plugins","artefactId":"maven-install-plugin","version":"3.1.2","pluginClassName":null},{"__type":"DefaultPlugin","groupId":"org.apache.maven.plugins","artefactId":"maven-deploy-plugin","version":"3.1.2","pluginClassName":null},{"__type":"DefaultPlugin","groupId":"org.apache.maven.plugins","artefactId":"maven-site-plugin","version":"3.12.1","pluginClassName":null}],"version":"3.9.12","encoding":"UTF-8","name":"maven","subModules":[],"simpleModuleName":null,"parentModuleName":null,"location":"/home/jbergqvist/diffblue/Palisade-common","fullModuleName":"uk.gov.gchq.palisade:common"}}
12:51:52.735 [INFO]   [Validating]  out: [INFO] ------------------------------------------------------------------------
12:51:52.735 [INFO]   [Validating]  out: [INFO] BUILD SUCCESS
12:51:52.735 [INFO]   [Validating]  out: [INFO] ------------------------------------------------------------------------
12:51:52.735 [INFO]   [Validating]  out: [INFO] Total time:  7.682 s
12:51:52.735 [INFO]   [Validating]  out: [INFO] Finished at: 2026-01-12T12:51:52Z
12:51:52.735 [INFO]   [Validating]  out: [INFO] ------------------------------------------------------------------------
12:51:52.737 [INFO]   [Validating]  deserializing line [DIFFBLUE]{"__type":"com.diffblue.cover.buildsystem.model.ProjectInfoMessage","projectName":"uk.gov.gchq.palisade:common","productionSources":["/home/jbergqvist/diffblue/Palisade-common/src/main/java","/home/jbergqvist/diffblue/Palisade-common/target/generated-sources/annotations"],"testSources":["/home/jbergqvist/diffblue/Palisade-common/src/test/java","/home/jbergqvist/diffblue/Palisade-common/target/generated-test-sources/test-annotations"],"location":"/home/jbergqvist/diffblue/Palisade-common"}
12:51:52.782 [INFO]   [Validating]  maven:err process not stopped, joining thread
12:51:52.782 [INFO]   [Validating]  maven:out process not stopped, joining thread
12:51:52.831 [INFO]   [Validating]  All 43 created tests were successfully validated.
12:51:52.847 [INFO]   [Validating]  Refactorings have been generated - run `dcover refactor` to apply them
12:51:52.849 [INFO]   [Measuring]   Calculating coverage from Diffblue tests.
12:51:52.850 [INFO]   [Measuring]   Using default build rules as no custom rules found in any of [/home/jbergqvist/diffblue/Palisade-common]
12:51:52.851 [INFO]   [Measuring]   Using default build rules as no custom rules found in any of [/home/jbergqvist/diffblue/Palisade-common]
12:51:52.851 [INFO]   [Measuring]   Attempting to invoke mvnw in working directory: /home/jbergqvist/diffblue/Palisade-common
12:51:52.852 [INFO]   [Measuring]   Attempting to invoke /home/jbergqvist/.sdkman/candidates/maven/current/bin/mvn in working directory: /home/jbergqvist/diffblue/Palisade-common
12:51:52.852 [INFO]   [Measuring]   Started "/home/jbergqvist/.sdkman/candidates/maven/current/bin/mvn -Dmaven.ext.class.path=/opt/cover/cover-buildsystem-maven-spy-jar-with-dependencies.jar -Dcom.diffblue.cover.skipTests=true -DskipTestOptimizer --batch-mode --projects=uk.gov.gchq.palisade:common --global-settings=/home/jbergqvist/.sdkman/candidates/maven/current/conf/settings.xml org.apache.maven.plugins:maven-checkstyle-plugin:check -Dcheckstyle.failOnViolation=false org.jacoco:jacoco-maven-plugin:0.8.5:prepare-agent -Djacoco.skip=false test -DfailIfNoTests=false -Dsurefire.failIfNoSpecifiedTests=false -Dmaven.test.failure.ignore=True -Dtest=*DiffblueTest org.jacoco:jacoco-maven-plugin:0.8.5:report -Djacoco.skip=false"
12:51:53.633 [INFO]   [Measuring]   out: [INFO] Scanning for projects...
12:51:53.744 [INFO]   [Measuring]   out: [INFO] 
12:51:53.745 [INFO]   [Measuring]   out: [INFO] --------------------< uk.gov.gchq.palisade:common >---------------------
12:51:53.745 [INFO]   [Measuring]   out: [INFO] Building GCHQ Palisade Common Library 0.5.2-SNAPSHOT
12:51:53.745 [INFO]   [Measuring]   out: [INFO]   from pom.xml
12:51:53.745 [INFO]   [Measuring]   out: [INFO] --------------------------------[ jar ]---------------------------------
12:51:54.017 [INFO]   [Measuring]   deserializing line [DIFFBLUE]{"__type":"com.diffblue.cover.buildsystem.model.DefaultEventMessage","project":"uk.gov.gchq.palisade:common","goal":"check","cause":null,"state":"STARTED"}
12:51:54.018 [INFO]   [Measuring]   out: [INFO] 
12:51:54.018 [INFO]   [Measuring]   out: [INFO] --- checkstyle:3.1.0:check (default-cli) @ common ---
12:51:55.240 [INFO]   [Measuring]   out: [INFO] Starting audit...
12:51:55.240 [INFO]   [Measuring]   out: Audit done.
12:51:55.254 [INFO]   [Measuring]   deserializing line [DIFFBLUE]{"__type":"com.diffblue.cover.buildsystem.model.DefaultEventMessage","project":"uk.gov.gchq.palisade:common","goal":"check","cause":null,"state":"SUCCESS"}
12:51:55.258 [INFO]   [Measuring]   deserializing line [DIFFBLUE]{"__type":"com.diffblue.cover.buildsystem.model.DefaultEventMessage","project":"uk.gov.gchq.palisade:common","goal":"prepare-agent","cause":null,"state":"STARTED"}
12:51:55.259 [INFO]   [Measuring]   out: [INFO] 
12:51:55.260 [INFO]   [Measuring]   out: [INFO] --- jacoco:0.8.5:prepare-agent (default-cli) @ common ---
12:51:55.406 [INFO]   [Measuring]   out: [INFO] argLine set to -javaagent:/home/jbergqvist/.m2/repository/org/jacoco/org.jacoco.agent/0.8.5/org.jacoco.agent-0.8.5-runtime.jar=destfile=/home/jbergqvist/diffblue/Palisade-common/target/jacoco.exec,append=true
12:51:55.408 [INFO]   [Measuring]   deserializing line [DIFFBLUE]{"__type":"com.diffblue.cover.buildsystem.model.DefaultEventMessage","project":"uk.gov.gchq.palisade:common","goal":"prepare-agent","cause":null,"state":"SUCCESS"}
12:51:55.410 [INFO]   [Measuring]   deserializing line [DIFFBLUE]{"__type":"com.diffblue.cover.buildsystem.model.DefaultEventMessage","project":"uk.gov.gchq.palisade:common","goal":"prepare-agent","cause":null,"state":"STARTED"}
12:51:55.411 [INFO]   [Measuring]   out: [INFO] 
12:51:55.411 [INFO]   [Measuring]   out: [INFO] --- jacoco:0.8.5:prepare-agent (agent) @ common ---
12:51:55.411 [INFO]   [Measuring]   out: [INFO] argLine set to -javaagent:/home/jbergqvist/.m2/repository/org/jacoco/org.jacoco.agent/0.8.5/org.jacoco.agent-0.8.5-runtime.jar=destfile=/home/jbergqvist/diffblue/Palisade-common/target/jacoco.exec,append=true
12:51:55.412 [INFO]   [Measuring]   deserializing line [DIFFBLUE]{"__type":"com.diffblue.cover.buildsystem.model.DefaultEventMessage","project":"uk.gov.gchq.palisade:common","goal":"prepare-agent","cause":null,"state":"SUCCESS"}
12:51:55.414 [INFO]   [Measuring]   deserializing line [DIFFBLUE]{"__type":"com.diffblue.cover.buildsystem.model.DefaultEventMessage","project":"uk.gov.gchq.palisade:common","goal":"resources","cause":null,"state":"STARTED"}
12:51:55.415 [INFO]   [Measuring]   out: [INFO] 
12:51:55.415 [INFO]   [Measuring]   out: [INFO] --- resources:3.3.1:resources (default-resources) @ common ---
12:51:55.465 [INFO]   [Measuring]   out: [INFO] Copying 1 resource from src/main/resources to target/classes
12:51:55.470 [INFO]   [Measuring]   deserializing line [DIFFBLUE]{"__type":"com.diffblue.cover.buildsystem.model.DefaultEventMessage","project":"uk.gov.gchq.palisade:common","goal":"resources","cause":null,"state":"SUCCESS"}
12:51:55.472 [INFO]   [Measuring]   deserializing line [DIFFBLUE]{"__type":"com.diffblue.cover.buildsystem.model.DefaultEventMessage","project":"uk.gov.gchq.palisade:common","goal":"flatten","cause":null,"state":"STARTED"}
12:51:55.473 [INFO]   [Measuring]   out: [INFO] 
12:51:55.473 [INFO]   [Measuring]   out: [INFO] --- flatten:1.1.0:flatten (flatten) @ common ---
12:51:55.571 [INFO]   [Measuring]   out: [INFO] Generating flattened POM of project uk.gov.gchq.palisade:common:jar:0.5.2-SNAPSHOT...
12:51:55.610 [INFO]   [Measuring]   deserializing line [DIFFBLUE]{"__type":"com.diffblue.cover.buildsystem.model.DefaultEventMessage","project":"uk.gov.gchq.palisade:common","goal":"flatten","cause":null,"state":"SUCCESS"}
12:51:55.611 [INFO]   [Measuring]   deserializing line [DIFFBLUE]{"__type":"com.diffblue.cover.buildsystem.model.DefaultEventMessage","project":"uk.gov.gchq.palisade:common","goal":"compile","cause":null,"state":"STARTED"}
12:51:55.612 [INFO]   [Measuring]   out: [INFO] 
12:51:55.612 [INFO]   [Measuring]   out: [INFO] --- compiler:3.8.0:compile (default-compile) @ common ---
12:51:55.716 [INFO]   [Measuring]   out: [INFO] Nothing to compile - all classes are up to date
12:51:55.718 [INFO]   [Measuring]   deserializing line [DIFFBLUE]{"__type":"com.diffblue.cover.buildsystem.model.DefaultEventMessage","project":"uk.gov.gchq.palisade:common","goal":"compile","cause":null,"state":"SUCCESS"}
12:51:55.719 [INFO]   [Measuring]   deserializing line [DIFFBLUE]{"__type":"com.diffblue.cover.buildsystem.model.DefaultEventMessage","project":"uk.gov.gchq.palisade:common","goal":"javadoc-no-fork","cause":null,"state":"STARTED"}
12:51:55.720 [INFO]   [Measuring]   out: [INFO] 
12:51:55.720 [INFO]   [Measuring]   out: [INFO] --- javadoc:3.1.0:javadoc-no-fork (javadoc-compile) @ common ---
12:51:57.259 [INFO]   [Measuring]   deserializing line [DIFFBLUE]{"__type":"com.diffblue.cover.buildsystem.model.DefaultEventMessage","project":"uk.gov.gchq.palisade:common","goal":"javadoc-no-fork","cause":null,"state":"SUCCESS"}
12:51:57.260 [INFO]   [Measuring]   deserializing line [DIFFBLUE]{"__type":"com.diffblue.cover.buildsystem.model.DefaultEventMessage","project":"uk.gov.gchq.palisade:common","goal":"aggregate-no-fork","cause":null,"state":"STARTED"}
12:51:57.261 [INFO]   [Measuring]   out: [INFO] 
12:51:57.261 [INFO]   [Measuring]   out: [INFO] --- javadoc:3.1.0:aggregate-no-fork (javadoc-compile) @ common ---
12:51:58.706 [INFO]   [Measuring]   deserializing line [DIFFBLUE]{"__type":"com.diffblue.cover.buildsystem.model.DefaultEventMessage","project":"uk.gov.gchq.palisade:common","goal":"aggregate-no-fork","cause":null,"state":"SUCCESS"}
12:51:58.707 [INFO]   [Measuring]   deserializing line [DIFFBLUE]{"__type":"com.diffblue.cover.buildsystem.model.DefaultEventMessage","project":"uk.gov.gchq.palisade:common","goal":"testResources","cause":null,"state":"STARTED"}
12:51:58.707 [INFO]   [Measuring]   out: [INFO] 
12:51:58.707 [INFO]   [Measuring]   out: [INFO] --- resources:3.3.1:testResources (default-testResources) @ common ---
12:51:58.708 [INFO]   [Measuring]   out: [INFO] skip non existing resourceDirectory /home/jbergqvist/diffblue/Palisade-common/src/test/resources
12:51:58.709 [INFO]   [Measuring]   deserializing line [DIFFBLUE]{"__type":"com.diffblue.cover.buildsystem.model.DefaultEventMessage","project":"uk.gov.gchq.palisade:common","goal":"testResources","cause":null,"state":"SUCCESS"}
12:51:58.710 [INFO]   [Measuring]   deserializing line [DIFFBLUE]{"__type":"com.diffblue.cover.buildsystem.model.DefaultEventMessage","project":"uk.gov.gchq.palisade:common","goal":"testCompile","cause":null,"state":"STARTED"}
12:51:58.711 [INFO]   [Measuring]   out: [INFO] 
12:51:58.711 [INFO]   [Measuring]   out: [INFO] --- compiler:3.8.0:testCompile (default-testCompile) @ common ---
12:51:58.714 [INFO]   [Measuring]   out: [INFO] Nothing to compile - all classes are up to date
12:51:58.715 [INFO]   [Measuring]   deserializing line [DIFFBLUE]{"__type":"com.diffblue.cover.buildsystem.model.DefaultEventMessage","project":"uk.gov.gchq.palisade:common","goal":"testCompile","cause":null,"state":"SUCCESS"}
12:51:58.716 [INFO]   [Measuring]   deserializing line [DIFFBLUE]{"__type":"com.diffblue.cover.buildsystem.model.DefaultEventMessage","project":"uk.gov.gchq.palisade:common","goal":"test","cause":null,"state":"STARTED"}
12:51:58.716 [INFO]   [Measuring]   out: [INFO] 
12:51:58.716 [INFO]   [Measuring]   out: [INFO] --- surefire:3.2.5:test (default-test) @ common ---
12:51:58.781 [INFO]   [Measuring]   out: [INFO] Using auto detected provider org.apache.maven.surefire.junitplatform.JUnitPlatformProvider
12:51:58.804 [INFO]   [Measuring]   out: [INFO] 
12:51:58.804 [INFO]   [Measuring]   out: [INFO] -------------------------------------------------------
12:51:58.804 [INFO]   [Measuring]   out: [INFO]  T E S T S
12:51:58.804 [INFO]   [Measuring]   out: [INFO] -------------------------------------------------------
12:51:59.500 [INFO]   [Measuring]   out: [INFO] Running uk.gov.gchq.palisade.user.UserIdDiffblueTest
12:51:59.562 [INFO]   [Measuring]   out: [INFO] Tests run: 2, Failures: 0, Errors: 0, Skipped: 0, Time elapsed: 0.052 s -- in uk.gov.gchq.palisade.user.UserIdDiffblueTest
12:51:59.563 [INFO]   [Measuring]   out: [INFO] Running uk.gov.gchq.palisade.user.UserDiffblueTest
12:51:59.567 [INFO]   [Measuring]   out: [INFO] Tests run: 2, Failures: 0, Errors: 0, Skipped: 0, Time elapsed: 0.005 s -- in uk.gov.gchq.palisade.user.UserDiffblueTest
12:51:59.568 [INFO]   [Measuring]   out: [INFO] Running uk.gov.gchq.palisade.rule.RulesDiffblueTest
12:52:00.536 [INFO]   [Measuring]   out: [INFO] Tests run: 11, Failures: 0, Errors: 0, Skipped: 0, Time elapsed: 0.976 s -- in uk.gov.gchq.palisade.rule.RulesDiffblueTest
12:52:00.536 [INFO]   [Measuring]   out: [INFO] Running uk.gov.gchq.palisade.data.serialise.SerialiserDiffblueTest
12:52:00.548 [INFO]   [Measuring]   err: SLF4J: Failed to load class "org.slf4j.impl.StaticLoggerBinder".
12:52:00.548 [INFO]   [Measuring]   err: SLF4J: Defaulting to no-operation (NOP) logger implementation
12:52:00.548 [INFO]   [Measuring]   err: SLF4J: See http://www.slf4j.org/codes.html#StaticLoggerBinder for further details.
12:52:00.561 [INFO]   [Measuring]   out: [INFO] Tests run: 3, Failures: 0, Errors: 0, Skipped: 0, Time elapsed: 0.024 s -- in uk.gov.gchq.palisade.data.serialise.SerialiserDiffblueTest
12:52:00.561 [INFO]   [Measuring]   out: [INFO] Running uk.gov.gchq.palisade.util.FileResourceBuilderDiffblueTest
12:52:00.570 [INFO]   [Measuring]   out: [INFO] Tests run: 2, Failures: 0, Errors: 0, Skipped: 0, Time elapsed: 0.010 s -- in uk.gov.gchq.palisade.util.FileResourceBuilderDiffblueTest
12:52:00.570 [INFO]   [Measuring]   out: [INFO] Running uk.gov.gchq.palisade.util.AbstractResourceBuilderDiffblueTest
12:52:00.575 [INFO]   [Measuring]   out: [INFO] Tests run: 1, Failures: 0, Errors: 0, Skipped: 0, Time elapsed: 0.005 s -- in uk.gov.gchq.palisade.util.AbstractResourceBuilderDiffblueTest
12:52:00.575 [INFO]   [Measuring]   out: [INFO] Running uk.gov.gchq.palisade.util.RulesUtilDiffblueTest
12:52:00.581 [INFO]   [Measuring]   out: [INFO] Tests run: 3, Failures: 0, Errors: 0, Skipped: 0, Time elapsed: 0.006 s -- in uk.gov.gchq.palisade.util.RulesUtilDiffblueTest
12:52:00.581 [INFO]   [Measuring]   out: [INFO] Running uk.gov.gchq.palisade.ContextDiffblueTest
12:52:00.585 [INFO]   [Measuring]   out: [INFO] Tests run: 4, Failures: 0, Errors: 0, Skipped: 0, Time elapsed: 0.004 s -- in uk.gov.gchq.palisade.ContextDiffblueTest
12:52:00.585 [INFO]   [Measuring]   out: [INFO] Running uk.gov.gchq.palisade.resource.AbstractResourceDiffblueTest
12:52:00.587 [INFO]   [Measuring]   out: [INFO] Tests run: 1, Failures: 0, Errors: 0, Skipped: 0, Time elapsed: 0.002 s -- in uk.gov.gchq.palisade.resource.AbstractResourceDiffblueTest
12:52:00.588 [INFO]   [Measuring]   out: [INFO] Running uk.gov.gchq.palisade.resource.impl.SystemResourceDiffblueTest
12:52:00.591 [INFO]   [Measuring]   out: [INFO] Tests run: 3, Failures: 0, Errors: 0, Skipped: 0, Time elapsed: 0.003 s -- in uk.gov.gchq.palisade.resource.impl.SystemResourceDiffblueTest
12:52:00.591 [INFO]   [Measuring]   out: [INFO] Running uk.gov.gchq.palisade.resource.impl.FileResourceDiffblueTest
12:52:00.625 [INFO]   [Measuring]   out: [INFO] Tests run: 7, Failures: 0, Errors: 0, Skipped: 0, Time elapsed: 0.033 s -- in uk.gov.gchq.palisade.resource.impl.FileResourceDiffblueTest
12:52:00.625 [INFO]   [Measuring]   out: [INFO] Running uk.gov.gchq.palisade.resource.impl.SimpleConnectionDetailDiffblueTest
12:52:00.629 [INFO]   [Measuring]   out: [INFO] Tests run: 1, Failures: 0, Errors: 0, Skipped: 0, Time elapsed: 0.004 s -- in uk.gov.gchq.palisade.resource.impl.SimpleConnectionDetailDiffblueTest
12:52:00.629 [INFO]   [Measuring]   out: [INFO] Running uk.gov.gchq.palisade.resource.impl.DirectoryResourceDiffblueTest
12:52:00.633 [INFO]   [Measuring]   out: [INFO] Tests run: 3, Failures: 0, Errors: 0, Skipped: 0, Time elapsed: 0.003 s -- in uk.gov.gchq.palisade.resource.impl.DirectoryResourceDiffblueTest
12:52:00.679 [INFO]   [Measuring]   out: [INFO] 
12:52:00.680 [INFO]   [Measuring]   out: [INFO] Results:
12:52:00.680 [INFO]   [Measuring]   out: [INFO] 
12:52:00.680 [INFO]   [Measuring]   out: [INFO] Tests run: 43, Failures: 0, Errors: 0, Skipped: 0
12:52:00.680 [INFO]   [Measuring]   out: [INFO] 
12:52:00.683 [INFO]   [Measuring]   deserializing line [DIFFBLUE]{"__type":"com.diffblue.cover.buildsystem.model.DefaultEventMessage","project":"uk.gov.gchq.palisade:common","goal":"test","cause":null,"state":"SUCCESS"}
12:52:00.684 [INFO]   [Measuring]   deserializing line [DIFFBLUE]{"__type":"com.diffblue.cover.buildsystem.model.DefaultEventMessage","project":"uk.gov.gchq.palisade:common","goal":"report","cause":null,"state":"STARTED"}
12:52:00.684 [INFO]   [Measuring]   out: [INFO] 
12:52:00.684 [INFO]   [Measuring]   out: [INFO] --- jacoco:0.8.5:report (default-cli) @ common ---
12:52:00.721 [INFO]   [Measuring]   out: [INFO] Loading execution data file /home/jbergqvist/diffblue/Palisade-common/target/jacoco.exec
12:52:00.778 [INFO]   [Measuring]   out: [INFO] Analyzed bundle 'GCHQ Palisade Common Library' with 25 classes
12:52:00.829 [INFO]   [Measuring]   deserializing line [DIFFBLUE]{"__type":"com.diffblue.cover.buildsystem.model.DefaultEventMessage","project":"uk.gov.gchq.palisade:common","goal":"report","cause":null,"state":"SUCCESS"}
12:52:00.847 [INFO]   [Measuring]   deserializing line [DIFFBLUE]{"__type":"com.diffblue.cover.buildsystem.model.DefaultProjectModuleMessage","project":{"__type":"DefaultProjectModule","junitReport":["/home/jbergqvist/diffblue/Palisade-common/target/surefire-reports"],"jacocoReport":["/home/jbergqvist/diffblue/Palisade-common/target/site/jacoco/jacoco.xml"],"jacocoDestFile":["${sonar.jacoco.reportPath}","/home/jbergqvist/diffblue/Palisade-common/target/jacoco.exec"],"jacocoFormats":["xml"],"jacocoSkipped":false,"classpath":["/home/jbergqvist/diffblue/Palisade-common/target/classes","/home/jbergqvist/.m2/repository/com/typesafe/akka/akka-stream_2.13/2.6.10/akka-stream_2.13-2.6.10.jar","/home/jbergqvist/.m2/repository/org/scala-lang/scala-library/2.13.3/scala-library-2.13.3.jar","/home/jbergqvist/.m2/repository/com/typesafe/akka/akka-actor_2.13/2.6.10/akka-actor_2.13-2.6.10.jar","/home/jbergqvist/.m2/repository/com/typesafe/config/1.4.0/config-1.4.0.jar","/home/jbergqvist/.m2/repository/org/scala-lang/modules/scala-java8-compat_2.13/0.9.0/scala-java8-compat_2.13-0.9.0.jar","/home/jbergqvist/.m2/repository/com/typesafe/akka/akka-protobuf-v3_2.13/2.6.10/akka-protobuf-v3_2.13-2.6.10.jar","/home/jbergqvist/.m2/repository/org/reactivestreams/reactive-streams/1.0.3/reactive-streams-1.0.3.jar","/home/jbergqvist/.m2/repository/com/typesafe/ssl-config-core_2.13/0.4.2/ssl-config-core_2.13-0.4.2.jar","/home/jbergqvist/.m2/repository/org/scala-lang/modules/scala-parser-combinators_2.13/1.1.2/scala-parser-combinators_2.13-1.1.2.jar","/home/jbergqvist/.m2/repository/org/junit/jupiter/junit-jupiter-engine/5.13.4/junit-jupiter-engine-5.13.4.jar","/home/jbergqvist/.m2/repository/org/junit/platform/junit-platform-engine/1.13.4/junit-platform-engine-1.13.4.jar","/home/jbergqvist/.m2/repository/org/opentest4j/opentest4j/1.3.0/opentest4j-1.3.0.jar","/home/jbergqvist/.m2/repository/org/junit/platform/junit-platform-commons/1.13.4/junit-platform-commons-1.13.4.jar","/home/jbergqvist/.m2/repository/org/junit/jupiter/junit-jupiter-api/5.13.4/junit-jupiter-api-5.13.4.jar","/home/jbergqvist/.m2/repository/org/apiguardian/apiguardian-api/1.1.2/apiguardian-api-1.1.2.jar","/home/jbergqvist/.m2/repository/org/mockito/mockito-core/5.20.0/mockito-core-5.20.0.jar","/home/jbergqvist/.m2/repository/net/bytebuddy/byte-buddy/1.17.7/byte-buddy-1.17.7.jar","/home/jbergqvist/.m2/repository/net/bytebuddy/byte-buddy-agent/1.17.7/byte-buddy-agent-1.17.7.jar","/home/jbergqvist/.m2/repository/org/objenesis/objenesis/3.3/objenesis-3.3.jar","/home/jbergqvist/.m2/repository/org/mockito/mockito-junit-jupiter/5.20.0/mockito-junit-jupiter-5.20.0.jar","/home/jbergqvist/.m2/repository/com/fasterxml/jackson/core/jackson-databind/2.11.0/jackson-databind-2.11.0.jar","/home/jbergqvist/.m2/repository/com/fasterxml/jackson/core/jackson-annotations/2.11.0/jackson-annotations-2.11.0.jar","/home/jbergqvist/.m2/repository/com/fasterxml/jackson/core/jackson-core/2.11.0/jackson-core-2.11.0.jar","/home/jbergqvist/.m2/repository/org/slf4j/slf4j-api/1.7.25/slf4j-api-1.7.25.jar","/home/jbergqvist/.m2/repository/com/diffblue/cover/cover-annotations/1.8.0/cover-annotations-1.8.0.jar"],"complianceLevel":"11","productionSources":["/home/jbergqvist/diffblue/Palisade-common/src/main/java"],"testSources":["/home/jbergqvist/diffblue/Palisade-common/src/test/java"],"productionClasses":"/home/jbergqvist/diffblue/Palisade-common/target/classes","testClasses":"/home/jbergqvist/diffblue/Palisade-common/target/test-classes","sourceToBuildPathMap":null,"testSourceToBuildPathMap":null,"buildDirectory":"/home/jbergqvist/diffblue/Palisade-common/target","plugins":[{"__type":"DefaultPlugin","groupId":"org.apache.maven.plugins","artefactId":"maven-compiler-plugin","version":"3.8.0","pluginClassName":null},{"__type":"DefaultPlugin","groupId":"org.apache.maven.plugins","artefactId":"maven-javadoc-plugin","version":"3.1.0","pluginClassName":null},{"__type":"DefaultPlugin","groupId":"org.apache.maven.plugins","artefactId":"maven-dependency-plugin","version":"3.1.2","pluginClassName":null},{"__type":"DefaultPlugin","groupId":"org.codehaus.mojo","artefactId":"flatten-maven-plugin","version":"1.1.0","pluginClassName":null},{"__type":"DefaultPlugin","groupId":"org.codehaus.mojo","artefactId":"license-maven-plugin","version":"2.0.0","pluginClassName":null},{"__type":"DefaultPlugin","groupId":"org.jacoco","artefactId":"jacoco-maven-plugin","version":"0.8.5","pluginClassName":null},{"__type":"DefaultPlugin","groupId":"org.apache.maven.plugins","artefactId":"maven-checkstyle-plugin","version":"3.1.0","pluginClassName":null},{"__type":"DefaultPlugin","groupId":"org.apache.maven.plugins","artefactId":"maven-clean-plugin","version":"3.2.0","pluginClassName":null},{"__type":"DefaultPlugin","groupId":"org.apache.maven.plugins","artefactId":"maven-resources-plugin","version":"3.3.1","pluginClassName":null},{"__type":"DefaultPlugin","groupId":"org.apache.maven.plugins","artefactId":"maven-jar-plugin","version":"3.4.1","pluginClassName":null},{"__type":"DefaultPlugin","groupId":"org.apache.maven.plugins","artefactId":"maven-surefire-plugin","version":"3.2.5","pluginClassName":null},{"__type":"DefaultPlugin","groupId":"org.apache.maven.plugins","artefactId":"maven-install-plugin","version":"3.1.2","pluginClassName":null},{"__type":"DefaultPlugin","groupId":"org.apache.maven.plugins","artefactId":"maven-deploy-plugin","version":"3.1.2","pluginClassName":null},{"__type":"DefaultPlugin","groupId":"org.apache.maven.plugins","artefactId":"maven-site-plugin","version":"3.12.1","pluginClassName":null}],"version":"3.9.12","encoding":"UTF-8","name":"maven","subModules":[],"simpleModuleName":null,"parentModuleName":null,"location":"/home/jbergqvist/diffblue/Palisade-common","fullModuleName":"uk.gov.gchq.palisade:common"}}
12:52:00.850 [INFO]   [Measuring]   out: [INFO] ------------------------------------------------------------------------
12:52:00.850 [INFO]   [Measuring]   out: [INFO] BUILD SUCCESS
12:52:00.850 [INFO]   [Measuring]   out: [INFO] ------------------------------------------------------------------------
12:52:00.850 [INFO]   [Measuring]   out: [INFO] Total time:  7.229 s
12:52:00.850 [INFO]   [Measuring]   out: [INFO] Finished at: 2026-01-12T12:52:00Z
12:52:00.850 [INFO]   [Measuring]   out: [INFO] ------------------------------------------------------------------------
12:52:00.850 [INFO]   [Measuring]   deserializing line [DIFFBLUE]{"__type":"com.diffblue.cover.buildsystem.model.ProjectInfoMessage","projectName":"uk.gov.gchq.palisade:common","productionSources":["/home/jbergqvist/diffblue/Palisade-common/src/main/java","/home/jbergqvist/diffblue/Palisade-common/target/generated-sources/annotations"],"testSources":["/home/jbergqvist/diffblue/Palisade-common/src/test/java","/home/jbergqvist/diffblue/Palisade-common/target/generated-test-sources/test-annotations"],"location":"/home/jbergqvist/diffblue/Palisade-common"}
12:52:00.884 [INFO]   [Measuring]   maven:err process not stopped, joining thread
12:52:00.885 [INFO]   [Measuring]   maven:out process not stopped, joining thread
12:52:00.885 [INFO]   [Measuring]   Attempting to invoke mvnw in working directory: /home/jbergqvist/diffblue/Palisade-common
12:52:00.885 [INFO]   [Measuring]   Attempting to invoke /home/jbergqvist/.sdkman/candidates/maven/current/bin/mvn in working directory: /home/jbergqvist/diffblue/Palisade-common
12:52:00.886 [INFO]   [Measuring]   Started "/home/jbergqvist/.sdkman/candidates/maven/current/bin/mvn -Dmaven.ext.class.path=/opt/cover/cover-buildsystem-maven-spy-jar-with-dependencies.jar -Dcom.diffblue.cover.skipTests=true -DskipTestOptimizer --batch-mode --projects=uk.gov.gchq.palisade:common --global-settings=/home/jbergqvist/.sdkman/candidates/maven/current/conf/settings.xml org.apache.maven.plugins:maven-checkstyle-plugin:check -Dcheckstyle.failOnViolation=false org.jacoco:jacoco-maven-plugin:0.8.5:prepare-agent -Djacoco.skip=false test -DfailIfNoTests=false -Dsurefire.failIfNoSpecifiedTests=false -Dmaven.test.failure.ignore=True -Dtest=!*DiffblueTest,**/Test*.java,**/*Test.java,**/*Tests.java,**/*TestCase.java -Dgroups=MaintainedByDiffblue,ContributionFromDiffblue org.jacoco:jacoco-maven-plugin:0.8.5:report -Djacoco.skip=false"
12:52:01.660 [INFO]   [Measuring]   out: [INFO] Scanning for projects...
12:52:01.781 [INFO]   [Measuring]   out: [INFO] 
12:52:01.781 [INFO]   [Measuring]   out: [INFO] --------------------< uk.gov.gchq.palisade:common >---------------------
12:52:01.781 [INFO]   [Measuring]   out: [INFO] Building GCHQ Palisade Common Library 0.5.2-SNAPSHOT
12:52:01.781 [INFO]   [Measuring]   out: [INFO]   from pom.xml
12:52:01.781 [INFO]   [Measuring]   out: [INFO] --------------------------------[ jar ]---------------------------------
12:52:02.031 [INFO]   [Measuring]   deserializing line [DIFFBLUE]{"__type":"com.diffblue.cover.buildsystem.model.DefaultEventMessage","project":"uk.gov.gchq.palisade:common","goal":"check","cause":null,"state":"STARTED"}
12:52:02.032 [INFO]   [Measuring]   out: [INFO] 
12:52:02.032 [INFO]   [Measuring]   out: [INFO] --- checkstyle:3.1.0:check (default-cli) @ common ---
12:52:02.693 [INFO]   [Measuring]   out: [INFO] Starting audit...
12:52:02.694 [INFO]   [Measuring]   out: Audit done.
12:52:02.700 [INFO]   [Measuring]   deserializing line [DIFFBLUE]{"__type":"com.diffblue.cover.buildsystem.model.DefaultEventMessage","project":"uk.gov.gchq.palisade:common","goal":"check","cause":null,"state":"SUCCESS"}
12:52:02.702 [INFO]   [Measuring]   deserializing line [DIFFBLUE]{"__type":"com.diffblue.cover.buildsystem.model.DefaultEventMessage","project":"uk.gov.gchq.palisade:common","goal":"prepare-agent","cause":null,"state":"STARTED"}
12:52:02.702 [INFO]   [Measuring]   out: [INFO] 
12:52:02.702 [INFO]   [Measuring]   out: [INFO] --- jacoco:0.8.5:prepare-agent (default-cli) @ common ---
12:52:02.806 [INFO]   [Measuring]   out: [INFO] argLine set to -javaagent:/home/jbergqvist/.m2/repository/org/jacoco/org.jacoco.agent/0.8.5/org.jacoco.agent-0.8.5-runtime.jar=destfile=/home/jbergqvist/diffblue/Palisade-common/target/jacoco.exec,append=true
12:52:02.807 [INFO]   [Measuring]   deserializing line [DIFFBLUE]{"__type":"com.diffblue.cover.buildsystem.model.DefaultEventMessage","project":"uk.gov.gchq.palisade:common","goal":"prepare-agent","cause":null,"state":"SUCCESS"}
12:52:02.809 [INFO]   [Measuring]   deserializing line [DIFFBLUE]{"__type":"com.diffblue.cover.buildsystem.model.DefaultEventMessage","project":"uk.gov.gchq.palisade:common","goal":"prepare-agent","cause":null,"state":"STARTED"}
12:52:02.810 [INFO]   [Measuring]   out: [INFO] 
12:52:02.810 [INFO]   [Measuring]   out: [INFO] --- jacoco:0.8.5:prepare-agent (agent) @ common ---
12:52:02.810 [INFO]   [Measuring]   out: [INFO] argLine set to -javaagent:/home/jbergqvist/.m2/repository/org/jacoco/org.jacoco.agent/0.8.5/org.jacoco.agent-0.8.5-runtime.jar=destfile=/home/jbergqvist/diffblue/Palisade-common/target/jacoco.exec,append=true
12:52:02.811 [INFO]   [Measuring]   deserializing line [DIFFBLUE]{"__type":"com.diffblue.cover.buildsystem.model.DefaultEventMessage","project":"uk.gov.gchq.palisade:common","goal":"prepare-agent","cause":null,"state":"SUCCESS"}
12:52:02.812 [INFO]   [Measuring]   deserializing line [DIFFBLUE]{"__type":"com.diffblue.cover.buildsystem.model.DefaultEventMessage","project":"uk.gov.gchq.palisade:common","goal":"resources","cause":null,"state":"STARTED"}
12:52:02.813 [INFO]   [Measuring]   out: [INFO] 
12:52:02.813 [INFO]   [Measuring]   out: [INFO] --- resources:3.3.1:resources (default-resources) @ common ---
12:52:02.853 [INFO]   [Measuring]   out: [INFO] Copying 1 resource from src/main/resources to target/classes
12:52:02.857 [INFO]   [Measuring]   deserializing line [DIFFBLUE]{"__type":"com.diffblue.cover.buildsystem.model.DefaultEventMessage","project":"uk.gov.gchq.palisade:common","goal":"resources","cause":null,"state":"SUCCESS"}
12:52:02.858 [INFO]   [Measuring]   deserializing line [DIFFBLUE]{"__type":"com.diffblue.cover.buildsystem.model.DefaultEventMessage","project":"uk.gov.gchq.palisade:common","goal":"flatten","cause":null,"state":"STARTED"}
12:52:02.859 [INFO]   [Measuring]   out: [INFO] 
12:52:02.859 [INFO]   [Measuring]   out: [INFO] --- flatten:1.1.0:flatten (flatten) @ common ---
12:52:02.937 [INFO]   [Measuring]   out: [INFO] Generating flattened POM of project uk.gov.gchq.palisade:common:jar:0.5.2-SNAPSHOT...
12:52:02.965 [INFO]   [Measuring]   deserializing line [DIFFBLUE]{"__type":"com.diffblue.cover.buildsystem.model.DefaultEventMessage","project":"uk.gov.gchq.palisade:common","goal":"flatten","cause":null,"state":"SUCCESS"}
12:52:02.966 [INFO]   [Measuring]   deserializing line [DIFFBLUE]{"__type":"com.diffblue.cover.buildsystem.model.DefaultEventMessage","project":"uk.gov.gchq.palisade:common","goal":"compile","cause":null,"state":"STARTED"}
12:52:02.967 [INFO]   [Measuring]   out: [INFO] 
12:52:02.967 [INFO]   [Measuring]   out: [INFO] --- compiler:3.8.0:compile (default-compile) @ common ---
12:52:03.044 [INFO]   [Measuring]   out: [INFO] Nothing to compile - all classes are up to date
12:52:03.045 [INFO]   [Measuring]   deserializing line [DIFFBLUE]{"__type":"com.diffblue.cover.buildsystem.model.DefaultEventMessage","project":"uk.gov.gchq.palisade:common","goal":"compile","cause":null,"state":"SUCCESS"}
12:52:03.047 [INFO]   [Measuring]   deserializing line [DIFFBLUE]{"__type":"com.diffblue.cover.buildsystem.model.DefaultEventMessage","project":"uk.gov.gchq.palisade:common","goal":"javadoc-no-fork","cause":null,"state":"STARTED"}
12:52:03.048 [INFO]   [Measuring]   out: [INFO] 
12:52:03.048 [INFO]   [Measuring]   out: [INFO] --- javadoc:3.1.0:javadoc-no-fork (javadoc-compile) @ common ---
12:52:04.623 [INFO]   [Measuring]   deserializing line [DIFFBLUE]{"__type":"com.diffblue.cover.buildsystem.model.DefaultEventMessage","project":"uk.gov.gchq.palisade:common","goal":"javadoc-no-fork","cause":null,"state":"SUCCESS"}
12:52:04.624 [INFO]   [Measuring]   deserializing line [DIFFBLUE]{"__type":"com.diffblue.cover.buildsystem.model.DefaultEventMessage","project":"uk.gov.gchq.palisade:common","goal":"aggregate-no-fork","cause":null,"state":"STARTED"}
12:52:04.625 [INFO]   [Measuring]   out: [INFO] 
12:52:04.625 [INFO]   [Measuring]   out: [INFO] --- javadoc:3.1.0:aggregate-no-fork (javadoc-compile) @ common ---
12:52:06.027 [INFO]   [Measuring]   deserializing line [DIFFBLUE]{"__type":"com.diffblue.cover.buildsystem.model.DefaultEventMessage","project":"uk.gov.gchq.palisade:common","goal":"aggregate-no-fork","cause":null,"state":"SUCCESS"}
12:52:06.028 [INFO]   [Measuring]   deserializing line [DIFFBLUE]{"__type":"com.diffblue.cover.buildsystem.model.DefaultEventMessage","project":"uk.gov.gchq.palisade:common","goal":"testResources","cause":null,"state":"STARTED"}
12:52:06.028 [INFO]   [Measuring]   out: [INFO] 
12:52:06.028 [INFO]   [Measuring]   out: [INFO] --- resources:3.3.1:testResources (default-testResources) @ common ---
12:52:06.029 [INFO]   [Measuring]   out: [INFO] skip non existing resourceDirectory /home/jbergqvist/diffblue/Palisade-common/src/test/resources
12:52:06.030 [INFO]   [Measuring]   deserializing line [DIFFBLUE]{"__type":"com.diffblue.cover.buildsystem.model.DefaultEventMessage","project":"uk.gov.gchq.palisade:common","goal":"testResources","cause":null,"state":"SUCCESS"}
12:52:06.031 [INFO]   [Measuring]   deserializing line [DIFFBLUE]{"__type":"com.diffblue.cover.buildsystem.model.DefaultEventMessage","project":"uk.gov.gchq.palisade:common","goal":"testCompile","cause":null,"state":"STARTED"}
12:52:06.031 [INFO]   [Measuring]   out: [INFO] 
12:52:06.031 [INFO]   [Measuring]   out: [INFO] --- compiler:3.8.0:testCompile (default-testCompile) @ common ---
12:52:06.036 [INFO]   [Measuring]   out: [INFO] Nothing to compile - all classes are up to date
12:52:06.037 [INFO]   [Measuring]   deserializing line [DIFFBLUE]{"__type":"com.diffblue.cover.buildsystem.model.DefaultEventMessage","project":"uk.gov.gchq.palisade:common","goal":"testCompile","cause":null,"state":"SUCCESS"}
12:52:06.038 [INFO]   [Measuring]   deserializing line [DIFFBLUE]{"__type":"com.diffblue.cover.buildsystem.model.DefaultEventMessage","project":"uk.gov.gchq.palisade:common","goal":"test","cause":null,"state":"STARTED"}
12:52:06.038 [INFO]   [Measuring]   out: [INFO] 
12:52:06.038 [INFO]   [Measuring]   out: [INFO] --- surefire:3.2.5:test (default-test) @ common ---
12:52:06.109 [INFO]   [Measuring]   deserializing line [DIFFBLUE]{"__type":"com.diffblue.cover.buildsystem.model.DefaultEventMessage","project":"uk.gov.gchq.palisade:common","goal":"test","cause":null,"state":"SUCCESS"}
12:52:06.110 [INFO]   [Measuring]   deserializing line [DIFFBLUE]{"__type":"com.diffblue.cover.buildsystem.model.DefaultEventMessage","project":"uk.gov.gchq.palisade:common","goal":"report","cause":null,"state":"STARTED"}
12:52:06.110 [INFO]   [Measuring]   out: [INFO] 
12:52:06.110 [INFO]   [Measuring]   out: [INFO] --- jacoco:0.8.5:report (default-cli) @ common ---
12:52:06.160 [INFO]   [Measuring]   out: [INFO] Loading execution data file /home/jbergqvist/diffblue/Palisade-common/target/jacoco.exec
12:52:06.223 [INFO]   [Measuring]   out: [INFO] Analyzed bundle 'GCHQ Palisade Common Library' with 25 classes
12:52:06.278 [INFO]   [Measuring]   deserializing line [DIFFBLUE]{"__type":"com.diffblue.cover.buildsystem.model.DefaultEventMessage","project":"uk.gov.gchq.palisade:common","goal":"report","cause":null,"state":"SUCCESS"}
12:52:06.300 [INFO]   [Measuring]   deserializing line [DIFFBLUE]{"__type":"com.diffblue.cover.buildsystem.model.DefaultProjectModuleMessage","project":{"__type":"DefaultProjectModule","junitReport":["/home/jbergqvist/diffblue/Palisade-common/target/surefire-reports"],"jacocoReport":["/home/jbergqvist/diffblue/Palisade-common/target/site/jacoco/jacoco.xml"],"jacocoDestFile":["${sonar.jacoco.reportPath}","/home/jbergqvist/diffblue/Palisade-common/target/jacoco.exec"],"jacocoFormats":["xml"],"jacocoSkipped":false,"classpath":["/home/jbergqvist/diffblue/Palisade-common/target/classes","/home/jbergqvist/.m2/repository/com/typesafe/akka/akka-stream_2.13/2.6.10/akka-stream_2.13-2.6.10.jar","/home/jbergqvist/.m2/repository/org/scala-lang/scala-library/2.13.3/scala-library-2.13.3.jar","/home/jbergqvist/.m2/repository/com/typesafe/akka/akka-actor_2.13/2.6.10/akka-actor_2.13-2.6.10.jar","/home/jbergqvist/.m2/repository/com/typesafe/config/1.4.0/config-1.4.0.jar","/home/jbergqvist/.m2/repository/org/scala-lang/modules/scala-java8-compat_2.13/0.9.0/scala-java8-compat_2.13-0.9.0.jar","/home/jbergqvist/.m2/repository/com/typesafe/akka/akka-protobuf-v3_2.13/2.6.10/akka-protobuf-v3_2.13-2.6.10.jar","/home/jbergqvist/.m2/repository/org/reactivestreams/reactive-streams/1.0.3/reactive-streams-1.0.3.jar","/home/jbergqvist/.m2/repository/com/typesafe/ssl-config-core_2.13/0.4.2/ssl-config-core_2.13-0.4.2.jar","/home/jbergqvist/.m2/repository/org/scala-lang/modules/scala-parser-combinators_2.13/1.1.2/scala-parser-combinators_2.13-1.1.2.jar","/home/jbergqvist/.m2/repository/org/junit/jupiter/junit-jupiter-engine/5.13.4/junit-jupiter-engine-5.13.4.jar","/home/jbergqvist/.m2/repository/org/junit/platform/junit-platform-engine/1.13.4/junit-platform-engine-1.13.4.jar","/home/jbergqvist/.m2/repository/org/opentest4j/opentest4j/1.3.0/opentest4j-1.3.0.jar","/home/jbergqvist/.m2/repository/org/junit/platform/junit-platform-commons/1.13.4/junit-platform-commons-1.13.4.jar","/home/jbergqvist/.m2/repository/org/junit/jupiter/junit-jupiter-api/5.13.4/junit-jupiter-api-5.13.4.jar","/home/jbergqvist/.m2/repository/org/apiguardian/apiguardian-api/1.1.2/apiguardian-api-1.1.2.jar","/home/jbergqvist/.m2/repository/org/mockito/mockito-core/5.20.0/mockito-core-5.20.0.jar","/home/jbergqvist/.m2/repository/net/bytebuddy/byte-buddy/1.17.7/byte-buddy-1.17.7.jar","/home/jbergqvist/.m2/repository/net/bytebuddy/byte-buddy-agent/1.17.7/byte-buddy-agent-1.17.7.jar","/home/jbergqvist/.m2/repository/org/objenesis/objenesis/3.3/objenesis-3.3.jar","/home/jbergqvist/.m2/repository/org/mockito/mockito-junit-jupiter/5.20.0/mockito-junit-jupiter-5.20.0.jar","/home/jbergqvist/.m2/repository/com/fasterxml/jackson/core/jackson-databind/2.11.0/jackson-databind-2.11.0.jar","/home/jbergqvist/.m2/repository/com/fasterxml/jackson/core/jackson-annotations/2.11.0/jackson-annotations-2.11.0.jar","/home/jbergqvist/.m2/repository/com/fasterxml/jackson/core/jackson-core/2.11.0/jackson-core-2.11.0.jar","/home/jbergqvist/.m2/repository/org/slf4j/slf4j-api/1.7.25/slf4j-api-1.7.25.jar","/home/jbergqvist/.m2/repository/com/diffblue/cover/cover-annotations/1.8.0/cover-annotations-1.8.0.jar"],"complianceLevel":"11","productionSources":["/home/jbergqvist/diffblue/Palisade-common/src/main/java"],"testSources":["/home/jbergqvist/diffblue/Palisade-common/src/test/java"],"productionClasses":"/home/jbergqvist/diffblue/Palisade-common/target/classes","testClasses":"/home/jbergqvist/diffblue/Palisade-common/target/test-classes","sourceToBuildPathMap":null,"testSourceToBuildPathMap":null,"buildDirectory":"/home/jbergqvist/diffblue/Palisade-common/target","plugins":[{"__type":"DefaultPlugin","groupId":"org.apache.maven.plugins","artefactId":"maven-compiler-plugin","version":"3.8.0","pluginClassName":null},{"__type":"DefaultPlugin","groupId":"org.apache.maven.plugins","artefactId":"maven-javadoc-plugin","version":"3.1.0","pluginClassName":null},{"__type":"DefaultPlugin","groupId":"org.apache.maven.plugins","artefactId":"maven-dependency-plugin","version":"3.1.2","pluginClassName":null},{"__type":"DefaultPlugin","groupId":"org.codehaus.mojo","artefactId":"flatten-maven-plugin","version":"1.1.0","pluginClassName":null},{"__type":"DefaultPlugin","groupId":"org.codehaus.mojo","artefactId":"license-maven-plugin","version":"2.0.0","pluginClassName":null},{"__type":"DefaultPlugin","groupId":"org.jacoco","artefactId":"jacoco-maven-plugin","version":"0.8.5","pluginClassName":null},{"__type":"DefaultPlugin","groupId":"org.apache.maven.plugins","artefactId":"maven-checkstyle-plugin","version":"3.1.0","pluginClassName":null},{"__type":"DefaultPlugin","groupId":"org.apache.maven.plugins","artefactId":"maven-clean-plugin","version":"3.2.0","pluginClassName":null},{"__type":"DefaultPlugin","groupId":"org.apache.maven.plugins","artefactId":"maven-resources-plugin","version":"3.3.1","pluginClassName":null},{"__type":"DefaultPlugin","groupId":"org.apache.maven.plugins","artefactId":"maven-jar-plugin","version":"3.4.1","pluginClassName":null},{"__type":"DefaultPlugin","groupId":"org.apache.maven.plugins","artefactId":"maven-surefire-plugin","version":"3.2.5","pluginClassName":null},{"__type":"DefaultPlugin","groupId":"org.apache.maven.plugins","artefactId":"maven-install-plugin","version":"3.1.2","pluginClassName":null},{"__type":"DefaultPlugin","groupId":"org.apache.maven.plugins","artefactId":"maven-deploy-plugin","version":"3.1.2","pluginClassName":null},{"__type":"DefaultPlugin","groupId":"org.apache.maven.plugins","artefactId":"maven-site-plugin","version":"3.12.1","pluginClassName":null}],"version":"3.9.12","encoding":"UTF-8","name":"maven","subModules":[],"simpleModuleName":null,"parentModuleName":null,"location":"/home/jbergqvist/diffblue/Palisade-common","fullModuleName":"uk.gov.gchq.palisade:common"}}
12:52:06.303 [INFO]   [Measuring]   out: [INFO] ------------------------------------------------------------------------
12:52:06.303 [INFO]   [Measuring]   out: [INFO] BUILD SUCCESS
12:52:06.303 [INFO]   [Measuring]   out: [INFO] ------------------------------------------------------------------------
12:52:06.303 [INFO]   [Measuring]   out: [INFO] Total time:  4.655 s
12:52:06.303 [INFO]   [Measuring]   out: [INFO] Finished at: 2026-01-12T12:52:06Z
12:52:06.303 [INFO]   [Measuring]   out: [INFO] ------------------------------------------------------------------------
12:52:06.304 [INFO]   [Measuring]   deserializing line [DIFFBLUE]{"__type":"com.diffblue.cover.buildsystem.model.ProjectInfoMessage","projectName":"uk.gov.gchq.palisade:common","productionSources":["/home/jbergqvist/diffblue/Palisade-common/src/main/java","/home/jbergqvist/diffblue/Palisade-common/target/generated-sources/annotations"],"testSources":["/home/jbergqvist/diffblue/Palisade-common/src/test/java","/home/jbergqvist/diffblue/Palisade-common/target/generated-test-sources/test-annotations"],"location":"/home/jbergqvist/diffblue/Palisade-common"}
12:52:06.357 [INFO]   [Measuring]   maven:err process not stopped, joining thread
12:52:06.357 [INFO]   [Measuring]   maven:out process not stopped, joining thread
12:52:06.378 [INFO]   [Measuring]   JaCoCo report file created in /home/jbergqvist/diffblue/Palisade-common/.diffblue/reports/diffblue-tests-jacoco-report.xml
12:52:06.402 [INFO]   [Measuring]   Calculating coverage from manual tests.
12:52:06.403 [INFO]   [Measuring]   Using default build rules as no custom rules found in any of [/home/jbergqvist/diffblue/Palisade-common]
12:52:06.403 [INFO]   [Measuring]   Attempting to invoke mvnw in working directory: /home/jbergqvist/diffblue/Palisade-common
12:52:06.404 [INFO]   [Measuring]   Attempting to invoke /home/jbergqvist/.sdkman/candidates/maven/current/bin/mvn in working directory: /home/jbergqvist/diffblue/Palisade-common
12:52:06.404 [INFO]   [Measuring]   Started "/home/jbergqvist/.sdkman/candidates/maven/current/bin/mvn -Dmaven.ext.class.path=/opt/cover/cover-buildsystem-maven-spy-jar-with-dependencies.jar -Dcom.diffblue.cover.skipTests=true -DskipTestOptimizer --batch-mode --projects=uk.gov.gchq.palisade:common --global-settings=/home/jbergqvist/.sdkman/candidates/maven/current/conf/settings.xml org.apache.maven.plugins:maven-checkstyle-plugin:check -Dcheckstyle.failOnViolation=false org.jacoco:jacoco-maven-plugin:0.8.5:prepare-agent -Djacoco.skip=false test -DfailIfNoTests=false -Dsurefire.failIfNoSpecifiedTests=false -Dmaven.test.failure.ignore=True -Dtest=!*DiffblueTest,**/Test*.java,**/*Test.java,**/*Tests.java,**/*TestCase.java -DexcludedGroups=MaintainedByDiffblue,ContributionFromDiffblue org.jacoco:jacoco-maven-plugin:0.8.5:report -Djacoco.skip=false"
12:52:07.152 [INFO]   [Measuring]   out: [INFO] Scanning for projects...
12:52:07.261 [INFO]   [Measuring]   out: [INFO] 
12:52:07.261 [INFO]   [Measuring]   out: [INFO] --------------------< uk.gov.gchq.palisade:common >---------------------
12:52:07.261 [INFO]   [Measuring]   out: [INFO] Building GCHQ Palisade Common Library 0.5.2-SNAPSHOT
12:52:07.261 [INFO]   [Measuring]   out: [INFO]   from pom.xml
12:52:07.261 [INFO]   [Measuring]   out: [INFO] --------------------------------[ jar ]---------------------------------
12:52:07.504 [INFO]   [Measuring]   deserializing line [DIFFBLUE]{"__type":"com.diffblue.cover.buildsystem.model.DefaultEventMessage","project":"uk.gov.gchq.palisade:common","goal":"check","cause":null,"state":"STARTED"}
12:52:07.505 [INFO]   [Measuring]   out: [INFO] 
12:52:07.505 [INFO]   [Measuring]   out: [INFO] --- checkstyle:3.1.0:check (default-cli) @ common ---
12:52:08.180 [INFO]   [Measuring]   out: [INFO] Starting audit...
12:52:08.180 [INFO]   [Measuring]   out: Audit done.
12:52:08.187 [INFO]   [Measuring]   deserializing line [DIFFBLUE]{"__type":"com.diffblue.cover.buildsystem.model.DefaultEventMessage","project":"uk.gov.gchq.palisade:common","goal":"check","cause":null,"state":"SUCCESS"}
12:52:08.188 [INFO]   [Measuring]   deserializing line [DIFFBLUE]{"__type":"com.diffblue.cover.buildsystem.model.DefaultEventMessage","project":"uk.gov.gchq.palisade:common","goal":"prepare-agent","cause":null,"state":"STARTED"}
12:52:08.189 [INFO]   [Measuring]   out: [INFO] 
12:52:08.189 [INFO]   [Measuring]   out: [INFO] --- jacoco:0.8.5:prepare-agent (default-cli) @ common ---
12:52:08.289 [INFO]   [Measuring]   out: [INFO] argLine set to -javaagent:/home/jbergqvist/.m2/repository/org/jacoco/org.jacoco.agent/0.8.5/org.jacoco.agent-0.8.5-runtime.jar=destfile=/home/jbergqvist/diffblue/Palisade-common/target/jacoco.exec,append=true
12:52:08.290 [INFO]   [Measuring]   deserializing line [DIFFBLUE]{"__type":"com.diffblue.cover.buildsystem.model.DefaultEventMessage","project":"uk.gov.gchq.palisade:common","goal":"prepare-agent","cause":null,"state":"SUCCESS"}
12:52:08.291 [INFO]   [Measuring]   deserializing line [DIFFBLUE]{"__type":"com.diffblue.cover.buildsystem.model.DefaultEventMessage","project":"uk.gov.gchq.palisade:common","goal":"prepare-agent","cause":null,"state":"STARTED"}
12:52:08.292 [INFO]   [Measuring]   out: [INFO] 
12:52:08.292 [INFO]   [Measuring]   out: [INFO] --- jacoco:0.8.5:prepare-agent (agent) @ common ---
12:52:08.292 [INFO]   [Measuring]   out: [INFO] argLine set to -javaagent:/home/jbergqvist/.m2/repository/org/jacoco/org.jacoco.agent/0.8.5/org.jacoco.agent-0.8.5-runtime.jar=destfile=/home/jbergqvist/diffblue/Palisade-common/target/jacoco.exec,append=true
12:52:08.293 [INFO]   [Measuring]   deserializing line [DIFFBLUE]{"__type":"com.diffblue.cover.buildsystem.model.DefaultEventMessage","project":"uk.gov.gchq.palisade:common","goal":"prepare-agent","cause":null,"state":"SUCCESS"}
12:52:08.294 [INFO]   [Measuring]   deserializing line [DIFFBLUE]{"__type":"com.diffblue.cover.buildsystem.model.DefaultEventMessage","project":"uk.gov.gchq.palisade:common","goal":"resources","cause":null,"state":"STARTED"}
12:52:08.295 [INFO]   [Measuring]   out: [INFO] 
12:52:08.295 [INFO]   [Measuring]   out: [INFO] --- resources:3.3.1:resources (default-resources) @ common ---
12:52:08.335 [INFO]   [Measuring]   out: [INFO] Copying 1 resource from src/main/resources to target/classes
12:52:08.340 [INFO]   [Measuring]   deserializing line [DIFFBLUE]{"__type":"com.diffblue.cover.buildsystem.model.DefaultEventMessage","project":"uk.gov.gchq.palisade:common","goal":"resources","cause":null,"state":"SUCCESS"}
12:52:08.341 [INFO]   [Measuring]   deserializing line [DIFFBLUE]{"__type":"com.diffblue.cover.buildsystem.model.DefaultEventMessage","project":"uk.gov.gchq.palisade:common","goal":"flatten","cause":null,"state":"STARTED"}
12:52:08.342 [INFO]   [Measuring]   out: [INFO] 
12:52:08.342 [INFO]   [Measuring]   out: [INFO] --- flatten:1.1.0:flatten (flatten) @ common ---
12:52:08.422 [INFO]   [Measuring]   out: [INFO] Generating flattened POM of project uk.gov.gchq.palisade:common:jar:0.5.2-SNAPSHOT...
12:52:08.452 [INFO]   [Measuring]   deserializing line [DIFFBLUE]{"__type":"com.diffblue.cover.buildsystem.model.DefaultEventMessage","project":"uk.gov.gchq.palisade:common","goal":"flatten","cause":null,"state":"SUCCESS"}
12:52:08.453 [INFO]   [Measuring]   deserializing line [DIFFBLUE]{"__type":"com.diffblue.cover.buildsystem.model.DefaultEventMessage","project":"uk.gov.gchq.palisade:common","goal":"compile","cause":null,"state":"STARTED"}
12:52:08.454 [INFO]   [Measuring]   out: [INFO] 
12:52:08.454 [INFO]   [Measuring]   out: [INFO] --- compiler:3.8.0:compile (default-compile) @ common ---
12:52:08.531 [INFO]   [Measuring]   out: [INFO] Nothing to compile - all classes are up to date
12:52:08.533 [INFO]   [Measuring]   deserializing line [DIFFBLUE]{"__type":"com.diffblue.cover.buildsystem.model.DefaultEventMessage","project":"uk.gov.gchq.palisade:common","goal":"compile","cause":null,"state":"SUCCESS"}
12:52:08.534 [INFO]   [Measuring]   deserializing line [DIFFBLUE]{"__type":"com.diffblue.cover.buildsystem.model.DefaultEventMessage","project":"uk.gov.gchq.palisade:common","goal":"javadoc-no-fork","cause":null,"state":"STARTED"}
12:52:08.534 [INFO]   [Measuring]   out: [INFO] 
12:52:08.534 [INFO]   [Measuring]   out: [INFO] --- javadoc:3.1.0:javadoc-no-fork (javadoc-compile) @ common ---
12:52:10.140 [INFO]   [Measuring]   deserializing line [DIFFBLUE]{"__type":"com.diffblue.cover.buildsystem.model.DefaultEventMessage","project":"uk.gov.gchq.palisade:common","goal":"javadoc-no-fork","cause":null,"state":"SUCCESS"}
12:52:10.141 [INFO]   [Measuring]   deserializing line [DIFFBLUE]{"__type":"com.diffblue.cover.buildsystem.model.DefaultEventMessage","project":"uk.gov.gchq.palisade:common","goal":"aggregate-no-fork","cause":null,"state":"STARTED"}
12:52:10.141 [INFO]   [Measuring]   out: [INFO] 
12:52:10.141 [INFO]   [Measuring]   out: [INFO] --- javadoc:3.1.0:aggregate-no-fork (javadoc-compile) @ common ---
12:52:11.427 [INFO]   [Measuring]   deserializing line [DIFFBLUE]{"__type":"com.diffblue.cover.buildsystem.model.DefaultEventMessage","project":"uk.gov.gchq.palisade:common","goal":"aggregate-no-fork","cause":null,"state":"SUCCESS"}
12:52:11.428 [INFO]   [Measuring]   deserializing line [DIFFBLUE]{"__type":"com.diffblue.cover.buildsystem.model.DefaultEventMessage","project":"uk.gov.gchq.palisade:common","goal":"testResources","cause":null,"state":"STARTED"}
12:52:11.428 [INFO]   [Measuring]   out: [INFO] 
12:52:11.428 [INFO]   [Measuring]   out: [INFO] --- resources:3.3.1:testResources (default-testResources) @ common ---
12:52:11.430 [INFO]   [Measuring]   out: [INFO] skip non existing resourceDirectory /home/jbergqvist/diffblue/Palisade-common/src/test/resources
12:52:11.431 [INFO]   [Measuring]   deserializing line [DIFFBLUE]{"__type":"com.diffblue.cover.buildsystem.model.DefaultEventMessage","project":"uk.gov.gchq.palisade:common","goal":"testResources","cause":null,"state":"SUCCESS"}
12:52:11.431 [INFO]   [Measuring]   deserializing line [DIFFBLUE]{"__type":"com.diffblue.cover.buildsystem.model.DefaultEventMessage","project":"uk.gov.gchq.palisade:common","goal":"testCompile","cause":null,"state":"STARTED"}
12:52:11.432 [INFO]   [Measuring]   out: [INFO] 
12:52:11.432 [INFO]   [Measuring]   out: [INFO] --- compiler:3.8.0:testCompile (default-testCompile) @ common ---
12:52:11.438 [INFO]   [Measuring]   out: [INFO] Nothing to compile - all classes are up to date
12:52:11.440 [INFO]   [Measuring]   deserializing line [DIFFBLUE]{"__type":"com.diffblue.cover.buildsystem.model.DefaultEventMessage","project":"uk.gov.gchq.palisade:common","goal":"testCompile","cause":null,"state":"SUCCESS"}
12:52:11.441 [INFO]   [Measuring]   deserializing line [DIFFBLUE]{"__type":"com.diffblue.cover.buildsystem.model.DefaultEventMessage","project":"uk.gov.gchq.palisade:common","goal":"test","cause":null,"state":"STARTED"}
12:52:11.441 [INFO]   [Measuring]   out: [INFO] 
12:52:11.441 [INFO]   [Measuring]   out: [INFO] --- surefire:3.2.5:test (default-test) @ common ---
12:52:11.526 [INFO]   [Measuring]   deserializing line [DIFFBLUE]{"__type":"com.diffblue.cover.buildsystem.model.DefaultEventMessage","project":"uk.gov.gchq.palisade:common","goal":"test","cause":null,"state":"SUCCESS"}
12:52:11.527 [INFO]   [Measuring]   deserializing line [DIFFBLUE]{"__type":"com.diffblue.cover.buildsystem.model.DefaultEventMessage","project":"uk.gov.gchq.palisade:common","goal":"report","cause":null,"state":"STARTED"}
12:52:11.528 [INFO]   [Measuring]   out: [INFO] 
12:52:11.528 [INFO]   [Measuring]   out: [INFO] --- jacoco:0.8.5:report (default-cli) @ common ---
12:52:11.572 [INFO]   [Measuring]   out: [INFO] Loading execution data file /home/jbergqvist/diffblue/Palisade-common/target/jacoco.exec
12:52:11.627 [INFO]   [Measuring]   out: [INFO] Analyzed bundle 'GCHQ Palisade Common Library' with 25 classes
12:52:11.669 [INFO]   [Measuring]   deserializing line [DIFFBLUE]{"__type":"com.diffblue.cover.buildsystem.model.DefaultEventMessage","project":"uk.gov.gchq.palisade:common","goal":"report","cause":null,"state":"SUCCESS"}
12:52:11.690 [INFO]   [Measuring]   deserializing line [DIFFBLUE]{"__type":"com.diffblue.cover.buildsystem.model.DefaultProjectModuleMessage","project":{"__type":"DefaultProjectModule","junitReport":["/home/jbergqvist/diffblue/Palisade-common/target/surefire-reports"],"jacocoReport":["/home/jbergqvist/diffblue/Palisade-common/target/site/jacoco/jacoco.xml"],"jacocoDestFile":["${sonar.jacoco.reportPath}","/home/jbergqvist/diffblue/Palisade-common/target/jacoco.exec"],"jacocoFormats":["xml"],"jacocoSkipped":false,"classpath":["/home/jbergqvist/diffblue/Palisade-common/target/classes","/home/jbergqvist/.m2/repository/com/typesafe/akka/akka-stream_2.13/2.6.10/akka-stream_2.13-2.6.10.jar","/home/jbergqvist/.m2/repository/org/scala-lang/scala-library/2.13.3/scala-library-2.13.3.jar","/home/jbergqvist/.m2/repository/com/typesafe/akka/akka-actor_2.13/2.6.10/akka-actor_2.13-2.6.10.jar","/home/jbergqvist/.m2/repository/com/typesafe/config/1.4.0/config-1.4.0.jar","/home/jbergqvist/.m2/repository/org/scala-lang/modules/scala-java8-compat_2.13/0.9.0/scala-java8-compat_2.13-0.9.0.jar","/home/jbergqvist/.m2/repository/com/typesafe/akka/akka-protobuf-v3_2.13/2.6.10/akka-protobuf-v3_2.13-2.6.10.jar","/home/jbergqvist/.m2/repository/org/reactivestreams/reactive-streams/1.0.3/reactive-streams-1.0.3.jar","/home/jbergqvist/.m2/repository/com/typesafe/ssl-config-core_2.13/0.4.2/ssl-config-core_2.13-0.4.2.jar","/home/jbergqvist/.m2/repository/org/scala-lang/modules/scala-parser-combinators_2.13/1.1.2/scala-parser-combinators_2.13-1.1.2.jar","/home/jbergqvist/.m2/repository/org/junit/jupiter/junit-jupiter-engine/5.13.4/junit-jupiter-engine-5.13.4.jar","/home/jbergqvist/.m2/repository/org/junit/platform/junit-platform-engine/1.13.4/junit-platform-engine-1.13.4.jar","/home/jbergqvist/.m2/repository/org/opentest4j/opentest4j/1.3.0/opentest4j-1.3.0.jar","/home/jbergqvist/.m2/repository/org/junit/platform/junit-platform-commons/1.13.4/junit-platform-commons-1.13.4.jar","/home/jbergqvist/.m2/repository/org/junit/jupiter/junit-jupiter-api/5.13.4/junit-jupiter-api-5.13.4.jar","/home/jbergqvist/.m2/repository/org/apiguardian/apiguardian-api/1.1.2/apiguardian-api-1.1.2.jar","/home/jbergqvist/.m2/repository/org/mockito/mockito-core/5.20.0/mockito-core-5.20.0.jar","/home/jbergqvist/.m2/repository/net/bytebuddy/byte-buddy/1.17.7/byte-buddy-1.17.7.jar","/home/jbergqvist/.m2/repository/net/bytebuddy/byte-buddy-agent/1.17.7/byte-buddy-agent-1.17.7.jar","/home/jbergqvist/.m2/repository/org/objenesis/objenesis/3.3/objenesis-3.3.jar","/home/jbergqvist/.m2/repository/org/mockito/mockito-junit-jupiter/5.20.0/mockito-junit-jupiter-5.20.0.jar","/home/jbergqvist/.m2/repository/com/fasterxml/jackson/core/jackson-databind/2.11.0/jackson-databind-2.11.0.jar","/home/jbergqvist/.m2/repository/com/fasterxml/jackson/core/jackson-annotations/2.11.0/jackson-annotations-2.11.0.jar","/home/jbergqvist/.m2/repository/com/fasterxml/jackson/core/jackson-core/2.11.0/jackson-core-2.11.0.jar","/home/jbergqvist/.m2/repository/org/slf4j/slf4j-api/1.7.25/slf4j-api-1.7.25.jar","/home/jbergqvist/.m2/repository/com/diffblue/cover/cover-annotations/1.8.0/cover-annotations-1.8.0.jar"],"complianceLevel":"11","productionSources":["/home/jbergqvist/diffblue/Palisade-common/src/main/java"],"testSources":["/home/jbergqvist/diffblue/Palisade-common/src/test/java"],"productionClasses":"/home/jbergqvist/diffblue/Palisade-common/target/classes","testClasses":"/home/jbergqvist/diffblue/Palisade-common/target/test-classes","sourceToBuildPathMap":null,"testSourceToBuildPathMap":null,"buildDirectory":"/home/jbergqvist/diffblue/Palisade-common/target","plugins":[{"__type":"DefaultPlugin","groupId":"org.apache.maven.plugins","artefactId":"maven-compiler-plugin","version":"3.8.0","pluginClassName":null},{"__type":"DefaultPlugin","groupId":"org.apache.maven.plugins","artefactId":"maven-javadoc-plugin","version":"3.1.0","pluginClassName":null},{"__type":"DefaultPlugin","groupId":"org.apache.maven.plugins","artefactId":"maven-dependency-plugin","version":"3.1.2","pluginClassName":null},{"__type":"DefaultPlugin","groupId":"org.codehaus.mojo","artefactId":"flatten-maven-plugin","version":"1.1.0","pluginClassName":null},{"__type":"DefaultPlugin","groupId":"org.codehaus.mojo","artefactId":"license-maven-plugin","version":"2.0.0","pluginClassName":null},{"__type":"DefaultPlugin","groupId":"org.jacoco","artefactId":"jacoco-maven-plugin","version":"0.8.5","pluginClassName":null},{"__type":"DefaultPlugin","groupId":"org.apache.maven.plugins","artefactId":"maven-checkstyle-plugin","version":"3.1.0","pluginClassName":null},{"__type":"DefaultPlugin","groupId":"org.apache.maven.plugins","artefactId":"maven-clean-plugin","version":"3.2.0","pluginClassName":null},{"__type":"DefaultPlugin","groupId":"org.apache.maven.plugins","artefactId":"maven-resources-plugin","version":"3.3.1","pluginClassName":null},{"__type":"DefaultPlugin","groupId":"org.apache.maven.plugins","artefactId":"maven-jar-plugin","version":"3.4.1","pluginClassName":null},{"__type":"DefaultPlugin","groupId":"org.apache.maven.plugins","artefactId":"maven-surefire-plugin","version":"3.2.5","pluginClassName":null},{"__type":"DefaultPlugin","groupId":"org.apache.maven.plugins","artefactId":"maven-install-plugin","version":"3.1.2","pluginClassName":null},{"__type":"DefaultPlugin","groupId":"org.apache.maven.plugins","artefactId":"maven-deploy-plugin","version":"3.1.2","pluginClassName":null},{"__type":"DefaultPlugin","groupId":"org.apache.maven.plugins","artefactId":"maven-site-plugin","version":"3.12.1","pluginClassName":null}],"version":"3.9.12","encoding":"UTF-8","name":"maven","subModules":[],"simpleModuleName":null,"parentModuleName":null,"location":"/home/jbergqvist/diffblue/Palisade-common","fullModuleName":"uk.gov.gchq.palisade:common"}}
12:52:11.693 [INFO]   [Measuring]   out: [INFO] ------------------------------------------------------------------------
12:52:11.693 [INFO]   [Measuring]   out: [INFO] BUILD SUCCESS
12:52:11.693 [INFO]   [Measuring]   out: [INFO] ------------------------------------------------------------------------
12:52:11.693 [INFO]   [Measuring]   out: [INFO] Total time:  4.552 s
12:52:11.693 [INFO]   [Measuring]   out: [INFO] Finished at: 2026-01-12T12:52:11Z
12:52:11.693 [INFO]   [Measuring]   out: [INFO] ------------------------------------------------------------------------
12:52:11.695 [INFO]   [Measuring]   deserializing line [DIFFBLUE]{"__type":"com.diffblue.cover.buildsystem.model.ProjectInfoMessage","projectName":"uk.gov.gchq.palisade:common","productionSources":["/home/jbergqvist/diffblue/Palisade-common/src/main/java","/home/jbergqvist/diffblue/Palisade-common/target/generated-sources/annotations"],"testSources":["/home/jbergqvist/diffblue/Palisade-common/src/test/java","/home/jbergqvist/diffblue/Palisade-common/target/generated-test-sources/test-annotations"],"location":"/home/jbergqvist/diffblue/Palisade-common"}
12:52:11.736 [INFO]   [Measuring]   maven:err process not stopped, joining thread
12:52:11.736 [INFO]   [Measuring]   maven:out process not stopped, joining thread
12:52:11.737 [INFO]   [Measuring]   JaCoCo report file created in /home/jbergqvist/diffblue/Palisade-common/.diffblue/reports/manual-tests-jacoco-report.xml
12:52:11.741 [INFO]   [Measuring]   
12:52:11.746 [INFO]   [Measuring]   Diffblue tests cover 104 of 232 lines to cover (44.8%)
12:52:11.749 [INFO]   [Measuring]   Manual tests cover 0 of 232 lines to cover (0.0%)
12:52:11.857 [INFO]   [Reporting]   Writing JSON report to /home/jbergqvist/diffblue/Palisade-common/.diffblue/reports/report.json
12:52:11.962 [INFO]   [Reporting]   
12:52:11.962 [INFO]   [Reporting]   Log file: /home/jbergqvist/diffblue/Palisade-common/.diffblue/log/user-20260112T125010.log
12:52:11.962 [INFO]   [Reporting]   Finished in 1m 55s
